L1,L1 Slug,L2 #,L2,L2 Slug,L3 #,L3,L3 Slug,L4 #,L4 Group,L4 Type,L4 Slug
Artificial Intelligence & ML,artificial-intelligence-ml,1,AI Assistants & Chatbots,ai-assistants-chatbots,1,All-Purpose AI Chat Companions,all-purpose-ai-chat-companions,1,Vehicle AI,Vehicle Diagnostics AI,vehicle-ai-vehicle-diagnostics-ai
Artificial Intelligence & ML,artificial-intelligence-ml,1,AI Assistants & Chatbots,ai-assistants-chatbots,1,All-Purpose AI Chat Companions,all-purpose-ai-chat-companions,2,Vehicle AI,EV Battery AI,vehicle-ai-ev-battery-ai
Artificial Intelligence & ML,artificial-intelligence-ml,1,AI Assistants & Chatbots,ai-assistants-chatbots,1,All-Purpose AI Chat Companions,all-purpose-ai-chat-companions,3,Vehicle AI,Parking AI,vehicle-ai-parking-ai
Artificial Intelligence & ML,artificial-intelligence-ml,1,AI Assistants & Chatbots,ai-assistants-chatbots,1,All-Purpose AI Chat Companions,all-purpose-ai-chat-companions,4,Vehicle AI,Dealership AI,vehicle-ai-dealership-ai
Artificial Intelligence & ML,artificial-intelligence-ml,1,AI Assistants & Chatbots,ai-assistants-chatbots,1,All-Purpose AI Chat Companions,all-purpose-ai-chat-companions,5,DevOps AI,Alert Correlation AI,devops-ai-alert-correlation-ai
Artificial Intelligence & ML,artificial-intelligence-ml,1,AI Assistants & Chatbots,ai-assistants-chatbots,1,All-Purpose AI Chat Companions,all-purpose-ai-chat-companions,6,DevOps AI,Chaos Engineering AI,devops-ai-chaos-engineering-ai
Artificial Intelligence & ML,artificial-intelligence-ml,1,AI Assistants & Chatbots,ai-assistants-chatbots,1,All-Purpose AI Chat Companions,all-purpose-ai-chat-companions,7,Character Chat AI,Fantasy Character Chat,character-chat-ai-fantasy-character-chat
Artificial Intelligence & ML,artificial-intelligence-ml,1,AI Assistants & Chatbots,ai-assistants-chatbots,1,All-Purpose AI Chat Companions,all-purpose-ai-chat-companions,8,Character Chat AI,Historical Figure Chat,character-chat-ai-historical-figure-chat
Artificial Intelligence & ML,artificial-intelligence-ml,1,AI Assistants & Chatbots,ai-assistants-chatbots,1,All-Purpose AI Chat Companions,all-purpose-ai-chat-companions,9,Character Chat AI,Custom Character Creator,character-chat-ai-custom-character-creator
Artificial Intelligence & ML,artificial-intelligence-ml,1,AI Assistants & Chatbots,ai-assistants-chatbots,1,All-Purpose AI Chat Companions,all-purpose-ai-chat-companions,10,Character Chat AI,Story-Driven Roleplay,character-chat-ai-story-driven-roleplay
Artificial Intelligence & ML,artificial-intelligence-ml,1,AI Assistants & Chatbots,ai-assistants-chatbots,1,All-Purpose AI Chat Companions,all-purpose-ai-chat-companions,11,Character Chat AI,Interactive Fiction AI,character-chat-ai-interactive-fiction-ai
Artificial Intelligence & ML,artificial-intelligence-ml,1,AI Assistants & Chatbots,ai-assistants-chatbots,1,All-Purpose AI Chat Companions,all-purpose-ai-chat-companions,12,Character Chat AI,AI Dungeon Master,character-chat-ai-ai-dungeon-master
Artificial Intelligence & ML,artificial-intelligence-ml,1,AI Assistants & Chatbots,ai-assistants-chatbots,1,All-Purpose AI Chat Companions,all-purpose-ai-chat-companions,13,Character Chat AI,Visual Novel AI,character-chat-ai-visual-novel-ai
Artificial Intelligence & ML,artificial-intelligence-ml,1,AI Assistants & Chatbots,ai-assistants-chatbots,1,All-Purpose AI Chat Companions,all-purpose-ai-chat-companions,14,Character Chat AI,CYOA Story AI,character-chat-ai-cyoa-story-ai
Artificial Intelligence & ML,artificial-intelligence-ml,1,AI Assistants & Chatbots,ai-assistants-chatbots,1,All-Purpose AI Chat Companions,all-purpose-ai-chat-companions,15,AI Personas,Celebrity Persona Chat,ai-personas-celebrity-persona-chat
Artificial Intelligence & ML,artificial-intelligence-ml,1,AI Assistants & Chatbots,ai-assistants-chatbots,1,All-Purpose AI Chat Companions,all-purpose-ai-chat-companions,16,AI Personas,Professional Mentor AI,ai-personas-professional-mentor-ai
Artificial Intelligence & ML,artificial-intelligence-ml,1,AI Assistants & Chatbots,ai-assistants-chatbots,1,All-Purpose AI Chat Companions,all-purpose-ai-chat-companions,17,AI Personas,Debate Partner AI,ai-personas-debate-partner-ai
Artificial Intelligence & ML,artificial-intelligence-ml,1,AI Assistants & Chatbots,ai-assistants-chatbots,1,All-Purpose AI Chat Companions,all-purpose-ai-chat-companions,18,AI Personas,AI Pen Pal,ai-personas-ai-pen-pal
Artificial Intelligence & ML,artificial-intelligence-ml,1,AI Assistants & Chatbots,ai-assistants-chatbots,1,All-Purpose AI Chat Companions,all-purpose-ai-chat-companions,19,AI Personas,AI Storyteller,ai-personas-ai-storyteller
Artificial Intelligence & ML,artificial-intelligence-ml,1,AI Assistants & Chatbots,ai-assistants-chatbots,1,All-Purpose AI Chat Companions,all-purpose-ai-chat-companions,20,AI Personas,Comedy Improv AI,ai-personas-comedy-improv-ai
Artificial Intelligence & ML,artificial-intelligence-ml,1,AI Assistants & Chatbots,ai-assistants-chatbots,1,All-Purpose AI Chat Companions,all-purpose-ai-chat-companions,21,Mystical & Spiritual AI,Affirmation Generator,mystical-spiritual-ai-affirmation-generator
Artificial Intelligence & ML,artificial-intelligence-ml,1,AI Assistants & Chatbots,ai-assistants-chatbots,1,All-Purpose AI Chat Companions,all-purpose-ai-chat-companions,22,Mystical & Spiritual AI,Feng Shui Advisor AI,mystical-spiritual-ai-feng-shui-advisor-ai
Artificial Intelligence & ML,artificial-intelligence-ml,1,AI Assistants & Chatbots,ai-assistants-chatbots,1,All-Purpose AI Chat Companions,all-purpose-ai-chat-companions,23,Garden AI,Plant Identifier AI,garden-ai-plant-identifier-ai
Artificial Intelligence & ML,artificial-intelligence-ml,1,AI Assistants & Chatbots,ai-assistants-chatbots,1,All-Purpose AI Chat Companions,all-purpose-ai-chat-companions,24,Garden AI,Companion Planting AI,garden-ai-companion-planting-ai
Artificial Intelligence & ML,artificial-intelligence-ml,1,AI Assistants & Chatbots,ai-assistants-chatbots,1,All-Purpose AI Chat Companions,all-purpose-ai-chat-companions,25,Garden AI,Harvest Predictor,garden-ai-harvest-predictor
Artificial Intelligence & ML,artificial-intelligence-ml,1,AI Assistants & Chatbots,ai-assistants-chatbots,1,All-Purpose AI Chat Companions,all-purpose-ai-chat-companions,26,Garden AI,Indoor Plant Advisor,garden-ai-indoor-plant-advisor
Artificial Intelligence & ML,artificial-intelligence-ml,1,AI Assistants & Chatbots,ai-assistants-chatbots,1,All-Purpose AI Chat Companions,all-purpose-ai-chat-companions,27,Garden AI,Herb Garden AI,garden-ai-herb-garden-ai
Artificial Intelligence & ML,artificial-intelligence-ml,1,AI Assistants & Chatbots,ai-assistants-chatbots,2,Reasoning-Heavy Chat Models,reasoning-heavy-chat-models,,,,
Artificial Intelligence & ML,artificial-intelligence-ml,1,AI Assistants & Chatbots,ai-assistants-chatbots,3,Multimodal Chat Interfaces,multimodal-chat-interfaces,,,,
Artificial Intelligence & ML,artificial-intelligence-ml,1,AI Assistants & Chatbots,ai-assistants-chatbots,4,Free Open-Access Chatbots,free-open-access-chatbots,,,,
Artificial Intelligence & ML,artificial-intelligence-ml,1,AI Assistants & Chatbots,ai-assistants-chatbots,5,Privacy-First Chat Apps,privacy-first-chat-apps,1,Privacy-Preserving AI,Federated Learning,privacy-preserving-ai-federated-learning
Artificial Intelligence & ML,artificial-intelligence-ml,1,AI Assistants & Chatbots,ai-assistants-chatbots,5,Privacy-First Chat Apps,privacy-first-chat-apps,2,Privacy-Preserving AI,Differential Privacy,privacy-preserving-ai-differential-privacy
Artificial Intelligence & ML,artificial-intelligence-ml,1,AI Assistants & Chatbots,ai-assistants-chatbots,5,Privacy-First Chat Apps,privacy-first-chat-apps,3,Privacy-Preserving AI,Synthetic Data Generation,privacy-preserving-ai-synthetic-data-generation
Artificial Intelligence & ML,artificial-intelligence-ml,1,AI Assistants & Chatbots,ai-assistants-chatbots,5,Privacy-First Chat Apps,privacy-first-chat-apps,4,Privacy-Preserving AI,PII Detection,privacy-preserving-ai-pii-detection
Artificial Intelligence & ML,artificial-intelligence-ml,1,AI Assistants & Chatbots,ai-assistants-chatbots,5,Privacy-First Chat Apps,privacy-first-chat-apps,5,Privacy-Preserving AI,Consent Management AI,privacy-preserving-ai-consent-management-ai
Artificial Intelligence & ML,artificial-intelligence-ml,1,AI Assistants & Chatbots,ai-assistants-chatbots,5,Privacy-First Chat Apps,privacy-first-chat-apps,6,Privacy-Preserving AI,Privacy by Design Tools,privacy-preserving-ai-privacy-by-design-tools
Artificial Intelligence & ML,artificial-intelligence-ml,1,AI Assistants & Chatbots,ai-assistants-chatbots,5,Privacy-First Chat Apps,privacy-first-chat-apps,7,Privacy-Preserving AI,Data Minimization,privacy-preserving-ai-data-minimization
Artificial Intelligence & ML,artificial-intelligence-ml,1,AI Assistants & Chatbots,ai-assistants-chatbots,5,Privacy-First Chat Apps,privacy-first-chat-apps,8,Privacy-Preserving AI,Right to Erasure Tools,privacy-preserving-ai-right-to-erasure-tools
Artificial Intelligence & ML,artificial-intelligence-ml,1,AI Assistants & Chatbots,ai-assistants-chatbots,5,Privacy-First Chat Apps,privacy-first-chat-apps,9,Privacy-Preserving AI,Cross-Border Data AI,privacy-preserving-ai-cross-border-data-ai
Artificial Intelligence & ML,artificial-intelligence-ml,1,AI Assistants & Chatbots,ai-assistants-chatbots,5,Privacy-First Chat Apps,privacy-first-chat-apps,10,Browsing AI,AI Privacy Shield Extension,browsing-ai-ai-privacy-shield-extension
Artificial Intelligence & ML,artificial-intelligence-ml,1,AI Assistants & Chatbots,ai-assistants-chatbots,6,On-Device Chat Assistants,on-device-chat-assistants,1,Mobile AI Assistants,On-Device AI Chat,mobile-ai-assistants-on-device-ai-chat
Artificial Intelligence & ML,artificial-intelligence-ml,1,AI Assistants & Chatbots,ai-assistants-chatbots,6,On-Device Chat Assistants,on-device-chat-assistants,2,Mobile AI Assistants,Offline AI Tools,mobile-ai-assistants-offline-ai-tools
Artificial Intelligence & ML,artificial-intelligence-ml,1,AI Assistants & Chatbots,ai-assistants-chatbots,6,On-Device Chat Assistants,on-device-chat-assistants,3,Mobile AI Assistants,AI Camera Apps,mobile-ai-assistants-ai-camera-apps
Artificial Intelligence & ML,artificial-intelligence-ml,1,AI Assistants & Chatbots,ai-assistants-chatbots,6,On-Device Chat Assistants,on-device-chat-assistants,4,Mobile AI Assistants,AI Keyboard Mobile,mobile-ai-assistants-ai-keyboard-mobile
Artificial Intelligence & ML,artificial-intelligence-ml,1,AI Assistants & Chatbots,ai-assistants-chatbots,6,On-Device Chat Assistants,on-device-chat-assistants,5,Mobile AI Assistants,AI Launcher,mobile-ai-assistants-ai-launcher
Artificial Intelligence & ML,artificial-intelligence-ml,1,AI Assistants & Chatbots,ai-assistants-chatbots,6,On-Device Chat Assistants,on-device-chat-assistants,6,Mobile AI Assistants,AI Widget Builder,mobile-ai-assistants-ai-widget-builder
Artificial Intelligence & ML,artificial-intelligence-ml,1,AI Assistants & Chatbots,ai-assistants-chatbots,6,On-Device Chat Assistants,on-device-chat-assistants,7,Mobile AI Assistants,AI Notification Manager,mobile-ai-assistants-ai-notification-manager
Artificial Intelligence & ML,artificial-intelligence-ml,1,AI Assistants & Chatbots,ai-assistants-chatbots,6,On-Device Chat Assistants,on-device-chat-assistants,8,Mobile AI Assistants,AI Battery Optimizer,mobile-ai-assistants-ai-battery-optimizer
Artificial Intelligence & ML,artificial-intelligence-ml,1,AI Assistants & Chatbots,ai-assistants-chatbots,6,On-Device Chat Assistants,on-device-chat-assistants,9,Mobile AI Assistants,AI Storage Cleaner,mobile-ai-assistants-ai-storage-cleaner
Artificial Intelligence & ML,artificial-intelligence-ml,1,AI Assistants & Chatbots,ai-assistants-chatbots,6,On-Device Chat Assistants,on-device-chat-assistants,10,Mobile AI Assistants,AI Call Screener,mobile-ai-assistants-ai-call-screener
Artificial Intelligence & ML,artificial-intelligence-ml,1,AI Assistants & Chatbots,ai-assistants-chatbots,7,Multilingual Chat Interfaces,multilingual-chat-interfaces,,,,
Artificial Intelligence & ML,artificial-intelligence-ml,1,AI Assistants & Chatbots,ai-assistants-chatbots,8,Children-Safe Chat Apps,children-safe-chat-apps,,,,
Artificial Intelligence & ML,artificial-intelligence-ml,1,AI Assistants & Chatbots,ai-assistants-chatbots,9,Senior-Friendly Chat Apps,senior-friendly-chat-apps,,,,
Artificial Intelligence & ML,artificial-intelligence-ml,1,AI Assistants & Chatbots,ai-assistants-chatbots,10,Chatbots for WhatsApp Business,chatbots-for-whatsapp-business,1,Business Writing,Business Plan Writers,business-writing-business-plan-writers
Artificial Intelligence & ML,artificial-intelligence-ml,1,AI Assistants & Chatbots,ai-assistants-chatbots,10,Chatbots for WhatsApp Business,chatbots-for-whatsapp-business,2,Business Writing,Pitch Deck Copy,business-writing-pitch-deck-copy
Artificial Intelligence & ML,artificial-intelligence-ml,1,AI Assistants & Chatbots,ai-assistants-chatbots,10,Chatbots for WhatsApp Business,chatbots-for-whatsapp-business,3,Business Writing,Investor Update Writers,business-writing-investor-update-writers
Artificial Intelligence & ML,artificial-intelligence-ml,1,AI Assistants & Chatbots,ai-assistants-chatbots,10,Chatbots for WhatsApp Business,chatbots-for-whatsapp-business,4,Business Writing,SOW & Proposal Writers,business-writing-sow-proposal-writers
Artificial Intelligence & ML,artificial-intelligence-ml,1,AI Assistants & Chatbots,ai-assistants-chatbots,10,Chatbots for WhatsApp Business,chatbots-for-whatsapp-business,5,Business Writing,SOP Generators,business-writing-sop-generators
Artificial Intelligence & ML,artificial-intelligence-ml,1,AI Assistants & Chatbots,ai-assistants-chatbots,10,Chatbots for WhatsApp Business,chatbots-for-whatsapp-business,6,Business Writing,Performance Review AI,business-writing-performance-review-ai
Artificial Intelligence & ML,artificial-intelligence-ml,1,AI Assistants & Chatbots,ai-assistants-chatbots,10,Chatbots for WhatsApp Business,chatbots-for-whatsapp-business,7,Business Writing,Company Handbook Writers,business-writing-company-handbook-writers
Artificial Intelligence & ML,artificial-intelligence-ml,1,AI Assistants & Chatbots,ai-assistants-chatbots,11,Chatbots for Telegram Channels,chatbots-for-telegram-channels,,,,
Artificial Intelligence & ML,artificial-intelligence-ml,1,AI Assistants & Chatbots,ai-assistants-chatbots,12,Chatbots for Discord Servers,chatbots-for-discord-servers,,,,
Artificial Intelligence & ML,artificial-intelligence-ml,1,AI Assistants & Chatbots,ai-assistants-chatbots,13,Chatbots for Slack Workspaces,chatbots-for-slack-workspaces,,,,
Artificial Intelligence & ML,artificial-intelligence-ml,1,AI Assistants & Chatbots,ai-assistants-chatbots,14,Chatbots for Microsoft Teams,chatbots-for-microsoft-teams,,,,
Artificial Intelligence & ML,artificial-intelligence-ml,1,AI Assistants & Chatbots,ai-assistants-chatbots,15,Chatbots for SMS Texting,chatbots-for-sms-texting,,,,
Artificial Intelligence & ML,artificial-intelligence-ml,1,AI Assistants & Chatbots,ai-assistants-chatbots,16,Chatbots for iMessage,chatbots-for-imessage,,,,
Artificial Intelligence & ML,artificial-intelligence-ml,1,AI Assistants & Chatbots,ai-assistants-chatbots,17,Chatbots for Email Threads,chatbots-for-email-threads,,,,
Artificial Intelligence & ML,artificial-intelligence-ml,1,AI Assistants & Chatbots,ai-assistants-chatbots,18,Chatbots for Website Embeds,chatbots-for-website-embeds,,,,
Artificial Intelligence & ML,artificial-intelligence-ml,1,AI Assistants & Chatbots,ai-assistants-chatbots,19,Drag-and-Drop Bot Builders,drag-and-drop-bot-builders,1,Visual AI Builders,Drag-and-Drop ML,visual-ai-builders-drag-and-drop-ml
Artificial Intelligence & ML,artificial-intelligence-ml,1,AI Assistants & Chatbots,ai-assistants-chatbots,20,Visual Flow Bot Designers,visual-flow-bot-designers,1,AI QA Tools,Visual Testing AI,ai-qa-tools-visual-testing-ai
Artificial Intelligence & ML,artificial-intelligence-ml,1,AI Assistants & Chatbots,ai-assistants-chatbots,21,Knowledge-Grounded Q&A Bots,knowledge-grounded-qa-bots,1,AI Knowledge Base Bots,Document Q&A Bots,ai-knowledge-base-bots-document-q-a-bots
Artificial Intelligence & ML,artificial-intelligence-ml,1,AI Assistants & Chatbots,ai-assistants-chatbots,21,Knowledge-Grounded Q&A Bots,knowledge-grounded-qa-bots,2,AI Knowledge Base Bots,PDF Chat Bots,ai-knowledge-base-bots-pdf-chat-bots
Artificial Intelligence & ML,artificial-intelligence-ml,1,AI Assistants & Chatbots,ai-assistants-chatbots,21,Knowledge-Grounded Q&A Bots,knowledge-grounded-qa-bots,3,AI Knowledge Base Bots,Website Chat Widgets,ai-knowledge-base-bots-website-chat-widgets
Artificial Intelligence & ML,artificial-intelligence-ml,1,AI Assistants & Chatbots,ai-assistants-chatbots,21,Knowledge-Grounded Q&A Bots,knowledge-grounded-qa-bots,4,AI Knowledge Base Bots,Internal Wiki Bots,ai-knowledge-base-bots-internal-wiki-bots
Artificial Intelligence & ML,artificial-intelligence-ml,1,AI Assistants & Chatbots,ai-assistants-chatbots,21,Knowledge-Grounded Q&A Bots,knowledge-grounded-qa-bots,5,AI Knowledge Base Bots,Legal Document Bots,ai-knowledge-base-bots-legal-document-bots
Artificial Intelligence & ML,artificial-intelligence-ml,1,AI Assistants & Chatbots,ai-assistants-chatbots,21,Knowledge-Grounded Q&A Bots,knowledge-grounded-qa-bots,6,AI Knowledge Base Bots,Medical Knowledge Bots,ai-knowledge-base-bots-medical-knowledge-bots
Artificial Intelligence & ML,artificial-intelligence-ml,1,AI Assistants & Chatbots,ai-assistants-chatbots,21,Knowledge-Grounded Q&A Bots,knowledge-grounded-qa-bots,7,AI Knowledge Base Bots,Technical Support Bots,ai-knowledge-base-bots-technical-support-bots
Artificial Intelligence & ML,artificial-intelligence-ml,1,AI Assistants & Chatbots,ai-assistants-chatbots,21,Knowledge-Grounded Q&A Bots,knowledge-grounded-qa-bots,8,AI Knowledge Base Bots,Training Material Bots,ai-knowledge-base-bots-training-material-bots
Artificial Intelligence & ML,artificial-intelligence-ml,1,AI Assistants & Chatbots,ai-assistants-chatbots,21,Knowledge-Grounded Q&A Bots,knowledge-grounded-qa-bots,9,AI Knowledge Base Bots,Policy Compliance Bots,ai-knowledge-base-bots-policy-compliance-bots
Artificial Intelligence & ML,artificial-intelligence-ml,1,AI Assistants & Chatbots,ai-assistants-chatbots,21,Knowledge-Grounded Q&A Bots,knowledge-grounded-qa-bots,10,AI Knowledge Base Bots,Research Paper Bots,ai-knowledge-base-bots-research-paper-bots
Artificial Intelligence & ML,artificial-intelligence-ml,1,AI Assistants & Chatbots,ai-assistants-chatbots,21,Knowledge-Grounded Q&A Bots,knowledge-grounded-qa-bots,11,Multi-Channel Bots,SMS Chatbots,multi-channel-bots-sms-chatbots
Artificial Intelligence & ML,artificial-intelligence-ml,1,AI Assistants & Chatbots,ai-assistants-chatbots,22,FAQ Auto-Reply Bots,faq-auto-reply-bots,1,DevOps AI,Auto-Scaling AI,devops-ai-auto-scaling-ai
Artificial Intelligence & ML,artificial-intelligence-ml,1,AI Assistants & Chatbots,ai-assistants-chatbots,22,FAQ Auto-Reply Bots,faq-auto-reply-bots,2,Browsing AI,AI Auto-Fill,browsing-ai-ai-auto-fill
Artificial Intelligence & ML,artificial-intelligence-ml,1,AI Assistants & Chatbots,ai-assistants-chatbots,23,Lead-Capture Web Bots,lead-capture-web-bots,1,Browsing AI,AI Web Clipper,browsing-ai-ai-web-clipper
Artificial Intelligence & ML,artificial-intelligence-ml,1,AI Assistants & Chatbots,ai-assistants-chatbots,23,Lead-Capture Web Bots,lead-capture-web-bots,2,Web Data AI,Lead Scraper AI,web-data-ai-lead-scraper-ai
Artificial Intelligence & ML,artificial-intelligence-ml,1,AI Assistants & Chatbots,ai-assistants-chatbots,24,Appointment-Booking Bots,appointment-booking-bots,,,,
Artificial Intelligence & ML,artificial-intelligence-ml,1,AI Assistants & Chatbots,ai-assistants-chatbots,25,Order-Taking Bots for Restaurants,order-taking-bots-for-restaurants,,,,
Artificial Intelligence & ML,artificial-intelligence-ml,1,AI Assistants & Chatbots,ai-assistants-chatbots,26,Healthcare Intake Bots,healthcare-intake-bots,1,Healthcare Operations,Hospital Scheduling AI,healthcare-operations-hospital-scheduling-ai
Artificial Intelligence & ML,artificial-intelligence-ml,1,AI Assistants & Chatbots,ai-assistants-chatbots,26,Healthcare Intake Bots,healthcare-intake-bots,2,Healthcare Operations,Patient Flow AI,healthcare-operations-patient-flow-ai
Artificial Intelligence & ML,artificial-intelligence-ml,1,AI Assistants & Chatbots,ai-assistants-chatbots,26,Healthcare Intake Bots,healthcare-intake-bots,3,Healthcare Operations,Billing & Coding AI,healthcare-operations-billing-coding-ai
Artificial Intelligence & ML,artificial-intelligence-ml,1,AI Assistants & Chatbots,ai-assistants-chatbots,26,Healthcare Intake Bots,healthcare-intake-bots,4,Healthcare Operations,Claims Processing AI,healthcare-operations-claims-processing-ai
Artificial Intelligence & ML,artificial-intelligence-ml,1,AI Assistants & Chatbots,ai-assistants-chatbots,26,Healthcare Intake Bots,healthcare-intake-bots,5,Healthcare Operations,Population Health AI,healthcare-operations-population-health-ai
Artificial Intelligence & ML,artificial-intelligence-ml,1,AI Assistants & Chatbots,ai-assistants-chatbots,26,Healthcare Intake Bots,healthcare-intake-bots,6,Healthcare Operations,Care Coordination AI,healthcare-operations-care-coordination-ai
Artificial Intelligence & ML,artificial-intelligence-ml,1,AI Assistants & Chatbots,ai-assistants-chatbots,26,Healthcare Intake Bots,healthcare-intake-bots,7,Healthcare Operations,Telehealth AI,healthcare-operations-telehealth-ai
Artificial Intelligence & ML,artificial-intelligence-ml,1,AI Assistants & Chatbots,ai-assistants-chatbots,26,Healthcare Intake Bots,healthcare-intake-bots,8,Healthcare Operations,Nursing AI,healthcare-operations-nursing-ai
Artificial Intelligence & ML,artificial-intelligence-ml,1,AI Assistants & Chatbots,ai-assistants-chatbots,26,Healthcare Intake Bots,healthcare-intake-bots,9,Healthcare Operations,Pharmacy AI,healthcare-operations-pharmacy-ai
Artificial Intelligence & ML,artificial-intelligence-ml,1,AI Assistants & Chatbots,ai-assistants-chatbots,27,Insurance Quote Bots,insurance-quote-bots,1,Vehicle AI,Insurance Telematics,vehicle-ai-insurance-telematics
Artificial Intelligence & ML,artificial-intelligence-ml,1,AI Assistants & Chatbots,ai-assistants-chatbots,27,Insurance Quote Bots,insurance-quote-bots,2,Insurance AI,Policy Pricing AI,insurance-ai-policy-pricing-ai
Artificial Intelligence & ML,artificial-intelligence-ml,1,AI Assistants & Chatbots,ai-assistants-chatbots,27,Insurance Quote Bots,insurance-quote-bots,3,Insurance AI,Fraud Detection Insurance,insurance-ai-fraud-detection-insurance
Artificial Intelligence & ML,artificial-intelligence-ml,1,AI Assistants & Chatbots,ai-assistants-chatbots,27,Insurance Quote Bots,insurance-quote-bots,4,Insurance AI,Risk Assessment Insurance,insurance-ai-risk-assessment-insurance
Artificial Intelligence & ML,artificial-intelligence-ml,1,AI Assistants & Chatbots,ai-assistants-chatbots,27,Insurance Quote Bots,insurance-quote-bots,5,Insurance AI,Customer Retention Insurance,insurance-ai-customer-retention-insurance
Artificial Intelligence & ML,artificial-intelligence-ml,1,AI Assistants & Chatbots,ai-assistants-chatbots,27,Insurance Quote Bots,insurance-quote-bots,6,Insurance AI,Policy Recommendation,insurance-ai-policy-recommendation
Artificial Intelligence & ML,artificial-intelligence-ml,1,AI Assistants & Chatbots,ai-assistants-chatbots,27,Insurance Quote Bots,insurance-quote-bots,7,Insurance AI,Damage Assessment AI,insurance-ai-damage-assessment-ai
Artificial Intelligence & ML,artificial-intelligence-ml,1,AI Assistants & Chatbots,ai-assistants-chatbots,27,Insurance Quote Bots,insurance-quote-bots,8,Insurance AI,Compliance Insurance AI,insurance-ai-compliance-insurance-ai
Artificial Intelligence & ML,artificial-intelligence-ml,1,AI Assistants & Chatbots,ai-assistants-chatbots,28,Banking Inquiry Bots,banking-inquiry-bots,1,Banking AI,Fraud Detection,banking-ai-fraud-detection
Artificial Intelligence & ML,artificial-intelligence-ml,1,AI Assistants & Chatbots,ai-assistants-chatbots,28,Banking Inquiry Bots,banking-inquiry-bots,2,Banking AI,Credit Scoring AI,banking-ai-credit-scoring-ai
Artificial Intelligence & ML,artificial-intelligence-ml,1,AI Assistants & Chatbots,ai-assistants-chatbots,28,Banking Inquiry Bots,banking-inquiry-bots,3,Banking AI,KYC/AML AI,banking-ai-kyc-aml-ai
Artificial Intelligence & ML,artificial-intelligence-ml,1,AI Assistants & Chatbots,ai-assistants-chatbots,28,Banking Inquiry Bots,banking-inquiry-bots,4,Banking AI,Robo-Advisory,banking-ai-robo-advisory
Artificial Intelligence & ML,artificial-intelligence-ml,1,AI Assistants & Chatbots,ai-assistants-chatbots,28,Banking Inquiry Bots,banking-inquiry-bots,5,Banking AI,Chatbot Banking,banking-ai-chatbot-banking
Artificial Intelligence & ML,artificial-intelligence-ml,1,AI Assistants & Chatbots,ai-assistants-chatbots,28,Banking Inquiry Bots,banking-inquiry-bots,6,Banking AI,Loan Underwriting AI,banking-ai-loan-underwriting-ai
Artificial Intelligence & ML,artificial-intelligence-ml,1,AI Assistants & Chatbots,ai-assistants-chatbots,28,Banking Inquiry Bots,banking-inquiry-bots,7,Banking AI,Collections AI,banking-ai-collections-ai
Artificial Intelligence & ML,artificial-intelligence-ml,1,AI Assistants & Chatbots,ai-assistants-chatbots,28,Banking Inquiry Bots,banking-inquiry-bots,8,Banking AI,Wealth Management AI,banking-ai-wealth-management-ai
Artificial Intelligence & ML,artificial-intelligence-ml,1,AI Assistants & Chatbots,ai-assistants-chatbots,28,Banking Inquiry Bots,banking-inquiry-bots,9,Banking AI,Insurance Underwriting,banking-ai-insurance-underwriting
Artificial Intelligence & ML,artificial-intelligence-ml,1,AI Assistants & Chatbots,ai-assistants-chatbots,28,Banking Inquiry Bots,banking-inquiry-bots,10,Banking AI,Claims Processing AI,banking-ai-claims-processing-ai
Artificial Intelligence & ML,artificial-intelligence-ml,1,AI Assistants & Chatbots,ai-assistants-chatbots,29,Real Estate Inquiry Bots,real-estate-inquiry-bots,1,Investment AI,Real Estate Valuation AI,investment-ai-real-estate-valuation-ai
Artificial Intelligence & ML,artificial-intelligence-ml,1,AI Assistants & Chatbots,ai-assistants-chatbots,30,Education Q&A Bots,education-qa-bots,1,Teaching AI,Curriculum Design AI,teaching-ai-curriculum-design-ai
Artificial Intelligence & ML,artificial-intelligence-ml,1,AI Assistants & Chatbots,ai-assistants-chatbots,30,Education Q&A Bots,education-qa-bots,2,Teaching AI,Student Engagement AI,teaching-ai-student-engagement-ai
Artificial Intelligence & ML,artificial-intelligence-ml,1,AI Assistants & Chatbots,ai-assistants-chatbots,30,Education Q&A Bots,education-qa-bots,3,Teaching AI,Special Education AI,teaching-ai-special-education-ai
Artificial Intelligence & ML,artificial-intelligence-ml,1,AI Assistants & Chatbots,ai-assistants-chatbots,30,Education Q&A Bots,education-qa-bots,4,Teaching AI,STEM Education AI,teaching-ai-stem-education-ai
Artificial Intelligence & ML,artificial-intelligence-ml,1,AI Assistants & Chatbots,ai-assistants-chatbots,30,Education Q&A Bots,education-qa-bots,5,Teaching AI,Early Childhood AI,teaching-ai-early-childhood-ai
Artificial Intelligence & ML,artificial-intelligence-ml,1,AI Assistants & Chatbots,ai-assistants-chatbots,30,Education Q&A Bots,education-qa-bots,6,Teaching AI,Higher Education AI,teaching-ai-higher-education-ai
Artificial Intelligence & ML,artificial-intelligence-ml,1,AI Assistants & Chatbots,ai-assistants-chatbots,30,Education Q&A Bots,education-qa-bots,7,EdTech Infrastructure,LMS AI Features,edtech-infrastructure-lms-ai-features
Artificial Intelligence & ML,artificial-intelligence-ml,1,AI Assistants & Chatbots,ai-assistants-chatbots,30,Education Q&A Bots,education-qa-bots,8,EdTech Infrastructure,Proctoring AI,edtech-infrastructure-proctoring-ai
Artificial Intelligence & ML,artificial-intelligence-ml,1,AI Assistants & Chatbots,ai-assistants-chatbots,30,Education Q&A Bots,education-qa-bots,9,EdTech Infrastructure,Student Analytics AI,edtech-infrastructure-student-analytics-ai
Artificial Intelligence & ML,artificial-intelligence-ml,1,AI Assistants & Chatbots,ai-assistants-chatbots,30,Education Q&A Bots,education-qa-bots,10,EdTech Infrastructure,Adaptive Learning,edtech-infrastructure-adaptive-learning
Artificial Intelligence & ML,artificial-intelligence-ml,1,AI Assistants & Chatbots,ai-assistants-chatbots,30,Education Q&A Bots,education-qa-bots,11,EdTech Infrastructure,Content Authoring AI,edtech-infrastructure-content-authoring-ai
Artificial Intelligence & ML,artificial-intelligence-ml,1,AI Assistants & Chatbots,ai-assistants-chatbots,30,Education Q&A Bots,education-qa-bots,12,EdTech Infrastructure,Accreditation AI,edtech-infrastructure-accreditation-ai
Artificial Intelligence & ML,artificial-intelligence-ml,1,AI Assistants & Chatbots,ai-assistants-chatbots,30,Education Q&A Bots,education-qa-bots,13,Music Education AI,Guitar Chord AI,music-education-ai-guitar-chord-ai
Artificial Intelligence & ML,artificial-intelligence-ml,1,AI Assistants & Chatbots,ai-assistants-chatbots,30,Education Q&A Bots,education-qa-bots,14,Music Education AI,Piano Tutor AI,music-education-ai-piano-tutor-ai
Artificial Intelligence & ML,artificial-intelligence-ml,1,AI Assistants & Chatbots,ai-assistants-chatbots,30,Education Q&A Bots,education-qa-bots,15,Music Education AI,Music Theory AI,music-education-ai-music-theory-ai
Artificial Intelligence & ML,artificial-intelligence-ml,1,AI Assistants & Chatbots,ai-assistants-chatbots,30,Education Q&A Bots,education-qa-bots,16,Music Education AI,Ear Training AI,music-education-ai-ear-training-ai
Artificial Intelligence & ML,artificial-intelligence-ml,1,AI Assistants & Chatbots,ai-assistants-chatbots,30,Education Q&A Bots,education-qa-bots,17,Music Education AI,Sight Reading AI,music-education-ai-sight-reading-ai
Artificial Intelligence & ML,artificial-intelligence-ml,1,AI Assistants & Chatbots,ai-assistants-chatbots,30,Education Q&A Bots,education-qa-bots,18,Music Education AI,Rhythm Trainer,music-education-ai-rhythm-trainer
Artificial Intelligence & ML,artificial-intelligence-ml,1,AI Assistants & Chatbots,ai-assistants-chatbots,30,Education Q&A Bots,education-qa-bots,19,Music Education AI,Instrument Tuner AI,music-education-ai-instrument-tuner-ai
Artificial Intelligence & ML,artificial-intelligence-ml,1,AI Assistants & Chatbots,ai-assistants-chatbots,30,Education Q&A Bots,education-qa-bots,20,Music Education AI,Song Key Finder,music-education-ai-song-key-finder
Artificial Intelligence & ML,artificial-intelligence-ml,1,AI Assistants & Chatbots,ai-assistants-chatbots,30,Education Q&A Bots,education-qa-bots,21,Music Education AI,Music Practice Scheduler,music-education-ai-music-practice-scheduler
Artificial Intelligence & ML,artificial-intelligence-ml,1,AI Assistants & Chatbots,ai-assistants-chatbots,31,Voice-First Phone Agents,voice-first-phone-agents,1,Task-Specific Agents,Workflow Automation Agents,task-specific-agents-workflow-automation-agents
Artificial Intelligence & ML,artificial-intelligence-ml,1,AI Assistants & Chatbots,ai-assistants-chatbots,31,Voice-First Phone Agents,voice-first-phone-agents,2,Task-Specific Agents,Email Management Agents,task-specific-agents-email-management-agents
Artificial Intelligence & ML,artificial-intelligence-ml,1,AI Assistants & Chatbots,ai-assistants-chatbots,31,Voice-First Phone Agents,voice-first-phone-agents,3,Task-Specific Agents,Document Processing Agents,task-specific-agents-document-processing-agents
Artificial Intelligence & ML,artificial-intelligence-ml,1,AI Assistants & Chatbots,ai-assistants-chatbots,31,Voice-First Phone Agents,voice-first-phone-agents,4,Task-Specific Agents,Web Scraping Agents,task-specific-agents-web-scraping-agents
Artificial Intelligence & ML,artificial-intelligence-ml,1,AI Assistants & Chatbots,ai-assistants-chatbots,31,Voice-First Phone Agents,voice-first-phone-agents,5,Task-Specific Agents,Customer Outreach Agents,task-specific-agents-customer-outreach-agents
Artificial Intelligence & ML,artificial-intelligence-ml,1,AI Assistants & Chatbots,ai-assistants-chatbots,31,Voice-First Phone Agents,voice-first-phone-agents,6,Task-Specific Agents,Meeting Summary Agents,task-specific-agents-meeting-summary-agents
Artificial Intelligence & ML,artificial-intelligence-ml,1,AI Assistants & Chatbots,ai-assistants-chatbots,31,Voice-First Phone Agents,voice-first-phone-agents,7,Voice Agents,AI Phone Callers,voice-agents-ai-phone-callers
Artificial Intelligence & ML,artificial-intelligence-ml,1,AI Assistants & Chatbots,ai-assistants-chatbots,31,Voice-First Phone Agents,voice-first-phone-agents,8,Voice Agents,Voice Commerce,voice-agents-voice-commerce
Artificial Intelligence & ML,artificial-intelligence-ml,1,AI Assistants & Chatbots,ai-assistants-chatbots,31,Voice-First Phone Agents,voice-first-phone-agents,9,Voice Agents,Voice Search Assistants,voice-agents-voice-search-assistants
Artificial Intelligence & ML,artificial-intelligence-ml,1,AI Assistants & Chatbots,ai-assistants-chatbots,31,Voice-First Phone Agents,voice-first-phone-agents,10,Voice Agents,Smart Speaker Skills,voice-agents-smart-speaker-skills
Artificial Intelligence & ML,artificial-intelligence-ml,1,AI Assistants & Chatbots,ai-assistants-chatbots,31,Voice-First Phone Agents,voice-first-phone-agents,11,Voice Agents,Reception AI,voice-agents-reception-ai
Artificial Intelligence & ML,artificial-intelligence-ml,1,AI Assistants & Chatbots,ai-assistants-chatbots,31,Voice-First Phone Agents,voice-first-phone-agents,12,Voice Agents,Telehealth Voice,voice-agents-telehealth-voice
Artificial Intelligence & ML,artificial-intelligence-ml,1,AI Assistants & Chatbots,ai-assistants-chatbots,31,Voice-First Phone Agents,voice-first-phone-agents,13,Voice Agents,Banking Voice Agent,voice-agents-banking-voice-agent
Artificial Intelligence & ML,artificial-intelligence-ml,1,AI Assistants & Chatbots,ai-assistants-chatbots,31,Voice-First Phone Agents,voice-first-phone-agents,14,Voice Agents,Insurance Voice Agent,voice-agents-insurance-voice-agent
Artificial Intelligence & ML,artificial-intelligence-ml,1,AI Assistants & Chatbots,ai-assistants-chatbots,31,Voice-First Phone Agents,voice-first-phone-agents,15,Keyboard & Input AI,AI Keyboard Shortcuts,keyboard-input-ai-ai-keyboard-shortcuts
Artificial Intelligence & ML,artificial-intelligence-ml,1,AI Assistants & Chatbots,ai-assistants-chatbots,31,Voice-First Phone Agents,voice-first-phone-agents,16,Keyboard & Input AI,Predictive Typing Desktop,keyboard-input-ai-predictive-typing-desktop
Artificial Intelligence & ML,artificial-intelligence-ml,1,AI Assistants & Chatbots,ai-assistants-chatbots,31,Voice-First Phone Agents,voice-first-phone-agents,17,Keyboard & Input AI,Voice-to-Action Desktop,keyboard-input-ai-voice-to-action-desktop
Artificial Intelligence & ML,artificial-intelligence-ml,1,AI Assistants & Chatbots,ai-assistants-chatbots,31,Voice-First Phone Agents,voice-first-phone-agents,18,Keyboard & Input AI,Gesture Recognition AI,keyboard-input-ai-gesture-recognition-ai
Artificial Intelligence & ML,artificial-intelligence-ml,1,AI Assistants & Chatbots,ai-assistants-chatbots,31,Voice-First Phone Agents,voice-first-phone-agents,19,Keyboard & Input AI,Eye Tracking AI,keyboard-input-ai-eye-tracking-ai
Artificial Intelligence & ML,artificial-intelligence-ml,1,AI Assistants & Chatbots,ai-assistants-chatbots,31,Voice-First Phone Agents,voice-first-phone-agents,20,Keyboard & Input AI,Dictation & Commands,keyboard-input-ai-dictation-commands
Artificial Intelligence & ML,artificial-intelligence-ml,1,AI Assistants & Chatbots,ai-assistants-chatbots,31,Voice-First Phone Agents,voice-first-phone-agents,21,Keyboard & Input AI,Text Expansion AI,keyboard-input-ai-text-expansion-ai
Artificial Intelligence & ML,artificial-intelligence-ml,1,AI Assistants & Chatbots,ai-assistants-chatbots,31,Voice-First Phone Agents,voice-first-phone-agents,22,Keyboard & Input AI,Smart Autocomplete Desktop,keyboard-input-ai-smart-autocomplete-desktop
Artificial Intelligence & ML,artificial-intelligence-ml,1,AI Assistants & Chatbots,ai-assistants-chatbots,31,Voice-First Phone Agents,voice-first-phone-agents,23,Keyboard & Input AI,Handwriting Recognition Desktop,keyboard-input-ai-handwriting-recognition-desktop
Artificial Intelligence & ML,artificial-intelligence-ml,1,AI Assistants & Chatbots,ai-assistants-chatbots,32,Inbound Call Handling Agents,inbound-call-handling-agents,,,,
Artificial Intelligence & ML,artificial-intelligence-ml,1,AI Assistants & Chatbots,ai-assistants-chatbots,33,Outbound Cold-Call Agents,outbound-cold-call-agents,,,,
Artificial Intelligence & ML,artificial-intelligence-ml,1,AI Assistants & Chatbots,ai-assistants-chatbots,34,Receptionist Voice Agents,receptionist-voice-agents,,,,
Artificial Intelligence & ML,artificial-intelligence-ml,1,AI Assistants & Chatbots,ai-assistants-chatbots,35,Drive-Thru Voice Agents,drive-thru-voice-agents,1,Voice Agents,Drive-Through AI,voice-agents-drive-through-ai
Artificial Intelligence & ML,artificial-intelligence-ml,1,AI Assistants & Chatbots,ai-assistants-chatbots,36,IVR Replacement Agents,ivr-replacement-agents,,,,
Artificial Intelligence & ML,artificial-intelligence-ml,1,AI Assistants & Chatbots,ai-assistants-chatbots,37,Virtual Front-Desk Agents,virtual-front-desk-agents,1,Virtual Companion,AI Friend,virtual-companion-ai-friend
Artificial Intelligence & ML,artificial-intelligence-ml,1,AI Assistants & Chatbots,ai-assistants-chatbots,37,Virtual Front-Desk Agents,virtual-front-desk-agents,2,Virtual Companion,AI Girlfriend,virtual-companion-ai-girlfriend
Artificial Intelligence & ML,artificial-intelligence-ml,1,AI Assistants & Chatbots,ai-assistants-chatbots,37,Virtual Front-Desk Agents,virtual-front-desk-agents,3,Virtual Companion,AI Boyfriend,virtual-companion-ai-boyfriend
Artificial Intelligence & ML,artificial-intelligence-ml,1,AI Assistants & Chatbots,ai-assistants-chatbots,37,Virtual Front-Desk Agents,virtual-front-desk-agents,4,Virtual Companion,Emotional Support AI,virtual-companion-emotional-support-ai
Artificial Intelligence & ML,artificial-intelligence-ml,1,AI Assistants & Chatbots,ai-assistants-chatbots,37,Virtual Front-Desk Agents,virtual-front-desk-agents,5,Virtual Companion,AI Pen Pal Companion,virtual-companion-ai-pen-pal-companion
Artificial Intelligence & ML,artificial-intelligence-ml,1,AI Assistants & Chatbots,ai-assistants-chatbots,37,Virtual Front-Desk Agents,virtual-front-desk-agents,6,Virtual Companion,AI Diary / Journal Partner,virtual-companion-ai-diary-journal-partner
Artificial Intelligence & ML,artificial-intelligence-ml,1,AI Assistants & Chatbots,ai-assistants-chatbots,37,Virtual Front-Desk Agents,virtual-front-desk-agents,7,Virtual Companion,AI Accountability Partner,virtual-companion-ai-accountability-partner
Artificial Intelligence & ML,artificial-intelligence-ml,1,AI Assistants & Chatbots,ai-assistants-chatbots,37,Virtual Front-Desk Agents,virtual-front-desk-agents,8,Virtual Companion,Elderly Companion AI,virtual-companion-elderly-companion-ai
Artificial Intelligence & ML,artificial-intelligence-ml,1,AI Assistants & Chatbots,ai-assistants-chatbots,37,Virtual Front-Desk Agents,virtual-front-desk-agents,9,Virtual Companion,Grief Support AI,virtual-companion-grief-support-ai
Artificial Intelligence & ML,artificial-intelligence-ml,1,AI Assistants & Chatbots,ai-assistants-chatbots,37,Virtual Front-Desk Agents,virtual-front-desk-agents,10,Virtual Companion,Loneliness Support AI,virtual-companion-loneliness-support-ai
Artificial Intelligence & ML,artificial-intelligence-ml,1,AI Assistants & Chatbots,ai-assistants-chatbots,38,Smart Speaker Skills (Category),smart-speaker-skills-category,1,Browsing AI,AI Ad Blocker Smart,browsing-ai-ai-ad-blocker-smart
Artificial Intelligence & ML,artificial-intelligence-ml,1,AI Assistants & Chatbots,ai-assistants-chatbots,39,In-Car Voice Assistants,in-car-voice-assistants,1,Vehicle AI,Connected Car AI,vehicle-ai-connected-car-ai
Artificial Intelligence & ML,artificial-intelligence-ml,1,AI Assistants & Chatbots,ai-assistants-chatbots,40,Wearable Voice Assistants,wearable-voice-assistants,,,,
Artificial Intelligence & ML,artificial-intelligence-ml,2,AI Writing & Long-Form Text,ai-writing-long-form-text,1,All-In-One Writing Suites,all-in-one-writing-suites,1,Copywriting,Tagline & Slogan AI,copywriting-tagline-slogan-ai
Artificial Intelligence & ML,artificial-intelligence-ml,2,AI Writing & Long-Form Text,ai-writing-long-form-text,1,All-In-One Writing Suites,all-in-one-writing-suites,2,Copywriting,Billboard & Print Copy,copywriting-billboard-print-copy
Artificial Intelligence & ML,artificial-intelligence-ml,2,AI Writing & Long-Form Text,ai-writing-long-form-text,1,All-In-One Writing Suites,all-in-one-writing-suites,3,Academic Writing,Thesis Assistants,academic-writing-thesis-assistants
Artificial Intelligence & ML,artificial-intelligence-ml,2,AI Writing & Long-Form Text,ai-writing-long-form-text,1,All-In-One Writing Suites,all-in-one-writing-suites,4,Academic Writing,Citation Generators,academic-writing-citation-generators
Artificial Intelligence & ML,artificial-intelligence-ml,2,AI Writing & Long-Form Text,ai-writing-long-form-text,1,All-In-One Writing Suites,all-in-one-writing-suites,5,Academic Writing,Literature Review AI,academic-writing-literature-review-ai
Artificial Intelligence & ML,artificial-intelligence-ml,2,AI Writing & Long-Form Text,ai-writing-long-form-text,1,All-In-One Writing Suites,all-in-one-writing-suites,6,Academic Writing,Abstract Writers,academic-writing-abstract-writers
Artificial Intelligence & ML,artificial-intelligence-ml,2,AI Writing & Long-Form Text,ai-writing-long-form-text,1,All-In-One Writing Suites,all-in-one-writing-suites,7,Academic Writing,Dissertation Assistants,academic-writing-dissertation-assistants
Artificial Intelligence & ML,artificial-intelligence-ml,2,AI Writing & Long-Form Text,ai-writing-long-form-text,1,All-In-One Writing Suites,all-in-one-writing-suites,8,Academic Writing,Essay Outline Generators,academic-writing-essay-outline-generators
Artificial Intelligence & ML,artificial-intelligence-ml,2,AI Writing & Long-Form Text,ai-writing-long-form-text,1,All-In-One Writing Suites,all-in-one-writing-suites,9,Academic Writing,Peer Review Assistants,academic-writing-peer-review-assistants
Artificial Intelligence & ML,artificial-intelligence-ml,2,AI Writing & Long-Form Text,ai-writing-long-form-text,1,All-In-One Writing Suites,all-in-one-writing-suites,10,Creative Writing,Fiction Story Generators,creative-writing-fiction-story-generators
Artificial Intelligence & ML,artificial-intelligence-ml,2,AI Writing & Long-Form Text,ai-writing-long-form-text,1,All-In-One Writing Suites,all-in-one-writing-suites,11,Creative Writing,Poetry AI,creative-writing-poetry-ai
Artificial Intelligence & ML,artificial-intelligence-ml,2,AI Writing & Long-Form Text,ai-writing-long-form-text,1,All-In-One Writing Suites,all-in-one-writing-suites,12,Creative Writing,Screenplay Writers,creative-writing-screenplay-writers
Artificial Intelligence & ML,artificial-intelligence-ml,2,AI Writing & Long-Form Text,ai-writing-long-form-text,1,All-In-One Writing Suites,all-in-one-writing-suites,13,Creative Writing,Song Lyric AI,creative-writing-song-lyric-ai
Artificial Intelligence & ML,artificial-intelligence-ml,2,AI Writing & Long-Form Text,ai-writing-long-form-text,1,All-In-One Writing Suites,all-in-one-writing-suites,14,Creative Writing,D&D Campaign Writers,creative-writing-d-d-campaign-writers
Artificial Intelligence & ML,artificial-intelligence-ml,2,AI Writing & Long-Form Text,ai-writing-long-form-text,1,All-In-One Writing Suites,all-in-one-writing-suites,15,Creative Writing,Fan Fiction AI,creative-writing-fan-fiction-ai
Artificial Intelligence & ML,artificial-intelligence-ml,2,AI Writing & Long-Form Text,ai-writing-long-form-text,1,All-In-One Writing Suites,all-in-one-writing-suites,16,Creative Writing,Joke & Comedy Writers,creative-writing-joke-comedy-writers
Artificial Intelligence & ML,artificial-intelligence-ml,2,AI Writing & Long-Form Text,ai-writing-long-form-text,1,All-In-One Writing Suites,all-in-one-writing-suites,18,Creative Writing,Romance Novel AI,creative-writing-romance-novel-ai
Artificial Intelligence & ML,artificial-intelligence-ml,2,AI Writing & Long-Form Text,ai-writing-long-form-text,1,All-In-One Writing Suites,all-in-one-writing-suites,19,Creative Writing,Sci-Fi World Builder,creative-writing-sci-fi-world-builder
Artificial Intelligence & ML,artificial-intelligence-ml,2,AI Writing & Long-Form Text,ai-writing-long-form-text,1,All-In-One Writing Suites,all-in-one-writing-suites,20,Grammar & Editing,Grammar Checkers,grammar-editing-grammar-checkers
Artificial Intelligence & ML,artificial-intelligence-ml,2,AI Writing & Long-Form Text,ai-writing-long-form-text,1,All-In-One Writing Suites,all-in-one-writing-suites,21,Grammar & Editing,Tone Adjusters,grammar-editing-tone-adjusters
Artificial Intelligence & ML,artificial-intelligence-ml,2,AI Writing & Long-Form Text,ai-writing-long-form-text,1,All-In-One Writing Suites,all-in-one-writing-suites,22,Grammar & Editing,Readability Analyzers,grammar-editing-readability-analyzers
Artificial Intelligence & ML,artificial-intelligence-ml,2,AI Writing & Long-Form Text,ai-writing-long-form-text,1,All-In-One Writing Suites,all-in-one-writing-suites,23,Grammar & Editing,AI Content Detectors,grammar-editing-ai-content-detectors
Artificial Intelligence & ML,artificial-intelligence-ml,2,AI Writing & Long-Form Text,ai-writing-long-form-text,1,All-In-One Writing Suites,all-in-one-writing-suites,24,Grammar & Editing,Paraphrasing Tools,grammar-editing-paraphrasing-tools
Artificial Intelligence & ML,artificial-intelligence-ml,2,AI Writing & Long-Form Text,ai-writing-long-form-text,1,All-In-One Writing Suites,all-in-one-writing-suites,25,Grammar & Editing,Proofreaders,grammar-editing-proofreaders
Artificial Intelligence & ML,artificial-intelligence-ml,2,AI Writing & Long-Form Text,ai-writing-long-form-text,1,All-In-One Writing Suites,all-in-one-writing-suites,26,Grammar & Editing,Fact Checkers,grammar-editing-fact-checkers
Artificial Intelligence & ML,artificial-intelligence-ml,2,AI Writing & Long-Form Text,ai-writing-long-form-text,1,All-In-One Writing Suites,all-in-one-writing-suites,27,Grammar & Editing,Consistency Checkers,grammar-editing-consistency-checkers
Artificial Intelligence & ML,artificial-intelligence-ml,2,AI Writing & Long-Form Text,ai-writing-long-form-text,2,Distraction-Free AI Editors,distraction-free-ai-editors,1,Grammar & Editing,Style Editors,grammar-editing-style-editors
Artificial Intelligence & ML,artificial-intelligence-ml,2,AI Writing & Long-Form Text,ai-writing-long-form-text,3,Browser-Based Writing Pads,browser-based-writing-pads,1,AI QA Tools,Cross-Browser Test AI,ai-qa-tools-cross-browser-test-ai
Artificial Intelligence & ML,artificial-intelligence-ml,2,AI Writing & Long-Form Text,ai-writing-long-form-text,3,Browser-Based Writing Pads,browser-based-writing-pads,2,Browsing AI,AI Tab Manager,browsing-ai-ai-tab-manager
Artificial Intelligence & ML,artificial-intelligence-ml,2,AI Writing & Long-Form Text,ai-writing-long-form-text,3,Browser-Based Writing Pads,browser-based-writing-pads,3,Browsing AI,AI Bookmark Organizer,browsing-ai-ai-bookmark-organizer
Artificial Intelligence & ML,artificial-intelligence-ml,2,AI Writing & Long-Form Text,ai-writing-long-form-text,3,Browser-Based Writing Pads,browser-based-writing-pads,4,Browsing AI,AI Reading Mode,browsing-ai-ai-reading-mode
Artificial Intelligence & ML,artificial-intelligence-ml,2,AI Writing & Long-Form Text,ai-writing-long-form-text,3,Browser-Based Writing Pads,browser-based-writing-pads,5,Browsing AI,AI Page Summarizer Extension,browsing-ai-ai-page-summarizer-extension
Artificial Intelligence & ML,artificial-intelligence-ml,2,AI Writing & Long-Form Text,ai-writing-long-form-text,3,Browser-Based Writing Pads,browser-based-writing-pads,6,Browsing AI,AI Screenshot Annotator,browsing-ai-ai-screenshot-annotator
Artificial Intelligence & ML,artificial-intelligence-ml,2,AI Writing & Long-Form Text,ai-writing-long-form-text,3,Browser-Based Writing Pads,browser-based-writing-pads,7,Browsing AI,AI Password Generator,browsing-ai-ai-password-generator
Artificial Intelligence & ML,artificial-intelligence-ml,2,AI Writing & Long-Form Text,ai-writing-long-form-text,4,Mobile Writing Apps with AI,mobile-writing-apps-with-ai,1,AI QA Tools,Mobile Test AI,ai-qa-tools-mobile-test-ai
Artificial Intelligence & ML,artificial-intelligence-ml,2,AI Writing & Long-Form Text,ai-writing-long-form-text,4,Mobile Writing Apps with AI,mobile-writing-apps-with-ai,2,AR Mobile AI,AR Furniture Placement,ar-mobile-ai-ar-furniture-placement
Artificial Intelligence & ML,artificial-intelligence-ml,2,AI Writing & Long-Form Text,ai-writing-long-form-text,4,Mobile Writing Apps with AI,mobile-writing-apps-with-ai,3,AR Mobile AI,AR Measurement Tool,ar-mobile-ai-ar-measurement-tool
Artificial Intelligence & ML,artificial-intelligence-ml,2,AI Writing & Long-Form Text,ai-writing-long-form-text,4,Mobile Writing Apps with AI,mobile-writing-apps-with-ai,4,AR Mobile AI,AR Navigation,ar-mobile-ai-ar-navigation
Artificial Intelligence & ML,artificial-intelligence-ml,2,AI Writing & Long-Form Text,ai-writing-long-form-text,4,Mobile Writing Apps with AI,mobile-writing-apps-with-ai,5,AR Mobile AI,AR Language Translation,ar-mobile-ai-ar-language-translation
Artificial Intelligence & ML,artificial-intelligence-ml,2,AI Writing & Long-Form Text,ai-writing-long-form-text,4,Mobile Writing Apps with AI,mobile-writing-apps-with-ai,6,AR Mobile AI,AR Plant Identifier,ar-mobile-ai-ar-plant-identifier
Artificial Intelligence & ML,artificial-intelligence-ml,2,AI Writing & Long-Form Text,ai-writing-long-form-text,4,Mobile Writing Apps with AI,mobile-writing-apps-with-ai,7,AR Mobile AI,AR Sky Map,ar-mobile-ai-ar-sky-map
Artificial Intelligence & ML,artificial-intelligence-ml,2,AI Writing & Long-Form Text,ai-writing-long-form-text,4,Mobile Writing Apps with AI,mobile-writing-apps-with-ai,8,AR Mobile AI,AR Art Gallery,ar-mobile-ai-ar-art-gallery
Artificial Intelligence & ML,artificial-intelligence-ml,2,AI Writing & Long-Form Text,ai-writing-long-form-text,4,Mobile Writing Apps with AI,mobile-writing-apps-with-ai,9,AR Mobile AI,AR Try-On Mobile,ar-mobile-ai-ar-try-on-mobile
Artificial Intelligence & ML,artificial-intelligence-ml,2,AI Writing & Long-Form Text,ai-writing-long-form-text,4,Mobile Writing Apps with AI,mobile-writing-apps-with-ai,10,AR Mobile AI,AR Interior Paint,ar-mobile-ai-ar-interior-paint
Artificial Intelligence & ML,artificial-intelligence-ml,2,AI Writing & Long-Form Text,ai-writing-long-form-text,5,AI for Google Docs,ai-for-google-docs,,,,
Artificial Intelligence & ML,artificial-intelligence-ml,2,AI Writing & Long-Form Text,ai-writing-long-form-text,6,AI for Microsoft Word,ai-for-microsoft-word,,,,
Artificial Intelligence & ML,artificial-intelligence-ml,2,AI Writing & Long-Form Text,ai-writing-long-form-text,7,AI for Notion Pages,ai-for-notion-pages,,,,
Artificial Intelligence & ML,artificial-intelligence-ml,2,AI Writing & Long-Form Text,ai-writing-long-form-text,8,AI for Obsidian Vaults,ai-for-obsidian-vaults,,,,
Artificial Intelligence & ML,artificial-intelligence-ml,2,AI Writing & Long-Form Text,ai-writing-long-form-text,9,Long-Form Article Drafting,long-form-article-drafting,1,Long-Form Writing,Blog Post Generators,long-form-writing-blog-post-generators
Artificial Intelligence & ML,artificial-intelligence-ml,2,AI Writing & Long-Form Text,ai-writing-long-form-text,9,Long-Form Article Drafting,long-form-article-drafting,2,Long-Form Writing,Article Writers,long-form-writing-article-writers
Artificial Intelligence & ML,artificial-intelligence-ml,2,AI Writing & Long-Form Text,ai-writing-long-form-text,9,Long-Form Article Drafting,long-form-article-drafting,3,Long-Form Writing,Book Writing AI,long-form-writing-book-writing-ai
Artificial Intelligence & ML,artificial-intelligence-ml,2,AI Writing & Long-Form Text,ai-writing-long-form-text,9,Long-Form Article Drafting,long-form-article-drafting,4,Long-Form Writing,Whitepaper Generators,long-form-writing-whitepaper-generators
Artificial Intelligence & ML,artificial-intelligence-ml,2,AI Writing & Long-Form Text,ai-writing-long-form-text,9,Long-Form Article Drafting,long-form-article-drafting,5,Long-Form Writing,Case Study Writers,long-form-writing-case-study-writers
Artificial Intelligence & ML,artificial-intelligence-ml,2,AI Writing & Long-Form Text,ai-writing-long-form-text,9,Long-Form Article Drafting,long-form-article-drafting,6,Long-Form Writing,Report Generators,long-form-writing-report-generators
Artificial Intelligence & ML,artificial-intelligence-ml,2,AI Writing & Long-Form Text,ai-writing-long-form-text,9,Long-Form Article Drafting,long-form-article-drafting,7,Long-Form Writing,Ebook Creators,long-form-writing-ebook-creators
Artificial Intelligence & ML,artificial-intelligence-ml,2,AI Writing & Long-Form Text,ai-writing-long-form-text,9,Long-Form Article Drafting,long-form-article-drafting,8,Long-Form Writing,Newsletter Writers,long-form-writing-newsletter-writers
Artificial Intelligence & ML,artificial-intelligence-ml,2,AI Writing & Long-Form Text,ai-writing-long-form-text,9,Long-Form Article Drafting,long-form-article-drafting,9,Long-Form Writing,Press Release Writers,long-form-writing-press-release-writers
Artificial Intelligence & ML,artificial-intelligence-ml,2,AI Writing & Long-Form Text,ai-writing-long-form-text,9,Long-Form Article Drafting,long-form-article-drafting,10,Long-Form Writing,Ghostwriting AI,long-form-writing-ghostwriting-ai
Artificial Intelligence & ML,artificial-intelligence-ml,2,AI Writing & Long-Form Text,ai-writing-long-form-text,10,SEO Blog Post Drafting,seo-blog-post-drafting,1,SEO Writing,SEO Blog Writers,seo-writing-seo-blog-writers
Artificial Intelligence & ML,artificial-intelligence-ml,2,AI Writing & Long-Form Text,ai-writing-long-form-text,10,SEO Blog Post Drafting,seo-blog-post-drafting,2,SEO Writing,Meta Description Generators,seo-writing-meta-description-generators
Artificial Intelligence & ML,artificial-intelligence-ml,2,AI Writing & Long-Form Text,ai-writing-long-form-text,10,SEO Blog Post Drafting,seo-blog-post-drafting,3,SEO Writing,Title Tag Optimizers,seo-writing-title-tag-optimizers
Artificial Intelligence & ML,artificial-intelligence-ml,2,AI Writing & Long-Form Text,ai-writing-long-form-text,10,SEO Blog Post Drafting,seo-blog-post-drafting,4,SEO Writing,Keyword Cluster Writers,seo-writing-keyword-cluster-writers
Artificial Intelligence & ML,artificial-intelligence-ml,2,AI Writing & Long-Form Text,ai-writing-long-form-text,10,SEO Blog Post Drafting,seo-blog-post-drafting,5,SEO Writing,Pillar Page Creators,seo-writing-pillar-page-creators
Artificial Intelligence & ML,artificial-intelligence-ml,2,AI Writing & Long-Form Text,ai-writing-long-form-text,10,SEO Blog Post Drafting,seo-blog-post-drafting,6,SEO Writing,FAQ Schema Writers,seo-writing-faq-schema-writers
Artificial Intelligence & ML,artificial-intelligence-ml,2,AI Writing & Long-Form Text,ai-writing-long-form-text,10,SEO Blog Post Drafting,seo-blog-post-drafting,7,SEO Writing,Local SEO Content,seo-writing-local-seo-content
Artificial Intelligence & ML,artificial-intelligence-ml,2,AI Writing & Long-Form Text,ai-writing-long-form-text,10,SEO Blog Post Drafting,seo-blog-post-drafting,8,SEO Writing,Product SEO Copy,seo-writing-product-seo-copy
Artificial Intelligence & ML,artificial-intelligence-ml,2,AI Writing & Long-Form Text,ai-writing-long-form-text,10,SEO Blog Post Drafting,seo-blog-post-drafting,9,SEO Writing,Technical SEO Content,seo-writing-technical-seo-content
Artificial Intelligence & ML,artificial-intelligence-ml,2,AI Writing & Long-Form Text,ai-writing-long-form-text,10,SEO Blog Post Drafting,seo-blog-post-drafting,10,SEO AI,Keyword Research AI,seo-ai-keyword-research-ai
Artificial Intelligence & ML,artificial-intelligence-ml,2,AI Writing & Long-Form Text,ai-writing-long-form-text,10,SEO Blog Post Drafting,seo-blog-post-drafting,11,SEO AI,Content Optimization AI,seo-ai-content-optimization-ai
Artificial Intelligence & ML,artificial-intelligence-ml,2,AI Writing & Long-Form Text,ai-writing-long-form-text,10,SEO Blog Post Drafting,seo-blog-post-drafting,12,SEO AI,Technical SEO AI,seo-ai-technical-seo-ai
Artificial Intelligence & ML,artificial-intelligence-ml,2,AI Writing & Long-Form Text,ai-writing-long-form-text,10,SEO Blog Post Drafting,seo-blog-post-drafting,13,SEO AI,Link Building AI,seo-ai-link-building-ai
Artificial Intelligence & ML,artificial-intelligence-ml,2,AI Writing & Long-Form Text,ai-writing-long-form-text,10,SEO Blog Post Drafting,seo-blog-post-drafting,14,SEO AI,Local SEO AI,seo-ai-local-seo-ai
Artificial Intelligence & ML,artificial-intelligence-ml,2,AI Writing & Long-Form Text,ai-writing-long-form-text,10,SEO Blog Post Drafting,seo-blog-post-drafting,15,SEO AI,SERP Analysis AI,seo-ai-serp-analysis-ai
Artificial Intelligence & ML,artificial-intelligence-ml,2,AI Writing & Long-Form Text,ai-writing-long-form-text,10,SEO Blog Post Drafting,seo-blog-post-drafting,16,SEO AI,Site Audit AI,seo-ai-site-audit-ai
Artificial Intelligence & ML,artificial-intelligence-ml,2,AI Writing & Long-Form Text,ai-writing-long-form-text,10,SEO Blog Post Drafting,seo-blog-post-drafting,17,SEO AI,Rank Tracking AI,seo-ai-rank-tracking-ai
Artificial Intelligence & ML,artificial-intelligence-ml,2,AI Writing & Long-Form Text,ai-writing-long-form-text,10,SEO Blog Post Drafting,seo-blog-post-drafting,18,SEO AI,Voice Search Optimization,seo-ai-voice-search-optimization
Artificial Intelligence & ML,artificial-intelligence-ml,2,AI Writing & Long-Form Text,ai-writing-long-form-text,11,Listicle Generators,listicle-generators,1,Copywriting,Ad Copy Generators,copywriting-ad-copy-generators
Artificial Intelligence & ML,artificial-intelligence-ml,2,AI Writing & Long-Form Text,ai-writing-long-form-text,11,Listicle Generators,listicle-generators,2,Copywriting,Headline Generators,copywriting-headline-generators
Artificial Intelligence & ML,artificial-intelligence-ml,2,AI Writing & Long-Form Text,ai-writing-long-form-text,12,How-To Guide Generators,how-to-guide-generators,1,Mystical & Spiritual AI,Meditation Guide AI,mystical-spiritual-ai-meditation-guide-ai
Artificial Intelligence & ML,artificial-intelligence-ml,2,AI Writing & Long-Form Text,ai-writing-long-form-text,13,Tutorial Article Builders,tutorial-article-builders,,,,
Artificial Intelligence & ML,artificial-intelligence-ml,2,AI Writing & Long-Form Text,ai-writing-long-form-text,14,Roundup Post Generators,roundup-post-generators,,,,
Artificial Intelligence & ML,artificial-intelligence-ml,2,AI Writing & Long-Form Text,ai-writing-long-form-text,15,Comparison Post Builders,comparison-post-builders,,,,
Artificial Intelligence & ML,artificial-intelligence-ml,2,AI Writing & Long-Form Text,ai-writing-long-form-text,16,Case Study Drafting,case-study-drafting,,,,
Artificial Intelligence & ML,artificial-intelligence-ml,2,AI Writing & Long-Form Text,ai-writing-long-form-text,17,White Paper Drafting,white-paper-drafting,,,,
Artificial Intelligence & ML,artificial-intelligence-ml,2,AI Writing & Long-Form Text,ai-writing-long-form-text,18,eBook Outlining & Drafting,ebook-outlining-drafting,,,,
Artificial Intelligence & ML,artificial-intelligence-ml,2,AI Writing & Long-Form Text,ai-writing-long-form-text,19,Newsletter Issue Drafting,newsletter-issue-drafting,,,,
Artificial Intelligence & ML,artificial-intelligence-ml,2,AI Writing & Long-Form Text,ai-writing-long-form-text,20,Email Course Drafting,email-course-drafting,1,Copywriting,Email Subject Line AI,copywriting-email-subject-line-ai
Artificial Intelligence & ML,artificial-intelligence-ml,2,AI Writing & Long-Form Text,ai-writing-long-form-text,20,Email Course Drafting,email-course-drafting,2,Email Writing,Cold Email Writers,email-writing-cold-email-writers
Artificial Intelligence & ML,artificial-intelligence-ml,2,AI Writing & Long-Form Text,ai-writing-long-form-text,20,Email Course Drafting,email-course-drafting,3,Email Writing,Newsletter Composers,email-writing-newsletter-composers
Artificial Intelligence & ML,artificial-intelligence-ml,2,AI Writing & Long-Form Text,ai-writing-long-form-text,20,Email Course Drafting,email-course-drafting,4,Email Writing,Transactional Email Writers,email-writing-transactional-email-writers
Artificial Intelligence & ML,artificial-intelligence-ml,2,AI Writing & Long-Form Text,ai-writing-long-form-text,20,Email Course Drafting,email-course-drafting,5,Email Writing,Drip Campaign Writers,email-writing-drip-campaign-writers
Artificial Intelligence & ML,artificial-intelligence-ml,2,AI Writing & Long-Form Text,ai-writing-long-form-text,20,Email Course Drafting,email-course-drafting,6,Email Writing,Outreach Email AI,email-writing-outreach-email-ai
Artificial Intelligence & ML,artificial-intelligence-ml,2,AI Writing & Long-Form Text,ai-writing-long-form-text,20,Email Course Drafting,email-course-drafting,7,Email Writing,Customer Win-Back Emails,email-writing-customer-win-back-emails
Artificial Intelligence & ML,artificial-intelligence-ml,2,AI Writing & Long-Form Text,ai-writing-long-form-text,20,Email Course Drafting,email-course-drafting,8,Email Writing,Welcome Sequence Writers,email-writing-welcome-sequence-writers
Artificial Intelligence & ML,artificial-intelligence-ml,2,AI Writing & Long-Form Text,ai-writing-long-form-text,20,Email Course Drafting,email-course-drafting,9,Email Writing,Apology Email AI,email-writing-apology-email-ai
Artificial Intelligence & ML,artificial-intelligence-ml,2,AI Writing & Long-Form Text,ai-writing-long-form-text,20,Email Course Drafting,email-course-drafting,10,Email Writing,Internal Memo Writers,email-writing-internal-memo-writers
Artificial Intelligence & ML,artificial-intelligence-ml,2,AI Writing & Long-Form Text,ai-writing-long-form-text,21,Memoir & Life-Story Drafting,memoir-life-story-drafting,,,,
Artificial Intelligence & ML,artificial-intelligence-ml,2,AI Writing & Long-Form Text,ai-writing-long-form-text,22,Wedding Speech Generators,wedding-speech-generators,1,Speech-to-Text,Meeting Transcription,speech-to-text-meeting-transcription
Artificial Intelligence & ML,artificial-intelligence-ml,2,AI Writing & Long-Form Text,ai-writing-long-form-text,22,Wedding Speech Generators,wedding-speech-generators,2,Speech-to-Text,Call Center Transcription,speech-to-text-call-center-transcription
Artificial Intelligence & ML,artificial-intelligence-ml,2,AI Writing & Long-Form Text,ai-writing-long-form-text,22,Wedding Speech Generators,wedding-speech-generators,3,Speech-to-Text,Podcast Transcription,speech-to-text-podcast-transcription
Artificial Intelligence & ML,artificial-intelligence-ml,2,AI Writing & Long-Form Text,ai-writing-long-form-text,22,Wedding Speech Generators,wedding-speech-generators,4,Speech-to-Text,Multilingual Transcription,speech-to-text-multilingual-transcription
Artificial Intelligence & ML,artificial-intelligence-ml,2,AI Writing & Long-Form Text,ai-writing-long-form-text,22,Wedding Speech Generators,wedding-speech-generators,5,Speech-to-Text,Accessibility Captioning,speech-to-text-accessibility-captioning
Artificial Intelligence & ML,artificial-intelligence-ml,2,AI Writing & Long-Form Text,ai-writing-long-form-text,22,Wedding Speech Generators,wedding-speech-generators,6,Text-to-Speech,Natural Voice Synthesis,text-to-speech-natural-voice-synthesis
Artificial Intelligence & ML,artificial-intelligence-ml,2,AI Writing & Long-Form Text,ai-writing-long-form-text,22,Wedding Speech Generators,wedding-speech-generators,7,Text-to-Speech,E-Learning Voiceover,text-to-speech-e-learning-voiceover
Artificial Intelligence & ML,artificial-intelligence-ml,2,AI Writing & Long-Form Text,ai-writing-long-form-text,22,Wedding Speech Generators,wedding-speech-generators,8,Text-to-Speech,IVR & Phone Systems,text-to-speech-ivr-phone-systems
Artificial Intelligence & ML,artificial-intelligence-ml,2,AI Writing & Long-Form Text,ai-writing-long-form-text,22,Wedding Speech Generators,wedding-speech-generators,9,Text-to-Speech,Podcast Voice,text-to-speech-podcast-voice
Artificial Intelligence & ML,artificial-intelligence-ml,2,AI Writing & Long-Form Text,ai-writing-long-form-text,22,Wedding Speech Generators,wedding-speech-generators,10,Text-to-Speech,Video Narration,text-to-speech-video-narration
Artificial Intelligence & ML,artificial-intelligence-ml,2,AI Writing & Long-Form Text,ai-writing-long-form-text,22,Wedding Speech Generators,wedding-speech-generators,11,Text-to-Speech,Accessibility Screen Readers,text-to-speech-accessibility-screen-readers
Artificial Intelligence & ML,artificial-intelligence-ml,2,AI Writing & Long-Form Text,ai-writing-long-form-text,22,Wedding Speech Generators,wedding-speech-generators,12,Text-to-Speech,Language Translation Voice,text-to-speech-language-translation-voice
Artificial Intelligence & ML,artificial-intelligence-ml,2,AI Writing & Long-Form Text,ai-writing-long-form-text,22,Wedding Speech Generators,wedding-speech-generators,13,Text-to-Speech,Character Voice Acting,text-to-speech-character-voice-acting
Artificial Intelligence & ML,artificial-intelligence-ml,2,AI Writing & Long-Form Text,ai-writing-long-form-text,22,Wedding Speech Generators,wedding-speech-generators,14,Text-to-Speech,Brand Voice Creation,text-to-speech-brand-voice-creation
Artificial Intelligence & ML,artificial-intelligence-ml,2,AI Writing & Long-Form Text,ai-writing-long-form-text,22,Wedding Speech Generators,wedding-speech-generators,15,Wedding AI Tools,Wedding Speech Writer,wedding-ai-tools-wedding-speech-writer
Artificial Intelligence & ML,artificial-intelligence-ml,2,AI Writing & Long-Form Text,ai-writing-long-form-text,22,Wedding Speech Generators,wedding-speech-generators,16,Wedding AI Tools,Wedding Budget Planner AI,wedding-ai-tools-wedding-budget-planner-ai
Artificial Intelligence & ML,artificial-intelligence-ml,2,AI Writing & Long-Form Text,ai-writing-long-form-text,22,Wedding Speech Generators,wedding-speech-generators,17,Wedding AI Tools,Wedding Vendor Finder,wedding-ai-tools-wedding-vendor-finder
Artificial Intelligence & ML,artificial-intelligence-ml,2,AI Writing & Long-Form Text,ai-writing-long-form-text,22,Wedding Speech Generators,wedding-speech-generators,18,Wedding AI Tools,Wedding Timeline AI,wedding-ai-tools-wedding-timeline-ai
Artificial Intelligence & ML,artificial-intelligence-ml,2,AI Writing & Long-Form Text,ai-writing-long-form-text,22,Wedding Speech Generators,wedding-speech-generators,19,Wedding AI Tools,Seating Chart AI Wedding,wedding-ai-tools-seating-chart-ai-wedding
Artificial Intelligence & ML,artificial-intelligence-ml,2,AI Writing & Long-Form Text,ai-writing-long-form-text,22,Wedding Speech Generators,wedding-speech-generators,20,Wedding AI Tools,Wedding Photo Editor,wedding-ai-tools-wedding-photo-editor
Artificial Intelligence & ML,artificial-intelligence-ml,2,AI Writing & Long-Form Text,ai-writing-long-form-text,22,Wedding Speech Generators,wedding-speech-generators,21,Wedding AI Tools,Wedding Registry AI,wedding-ai-tools-wedding-registry-ai
Artificial Intelligence & ML,artificial-intelligence-ml,2,AI Writing & Long-Form Text,ai-writing-long-form-text,22,Wedding Speech Generators,wedding-speech-generators,22,Wedding AI Tools,Honeymoon Planner AI,wedding-ai-tools-honeymoon-planner-ai
Artificial Intelligence & ML,artificial-intelligence-ml,2,AI Writing & Long-Form Text,ai-writing-long-form-text,22,Wedding Speech Generators,wedding-speech-generators,23,Wedding AI Tools,Wedding Hashtag Generator,wedding-ai-tools-wedding-hashtag-generator
Artificial Intelligence & ML,artificial-intelligence-ml,2,AI Writing & Long-Form Text,ai-writing-long-form-text,23,Eulogy Drafting Helpers,eulogy-drafting-helpers,,,,
Artificial Intelligence & ML,artificial-intelligence-ml,2,AI Writing & Long-Form Text,ai-writing-long-form-text,24,Best-Man Speech Helpers,best-man-speech-helpers,,,,
Artificial Intelligence & ML,artificial-intelligence-ml,2,AI Writing & Long-Form Text,ai-writing-long-form-text,25,Toast & Roast Writers,toast-roast-writers,1,Copywriting,Product Description Writers,copywriting-product-description-writers
Artificial Intelligence & ML,artificial-intelligence-ml,2,AI Writing & Long-Form Text,ai-writing-long-form-text,25,Toast & Roast Writers,toast-roast-writers,2,Copywriting,Radio Script Writers,copywriting-radio-script-writers
Artificial Intelligence & ML,artificial-intelligence-ml,2,AI Writing & Long-Form Text,ai-writing-long-form-text,26,Cover Letter Drafting,cover-letter-drafting,,,,
Artificial Intelligence & ML,artificial-intelligence-ml,2,AI Writing & Long-Form Text,ai-writing-long-form-text,27,Personal Statement Writers,personal-statement-writers,1,Personal AI,Life Coach AI,personal-ai-life-coach-ai
Artificial Intelligence & ML,artificial-intelligence-ml,2,AI Writing & Long-Form Text,ai-writing-long-form-text,27,Personal Statement Writers,personal-statement-writers,2,Personal AI,Fitness Advisor AI,personal-ai-fitness-advisor-ai
Artificial Intelligence & ML,artificial-intelligence-ml,2,AI Writing & Long-Form Text,ai-writing-long-form-text,27,Personal Statement Writers,personal-statement-writers,3,Personal AI,Nutrition Planner AI,personal-ai-nutrition-planner-ai
Artificial Intelligence & ML,artificial-intelligence-ml,2,AI Writing & Long-Form Text,ai-writing-long-form-text,27,Personal Statement Writers,personal-statement-writers,4,Personal AI,Mental Health Companion AI,personal-ai-mental-health-companion-ai
Artificial Intelligence & ML,artificial-intelligence-ml,2,AI Writing & Long-Form Text,ai-writing-long-form-text,27,Personal Statement Writers,personal-statement-writers,5,Personal AI,Career Coach AI,personal-ai-career-coach-ai
Artificial Intelligence & ML,artificial-intelligence-ml,2,AI Writing & Long-Form Text,ai-writing-long-form-text,27,Personal Statement Writers,personal-statement-writers,6,Personal AI,Travel Planner AI,personal-ai-travel-planner-ai
Artificial Intelligence & ML,artificial-intelligence-ml,2,AI Writing & Long-Form Text,ai-writing-long-form-text,27,Personal Statement Writers,personal-statement-writers,7,Personal AI,Relationship Advisor AI,personal-ai-relationship-advisor-ai
Artificial Intelligence & ML,artificial-intelligence-ml,2,AI Writing & Long-Form Text,ai-writing-long-form-text,27,Personal Statement Writers,personal-statement-writers,8,Personal AI,Habit Tracker AI,personal-ai-habit-tracker-ai
Artificial Intelligence & ML,artificial-intelligence-ml,2,AI Writing & Long-Form Text,ai-writing-long-form-text,27,Personal Statement Writers,personal-statement-writers,9,Personal AI,Meditation Guide AI,personal-ai-meditation-guide-ai
Artificial Intelligence & ML,artificial-intelligence-ml,2,AI Writing & Long-Form Text,ai-writing-long-form-text,27,Personal Statement Writers,personal-statement-writers,10,Personal Productivity AI,Task Prioritization AI,personal-productivity-ai-task-prioritization-ai
Artificial Intelligence & ML,artificial-intelligence-ml,2,AI Writing & Long-Form Text,ai-writing-long-form-text,27,Personal Statement Writers,personal-statement-writers,11,Personal Productivity AI,Email Triage AI,personal-productivity-ai-email-triage-ai
Artificial Intelligence & ML,artificial-intelligence-ml,2,AI Writing & Long-Form Text,ai-writing-long-form-text,27,Personal Statement Writers,personal-statement-writers,12,Personal Productivity AI,Document Organization AI,personal-productivity-ai-document-organization-ai
Artificial Intelligence & ML,artificial-intelligence-ml,2,AI Writing & Long-Form Text,ai-writing-long-form-text,27,Personal Statement Writers,personal-statement-writers,13,Personal Productivity AI,Habit Formation AI,personal-productivity-ai-habit-formation-ai
Artificial Intelligence & ML,artificial-intelligence-ml,2,AI Writing & Long-Form Text,ai-writing-long-form-text,27,Personal Statement Writers,personal-statement-writers,14,Personal Productivity AI,Decision Making AI,personal-productivity-ai-decision-making-ai
Artificial Intelligence & ML,artificial-intelligence-ml,2,AI Writing & Long-Form Text,ai-writing-long-form-text,27,Personal Statement Writers,personal-statement-writers,15,Personal Productivity AI,Journaling AI,personal-productivity-ai-journaling-ai
Artificial Intelligence & ML,artificial-intelligence-ml,2,AI Writing & Long-Form Text,ai-writing-long-form-text,28,College Application Essay Helpers,college-application-essay-helpers,,,,
Artificial Intelligence & ML,artificial-intelligence-ml,2,AI Writing & Long-Form Text,ai-writing-long-form-text,29,Scholarship Essay Helpers,scholarship-essay-helpers,,,,
Artificial Intelligence & ML,artificial-intelligence-ml,2,AI Writing & Long-Form Text,ai-writing-long-form-text,30,Statement of Purpose Drafting,statement-of-purpose-drafting,,,,
Artificial Intelligence & ML,artificial-intelligence-ml,2,AI Writing & Long-Form Text,ai-writing-long-form-text,31,LinkedIn Headline Writers,linkedin-headline-writers,,,,
Artificial Intelligence & ML,artificial-intelligence-ml,2,AI Writing & Long-Form Text,ai-writing-long-form-text,32,LinkedIn About-Section Writers,linkedin-about-section-writers,,,,
Artificial Intelligence & ML,artificial-intelligence-ml,2,AI Writing & Long-Form Text,ai-writing-long-form-text,33,Bio Drafting for Bios & Press Kits,bio-drafting-for-bios-press-kits,,,,
Artificial Intelligence & ML,artificial-intelligence-ml,2,AI Writing & Long-Form Text,ai-writing-long-form-text,34,Author Bio Generators,author-bio-generators,,,,
Artificial Intelligence & ML,artificial-intelligence-ml,2,AI Writing & Long-Form Text,ai-writing-long-form-text,35,Twitter Bio Generators,twitter-bio-generators,,,,
Artificial Intelligence & ML,artificial-intelligence-ml,2,AI Writing & Long-Form Text,ai-writing-long-form-text,36,Instagram Bio Generators,instagram-bio-generators,,,,
Artificial Intelligence & ML,artificial-intelligence-ml,2,AI Writing & Long-Form Text,ai-writing-long-form-text,37,Dating Profile Writers,dating-profile-writers,,,,
Artificial Intelligence & ML,artificial-intelligence-ml,2,AI Writing & Long-Form Text,ai-writing-long-form-text,38,Apology Letter Writers,apology-letter-writers,,,,
Artificial Intelligence & ML,artificial-intelligence-ml,2,AI Writing & Long-Form Text,ai-writing-long-form-text,39,Thank-You Note Writers,thank-you-note-writers,1,Invitation & RSVP AI,Thank You Note AI,invitation-rsvp-ai-thank-you-note-ai
Artificial Intelligence & ML,artificial-intelligence-ml,2,AI Writing & Long-Form Text,ai-writing-long-form-text,40,Complaint Letter Writers,complaint-letter-writers,,,,
Artificial Intelligence & ML,artificial-intelligence-ml,2,AI Writing & Long-Form Text,ai-writing-long-form-text,41,Recommendation Letter Drafting,recommendation-letter-drafting,1,Esoteric AI,Crystal Recommendation AI,esoteric-ai-crystal-recommendation-ai
Artificial Intelligence & ML,artificial-intelligence-ml,2,AI Writing & Long-Form Text,ai-writing-long-form-text,42,Reference Letter Drafting,reference-letter-drafting,,,,
Artificial Intelligence & ML,artificial-intelligence-ml,2,AI Writing & Long-Form Text,ai-writing-long-form-text,43,Resignation Letter Writers,resignation-letter-writers,,,,
Artificial Intelligence & ML,artificial-intelligence-ml,2,AI Writing & Long-Form Text,ai-writing-long-form-text,44,Negotiation Email Drafting,negotiation-email-drafting,,,,
Artificial Intelligence & ML,artificial-intelligence-ml,2,AI Writing & Long-Form Text,ai-writing-long-form-text,45,Difficult Conversation Scripts,difficult-conversation-scripts,1,Copywriting,TV Commercial Scripts,copywriting-tv-commercial-scripts
Artificial Intelligence & ML,artificial-intelligence-ml,2,AI Writing & Long-Form Text,ai-writing-long-form-text,46,Press Release Drafting,press-release-drafting,,,,
Artificial Intelligence & ML,artificial-intelligence-ml,2,AI Writing & Long-Form Text,ai-writing-long-form-text,47,Crisis Statement Writers,crisis-statement-writers,,,,
Artificial Intelligence & ML,artificial-intelligence-ml,2,AI Writing & Long-Form Text,ai-writing-long-form-text,48,Internal Memo Drafting,internal-memo-drafting,,,,
Artificial Intelligence & ML,artificial-intelligence-ml,2,AI Writing & Long-Form Text,ai-writing-long-form-text,49,Meeting Agenda Drafting,meeting-agenda-drafting,1,Meeting AI Tools,Meeting Scheduler AI,meeting-ai-tools-meeting-scheduler-ai
Artificial Intelligence & ML,artificial-intelligence-ml,2,AI Writing & Long-Form Text,ai-writing-long-form-text,49,Meeting Agenda Drafting,meeting-agenda-drafting,2,Meeting AI Tools,Agenda Generator AI,meeting-ai-tools-agenda-generator-ai
Artificial Intelligence & ML,artificial-intelligence-ml,2,AI Writing & Long-Form Text,ai-writing-long-form-text,49,Meeting Agenda Drafting,meeting-agenda-drafting,3,Meeting AI Tools,Meeting Summary Email AI,meeting-ai-tools-meeting-summary-email-ai
Artificial Intelligence & ML,artificial-intelligence-ml,2,AI Writing & Long-Form Text,ai-writing-long-form-text,49,Meeting Agenda Drafting,meeting-agenda-drafting,4,Meeting AI Tools,Meeting Cost Calculator,meeting-ai-tools-meeting-cost-calculator
Artificial Intelligence & ML,artificial-intelligence-ml,2,AI Writing & Long-Form Text,ai-writing-long-form-text,49,Meeting Agenda Drafting,meeting-agenda-drafting,5,Meeting AI Tools,Standup Bot AI,meeting-ai-tools-standup-bot-ai
Artificial Intelligence & ML,artificial-intelligence-ml,2,AI Writing & Long-Form Text,ai-writing-long-form-text,49,Meeting Agenda Drafting,meeting-agenda-drafting,6,Meeting AI Tools,Retrospective Facilitator AI,meeting-ai-tools-retrospective-facilitator-ai
Artificial Intelligence & ML,artificial-intelligence-ml,2,AI Writing & Long-Form Text,ai-writing-long-form-text,49,Meeting Agenda Drafting,meeting-agenda-drafting,7,Meeting AI Tools,1-on-1 Question Generator,meeting-ai-tools-1-on-1-question-generator
Artificial Intelligence & ML,artificial-intelligence-ml,2,AI Writing & Long-Form Text,ai-writing-long-form-text,50,Meeting Minutes Drafting,meeting-minutes-drafting,1,Business Writing,Meeting Minutes AI,business-writing-meeting-minutes-ai
Artificial Intelligence & ML,artificial-intelligence-ml,2,AI Writing & Long-Form Text,ai-writing-long-form-text,50,Meeting Minutes Drafting,meeting-minutes-drafting,2,Meeting AI Tools,Real-Time Minutes AI,meeting-ai-tools-real-time-minutes-ai
Artificial Intelligence & ML,artificial-intelligence-ml,2,AI Writing & Long-Form Text,ai-writing-long-form-text,51,Standard Operating Procedure Writers,standard-operating-procedure-writers,,,,
Artificial Intelligence & ML,artificial-intelligence-ml,2,AI Writing & Long-Form Text,ai-writing-long-form-text,52,Policy Document Drafting,policy-document-drafting,1,Regulatory AI,Policy Analyzer AI,regulatory-ai-policy-analyzer-ai
Artificial Intelligence & ML,artificial-intelligence-ml,2,AI Writing & Long-Form Text,ai-writing-long-form-text,52,Policy Document Drafting,policy-document-drafting,2,Regulatory AI,Document Compliance AI,regulatory-ai-document-compliance-ai
Artificial Intelligence & ML,artificial-intelligence-ml,2,AI Writing & Long-Form Text,ai-writing-long-form-text,53,Job Description Drafting,job-description-drafting,1,Business Writing,Job Description Writers,business-writing-job-description-writers
Artificial Intelligence & ML,artificial-intelligence-ml,2,AI Writing & Long-Form Text,ai-writing-long-form-text,54,Employee Handbook Drafting,employee-handbook-drafting,,,,
Artificial Intelligence & ML,artificial-intelligence-ml,3,"AI Paraphrasing, Summarization & Translation",ai-paraphrasing-summarization-translation,1,Sentence Rephrasers,sentence-rephrasers,,,,
Artificial Intelligence & ML,artificial-intelligence-ml,3,"AI Paraphrasing, Summarization & Translation",ai-paraphrasing-summarization-translation,2,Paragraph Rewriters,paragraph-rewriters,,,,
Artificial Intelligence & ML,artificial-intelligence-ml,3,"AI Paraphrasing, Summarization & Translation",ai-paraphrasing-summarization-translation,3,Tone Shifters,tone-shifters,,,,
Artificial Intelligence & ML,artificial-intelligence-ml,3,"AI Paraphrasing, Summarization & Translation",ai-paraphrasing-summarization-translation,4,Formality Converters,formality-converters,,,,
Artificial Intelligence & ML,artificial-intelligence-ml,3,"AI Paraphrasing, Summarization & Translation",ai-paraphrasing-summarization-translation,5,Active-to-Passive Converters,active-to-passive-converters,,,,
Artificial Intelligence & ML,artificial-intelligence-ml,3,"AI Paraphrasing, Summarization & Translation",ai-paraphrasing-summarization-translation,6,Reading Level Adjusters,reading-level-adjusters,1,Mystical & Spiritual AI,Palm Reading AI,mystical-spiritual-ai-palm-reading-ai
Artificial Intelligence & ML,artificial-intelligence-ml,3,"AI Paraphrasing, Summarization & Translation",ai-paraphrasing-summarization-translation,6,Reading Level Adjusters,reading-level-adjusters,2,Esoteric AI,Rune Reading AI,esoteric-ai-rune-reading-ai
Artificial Intelligence & ML,artificial-intelligence-ml,3,"AI Paraphrasing, Summarization & Translation",ai-paraphrasing-summarization-translation,7,AI Text Simplifiers,ai-text-simplifiers,1,Text Extraction AI,OCR Scanner AI,text-extraction-ai-ocr-scanner-ai
Artificial Intelligence & ML,artificial-intelligence-ml,3,"AI Paraphrasing, Summarization & Translation",ai-paraphrasing-summarization-translation,7,AI Text Simplifiers,ai-text-simplifiers,2,Text Extraction AI,Handwriting to Text,text-extraction-ai-handwriting-to-text
Artificial Intelligence & ML,artificial-intelligence-ml,3,"AI Paraphrasing, Summarization & Translation",ai-paraphrasing-summarization-translation,7,AI Text Simplifiers,ai-text-simplifiers,3,Text Extraction AI,Receipt Scanner AI,text-extraction-ai-receipt-scanner-ai
Artificial Intelligence & ML,artificial-intelligence-ml,3,"AI Paraphrasing, Summarization & Translation",ai-paraphrasing-summarization-translation,7,AI Text Simplifiers,ai-text-simplifiers,4,Text Extraction AI,Business Card Scanner,text-extraction-ai-business-card-scanner
Artificial Intelligence & ML,artificial-intelligence-ml,3,"AI Paraphrasing, Summarization & Translation",ai-paraphrasing-summarization-translation,7,AI Text Simplifiers,ai-text-simplifiers,5,Text Extraction AI,Document Digitizer,text-extraction-ai-document-digitizer
Artificial Intelligence & ML,artificial-intelligence-ml,3,"AI Paraphrasing, Summarization & Translation",ai-paraphrasing-summarization-translation,7,AI Text Simplifiers,ai-text-simplifiers,6,Text Extraction AI,Table Extractor AI,text-extraction-ai-table-extractor-ai
Artificial Intelligence & ML,artificial-intelligence-ml,3,"AI Paraphrasing, Summarization & Translation",ai-paraphrasing-summarization-translation,7,AI Text Simplifiers,ai-text-simplifiers,7,Text Extraction AI,Form Recognizer AI,text-extraction-ai-form-recognizer-ai
Artificial Intelligence & ML,artificial-intelligence-ml,3,"AI Paraphrasing, Summarization & Translation",ai-paraphrasing-summarization-translation,7,AI Text Simplifiers,ai-text-simplifiers,8,Text Extraction AI,License Plate Reader AI,text-extraction-ai-license-plate-reader-ai
Artificial Intelligence & ML,artificial-intelligence-ml,3,"AI Paraphrasing, Summarization & Translation",ai-paraphrasing-summarization-translation,7,AI Text Simplifiers,ai-text-simplifiers,9,Text Extraction AI,Passport Scanner AI,text-extraction-ai-passport-scanner-ai
Artificial Intelligence & ML,artificial-intelligence-ml,3,"AI Paraphrasing, Summarization & Translation",ai-paraphrasing-summarization-translation,7,AI Text Simplifiers,ai-text-simplifiers,10,Text Extraction AI,Prescription Reader AI,text-extraction-ai-prescription-reader-ai
Artificial Intelligence & ML,artificial-intelligence-ml,3,"AI Paraphrasing, Summarization & Translation",ai-paraphrasing-summarization-translation,8,Plain Language Rewriters,plain-language-rewriters,1,AI Personas,Language Partner AI,ai-personas-language-partner-ai
Artificial Intelligence & ML,artificial-intelligence-ml,3,"AI Paraphrasing, Summarization & Translation",ai-paraphrasing-summarization-translation,9,ELI5 Explainers,eli5-explainers,,,,
Artificial Intelligence & ML,artificial-intelligence-ml,3,"AI Paraphrasing, Summarization & Translation",ai-paraphrasing-summarization-translation,10,TL;DR Generators,tldr-generators,,,,
Artificial Intelligence & ML,artificial-intelligence-ml,3,"AI Paraphrasing, Summarization & Translation",ai-paraphrasing-summarization-translation,11,Bullet-Point Summarizers,bullet-point-summarizers,,,,
Artificial Intelligence & ML,artificial-intelligence-ml,3,"AI Paraphrasing, Summarization & Translation",ai-paraphrasing-summarization-translation,12,Executive Summary Writers,executive-summary-writers,,,,
Artificial Intelligence & ML,artificial-intelligence-ml,3,"AI Paraphrasing, Summarization & Translation",ai-paraphrasing-summarization-translation,13,Long Article Condensers,long-article-condensers,,,,
Artificial Intelligence & ML,artificial-intelligence-ml,3,"AI Paraphrasing, Summarization & Translation",ai-paraphrasing-summarization-translation,14,YouTube Video Summarizers,youtube-video-summarizers,1,Video Effects AI,Video Filter AI,video-effects-ai-video-filter-ai
Artificial Intelligence & ML,artificial-intelligence-ml,3,"AI Paraphrasing, Summarization & Translation",ai-paraphrasing-summarization-translation,14,YouTube Video Summarizers,youtube-video-summarizers,2,Video Effects AI,Time-Lapse AI,video-effects-ai-time-lapse-ai
Artificial Intelligence & ML,artificial-intelligence-ml,3,"AI Paraphrasing, Summarization & Translation",ai-paraphrasing-summarization-translation,14,YouTube Video Summarizers,youtube-video-summarizers,3,Video Effects AI,Cinemagraph AI,video-effects-ai-cinemagraph-ai
Artificial Intelligence & ML,artificial-intelligence-ml,3,"AI Paraphrasing, Summarization & Translation",ai-paraphrasing-summarization-translation,14,YouTube Video Summarizers,youtube-video-summarizers,4,Video Effects AI,Video Transition AI,video-effects-ai-video-transition-ai
Artificial Intelligence & ML,artificial-intelligence-ml,3,"AI Paraphrasing, Summarization & Translation",ai-paraphrasing-summarization-translation,14,YouTube Video Summarizers,youtube-video-summarizers,5,Video Effects AI,Glitch Effect AI,video-effects-ai-glitch-effect-ai
Artificial Intelligence & ML,artificial-intelligence-ml,3,"AI Paraphrasing, Summarization & Translation",ai-paraphrasing-summarization-translation,14,YouTube Video Summarizers,youtube-video-summarizers,6,Video Effects AI,Retro Video Filter,video-effects-ai-retro-video-filter
Artificial Intelligence & ML,artificial-intelligence-ml,3,"AI Paraphrasing, Summarization & Translation",ai-paraphrasing-summarization-translation,14,YouTube Video Summarizers,youtube-video-summarizers,7,Video Effects AI,Bokeh Effect AI,video-effects-ai-bokeh-effect-ai
Artificial Intelligence & ML,artificial-intelligence-ml,3,"AI Paraphrasing, Summarization & Translation",ai-paraphrasing-summarization-translation,14,YouTube Video Summarizers,youtube-video-summarizers,8,Video Effects AI,Video Overlay AI,video-effects-ai-video-overlay-ai
Artificial Intelligence & ML,artificial-intelligence-ml,3,"AI Paraphrasing, Summarization & Translation",ai-paraphrasing-summarization-translation,14,YouTube Video Summarizers,youtube-video-summarizers,9,Video Enhancement AI,Video Colorization,video-enhancement-ai-video-colorization
Artificial Intelligence & ML,artificial-intelligence-ml,3,"AI Paraphrasing, Summarization & Translation",ai-paraphrasing-summarization-translation,14,YouTube Video Summarizers,youtube-video-summarizers,10,Video Enhancement AI,Video Denoising,video-enhancement-ai-video-denoising
Artificial Intelligence & ML,artificial-intelligence-ml,3,"AI Paraphrasing, Summarization & Translation",ai-paraphrasing-summarization-translation,14,YouTube Video Summarizers,youtube-video-summarizers,11,Video Enhancement AI,Video Frame Rate Boost,video-enhancement-ai-video-frame-rate-boost
Artificial Intelligence & ML,artificial-intelligence-ml,3,"AI Paraphrasing, Summarization & Translation",ai-paraphrasing-summarization-translation,14,YouTube Video Summarizers,youtube-video-summarizers,12,Video Enhancement AI,Video Resolution Upscale,video-enhancement-ai-video-resolution-upscale
Artificial Intelligence & ML,artificial-intelligence-ml,3,"AI Paraphrasing, Summarization & Translation",ai-paraphrasing-summarization-translation,14,YouTube Video Summarizers,youtube-video-summarizers,13,Video Enhancement AI,VHS to Digital AI,video-enhancement-ai-vhs-to-digital-ai
Artificial Intelligence & ML,artificial-intelligence-ml,3,"AI Paraphrasing, Summarization & Translation",ai-paraphrasing-summarization-translation,14,YouTube Video Summarizers,youtube-video-summarizers,14,Video Enhancement AI,Video Stabilizer Pro,video-enhancement-ai-video-stabilizer-pro
Artificial Intelligence & ML,artificial-intelligence-ml,3,"AI Paraphrasing, Summarization & Translation",ai-paraphrasing-summarization-translation,14,YouTube Video Summarizers,youtube-video-summarizers,15,Video Enhancement AI,Low-Light Video Enhance,video-enhancement-ai-low-light-video-enhance
Artificial Intelligence & ML,artificial-intelligence-ml,3,"AI Paraphrasing, Summarization & Translation",ai-paraphrasing-summarization-translation,14,YouTube Video Summarizers,youtube-video-summarizers,16,Video Enhancement AI,Video Sharpening AI,video-enhancement-ai-video-sharpening-ai
Artificial Intelligence & ML,artificial-intelligence-ml,3,"AI Paraphrasing, Summarization & Translation",ai-paraphrasing-summarization-translation,14,YouTube Video Summarizers,youtube-video-summarizers,17,Video Enhancement AI,Video HDR Converter,video-enhancement-ai-video-hdr-converter
Artificial Intelligence & ML,artificial-intelligence-ml,3,"AI Paraphrasing, Summarization & Translation",ai-paraphrasing-summarization-translation,14,YouTube Video Summarizers,youtube-video-summarizers,18,Video Analysis AI,Video Content Moderation,video-analysis-ai-video-content-moderation
Artificial Intelligence & ML,artificial-intelligence-ml,3,"AI Paraphrasing, Summarization & Translation",ai-paraphrasing-summarization-translation,14,YouTube Video Summarizers,youtube-video-summarizers,19,Video Analysis AI,Video Scene Classification,video-analysis-ai-video-scene-classification
Artificial Intelligence & ML,artificial-intelligence-ml,3,"AI Paraphrasing, Summarization & Translation",ai-paraphrasing-summarization-translation,14,YouTube Video Summarizers,youtube-video-summarizers,20,Video Analysis AI,Video Emotion Detection,video-analysis-ai-video-emotion-detection
Artificial Intelligence & ML,artificial-intelligence-ml,3,"AI Paraphrasing, Summarization & Translation",ai-paraphrasing-summarization-translation,14,YouTube Video Summarizers,youtube-video-summarizers,21,Video Analysis AI,Video Action Recognition,video-analysis-ai-video-action-recognition
Artificial Intelligence & ML,artificial-intelligence-ml,3,"AI Paraphrasing, Summarization & Translation",ai-paraphrasing-summarization-translation,14,YouTube Video Summarizers,youtube-video-summarizers,22,Video Analysis AI,Video OCR,video-analysis-ai-video-ocr
Artificial Intelligence & ML,artificial-intelligence-ml,3,"AI Paraphrasing, Summarization & Translation",ai-paraphrasing-summarization-translation,14,YouTube Video Summarizers,youtube-video-summarizers,23,Video Analysis AI,Video Timeline Marker,video-analysis-ai-video-timeline-marker
Artificial Intelligence & ML,artificial-intelligence-ml,3,"AI Paraphrasing, Summarization & Translation",ai-paraphrasing-summarization-translation,14,YouTube Video Summarizers,youtube-video-summarizers,24,Video Analysis AI,Video Highlight Extraction,video-analysis-ai-video-highlight-extraction
Artificial Intelligence & ML,artificial-intelligence-ml,3,"AI Paraphrasing, Summarization & Translation",ai-paraphrasing-summarization-translation,14,YouTube Video Summarizers,youtube-video-summarizers,25,Video Analysis AI,Video Quality Assessment,video-analysis-ai-video-quality-assessment
Artificial Intelligence & ML,artificial-intelligence-ml,3,"AI Paraphrasing, Summarization & Translation",ai-paraphrasing-summarization-translation,14,YouTube Video Summarizers,youtube-video-summarizers,26,Video Analysis AI,Video Accessibility Checker,video-analysis-ai-video-accessibility-checker
Artificial Intelligence & ML,artificial-intelligence-ml,3,"AI Paraphrasing, Summarization & Translation",ai-paraphrasing-summarization-translation,14,YouTube Video Summarizers,youtube-video-summarizers,27,Video Dubbing & Localization,AI Video Dubbing,video-dubbing-localization-ai-video-dubbing
Artificial Intelligence & ML,artificial-intelligence-ml,3,"AI Paraphrasing, Summarization & Translation",ai-paraphrasing-summarization-translation,14,YouTube Video Summarizers,youtube-video-summarizers,28,Video Dubbing & Localization,Lip Sync Translation,video-dubbing-localization-lip-sync-translation
Artificial Intelligence & ML,artificial-intelligence-ml,3,"AI Paraphrasing, Summarization & Translation",ai-paraphrasing-summarization-translation,14,YouTube Video Summarizers,youtube-video-summarizers,29,Video Dubbing & Localization,Subtitle Generator Multi-Language,video-dubbing-localization-subtitle-generator-multi-language
Artificial Intelligence & ML,artificial-intelligence-ml,3,"AI Paraphrasing, Summarization & Translation",ai-paraphrasing-summarization-translation,14,YouTube Video Summarizers,youtube-video-summarizers,30,Video Dubbing & Localization,Voice-Over Translation,video-dubbing-localization-voice-over-translation
Artificial Intelligence & ML,artificial-intelligence-ml,3,"AI Paraphrasing, Summarization & Translation",ai-paraphrasing-summarization-translation,14,YouTube Video Summarizers,youtube-video-summarizers,31,Video Dubbing & Localization,Sign Language Overlay AI,video-dubbing-localization-sign-language-overlay-ai
Artificial Intelligence & ML,artificial-intelligence-ml,3,"AI Paraphrasing, Summarization & Translation",ai-paraphrasing-summarization-translation,14,YouTube Video Summarizers,youtube-video-summarizers,32,Video Dubbing & Localization,Audio Description AI,video-dubbing-localization-audio-description-ai
Artificial Intelligence & ML,artificial-intelligence-ml,3,"AI Paraphrasing, Summarization & Translation",ai-paraphrasing-summarization-translation,14,YouTube Video Summarizers,youtube-video-summarizers,33,Video Dubbing & Localization,Cultural Adaptation Video,video-dubbing-localization-cultural-adaptation-video
Artificial Intelligence & ML,artificial-intelligence-ml,3,"AI Paraphrasing, Summarization & Translation",ai-paraphrasing-summarization-translation,14,YouTube Video Summarizers,youtube-video-summarizers,34,Video Dubbing & Localization,Regional Accent Video,video-dubbing-localization-regional-accent-video
Artificial Intelligence & ML,artificial-intelligence-ml,3,"AI Paraphrasing, Summarization & Translation",ai-paraphrasing-summarization-translation,14,YouTube Video Summarizers,youtube-video-summarizers,35,Video Dubbing & Localization,Video Localization QA,video-dubbing-localization-video-localization-qa
Artificial Intelligence & ML,artificial-intelligence-ml,3,"AI Paraphrasing, Summarization & Translation",ai-paraphrasing-summarization-translation,14,YouTube Video Summarizers,youtube-video-summarizers,36,Video Dubbing & Localization,Multilingual Thumbnail AI,video-dubbing-localization-multilingual-thumbnail-ai
Artificial Intelligence & ML,artificial-intelligence-ml,3,"AI Paraphrasing, Summarization & Translation",ai-paraphrasing-summarization-translation,15,Podcast Episode Summarizers,podcast-episode-summarizers,1,Podcast AI,Podcast Transcription,podcast-ai-podcast-transcription
Artificial Intelligence & ML,artificial-intelligence-ml,3,"AI Paraphrasing, Summarization & Translation",ai-paraphrasing-summarization-translation,15,Podcast Episode Summarizers,podcast-episode-summarizers,2,Podcast AI,Show Notes Generator,podcast-ai-show-notes-generator
Artificial Intelligence & ML,artificial-intelligence-ml,3,"AI Paraphrasing, Summarization & Translation",ai-paraphrasing-summarization-translation,15,Podcast Episode Summarizers,podcast-episode-summarizers,3,Podcast AI,Episode Summary AI,podcast-ai-episode-summary-ai
Artificial Intelligence & ML,artificial-intelligence-ml,3,"AI Paraphrasing, Summarization & Translation",ai-paraphrasing-summarization-translation,15,Podcast Episode Summarizers,podcast-episode-summarizers,4,Podcast AI,Intro/Outro Generator,podcast-ai-intro-outro-generator
Artificial Intelligence & ML,artificial-intelligence-ml,3,"AI Paraphrasing, Summarization & Translation",ai-paraphrasing-summarization-translation,15,Podcast Episode Summarizers,podcast-episode-summarizers,5,Podcast AI,Guest Research AI,podcast-ai-guest-research-ai
Artificial Intelligence & ML,artificial-intelligence-ml,3,"AI Paraphrasing, Summarization & Translation",ai-paraphrasing-summarization-translation,15,Podcast Episode Summarizers,podcast-episode-summarizers,6,Podcast AI,Podcast SEO AI,podcast-ai-podcast-seo-ai
Artificial Intelligence & ML,artificial-intelligence-ml,3,"AI Paraphrasing, Summarization & Translation",ai-paraphrasing-summarization-translation,15,Podcast Episode Summarizers,podcast-episode-summarizers,7,Podcast AI,Clip Extraction,podcast-ai-clip-extraction
Artificial Intelligence & ML,artificial-intelligence-ml,3,"AI Paraphrasing, Summarization & Translation",ai-paraphrasing-summarization-translation,15,Podcast Episode Summarizers,podcast-episode-summarizers,8,Podcast AI,Podcast Analytics AI,podcast-ai-podcast-analytics-ai
Artificial Intelligence & ML,artificial-intelligence-ml,3,"AI Paraphrasing, Summarization & Translation",ai-paraphrasing-summarization-translation,15,Podcast Episode Summarizers,podcast-episode-summarizers,9,Podcast AI,Cross-Posting AI,podcast-ai-cross-posting-ai
Artificial Intelligence & ML,artificial-intelligence-ml,3,"AI Paraphrasing, Summarization & Translation",ai-paraphrasing-summarization-translation,16,Lecture Recording Summarizers,lecture-recording-summarizers,,,,
Artificial Intelligence & ML,artificial-intelligence-ml,3,"AI Paraphrasing, Summarization & Translation",ai-paraphrasing-summarization-translation,17,Book Chapter Summarizers,book-chapter-summarizers,,,,
Artificial Intelligence & ML,artificial-intelligence-ml,3,"AI Paraphrasing, Summarization & Translation",ai-paraphrasing-summarization-translation,18,Research Paper Summarizers,research-paper-summarizers,1,Content Research,Topic Discovery AI,content-research-topic-discovery-ai
Artificial Intelligence & ML,artificial-intelligence-ml,3,"AI Paraphrasing, Summarization & Translation",ai-paraphrasing-summarization-translation,18,Research Paper Summarizers,research-paper-summarizers,2,Content Research,Headline Analyzer AI,content-research-headline-analyzer-ai
Artificial Intelligence & ML,artificial-intelligence-ml,3,"AI Paraphrasing, Summarization & Translation",ai-paraphrasing-summarization-translation,18,Research Paper Summarizers,research-paper-summarizers,3,Content Research,Content Gap AI,content-research-content-gap-ai
Artificial Intelligence & ML,artificial-intelligence-ml,3,"AI Paraphrasing, Summarization & Translation",ai-paraphrasing-summarization-translation,18,Research Paper Summarizers,research-paper-summarizers,4,Content Research,Competitor Content AI,content-research-competitor-content-ai
Artificial Intelligence & ML,artificial-intelligence-ml,3,"AI Paraphrasing, Summarization & Translation",ai-paraphrasing-summarization-translation,18,Research Paper Summarizers,research-paper-summarizers,5,Content Research,Audience Insights AI,content-research-audience-insights-ai
Artificial Intelligence & ML,artificial-intelligence-ml,3,"AI Paraphrasing, Summarization & Translation",ai-paraphrasing-summarization-translation,18,Research Paper Summarizers,research-paper-summarizers,6,Content Research,Trending Analysis,content-research-trending-analysis
Artificial Intelligence & ML,artificial-intelligence-ml,3,"AI Paraphrasing, Summarization & Translation",ai-paraphrasing-summarization-translation,18,Research Paper Summarizers,research-paper-summarizers,7,Content Research,Question Research AI,content-research-question-research-ai
Artificial Intelligence & ML,artificial-intelligence-ml,3,"AI Paraphrasing, Summarization & Translation",ai-paraphrasing-summarization-translation,18,Research Paper Summarizers,research-paper-summarizers,8,Content Research,User Intent AI,content-research-user-intent-ai
Artificial Intelligence & ML,artificial-intelligence-ml,3,"AI Paraphrasing, Summarization & Translation",ai-paraphrasing-summarization-translation,18,Research Paper Summarizers,research-paper-summarizers,9,Content Research,Content Scoring AI,content-research-content-scoring-ai
Artificial Intelligence & ML,artificial-intelligence-ml,3,"AI Paraphrasing, Summarization & Translation",ai-paraphrasing-summarization-translation,18,Research Paper Summarizers,research-paper-summarizers,10,Content Research,ROI Prediction AI,content-research-roi-prediction-ai
Artificial Intelligence & ML,artificial-intelligence-ml,3,"AI Paraphrasing, Summarization & Translation",ai-paraphrasing-summarization-translation,19,News Digest Summarizers,news-digest-summarizers,,,,
Artificial Intelligence & ML,artificial-intelligence-ml,3,"AI Paraphrasing, Summarization & Translation",ai-paraphrasing-summarization-translation,20,Email Thread Summarizers,email-thread-summarizers,,,,
Artificial Intelligence & ML,artificial-intelligence-ml,3,"AI Paraphrasing, Summarization & Translation",ai-paraphrasing-summarization-translation,21,Slack Thread Summarizers,slack-thread-summarizers,,,,
Artificial Intelligence & ML,artificial-intelligence-ml,3,"AI Paraphrasing, Summarization & Translation",ai-paraphrasing-summarization-translation,22,Real-Time Conversation Translators,real-time-conversation-translators,,,,
Artificial Intelligence & ML,artificial-intelligence-ml,3,"AI Paraphrasing, Summarization & Translation",ai-paraphrasing-summarization-translation,23,Document Translators,document-translators,,,,
Artificial Intelligence & ML,artificial-intelligence-ml,3,"AI Paraphrasing, Summarization & Translation",ai-paraphrasing-summarization-translation,24,Subtitle Translators,subtitle-translators,,,,
Artificial Intelligence & ML,artificial-intelligence-ml,3,"AI Paraphrasing, Summarization & Translation",ai-paraphrasing-summarization-translation,25,Website Localization Tools,website-localization-tools,1,Translation & Localization,Document Translation,translation-localization-document-translation
Artificial Intelligence & ML,artificial-intelligence-ml,3,"AI Paraphrasing, Summarization & Translation",ai-paraphrasing-summarization-translation,25,Website Localization Tools,website-localization-tools,2,Translation & Localization,Website Translation,translation-localization-website-translation
Artificial Intelligence & ML,artificial-intelligence-ml,3,"AI Paraphrasing, Summarization & Translation",ai-paraphrasing-summarization-translation,25,Website Localization Tools,website-localization-tools,3,Translation & Localization,Real-Time Chat Translation,translation-localization-real-time-chat-translation
Artificial Intelligence & ML,artificial-intelligence-ml,3,"AI Paraphrasing, Summarization & Translation",ai-paraphrasing-summarization-translation,25,Website Localization Tools,website-localization-tools,4,Translation & Localization,Subtitle Translation,translation-localization-subtitle-translation
Artificial Intelligence & ML,artificial-intelligence-ml,3,"AI Paraphrasing, Summarization & Translation",ai-paraphrasing-summarization-translation,25,Website Localization Tools,website-localization-tools,5,Translation & Localization,App Localization,translation-localization-app-localization
Artificial Intelligence & ML,artificial-intelligence-ml,3,"AI Paraphrasing, Summarization & Translation",ai-paraphrasing-summarization-translation,25,Website Localization Tools,website-localization-tools,6,Translation & Localization,Marketing Translation,translation-localization-marketing-translation
Artificial Intelligence & ML,artificial-intelligence-ml,3,"AI Paraphrasing, Summarization & Translation",ai-paraphrasing-summarization-translation,25,Website Localization Tools,website-localization-tools,7,Translation & Localization,Legal Translation,translation-localization-legal-translation
Artificial Intelligence & ML,artificial-intelligence-ml,3,"AI Paraphrasing, Summarization & Translation",ai-paraphrasing-summarization-translation,25,Website Localization Tools,website-localization-tools,8,Translation & Localization,Medical Translation,translation-localization-medical-translation
Artificial Intelligence & ML,artificial-intelligence-ml,3,"AI Paraphrasing, Summarization & Translation",ai-paraphrasing-summarization-translation,25,Website Localization Tools,website-localization-tools,9,Translation & Localization,Technical Translation,translation-localization-technical-translation
Artificial Intelligence & ML,artificial-intelligence-ml,3,"AI Paraphrasing, Summarization & Translation",ai-paraphrasing-summarization-translation,25,Website Localization Tools,website-localization-tools,10,Translation & Localization,Cultural Adaptation,translation-localization-cultural-adaptation
Artificial Intelligence & ML,artificial-intelligence-ml,3,"AI Paraphrasing, Summarization & Translation",ai-paraphrasing-summarization-translation,26,Code Comment Translators,code-comment-translators,1,Code Generation,Code Completion,code-generation-code-completion
Artificial Intelligence & ML,artificial-intelligence-ml,3,"AI Paraphrasing, Summarization & Translation",ai-paraphrasing-summarization-translation,26,Code Comment Translators,code-comment-translators,2,Code Generation,Full-Stack Code Gen,code-generation-full-stack-code-gen
Artificial Intelligence & ML,artificial-intelligence-ml,3,"AI Paraphrasing, Summarization & Translation",ai-paraphrasing-summarization-translation,26,Code Comment Translators,code-comment-translators,3,Code Generation,Frontend Code AI,code-generation-frontend-code-ai
Artificial Intelligence & ML,artificial-intelligence-ml,3,"AI Paraphrasing, Summarization & Translation",ai-paraphrasing-summarization-translation,26,Code Comment Translators,code-comment-translators,4,Code Generation,Backend Code AI,code-generation-backend-code-ai
Artificial Intelligence & ML,artificial-intelligence-ml,3,"AI Paraphrasing, Summarization & Translation",ai-paraphrasing-summarization-translation,26,Code Comment Translators,code-comment-translators,5,Code Generation,Mobile Code AI,code-generation-mobile-code-ai
Artificial Intelligence & ML,artificial-intelligence-ml,3,"AI Paraphrasing, Summarization & Translation",ai-paraphrasing-summarization-translation,26,Code Comment Translators,code-comment-translators,6,Code Generation,Database Query AI,code-generation-database-query-ai
Artificial Intelligence & ML,artificial-intelligence-ml,3,"AI Paraphrasing, Summarization & Translation",ai-paraphrasing-summarization-translation,26,Code Comment Translators,code-comment-translators,7,Code Generation,API Code Generator,code-generation-api-code-generator
Artificial Intelligence & ML,artificial-intelligence-ml,3,"AI Paraphrasing, Summarization & Translation",ai-paraphrasing-summarization-translation,26,Code Comment Translators,code-comment-translators,8,Code Generation,Script Writing AI,code-generation-script-writing-ai
Artificial Intelligence & ML,artificial-intelligence-ml,3,"AI Paraphrasing, Summarization & Translation",ai-paraphrasing-summarization-translation,26,Code Comment Translators,code-comment-translators,9,Code Generation,Config File Generator,code-generation-config-file-generator
Artificial Intelligence & ML,artificial-intelligence-ml,3,"AI Paraphrasing, Summarization & Translation",ai-paraphrasing-summarization-translation,26,Code Comment Translators,code-comment-translators,10,Code Generation,Boilerplate Generator,code-generation-boilerplate-generator
Artificial Intelligence & ML,artificial-intelligence-ml,3,"AI Paraphrasing, Summarization & Translation",ai-paraphrasing-summarization-translation,26,Code Comment Translators,code-comment-translators,11,Code Review & Debug,Automated Code Review,code-review-debug-automated-code-review
Artificial Intelligence & ML,artificial-intelligence-ml,3,"AI Paraphrasing, Summarization & Translation",ai-paraphrasing-summarization-translation,26,Code Comment Translators,code-comment-translators,12,Code Review & Debug,Bug Detection AI,code-review-debug-bug-detection-ai
Artificial Intelligence & ML,artificial-intelligence-ml,3,"AI Paraphrasing, Summarization & Translation",ai-paraphrasing-summarization-translation,26,Code Comment Translators,code-comment-translators,13,Code Review & Debug,Refactoring Assistant,code-review-debug-refactoring-assistant
Artificial Intelligence & ML,artificial-intelligence-ml,3,"AI Paraphrasing, Summarization & Translation",ai-paraphrasing-summarization-translation,26,Code Comment Translators,code-comment-translators,14,Code Review & Debug,Test Generation AI,code-review-debug-test-generation-ai
Artificial Intelligence & ML,artificial-intelligence-ml,3,"AI Paraphrasing, Summarization & Translation",ai-paraphrasing-summarization-translation,26,Code Comment Translators,code-comment-translators,15,Code Review & Debug,Documentation Generator,code-review-debug-documentation-generator
Artificial Intelligence & ML,artificial-intelligence-ml,3,"AI Paraphrasing, Summarization & Translation",ai-paraphrasing-summarization-translation,26,Code Comment Translators,code-comment-translators,16,Code Review & Debug,Dependency Analyzer,code-review-debug-dependency-analyzer
Artificial Intelligence & ML,artificial-intelligence-ml,3,"AI Paraphrasing, Summarization & Translation",ai-paraphrasing-summarization-translation,26,Code Comment Translators,code-comment-translators,17,QR Code AI,AI Art QR Generator,qr-code-ai-ai-art-qr-generator
Artificial Intelligence & ML,artificial-intelligence-ml,3,"AI Paraphrasing, Summarization & Translation",ai-paraphrasing-summarization-translation,26,Code Comment Translators,code-comment-translators,18,QR Code AI,Branded QR Codes,qr-code-ai-branded-qr-codes
Artificial Intelligence & ML,artificial-intelligence-ml,3,"AI Paraphrasing, Summarization & Translation",ai-paraphrasing-summarization-translation,26,Code Comment Translators,code-comment-translators,19,QR Code AI,Dynamic QR Creator,qr-code-ai-dynamic-qr-creator
Artificial Intelligence & ML,artificial-intelligence-ml,3,"AI Paraphrasing, Summarization & Translation",ai-paraphrasing-summarization-translation,26,Code Comment Translators,code-comment-translators,20,QR Code AI,QR Code Scanner AI,qr-code-ai-qr-code-scanner-ai
Artificial Intelligence & ML,artificial-intelligence-ml,3,"AI Paraphrasing, Summarization & Translation",ai-paraphrasing-summarization-translation,26,Code Comment Translators,code-comment-translators,21,QR Code AI,QR Menu Generator,qr-code-ai-qr-menu-generator
Artificial Intelligence & ML,artificial-intelligence-ml,3,"AI Paraphrasing, Summarization & Translation",ai-paraphrasing-summarization-translation,26,Code Comment Translators,code-comment-translators,22,QR Code AI,QR Business Card,qr-code-ai-qr-business-card
Artificial Intelligence & ML,artificial-intelligence-ml,3,"AI Paraphrasing, Summarization & Translation",ai-paraphrasing-summarization-translation,26,Code Comment Translators,code-comment-translators,23,QR Code AI,QR Event Ticket,qr-code-ai-qr-event-ticket
Artificial Intelligence & ML,artificial-intelligence-ml,3,"AI Paraphrasing, Summarization & Translation",ai-paraphrasing-summarization-translation,26,Code Comment Translators,code-comment-translators,24,QR Code AI,QR Product Label,qr-code-ai-qr-product-label
Artificial Intelligence & ML,artificial-intelligence-ml,3,"AI Paraphrasing, Summarization & Translation",ai-paraphrasing-summarization-translation,26,Code Comment Translators,code-comment-translators,25,QR Code AI,QR Wi-Fi Share,qr-code-ai-qr-wi-fi-share
Artificial Intelligence & ML,artificial-intelligence-ml,3,"AI Paraphrasing, Summarization & Translation",ai-paraphrasing-summarization-translation,26,Code Comment Translators,code-comment-translators,26,QR Code AI,QR Payment Link,qr-code-ai-qr-payment-link
Artificial Intelligence & ML,artificial-intelligence-ml,3,"AI Paraphrasing, Summarization & Translation",ai-paraphrasing-summarization-translation,27,Game Localization Tools,game-localization-tools,,,,
Artificial Intelligence & ML,artificial-intelligence-ml,3,"AI Paraphrasing, Summarization & Translation",ai-paraphrasing-summarization-translation,28,Manga & Comic Translators,manga-comic-translators,1,Meme Creation AI,Comic Strip AI,meme-creation-ai-comic-strip-ai
Artificial Intelligence & ML,artificial-intelligence-ml,3,"AI Paraphrasing, Summarization & Translation",ai-paraphrasing-summarization-translation,29,Sign Translation Tools,sign-translation-tools,,,,
Artificial Intelligence & ML,artificial-intelligence-ml,3,"AI Paraphrasing, Summarization & Translation",ai-paraphrasing-summarization-translation,30,Dialect-Specific Translators,dialect-specific-translators,1,Platform-Specific AI,Snapchat Content AI,platform-specific-ai-snapchat-content-ai
Artificial Intelligence & ML,artificial-intelligence-ml,3,"AI Paraphrasing, Summarization & Translation",ai-paraphrasing-summarization-translation,31,Cultural Adaptation Tools,cultural-adaptation-tools,,,,
Artificial Intelligence & ML,artificial-intelligence-ml,4,AI Image Generation,ai-image-generation,1,Hyperrealistic Photo Generators,hyperrealistic-photo-generators,1,AI QA Tools,AI Test Generation,ai-qa-tools-ai-test-generation
Artificial Intelligence & ML,artificial-intelligence-ml,4,AI Image Generation,ai-image-generation,1,Hyperrealistic Photo Generators,hyperrealistic-photo-generators,2,Photo Effects AI,AI Filters & Presets,photo-effects-ai-ai-filters-presets
Artificial Intelligence & ML,artificial-intelligence-ml,4,AI Image Generation,ai-image-generation,1,Hyperrealistic Photo Generators,hyperrealistic-photo-generators,3,Photo Effects AI,Photo to Cartoon,photo-effects-ai-photo-to-cartoon
Artificial Intelligence & ML,artificial-intelligence-ml,4,AI Image Generation,ai-image-generation,1,Hyperrealistic Photo Generators,hyperrealistic-photo-generators,4,Photo Effects AI,Photo to Sketch,photo-effects-ai-photo-to-sketch
Artificial Intelligence & ML,artificial-intelligence-ml,4,AI Image Generation,ai-image-generation,1,Hyperrealistic Photo Generators,hyperrealistic-photo-generators,5,Photo Effects AI,Photo to Painting,photo-effects-ai-photo-to-painting
Artificial Intelligence & ML,artificial-intelligence-ml,4,AI Image Generation,ai-image-generation,1,Hyperrealistic Photo Generators,hyperrealistic-photo-generators,6,Photo Effects AI,Photo Colorization,photo-effects-ai-photo-colorization
Artificial Intelligence & ML,artificial-intelligence-ml,4,AI Image Generation,ai-image-generation,1,Hyperrealistic Photo Generators,hyperrealistic-photo-generators,7,Photo Effects AI,Face Swap AI,photo-effects-ai-face-swap-ai
Artificial Intelligence & ML,artificial-intelligence-ml,4,AI Image Generation,ai-image-generation,1,Hyperrealistic Photo Generators,hyperrealistic-photo-generators,8,Photo Effects AI,Age Progression AI,photo-effects-ai-age-progression-ai
Artificial Intelligence & ML,artificial-intelligence-ml,4,AI Image Generation,ai-image-generation,1,Hyperrealistic Photo Generators,hyperrealistic-photo-generators,9,Photo Effects AI,Gender Swap AI,photo-effects-ai-gender-swap-ai
Artificial Intelligence & ML,artificial-intelligence-ml,4,AI Image Generation,ai-image-generation,1,Hyperrealistic Photo Generators,hyperrealistic-photo-generators,10,Photo Effects AI,Hairstyle Changer AI,photo-effects-ai-hairstyle-changer-ai
Artificial Intelligence & ML,artificial-intelligence-ml,4,AI Image Generation,ai-image-generation,1,Hyperrealistic Photo Generators,hyperrealistic-photo-generators,11,Photo Effects AI,Makeup Try-On AI,photo-effects-ai-makeup-try-on-ai
Artificial Intelligence & ML,artificial-intelligence-ml,4,AI Image Generation,ai-image-generation,1,Hyperrealistic Photo Generators,hyperrealistic-photo-generators,12,Photo Utility AI,Image to Text (Alt Text),photo-utility-ai-image-to-text-alt-text
Artificial Intelligence & ML,artificial-intelligence-ml,4,AI Image Generation,ai-image-generation,1,Hyperrealistic Photo Generators,hyperrealistic-photo-generators,13,Photo Utility AI,Image Metadata Editor,photo-utility-ai-image-metadata-editor
Artificial Intelligence & ML,artificial-intelligence-ml,4,AI Image Generation,ai-image-generation,1,Hyperrealistic Photo Generators,hyperrealistic-photo-generators,14,Photo Utility AI,Image Geolocator,photo-utility-ai-image-geolocator
Artificial Intelligence & ML,artificial-intelligence-ml,4,AI Image Generation,ai-image-generation,1,Hyperrealistic Photo Generators,hyperrealistic-photo-generators,15,Photo Utility AI,Color Picker from Image,photo-utility-ai-color-picker-from-image
Artificial Intelligence & ML,artificial-intelligence-ml,4,AI Image Generation,ai-image-generation,1,Hyperrealistic Photo Generators,hyperrealistic-photo-generators,16,Photo Utility AI,Image Watermark Adder,photo-utility-ai-image-watermark-adder
Artificial Intelligence & ML,artificial-intelligence-ml,4,AI Image Generation,ai-image-generation,1,Hyperrealistic Photo Generators,hyperrealistic-photo-generators,17,Photo Utility AI,Image Watermark Remover,photo-utility-ai-image-watermark-remover
Artificial Intelligence & ML,artificial-intelligence-ml,4,AI Image Generation,ai-image-generation,1,Hyperrealistic Photo Generators,hyperrealistic-photo-generators,18,Photo Utility AI,Image Comparison Slider,photo-utility-ai-image-comparison-slider
Artificial Intelligence & ML,artificial-intelligence-ml,4,AI Image Generation,ai-image-generation,1,Hyperrealistic Photo Generators,hyperrealistic-photo-generators,19,Photo Utility AI,Image Annotation AI,photo-utility-ai-image-annotation-ai
Artificial Intelligence & ML,artificial-intelligence-ml,4,AI Image Generation,ai-image-generation,1,Hyperrealistic Photo Generators,hyperrealistic-photo-generators,20,Photo Utility AI,Image Cropper AI,photo-utility-ai-image-cropper-ai
Artificial Intelligence & ML,artificial-intelligence-ml,4,AI Image Generation,ai-image-generation,1,Hyperrealistic Photo Generators,hyperrealistic-photo-generators,21,Photo Utility AI,Image Batch Processor,photo-utility-ai-image-batch-processor
Artificial Intelligence & ML,artificial-intelligence-ml,4,AI Image Generation,ai-image-generation,1,Hyperrealistic Photo Generators,hyperrealistic-photo-generators,22,Location AI,Satellite Image Analysis,location-ai-satellite-image-analysis
Artificial Intelligence & ML,artificial-intelligence-ml,4,AI Image Generation,ai-image-generation,2,Cinematic Still Generators,cinematic-still-generators,,,,
Artificial Intelligence & ML,artificial-intelligence-ml,4,AI Image Generation,ai-image-generation,3,Studio Portrait Generators,studio-portrait-generators,1,AI Avatar & Portrait,Profile Picture Generators,ai-avatar-portrait-profile-picture-generators
Artificial Intelligence & ML,artificial-intelligence-ml,4,AI Image Generation,ai-image-generation,3,Studio Portrait Generators,studio-portrait-generators,2,AI Avatar & Portrait,Corporate Headshot AI,ai-avatar-portrait-corporate-headshot-ai
Artificial Intelligence & ML,artificial-intelligence-ml,4,AI Image Generation,ai-image-generation,3,Studio Portrait Generators,studio-portrait-generators,3,AI Avatar & Portrait,Anime Avatar Creators,ai-avatar-portrait-anime-avatar-creators
Artificial Intelligence & ML,artificial-intelligence-ml,4,AI Image Generation,ai-image-generation,3,Studio Portrait Generators,studio-portrait-generators,4,AI Avatar & Portrait,3D Avatar Generators,ai-avatar-portrait-3d-avatar-generators
Artificial Intelligence & ML,artificial-intelligence-ml,4,AI Image Generation,ai-image-generation,3,Studio Portrait Generators,studio-portrait-generators,5,AI Avatar & Portrait,Cartoon Portrait AI,ai-avatar-portrait-cartoon-portrait-ai
Artificial Intelligence & ML,artificial-intelligence-ml,4,AI Image Generation,ai-image-generation,3,Studio Portrait Generators,studio-portrait-generators,6,AI Avatar & Portrait,Fantasy Character Creator,ai-avatar-portrait-fantasy-character-creator
Artificial Intelligence & ML,artificial-intelligence-ml,4,AI Image Generation,ai-image-generation,3,Studio Portrait Generators,studio-portrait-generators,7,AI Avatar & Portrait,Virtual Try-On Avatars,ai-avatar-portrait-virtual-try-on-avatars
Artificial Intelligence & ML,artificial-intelligence-ml,4,AI Image Generation,ai-image-generation,3,Studio Portrait Generators,studio-portrait-generators,8,AI Avatar & Portrait,Pet Portrait AI,ai-avatar-portrait-pet-portrait-ai
Artificial Intelligence & ML,artificial-intelligence-ml,4,AI Image Generation,ai-image-generation,3,Studio Portrait Generators,studio-portrait-generators,9,AI Avatar & Portrait,Baby Face Predictors,ai-avatar-portrait-baby-face-predictors
Artificial Intelligence & ML,artificial-intelligence-ml,4,AI Image Generation,ai-image-generation,3,Studio Portrait Generators,studio-portrait-generators,10,AI Avatar & Portrait,Aging & De-Aging AI,ai-avatar-portrait-aging-de-aging-ai
Artificial Intelligence & ML,artificial-intelligence-ml,4,AI Image Generation,ai-image-generation,4,Editorial Fashion Photo Generators,editorial-fashion-photo-generators,1,Fashion Tech AI,Virtual Try-On Fashion,fashion-tech-ai-virtual-try-on-fashion
Artificial Intelligence & ML,artificial-intelligence-ml,4,AI Image Generation,ai-image-generation,4,Editorial Fashion Photo Generators,editorial-fashion-photo-generators,2,Fashion Tech AI,Size Recommendation,fashion-tech-ai-size-recommendation
Artificial Intelligence & ML,artificial-intelligence-ml,4,AI Image Generation,ai-image-generation,4,Editorial Fashion Photo Generators,editorial-fashion-photo-generators,3,Fashion Tech AI,Style Recommendation,fashion-tech-ai-style-recommendation
Artificial Intelligence & ML,artificial-intelligence-ml,4,AI Image Generation,ai-image-generation,4,Editorial Fashion Photo Generators,editorial-fashion-photo-generators,4,Fashion Tech AI,Fashion Design AI Industry,fashion-tech-ai-fashion-design-ai-industry
Artificial Intelligence & ML,artificial-intelligence-ml,4,AI Image Generation,ai-image-generation,4,Editorial Fashion Photo Generators,editorial-fashion-photo-generators,5,Fashion Tech AI,Fabric Selection AI,fashion-tech-ai-fabric-selection-ai
Artificial Intelligence & ML,artificial-intelligence-ml,4,AI Image Generation,ai-image-generation,4,Editorial Fashion Photo Generators,editorial-fashion-photo-generators,6,Fashion Tech AI,Sustainable Fashion AI,fashion-tech-ai-sustainable-fashion-ai
Artificial Intelligence & ML,artificial-intelligence-ml,4,AI Image Generation,ai-image-generation,4,Editorial Fashion Photo Generators,editorial-fashion-photo-generators,7,Fashion Tech AI,Supply Chain Fashion AI,fashion-tech-ai-supply-chain-fashion-ai
Artificial Intelligence & ML,artificial-intelligence-ml,4,AI Image Generation,ai-image-generation,4,Editorial Fashion Photo Generators,editorial-fashion-photo-generators,8,Fashion Design AI,Clothing Design Generator,fashion-design-ai-clothing-design-generator
Artificial Intelligence & ML,artificial-intelligence-ml,4,AI Image Generation,ai-image-generation,4,Editorial Fashion Photo Generators,editorial-fashion-photo-generators,9,Fashion Design AI,Fabric Selector AI,fashion-design-ai-fabric-selector-ai
Artificial Intelligence & ML,artificial-intelligence-ml,4,AI Image Generation,ai-image-generation,4,Editorial Fashion Photo Generators,editorial-fashion-photo-generators,10,Fashion Design AI,Fashion Sketch AI,fashion-design-ai-fashion-sketch-ai
Artificial Intelligence & ML,artificial-intelligence-ml,4,AI Image Generation,ai-image-generation,4,Editorial Fashion Photo Generators,editorial-fashion-photo-generators,11,Fashion Design AI,Jewelry Design AI,fashion-design-ai-jewelry-design-ai
Artificial Intelligence & ML,artificial-intelligence-ml,4,AI Image Generation,ai-image-generation,4,Editorial Fashion Photo Generators,editorial-fashion-photo-generators,12,Fashion Design AI,Shoe Design AI,fashion-design-ai-shoe-design-ai
Artificial Intelligence & ML,artificial-intelligence-ml,4,AI Image Generation,ai-image-generation,4,Editorial Fashion Photo Generators,editorial-fashion-photo-generators,13,Fashion Design AI,Handbag Design AI,fashion-design-ai-handbag-design-ai
Artificial Intelligence & ML,artificial-intelligence-ml,4,AI Image Generation,ai-image-generation,4,Editorial Fashion Photo Generators,editorial-fashion-photo-generators,14,Fashion Design AI,Hat & Accessory Design AI,fashion-design-ai-hat-accessory-design-ai
Artificial Intelligence & ML,artificial-intelligence-ml,4,AI Image Generation,ai-image-generation,4,Editorial Fashion Photo Generators,editorial-fashion-photo-generators,15,Fashion Design AI,Costume Design AI,fashion-design-ai-costume-design-ai
Artificial Intelligence & ML,artificial-intelligence-ml,4,AI Image Generation,ai-image-generation,4,Editorial Fashion Photo Generators,editorial-fashion-photo-generators,16,Fashion Design AI,Uniform Design AI,fashion-design-ai-uniform-design-ai
Artificial Intelligence & ML,artificial-intelligence-ml,4,AI Image Generation,ai-image-generation,5,Pinterest-Style Image Generators,pinterest-style-image-generators,1,Text-to-Image,Photorealistic Generation,text-to-image-photorealistic-generation
Artificial Intelligence & ML,artificial-intelligence-ml,4,AI Image Generation,ai-image-generation,5,Pinterest-Style Image Generators,pinterest-style-image-generators,2,Text-to-Image,Illustration Generation,text-to-image-illustration-generation
Artificial Intelligence & ML,artificial-intelligence-ml,4,AI Image Generation,ai-image-generation,5,Pinterest-Style Image Generators,pinterest-style-image-generators,3,Text-to-Image,Architecture Visualization,text-to-image-architecture-visualization
Artificial Intelligence & ML,artificial-intelligence-ml,4,AI Image Generation,ai-image-generation,5,Pinterest-Style Image Generators,pinterest-style-image-generators,4,Text-to-Image,Fashion Design AI,text-to-image-fashion-design-ai
Artificial Intelligence & ML,artificial-intelligence-ml,4,AI Image Generation,ai-image-generation,5,Pinterest-Style Image Generators,pinterest-style-image-generators,5,Text-to-Image,Food Photography AI,text-to-image-food-photography-ai
Artificial Intelligence & ML,artificial-intelligence-ml,4,AI Image Generation,ai-image-generation,5,Pinterest-Style Image Generators,pinterest-style-image-generators,6,Text-to-Image,Landscape Generation,text-to-image-landscape-generation
Artificial Intelligence & ML,artificial-intelligence-ml,4,AI Image Generation,ai-image-generation,5,Pinterest-Style Image Generators,pinterest-style-image-generators,7,Text-to-Image,Character Design,text-to-image-character-design
Artificial Intelligence & ML,artificial-intelligence-ml,4,AI Image Generation,ai-image-generation,5,Pinterest-Style Image Generators,pinterest-style-image-generators,8,Text-to-Image,Abstract Art Generation,text-to-image-abstract-art-generation
Artificial Intelligence & ML,artificial-intelligence-ml,4,AI Image Generation,ai-image-generation,5,Pinterest-Style Image Generators,pinterest-style-image-generators,9,AI Image Editing,Background Removal,ai-image-editing-background-removal
Artificial Intelligence & ML,artificial-intelligence-ml,4,AI Image Generation,ai-image-generation,5,Pinterest-Style Image Generators,pinterest-style-image-generators,10,AI Image Editing,Image Upscaling,ai-image-editing-image-upscaling
Artificial Intelligence & ML,artificial-intelligence-ml,4,AI Image Generation,ai-image-generation,5,Pinterest-Style Image Generators,pinterest-style-image-generators,11,AI Image Editing,Object Removal,ai-image-editing-object-removal
Artificial Intelligence & ML,artificial-intelligence-ml,4,AI Image Generation,ai-image-generation,5,Pinterest-Style Image Generators,pinterest-style-image-generators,12,AI Image Editing,Face Enhancement,ai-image-editing-face-enhancement
Artificial Intelligence & ML,artificial-intelligence-ml,4,AI Image Generation,ai-image-generation,5,Pinterest-Style Image Generators,pinterest-style-image-generators,13,AI Image Editing,Color Correction AI,ai-image-editing-color-correction-ai
Artificial Intelligence & ML,artificial-intelligence-ml,4,AI Image Generation,ai-image-generation,5,Pinterest-Style Image Generators,pinterest-style-image-generators,14,AI Image Editing,Style Transfer,ai-image-editing-style-transfer
Artificial Intelligence & ML,artificial-intelligence-ml,4,AI Image Generation,ai-image-generation,5,Pinterest-Style Image Generators,pinterest-style-image-generators,15,AI Image Editing,Image Restoration,ai-image-editing-image-restoration
Artificial Intelligence & ML,artificial-intelligence-ml,4,AI Image Generation,ai-image-generation,5,Pinterest-Style Image Generators,pinterest-style-image-generators,16,AI Image Editing,Old Photo Restoration,ai-image-editing-old-photo-restoration
Artificial Intelligence & ML,artificial-intelligence-ml,4,AI Image Generation,ai-image-generation,5,Pinterest-Style Image Generators,pinterest-style-image-generators,17,AI Image Editing,Noise Reduction,ai-image-editing-noise-reduction
Artificial Intelligence & ML,artificial-intelligence-ml,4,AI Image Generation,ai-image-generation,5,Pinterest-Style Image Generators,pinterest-style-image-generators,18,AI Image Editing,HDR Enhancement,ai-image-editing-hdr-enhancement
Artificial Intelligence & ML,artificial-intelligence-ml,4,AI Image Generation,ai-image-generation,5,Pinterest-Style Image Generators,pinterest-style-image-generators,19,Niche Image Generation,AI Passport Photo,niche-image-generation-ai-passport-photo
Artificial Intelligence & ML,artificial-intelligence-ml,4,AI Image Generation,ai-image-generation,5,Pinterest-Style Image Generators,pinterest-style-image-generators,20,Niche Image Generation,AI Product Flat Lay,niche-image-generation-ai-product-flat-lay
Artificial Intelligence & ML,artificial-intelligence-ml,4,AI Image Generation,ai-image-generation,5,Pinterest-Style Image Generators,pinterest-style-image-generators,21,Niche Image Generation,AI Fashion Lookbook,niche-image-generation-ai-fashion-lookbook
Artificial Intelligence & ML,artificial-intelligence-ml,4,AI Image Generation,ai-image-generation,5,Pinterest-Style Image Generators,pinterest-style-image-generators,22,Niche Image Generation,AI Real Estate Photo,niche-image-generation-ai-real-estate-photo
Artificial Intelligence & ML,artificial-intelligence-ml,4,AI Image Generation,ai-image-generation,5,Pinterest-Style Image Generators,pinterest-style-image-generators,23,Niche Image Generation,AI Food Photography,niche-image-generation-ai-food-photography
Artificial Intelligence & ML,artificial-intelligence-ml,4,AI Image Generation,ai-image-generation,5,Pinterest-Style Image Generators,pinterest-style-image-generators,24,Niche Image Generation,AI Car Photography,niche-image-generation-ai-car-photography
Artificial Intelligence & ML,artificial-intelligence-ml,4,AI Image Generation,ai-image-generation,5,Pinterest-Style Image Generators,pinterest-style-image-generators,25,Niche Image Generation,AI Pet Photography,niche-image-generation-ai-pet-photography
Artificial Intelligence & ML,artificial-intelligence-ml,4,AI Image Generation,ai-image-generation,5,Pinterest-Style Image Generators,pinterest-style-image-generators,26,Niche Image Generation,AI Architecture Photo,niche-image-generation-ai-architecture-photo
Artificial Intelligence & ML,artificial-intelligence-ml,4,AI Image Generation,ai-image-generation,5,Pinterest-Style Image Generators,pinterest-style-image-generators,27,Niche Image Generation,AI Interior Photo,niche-image-generation-ai-interior-photo
Artificial Intelligence & ML,artificial-intelligence-ml,4,AI Image Generation,ai-image-generation,5,Pinterest-Style Image Generators,pinterest-style-image-generators,28,Niche Image Generation,AI Aerial View Generator,niche-image-generation-ai-aerial-view-generator
Artificial Intelligence & ML,artificial-intelligence-ml,4,AI Image Generation,ai-image-generation,6,Mood Board Image Generators,mood-board-image-generators,,,,
Artificial Intelligence & ML,artificial-intelligence-ml,4,AI Image Generation,ai-image-generation,7,Lifestyle Stock Image Generators,lifestyle-stock-image-generators,1,Stock & Asset Generation,AI Stock Photos,stock-asset-generation-ai-stock-photos
Artificial Intelligence & ML,artificial-intelligence-ml,4,AI Image Generation,ai-image-generation,7,Lifestyle Stock Image Generators,lifestyle-stock-image-generators,2,Stock & Asset Generation,Icon Generators,stock-asset-generation-icon-generators
Artificial Intelligence & ML,artificial-intelligence-ml,4,AI Image Generation,ai-image-generation,7,Lifestyle Stock Image Generators,lifestyle-stock-image-generators,3,Stock & Asset Generation,Pattern Generators,stock-asset-generation-pattern-generators
Artificial Intelligence & ML,artificial-intelligence-ml,4,AI Image Generation,ai-image-generation,7,Lifestyle Stock Image Generators,lifestyle-stock-image-generators,4,Stock & Asset Generation,Texture Creators,stock-asset-generation-texture-creators
Artificial Intelligence & ML,artificial-intelligence-ml,4,AI Image Generation,ai-image-generation,7,Lifestyle Stock Image Generators,lifestyle-stock-image-generators,5,Stock & Asset Generation,Mockup Generators,stock-asset-generation-mockup-generators
Artificial Intelligence & ML,artificial-intelligence-ml,4,AI Image Generation,ai-image-generation,7,Lifestyle Stock Image Generators,lifestyle-stock-image-generators,6,Stock & Asset Generation,Infographic AI,stock-asset-generation-infographic-ai
Artificial Intelligence & ML,artificial-intelligence-ml,4,AI Image Generation,ai-image-generation,7,Lifestyle Stock Image Generators,lifestyle-stock-image-generators,7,Stock & Asset Generation,Chart & Graph AI,stock-asset-generation-chart-graph-ai
Artificial Intelligence & ML,artificial-intelligence-ml,4,AI Image Generation,ai-image-generation,7,Lifestyle Stock Image Generators,lifestyle-stock-image-generators,8,Stock & Asset Generation,Map Illustration AI,stock-asset-generation-map-illustration-ai
Artificial Intelligence & ML,artificial-intelligence-ml,4,AI Image Generation,ai-image-generation,7,Lifestyle Stock Image Generators,lifestyle-stock-image-generators,9,Stock & Asset Generation,Emoji & Sticker Creators,stock-asset-generation-emoji-sticker-creators
Artificial Intelligence & ML,artificial-intelligence-ml,4,AI Image Generation,ai-image-generation,7,Lifestyle Stock Image Generators,lifestyle-stock-image-generators,10,Stock & Asset Generation,Meme Generators,stock-asset-generation-meme-generators
Artificial Intelligence & ML,artificial-intelligence-ml,4,AI Image Generation,ai-image-generation,8,Flat Illustration Generators,flat-illustration-generators,,,,
Artificial Intelligence & ML,artificial-intelligence-ml,4,AI Image Generation,ai-image-generation,9,Vector Art Generators,vector-art-generators,1,Vector & AI Databases,Vector Databases,vector-ai-databases-vector-databases
Artificial Intelligence & ML,artificial-intelligence-ml,4,AI Image Generation,ai-image-generation,9,Vector Art Generators,vector-art-generators,2,Vector & AI Databases,Graph Databases for AI,vector-ai-databases-graph-databases-for-ai
Artificial Intelligence & ML,artificial-intelligence-ml,4,AI Image Generation,ai-image-generation,9,Vector Art Generators,vector-art-generators,3,Vector & AI Databases,Embedding Services,vector-ai-databases-embedding-services
Artificial Intelligence & ML,artificial-intelligence-ml,4,AI Image Generation,ai-image-generation,9,Vector Art Generators,vector-art-generators,4,Vector & AI Databases,Semantic Search APIs,vector-ai-databases-semantic-search-apis
Artificial Intelligence & ML,artificial-intelligence-ml,4,AI Image Generation,ai-image-generation,9,Vector Art Generators,vector-art-generators,5,Vector & AI Databases,RAG Frameworks,vector-ai-databases-rag-frameworks
Artificial Intelligence & ML,artificial-intelligence-ml,4,AI Image Generation,ai-image-generation,9,Vector Art Generators,vector-art-generators,6,Vector & AI Databases,Knowledge Graph Tools,vector-ai-databases-knowledge-graph-tools
Artificial Intelligence & ML,artificial-intelligence-ml,4,AI Image Generation,ai-image-generation,9,Vector Art Generators,vector-art-generators,7,Vector & AI Databases,AI Cache Systems,vector-ai-databases-ai-cache-systems
Artificial Intelligence & ML,artificial-intelligence-ml,4,AI Image Generation,ai-image-generation,9,Vector Art Generators,vector-art-generators,8,Vector & AI Databases,Context Window Management,vector-ai-databases-context-window-management
Artificial Intelligence & ML,artificial-intelligence-ml,4,AI Image Generation,ai-image-generation,9,Vector Art Generators,vector-art-generators,9,Vector & AI Databases,Prompt Management,vector-ai-databases-prompt-management
Artificial Intelligence & ML,artificial-intelligence-ml,4,AI Image Generation,ai-image-generation,9,Vector Art Generators,vector-art-generators,10,Vector & AI Databases,AI Gateway & Routing,vector-ai-databases-ai-gateway-routing
Artificial Intelligence & ML,artificial-intelligence-ml,4,AI Image Generation,ai-image-generation,11,Watercolor Style Generators,watercolor-style-generators,,,,
Artificial Intelligence & ML,artificial-intelligence-ml,4,AI Image Generation,ai-image-generation,12,Oil Painting Style Generators,oil-painting-style-generators,,,,
Artificial Intelligence & ML,artificial-intelligence-ml,4,AI Image Generation,ai-image-generation,13,Pencil Sketch Generators,pencil-sketch-generators,1,UI/UX AI,Sketch AI Plugins,ui-ux-ai-sketch-ai-plugins
Artificial Intelligence & ML,artificial-intelligence-ml,4,AI Image Generation,ai-image-generation,14,Ink Drawing Generators,ink-drawing-generators,,,,
Artificial Intelligence & ML,artificial-intelligence-ml,4,AI Image Generation,ai-image-generation,15,Charcoal Drawing Generators,charcoal-drawing-generators,,,,
Artificial Intelligence & ML,artificial-intelligence-ml,4,AI Image Generation,ai-image-generation,16,Anime Character Generators,anime-character-generators,1,Character Chat AI,Anime Character AI,character-chat-ai-anime-character-ai
Artificial Intelligence & ML,artificial-intelligence-ml,4,AI Image Generation,ai-image-generation,17,Manga Panel Generators,manga-panel-generators,,,,
Artificial Intelligence & ML,artificial-intelligence-ml,4,AI Image Generation,ai-image-generation,18,Webtoon Style Generators,webtoon-style-generators,,,,
Artificial Intelligence & ML,artificial-intelligence-ml,4,AI Image Generation,ai-image-generation,19,Pixel Art Sprite Generators,pixel-art-sprite-generators,,,,
Artificial Intelligence & ML,artificial-intelligence-ml,4,AI Image Generation,ai-image-generation,20,Isometric Scene Generators,isometric-scene-generators,,,,
Artificial Intelligence & ML,artificial-intelligence-ml,4,AI Image Generation,ai-image-generation,21,Low-Poly Art Generators,low-poly-art-generators,,,,
Artificial Intelligence & ML,artificial-intelligence-ml,4,AI Image Generation,ai-image-generation,22,Cyberpunk Art Generators,cyberpunk-art-generators,,,,
Artificial Intelligence & ML,artificial-intelligence-ml,4,AI Image Generation,ai-image-generation,23,Steampunk Art Generators,steampunk-art-generators,,,,
Artificial Intelligence & ML,artificial-intelligence-ml,4,AI Image Generation,ai-image-generation,24,Fantasy Art Generators,fantasy-art-generators,,,,
Artificial Intelligence & ML,artificial-intelligence-ml,4,AI Image Generation,ai-image-generation,25,Sci-Fi Concept Art Generators,sci-fi-concept-art-generators,1,Text-to-Image,Concept Art Creation,text-to-image-concept-art-creation
Artificial Intelligence & ML,artificial-intelligence-ml,4,AI Image Generation,ai-image-generation,26,Horror Art Generators,horror-art-generators,,,,
Artificial Intelligence & ML,artificial-intelligence-ml,4,AI Image Generation,ai-image-generation,27,Surrealism Art Generators,surrealism-art-generators,,,,
Artificial Intelligence & ML,artificial-intelligence-ml,4,AI Image Generation,ai-image-generation,28,Pop Art Generators,pop-art-generators,,,,
Artificial Intelligence & ML,artificial-intelligence-ml,4,AI Image Generation,ai-image-generation,29,Minimalist Poster Generators,minimalist-poster-generators,,,,
Artificial Intelligence & ML,artificial-intelligence-ml,4,AI Image Generation,ai-image-generation,30,Retro Vintage Image Generators,retro-vintage-image-generators,,,,
Artificial Intelligence & ML,artificial-intelligence-ml,4,AI Image Generation,ai-image-generation,31,Y2K Aesthetic Image Generators,y2k-aesthetic-image-generators,,,,
Artificial Intelligence & ML,artificial-intelligence-ml,4,AI Image Generation,ai-image-generation,32,Cottagecore Image Generators,cottagecore-image-generators,,,,
Artificial Intelligence & ML,artificial-intelligence-ml,4,AI Image Generation,ai-image-generation,33,Vaporwave Image Generators,vaporwave-image-generators,,,,
Artificial Intelligence & ML,artificial-intelligence-ml,4,AI Image Generation,ai-image-generation,34,Architectural Render Generators,architectural-render-generators,1,Architectural AI,Building Exterior AI,architectural-ai-building-exterior-ai
Artificial Intelligence & ML,artificial-intelligence-ml,4,AI Image Generation,ai-image-generation,34,Architectural Render Generators,architectural-render-generators,2,Architectural AI,Floor Plan Generator,architectural-ai-floor-plan-generator
Artificial Intelligence & ML,artificial-intelligence-ml,4,AI Image Generation,ai-image-generation,34,Architectural Render Generators,architectural-render-generators,3,Architectural AI,Landscape Architecture AI,architectural-ai-landscape-architecture-ai
Artificial Intelligence & ML,artificial-intelligence-ml,4,AI Image Generation,ai-image-generation,34,Architectural Render Generators,architectural-render-generators,4,Architectural AI,Urban Planning AI,architectural-ai-urban-planning-ai
Artificial Intelligence & ML,artificial-intelligence-ml,4,AI Image Generation,ai-image-generation,34,Architectural Render Generators,architectural-render-generators,5,Architectural AI,Facade Design AI,architectural-ai-facade-design-ai
Artificial Intelligence & ML,artificial-intelligence-ml,4,AI Image Generation,ai-image-generation,34,Architectural Render Generators,architectural-render-generators,6,Architectural AI,Pool Design AI,architectural-ai-pool-design-ai
Artificial Intelligence & ML,artificial-intelligence-ml,4,AI Image Generation,ai-image-generation,34,Architectural Render Generators,architectural-render-generators,7,Architectural AI,Deck & Patio AI,architectural-ai-deck-patio-ai
Artificial Intelligence & ML,artificial-intelligence-ml,4,AI Image Generation,ai-image-generation,34,Architectural Render Generators,architectural-render-generators,8,Architectural AI,Garage Design AI,architectural-ai-garage-design-ai
Artificial Intelligence & ML,artificial-intelligence-ml,4,AI Image Generation,ai-image-generation,34,Architectural Render Generators,architectural-render-generators,9,Architectural AI,Tiny House Designer AI,architectural-ai-tiny-house-designer-ai
Artificial Intelligence & ML,artificial-intelligence-ml,4,AI Image Generation,ai-image-generation,34,Architectural Render Generators,architectural-render-generators,10,Architectural AI,Container Home AI,architectural-ai-container-home-ai
Artificial Intelligence & ML,artificial-intelligence-ml,4,AI Image Generation,ai-image-generation,35,Product Mockup Generators,product-mockup-generators,1,Text-to-Image,Product Mockup Generation,text-to-image-product-mockup-generation
Artificial Intelligence & ML,artificial-intelligence-ml,4,AI Image Generation,ai-image-generation,35,Product Mockup Generators,product-mockup-generators,2,Product Design AI,Product Render AI,product-design-ai-product-render-ai
Artificial Intelligence & ML,artificial-intelligence-ml,4,AI Image Generation,ai-image-generation,35,Product Mockup Generators,product-mockup-generators,3,Product Design AI,Packaging Design AI,product-design-ai-packaging-design-ai
Artificial Intelligence & ML,artificial-intelligence-ml,4,AI Image Generation,ai-image-generation,35,Product Mockup Generators,product-mockup-generators,4,Product Design AI,Label Design AI,product-design-ai-label-design-ai
Artificial Intelligence & ML,artificial-intelligence-ml,4,AI Image Generation,ai-image-generation,35,Product Mockup Generators,product-mockup-generators,5,Product Design AI,Merchandise Design AI,product-design-ai-merchandise-design-ai
Artificial Intelligence & ML,artificial-intelligence-ml,4,AI Image Generation,ai-image-generation,35,Product Mockup Generators,product-mockup-generators,6,Product Design AI,Print Design AI,product-design-ai-print-design-ai
Artificial Intelligence & ML,artificial-intelligence-ml,4,AI Image Generation,ai-image-generation,35,Product Mockup Generators,product-mockup-generators,7,Product Design AI,3D Packaging,product-design-ai-3d-packaging
Artificial Intelligence & ML,artificial-intelligence-ml,4,AI Image Generation,ai-image-generation,35,Product Mockup Generators,product-mockup-generators,8,Product Design AI,Material Design AI,product-design-ai-material-design-ai
Artificial Intelligence & ML,artificial-intelligence-ml,4,AI Image Generation,ai-image-generation,35,Product Mockup Generators,product-mockup-generators,9,Product Design AI,Industrial Design AI,product-design-ai-industrial-design-ai
Artificial Intelligence & ML,artificial-intelligence-ml,4,AI Image Generation,ai-image-generation,35,Product Mockup Generators,product-mockup-generators,10,Product Design AI,Fashion Design AI,product-design-ai-fashion-design-ai
Artificial Intelligence & ML,artificial-intelligence-ml,4,AI Image Generation,ai-image-generation,35,Product Mockup Generators,product-mockup-generators,11,Product Design AI,Furniture Design AI,product-design-ai-furniture-design-ai
Artificial Intelligence & ML,artificial-intelligence-ml,4,AI Image Generation,ai-image-generation,35,Product Mockup Generators,product-mockup-generators,12,Product Discovery AI,Deal Finder AI,product-discovery-ai-deal-finder-ai
Artificial Intelligence & ML,artificial-intelligence-ml,4,AI Image Generation,ai-image-generation,35,Product Mockup Generators,product-mockup-generators,13,Product Discovery AI,Price Comparison AI,product-discovery-ai-price-comparison-ai
Artificial Intelligence & ML,artificial-intelligence-ml,4,AI Image Generation,ai-image-generation,35,Product Mockup Generators,product-mockup-generators,14,Product Discovery AI,Product Review Summarizer,product-discovery-ai-product-review-summarizer
Artificial Intelligence & ML,artificial-intelligence-ml,4,AI Image Generation,ai-image-generation,35,Product Mockup Generators,product-mockup-generators,15,Product Discovery AI,Gift Recommendation AI,product-discovery-ai-gift-recommendation-ai
Artificial Intelligence & ML,artificial-intelligence-ml,4,AI Image Generation,ai-image-generation,35,Product Mockup Generators,product-mockup-generators,16,Product Discovery AI,Size Recommendation AI Shopping,product-discovery-ai-size-recommendation-ai-shopping
Artificial Intelligence & ML,artificial-intelligence-ml,4,AI Image Generation,ai-image-generation,35,Product Mockup Generators,product-mockup-generators,17,Product Discovery AI,Coupon Finder AI,product-discovery-ai-coupon-finder-ai
Artificial Intelligence & ML,artificial-intelligence-ml,4,AI Image Generation,ai-image-generation,35,Product Mockup Generators,product-mockup-generators,18,Product Discovery AI,Wishlist Organizer AI,product-discovery-ai-wishlist-organizer-ai
Artificial Intelligence & ML,artificial-intelligence-ml,4,AI Image Generation,ai-image-generation,35,Product Mockup Generators,product-mockup-generators,19,Product Discovery AI,Grocery Price Tracker,product-discovery-ai-grocery-price-tracker
Artificial Intelligence & ML,artificial-intelligence-ml,4,AI Image Generation,ai-image-generation,35,Product Mockup Generators,product-mockup-generators,20,Product Discovery AI,Price Drop Alert AI,product-discovery-ai-price-drop-alert-ai
Artificial Intelligence & ML,artificial-intelligence-ml,4,AI Image Generation,ai-image-generation,35,Product Mockup Generators,product-mockup-generators,21,Product Discovery AI,Best Value Finder AI,product-discovery-ai-best-value-finder-ai
Artificial Intelligence & ML,artificial-intelligence-ml,4,AI Image Generation,ai-image-generation,35,Product Mockup Generators,product-mockup-generators,22,Naming AI,Product Name Generator,naming-ai-product-name-generator
Artificial Intelligence & ML,artificial-intelligence-ml,4,AI Image Generation,ai-image-generation,36,Packaging Mockup Generators,packaging-mockup-generators,,,,
Artificial Intelligence & ML,artificial-intelligence-ml,4,AI Image Generation,ai-image-generation,37,Apparel Mockup Generators,apparel-mockup-generators,,,,
Artificial Intelligence & ML,artificial-intelligence-ml,4,AI Image Generation,ai-image-generation,38,Book Cover Image Generators,book-cover-image-generators,,,,
Artificial Intelligence & ML,artificial-intelligence-ml,4,AI Image Generation,ai-image-generation,39,Album Cover Image Generators,album-cover-image-generators,,,,
Artificial Intelligence & ML,artificial-intelligence-ml,4,AI Image Generation,ai-image-generation,40,Movie Poster Generators,movie-poster-generators,,,,
Artificial Intelligence & ML,artificial-intelligence-ml,4,AI Image Generation,ai-image-generation,41,Event Poster Generators,event-poster-generators,1,Pharmaceutical AI,Adverse Event AI,pharmaceutical-ai-adverse-event-ai
Artificial Intelligence & ML,artificial-intelligence-ml,4,AI Image Generation,ai-image-generation,41,Event Poster Generators,event-poster-generators,2,Event Planning AI,Party Planner AI,event-planning-ai-party-planner-ai
Artificial Intelligence & ML,artificial-intelligence-ml,4,AI Image Generation,ai-image-generation,41,Event Poster Generators,event-poster-generators,3,Event Planning AI,Birthday Planner AI,event-planning-ai-birthday-planner-ai
Artificial Intelligence & ML,artificial-intelligence-ml,4,AI Image Generation,ai-image-generation,41,Event Poster Generators,event-poster-generators,4,Event Planning AI,Baby Shower Planner AI,event-planning-ai-baby-shower-planner-ai
Artificial Intelligence & ML,artificial-intelligence-ml,4,AI Image Generation,ai-image-generation,41,Event Poster Generators,event-poster-generators,5,Event Planning AI,Reunion Planner AI,event-planning-ai-reunion-planner-ai
Artificial Intelligence & ML,artificial-intelligence-ml,4,AI Image Generation,ai-image-generation,41,Event Poster Generators,event-poster-generators,6,Event Planning AI,Holiday Planner AI,event-planning-ai-holiday-planner-ai
Artificial Intelligence & ML,artificial-intelligence-ml,4,AI Image Generation,ai-image-generation,41,Event Poster Generators,event-poster-generators,7,Event Planning AI,Graduation Party AI,event-planning-ai-graduation-party-ai
Artificial Intelligence & ML,artificial-intelligence-ml,4,AI Image Generation,ai-image-generation,41,Event Poster Generators,event-poster-generators,8,Event Planning AI,Anniversary Planner AI,event-planning-ai-anniversary-planner-ai
Artificial Intelligence & ML,artificial-intelligence-ml,4,AI Image Generation,ai-image-generation,41,Event Poster Generators,event-poster-generators,9,Event Planning AI,Farewell Party AI,event-planning-ai-farewell-party-ai
Artificial Intelligence & ML,artificial-intelligence-ml,4,AI Image Generation,ai-image-generation,41,Event Poster Generators,event-poster-generators,10,Event Planning AI,Theme Party AI,event-planning-ai-theme-party-ai
Artificial Intelligence & ML,artificial-intelligence-ml,4,AI Image Generation,ai-image-generation,42,Magazine Cover Generators,magazine-cover-generators,,,,
Artificial Intelligence & ML,artificial-intelligence-ml,4,AI Image Generation,ai-image-generation,43,Greeting Card Image Generators,greeting-card-image-generators,1,AI Logo & Brand,Business Card Designers,ai-logo-brand-business-card-designers
Artificial Intelligence & ML,artificial-intelligence-ml,4,AI Image Generation,ai-image-generation,43,Greeting Card Image Generators,greeting-card-image-generators,2,Mystical & Spiritual AI,Oracle Card Reader AI,mystical-spiritual-ai-oracle-card-reader-ai
Artificial Intelligence & ML,artificial-intelligence-ml,4,AI Image Generation,ai-image-generation,44,Sticker Sheet Generators,sticker-sheet-generators,1,Meme Creation AI,Sticker Maker AI,meme-creation-ai-sticker-maker-ai
Artificial Intelligence & ML,artificial-intelligence-ml,4,AI Image Generation,ai-image-generation,45,Coloring Page Generators,coloring-page-generators,,,,
Artificial Intelligence & ML,artificial-intelligence-ml,4,AI Image Generation,ai-image-generation,46,Tattoo Flash Generators,tattoo-flash-generators,1,Tattoo Design AI,Tattoo Generator AI,tattoo-design-ai-tattoo-generator-ai
Artificial Intelligence & ML,artificial-intelligence-ml,4,AI Image Generation,ai-image-generation,46,Tattoo Flash Generators,tattoo-flash-generators,2,Tattoo Design AI,Tattoo Placement Preview,tattoo-design-ai-tattoo-placement-preview
Artificial Intelligence & ML,artificial-intelligence-ml,4,AI Image Generation,ai-image-generation,46,Tattoo Flash Generators,tattoo-flash-generators,3,Tattoo Design AI,Tattoo Style AI,tattoo-design-ai-tattoo-style-ai
Artificial Intelligence & ML,artificial-intelligence-ml,4,AI Image Generation,ai-image-generation,46,Tattoo Flash Generators,tattoo-flash-generators,4,Tattoo Design AI,Custom Tattoo Design,tattoo-design-ai-custom-tattoo-design
Artificial Intelligence & ML,artificial-intelligence-ml,4,AI Image Generation,ai-image-generation,46,Tattoo Flash Generators,tattoo-flash-generators,5,Tattoo Design AI,Tattoo Meaning Finder,tattoo-design-ai-tattoo-meaning-finder
Artificial Intelligence & ML,artificial-intelligence-ml,4,AI Image Generation,ai-image-generation,46,Tattoo Flash Generators,tattoo-flash-generators,6,Tattoo Design AI,Tattoo Cover-Up AI,tattoo-design-ai-tattoo-cover-up-ai
Artificial Intelligence & ML,artificial-intelligence-ml,4,AI Image Generation,ai-image-generation,46,Tattoo Flash Generators,tattoo-flash-generators,7,Tattoo Design AI,Henna Design AI,tattoo-design-ai-henna-design-ai
Artificial Intelligence & ML,artificial-intelligence-ml,4,AI Image Generation,ai-image-generation,46,Tattoo Flash Generators,tattoo-flash-generators,8,Tattoo Design AI,Nail Art Design AI,tattoo-design-ai-nail-art-design-ai
Artificial Intelligence & ML,artificial-intelligence-ml,4,AI Image Generation,ai-image-generation,46,Tattoo Flash Generators,tattoo-flash-generators,9,Tattoo Design AI,Face Paint Design AI,tattoo-design-ai-face-paint-design-ai
Artificial Intelligence & ML,artificial-intelligence-ml,4,AI Image Generation,ai-image-generation,46,Tattoo Flash Generators,tattoo-flash-generators,10,Tattoo Design AI,Body Art Visualizer,tattoo-design-ai-body-art-visualizer
Artificial Intelligence & ML,artificial-intelligence-ml,4,AI Image Generation,ai-image-generation,47,Henna Pattern Generators,henna-pattern-generators,,,,
Artificial Intelligence & ML,artificial-intelligence-ml,4,AI Image Generation,ai-image-generation,48,Mandala Generators,mandala-generators,,,,
Artificial Intelligence & ML,artificial-intelligence-ml,4,AI Image Generation,ai-image-generation,49,Halftone & Comic Generators,halftone-comic-generators,,,,
Artificial Intelligence & ML,artificial-intelligence-ml,4,AI Image Generation,ai-image-generation,50,Glitch Art Generators,glitch-art-generators,,,,
Artificial Intelligence & ML,artificial-intelligence-ml,4,AI Image Generation,ai-image-generation,51,Generative Pattern Makers,generative-pattern-makers,,,,
Artificial Intelligence & ML,artificial-intelligence-ml,5,AI Photo Editing & Enhancement,ai-photo-editing-enhancement,1,One-Click Photo Enhancers,one-click-photo-enhancers,,,,
Artificial Intelligence & ML,artificial-intelligence-ml,5,AI Photo Editing & Enhancement,ai-photo-editing-enhancement,2,Old Photo Restorers,old-photo-restorers,,,,
Artificial Intelligence & ML,artificial-intelligence-ml,5,AI Photo Editing & Enhancement,ai-photo-editing-enhancement,3,Black-and-White Colorizers,black-and-white-colorizers,,,,
Artificial Intelligence & ML,artificial-intelligence-ml,5,AI Photo Editing & Enhancement,ai-photo-editing-enhancement,4,Damaged Photo Repairers,damaged-photo-repairers,,,,
Artificial Intelligence & ML,artificial-intelligence-ml,5,AI Photo Editing & Enhancement,ai-photo-editing-enhancement,5,Photo Denoisers,photo-denoisers,,,,
Artificial Intelligence & ML,artificial-intelligence-ml,5,AI Photo Editing & Enhancement,ai-photo-editing-enhancement,6,Photo Sharpeners,photo-sharpeners,,,,
Artificial Intelligence & ML,artificial-intelligence-ml,5,AI Photo Editing & Enhancement,ai-photo-editing-enhancement,7,Photo Resolution Upscalers,photo-resolution-upscalers,,,,
Artificial Intelligence & ML,artificial-intelligence-ml,5,AI Photo Editing & Enhancement,ai-photo-editing-enhancement,8,Face Retouchers,face-retouchers,,,,
Artificial Intelligence & ML,artificial-intelligence-ml,5,AI Photo Editing & Enhancement,ai-photo-editing-enhancement,9,Skin Smoothing Tools,skin-smoothing-tools,,,,
Artificial Intelligence & ML,artificial-intelligence-ml,5,AI Photo Editing & Enhancement,ai-photo-editing-enhancement,10,Acne & Blemish Removers,acne-blemish-removers,,,,
Artificial Intelligence & ML,artificial-intelligence-ml,5,AI Photo Editing & Enhancement,ai-photo-editing-enhancement,11,Teeth Whitening Tools,teeth-whitening-tools,,,,
Artificial Intelligence & ML,artificial-intelligence-ml,5,AI Photo Editing & Enhancement,ai-photo-editing-enhancement,12,Eye Brighteners,eye-brighteners,,,,
Artificial Intelligence & ML,artificial-intelligence-ml,5,AI Photo Editing & Enhancement,ai-photo-editing-enhancement,13,Hair Color Changers,hair-color-changers,,,,
Artificial Intelligence & ML,artificial-intelligence-ml,5,AI Photo Editing & Enhancement,ai-photo-editing-enhancement,14,Virtual Makeup Tools,virtual-makeup-tools,,,,
Artificial Intelligence & ML,artificial-intelligence-ml,5,AI Photo Editing & Enhancement,ai-photo-editing-enhancement,15,Body Reshape Tools,body-reshape-tools,,,,
Artificial Intelligence & ML,artificial-intelligence-ml,5,AI Photo Editing & Enhancement,ai-photo-editing-enhancement,16,Outfit Swap Tools,outfit-swap-tools,1,Outfit & Wardrobe AI,Outfit Recommendation AI,outfit-wardrobe-ai-outfit-recommendation-ai
Artificial Intelligence & ML,artificial-intelligence-ml,5,AI Photo Editing & Enhancement,ai-photo-editing-enhancement,16,Outfit Swap Tools,outfit-swap-tools,2,Outfit & Wardrobe AI,Virtual Wardrobe Manager,outfit-wardrobe-ai-virtual-wardrobe-manager
Artificial Intelligence & ML,artificial-intelligence-ml,5,AI Photo Editing & Enhancement,ai-photo-editing-enhancement,16,Outfit Swap Tools,outfit-swap-tools,3,Outfit & Wardrobe AI,AI Stylist,outfit-wardrobe-ai-ai-stylist
Artificial Intelligence & ML,artificial-intelligence-ml,5,AI Photo Editing & Enhancement,ai-photo-editing-enhancement,16,Outfit Swap Tools,outfit-swap-tools,4,Outfit & Wardrobe AI,Fashion Trend Predictor,outfit-wardrobe-ai-fashion-trend-predictor
Artificial Intelligence & ML,artificial-intelligence-ml,5,AI Photo Editing & Enhancement,ai-photo-editing-enhancement,16,Outfit Swap Tools,outfit-swap-tools,5,Outfit & Wardrobe AI,Color Coordination AI,outfit-wardrobe-ai-color-coordination-ai
Artificial Intelligence & ML,artificial-intelligence-ml,5,AI Photo Editing & Enhancement,ai-photo-editing-enhancement,16,Outfit Swap Tools,outfit-swap-tools,6,Outfit & Wardrobe AI,Body Type Style AI,outfit-wardrobe-ai-body-type-style-ai
Artificial Intelligence & ML,artificial-intelligence-ml,5,AI Photo Editing & Enhancement,ai-photo-editing-enhancement,16,Outfit Swap Tools,outfit-swap-tools,7,Outfit & Wardrobe AI,Occasion Outfit AI,outfit-wardrobe-ai-occasion-outfit-ai
Artificial Intelligence & ML,artificial-intelligence-ml,5,AI Photo Editing & Enhancement,ai-photo-editing-enhancement,16,Outfit Swap Tools,outfit-swap-tools,8,Outfit & Wardrobe AI,Capsule Wardrobe Builder,outfit-wardrobe-ai-capsule-wardrobe-builder
Artificial Intelligence & ML,artificial-intelligence-ml,5,AI Photo Editing & Enhancement,ai-photo-editing-enhancement,16,Outfit Swap Tools,outfit-swap-tools,9,Outfit & Wardrobe AI,Thrift Fashion Finder,outfit-wardrobe-ai-thrift-fashion-finder
Artificial Intelligence & ML,artificial-intelligence-ml,5,AI Photo Editing & Enhancement,ai-photo-editing-enhancement,16,Outfit Swap Tools,outfit-swap-tools,10,Outfit & Wardrobe AI,Sustainable Fashion Advisor,outfit-wardrobe-ai-sustainable-fashion-advisor
Artificial Intelligence & ML,artificial-intelligence-ml,5,AI Photo Editing & Enhancement,ai-photo-editing-enhancement,17,Background Replacers,background-replacers,1,Background Generation,Phone Wallpaper AI,background-generation-phone-wallpaper-ai
Artificial Intelligence & ML,artificial-intelligence-ml,5,AI Photo Editing & Enhancement,ai-photo-editing-enhancement,17,Background Replacers,background-replacers,2,Background Generation,Desktop Wallpaper AI,background-generation-desktop-wallpaper-ai
Artificial Intelligence & ML,artificial-intelligence-ml,5,AI Photo Editing & Enhancement,ai-photo-editing-enhancement,17,Background Replacers,background-replacers,3,Background Generation,Zoom Background AI,background-generation-zoom-background-ai
Artificial Intelligence & ML,artificial-intelligence-ml,5,AI Photo Editing & Enhancement,ai-photo-editing-enhancement,17,Background Replacers,background-replacers,4,Background Generation,Website Background AI,background-generation-website-background-ai
Artificial Intelligence & ML,artificial-intelligence-ml,5,AI Photo Editing & Enhancement,ai-photo-editing-enhancement,17,Background Replacers,background-replacers,5,Background Generation,Social Media Background,background-generation-social-media-background
Artificial Intelligence & ML,artificial-intelligence-ml,5,AI Photo Editing & Enhancement,ai-photo-editing-enhancement,17,Background Replacers,background-replacers,6,Background Generation,Pattern Background AI,background-generation-pattern-background-ai
Artificial Intelligence & ML,artificial-intelligence-ml,5,AI Photo Editing & Enhancement,ai-photo-editing-enhancement,17,Background Replacers,background-replacers,7,Background Generation,Gradient Generator AI,background-generation-gradient-generator-ai
Artificial Intelligence & ML,artificial-intelligence-ml,5,AI Photo Editing & Enhancement,ai-photo-editing-enhancement,17,Background Replacers,background-replacers,8,Background Generation,Geometric Background AI,background-generation-geometric-background-ai
Artificial Intelligence & ML,artificial-intelligence-ml,5,AI Photo Editing & Enhancement,ai-photo-editing-enhancement,17,Background Replacers,background-replacers,9,Background Generation,Nature Scene Generator,background-generation-nature-scene-generator
Artificial Intelligence & ML,artificial-intelligence-ml,5,AI Photo Editing & Enhancement,ai-photo-editing-enhancement,17,Background Replacers,background-replacers,10,Background Generation,Abstract Wallpaper AI,background-generation-abstract-wallpaper-ai
Artificial Intelligence & ML,artificial-intelligence-ml,5,AI Photo Editing & Enhancement,ai-photo-editing-enhancement,18,Background Blur Tools,background-blur-tools,,,,
Artificial Intelligence & ML,artificial-intelligence-ml,5,AI Photo Editing & Enhancement,ai-photo-editing-enhancement,19,Object Removal Tools,object-removal-tools,,,,
Artificial Intelligence & ML,artificial-intelligence-ml,5,AI Photo Editing & Enhancement,ai-photo-editing-enhancement,20,People Removal Tools,people-removal-tools,1,People Analytics,Employee Sentiment AI,people-analytics-employee-sentiment-ai
Artificial Intelligence & ML,artificial-intelligence-ml,5,AI Photo Editing & Enhancement,ai-photo-editing-enhancement,20,People Removal Tools,people-removal-tools,2,People Analytics,Attrition Prediction,people-analytics-attrition-prediction
Artificial Intelligence & ML,artificial-intelligence-ml,5,AI Photo Editing & Enhancement,ai-photo-editing-enhancement,20,People Removal Tools,people-removal-tools,3,People Analytics,Learning Recommendation,people-analytics-learning-recommendation
Artificial Intelligence & ML,artificial-intelligence-ml,5,AI Photo Editing & Enhancement,ai-photo-editing-enhancement,20,People Removal Tools,people-removal-tools,4,People Analytics,Workforce Planning AI,people-analytics-workforce-planning-ai
Artificial Intelligence & ML,artificial-intelligence-ml,5,AI Photo Editing & Enhancement,ai-photo-editing-enhancement,20,People Removal Tools,people-removal-tools,5,People Analytics,Succession Planning AI,people-analytics-succession-planning-ai
Artificial Intelligence & ML,artificial-intelligence-ml,5,AI Photo Editing & Enhancement,ai-photo-editing-enhancement,20,People Removal Tools,people-removal-tools,6,People Analytics,Employee Engagement AI,people-analytics-employee-engagement-ai
Artificial Intelligence & ML,artificial-intelligence-ml,5,AI Photo Editing & Enhancement,ai-photo-editing-enhancement,20,People Removal Tools,people-removal-tools,7,People Analytics,Culture Analytics AI,people-analytics-culture-analytics-ai
Artificial Intelligence & ML,artificial-intelligence-ml,5,AI Photo Editing & Enhancement,ai-photo-editing-enhancement,21,Reflection & Glare Removal,reflection-glare-removal,,,,
Artificial Intelligence & ML,artificial-intelligence-ml,5,AI Photo Editing & Enhancement,ai-photo-editing-enhancement,22,Photo Style Transfer,photo-style-transfer,,,,
Artificial Intelligence & ML,artificial-intelligence-ml,5,AI Photo Editing & Enhancement,ai-photo-editing-enhancement,23,Photo Cartoonifiers,photo-cartoonifiers,,,,
Artificial Intelligence & ML,artificial-intelligence-ml,5,AI Photo Editing & Enhancement,ai-photo-editing-enhancement,24,Anime-ify Photo Tools,anime-ify-photo-tools,,,,
Artificial Intelligence & ML,artificial-intelligence-ml,5,AI Photo Editing & Enhancement,ai-photo-editing-enhancement,25,Headshot Enhancement Tools,headshot-enhancement-tools,,,,
Artificial Intelligence & ML,artificial-intelligence-ml,5,AI Photo Editing & Enhancement,ai-photo-editing-enhancement,26,ID Photo Generators,id-photo-generators,,,,
Artificial Intelligence & ML,artificial-intelligence-ml,5,AI Photo Editing & Enhancement,ai-photo-editing-enhancement,27,Passport Photo Tools,passport-photo-tools,,,,
Artificial Intelligence & ML,artificial-intelligence-ml,5,AI Photo Editing & Enhancement,ai-photo-editing-enhancement,28,Real Estate Photo Enhancers,real-estate-photo-enhancers,,,,
Artificial Intelligence & ML,artificial-intelligence-ml,5,AI Photo Editing & Enhancement,ai-photo-editing-enhancement,29,Sky Replacement Tools,sky-replacement-tools,,,,
Artificial Intelligence & ML,artificial-intelligence-ml,5,AI Photo Editing & Enhancement,ai-photo-editing-enhancement,30,HDR Merge Tools,hdr-merge-tools,,,,
Artificial Intelligence & ML,artificial-intelligence-ml,5,AI Photo Editing & Enhancement,ai-photo-editing-enhancement,31,Photo Aspect-Ratio Fixers,photo-aspect-ratio-fixers,,,,
Artificial Intelligence & ML,artificial-intelligence-ml,5,AI Photo Editing & Enhancement,ai-photo-editing-enhancement,32,Photo Compression Tools,photo-compression-tools,,,,
Artificial Intelligence & ML,artificial-intelligence-ml,6,AI Video Generation,ai-video-generation,1,Text-to-Cinematic-Video,text-to-cinematic-video,1,Text-to-Video,Full Video from Prompt,text-to-video-full-video-from-prompt
Artificial Intelligence & ML,artificial-intelligence-ml,6,AI Video Generation,ai-video-generation,1,Text-to-Cinematic-Video,text-to-cinematic-video,2,Text-to-Video,Short-Form Video AI,text-to-video-short-form-video-ai
Artificial Intelligence & ML,artificial-intelligence-ml,6,AI Video Generation,ai-video-generation,1,Text-to-Cinematic-Video,text-to-cinematic-video,3,Text-to-Video,Documentary Style AI,text-to-video-documentary-style-ai
Artificial Intelligence & ML,artificial-intelligence-ml,6,AI Video Generation,ai-video-generation,1,Text-to-Cinematic-Video,text-to-cinematic-video,4,Text-to-Video,Explainer Video AI,text-to-video-explainer-video-ai
Artificial Intelligence & ML,artificial-intelligence-ml,6,AI Video Generation,ai-video-generation,1,Text-to-Cinematic-Video,text-to-cinematic-video,5,Text-to-Video,Product Demo Video AI,text-to-video-product-demo-video-ai
Artificial Intelligence & ML,artificial-intelligence-ml,6,AI Video Generation,ai-video-generation,1,Text-to-Cinematic-Video,text-to-cinematic-video,6,Text-to-Video,Training Video AI,text-to-video-training-video-ai
Artificial Intelligence & ML,artificial-intelligence-ml,6,AI Video Generation,ai-video-generation,1,Text-to-Cinematic-Video,text-to-cinematic-video,7,Text-to-Video,Social Media Video AI,text-to-video-social-media-video-ai
Artificial Intelligence & ML,artificial-intelligence-ml,6,AI Video Generation,ai-video-generation,1,Text-to-Cinematic-Video,text-to-cinematic-video,8,Text-to-Video,Music Video AI,text-to-video-music-video-ai
Artificial Intelligence & ML,artificial-intelligence-ml,6,AI Video Generation,ai-video-generation,1,Text-to-Cinematic-Video,text-to-cinematic-video,9,Text-to-Video,Animation from Text,text-to-video-animation-from-text
Artificial Intelligence & ML,artificial-intelligence-ml,6,AI Video Generation,ai-video-generation,1,Text-to-Cinematic-Video,text-to-cinematic-video,10,Text-to-Video,Cinematic Scene AI,text-to-video-cinematic-scene-ai
Artificial Intelligence & ML,artificial-intelligence-ml,6,AI Video Generation,ai-video-generation,1,Text-to-Cinematic-Video,text-to-cinematic-video,11,AI Video Editing,Scene Detection,ai-video-editing-scene-detection
Artificial Intelligence & ML,artificial-intelligence-ml,6,AI Video Generation,ai-video-generation,1,Text-to-Cinematic-Video,text-to-cinematic-video,12,AI Video Editing,Audio Sync AI,ai-video-editing-audio-sync-ai
Artificial Intelligence & ML,artificial-intelligence-ml,6,AI Video Generation,ai-video-generation,1,Text-to-Cinematic-Video,text-to-cinematic-video,13,AI Video Editing,Subtitle Generation,ai-video-editing-subtitle-generation
Artificial Intelligence & ML,artificial-intelligence-ml,6,AI Video Generation,ai-video-generation,1,Text-to-Cinematic-Video,text-to-cinematic-video,14,AI Video Editing,Video Upscaling,ai-video-editing-video-upscaling
Artificial Intelligence & ML,artificial-intelligence-ml,6,AI Video Generation,ai-video-generation,1,Text-to-Cinematic-Video,text-to-cinematic-video,15,AI Video Editing,Multi-Cam Editing AI,ai-video-editing-multi-cam-editing-ai
Artificial Intelligence & ML,artificial-intelligence-ml,6,AI Video Generation,ai-video-generation,1,Text-to-Cinematic-Video,text-to-cinematic-video,16,AI Avatars & Presenters,Training Presenter AI,ai-avatars-presenters-training-presenter-ai
Artificial Intelligence & ML,artificial-intelligence-ml,6,AI Video Generation,ai-video-generation,1,Text-to-Cinematic-Video,text-to-cinematic-video,17,AI Avatars & Presenters,Multilingual Presenter,ai-avatars-presenters-multilingual-presenter
Artificial Intelligence & ML,artificial-intelligence-ml,6,AI Video Generation,ai-video-generation,1,Text-to-Cinematic-Video,text-to-cinematic-video,18,AI Avatars & Presenters,Virtual Instructor,ai-avatars-presenters-virtual-instructor
Artificial Intelligence & ML,artificial-intelligence-ml,6,AI Video Generation,ai-video-generation,1,Text-to-Cinematic-Video,text-to-cinematic-video,19,AI Avatars & Presenters,AI Influencer,ai-avatars-presenters-ai-influencer
Artificial Intelligence & ML,artificial-intelligence-ml,6,AI Video Generation,ai-video-generation,1,Text-to-Cinematic-Video,text-to-cinematic-video,20,AI Avatars & Presenters,Digital Twin,ai-avatars-presenters-digital-twin
Artificial Intelligence & ML,artificial-intelligence-ml,6,AI Video Generation,ai-video-generation,1,Text-to-Cinematic-Video,text-to-cinematic-video,21,AI Avatars & Presenters,Animated Mascot AI,ai-avatars-presenters-animated-mascot-ai
Artificial Intelligence & ML,artificial-intelligence-ml,6,AI Video Generation,ai-video-generation,2,Image-to-Video Animators,image-to-video-animators,,,,
Artificial Intelligence & ML,artificial-intelligence-ml,6,AI Video Generation,ai-video-generation,3,Storyboard-to-Video Tools,storyboard-to-video-tools,,,,
Artificial Intelligence & ML,artificial-intelligence-ml,6,AI Video Generation,ai-video-generation,4,Script-to-Video Pipelines,script-to-video-pipelines,,,,
Artificial Intelligence & ML,artificial-intelligence-ml,6,AI Video Generation,ai-video-generation,5,AI Faceless YouTube Video Builders,ai-faceless-youtube-video-builders,,,,
Artificial Intelligence & ML,artificial-intelligence-ml,6,AI Video Generation,ai-video-generation,6,Auto B-Roll Generators,auto-b-roll-generators,,,,
Artificial Intelligence & ML,artificial-intelligence-ml,6,AI Video Generation,ai-video-generation,7,AI UGC-Style Ad Generators,ai-ugc-style-ad-generators,,,,
Artificial Intelligence & ML,artificial-intelligence-ml,6,AI Video Generation,ai-video-generation,8,AI Talking Avatar Video Builders,ai-talking-avatar-video-builders,1,AI Avatars & Presenters,Sales Demo Avatar,ai-avatars-presenters-sales-demo-avatar
Artificial Intelligence & ML,artificial-intelligence-ml,6,AI Video Generation,ai-video-generation,8,AI Talking Avatar Video Builders,ai-talking-avatar-video-builders,2,AI Avatars & Presenters,Sign Language Avatar,ai-avatars-presenters-sign-language-avatar
Artificial Intelligence & ML,artificial-intelligence-ml,6,AI Video Generation,ai-video-generation,9,AI Realistic Spokesperson Videos,ai-realistic-spokesperson-videos,1,AI Avatars & Presenters,Virtual Spokesperson,ai-avatars-presenters-virtual-spokesperson
Artificial Intelligence & ML,artificial-intelligence-ml,6,AI Video Generation,ai-video-generation,10,Multi-Avatar Conversation Videos,multi-avatar-conversation-videos,1,Seller Tools AI,Multi-Channel Sync,seller-tools-ai-multi-channel-sync
Artificial Intelligence & ML,artificial-intelligence-ml,6,AI Video Generation,ai-video-generation,11,Cartoon Character Video Generators,cartoon-character-video-generators,,,,
Artificial Intelligence & ML,artificial-intelligence-ml,6,AI Video Generation,ai-video-generation,12,Anime Video Generators,anime-video-generators,,,,
Artificial Intelligence & ML,artificial-intelligence-ml,6,AI Video Generation,ai-video-generation,13,Whiteboard Animation Generators,whiteboard-animation-generators,,,,
Artificial Intelligence & ML,artificial-intelligence-ml,6,AI Video Generation,ai-video-generation,14,Explainer Video Generators,explainer-video-generators,,,,
Artificial Intelligence & ML,artificial-intelligence-ml,6,AI Video Generation,ai-video-generation,15,Product Demo Video Builders,product-demo-video-builders,1,Pitch & Demo AI,Startup Pitch Generator,pitch-demo-ai-startup-pitch-generator
Artificial Intelligence & ML,artificial-intelligence-ml,6,AI Video Generation,ai-video-generation,15,Product Demo Video Builders,product-demo-video-builders,2,Pitch & Demo AI,Product Demo Script,pitch-demo-ai-product-demo-script
Artificial Intelligence & ML,artificial-intelligence-ml,6,AI Video Generation,ai-video-generation,15,Product Demo Video Builders,product-demo-video-builders,3,Pitch & Demo AI,Elevator Pitch Writer,pitch-demo-ai-elevator-pitch-writer
Artificial Intelligence & ML,artificial-intelligence-ml,6,AI Video Generation,ai-video-generation,15,Product Demo Video Builders,product-demo-video-builders,4,Pitch & Demo AI,Fundraising Strategy AI,pitch-demo-ai-fundraising-strategy-ai
Artificial Intelligence & ML,artificial-intelligence-ml,6,AI Video Generation,ai-video-generation,15,Product Demo Video Builders,product-demo-video-builders,5,Pitch & Demo AI,Market Size Calculator,pitch-demo-ai-market-size-calculator
Artificial Intelligence & ML,artificial-intelligence-ml,6,AI Video Generation,ai-video-generation,15,Product Demo Video Builders,product-demo-video-builders,6,Pitch & Demo AI,Competitor Comparison AI,pitch-demo-ai-competitor-comparison-ai
Artificial Intelligence & ML,artificial-intelligence-ml,6,AI Video Generation,ai-video-generation,15,Product Demo Video Builders,product-demo-video-builders,7,Pitch & Demo AI,Cap Table AI,pitch-demo-ai-cap-table-ai
Artificial Intelligence & ML,artificial-intelligence-ml,6,AI Video Generation,ai-video-generation,16,Tutorial Video Generators,tutorial-video-generators,,,,
Artificial Intelligence & ML,artificial-intelligence-ml,6,AI Video Generation,ai-video-generation,17,Course Lesson Video Generators,course-lesson-video-generators,1,Naming AI,Course Name Generator,naming-ai-course-name-generator
Artificial Intelligence & ML,artificial-intelligence-ml,6,AI Video Generation,ai-video-generation,18,News Anchor Video Generators,news-anchor-video-generators,1,AI Avatars & Presenters,AI News Anchor,ai-avatars-presenters-ai-news-anchor
Artificial Intelligence & ML,artificial-intelligence-ml,6,AI Video Generation,ai-video-generation,19,Music Video Visualizers,music-video-visualizers,,,,
Artificial Intelligence & ML,artificial-intelligence-ml,6,AI Video Generation,ai-video-generation,20,Lyric Video Generators,lyric-video-generators,,,,
Artificial Intelligence & ML,artificial-intelligence-ml,6,AI Video Generation,ai-video-generation,21,AI Dance Video Generators,ai-dance-video-generators,,,,
Artificial Intelligence & ML,artificial-intelligence-ml,6,AI Video Generation,ai-video-generation,22,AI Live Wallpaper Video Generators,ai-live-wallpaper-video-generators,1,Live Streaming AI,Stream Overlay AI,live-streaming-ai-stream-overlay-ai
Artificial Intelligence & ML,artificial-intelligence-ml,6,AI Video Generation,ai-video-generation,22,AI Live Wallpaper Video Generators,ai-live-wallpaper-video-generators,2,Live Streaming AI,Real-Time Translation Overlay,live-streaming-ai-real-time-translation-overlay
Artificial Intelligence & ML,artificial-intelligence-ml,6,AI Video Generation,ai-video-generation,22,AI Live Wallpaper Video Generators,ai-live-wallpaper-video-generators,3,Live Streaming AI,Chat Moderation AI,live-streaming-ai-chat-moderation-ai
Artificial Intelligence & ML,artificial-intelligence-ml,6,AI Video Generation,ai-video-generation,22,AI Live Wallpaper Video Generators,ai-live-wallpaper-video-generators,4,Live Streaming AI,Stream Highlight Clipper,live-streaming-ai-stream-highlight-clipper
Artificial Intelligence & ML,artificial-intelligence-ml,6,AI Video Generation,ai-video-generation,22,AI Live Wallpaper Video Generators,ai-live-wallpaper-video-generators,5,Live Streaming AI,Virtual Background AI,live-streaming-ai-virtual-background-ai
Artificial Intelligence & ML,artificial-intelligence-ml,6,AI Video Generation,ai-video-generation,22,AI Live Wallpaper Video Generators,ai-live-wallpaper-video-generators,6,Live Streaming AI,Co-Host AI,live-streaming-ai-co-host-ai
Artificial Intelligence & ML,artificial-intelligence-ml,6,AI Video Generation,ai-video-generation,22,AI Live Wallpaper Video Generators,ai-live-wallpaper-video-generators,7,Live Streaming AI,Stream Analytics AI,live-streaming-ai-stream-analytics-ai
Artificial Intelligence & ML,artificial-intelligence-ml,6,AI Video Generation,ai-video-generation,22,AI Live Wallpaper Video Generators,ai-live-wallpaper-video-generators,8,Live Streaming AI,Donation Alert AI,live-streaming-ai-donation-alert-ai
Artificial Intelligence & ML,artificial-intelligence-ml,6,AI Video Generation,ai-video-generation,22,AI Live Wallpaper Video Generators,ai-live-wallpaper-video-generators,9,Live Streaming AI,Music Request AI,live-streaming-ai-music-request-ai
Artificial Intelligence & ML,artificial-intelligence-ml,6,AI Video Generation,ai-video-generation,22,AI Live Wallpaper Video Generators,ai-live-wallpaper-video-generators,10,Live Streaming AI,Game Stats Overlay AI,live-streaming-ai-game-stats-overlay-ai
Artificial Intelligence & ML,artificial-intelligence-ml,6,AI Video Generation,ai-video-generation,23,AI Loop Video Generators,ai-loop-video-generators,1,Video Effects AI,Video Loop Creator,video-effects-ai-video-loop-creator
Artificial Intelligence & ML,artificial-intelligence-ml,6,AI Video Generation,ai-video-generation,24,AI GIF Generators,ai-gif-generators,1,Meme Creation AI,Reaction GIF Maker,meme-creation-ai-reaction-gif-maker
Artificial Intelligence & ML,artificial-intelligence-ml,6,AI Video Generation,ai-video-generation,25,AI Cinemagraph Generators,ai-cinemagraph-generators,,,,
Artificial Intelligence & ML,artificial-intelligence-ml,6,AI Video Generation,ai-video-generation,26,AI Video Story Generators,ai-video-story-generators,,,,
Artificial Intelligence & ML,artificial-intelligence-ml,6,AI Video Generation,ai-video-generation,27,AI Movie Trailer Generators,ai-movie-trailer-generators,,,,
Artificial Intelligence & ML,artificial-intelligence-ml,7,AI Video Editing & Post-Production,ai-video-editing-post-production,1,AI Auto-Cut Editors,ai-auto-cut-editors,1,AI Video Editing,Auto-Cut & Trim,ai-video-editing-auto-cut-trim
Artificial Intelligence & ML,artificial-intelligence-ml,7,AI Video Editing & Post-Production,ai-video-editing-post-production,2,AI Silence Removers,ai-silence-removers,,,,
Artificial Intelligence & ML,artificial-intelligence-ml,7,AI Video Editing & Post-Production,ai-video-editing-post-production,3,AI Filler-Word Removers,ai-filler-word-removers,,,,
Artificial Intelligence & ML,artificial-intelligence-ml,7,AI Video Editing & Post-Production,ai-video-editing-post-production,4,AI Jump-Cut Smoothers,ai-jump-cut-smoothers,,,,
Artificial Intelligence & ML,artificial-intelligence-ml,7,AI Video Editing & Post-Production,ai-video-editing-post-production,5,AI Long-to-Short Repurposers,ai-long-to-short-repurposers,,,,
Artificial Intelligence & ML,artificial-intelligence-ml,7,AI Video Editing & Post-Production,ai-video-editing-post-production,6,Auto-Reframe Vertical Tools,auto-reframe-vertical-tools,,,,
Artificial Intelligence & ML,artificial-intelligence-ml,7,AI Video Editing & Post-Production,ai-video-editing-post-production,7,AI Highlight Reel Makers,ai-highlight-reel-makers,,,,
Artificial Intelligence & ML,artificial-intelligence-ml,7,AI Video Editing & Post-Production,ai-video-editing-post-production,8,AI Sports Highlight Editors,ai-sports-highlight-editors,1,Sports Analysis AI,Match Prediction AI,sports-analysis-ai-match-prediction-ai
Artificial Intelligence & ML,artificial-intelligence-ml,7,AI Video Editing & Post-Production,ai-video-editing-post-production,8,AI Sports Highlight Editors,ai-sports-highlight-editors,2,Sports Analysis AI,Player Stats Analyzer,sports-analysis-ai-player-stats-analyzer
Artificial Intelligence & ML,artificial-intelligence-ml,7,AI Video Editing & Post-Production,ai-video-editing-post-production,8,AI Sports Highlight Editors,ai-sports-highlight-editors,3,Sports Analysis AI,Sports Betting AI,sports-analysis-ai-sports-betting-ai
Artificial Intelligence & ML,artificial-intelligence-ml,7,AI Video Editing & Post-Production,ai-video-editing-post-production,8,AI Sports Highlight Editors,ai-sports-highlight-editors,4,Sports Analysis AI,Training Load Monitor,sports-analysis-ai-training-load-monitor
Artificial Intelligence & ML,artificial-intelligence-ml,7,AI Video Editing & Post-Production,ai-video-editing-post-production,8,AI Sports Highlight Editors,ai-sports-highlight-editors,5,Sports Analysis AI,Injury Prevention AI,sports-analysis-ai-injury-prevention-ai
Artificial Intelligence & ML,artificial-intelligence-ml,7,AI Video Editing & Post-Production,ai-video-editing-post-production,8,AI Sports Highlight Editors,ai-sports-highlight-editors,6,Sports Analysis AI,Formation Analyzer,sports-analysis-ai-formation-analyzer
Artificial Intelligence & ML,artificial-intelligence-ml,7,AI Video Editing & Post-Production,ai-video-editing-post-production,8,AI Sports Highlight Editors,ai-sports-highlight-editors,7,Sports Analysis AI,Referee Decision AI,sports-analysis-ai-referee-decision-ai
Artificial Intelligence & ML,artificial-intelligence-ml,7,AI Video Editing & Post-Production,ai-video-editing-post-production,9,AI Wedding Video Editors,ai-wedding-video-editors,,,,
Artificial Intelligence & ML,artificial-intelligence-ml,7,AI Video Editing & Post-Production,ai-video-editing-post-production,10,AI Gameplay Highlight Editors,ai-gameplay-highlight-editors,,,,
Artificial Intelligence & ML,artificial-intelligence-ml,7,AI Video Editing & Post-Production,ai-video-editing-post-production,11,AI Podcast-to-Clips Tools,ai-podcast-to-clips-tools,1,AI Shorts & Clips,YouTube Shorts Creator,ai-shorts-clips-youtube-shorts-creator
Artificial Intelligence & ML,artificial-intelligence-ml,7,AI Video Editing & Post-Production,ai-video-editing-post-production,11,AI Podcast-to-Clips Tools,ai-podcast-to-clips-tools,2,AI Shorts & Clips,TikTok Clip Maker,ai-shorts-clips-tiktok-clip-maker
Artificial Intelligence & ML,artificial-intelligence-ml,7,AI Video Editing & Post-Production,ai-video-editing-post-production,11,AI Podcast-to-Clips Tools,ai-podcast-to-clips-tools,3,AI Shorts & Clips,Instagram Reels AI,ai-shorts-clips-instagram-reels-ai
Artificial Intelligence & ML,artificial-intelligence-ml,7,AI Video Editing & Post-Production,ai-video-editing-post-production,11,AI Podcast-to-Clips Tools,ai-podcast-to-clips-tools,4,AI Shorts & Clips,Podcast Clip Extractor,ai-shorts-clips-podcast-clip-extractor
Artificial Intelligence & ML,artificial-intelligence-ml,7,AI Video Editing & Post-Production,ai-video-editing-post-production,11,AI Podcast-to-Clips Tools,ai-podcast-to-clips-tools,5,AI Shorts & Clips,Highlight Reel Maker,ai-shorts-clips-highlight-reel-maker
Artificial Intelligence & ML,artificial-intelligence-ml,7,AI Video Editing & Post-Production,ai-video-editing-post-production,11,AI Podcast-to-Clips Tools,ai-podcast-to-clips-tools,6,AI Shorts & Clips,Testimonial Clip AI,ai-shorts-clips-testimonial-clip-ai
Artificial Intelligence & ML,artificial-intelligence-ml,7,AI Video Editing & Post-Production,ai-video-editing-post-production,11,AI Podcast-to-Clips Tools,ai-podcast-to-clips-tools,7,AI Shorts & Clips,Tutorial Clip AI,ai-shorts-clips-tutorial-clip-ai
Artificial Intelligence & ML,artificial-intelligence-ml,7,AI Video Editing & Post-Production,ai-video-editing-post-production,11,AI Podcast-to-Clips Tools,ai-podcast-to-clips-tools,8,AI Shorts & Clips,Reaction Video AI,ai-shorts-clips-reaction-video-ai
Artificial Intelligence & ML,artificial-intelligence-ml,7,AI Video Editing & Post-Production,ai-video-editing-post-production,11,AI Podcast-to-Clips Tools,ai-podcast-to-clips-tools,9,AI Shorts & Clips,Before/After Video AI,ai-shorts-clips-before-after-video-ai
Artificial Intelligence & ML,artificial-intelligence-ml,7,AI Video Editing & Post-Production,ai-video-editing-post-production,11,AI Podcast-to-Clips Tools,ai-podcast-to-clips-tools,10,AI Shorts & Clips,Product Unboxing AI,ai-shorts-clips-product-unboxing-ai
Artificial Intelligence & ML,artificial-intelligence-ml,7,AI Video Editing & Post-Production,ai-video-editing-post-production,11,AI Podcast-to-Clips Tools,ai-podcast-to-clips-tools,11,Podcast AI,Podcast Editing AI,podcast-ai-podcast-editing-ai
Artificial Intelligence & ML,artificial-intelligence-ml,7,AI Video Editing & Post-Production,ai-video-editing-post-production,12,AI Webinar-to-Clips Tools,ai-webinar-to-clips-tools,,,,
Artificial Intelligence & ML,artificial-intelligence-ml,7,AI Video Editing & Post-Production,ai-video-editing-post-production,13,AI Auto-Caption Burn-In,ai-auto-caption-burn-in,1,Meme Creation AI,Caption Generator Meme,meme-creation-ai-caption-generator-meme
Artificial Intelligence & ML,artificial-intelligence-ml,7,AI Video Editing & Post-Production,ai-video-editing-post-production,14,AI Multilingual Subtitle Burn-In,ai-multilingual-subtitle-burn-in,,,,
Artificial Intelligence & ML,artificial-intelligence-ml,7,AI Video Editing & Post-Production,ai-video-editing-post-production,15,AI Speaker Tracking Editors,ai-speaker-tracking-editors,1,PM AI,Budget Tracking AI,pm-ai-budget-tracking-ai
Artificial Intelligence & ML,artificial-intelligence-ml,7,AI Video Editing & Post-Production,ai-video-editing-post-production,15,AI Speaker Tracking Editors,ai-speaker-tracking-editors,2,PM AI,Milestone Tracking AI,pm-ai-milestone-tracking-ai
Artificial Intelligence & ML,artificial-intelligence-ml,7,AI Video Editing & Post-Production,ai-video-editing-post-production,16,AI Eye Contact Correction,ai-eye-contact-correction,,,,
Artificial Intelligence & ML,artificial-intelligence-ml,7,AI Video Editing & Post-Production,ai-video-editing-post-production,17,AI Look-to-Camera Fixers,ai-look-to-camera-fixers,,,,
Artificial Intelligence & ML,artificial-intelligence-ml,7,AI Video Editing & Post-Production,ai-video-editing-post-production,18,AI Color Correction Tools,ai-color-correction-tools,,,,
Artificial Intelligence & ML,artificial-intelligence-ml,7,AI Video Editing & Post-Production,ai-video-editing-post-production,19,AI Cinematic Color Grading,ai-cinematic-color-grading,1,AI Video Editing,Color Grading AI,ai-video-editing-color-grading-ai
Artificial Intelligence & ML,artificial-intelligence-ml,7,AI Video Editing & Post-Production,ai-video-editing-post-production,20,AI Frame Interpolation,ai-frame-interpolation,1,AI Video Editing,Frame Interpolation,ai-video-editing-frame-interpolation
Artificial Intelligence & ML,artificial-intelligence-ml,7,AI Video Editing & Post-Production,ai-video-editing-post-production,21,AI Video Stabilization,ai-video-stabilization,1,AI Video Editing,Stabilization AI,ai-video-editing-stabilization-ai
Artificial Intelligence & ML,artificial-intelligence-ml,7,AI Video Editing & Post-Production,ai-video-editing-post-production,22,AI Slow-Motion Generators,ai-slow-motion-generators,1,Video Effects AI,Slow Motion AI,video-effects-ai-slow-motion-ai
Artificial Intelligence & ML,artificial-intelligence-ml,7,AI Video Editing & Post-Production,ai-video-editing-post-production,23,AI Video Restoration,ai-video-restoration,1,Video Enhancement AI,Old Video Restoration,video-enhancement-ai-old-video-restoration
Artificial Intelligence & ML,artificial-intelligence-ml,7,AI Video Editing & Post-Production,ai-video-editing-post-production,24,AI Old Film Restorer,ai-old-film-restorer,,,,
Artificial Intelligence & ML,artificial-intelligence-ml,7,AI Video Editing & Post-Production,ai-video-editing-post-production,25,AI Video Object Removal,ai-video-object-removal,1,Video Analysis AI,Video Object Tracking,video-analysis-ai-video-object-tracking
Artificial Intelligence & ML,artificial-intelligence-ml,7,AI Video Editing & Post-Production,ai-video-editing-post-production,26,AI Video Background Replacement,ai-video-background-replacement,,,,
Artificial Intelligence & ML,artificial-intelligence-ml,7,AI Video Editing & Post-Production,ai-video-editing-post-production,27,AI Video Green-Screen Tools,ai-video-green-screen-tools,1,AI Video Editing,Green Screen AI,ai-video-editing-green-screen-ai
Artificial Intelligence & ML,artificial-intelligence-ml,7,AI Video Editing & Post-Production,ai-video-editing-post-production,28,AI Watermark Remover for Video,ai-watermark-remover-for-video,,,,
Artificial Intelligence & ML,artificial-intelligence-ml,7,AI Video Editing & Post-Production,ai-video-editing-post-production,29,AI Video Compression,ai-video-compression,,,,
Artificial Intelligence & ML,artificial-intelligence-ml,7,AI Video Editing & Post-Production,ai-video-editing-post-production,30,AI Video Format Conversion,ai-video-format-conversion,1,File Conversion AI,Image Format Converter,file-conversion-ai-image-format-converter
Artificial Intelligence & ML,artificial-intelligence-ml,7,AI Video Editing & Post-Production,ai-video-editing-post-production,30,AI Video Format Conversion,ai-video-format-conversion,2,File Conversion AI,Video Format Converter,file-conversion-ai-video-format-converter
Artificial Intelligence & ML,artificial-intelligence-ml,7,AI Video Editing & Post-Production,ai-video-editing-post-production,30,AI Video Format Conversion,ai-video-format-conversion,3,File Conversion AI,Audio Format Converter,file-conversion-ai-audio-format-converter
Artificial Intelligence & ML,artificial-intelligence-ml,7,AI Video Editing & Post-Production,ai-video-editing-post-production,30,AI Video Format Conversion,ai-video-format-conversion,4,File Conversion AI,Document Format Converter,file-conversion-ai-document-format-converter
Artificial Intelligence & ML,artificial-intelligence-ml,7,AI Video Editing & Post-Production,ai-video-editing-post-production,30,AI Video Format Conversion,ai-video-format-conversion,5,File Conversion AI,Ebook Format Converter,file-conversion-ai-ebook-format-converter
Artificial Intelligence & ML,artificial-intelligence-ml,7,AI Video Editing & Post-Production,ai-video-editing-post-production,30,AI Video Format Conversion,ai-video-format-conversion,6,File Conversion AI,Spreadsheet Converter,file-conversion-ai-spreadsheet-converter
Artificial Intelligence & ML,artificial-intelligence-ml,7,AI Video Editing & Post-Production,ai-video-editing-post-production,30,AI Video Format Conversion,ai-video-format-conversion,7,File Conversion AI,Database Format Converter,file-conversion-ai-database-format-converter
Artificial Intelligence & ML,artificial-intelligence-ml,7,AI Video Editing & Post-Production,ai-video-editing-post-production,30,AI Video Format Conversion,ai-video-format-conversion,8,File Conversion AI,CAD Format Converter,file-conversion-ai-cad-format-converter
Artificial Intelligence & ML,artificial-intelligence-ml,7,AI Video Editing & Post-Production,ai-video-editing-post-production,30,AI Video Format Conversion,ai-video-format-conversion,9,File Conversion AI,Font Format Converter,file-conversion-ai-font-format-converter
Artificial Intelligence & ML,artificial-intelligence-ml,7,AI Video Editing & Post-Production,ai-video-editing-post-production,30,AI Video Format Conversion,ai-video-format-conversion,10,File Conversion AI,Archive Format Converter,file-conversion-ai-archive-format-converter
Artificial Intelligence & ML,artificial-intelligence-ml,8,AI Audio Generation & Music,ai-audio-generation-music,1,AI Lyric-to-Song Tools,ai-lyric-to-song-tools,,,,
Artificial Intelligence & ML,artificial-intelligence-ml,8,AI Audio Generation & Music,ai-audio-generation-music,2,AI Instrumental Beat Generators,ai-instrumental-beat-generators,,,,
Artificial Intelligence & ML,artificial-intelligence-ml,8,AI Audio Generation & Music,ai-audio-generation-music,3,AI Vocal Track Generators,ai-vocal-track-generators,,,,
Artificial Intelligence & ML,artificial-intelligence-ml,8,AI Audio Generation & Music,ai-audio-generation-music,4,AI Royalty-Free Music Libraries,ai-royalty-free-music-libraries,1,Music Generation,Song Composition AI,music-generation-song-composition-ai
Artificial Intelligence & ML,artificial-intelligence-ml,8,AI Audio Generation & Music,ai-audio-generation-music,4,AI Royalty-Free Music Libraries,ai-royalty-free-music-libraries,2,Music Generation,Beat Making AI,music-generation-beat-making-ai
Artificial Intelligence & ML,artificial-intelligence-ml,8,AI Audio Generation & Music,ai-audio-generation-music,4,AI Royalty-Free Music Libraries,ai-royalty-free-music-libraries,3,Music Generation,Background Music AI,music-generation-background-music-ai
Artificial Intelligence & ML,artificial-intelligence-ml,8,AI Audio Generation & Music,ai-audio-generation-music,4,AI Royalty-Free Music Libraries,ai-royalty-free-music-libraries,4,Music Generation,Jingle Creator,music-generation-jingle-creator
Artificial Intelligence & ML,artificial-intelligence-ml,8,AI Audio Generation & Music,ai-audio-generation-music,4,AI Royalty-Free Music Libraries,ai-royalty-free-music-libraries,5,Music Generation,Ringtone Creator,music-generation-ringtone-creator
Artificial Intelligence & ML,artificial-intelligence-ml,8,AI Audio Generation & Music,ai-audio-generation-music,4,AI Royalty-Free Music Libraries,ai-royalty-free-music-libraries,6,Music Generation,Royalty-Free Music AI,music-generation-royalty-free-music-ai
Artificial Intelligence & ML,artificial-intelligence-ml,8,AI Audio Generation & Music,ai-audio-generation-music,5,AI Cinematic Score Generators,ai-cinematic-score-generators,1,Music Generation,Cinematic Score AI,music-generation-cinematic-score-ai
Artificial Intelligence & ML,artificial-intelligence-ml,8,AI Audio Generation & Music,ai-audio-generation-music,6,AI Lo-Fi Beat Generators,ai-lo-fi-beat-generators,1,Music Generation,Lo-Fi Generator,music-generation-lo-fi-generator
Artificial Intelligence & ML,artificial-intelligence-ml,8,AI Audio Generation & Music,ai-audio-generation-music,7,AI Classical Music Composers,ai-classical-music-composers,,,,
Artificial Intelligence & ML,artificial-intelligence-ml,8,AI Audio Generation & Music,ai-audio-generation-music,8,AI Jazz Improvisation Tools,ai-jazz-improvisation-tools,,,,
Artificial Intelligence & ML,artificial-intelligence-ml,8,AI Audio Generation & Music,ai-audio-generation-music,9,AI Electronic Dance Music Generators,ai-electronic-dance-music-generators,,,,
Artificial Intelligence & ML,artificial-intelligence-ml,8,AI Audio Generation & Music,ai-audio-generation-music,10,AI Hip-Hop Beat Generators,ai-hip-hop-beat-generators,,,,
Artificial Intelligence & ML,artificial-intelligence-ml,8,AI Audio Generation & Music,ai-audio-generation-music,11,AI Country Music Generators,ai-country-music-generators,,,,
Artificial Intelligence & ML,artificial-intelligence-ml,8,AI Audio Generation & Music,ai-audio-generation-music,12,AI Ambient Music Generators,ai-ambient-music-generators,,,,
Artificial Intelligence & ML,artificial-intelligence-ml,8,AI Audio Generation & Music,ai-audio-generation-music,13,AI Game Music Generators,ai-game-music-generators,1,Music Generation,Game Music AI,music-generation-game-music-ai
Artificial Intelligence & ML,artificial-intelligence-ml,8,AI Audio Generation & Music,ai-audio-generation-music,13,AI Game Music Generators,ai-game-music-generators,2,Game Asset AI,Game Music AI,game-asset-ai-game-music-ai
Artificial Intelligence & ML,artificial-intelligence-ml,8,AI Audio Generation & Music,ai-audio-generation-music,14,AI Workout Playlist Generators,ai-workout-playlist-generators,,,,
Artificial Intelligence & ML,artificial-intelligence-ml,8,AI Audio Generation & Music,ai-audio-generation-music,15,AI Meditation Music Generators,ai-meditation-music-generators,1,Music Generation,Meditation Music AI,music-generation-meditation-music-ai
Artificial Intelligence & ML,artificial-intelligence-ml,8,AI Audio Generation & Music,ai-audio-generation-music,16,AI Sleep Sound Generators,ai-sleep-sound-generators,1,Sound Design,Ambient Sound Creator,sound-design-ambient-sound-creator
Artificial Intelligence & ML,artificial-intelligence-ml,8,AI Audio Generation & Music,ai-audio-generation-music,16,AI Sleep Sound Generators,ai-sleep-sound-generators,2,Sound Design,Audio Restoration,sound-design-audio-restoration
Artificial Intelligence & ML,artificial-intelligence-ml,8,AI Audio Generation & Music,ai-audio-generation-music,16,AI Sleep Sound Generators,ai-sleep-sound-generators,3,Sound Design,Noise Cancellation,sound-design-noise-cancellation
Artificial Intelligence & ML,artificial-intelligence-ml,8,AI Audio Generation & Music,ai-audio-generation-music,16,AI Sleep Sound Generators,ai-sleep-sound-generators,4,Sound Design,Audio Mastering AI,sound-design-audio-mastering-ai
Artificial Intelligence & ML,artificial-intelligence-ml,8,AI Audio Generation & Music,ai-audio-generation-music,16,AI Sleep Sound Generators,ai-sleep-sound-generators,5,Sound Design,Spatial Audio AI,sound-design-spatial-audio-ai
Artificial Intelligence & ML,artificial-intelligence-ml,8,AI Audio Generation & Music,ai-audio-generation-music,16,AI Sleep Sound Generators,ai-sleep-sound-generators,6,Sound Design,ASMR Generator,sound-design-asmr-generator
Artificial Intelligence & ML,artificial-intelligence-ml,8,AI Audio Generation & Music,ai-audio-generation-music,16,AI Sleep Sound Generators,ai-sleep-sound-generators,7,Sound Design,Urban Sound Design,sound-design-urban-sound-design
Artificial Intelligence & ML,artificial-intelligence-ml,8,AI Audio Generation & Music,ai-audio-generation-music,17,AI White Noise Generators,ai-white-noise-generators,,,,
Artificial Intelligence & ML,artificial-intelligence-ml,8,AI Audio Generation & Music,ai-audio-generation-music,18,AI Nature Sound Generators,ai-nature-sound-generators,1,Sound Design,Nature Sound AI,sound-design-nature-sound-ai
Artificial Intelligence & ML,artificial-intelligence-ml,8,AI Audio Generation & Music,ai-audio-generation-music,19,AI Sound Effect Libraries,ai-sound-effect-libraries,1,Sound Design,Sound Effect Generator,sound-design-sound-effect-generator
Artificial Intelligence & ML,artificial-intelligence-ml,8,AI Audio Generation & Music,ai-audio-generation-music,20,AI Foley Sound Generators,ai-foley-sound-generators,1,Sound Design,Foley AI,sound-design-foley-ai
Artificial Intelligence & ML,artificial-intelligence-ml,8,AI Audio Generation & Music,ai-audio-generation-music,21,AI Drum Pattern Generators,ai-drum-pattern-generators,,,,
Artificial Intelligence & ML,artificial-intelligence-ml,8,AI Audio Generation & Music,ai-audio-generation-music,22,AI Bass Line Generators,ai-bass-line-generators,,,,
Artificial Intelligence & ML,artificial-intelligence-ml,8,AI Audio Generation & Music,ai-audio-generation-music,23,AI Chord Progression Helpers,ai-chord-progression-helpers,1,Music Education AI,Chord Progression AI,music-education-ai-chord-progression-ai
Artificial Intelligence & ML,artificial-intelligence-ml,8,AI Audio Generation & Music,ai-audio-generation-music,24,AI Melody Suggesters,ai-melody-suggesters,,,,
Artificial Intelligence & ML,artificial-intelligence-ml,8,AI Audio Generation & Music,ai-audio-generation-music,25,AI Song Lyric Writers,ai-song-lyric-writers,,,,
Artificial Intelligence & ML,artificial-intelligence-ml,8,AI Audio Generation & Music,ai-audio-generation-music,26,AI Rap Lyric Generators,ai-rap-lyric-generators,,,,
Artificial Intelligence & ML,artificial-intelligence-ml,8,AI Audio Generation & Music,ai-audio-generation-music,27,AI Karaoke Track Makers,ai-karaoke-track-makers,,,,
Artificial Intelligence & ML,artificial-intelligence-ml,8,AI Audio Generation & Music,ai-audio-generation-music,28,AI Song Cover Generators,ai-song-cover-generators,,,,
Artificial Intelligence & ML,artificial-intelligence-ml,8,AI Audio Generation & Music,ai-audio-generation-music,29,AI Voice-to-Instrument Tools,ai-voice-to-instrument-tools,,,,
Artificial Intelligence & ML,artificial-intelligence-ml,8,AI Audio Generation & Music,ai-audio-generation-music,30,AI Humming-to-Melody Tools,ai-humming-to-melody-tools,,,,
Artificial Intelligence & ML,artificial-intelligence-ml,8,AI Audio Generation & Music,ai-audio-generation-music,31,AI MIDI Generators,ai-midi-generators,,,,
Artificial Intelligence & ML,artificial-intelligence-ml,8,AI Audio Generation & Music,ai-audio-generation-music,32,AI Music Mastering Suites,ai-music-mastering-suites,,,,
Artificial Intelligence & ML,artificial-intelligence-ml,8,AI Audio Generation & Music,ai-audio-generation-music,33,AI Music Mixing Assistants,ai-music-mixing-assistants,,,,
Artificial Intelligence & ML,artificial-intelligence-ml,8,AI Audio Generation & Music,ai-audio-generation-music,34,AI Stem Separators,ai-stem-separators,,,,
Artificial Intelligence & ML,artificial-intelligence-ml,8,AI Audio Generation & Music,ai-audio-generation-music,35,AI Vocal Isolation Tools,ai-vocal-isolation-tools,,,,
Artificial Intelligence & ML,artificial-intelligence-ml,8,AI Audio Generation & Music,ai-audio-generation-music,36,AI Audio Cleanup & Restoration,ai-audio-cleanup-restoration,1,Audio Processing AI,Audio Stem Splitter,audio-processing-ai-audio-stem-splitter
Artificial Intelligence & ML,artificial-intelligence-ml,8,AI Audio Generation & Music,ai-audio-generation-music,36,AI Audio Cleanup & Restoration,ai-audio-cleanup-restoration,2,Audio Processing AI,Vocal Remover AI,audio-processing-ai-vocal-remover-ai
Artificial Intelligence & ML,artificial-intelligence-ml,8,AI Audio Generation & Music,ai-audio-generation-music,36,AI Audio Cleanup & Restoration,ai-audio-cleanup-restoration,3,Audio Processing AI,Noise Reduction AI,audio-processing-ai-noise-reduction-ai
Artificial Intelligence & ML,artificial-intelligence-ml,8,AI Audio Generation & Music,ai-audio-generation-music,36,AI Audio Cleanup & Restoration,ai-audio-cleanup-restoration,4,Audio Processing AI,Audio Upscaler,audio-processing-ai-audio-upscaler
Artificial Intelligence & ML,artificial-intelligence-ml,8,AI Audio Generation & Music,ai-audio-generation-music,36,AI Audio Cleanup & Restoration,ai-audio-cleanup-restoration,5,Audio Processing AI,Room Echo Remover,audio-processing-ai-room-echo-remover
Artificial Intelligence & ML,artificial-intelligence-ml,8,AI Audio Generation & Music,ai-audio-generation-music,36,AI Audio Cleanup & Restoration,ai-audio-cleanup-restoration,6,Audio Processing AI,Wind Noise Filter,audio-processing-ai-wind-noise-filter
Artificial Intelligence & ML,artificial-intelligence-ml,8,AI Audio Generation & Music,ai-audio-generation-music,36,AI Audio Cleanup & Restoration,ai-audio-cleanup-restoration,7,Audio Processing AI,Audio Equalizer AI,audio-processing-ai-audio-equalizer-ai
Artificial Intelligence & ML,artificial-intelligence-ml,8,AI Audio Generation & Music,ai-audio-generation-music,36,AI Audio Cleanup & Restoration,ai-audio-cleanup-restoration,8,Audio Processing AI,Audio Normalization,audio-processing-ai-audio-normalization
Artificial Intelligence & ML,artificial-intelligence-ml,8,AI Audio Generation & Music,ai-audio-generation-music,36,AI Audio Cleanup & Restoration,ai-audio-cleanup-restoration,9,Audio Processing AI,Audio Speed Changer,audio-processing-ai-audio-speed-changer
Artificial Intelligence & ML,artificial-intelligence-ml,8,AI Audio Generation & Music,ai-audio-generation-music,36,AI Audio Cleanup & Restoration,ai-audio-cleanup-restoration,10,Audio Processing AI,Audio Pitch Shifter,audio-processing-ai-audio-pitch-shifter
Artificial Intelligence & ML,artificial-intelligence-ml,8,AI Audio Generation & Music,ai-audio-generation-music,37,AI Pitch Correction,ai-pitch-correction,,,,
Artificial Intelligence & ML,artificial-intelligence-ml,8,AI Audio Generation & Music,ai-audio-generation-music,38,AI Auto-Tune Plugins,ai-auto-tune-plugins,1,UI/UX AI,Figma AI Plugins,ui-ux-ai-figma-ai-plugins
Artificial Intelligence & ML,artificial-intelligence-ml,8,AI Audio Generation & Music,ai-audio-generation-music,39,AI Tempo Detection,ai-tempo-detection,,,,
Artificial Intelligence & ML,artificial-intelligence-ml,9,AI Voice & Speech,ai-voice-speech,1,Realistic Neural Voice Synthesizers,realistic-neural-voice-synthesizers,,,,
Artificial Intelligence & ML,artificial-intelligence-ml,9,AI Voice & Speech,ai-voice-speech,2,Celebrity Voice Tools,celebrity-voice-tools,,,,
Artificial Intelligence & ML,artificial-intelligence-ml,9,AI Voice & Speech,ai-voice-speech,3,Custom Voice Cloning,custom-voice-cloning,1,Voice Cloning,Personal Voice Clone,voice-cloning-personal-voice-clone
Artificial Intelligence & ML,artificial-intelligence-ml,9,AI Voice & Speech,ai-voice-speech,3,Custom Voice Cloning,custom-voice-cloning,2,Voice Cloning,Brand Voice Clone,voice-cloning-brand-voice-clone
Artificial Intelligence & ML,artificial-intelligence-ml,9,AI Voice & Speech,ai-voice-speech,3,Custom Voice Cloning,custom-voice-cloning,3,Voice Cloning,Celebrity Voice Simulation,voice-cloning-celebrity-voice-simulation
Artificial Intelligence & ML,artificial-intelligence-ml,9,AI Voice & Speech,ai-voice-speech,3,Custom Voice Cloning,custom-voice-cloning,4,Voice Cloning,Multilingual Voice Clone,voice-cloning-multilingual-voice-clone
Artificial Intelligence & ML,artificial-intelligence-ml,9,AI Voice & Speech,ai-voice-speech,3,Custom Voice Cloning,custom-voice-cloning,5,Voice Cloning,Singing Voice Synthesis,voice-cloning-singing-voice-synthesis
Artificial Intelligence & ML,artificial-intelligence-ml,9,AI Voice & Speech,ai-voice-speech,3,Custom Voice Cloning,custom-voice-cloning,6,Voice Cloning,Emotional Voice Variation,voice-cloning-emotional-voice-variation
Artificial Intelligence & ML,artificial-intelligence-ml,9,AI Voice & Speech,ai-voice-speech,3,Custom Voice Cloning,custom-voice-cloning,7,Voice Cloning,Child-Safe Voice Filters,voice-cloning-child-safe-voice-filters
Artificial Intelligence & ML,artificial-intelligence-ml,9,AI Voice & Speech,ai-voice-speech,3,Custom Voice Cloning,custom-voice-cloning,8,Voice Cloning,Elderly Voice Restoration,voice-cloning-elderly-voice-restoration
Artificial Intelligence & ML,artificial-intelligence-ml,9,AI Voice & Speech,ai-voice-speech,3,Custom Voice Cloning,custom-voice-cloning,9,Voice Cloning,Accent Conversion,voice-cloning-accent-conversion
Artificial Intelligence & ML,artificial-intelligence-ml,9,AI Voice & Speech,ai-voice-speech,3,Custom Voice Cloning,custom-voice-cloning,10,Voice Cloning,Real-Time Voice Changer,voice-cloning-real-time-voice-changer
Artificial Intelligence & ML,artificial-intelligence-ml,9,AI Voice & Speech,ai-voice-speech,3,Custom Voice Cloning,custom-voice-cloning,11,Custom Model Hosting,Private Model Hosting,custom-model-hosting-private-model-hosting
Artificial Intelligence & ML,artificial-intelligence-ml,9,AI Voice & Speech,ai-voice-speech,3,Custom Voice Cloning,custom-voice-cloning,12,Custom Model Hosting,On-Premise LLM,custom-model-hosting-on-premise-llm
Artificial Intelligence & ML,artificial-intelligence-ml,9,AI Voice & Speech,ai-voice-speech,3,Custom Voice Cloning,custom-voice-cloning,13,Custom Model Hosting,Edge Model Deployment,custom-model-hosting-edge-model-deployment
Artificial Intelligence & ML,artificial-intelligence-ml,9,AI Voice & Speech,ai-voice-speech,3,Custom Voice Cloning,custom-voice-cloning,14,Custom Model Hosting,Model API Wrapper,custom-model-hosting-model-api-wrapper
Artificial Intelligence & ML,artificial-intelligence-ml,9,AI Voice & Speech,ai-voice-speech,3,Custom Voice Cloning,custom-voice-cloning,15,Custom Model Hosting,Custom Endpoint Builder,custom-model-hosting-custom-endpoint-builder
Artificial Intelligence & ML,artificial-intelligence-ml,9,AI Voice & Speech,ai-voice-speech,3,Custom Voice Cloning,custom-voice-cloning,16,Custom Model Hosting,A/B Model Testing,custom-model-hosting-a-b-model-testing
Artificial Intelligence & ML,artificial-intelligence-ml,9,AI Voice & Speech,ai-voice-speech,3,Custom Voice Cloning,custom-voice-cloning,17,Custom Model Hosting,Canary Deployment AI,custom-model-hosting-canary-deployment-ai
Artificial Intelligence & ML,artificial-intelligence-ml,9,AI Voice & Speech,ai-voice-speech,3,Custom Voice Cloning,custom-voice-cloning,18,Custom Model Hosting,Model Fallback System,custom-model-hosting-model-fallback-system
Artificial Intelligence & ML,artificial-intelligence-ml,9,AI Voice & Speech,ai-voice-speech,3,Custom Voice Cloning,custom-voice-cloning,19,Custom Model Hosting,Latency Optimizer,custom-model-hosting-latency-optimizer
Artificial Intelligence & ML,artificial-intelligence-ml,9,AI Voice & Speech,ai-voice-speech,4,Real-Time Voice Changers,real-time-voice-changers,1,Speech-to-Text,Real-Time Transcription,speech-to-text-real-time-transcription
Artificial Intelligence & ML,artificial-intelligence-ml,9,AI Voice & Speech,ai-voice-speech,5,Live Stream Voice Modifiers,live-stream-voice-modifiers,,,,
Artificial Intelligence & ML,artificial-intelligence-ml,9,AI Voice & Speech,ai-voice-speech,6,Anonymizing Voice Disguisers,anonymizing-voice-disguisers,,,,
Artificial Intelligence & ML,artificial-intelligence-ml,9,AI Voice & Speech,ai-voice-speech,7,Multilingual Voice Synthesizers,multilingual-voice-synthesizers,,,,
Artificial Intelligence & ML,artificial-intelligence-ml,9,AI Voice & Speech,ai-voice-speech,8,Emotion-Aware Voice Generators,emotion-aware-voice-generators,,,,
Artificial Intelligence & ML,artificial-intelligence-ml,9,AI Voice & Speech,ai-voice-speech,9,Whisper-Style Voice Generators,whisper-style-voice-generators,,,,
Artificial Intelligence & ML,artificial-intelligence-ml,9,AI Voice & Speech,ai-voice-speech,10,Audiobook Narration Generators,audiobook-narration-generators,1,Text-to-Speech,Audiobook Narration,text-to-speech-audiobook-narration
Artificial Intelligence & ML,artificial-intelligence-ml,9,AI Voice & Speech,ai-voice-speech,11,E-Learning Narration Tools,e-learning-narration-tools,,,,
Artificial Intelligence & ML,artificial-intelligence-ml,9,AI Voice & Speech,ai-voice-speech,12,IVR Voice Generators,ivr-voice-generators,,,,
Artificial Intelligence & ML,artificial-intelligence-ml,9,AI Voice & Speech,ai-voice-speech,13,Game Character Voice Generators,game-character-voice-generators,1,Character Chat AI,Adventure Game AI,character-chat-ai-adventure-game-ai
Artificial Intelligence & ML,artificial-intelligence-ml,9,AI Voice & Speech,ai-voice-speech,13,Game Character Voice Generators,game-character-voice-generators,2,Game Asset AI,Game Character Generator,game-asset-ai-game-character-generator
Artificial Intelligence & ML,artificial-intelligence-ml,9,AI Voice & Speech,ai-voice-speech,14,Cartoon Voice Generators,cartoon-voice-generators,,,,
Artificial Intelligence & ML,artificial-intelligence-ml,9,AI Voice & Speech,ai-voice-speech,15,Singing Voice Synthesizers,singing-voice-synthesizers,,,,
Artificial Intelligence & ML,artificial-intelligence-ml,9,AI Voice & Speech,ai-voice-speech,16,Voice-to-Voice Conversion,voice-to-voice-conversion,,,,
Artificial Intelligence & ML,artificial-intelligence-ml,9,AI Voice & Speech,ai-voice-speech,17,Accent Conversion Tools,accent-conversion-tools,,,,
Artificial Intelligence & ML,artificial-intelligence-ml,9,AI Voice & Speech,ai-voice-speech,18,Pronunciation Correction Tools,pronunciation-correction-tools,,,,
Artificial Intelligence & ML,artificial-intelligence-ml,9,AI Voice & Speech,ai-voice-speech,19,Live Meeting Transcribers,live-meeting-transcribers,,,,
Artificial Intelligence & ML,artificial-intelligence-ml,9,AI Voice & Speech,ai-voice-speech,20,Podcast Auto-Transcribers,podcast-auto-transcribers,,,,
Artificial Intelligence & ML,artificial-intelligence-ml,9,AI Voice & Speech,ai-voice-speech,21,Lecture Transcription Tools,lecture-transcription-tools,1,Speech-to-Text,Lecture Transcription,speech-to-text-lecture-transcription
Artificial Intelligence & ML,artificial-intelligence-ml,9,AI Voice & Speech,ai-voice-speech,22,Court & Legal Transcription,court-legal-transcription,1,Speech-to-Text,Legal Transcription,speech-to-text-legal-transcription
Artificial Intelligence & ML,artificial-intelligence-ml,9,AI Voice & Speech,ai-voice-speech,22,Court & Legal Transcription,court-legal-transcription,2,Court AI,Case Prediction AI,court-ai-case-prediction-ai
Artificial Intelligence & ML,artificial-intelligence-ml,9,AI Voice & Speech,ai-voice-speech,22,Court & Legal Transcription,court-legal-transcription,3,Court AI,Jury Selection AI,court-ai-jury-selection-ai
Artificial Intelligence & ML,artificial-intelligence-ml,9,AI Voice & Speech,ai-voice-speech,22,Court & Legal Transcription,court-legal-transcription,4,Court AI,Sentencing AI,court-ai-sentencing-ai
Artificial Intelligence & ML,artificial-intelligence-ml,9,AI Voice & Speech,ai-voice-speech,22,Court & Legal Transcription,court-legal-transcription,5,Court AI,Bail Assessment AI,court-ai-bail-assessment-ai
Artificial Intelligence & ML,artificial-intelligence-ml,9,AI Voice & Speech,ai-voice-speech,22,Court & Legal Transcription,court-legal-transcription,6,Court AI,Plea Bargain AI,court-ai-plea-bargain-ai
Artificial Intelligence & ML,artificial-intelligence-ml,9,AI Voice & Speech,ai-voice-speech,22,Court & Legal Transcription,court-legal-transcription,7,Court AI,Evidence Analysis AI,court-ai-evidence-analysis-ai
Artificial Intelligence & ML,artificial-intelligence-ml,9,AI Voice & Speech,ai-voice-speech,22,Court & Legal Transcription,court-legal-transcription,8,Court AI,Witness Credibility AI,court-ai-witness-credibility-ai
Artificial Intelligence & ML,artificial-intelligence-ml,9,AI Voice & Speech,ai-voice-speech,22,Court & Legal Transcription,court-legal-transcription,9,Court AI,Document Discovery AI,court-ai-document-discovery-ai
Artificial Intelligence & ML,artificial-intelligence-ml,9,AI Voice & Speech,ai-voice-speech,22,Court & Legal Transcription,court-legal-transcription,10,Court AI,Timeline Reconstruction AI,court-ai-timeline-reconstruction-ai
Artificial Intelligence & ML,artificial-intelligence-ml,9,AI Voice & Speech,ai-voice-speech,22,Court & Legal Transcription,court-legal-transcription,11,Court AI,Legal Citation AI,court-ai-legal-citation-ai
Artificial Intelligence & ML,artificial-intelligence-ml,9,AI Voice & Speech,ai-voice-speech,23,Medical Dictation Transcription,medical-dictation-transcription,1,Speech-to-Text,Medical Dictation,speech-to-text-medical-dictation
Artificial Intelligence & ML,artificial-intelligence-ml,9,AI Voice & Speech,ai-voice-speech,24,Interview Transcription Tools,interview-transcription-tools,1,Speech-to-Text,Interview Transcription,speech-to-text-interview-transcription
Artificial Intelligence & ML,artificial-intelligence-ml,9,AI Voice & Speech,ai-voice-speech,24,Interview Transcription Tools,interview-transcription-tools,2,AI Personas,Interview Practice AI,ai-personas-interview-practice-ai
Artificial Intelligence & ML,artificial-intelligence-ml,9,AI Voice & Speech,ai-voice-speech,25,Multi-Speaker Diarization Tools,multi-speaker-diarization-tools,,,,
Artificial Intelligence & ML,artificial-intelligence-ml,9,AI Voice & Speech,ai-voice-speech,26,Voice Search Builders,voice-search-builders,1,Semantic Search,E-commerce Search AI,semantic-search-e-commerce-search-ai
Artificial Intelligence & ML,artificial-intelligence-ml,9,AI Voice & Speech,ai-voice-speech,26,Voice Search Builders,voice-search-builders,2,Semantic Search,Documentation Search,semantic-search-documentation-search
Artificial Intelligence & ML,artificial-intelligence-ml,9,AI Voice & Speech,ai-voice-speech,26,Voice Search Builders,voice-search-builders,3,Semantic Search,Medical Search AI,semantic-search-medical-search-ai
Artificial Intelligence & ML,artificial-intelligence-ml,10,AI Code & Developer Tools,ai-code-developer-tools,1,In-IDE Inline Coding Copilots,in-ide-inline-coding-copilots,1,Specialized Coding,SQL Query AI,specialized-coding-sql-query-ai
Artificial Intelligence & ML,artificial-intelligence-ml,10,AI Code & Developer Tools,ai-code-developer-tools,1,In-IDE Inline Coding Copilots,in-ide-inline-coding-copilots,2,Specialized Coding,Regex Generator,specialized-coding-regex-generator
Artificial Intelligence & ML,artificial-intelligence-ml,10,AI Code & Developer Tools,ai-code-developer-tools,1,In-IDE Inline Coding Copilots,in-ide-inline-coding-copilots,3,Specialized Coding,Shell Script AI,specialized-coding-shell-script-ai
Artificial Intelligence & ML,artificial-intelligence-ml,10,AI Code & Developer Tools,ai-code-developer-tools,1,In-IDE Inline Coding Copilots,in-ide-inline-coding-copilots,4,Specialized Coding,Data Pipeline Code,specialized-coding-data-pipeline-code
Artificial Intelligence & ML,artificial-intelligence-ml,10,AI Code & Developer Tools,ai-code-developer-tools,1,In-IDE Inline Coding Copilots,in-ide-inline-coding-copilots,5,Specialized Coding,Infrastructure as Code,specialized-coding-infrastructure-as-code
Artificial Intelligence & ML,artificial-intelligence-ml,10,AI Code & Developer Tools,ai-code-developer-tools,1,In-IDE Inline Coding Copilots,in-ide-inline-coding-copilots,6,Specialized Coding,CI/CD Config Generator,specialized-coding-ci-cd-config-generator
Artificial Intelligence & ML,artificial-intelligence-ml,10,AI Code & Developer Tools,ai-code-developer-tools,1,In-IDE Inline Coding Copilots,in-ide-inline-coding-copilots,7,Specialized Coding,Dockerfile Generator,specialized-coding-dockerfile-generator
Artificial Intelligence & ML,artificial-intelligence-ml,10,AI Code & Developer Tools,ai-code-developer-tools,1,In-IDE Inline Coding Copilots,in-ide-inline-coding-copilots,8,Specialized Coding,Kubernetes YAML AI,specialized-coding-kubernetes-yaml-ai
Artificial Intelligence & ML,artificial-intelligence-ml,10,AI Code & Developer Tools,ai-code-developer-tools,1,In-IDE Inline Coding Copilots,in-ide-inline-coding-copilots,9,Specialized Coding,Terraform Generator,specialized-coding-terraform-generator
Artificial Intelligence & ML,artificial-intelligence-ml,10,AI Code & Developer Tools,ai-code-developer-tools,1,In-IDE Inline Coding Copilots,in-ide-inline-coding-copilots,10,Specialized Coding,CloudFormation AI,specialized-coding-cloudformation-ai
Artificial Intelligence & ML,artificial-intelligence-ml,10,AI Code & Developer Tools,ai-code-developer-tools,2,Terminal-Based Coding Agents,terminal-based-coding-agents,,,,
Artificial Intelligence & ML,artificial-intelligence-ml,10,AI Code & Developer Tools,ai-code-developer-tools,3,Browser-Based Coding Copilots,browser-based-coding-copilots,,,,
Artificial Intelligence & ML,artificial-intelligence-ml,10,AI Code & Developer Tools,ai-code-developer-tools,4,JetBrains AI Plugins,jetbrains-ai-plugins,,,,
Artificial Intelligence & ML,artificial-intelligence-ml,10,AI Code & Developer Tools,ai-code-developer-tools,5,VSCode AI Extensions,vscode-ai-extensions,1,Productivity Extensions,AI Email Writer Extension,productivity-extensions-ai-email-writer-extension
Artificial Intelligence & ML,artificial-intelligence-ml,10,AI Code & Developer Tools,ai-code-developer-tools,5,VSCode AI Extensions,vscode-ai-extensions,2,Productivity Extensions,AI Grammar Extension,productivity-extensions-ai-grammar-extension
Artificial Intelligence & ML,artificial-intelligence-ml,10,AI Code & Developer Tools,ai-code-developer-tools,5,VSCode AI Extensions,vscode-ai-extensions,3,Productivity Extensions,AI Translator Extension,productivity-extensions-ai-translator-extension
Artificial Intelligence & ML,artificial-intelligence-ml,10,AI Code & Developer Tools,ai-code-developer-tools,5,VSCode AI Extensions,vscode-ai-extensions,4,Productivity Extensions,AI Note Taker Extension,productivity-extensions-ai-note-taker-extension
Artificial Intelligence & ML,artificial-intelligence-ml,10,AI Code & Developer Tools,ai-code-developer-tools,5,VSCode AI Extensions,vscode-ai-extensions,5,Productivity Extensions,AI Text Expander,productivity-extensions-ai-text-expander
Artificial Intelligence & ML,artificial-intelligence-ml,10,AI Code & Developer Tools,ai-code-developer-tools,5,VSCode AI Extensions,vscode-ai-extensions,6,Productivity Extensions,AI Citation Generator,productivity-extensions-ai-citation-generator
Artificial Intelligence & ML,artificial-intelligence-ml,10,AI Code & Developer Tools,ai-code-developer-tools,5,VSCode AI Extensions,vscode-ai-extensions,7,Productivity Extensions,AI Price Tracker Extension,productivity-extensions-ai-price-tracker-extension
Artificial Intelligence & ML,artificial-intelligence-ml,10,AI Code & Developer Tools,ai-code-developer-tools,5,VSCode AI Extensions,vscode-ai-extensions,8,Productivity Extensions,AI Job Search Extension,productivity-extensions-ai-job-search-extension
Artificial Intelligence & ML,artificial-intelligence-ml,10,AI Code & Developer Tools,ai-code-developer-tools,5,VSCode AI Extensions,vscode-ai-extensions,9,Productivity Extensions,AI Social Media Extension,productivity-extensions-ai-social-media-extension
Artificial Intelligence & ML,artificial-intelligence-ml,10,AI Code & Developer Tools,ai-code-developer-tools,5,VSCode AI Extensions,vscode-ai-extensions,10,Productivity Extensions,AI Meeting Recorder Extension,productivity-extensions-ai-meeting-recorder-extension
Artificial Intelligence & ML,artificial-intelligence-ml,10,AI Code & Developer Tools,ai-code-developer-tools,6,Vim & Neovim AI Plugins,vim-neovim-ai-plugins,,,,
Artificial Intelligence & ML,artificial-intelligence-ml,10,AI Code & Developer Tools,ai-code-developer-tools,7,Emacs AI Plugins,emacs-ai-plugins,,,,
Artificial Intelligence & ML,artificial-intelligence-ml,10,AI Code & Developer Tools,ai-code-developer-tools,8,Cursor-Style AI Editors,cursor-style-ai-editors,,,,
Artificial Intelligence & ML,artificial-intelligence-ml,10,AI Code & Developer Tools,ai-code-developer-tools,9,Whole-Repo Refactoring Agents,whole-repo-refactoring-agents,,,,
Artificial Intelligence & ML,artificial-intelligence-ml,10,AI Code & Developer Tools,ai-code-developer-tools,10,AI Migration Assistants (e.g. Java → Kotlin),ai-migration-assistants-eg-java-kotlin,1,Code Review & Debug,Migration Assistant,code-review-debug-migration-assistant
Artificial Intelligence & ML,artificial-intelligence-ml,10,AI Code & Developer Tools,ai-code-developer-tools,11,AI Framework Upgraders,ai-framework-upgraders,,,,
Artificial Intelligence & ML,artificial-intelligence-ml,10,AI Code & Developer Tools,ai-code-developer-tools,12,AI Dependency Updaters,ai-dependency-updaters,1,PM AI,Dependency Analysis AI,pm-ai-dependency-analysis-ai
Artificial Intelligence & ML,artificial-intelligence-ml,10,AI Code & Developer Tools,ai-code-developer-tools,13,AI Linter Auto-Fixers,ai-linter-auto-fixers,,,,
Artificial Intelligence & ML,artificial-intelligence-ml,10,AI Code & Developer Tools,ai-code-developer-tools,14,AI Test-Coverage Boosters,ai-test-coverage-boosters,1,AI QA Tools,Load Test AI,ai-qa-tools-load-test-ai
Artificial Intelligence & ML,artificial-intelligence-ml,10,AI Code & Developer Tools,ai-code-developer-tools,14,AI Test-Coverage Boosters,ai-test-coverage-boosters,2,AI QA Tools,API Test AI,ai-qa-tools-api-test-ai
Artificial Intelligence & ML,artificial-intelligence-ml,10,AI Code & Developer Tools,ai-code-developer-tools,14,AI Test-Coverage Boosters,ai-test-coverage-boosters,3,AI QA Tools,Security Test AI,ai-qa-tools-security-test-ai
Artificial Intelligence & ML,artificial-intelligence-ml,10,AI Code & Developer Tools,ai-code-developer-tools,14,AI Test-Coverage Boosters,ai-test-coverage-boosters,4,AI QA Tools,Regression Test AI,ai-qa-tools-regression-test-ai
Artificial Intelligence & ML,artificial-intelligence-ml,10,AI Code & Developer Tools,ai-code-developer-tools,14,AI Test-Coverage Boosters,ai-test-coverage-boosters,5,AI QA Tools,Accessibility Test AI,ai-qa-tools-accessibility-test-ai
Artificial Intelligence & ML,artificial-intelligence-ml,10,AI Code & Developer Tools,ai-code-developer-tools,14,AI Test-Coverage Boosters,ai-test-coverage-boosters,6,AI QA Tools,Performance Test AI,ai-qa-tools-performance-test-ai
Artificial Intelligence & ML,artificial-intelligence-ml,10,AI Code & Developer Tools,ai-code-developer-tools,15,AI Snapshot-Test Generators,ai-snapshot-test-generators,,,,
Artificial Intelligence & ML,artificial-intelligence-ml,10,AI Code & Developer Tools,ai-code-developer-tools,16,AI Property-Based Test Generators,ai-property-based-test-generators,,,,
Artificial Intelligence & ML,artificial-intelligence-ml,10,AI Code & Developer Tools,ai-code-developer-tools,17,AI Mock Data Generators,ai-mock-data-generators,1,Data Visualization AI,Chart Generator AI,data-visualization-ai-chart-generator-ai
Artificial Intelligence & ML,artificial-intelligence-ml,10,AI Code & Developer Tools,ai-code-developer-tools,17,AI Mock Data Generators,ai-mock-data-generators,2,Data Visualization AI,Report Designer AI,data-visualization-ai-report-designer-ai
Artificial Intelligence & ML,artificial-intelligence-ml,10,AI Code & Developer Tools,ai-code-developer-tools,17,AI Mock Data Generators,ai-mock-data-generators,3,Data Visualization AI,Data Storytelling AI,data-visualization-ai-data-storytelling-ai
Artificial Intelligence & ML,artificial-intelligence-ml,10,AI Code & Developer Tools,ai-code-developer-tools,17,AI Mock Data Generators,ai-mock-data-generators,4,Data Visualization AI,Real-Time Data Viz,data-visualization-ai-real-time-data-viz
Artificial Intelligence & ML,artificial-intelligence-ml,10,AI Code & Developer Tools,ai-code-developer-tools,17,AI Mock Data Generators,ai-mock-data-generators,5,Data Visualization AI,Geographic Data Viz,data-visualization-ai-geographic-data-viz
Artificial Intelligence & ML,artificial-intelligence-ml,10,AI Code & Developer Tools,ai-code-developer-tools,17,AI Mock Data Generators,ai-mock-data-generators,6,Data Visualization AI,Network Graph AI,data-visualization-ai-network-graph-ai
Artificial Intelligence & ML,artificial-intelligence-ml,10,AI Code & Developer Tools,ai-code-developer-tools,17,AI Mock Data Generators,ai-mock-data-generators,7,Data Visualization AI,Timeline Viz AI,data-visualization-ai-timeline-viz-ai
Artificial Intelligence & ML,artificial-intelligence-ml,10,AI Code & Developer Tools,ai-code-developer-tools,17,AI Mock Data Generators,ai-mock-data-generators,8,Data Visualization AI,Heatmap Generator,data-visualization-ai-heatmap-generator
Artificial Intelligence & ML,artificial-intelligence-ml,10,AI Code & Developer Tools,ai-code-developer-tools,17,AI Mock Data Generators,ai-mock-data-generators,9,Data Visualization AI,Sankey Diagram AI,data-visualization-ai-sankey-diagram-ai
Artificial Intelligence & ML,artificial-intelligence-ml,10,AI Code & Developer Tools,ai-code-developer-tools,17,AI Mock Data Generators,ai-mock-data-generators,10,Investment AI,Alternative Data AI,investment-ai-alternative-data-ai
Artificial Intelligence & ML,artificial-intelligence-ml,10,AI Code & Developer Tools,ai-code-developer-tools,17,AI Mock Data Generators,ai-mock-data-generators,11,Data Enrichment AI,Company Data Enrichment,data-enrichment-ai-company-data-enrichment
Artificial Intelligence & ML,artificial-intelligence-ml,10,AI Code & Developer Tools,ai-code-developer-tools,17,AI Mock Data Generators,ai-mock-data-generators,12,Data Enrichment AI,Contact Enrichment,data-enrichment-ai-contact-enrichment
Artificial Intelligence & ML,artificial-intelligence-ml,10,AI Code & Developer Tools,ai-code-developer-tools,17,AI Mock Data Generators,ai-mock-data-generators,13,Data Enrichment AI,Firmographic Data,data-enrichment-ai-firmographic-data
Artificial Intelligence & ML,artificial-intelligence-ml,10,AI Code & Developer Tools,ai-code-developer-tools,17,AI Mock Data Generators,ai-mock-data-generators,14,Data Enrichment AI,Technographic Data,data-enrichment-ai-technographic-data
Artificial Intelligence & ML,artificial-intelligence-ml,10,AI Code & Developer Tools,ai-code-developer-tools,17,AI Mock Data Generators,ai-mock-data-generators,15,Data Enrichment AI,Intent Data Provider,data-enrichment-ai-intent-data-provider
Artificial Intelligence & ML,artificial-intelligence-ml,10,AI Code & Developer Tools,ai-code-developer-tools,17,AI Mock Data Generators,ai-mock-data-generators,16,Data Enrichment AI,Social Profile Enrichment,data-enrichment-ai-social-profile-enrichment
Artificial Intelligence & ML,artificial-intelligence-ml,10,AI Code & Developer Tools,ai-code-developer-tools,17,AI Mock Data Generators,ai-mock-data-generators,17,Data Enrichment AI,Email Finder AI,data-enrichment-ai-email-finder-ai
Artificial Intelligence & ML,artificial-intelligence-ml,10,AI Code & Developer Tools,ai-code-developer-tools,17,AI Mock Data Generators,ai-mock-data-generators,18,Data Enrichment AI,Phone Number Finder,data-enrichment-ai-phone-number-finder
Artificial Intelligence & ML,artificial-intelligence-ml,10,AI Code & Developer Tools,ai-code-developer-tools,17,AI Mock Data Generators,ai-mock-data-generators,19,Data Enrichment AI,Job Title Enrichment,data-enrichment-ai-job-title-enrichment
Artificial Intelligence & ML,artificial-intelligence-ml,10,AI Code & Developer Tools,ai-code-developer-tools,17,AI Mock Data Generators,ai-mock-data-generators,20,Data Enrichment AI,Revenue Estimator AI,data-enrichment-ai-revenue-estimator-ai
Artificial Intelligence & ML,artificial-intelligence-ml,10,AI Code & Developer Tools,ai-code-developer-tools,17,AI Mock Data Generators,ai-mock-data-generators,21,Location AI,Geospatial Data AI,location-ai-geospatial-data-ai
Artificial Intelligence & ML,artificial-intelligence-ml,10,AI Code & Developer Tools,ai-code-developer-tools,17,AI Mock Data Generators,ai-mock-data-generators,22,Location AI,Weather Data AI,location-ai-weather-data-ai
Artificial Intelligence & ML,artificial-intelligence-ml,10,AI Code & Developer Tools,ai-code-developer-tools,17,AI Mock Data Generators,ai-mock-data-generators,23,Location AI,Environmental Monitoring Data,location-ai-environmental-monitoring-data
Artificial Intelligence & ML,artificial-intelligence-ml,10,AI Code & Developer Tools,ai-code-developer-tools,18,AI Test Data Synthesis,ai-test-data-synthesis,,,,
Artificial Intelligence & ML,artificial-intelligence-ml,10,AI Code & Developer Tools,ai-code-developer-tools,19,AI API Spec Generators,ai-api-spec-generators,,,,
Artificial Intelligence & ML,artificial-intelligence-ml,10,AI Code & Developer Tools,ai-code-developer-tools,20,AI OpenAPI Builders,ai-openapi-builders,,,,
Artificial Intelligence & ML,artificial-intelligence-ml,10,AI Code & Developer Tools,ai-code-developer-tools,21,AI gRPC Schema Designers,ai-grpc-schema-designers,,,,
Artificial Intelligence & ML,artificial-intelligence-ml,10,AI Code & Developer Tools,ai-code-developer-tools,22,AI GraphQL Schema Builders,ai-graphql-schema-builders,,,,
Artificial Intelligence & ML,artificial-intelligence-ml,10,AI Code & Developer Tools,ai-code-developer-tools,23,AI Database Schema Designers,ai-database-schema-designers,,,,
Artificial Intelligence & ML,artificial-intelligence-ml,10,AI Code & Developer Tools,ai-code-developer-tools,24,AI Migration File Writers,ai-migration-file-writers,,,,
Artificial Intelligence & ML,artificial-intelligence-ml,10,AI Code & Developer Tools,ai-code-developer-tools,25,AI ORM Query Helpers,ai-orm-query-helpers,,,,
Artificial Intelligence & ML,artificial-intelligence-ml,10,AI Code & Developer Tools,ai-code-developer-tools,26,AI SQL Query Builders,ai-sql-query-builders,,,,
Artificial Intelligence & ML,artificial-intelligence-ml,10,AI Code & Developer Tools,ai-code-developer-tools,27,AI NoSQL Query Helpers,ai-nosql-query-helpers,,,,
Artificial Intelligence & ML,artificial-intelligence-ml,10,AI Code & Developer Tools,ai-code-developer-tools,28,AI Dockerfile Generators,ai-dockerfile-generators,,,,
Artificial Intelligence & ML,artificial-intelligence-ml,10,AI Code & Developer Tools,ai-code-developer-tools,29,AI Kubernetes Manifest Generators,ai-kubernetes-manifest-generators,,,,
Artificial Intelligence & ML,artificial-intelligence-ml,10,AI Code & Developer Tools,ai-code-developer-tools,30,AI Terraform Generators,ai-terraform-generators,,,,
Artificial Intelligence & ML,artificial-intelligence-ml,10,AI Code & Developer Tools,ai-code-developer-tools,31,AI Helm Chart Generators,ai-helm-chart-generators,1,Chart AI,Scatter Plot AI,chart-ai-scatter-plot-ai
Artificial Intelligence & ML,artificial-intelligence-ml,10,AI Code & Developer Tools,ai-code-developer-tools,31,AI Helm Chart Generators,ai-helm-chart-generators,2,Chart AI,Bar Chart AI,chart-ai-bar-chart-ai
Artificial Intelligence & ML,artificial-intelligence-ml,10,AI Code & Developer Tools,ai-code-developer-tools,31,AI Helm Chart Generators,ai-helm-chart-generators,3,Chart AI,Line Chart AI,chart-ai-line-chart-ai
Artificial Intelligence & ML,artificial-intelligence-ml,10,AI Code & Developer Tools,ai-code-developer-tools,31,AI Helm Chart Generators,ai-helm-chart-generators,4,Chart AI,Pie Chart AI,chart-ai-pie-chart-ai
Artificial Intelligence & ML,artificial-intelligence-ml,10,AI Code & Developer Tools,ai-code-developer-tools,31,AI Helm Chart Generators,ai-helm-chart-generators,5,Chart AI,Histogram AI,chart-ai-histogram-ai
Artificial Intelligence & ML,artificial-intelligence-ml,10,AI Code & Developer Tools,ai-code-developer-tools,31,AI Helm Chart Generators,ai-helm-chart-generators,6,Chart AI,Box Plot AI,chart-ai-box-plot-ai
Artificial Intelligence & ML,artificial-intelligence-ml,10,AI Code & Developer Tools,ai-code-developer-tools,31,AI Helm Chart Generators,ai-helm-chart-generators,7,Chart AI,Waterfall Chart AI,chart-ai-waterfall-chart-ai
Artificial Intelligence & ML,artificial-intelligence-ml,10,AI Code & Developer Tools,ai-code-developer-tools,31,AI Helm Chart Generators,ai-helm-chart-generators,8,Chart AI,Radar Chart AI,chart-ai-radar-chart-ai
Artificial Intelligence & ML,artificial-intelligence-ml,10,AI Code & Developer Tools,ai-code-developer-tools,31,AI Helm Chart Generators,ai-helm-chart-generators,9,Chart AI,Funnel Chart AI,chart-ai-funnel-chart-ai
Artificial Intelligence & ML,artificial-intelligence-ml,10,AI Code & Developer Tools,ai-code-developer-tools,31,AI Helm Chart Generators,ai-helm-chart-generators,10,Chart AI,Gauge Chart AI,chart-ai-gauge-chart-ai
Artificial Intelligence & ML,artificial-intelligence-ml,10,AI Code & Developer Tools,ai-code-developer-tools,31,AI Helm Chart Generators,ai-helm-chart-generators,11,Mystical & Spiritual AI,Astrology Chart AI,mystical-spiritual-ai-astrology-chart-ai
Artificial Intelligence & ML,artificial-intelligence-ml,10,AI Code & Developer Tools,ai-code-developer-tools,31,AI Helm Chart Generators,ai-helm-chart-generators,12,Esoteric AI,Birth Chart Calculator,esoteric-ai-birth-chart-calculator
Artificial Intelligence & ML,artificial-intelligence-ml,10,AI Code & Developer Tools,ai-code-developer-tools,32,AI GitHub Actions Generators,ai-github-actions-generators,,,,
Artificial Intelligence & ML,artificial-intelligence-ml,10,AI Code & Developer Tools,ai-code-developer-tools,33,AI CI Pipeline Generators,ai-ci-pipeline-generators,1,DevOps AI,CI/CD AI,devops-ai-ci-cd-ai
Artificial Intelligence & ML,artificial-intelligence-ml,10,AI Code & Developer Tools,ai-code-developer-tools,34,AI Build Error Diagnosers,ai-build-error-diagnosers,,,,
Artificial Intelligence & ML,artificial-intelligence-ml,10,AI Code & Developer Tools,ai-code-developer-tools,35,AI Stack Trace Explainers,ai-stack-trace-explainers,,,,
Artificial Intelligence & ML,artificial-intelligence-ml,10,AI Code & Developer Tools,ai-code-developer-tools,36,AI Crash Report Analyzers,ai-crash-report-analyzers,,,,
Artificial Intelligence & ML,artificial-intelligence-ml,10,AI Code & Developer Tools,ai-code-developer-tools,37,AI Performance Profilers,ai-performance-profilers,1,PM AI,Team Performance AI,pm-ai-team-performance-ai
Artificial Intelligence & ML,artificial-intelligence-ml,10,AI Code & Developer Tools,ai-code-developer-tools,38,AI Memory Leak Hunters,ai-memory-leak-hunters,,,,
Artificial Intelligence & ML,artificial-intelligence-ml,10,AI Code & Developer Tools,ai-code-developer-tools,39,AI Code Smell Detectors,ai-code-smell-detectors,1,Code Review & Debug,Code Smell Detector,code-review-debug-code-smell-detector
Artificial Intelligence & ML,artificial-intelligence-ml,10,AI Code & Developer Tools,ai-code-developer-tools,40,AI Security Vulnerability Scanners,ai-security-vulnerability-scanners,1,Code Review & Debug,Security Vulnerability Scanner,code-review-debug-security-vulnerability-scanner
Artificial Intelligence & ML,artificial-intelligence-ml,10,AI Code & Developer Tools,ai-code-developer-tools,40,AI Security Vulnerability Scanners,ai-security-vulnerability-scanners,2,Security AI,Vulnerability Prediction,security-ai-vulnerability-prediction
Artificial Intelligence & ML,artificial-intelligence-ml,10,AI Code & Developer Tools,ai-code-developer-tools,41,AI Dependency Vulnerability Scanners,ai-dependency-vulnerability-scanners,,,,
Artificial Intelligence & ML,artificial-intelligence-ml,10,AI Code & Developer Tools,ai-code-developer-tools,42,AI License Compliance Checkers,ai-license-compliance-checkers,1,Regulatory AI,Regulatory Monitoring AI,regulatory-ai-regulatory-monitoring-ai
Artificial Intelligence & ML,artificial-intelligence-ml,10,AI Code & Developer Tools,ai-code-developer-tools,42,AI License Compliance Checkers,ai-license-compliance-checkers,2,Regulatory AI,Compliance Automation,regulatory-ai-compliance-automation
Artificial Intelligence & ML,artificial-intelligence-ml,10,AI Code & Developer Tools,ai-code-developer-tools,42,AI License Compliance Checkers,ai-license-compliance-checkers,3,Regulatory AI,Audit AI Tools,regulatory-ai-audit-ai-tools
Artificial Intelligence & ML,artificial-intelligence-ml,10,AI Code & Developer Tools,ai-code-developer-tools,42,AI License Compliance Checkers,ai-license-compliance-checkers,4,Regulatory AI,Risk Mapping AI,regulatory-ai-risk-mapping-ai
Artificial Intelligence & ML,artificial-intelligence-ml,10,AI Code & Developer Tools,ai-code-developer-tools,42,AI License Compliance Checkers,ai-license-compliance-checkers,5,Regulatory AI,Incident Reporting AI,regulatory-ai-incident-reporting-ai
Artificial Intelligence & ML,artificial-intelligence-ml,10,AI Code & Developer Tools,ai-code-developer-tools,42,AI License Compliance Checkers,ai-license-compliance-checkers,6,Regulatory AI,Training Compliance AI,regulatory-ai-training-compliance-ai
Artificial Intelligence & ML,artificial-intelligence-ml,10,AI Code & Developer Tools,ai-code-developer-tools,42,AI License Compliance Checkers,ai-license-compliance-checkers,7,Regulatory AI,Change Management Compliance,regulatory-ai-change-management-compliance
Artificial Intelligence & ML,artificial-intelligence-ml,10,AI Code & Developer Tools,ai-code-developer-tools,42,AI License Compliance Checkers,ai-license-compliance-checkers,8,Regulatory AI,Regulatory Filing AI,regulatory-ai-regulatory-filing-ai
Artificial Intelligence & ML,artificial-intelligence-ml,10,AI Code & Developer Tools,ai-code-developer-tools,42,AI License Compliance Checkers,ai-license-compliance-checkers,9,Compliance AI,EU AI Act Compliance,compliance-ai-eu-ai-act-compliance
Artificial Intelligence & ML,artificial-intelligence-ml,10,AI Code & Developer Tools,ai-code-developer-tools,42,AI License Compliance Checkers,ai-license-compliance-checkers,10,Compliance AI,NIST AI Framework,compliance-ai-nist-ai-framework
Artificial Intelligence & ML,artificial-intelligence-ml,10,AI Code & Developer Tools,ai-code-developer-tools,42,AI License Compliance Checkers,ai-license-compliance-checkers,11,Compliance AI,FDA AI Regulation,compliance-ai-fda-ai-regulation
Artificial Intelligence & ML,artificial-intelligence-ml,10,AI Code & Developer Tools,ai-code-developer-tools,42,AI License Compliance Checkers,ai-license-compliance-checkers,12,Compliance AI,Financial AI Compliance,compliance-ai-financial-ai-compliance
Artificial Intelligence & ML,artificial-intelligence-ml,10,AI Code & Developer Tools,ai-code-developer-tools,42,AI License Compliance Checkers,ai-license-compliance-checkers,13,Compliance AI,Healthcare AI Compliance,compliance-ai-healthcare-ai-compliance
Artificial Intelligence & ML,artificial-intelligence-ml,10,AI Code & Developer Tools,ai-code-developer-tools,42,AI License Compliance Checkers,ai-license-compliance-checkers,14,Compliance AI,Autonomous Vehicle AI Regulation,compliance-ai-autonomous-vehicle-ai-regulation
Artificial Intelligence & ML,artificial-intelligence-ml,10,AI Code & Developer Tools,ai-code-developer-tools,42,AI License Compliance Checkers,ai-license-compliance-checkers,15,Compliance AI,Facial Recognition Policy,compliance-ai-facial-recognition-policy
Artificial Intelligence & ML,artificial-intelligence-ml,10,AI Code & Developer Tools,ai-code-developer-tools,42,AI License Compliance Checkers,ai-license-compliance-checkers,16,Compliance AI,AI Procurement Policy,compliance-ai-ai-procurement-policy
Artificial Intelligence & ML,artificial-intelligence-ml,10,AI Code & Developer Tools,ai-code-developer-tools,42,AI License Compliance Checkers,ai-license-compliance-checkers,17,Compliance AI,AI Impact Assessment,compliance-ai-ai-impact-assessment
Artificial Intelligence & ML,artificial-intelligence-ml,10,AI Code & Developer Tools,ai-code-developer-tools,42,AI License Compliance Checkers,ai-license-compliance-checkers,18,Compliance AI,Algorithmic Audit,compliance-ai-algorithmic-audit
Artificial Intelligence & ML,artificial-intelligence-ml,10,AI Code & Developer Tools,ai-code-developer-tools,43,AI Codebase Q&A Tools,ai-codebase-qa-tools,,,,
Artificial Intelligence & ML,artificial-intelligence-ml,10,AI Code & Developer Tools,ai-code-developer-tools,44,AI Codebase Search Tools,ai-codebase-search-tools,1,Semantic Search,Code Search AI,semantic-search-code-search-ai
Artificial Intelligence & ML,artificial-intelligence-ml,10,AI Code & Developer Tools,ai-code-developer-tools,45,AI Onboarding Doc Generators,ai-onboarding-doc-generators,1,Doc AI,API Doc Generator,doc-ai-api-doc-generator
Artificial Intelligence & ML,artificial-intelligence-ml,10,AI Code & Developer Tools,ai-code-developer-tools,45,AI Onboarding Doc Generators,ai-onboarding-doc-generators,2,Doc AI,Code Doc AI,doc-ai-code-doc-ai
Artificial Intelligence & ML,artificial-intelligence-ml,10,AI Code & Developer Tools,ai-code-developer-tools,45,AI Onboarding Doc Generators,ai-onboarding-doc-generators,3,Doc AI,README Generator,doc-ai-readme-generator
Artificial Intelligence & ML,artificial-intelligence-ml,10,AI Code & Developer Tools,ai-code-developer-tools,45,AI Onboarding Doc Generators,ai-onboarding-doc-generators,4,Doc AI,Changelog AI,doc-ai-changelog-ai
Artificial Intelligence & ML,artificial-intelligence-ml,10,AI Code & Developer Tools,ai-code-developer-tools,45,AI Onboarding Doc Generators,ai-onboarding-doc-generators,5,Doc AI,SDK Doc AI,doc-ai-sdk-doc-ai
Artificial Intelligence & ML,artificial-intelligence-ml,10,AI Code & Developer Tools,ai-code-developer-tools,45,AI Onboarding Doc Generators,ai-onboarding-doc-generators,6,Doc AI,Architecture Doc AI,doc-ai-architecture-doc-ai
Artificial Intelligence & ML,artificial-intelligence-ml,10,AI Code & Developer Tools,ai-code-developer-tools,45,AI Onboarding Doc Generators,ai-onboarding-doc-generators,7,Doc AI,Decision Doc AI,doc-ai-decision-doc-ai
Artificial Intelligence & ML,artificial-intelligence-ml,10,AI Code & Developer Tools,ai-code-developer-tools,45,AI Onboarding Doc Generators,ai-onboarding-doc-generators,8,Doc AI,Runbook Generator AI,doc-ai-runbook-generator-ai
Artificial Intelligence & ML,artificial-intelligence-ml,10,AI Code & Developer Tools,ai-code-developer-tools,45,AI Onboarding Doc Generators,ai-onboarding-doc-generators,9,Doc AI,Technical Spec AI,doc-ai-technical-spec-ai
Artificial Intelligence & ML,artificial-intelligence-ml,10,AI Code & Developer Tools,ai-code-developer-tools,45,AI Onboarding Doc Generators,ai-onboarding-doc-generators,10,Doc AI,User Guide AI,doc-ai-user-guide-ai
Artificial Intelligence & ML,artificial-intelligence-ml,10,AI Code & Developer Tools,ai-code-developer-tools,46,AI Architecture Diagram Generators,ai-architecture-diagram-generators,,,,
Artificial Intelligence & ML,artificial-intelligence-ml,10,AI Code & Developer Tools,ai-code-developer-tools,47,AI System Design Assistants,ai-system-design-assistants,1,Presentation Design,Template Generators,presentation-design-template-generators
Artificial Intelligence & ML,artificial-intelligence-ml,10,AI Code & Developer Tools,ai-code-developer-tools,47,AI System Design Assistants,ai-system-design-assistants,2,Presentation Design,Brand-Aligned Slides,presentation-design-brand-aligned-slides
Artificial Intelligence & ML,artificial-intelligence-ml,10,AI Code & Developer Tools,ai-code-developer-tools,47,AI System Design Assistants,ai-system-design-assistants,3,Presentation Design,Data Visualization Slides,presentation-design-data-visualization-slides
Artificial Intelligence & ML,artificial-intelligence-ml,10,AI Code & Developer Tools,ai-code-developer-tools,47,AI System Design Assistants,ai-system-design-assistants,4,Presentation Design,Animated Presentations,presentation-design-animated-presentations
Artificial Intelligence & ML,artificial-intelligence-ml,10,AI Code & Developer Tools,ai-code-developer-tools,47,AI System Design Assistants,ai-system-design-assistants,5,Presentation Design,Interactive Presentations,presentation-design-interactive-presentations
Artificial Intelligence & ML,artificial-intelligence-ml,10,AI Code & Developer Tools,ai-code-developer-tools,47,AI System Design Assistants,ai-system-design-assistants,6,Presentation Design,Video Presentations,presentation-design-video-presentations
Artificial Intelligence & ML,artificial-intelligence-ml,10,AI Code & Developer Tools,ai-code-developer-tools,47,AI System Design Assistants,ai-system-design-assistants,7,Presentation Design,One-Pager Generators,presentation-design-one-pager-generators
Artificial Intelligence & ML,artificial-intelligence-ml,10,AI Code & Developer Tools,ai-code-developer-tools,47,AI System Design Assistants,ai-system-design-assistants,8,Presentation Design,Proposal Deck Design,presentation-design-proposal-deck-design
Artificial Intelligence & ML,artificial-intelligence-ml,10,AI Code & Developer Tools,ai-code-developer-tools,47,AI System Design Assistants,ai-system-design-assistants,9,Presentation Design,Case Study Presentations,presentation-design-case-study-presentations
Artificial Intelligence & ML,artificial-intelligence-ml,10,AI Code & Developer Tools,ai-code-developer-tools,47,AI System Design Assistants,ai-system-design-assistants,10,Presentation Design,Portfolio Presentations,presentation-design-portfolio-presentations
Artificial Intelligence & ML,artificial-intelligence-ml,10,AI Code & Developer Tools,ai-code-developer-tools,47,AI System Design Assistants,ai-system-design-assistants,11,UI/UX AI,Wireframe Generator AI,ui-ux-ai-wireframe-generator-ai
Artificial Intelligence & ML,artificial-intelligence-ml,10,AI Code & Developer Tools,ai-code-developer-tools,47,AI System Design Assistants,ai-system-design-assistants,12,UI/UX AI,Responsive Design AI,ui-ux-ai-responsive-design-ai
Artificial Intelligence & ML,artificial-intelligence-ml,10,AI Code & Developer Tools,ai-code-developer-tools,47,AI System Design Assistants,ai-system-design-assistants,13,UI/UX AI,Micro-Interaction AI,ui-ux-ai-micro-interaction-ai
Artificial Intelligence & ML,artificial-intelligence-ml,10,AI Code & Developer Tools,ai-code-developer-tools,47,AI System Design Assistants,ai-system-design-assistants,14,UI/UX AI,Design System AI,ui-ux-ai-design-system-ai
Artificial Intelligence & ML,artificial-intelligence-ml,10,AI Code & Developer Tools,ai-code-developer-tools,47,AI System Design Assistants,ai-system-design-assistants,15,Pharmaceutical AI,Protocol Design AI,pharmaceutical-ai-protocol-design-ai
Artificial Intelligence & ML,artificial-intelligence-ml,10,AI Code & Developer Tools,ai-code-developer-tools,47,AI System Design Assistants,ai-system-design-assistants,16,Interior Design AI,Room Design AI,interior-design-ai-room-design-ai
Artificial Intelligence & ML,artificial-intelligence-ml,10,AI Code & Developer Tools,ai-code-developer-tools,47,AI System Design Assistants,ai-system-design-assistants,17,Interior Design AI,Virtual Home Staging,interior-design-ai-virtual-home-staging
Artificial Intelligence & ML,artificial-intelligence-ml,10,AI Code & Developer Tools,ai-code-developer-tools,47,AI System Design Assistants,ai-system-design-assistants,18,Interior Design AI,Furniture Placement AI,interior-design-ai-furniture-placement-ai
Artificial Intelligence & ML,artificial-intelligence-ml,10,AI Code & Developer Tools,ai-code-developer-tools,47,AI System Design Assistants,ai-system-design-assistants,19,Interior Design AI,Color Scheme Generator,interior-design-ai-color-scheme-generator
Artificial Intelligence & ML,artificial-intelligence-ml,10,AI Code & Developer Tools,ai-code-developer-tools,47,AI System Design Assistants,ai-system-design-assistants,20,Interior Design AI,Kitchen Design AI,interior-design-ai-kitchen-design-ai
Artificial Intelligence & ML,artificial-intelligence-ml,10,AI Code & Developer Tools,ai-code-developer-tools,47,AI System Design Assistants,ai-system-design-assistants,21,Interior Design AI,Bathroom Design AI,interior-design-ai-bathroom-design-ai
Artificial Intelligence & ML,artificial-intelligence-ml,10,AI Code & Developer Tools,ai-code-developer-tools,47,AI System Design Assistants,ai-system-design-assistants,22,Interior Design AI,Living Room Designer,interior-design-ai-living-room-designer
Artificial Intelligence & ML,artificial-intelligence-ml,10,AI Code & Developer Tools,ai-code-developer-tools,47,AI System Design Assistants,ai-system-design-assistants,23,Interior Design AI,Bedroom Design AI,interior-design-ai-bedroom-design-ai
Artificial Intelligence & ML,artificial-intelligence-ml,10,AI Code & Developer Tools,ai-code-developer-tools,47,AI System Design Assistants,ai-system-design-assistants,24,Interior Design AI,Office Space Designer,interior-design-ai-office-space-designer
Artificial Intelligence & ML,artificial-intelligence-ml,10,AI Code & Developer Tools,ai-code-developer-tools,47,AI System Design Assistants,ai-system-design-assistants,25,Interior Design AI,Garden & Landscape AI,interior-design-ai-garden-landscape-ai
Artificial Intelligence & ML,artificial-intelligence-ml,10,AI Code & Developer Tools,ai-code-developer-tools,47,AI System Design Assistants,ai-system-design-assistants,26,Type Design AI,Font Generator AI,type-design-ai-font-generator-ai
Artificial Intelligence & ML,artificial-intelligence-ml,10,AI Code & Developer Tools,ai-code-developer-tools,47,AI System Design Assistants,ai-system-design-assistants,27,Type Design AI,Handwriting Font Creator,type-design-ai-handwriting-font-creator
Artificial Intelligence & ML,artificial-intelligence-ml,10,AI Code & Developer Tools,ai-code-developer-tools,47,AI System Design Assistants,ai-system-design-assistants,28,Type Design AI,Logo Font Recommender,type-design-ai-logo-font-recommender
Artificial Intelligence & ML,artificial-intelligence-ml,10,AI Code & Developer Tools,ai-code-developer-tools,47,AI System Design Assistants,ai-system-design-assistants,29,Type Design AI,Font Identifier AI,type-design-ai-font-identifier-ai
Artificial Intelligence & ML,artificial-intelligence-ml,10,AI Code & Developer Tools,ai-code-developer-tools,47,AI System Design Assistants,ai-system-design-assistants,30,Type Design AI,Custom Typeface AI,type-design-ai-custom-typeface-ai
Artificial Intelligence & ML,artificial-intelligence-ml,10,AI Code & Developer Tools,ai-code-developer-tools,47,AI System Design Assistants,ai-system-design-assistants,31,Type Design AI,Calligraphy AI,type-design-ai-calligraphy-ai
Artificial Intelligence & ML,artificial-intelligence-ml,10,AI Code & Developer Tools,ai-code-developer-tools,47,AI System Design Assistants,ai-system-design-assistants,32,Type Design AI,Lettering Generator,type-design-ai-lettering-generator
Artificial Intelligence & ML,artificial-intelligence-ml,10,AI Code & Developer Tools,ai-code-developer-tools,47,AI System Design Assistants,ai-system-design-assistants,33,Type Design AI,Monogram Designer AI,type-design-ai-monogram-designer-ai
Artificial Intelligence & ML,artificial-intelligence-ml,10,AI Code & Developer Tools,ai-code-developer-tools,47,AI System Design Assistants,ai-system-design-assistants,34,Type Design AI,Display Font Creator,type-design-ai-display-font-creator
Artificial Intelligence & ML,artificial-intelligence-ml,10,AI Code & Developer Tools,ai-code-developer-tools,48,AI Whiteboarding Coding Helpers,ai-whiteboarding-coding-helpers,,,,
Artificial Intelligence & ML,artificial-intelligence-ml,10,AI Code & Developer Tools,ai-code-developer-tools,49,AI Pseudocode-to-Code Converters,ai-pseudocode-to-code-converters,,,,
Artificial Intelligence & ML,artificial-intelligence-ml,10,AI Code & Developer Tools,ai-code-developer-tools,50,AI Algorithm Explainers,ai-algorithm-explainers,,,,
Artificial Intelligence & ML,artificial-intelligence-ml,10,AI Code & Developer Tools,ai-code-developer-tools,51,AI LeetCode Practice Tutors,ai-leetcode-practice-tutors,,,,
Artificial Intelligence & ML,artificial-intelligence-ml,10,AI Code & Developer Tools,ai-code-developer-tools,52,AI Interview Coding Coaches,ai-interview-coding-coaches,,,,
Artificial Intelligence & ML,artificial-intelligence-ml,10,AI Code & Developer Tools,ai-code-developer-tools,53,AI Bash Script Generators,ai-bash-script-generators,,,,
Artificial Intelligence & ML,artificial-intelligence-ml,10,AI Code & Developer Tools,ai-code-developer-tools,54,AI PowerShell Script Generators,ai-powershell-script-generators,,,,
Artificial Intelligence & ML,artificial-intelligence-ml,10,AI Code & Developer Tools,ai-code-developer-tools,55,AI Regex Builders,ai-regex-builders,,,,
Artificial Intelligence & ML,artificial-intelligence-ml,10,AI Code & Developer Tools,ai-code-developer-tools,56,AI Cron Expression Builders,ai-cron-expression-builders,,,,
Artificial Intelligence & ML,artificial-intelligence-ml,10,AI Code & Developer Tools,ai-code-developer-tools,57,AI JSON Schema Generators,ai-json-schema-generators,,,,
Artificial Intelligence & ML,artificial-intelligence-ml,10,AI Code & Developer Tools,ai-code-developer-tools,58,AI YAML Validators,ai-yaml-validators,,,,
Artificial Intelligence & ML,artificial-intelligence-ml,10,AI Code & Developer Tools,ai-code-developer-tools,59,AI Web Component Builders,ai-web-component-builders,,,,
Artificial Intelligence & ML,artificial-intelligence-ml,10,AI Code & Developer Tools,ai-code-developer-tools,60,AI Tailwind Class Helpers,ai-tailwind-class-helpers,,,,
Artificial Intelligence & ML,artificial-intelligence-ml,10,AI Code & Developer Tools,ai-code-developer-tools,61,AI CSS Animation Generators,ai-css-animation-generators,,,,
Artificial Intelligence & ML,artificial-intelligence-ml,10,AI Code & Developer Tools,ai-code-developer-tools,62,AI SVG Generators,ai-svg-generators,,,,
Artificial Intelligence & ML,artificial-intelligence-ml,11,AI Agent Frameworks & Infrastructure,ai-agent-frameworks-infrastructure,1,Open-Source Agent Frameworks,open-source-agent-frameworks,1,Open Source Frameworks,PyTorch Ecosystem,open-source-frameworks-pytorch-ecosystem
Artificial Intelligence & ML,artificial-intelligence-ml,11,AI Agent Frameworks & Infrastructure,ai-agent-frameworks-infrastructure,1,Open-Source Agent Frameworks,open-source-agent-frameworks,2,Open Source Frameworks,TensorFlow Ecosystem,open-source-frameworks-tensorflow-ecosystem
Artificial Intelligence & ML,artificial-intelligence-ml,11,AI Agent Frameworks & Infrastructure,ai-agent-frameworks-infrastructure,1,Open-Source Agent Frameworks,open-source-agent-frameworks,3,Open Source Frameworks,Hugging Face Transformers,open-source-frameworks-hugging-face-transformers
Artificial Intelligence & ML,artificial-intelligence-ml,11,AI Agent Frameworks & Infrastructure,ai-agent-frameworks-infrastructure,1,Open-Source Agent Frameworks,open-source-agent-frameworks,4,Open Source Frameworks,LangChain Framework,open-source-frameworks-langchain-framework
Artificial Intelligence & ML,artificial-intelligence-ml,11,AI Agent Frameworks & Infrastructure,ai-agent-frameworks-infrastructure,1,Open-Source Agent Frameworks,open-source-agent-frameworks,5,Open Source Frameworks,LlamaIndex,open-source-frameworks-llamaindex
Artificial Intelligence & ML,artificial-intelligence-ml,11,AI Agent Frameworks & Infrastructure,ai-agent-frameworks-infrastructure,1,Open-Source Agent Frameworks,open-source-agent-frameworks,6,Open Source Frameworks,CrewAI,open-source-frameworks-crewai
Artificial Intelligence & ML,artificial-intelligence-ml,11,AI Agent Frameworks & Infrastructure,ai-agent-frameworks-infrastructure,1,Open-Source Agent Frameworks,open-source-agent-frameworks,7,Open Source Frameworks,AutoGen,open-source-frameworks-autogen
Artificial Intelligence & ML,artificial-intelligence-ml,11,AI Agent Frameworks & Infrastructure,ai-agent-frameworks-infrastructure,1,Open-Source Agent Frameworks,open-source-agent-frameworks,8,Open Source Frameworks,Semantic Kernel,open-source-frameworks-semantic-kernel
Artificial Intelligence & ML,artificial-intelligence-ml,11,AI Agent Frameworks & Infrastructure,ai-agent-frameworks-infrastructure,1,Open-Source Agent Frameworks,open-source-agent-frameworks,9,Open Source Frameworks,Haystack,open-source-frameworks-haystack
Artificial Intelligence & ML,artificial-intelligence-ml,11,AI Agent Frameworks & Infrastructure,ai-agent-frameworks-infrastructure,1,Open-Source Agent Frameworks,open-source-agent-frameworks,10,Open Source Frameworks,Instructor Library,open-source-frameworks-instructor-library
Artificial Intelligence & ML,artificial-intelligence-ml,11,AI Agent Frameworks & Infrastructure,ai-agent-frameworks-infrastructure,1,Open-Source Agent Frameworks,open-source-agent-frameworks,11,Agent Building,AI Agent SDK,agent-building-ai-agent-sdk
Artificial Intelligence & ML,artificial-intelligence-ml,11,AI Agent Frameworks & Infrastructure,ai-agent-frameworks-infrastructure,1,Open-Source Agent Frameworks,open-source-agent-frameworks,12,Agent Building,Agent Tool Use,agent-building-agent-tool-use
Artificial Intelligence & ML,artificial-intelligence-ml,11,AI Agent Frameworks & Infrastructure,ai-agent-frameworks-infrastructure,1,Open-Source Agent Frameworks,open-source-agent-frameworks,13,Agent Building,Agent Planning,agent-building-agent-planning
Artificial Intelligence & ML,artificial-intelligence-ml,11,AI Agent Frameworks & Infrastructure,ai-agent-frameworks-infrastructure,1,Open-Source Agent Frameworks,open-source-agent-frameworks,14,Agent Building,Agent Evaluation,agent-building-agent-evaluation
Artificial Intelligence & ML,artificial-intelligence-ml,11,AI Agent Frameworks & Infrastructure,ai-agent-frameworks-infrastructure,1,Open-Source Agent Frameworks,open-source-agent-frameworks,15,Agent Building,Agent Deployment,agent-building-agent-deployment
Artificial Intelligence & ML,artificial-intelligence-ml,11,AI Agent Frameworks & Infrastructure,ai-agent-frameworks-infrastructure,1,Open-Source Agent Frameworks,open-source-agent-frameworks,16,Agent Building,Agent Monitoring,agent-building-agent-monitoring
Artificial Intelligence & ML,artificial-intelligence-ml,11,AI Agent Frameworks & Infrastructure,ai-agent-frameworks-infrastructure,1,Open-Source Agent Frameworks,open-source-agent-frameworks,17,Agent Building,Agent Marketplace,agent-building-agent-marketplace
Artificial Intelligence & ML,artificial-intelligence-ml,11,AI Agent Frameworks & Infrastructure,ai-agent-frameworks-infrastructure,1,Open-Source Agent Frameworks,open-source-agent-frameworks,18,Agent Building,Agent Communication Protocol,agent-building-agent-communication-protocol
Artificial Intelligence & ML,artificial-intelligence-ml,11,AI Agent Frameworks & Infrastructure,ai-agent-frameworks-infrastructure,1,Open-Source Agent Frameworks,open-source-agent-frameworks,19,Open Source AI Ecosystem,Open Source LLMs,open-source-ai-ecosystem-open-source-llms
Artificial Intelligence & ML,artificial-intelligence-ml,11,AI Agent Frameworks & Infrastructure,ai-agent-frameworks-infrastructure,1,Open-Source Agent Frameworks,open-source-agent-frameworks,20,Open Source AI Ecosystem,Open Source Image Models,open-source-ai-ecosystem-open-source-image-models
Artificial Intelligence & ML,artificial-intelligence-ml,11,AI Agent Frameworks & Infrastructure,ai-agent-frameworks-infrastructure,1,Open-Source Agent Frameworks,open-source-agent-frameworks,21,Open Source AI Ecosystem,Open Source Voice Models,open-source-ai-ecosystem-open-source-voice-models
Artificial Intelligence & ML,artificial-intelligence-ml,11,AI Agent Frameworks & Infrastructure,ai-agent-frameworks-infrastructure,1,Open-Source Agent Frameworks,open-source-agent-frameworks,22,Open Source AI Ecosystem,Open Source Embedding Models,open-source-ai-ecosystem-open-source-embedding-models
Artificial Intelligence & ML,artificial-intelligence-ml,11,AI Agent Frameworks & Infrastructure,ai-agent-frameworks-infrastructure,1,Open-Source Agent Frameworks,open-source-agent-frameworks,23,Open Source AI Ecosystem,Open Source RAG Tools,open-source-ai-ecosystem-open-source-rag-tools
Artificial Intelligence & ML,artificial-intelligence-ml,11,AI Agent Frameworks & Infrastructure,ai-agent-frameworks-infrastructure,1,Open-Source Agent Frameworks,open-source-agent-frameworks,24,Open Source AI Ecosystem,Open Source Agent Frameworks,open-source-ai-ecosystem-open-source-agent-frameworks
Artificial Intelligence & ML,artificial-intelligence-ml,11,AI Agent Frameworks & Infrastructure,ai-agent-frameworks-infrastructure,1,Open-Source Agent Frameworks,open-source-agent-frameworks,25,Open Source AI Ecosystem,Open Source Annotation Tools,open-source-ai-ecosystem-open-source-annotation-tools
Artificial Intelligence & ML,artificial-intelligence-ml,11,AI Agent Frameworks & Infrastructure,ai-agent-frameworks-infrastructure,1,Open-Source Agent Frameworks,open-source-agent-frameworks,26,Open Source AI Ecosystem,Open Source Training Tools,open-source-ai-ecosystem-open-source-training-tools
Artificial Intelligence & ML,artificial-intelligence-ml,11,AI Agent Frameworks & Infrastructure,ai-agent-frameworks-infrastructure,1,Open-Source Agent Frameworks,open-source-agent-frameworks,27,Open Source AI Ecosystem,Open Source Evaluation,open-source-ai-ecosystem-open-source-evaluation
Artificial Intelligence & ML,artificial-intelligence-ml,11,AI Agent Frameworks & Infrastructure,ai-agent-frameworks-infrastructure,1,Open-Source Agent Frameworks,open-source-agent-frameworks,28,Open Source AI Ecosystem,Open Source AI Benchmarks,open-source-ai-ecosystem-open-source-ai-benchmarks
Artificial Intelligence & ML,artificial-intelligence-ml,11,AI Agent Frameworks & Infrastructure,ai-agent-frameworks-infrastructure,2,Multi-Agent Orchestration Platforms,multi-agent-orchestration-platforms,1,AI Infrastructure,Model Training Platforms,ai-infrastructure-model-training-platforms
Artificial Intelligence & ML,artificial-intelligence-ml,11,AI Agent Frameworks & Infrastructure,ai-agent-frameworks-infrastructure,2,Multi-Agent Orchestration Platforms,multi-agent-orchestration-platforms,2,AI Infrastructure,GPU Cloud,ai-infrastructure-gpu-cloud
Artificial Intelligence & ML,artificial-intelligence-ml,11,AI Agent Frameworks & Infrastructure,ai-agent-frameworks-infrastructure,2,Multi-Agent Orchestration Platforms,multi-agent-orchestration-platforms,3,AI Infrastructure,Model Serving,ai-infrastructure-model-serving
Artificial Intelligence & ML,artificial-intelligence-ml,11,AI Agent Frameworks & Infrastructure,ai-agent-frameworks-infrastructure,2,Multi-Agent Orchestration Platforms,multi-agent-orchestration-platforms,4,AI Infrastructure,Federated Learning,ai-infrastructure-federated-learning
Artificial Intelligence & ML,artificial-intelligence-ml,11,AI Agent Frameworks & Infrastructure,ai-agent-frameworks-infrastructure,2,Multi-Agent Orchestration Platforms,multi-agent-orchestration-platforms,5,AI Infrastructure,AutoML Platforms,ai-infrastructure-automl-platforms
Artificial Intelligence & ML,artificial-intelligence-ml,11,AI Agent Frameworks & Infrastructure,ai-agent-frameworks-infrastructure,2,Multi-Agent Orchestration Platforms,multi-agent-orchestration-platforms,6,AI Infrastructure,Experiment Tracking,ai-infrastructure-experiment-tracking
Artificial Intelligence & ML,artificial-intelligence-ml,11,AI Agent Frameworks & Infrastructure,ai-agent-frameworks-infrastructure,2,Multi-Agent Orchestration Platforms,multi-agent-orchestration-platforms,7,AI Infrastructure,Model Registry,ai-infrastructure-model-registry
Artificial Intelligence & ML,artificial-intelligence-ml,11,AI Agent Frameworks & Infrastructure,ai-agent-frameworks-infrastructure,2,Multi-Agent Orchestration Platforms,multi-agent-orchestration-platforms,8,AI Infrastructure,Feature Store,ai-infrastructure-feature-store
Artificial Intelligence & ML,artificial-intelligence-ml,11,AI Agent Frameworks & Infrastructure,ai-agent-frameworks-infrastructure,2,Multi-Agent Orchestration Platforms,multi-agent-orchestration-platforms,9,AI Infrastructure,Data Labeling Platforms,ai-infrastructure-data-labeling-platforms
Artificial Intelligence & ML,artificial-intelligence-ml,11,AI Agent Frameworks & Infrastructure,ai-agent-frameworks-infrastructure,2,Multi-Agent Orchestration Platforms,multi-agent-orchestration-platforms,10,Agent Building,Multi-Agent Orchestration,agent-building-multi-agent-orchestration
Artificial Intelligence & ML,artificial-intelligence-ml,11,AI Agent Frameworks & Infrastructure,ai-agent-frameworks-infrastructure,3,Workflow Graph Builders,workflow-graph-builders,,,,
Artificial Intelligence & ML,artificial-intelligence-ml,11,AI Agent Frameworks & Infrastructure,ai-agent-frameworks-infrastructure,4,Tool-Use Routing Systems,tool-use-routing-systems,1,Vehicle AI,ADAS Systems,vehicle-ai-adas-systems
Artificial Intelligence & ML,artificial-intelligence-ml,11,AI Agent Frameworks & Infrastructure,ai-agent-frameworks-infrastructure,5,Memory Management Libraries,memory-management-libraries,1,Advertising AI,Bid Management AI,advertising-ai-bid-management-ai
Artificial Intelligence & ML,artificial-intelligence-ml,11,AI Agent Frameworks & Infrastructure,ai-agent-frameworks-infrastructure,5,Memory Management Libraries,memory-management-libraries,2,EdTech Infrastructure,Classroom Management AI,edtech-infrastructure-classroom-management-ai
Artificial Intelligence & ML,artificial-intelligence-ml,11,AI Agent Frameworks & Infrastructure,ai-agent-frameworks-infrastructure,5,Memory Management Libraries,memory-management-libraries,3,Vehicle AI,Fleet Management AI,vehicle-ai-fleet-management-ai
Artificial Intelligence & ML,artificial-intelligence-ml,11,AI Agent Frameworks & Infrastructure,ai-agent-frameworks-infrastructure,5,Memory Management Libraries,memory-management-libraries,4,PM AI,Resource Allocation AI,pm-ai-resource-allocation-ai
Artificial Intelligence & ML,artificial-intelligence-ml,11,AI Agent Frameworks & Infrastructure,ai-agent-frameworks-infrastructure,5,Memory Management Libraries,memory-management-libraries,5,PM AI,Risk Prediction PM,pm-ai-risk-prediction-pm
Artificial Intelligence & ML,artificial-intelligence-ml,11,AI Agent Frameworks & Infrastructure,ai-agent-frameworks-infrastructure,5,Memory Management Libraries,memory-management-libraries,6,PM AI,Status Reporting AI,pm-ai-status-reporting-ai
Artificial Intelligence & ML,artificial-intelligence-ml,11,AI Agent Frameworks & Infrastructure,ai-agent-frameworks-infrastructure,5,Memory Management Libraries,memory-management-libraries,7,PM AI,Estimation AI,pm-ai-estimation-ai
Artificial Intelligence & ML,artificial-intelligence-ml,11,AI Agent Frameworks & Infrastructure,ai-agent-frameworks-infrastructure,5,Memory Management Libraries,memory-management-libraries,8,PM AI,Retrospective AI,pm-ai-retrospective-ai
Artificial Intelligence & ML,artificial-intelligence-ml,11,AI Agent Frameworks & Infrastructure,ai-agent-frameworks-infrastructure,5,Memory Management Libraries,memory-management-libraries,9,PM AI,Stakeholder Management AI,pm-ai-stakeholder-management-ai
Artificial Intelligence & ML,artificial-intelligence-ml,11,AI Agent Frameworks & Infrastructure,ai-agent-frameworks-infrastructure,5,Memory Management Libraries,memory-management-libraries,10,Home Management AI,Home Maintenance Scheduler,home-management-ai-home-maintenance-scheduler
Artificial Intelligence & ML,artificial-intelligence-ml,11,AI Agent Frameworks & Infrastructure,ai-agent-frameworks-infrastructure,5,Memory Management Libraries,memory-management-libraries,11,Home Management AI,Energy Usage Optimizer,home-management-ai-energy-usage-optimizer
Artificial Intelligence & ML,artificial-intelligence-ml,11,AI Agent Frameworks & Infrastructure,ai-agent-frameworks-infrastructure,5,Memory Management Libraries,memory-management-libraries,12,Home Management AI,Decluttering AI,home-management-ai-decluttering-ai
Artificial Intelligence & ML,artificial-intelligence-ml,11,AI Agent Frameworks & Infrastructure,ai-agent-frameworks-infrastructure,5,Memory Management Libraries,memory-management-libraries,13,Home Management AI,Moving Planner AI,home-management-ai-moving-planner-ai
Artificial Intelligence & ML,artificial-intelligence-ml,11,AI Agent Frameworks & Infrastructure,ai-agent-frameworks-infrastructure,5,Memory Management Libraries,memory-management-libraries,14,Home Management AI,Cleaning Schedule AI,home-management-ai-cleaning-schedule-ai
Artificial Intelligence & ML,artificial-intelligence-ml,11,AI Agent Frameworks & Infrastructure,ai-agent-frameworks-infrastructure,5,Memory Management Libraries,memory-management-libraries,15,Home Management AI,Home Insurance Advisor,home-management-ai-home-insurance-advisor
Artificial Intelligence & ML,artificial-intelligence-ml,11,AI Agent Frameworks & Infrastructure,ai-agent-frameworks-infrastructure,5,Memory Management Libraries,memory-management-libraries,16,MCP & Integrations,Context Management,mcp-integrations-context-management
Artificial Intelligence & ML,artificial-intelligence-ml,11,AI Agent Frameworks & Infrastructure,ai-agent-frameworks-infrastructure,5,Memory Management Libraries,memory-management-libraries,17,MCP & Integrations,Session Management,mcp-integrations-session-management
Artificial Intelligence & ML,artificial-intelligence-ml,11,AI Agent Frameworks & Infrastructure,ai-agent-frameworks-infrastructure,6,Long-Term Memory Stores,long-term-memory-stores,,,,
Artificial Intelligence & ML,artificial-intelligence-ml,11,AI Agent Frameworks & Infrastructure,ai-agent-frameworks-infrastructure,7,Episodic Memory Systems,episodic-memory-systems,1,Agent Building,Agent Memory Systems,agent-building-agent-memory-systems
Artificial Intelligence & ML,artificial-intelligence-ml,11,AI Agent Frameworks & Infrastructure,ai-agent-frameworks-infrastructure,8,Embedding Database Tools,embedding-database-tools,,,,
Artificial Intelligence & ML,artificial-intelligence-ml,11,AI Agent Frameworks & Infrastructure,ai-agent-frameworks-infrastructure,9,Hybrid Search Retrieval Tools,hybrid-search-retrieval-tools,,,,
Artificial Intelligence & ML,artificial-intelligence-ml,11,AI Agent Frameworks & Infrastructure,ai-agent-frameworks-infrastructure,10,RAG Pipeline Builders,rag-pipeline-builders,,,,
Artificial Intelligence & ML,artificial-intelligence-ml,11,AI Agent Frameworks & Infrastructure,ai-agent-frameworks-infrastructure,11,Document Ingestion Pipelines,document-ingestion-pipelines,,,,
Artificial Intelligence & ML,artificial-intelligence-ml,11,AI Agent Frameworks & Infrastructure,ai-agent-frameworks-infrastructure,12,Chunking & Splitter Libraries,chunking-splitter-libraries,,,,
Artificial Intelligence & ML,artificial-intelligence-ml,11,AI Agent Frameworks & Infrastructure,ai-agent-frameworks-infrastructure,13,Reranker Model Tools,reranker-model-tools,1,Model Customization,LLM Fine-Tuning Platform,model-customization-llm-fine-tuning-platform
Artificial Intelligence & ML,artificial-intelligence-ml,11,AI Agent Frameworks & Infrastructure,ai-agent-frameworks-infrastructure,13,Reranker Model Tools,reranker-model-tools,2,Model Customization,LoRA Training,model-customization-lora-training
Artificial Intelligence & ML,artificial-intelligence-ml,11,AI Agent Frameworks & Infrastructure,ai-agent-frameworks-infrastructure,13,Reranker Model Tools,reranker-model-tools,3,Model Customization,RLHF Platform,model-customization-rlhf-platform
Artificial Intelligence & ML,artificial-intelligence-ml,11,AI Agent Frameworks & Infrastructure,ai-agent-frameworks-infrastructure,13,Reranker Model Tools,reranker-model-tools,4,Model Customization,DPO Training,model-customization-dpo-training
Artificial Intelligence & ML,artificial-intelligence-ml,11,AI Agent Frameworks & Infrastructure,ai-agent-frameworks-infrastructure,13,Reranker Model Tools,reranker-model-tools,5,Model Customization,Dataset Preparation,model-customization-dataset-preparation
Artificial Intelligence & ML,artificial-intelligence-ml,11,AI Agent Frameworks & Infrastructure,ai-agent-frameworks-infrastructure,13,Reranker Model Tools,reranker-model-tools,6,Model Customization,Data Annotation,model-customization-data-annotation
Artificial Intelligence & ML,artificial-intelligence-ml,11,AI Agent Frameworks & Infrastructure,ai-agent-frameworks-infrastructure,13,Reranker Model Tools,reranker-model-tools,7,Model Customization,Synthetic Data for Training,model-customization-synthetic-data-for-training
Artificial Intelligence & ML,artificial-intelligence-ml,11,AI Agent Frameworks & Infrastructure,ai-agent-frameworks-infrastructure,13,Reranker Model Tools,reranker-model-tools,8,Model Customization,Evaluation Benchmarks,model-customization-evaluation-benchmarks
Artificial Intelligence & ML,artificial-intelligence-ml,11,AI Agent Frameworks & Infrastructure,ai-agent-frameworks-infrastructure,13,Reranker Model Tools,reranker-model-tools,9,Model Customization,Model Distillation,model-customization-model-distillation
Artificial Intelligence & ML,artificial-intelligence-ml,11,AI Agent Frameworks & Infrastructure,ai-agent-frameworks-infrastructure,13,Reranker Model Tools,reranker-model-tools,10,Model Customization,Quantization Tools,model-customization-quantization-tools
Artificial Intelligence & ML,artificial-intelligence-ml,11,AI Agent Frameworks & Infrastructure,ai-agent-frameworks-infrastructure,14,Evaluation Harnesses for Agents,evaluation-harnesses-for-agents,,,,
Artificial Intelligence & ML,artificial-intelligence-ml,11,AI Agent Frameworks & Infrastructure,ai-agent-frameworks-infrastructure,15,Trace Visualization Tools,trace-visualization-tools,,,,
Artificial Intelligence & ML,artificial-intelligence-ml,11,AI Agent Frameworks & Infrastructure,ai-agent-frameworks-infrastructure,16,Prompt Versioning Systems,prompt-versioning-systems,1,MCP & Integrations,Prompt Router,mcp-integrations-prompt-router
Artificial Intelligence & ML,artificial-intelligence-ml,11,AI Agent Frameworks & Infrastructure,ai-agent-frameworks-infrastructure,16,Prompt Versioning Systems,prompt-versioning-systems,2,Prompt Tools,Prompt Template Library,prompt-tools-prompt-template-library
Artificial Intelligence & ML,artificial-intelligence-ml,11,AI Agent Frameworks & Infrastructure,ai-agent-frameworks-infrastructure,16,Prompt Versioning Systems,prompt-versioning-systems,3,Prompt Tools,Prompt Optimizer,prompt-tools-prompt-optimizer
Artificial Intelligence & ML,artificial-intelligence-ml,11,AI Agent Frameworks & Infrastructure,ai-agent-frameworks-infrastructure,16,Prompt Versioning Systems,prompt-versioning-systems,4,Prompt Tools,Prompt Version Control,prompt-tools-prompt-version-control
Artificial Intelligence & ML,artificial-intelligence-ml,11,AI Agent Frameworks & Infrastructure,ai-agent-frameworks-infrastructure,16,Prompt Versioning Systems,prompt-versioning-systems,5,Prompt Tools,Prompt Chaining,prompt-tools-prompt-chaining
Artificial Intelligence & ML,artificial-intelligence-ml,11,AI Agent Frameworks & Infrastructure,ai-agent-frameworks-infrastructure,16,Prompt Versioning Systems,prompt-versioning-systems,6,Prompt Tools,System Prompt Builder,prompt-tools-system-prompt-builder
Artificial Intelligence & ML,artificial-intelligence-ml,11,AI Agent Frameworks & Infrastructure,ai-agent-frameworks-infrastructure,16,Prompt Versioning Systems,prompt-versioning-systems,7,Prompt Tools,Few-Shot Example Manager,prompt-tools-few-shot-example-manager
Artificial Intelligence & ML,artificial-intelligence-ml,11,AI Agent Frameworks & Infrastructure,ai-agent-frameworks-infrastructure,16,Prompt Versioning Systems,prompt-versioning-systems,8,Prompt Tools,Prompt Playground,prompt-tools-prompt-playground
Artificial Intelligence & ML,artificial-intelligence-ml,11,AI Agent Frameworks & Infrastructure,ai-agent-frameworks-infrastructure,16,Prompt Versioning Systems,prompt-versioning-systems,9,Prompt Marketplace,Community Prompts,prompt-marketplace-community-prompts
Artificial Intelligence & ML,artificial-intelligence-ml,11,AI Agent Frameworks & Infrastructure,ai-agent-frameworks-infrastructure,16,Prompt Versioning Systems,prompt-versioning-systems,10,Prompt Marketplace,Premium Prompt Store,prompt-marketplace-premium-prompt-store
Artificial Intelligence & ML,artificial-intelligence-ml,11,AI Agent Frameworks & Infrastructure,ai-agent-frameworks-infrastructure,16,Prompt Versioning Systems,prompt-versioning-systems,11,Prompt Marketplace,Prompt Rating System,prompt-marketplace-prompt-rating-system
Artificial Intelligence & ML,artificial-intelligence-ml,11,AI Agent Frameworks & Infrastructure,ai-agent-frameworks-infrastructure,16,Prompt Versioning Systems,prompt-versioning-systems,12,Prompt Marketplace,Domain Prompt Packs,prompt-marketplace-domain-prompt-packs
Artificial Intelligence & ML,artificial-intelligence-ml,11,AI Agent Frameworks & Infrastructure,ai-agent-frameworks-infrastructure,16,Prompt Versioning Systems,prompt-versioning-systems,13,Prompt Marketplace,GPT Store Integration,prompt-marketplace-gpt-store-integration
Artificial Intelligence & ML,artificial-intelligence-ml,11,AI Agent Frameworks & Infrastructure,ai-agent-frameworks-infrastructure,16,Prompt Versioning Systems,prompt-versioning-systems,14,Prompt Marketplace,Custom GPT Builder,prompt-marketplace-custom-gpt-builder
Artificial Intelligence & ML,artificial-intelligence-ml,11,AI Agent Frameworks & Infrastructure,ai-agent-frameworks-infrastructure,16,Prompt Versioning Systems,prompt-versioning-systems,15,Prompt Marketplace,Prompt Analytics,prompt-marketplace-prompt-analytics
Artificial Intelligence & ML,artificial-intelligence-ml,11,AI Agent Frameworks & Infrastructure,ai-agent-frameworks-infrastructure,16,Prompt Versioning Systems,prompt-versioning-systems,16,Prompt Marketplace,Prompt Sharing Platform,prompt-marketplace-prompt-sharing-platform
Artificial Intelligence & ML,artificial-intelligence-ml,11,AI Agent Frameworks & Infrastructure,ai-agent-frameworks-infrastructure,16,Prompt Versioning Systems,prompt-versioning-systems,17,Prompt Marketplace,Prompt Competition,prompt-marketplace-prompt-competition
Artificial Intelligence & ML,artificial-intelligence-ml,11,AI Agent Frameworks & Infrastructure,ai-agent-frameworks-infrastructure,16,Prompt Versioning Systems,prompt-versioning-systems,18,Prompt Marketplace,Prompt Certification,prompt-marketplace-prompt-certification
Artificial Intelligence & ML,artificial-intelligence-ml,11,AI Agent Frameworks & Infrastructure,ai-agent-frameworks-infrastructure,17,Prompt A/B Testing Tools,prompt-ab-testing-tools,1,Prompt Tools,Prompt A/B Testing,prompt-tools-prompt-a-b-testing
Artificial Intelligence & ML,artificial-intelligence-ml,11,AI Agent Frameworks & Infrastructure,ai-agent-frameworks-infrastructure,18,Prompt Cost Analyzers,prompt-cost-analyzers,1,Prompt Tools,Prompt Cost Calculator,prompt-tools-prompt-cost-calculator
Artificial Intelligence & ML,artificial-intelligence-ml,11,AI Agent Frameworks & Infrastructure,ai-agent-frameworks-infrastructure,19,LLM Gateway Routers,llm-gateway-routers,1,MCP & Integrations,LLM Gateway Builder,mcp-integrations-llm-gateway-builder
Artificial Intelligence & ML,artificial-intelligence-ml,11,AI Agent Frameworks & Infrastructure,ai-agent-frameworks-infrastructure,19,LLM Gateway Routers,llm-gateway-routers,2,LLM Observability,LLM Token Tracking,llm-observability-llm-token-tracking
Artificial Intelligence & ML,artificial-intelligence-ml,11,AI Agent Frameworks & Infrastructure,ai-agent-frameworks-infrastructure,19,LLM Gateway Routers,llm-gateway-routers,3,LLM Observability,Prompt & Response Logging,llm-observability-prompt-response-logging
Artificial Intelligence & ML,artificial-intelligence-ml,11,AI Agent Frameworks & Infrastructure,ai-agent-frameworks-infrastructure,19,LLM Gateway Routers,llm-gateway-routers,4,LLM Observability,Hallucination Detection,llm-observability-hallucination-detection
Artificial Intelligence & ML,artificial-intelligence-ml,11,AI Agent Frameworks & Infrastructure,ai-agent-frameworks-infrastructure,19,LLM Gateway Routers,llm-gateway-routers,5,LLM Observability,Cost Attribution,llm-observability-cost-attribution
Artificial Intelligence & ML,artificial-intelligence-ml,11,AI Agent Frameworks & Infrastructure,ai-agent-frameworks-infrastructure,19,LLM Gateway Routers,llm-gateway-routers,6,LLM Observability,Latency Monitoring,llm-observability-latency-monitoring
Artificial Intelligence & ML,artificial-intelligence-ml,11,AI Agent Frameworks & Infrastructure,ai-agent-frameworks-infrastructure,19,LLM Gateway Routers,llm-gateway-routers,7,LLM Observability,Quality Scoring,llm-observability-quality-scoring
Artificial Intelligence & ML,artificial-intelligence-ml,11,AI Agent Frameworks & Infrastructure,ai-agent-frameworks-infrastructure,19,LLM Gateway Routers,llm-gateway-routers,8,LLM Observability,User Feedback Collection,llm-observability-user-feedback-collection
Artificial Intelligence & ML,artificial-intelligence-ml,11,AI Agent Frameworks & Infrastructure,ai-agent-frameworks-infrastructure,19,LLM Gateway Routers,llm-gateway-routers,9,LLM Observability,Drift Detection LLM,llm-observability-drift-detection-llm
Artificial Intelligence & ML,artificial-intelligence-ml,11,AI Agent Frameworks & Infrastructure,ai-agent-frameworks-infrastructure,19,LLM Gateway Routers,llm-gateway-routers,10,LLM Observability,Compliance Logging,llm-observability-compliance-logging
Artificial Intelligence & ML,artificial-intelligence-ml,11,AI Agent Frameworks & Infrastructure,ai-agent-frameworks-infrastructure,19,LLM Gateway Routers,llm-gateway-routers,11,LLM Observability,Audit Trail AI,llm-observability-audit-trail-ai
Artificial Intelligence & ML,artificial-intelligence-ml,11,AI Agent Frameworks & Infrastructure,ai-agent-frameworks-infrastructure,20,Multi-Provider LLM Switchers,multi-provider-llm-switchers,,,,
Artificial Intelligence & ML,artificial-intelligence-ml,11,AI Agent Frameworks & Infrastructure,ai-agent-frameworks-infrastructure,21,Model Cost Optimizers,model-cost-optimizers,1,Custom Model Hosting,Cost Per Token Optimizer,custom-model-hosting-cost-per-token-optimizer
Artificial Intelligence & ML,artificial-intelligence-ml,11,AI Agent Frameworks & Infrastructure,ai-agent-frameworks-infrastructure,22,Token Counting Tools,token-counting-tools,,,,
Artificial Intelligence & ML,artificial-intelligence-ml,11,AI Agent Frameworks & Infrastructure,ai-agent-frameworks-infrastructure,23,Local Inference Runtimes,local-inference-runtimes,,,,
Artificial Intelligence & ML,artificial-intelligence-ml,11,AI Agent Frameworks & Infrastructure,ai-agent-frameworks-infrastructure,24,Quantized Model Tools,quantized-model-tools,,,,
Artificial Intelligence & ML,artificial-intelligence-ml,11,AI Agent Frameworks & Infrastructure,ai-agent-frameworks-infrastructure,25,GPU Inference Schedulers,gpu-inference-schedulers,,,,
Artificial Intelligence & ML,artificial-intelligence-ml,11,AI Agent Frameworks & Infrastructure,ai-agent-frameworks-infrastructure,26,Edge AI Deployment Tools,edge-ai-deployment-tools,1,AI Infrastructure,Edge AI Deployment,ai-infrastructure-edge-ai-deployment
Artificial Intelligence & ML,artificial-intelligence-ml,11,AI Agent Frameworks & Infrastructure,ai-agent-frameworks-infrastructure,26,Edge AI Deployment Tools,edge-ai-deployment-tools,2,DevOps AI,Deployment Risk AI,devops-ai-deployment-risk-ai
Artificial Intelligence & ML,artificial-intelligence-ml,11,AI Agent Frameworks & Infrastructure,ai-agent-frameworks-infrastructure,27,Serverless LLM Platforms,serverless-llm-platforms,1,LLM APIs,GPT API,llm-apis-gpt-api
Artificial Intelligence & ML,artificial-intelligence-ml,11,AI Agent Frameworks & Infrastructure,ai-agent-frameworks-infrastructure,27,Serverless LLM Platforms,serverless-llm-platforms,2,LLM APIs,Claude API,llm-apis-claude-api
Artificial Intelligence & ML,artificial-intelligence-ml,11,AI Agent Frameworks & Infrastructure,ai-agent-frameworks-infrastructure,27,Serverless LLM Platforms,serverless-llm-platforms,3,LLM APIs,Gemini API,llm-apis-gemini-api
Artificial Intelligence & ML,artificial-intelligence-ml,11,AI Agent Frameworks & Infrastructure,ai-agent-frameworks-infrastructure,27,Serverless LLM Platforms,serverless-llm-platforms,4,LLM APIs,Mistral API,llm-apis-mistral-api
Artificial Intelligence & ML,artificial-intelligence-ml,11,AI Agent Frameworks & Infrastructure,ai-agent-frameworks-infrastructure,27,Serverless LLM Platforms,serverless-llm-platforms,5,LLM APIs,Llama API,llm-apis-llama-api
Artificial Intelligence & ML,artificial-intelligence-ml,11,AI Agent Frameworks & Infrastructure,ai-agent-frameworks-infrastructure,27,Serverless LLM Platforms,serverless-llm-platforms,6,LLM APIs,Cohere API,llm-apis-cohere-api
Artificial Intelligence & ML,artificial-intelligence-ml,11,AI Agent Frameworks & Infrastructure,ai-agent-frameworks-infrastructure,27,Serverless LLM Platforms,serverless-llm-platforms,7,LLM APIs,AI21 Labs API,llm-apis-ai21-labs-api
Artificial Intelligence & ML,artificial-intelligence-ml,11,AI Agent Frameworks & Infrastructure,ai-agent-frameworks-infrastructure,27,Serverless LLM Platforms,serverless-llm-platforms,8,LLM APIs,DeepSeek API,llm-apis-deepseek-api
Artificial Intelligence & ML,artificial-intelligence-ml,11,AI Agent Frameworks & Infrastructure,ai-agent-frameworks-infrastructure,27,Serverless LLM Platforms,serverless-llm-platforms,9,LLM APIs,Open Source LLM Hosting,llm-apis-open-source-llm-hosting
Artificial Intelligence & ML,artificial-intelligence-ml,11,AI Agent Frameworks & Infrastructure,ai-agent-frameworks-infrastructure,27,Serverless LLM Platforms,serverless-llm-platforms,10,LLM APIs,Fine-Tuning APIs,llm-apis-fine-tuning-apis
Artificial Intelligence & ML,artificial-intelligence-ml,12,AI No-Code & App Builders,ai-no-code-app-builders,1,AI Web App Builders,ai-web-app-builders,1,No-Code Chatbot Platforms,Sales Chatbots,no-code-chatbot-platforms-sales-chatbots
Artificial Intelligence & ML,artificial-intelligence-ml,12,AI No-Code & App Builders,ai-no-code-app-builders,1,AI Web App Builders,ai-web-app-builders,2,Visual AI Builders,AutoML Platforms,visual-ai-builders-automl-platforms
Artificial Intelligence & ML,artificial-intelligence-ml,12,AI No-Code & App Builders,ai-no-code-app-builders,1,AI Web App Builders,ai-web-app-builders,3,Visual AI Builders,AI Workflow Builders,visual-ai-builders-ai-workflow-builders
Artificial Intelligence & ML,artificial-intelligence-ml,12,AI No-Code & App Builders,ai-no-code-app-builders,1,AI Web App Builders,ai-web-app-builders,4,Visual AI Builders,Custom GPT Builders,visual-ai-builders-custom-gpt-builders
Artificial Intelligence & ML,artificial-intelligence-ml,12,AI No-Code & App Builders,ai-no-code-app-builders,1,AI Web App Builders,ai-web-app-builders,5,Visual AI Builders,AI App Builders,visual-ai-builders-ai-app-builders
Artificial Intelligence & ML,artificial-intelligence-ml,12,AI No-Code & App Builders,ai-no-code-app-builders,1,AI Web App Builders,ai-web-app-builders,6,Visual AI Builders,Chatbot Visual Builders,visual-ai-builders-chatbot-visual-builders
Artificial Intelligence & ML,artificial-intelligence-ml,12,AI No-Code & App Builders,ai-no-code-app-builders,1,AI Web App Builders,ai-web-app-builders,7,Visual AI Builders,Voice App Builders,visual-ai-builders-voice-app-builders
Artificial Intelligence & ML,artificial-intelligence-ml,12,AI No-Code & App Builders,ai-no-code-app-builders,1,AI Web App Builders,ai-web-app-builders,8,Visual AI Builders,Computer Vision Builders,visual-ai-builders-computer-vision-builders
Artificial Intelligence & ML,artificial-intelligence-ml,12,AI No-Code & App Builders,ai-no-code-app-builders,1,AI Web App Builders,ai-web-app-builders,9,Visual AI Builders,NLP Pipeline Builders,visual-ai-builders-nlp-pipeline-builders
Artificial Intelligence & ML,artificial-intelligence-ml,12,AI No-Code & App Builders,ai-no-code-app-builders,1,AI Web App Builders,ai-web-app-builders,10,Visual AI Builders,Predictive Model Builders,visual-ai-builders-predictive-model-builders
Artificial Intelligence & ML,artificial-intelligence-ml,12,AI No-Code & App Builders,ai-no-code-app-builders,2,AI Internal Tool Builders,ai-internal-tool-builders,1,No-Code Chatbot Platforms,Internal HR Bots,no-code-chatbot-platforms-internal-hr-bots
Artificial Intelligence & ML,artificial-intelligence-ml,12,AI No-Code & App Builders,ai-no-code-app-builders,3,AI Admin Panel Builders,ai-admin-panel-builders,,,,
Artificial Intelligence & ML,artificial-intelligence-ml,12,AI No-Code & App Builders,ai-no-code-app-builders,4,AI Dashboard Builders,ai-dashboard-builders,,,,
Artificial Intelligence & ML,artificial-intelligence-ml,12,AI No-Code & App Builders,ai-no-code-app-builders,5,AI Form Builders with Logic,ai-form-builders-with-logic,,,,
Artificial Intelligence & ML,artificial-intelligence-ml,12,AI No-Code & App Builders,ai-no-code-app-builders,6,AI Survey Builders,ai-survey-builders,1,No-Code Chatbot Platforms,Survey Bots,no-code-chatbot-platforms-survey-bots
Artificial Intelligence & ML,artificial-intelligence-ml,12,AI No-Code & App Builders,ai-no-code-app-builders,7,AI Quiz Builders,ai-quiz-builders,,,,
Artificial Intelligence & ML,artificial-intelligence-ml,12,AI No-Code & App Builders,ai-no-code-app-builders,8,AI Calculator Widget Builders,ai-calculator-widget-builders,1,Mystical & Spiritual AI,Numerology Calculator AI,mystical-spiritual-ai-numerology-calculator-ai
Artificial Intelligence & ML,artificial-intelligence-ml,12,AI No-Code & App Builders,ai-no-code-app-builders,8,AI Calculator Widget Builders,ai-calculator-widget-builders,2,Seller Tools AI,Profit Calculator AI,seller-tools-ai-profit-calculator-ai
Artificial Intelligence & ML,artificial-intelligence-ml,12,AI No-Code & App Builders,ai-no-code-app-builders,9,AI Landing Page Builders,ai-landing-page-builders,1,Copywriting,Landing Page Copy,copywriting-landing-page-copy
Artificial Intelligence & ML,artificial-intelligence-ml,12,AI No-Code & App Builders,ai-no-code-app-builders,10,AI Portfolio Site Builders,ai-portfolio-site-builders,1,Investment AI,Portfolio Optimization,investment-ai-portfolio-optimization
Artificial Intelligence & ML,artificial-intelligence-ml,12,AI No-Code & App Builders,ai-no-code-app-builders,10,AI Portfolio Site Builders,ai-portfolio-site-builders,2,Location AI,Site Selection AI,location-ai-site-selection-ai
Artificial Intelligence & ML,artificial-intelligence-ml,12,AI No-Code & App Builders,ai-no-code-app-builders,11,AI Resume Site Builders,ai-resume-site-builders,,,,
Artificial Intelligence & ML,artificial-intelligence-ml,12,AI No-Code & App Builders,ai-no-code-app-builders,12,AI Wedding Site Builders,ai-wedding-site-builders,,,,
Artificial Intelligence & ML,artificial-intelligence-ml,12,AI No-Code & App Builders,ai-no-code-app-builders,13,AI Event Site Builders,ai-event-site-builders,,,,
Artificial Intelligence & ML,artificial-intelligence-ml,12,AI No-Code & App Builders,ai-no-code-app-builders,14,AI Restaurant Site Builders,ai-restaurant-site-builders,,,,
Artificial Intelligence & ML,artificial-intelligence-ml,12,AI No-Code & App Builders,ai-no-code-app-builders,15,AI E-Commerce Store Builders,ai-e-commerce-store-builders,1,No-Code Chatbot Platforms,E-commerce Bots,no-code-chatbot-platforms-e-commerce-bots
Artificial Intelligence & ML,artificial-intelligence-ml,12,AI No-Code & App Builders,ai-no-code-app-builders,15,AI E-Commerce Store Builders,ai-e-commerce-store-builders,2,E-Commerce Operations,Catalog Management AI,e-commerce-operations-catalog-management-ai
Artificial Intelligence & ML,artificial-intelligence-ml,12,AI No-Code & App Builders,ai-no-code-app-builders,15,AI E-Commerce Store Builders,ai-e-commerce-store-builders,3,E-Commerce Operations,Chatbot for Commerce,e-commerce-operations-chatbot-for-commerce
Artificial Intelligence & ML,artificial-intelligence-ml,12,AI No-Code & App Builders,ai-no-code-app-builders,15,AI E-Commerce Store Builders,ai-e-commerce-store-builders,4,E-Commerce Operations,Order Management AI,e-commerce-operations-order-management-ai
Artificial Intelligence & ML,artificial-intelligence-ml,12,AI No-Code & App Builders,ai-no-code-app-builders,15,AI E-Commerce Store Builders,ai-e-commerce-store-builders,5,E-Commerce Operations,Shipping Optimization,e-commerce-operations-shipping-optimization
Artificial Intelligence & ML,artificial-intelligence-ml,12,AI No-Code & App Builders,ai-no-code-app-builders,16,AI Marketplace Builders,ai-marketplace-builders,,,,
Artificial Intelligence & ML,artificial-intelligence-ml,12,AI No-Code & App Builders,ai-no-code-app-builders,17,AI Membership Site Builders,ai-membership-site-builders,,,,
Artificial Intelligence & ML,artificial-intelligence-ml,12,AI No-Code & App Builders,ai-no-code-app-builders,18,AI Course Platform Builders,ai-course-platform-builders,,,,
Artificial Intelligence & ML,artificial-intelligence-ml,12,AI No-Code & App Builders,ai-no-code-app-builders,19,AI Booking Site Builders,ai-booking-site-builders,1,No-Code Chatbot Platforms,Booking Bots,no-code-chatbot-platforms-booking-bots
Artificial Intelligence & ML,artificial-intelligence-ml,12,AI No-Code & App Builders,ai-no-code-app-builders,20,AI Directory Site Builders,ai-directory-site-builders,,,,
Artificial Intelligence & ML,artificial-intelligence-ml,12,AI No-Code & App Builders,ai-no-code-app-builders,21,AI Blog Site Builders,ai-blog-site-builders,,,,
Artificial Intelligence & ML,artificial-intelligence-ml,12,AI No-Code & App Builders,ai-no-code-app-builders,22,AI Newsletter Site Builders,ai-newsletter-site-builders,,,,
Artificial Intelligence & ML,artificial-intelligence-ml,12,AI No-Code & App Builders,ai-no-code-app-builders,23,AI Mobile App Prototypers,ai-mobile-app-prototypers,,,,
Artificial Intelligence & ML,artificial-intelligence-ml,12,AI No-Code & App Builders,ai-no-code-app-builders,24,AI iOS App Generators,ai-ios-app-generators,,,,
Artificial Intelligence & ML,artificial-intelligence-ml,12,AI No-Code & App Builders,ai-no-code-app-builders,25,AI Android App Generators,ai-android-app-generators,,,,
Artificial Intelligence & ML,artificial-intelligence-ml,12,AI No-Code & App Builders,ai-no-code-app-builders,26,AI Cross-Platform App Builders,ai-cross-platform-app-builders,,,,
Artificial Intelligence & ML,artificial-intelligence-ml,12,AI No-Code & App Builders,ai-no-code-app-builders,27,AI Game Prototypers,ai-game-prototypers,,,,
Artificial Intelligence & ML,artificial-intelligence-ml,12,AI No-Code & App Builders,ai-no-code-app-builders,28,AI Telegram Mini-App Builders,ai-telegram-mini-app-builders,,,,
Artificial Intelligence & ML,artificial-intelligence-ml,12,AI No-Code & App Builders,ai-no-code-app-builders,29,AI Slack App Builders,ai-slack-app-builders,,,,
Artificial Intelligence & ML,artificial-intelligence-ml,12,AI No-Code & App Builders,ai-no-code-app-builders,30,AI Discord Bot Builders,ai-discord-bot-builders,,,,
Artificial Intelligence & ML,artificial-intelligence-ml,12,AI No-Code & App Builders,ai-no-code-app-builders,31,AI Chrome Extension Builders,ai-chrome-extension-builders,,,,
Artificial Intelligence & ML,artificial-intelligence-ml,12,AI No-Code & App Builders,ai-no-code-app-builders,32,AI MCP Server Builders,ai-mcp-server-builders,1,MCP & Integrations,MCP Server Builder,mcp-integrations-mcp-server-builder
Artificial Intelligence & ML,artificial-intelligence-ml,12,AI No-Code & App Builders,ai-no-code-app-builders,32,AI MCP Server Builders,ai-mcp-server-builders,2,MCP & Integrations,MCP Client SDK,mcp-integrations-mcp-client-sdk
Artificial Intelligence & ML,artificial-intelligence-ml,12,AI No-Code & App Builders,ai-no-code-app-builders,32,AI MCP Server Builders,ai-mcp-server-builders,3,MCP & Integrations,Tool Plugin Development,mcp-integrations-tool-plugin-development
Artificial Intelligence & ML,artificial-intelligence-ml,12,AI No-Code & App Builders,ai-no-code-app-builders,32,AI MCP Server Builders,ai-mcp-server-builders,4,MCP & Integrations,AI Extension Development,mcp-integrations-ai-extension-development
Artificial Intelligence & ML,artificial-intelligence-ml,12,AI No-Code & App Builders,ai-no-code-app-builders,32,AI MCP Server Builders,ai-mcp-server-builders,5,MCP & Integrations,AI Middleware,mcp-integrations-ai-middleware
Artificial Intelligence & ML,artificial-intelligence-ml,12,AI No-Code & App Builders,ai-no-code-app-builders,32,AI MCP Server Builders,ai-mcp-server-builders,6,MCP & Integrations,Function Calling Framework,mcp-integrations-function-calling-framework
Artificial Intelligence & ML,artificial-intelligence-ml,13,AI Productivity & Personal Workflow,ai-productivity-personal-workflow,1,AI Daily Stand-Up Helpers,ai-daily-stand-up-helpers,,,,
Artificial Intelligence & ML,artificial-intelligence-ml,13,AI Productivity & Personal Workflow,ai-productivity-personal-workflow,2,AI Daily Journal Prompts,ai-daily-journal-prompts,,,,
Artificial Intelligence & ML,artificial-intelligence-ml,13,AI Productivity & Personal Workflow,ai-productivity-personal-workflow,3,AI Reflection Coaches,ai-reflection-coaches,,,,
Artificial Intelligence & ML,artificial-intelligence-ml,13,AI Productivity & Personal Workflow,ai-productivity-personal-workflow,4,AI Goal-Setting Coaches,ai-goal-setting-coaches,1,Personal Productivity AI,Goal Setting AI,personal-productivity-ai-goal-setting-ai
Artificial Intelligence & ML,artificial-intelligence-ml,13,AI Productivity & Personal Workflow,ai-productivity-personal-workflow,5,AI OKR Builders,ai-okr-builders,,,,
Artificial Intelligence & ML,artificial-intelligence-ml,13,AI Productivity & Personal Workflow,ai-productivity-personal-workflow,6,AI Quarterly Planning Tools,ai-quarterly-planning-tools,1,Event Planning AI,Wedding Planner AI Personal,event-planning-ai-wedding-planner-ai-personal
Artificial Intelligence & ML,artificial-intelligence-ml,13,AI Productivity & Personal Workflow,ai-productivity-personal-workflow,7,AI Weekly Review Tools,ai-weekly-review-tools,,,,
Artificial Intelligence & ML,artificial-intelligence-ml,13,AI Productivity & Personal Workflow,ai-productivity-personal-workflow,8,AI To-Do List Prioritizers,ai-to-do-list-prioritizers,,,,
Artificial Intelligence & ML,artificial-intelligence-ml,13,AI Productivity & Personal Workflow,ai-productivity-personal-workflow,9,AI Eisenhower Matrix Tools,ai-eisenhower-matrix-tools,,,,
Artificial Intelligence & ML,artificial-intelligence-ml,13,AI Productivity & Personal Workflow,ai-productivity-personal-workflow,10,AI Time-Blocking Assistants,ai-time-blocking-assistants,1,Conversational AI,Personal Productivity AI,conversational-ai-personal-productivity-ai
Artificial Intelligence & ML,artificial-intelligence-ml,13,AI Productivity & Personal Workflow,ai-productivity-personal-workflow,11,AI Calendar Optimizers,ai-calendar-optimizers,1,Content Calendar AI,Editorial Calendar AI,content-calendar-ai-editorial-calendar-ai
Artificial Intelligence & ML,artificial-intelligence-ml,13,AI Productivity & Personal Workflow,ai-productivity-personal-workflow,11,AI Calendar Optimizers,ai-calendar-optimizers,2,Content Calendar AI,Social Calendar AI,content-calendar-ai-social-calendar-ai
Artificial Intelligence & ML,artificial-intelligence-ml,13,AI Productivity & Personal Workflow,ai-productivity-personal-workflow,11,AI Calendar Optimizers,ai-calendar-optimizers,3,Content Calendar AI,Blog Calendar AI,content-calendar-ai-blog-calendar-ai
Artificial Intelligence & ML,artificial-intelligence-ml,13,AI Productivity & Personal Workflow,ai-productivity-personal-workflow,11,AI Calendar Optimizers,ai-calendar-optimizers,4,Content Calendar AI,Video Calendar AI,content-calendar-ai-video-calendar-ai
Artificial Intelligence & ML,artificial-intelligence-ml,13,AI Productivity & Personal Workflow,ai-productivity-personal-workflow,11,AI Calendar Optimizers,ai-calendar-optimizers,5,Content Calendar AI,Podcast Calendar AI,content-calendar-ai-podcast-calendar-ai
Artificial Intelligence & ML,artificial-intelligence-ml,13,AI Productivity & Personal Workflow,ai-productivity-personal-workflow,11,AI Calendar Optimizers,ai-calendar-optimizers,6,Content Calendar AI,Email Calendar AI,content-calendar-ai-email-calendar-ai
Artificial Intelligence & ML,artificial-intelligence-ml,13,AI Productivity & Personal Workflow,ai-productivity-personal-workflow,11,AI Calendar Optimizers,ai-calendar-optimizers,7,Content Calendar AI,Campaign Calendar AI,content-calendar-ai-campaign-calendar-ai
Artificial Intelligence & ML,artificial-intelligence-ml,13,AI Productivity & Personal Workflow,ai-productivity-personal-workflow,11,AI Calendar Optimizers,ai-calendar-optimizers,8,Content Calendar AI,Seasonal Content AI,content-calendar-ai-seasonal-content-ai
Artificial Intelligence & ML,artificial-intelligence-ml,13,AI Productivity & Personal Workflow,ai-productivity-personal-workflow,11,AI Calendar Optimizers,ai-calendar-optimizers,9,Content Calendar AI,Content Recycling AI,content-calendar-ai-content-recycling-ai
Artificial Intelligence & ML,artificial-intelligence-ml,13,AI Productivity & Personal Workflow,ai-productivity-personal-workflow,11,AI Calendar Optimizers,ai-calendar-optimizers,10,Content Calendar AI,Trending Content AI,content-calendar-ai-trending-content-ai
Artificial Intelligence & ML,artificial-intelligence-ml,13,AI Productivity & Personal Workflow,ai-productivity-personal-workflow,11,AI Calendar Optimizers,ai-calendar-optimizers,11,Personal Productivity AI,Calendar Optimization AI,personal-productivity-ai-calendar-optimization-ai
Artificial Intelligence & ML,artificial-intelligence-ml,13,AI Productivity & Personal Workflow,ai-productivity-personal-workflow,12,AI Schedule Defragmenters,ai-schedule-defragmenters,1,Garden AI,Watering Schedule AI,garden-ai-watering-schedule-ai
Artificial Intelligence & ML,artificial-intelligence-ml,13,AI Productivity & Personal Workflow,ai-productivity-personal-workflow,13,AI Distraction Blockers,ai-distraction-blockers,,,,
Artificial Intelligence & ML,artificial-intelligence-ml,13,AI Productivity & Personal Workflow,ai-productivity-personal-workflow,14,AI Focus Music Curators,ai-focus-music-curators,1,Personal Productivity AI,Focus & Flow AI,personal-productivity-ai-focus-flow-ai
Artificial Intelligence & ML,artificial-intelligence-ml,13,AI Productivity & Personal Workflow,ai-productivity-personal-workflow,14,AI Focus Music Curators,ai-focus-music-curators,2,Task & Focus AI,Smart To-Do AI,task-focus-ai-smart-to-do-ai
Artificial Intelligence & ML,artificial-intelligence-ml,13,AI Productivity & Personal Workflow,ai-productivity-personal-workflow,14,AI Focus Music Curators,ai-focus-music-curators,3,Task & Focus AI,Priority Matrix AI,task-focus-ai-priority-matrix-ai
Artificial Intelligence & ML,artificial-intelligence-ml,13,AI Productivity & Personal Workflow,ai-productivity-personal-workflow,14,AI Focus Music Curators,ai-focus-music-curators,4,Task & Focus AI,Deep Focus Timer AI,task-focus-ai-deep-focus-timer-ai
Artificial Intelligence & ML,artificial-intelligence-ml,13,AI Productivity & Personal Workflow,ai-productivity-personal-workflow,14,AI Focus Music Curators,ai-focus-music-curators,5,Task & Focus AI,Distraction Blocker AI,task-focus-ai-distraction-blocker-ai
Artificial Intelligence & ML,artificial-intelligence-ml,13,AI Productivity & Personal Workflow,ai-productivity-personal-workflow,14,AI Focus Music Curators,ai-focus-music-curators,6,Task & Focus AI,Daily Planner AI Work,task-focus-ai-daily-planner-ai-work
Artificial Intelligence & ML,artificial-intelligence-ml,13,AI Productivity & Personal Workflow,ai-productivity-personal-workflow,14,AI Focus Music Curators,ai-focus-music-curators,7,Task & Focus AI,Weekly Review AI,task-focus-ai-weekly-review-ai
Artificial Intelligence & ML,artificial-intelligence-ml,13,AI Productivity & Personal Workflow,ai-productivity-personal-workflow,14,AI Focus Music Curators,ai-focus-music-curators,8,Task & Focus AI,Goal Decomposer AI,task-focus-ai-goal-decomposer-ai
Artificial Intelligence & ML,artificial-intelligence-ml,13,AI Productivity & Personal Workflow,ai-productivity-personal-workflow,14,AI Focus Music Curators,ai-focus-music-curators,9,Task & Focus AI,Energy Management AI,task-focus-ai-energy-management-ai
Artificial Intelligence & ML,artificial-intelligence-ml,13,AI Productivity & Personal Workflow,ai-productivity-personal-workflow,14,AI Focus Music Curators,ai-focus-music-curators,10,Task & Focus AI,Context Switching AI,task-focus-ai-context-switching-ai
Artificial Intelligence & ML,artificial-intelligence-ml,13,AI Productivity & Personal Workflow,ai-productivity-personal-workflow,14,AI Focus Music Curators,ai-focus-music-curators,11,Task & Focus AI,Decision Fatigue Reducer,task-focus-ai-decision-fatigue-reducer
Artificial Intelligence & ML,artificial-intelligence-ml,13,AI Productivity & Personal Workflow,ai-productivity-personal-workflow,15,AI Reading List Curators,ai-reading-list-curators,,,,
Artificial Intelligence & ML,artificial-intelligence-ml,13,AI Productivity & Personal Workflow,ai-productivity-personal-workflow,16,AI Article Save-for-Later Tools,ai-article-save-for-later-tools,,,,
Artificial Intelligence & ML,artificial-intelligence-ml,13,AI Productivity & Personal Workflow,ai-productivity-personal-workflow,17,AI Read-It-Later Summarizers,ai-read-it-later-summarizers,,,,
Artificial Intelligence & ML,artificial-intelligence-ml,13,AI Productivity & Personal Workflow,ai-productivity-personal-workflow,18,AI Bookmark Organizers,ai-bookmark-organizers,,,,
Artificial Intelligence & ML,artificial-intelligence-ml,13,AI Productivity & Personal Workflow,ai-productivity-personal-workflow,19,AI Tab Management Tools,ai-tab-management-tools,,,,
Artificial Intelligence & ML,artificial-intelligence-ml,13,AI Productivity & Personal Workflow,ai-productivity-personal-workflow,20,AI Window Layout Managers,ai-window-layout-managers,1,Garden AI,Garden Layout Planner,garden-ai-garden-layout-planner
Artificial Intelligence & ML,artificial-intelligence-ml,13,AI Productivity & Personal Workflow,ai-productivity-personal-workflow,21,AI Clipboard Managers,ai-clipboard-managers,,,,
Artificial Intelligence & ML,artificial-intelligence-ml,13,AI Productivity & Personal Workflow,ai-productivity-personal-workflow,22,AI Snippet Expansion Tools,ai-snippet-expansion-tools,,,,
Artificial Intelligence & ML,artificial-intelligence-ml,13,AI Productivity & Personal Workflow,ai-productivity-personal-workflow,23,AI Text Replacement Tools,ai-text-replacement-tools,,,,
Artificial Intelligence & ML,artificial-intelligence-ml,13,AI Productivity & Personal Workflow,ai-productivity-personal-workflow,24,AI Quick-Capture Inboxes,ai-quick-capture-inboxes,,,,
Artificial Intelligence & ML,artificial-intelligence-ml,13,AI Productivity & Personal Workflow,ai-productivity-personal-workflow,25,AI Voice-to-Note Tools,ai-voice-to-note-tools,1,Personal Productivity AI,Note-Taking AI,personal-productivity-ai-note-taking-ai
Artificial Intelligence & ML,artificial-intelligence-ml,13,AI Productivity & Personal Workflow,ai-productivity-personal-workflow,25,AI Voice-to-Note Tools,ai-voice-to-note-tools,2,Note-Taking AI,Meeting Notes AI,note-taking-ai-meeting-notes-ai
Artificial Intelligence & ML,artificial-intelligence-ml,13,AI Productivity & Personal Workflow,ai-productivity-personal-workflow,25,AI Voice-to-Note Tools,ai-voice-to-note-tools,3,Note-Taking AI,Lecture Notes AI,note-taking-ai-lecture-notes-ai
Artificial Intelligence & ML,artificial-intelligence-ml,13,AI Productivity & Personal Workflow,ai-productivity-personal-workflow,25,AI Voice-to-Note Tools,ai-voice-to-note-tools,4,Note-Taking AI,Research Notes AI,note-taking-ai-research-notes-ai
Artificial Intelligence & ML,artificial-intelligence-ml,13,AI Productivity & Personal Workflow,ai-productivity-personal-workflow,25,AI Voice-to-Note Tools,ai-voice-to-note-tools,5,Note-Taking AI,Voice Note AI,note-taking-ai-voice-note-ai
Artificial Intelligence & ML,artificial-intelligence-ml,13,AI Productivity & Personal Workflow,ai-productivity-personal-workflow,25,AI Voice-to-Note Tools,ai-voice-to-note-tools,6,Note-Taking AI,Linked Note AI,note-taking-ai-linked-note-ai
Artificial Intelligence & ML,artificial-intelligence-ml,13,AI Productivity & Personal Workflow,ai-productivity-personal-workflow,25,AI Voice-to-Note Tools,ai-voice-to-note-tools,7,Note-Taking AI,Zettelkasten AI,note-taking-ai-zettelkasten-ai
Artificial Intelligence & ML,artificial-intelligence-ml,13,AI Productivity & Personal Workflow,ai-productivity-personal-workflow,25,AI Voice-to-Note Tools,ai-voice-to-note-tools,8,Note-Taking AI,Cornell Notes AI,note-taking-ai-cornell-notes-ai
Artificial Intelligence & ML,artificial-intelligence-ml,13,AI Productivity & Personal Workflow,ai-productivity-personal-workflow,25,AI Voice-to-Note Tools,ai-voice-to-note-tools,9,Note-Taking AI,Mind Map from Notes,note-taking-ai-mind-map-from-notes
Artificial Intelligence & ML,artificial-intelligence-ml,13,AI Productivity & Personal Workflow,ai-productivity-personal-workflow,25,AI Voice-to-Note Tools,ai-voice-to-note-tools,10,Note-Taking AI,Note Summarizer,note-taking-ai-note-summarizer
Artificial Intelligence & ML,artificial-intelligence-ml,13,AI Productivity & Personal Workflow,ai-productivity-personal-workflow,25,AI Voice-to-Note Tools,ai-voice-to-note-tools,11,Note-Taking AI,Note Search & Retrieve,note-taking-ai-note-search-retrieve
Artificial Intelligence & ML,artificial-intelligence-ml,13,AI Productivity & Personal Workflow,ai-productivity-personal-workflow,26,AI Photo-to-Note Tools,ai-photo-to-note-tools,,,,
Artificial Intelligence & ML,artificial-intelligence-ml,13,AI Productivity & Personal Workflow,ai-productivity-personal-workflow,27,AI Whiteboard-to-Note Tools,ai-whiteboard-to-note-tools,,,,
Artificial Intelligence & ML,artificial-intelligence-ml,13,AI Productivity & Personal Workflow,ai-productivity-personal-workflow,28,AI Handwritten Note Digitizers,ai-handwritten-note-digitizers,,,,
Artificial Intelligence & ML,artificial-intelligence-ml,14,AI Meeting & Collaboration,ai-meeting-collaboration,1,AI Meeting Recorders,ai-meeting-recorders,,,,
Artificial Intelligence & ML,artificial-intelligence-ml,14,AI Meeting & Collaboration,ai-meeting-collaboration,2,AI Meeting Bots for Zoom,ai-meeting-bots-for-zoom,,,,
Artificial Intelligence & ML,artificial-intelligence-ml,14,AI Meeting & Collaboration,ai-meeting-collaboration,3,AI Meeting Bots for Google Meet,ai-meeting-bots-for-google-meet,,,,
Artificial Intelligence & ML,artificial-intelligence-ml,14,AI Meeting & Collaboration,ai-meeting-collaboration,4,AI Meeting Bots for Microsoft Teams,ai-meeting-bots-for-microsoft-teams,1,Multi-Channel Bots,Microsoft Teams Bots,multi-channel-bots-microsoft-teams-bots
Artificial Intelligence & ML,artificial-intelligence-ml,14,AI Meeting & Collaboration,ai-meeting-collaboration,5,AI Meeting Bots for Webex,ai-meeting-bots-for-webex,,,,
Artificial Intelligence & ML,artificial-intelligence-ml,14,AI Meeting & Collaboration,ai-meeting-collaboration,6,AI In-Person Meeting Recorders,ai-in-person-meeting-recorders,,,,
Artificial Intelligence & ML,artificial-intelligence-ml,14,AI Meeting & Collaboration,ai-meeting-collaboration,7,AI Action Item Extractors,ai-action-item-extractors,1,Meeting AI Tools,Action Item Extractor,meeting-ai-tools-action-item-extractor
Artificial Intelligence & ML,artificial-intelligence-ml,14,AI Meeting & Collaboration,ai-meeting-collaboration,8,AI Decision Loggers,ai-decision-loggers,1,Purchase Decision AI,AI Product Advisor,purchase-decision-ai-ai-product-advisor
Artificial Intelligence & ML,artificial-intelligence-ml,14,AI Meeting & Collaboration,ai-meeting-collaboration,8,AI Decision Loggers,ai-decision-loggers,2,Purchase Decision AI,Specification Comparator,purchase-decision-ai-specification-comparator
Artificial Intelligence & ML,artificial-intelligence-ml,14,AI Meeting & Collaboration,ai-meeting-collaboration,8,AI Decision Loggers,ai-decision-loggers,3,Purchase Decision AI,Warranty Analyzer,purchase-decision-ai-warranty-analyzer
Artificial Intelligence & ML,artificial-intelligence-ml,14,AI Meeting & Collaboration,ai-meeting-collaboration,8,AI Decision Loggers,ai-decision-loggers,4,Purchase Decision AI,Return Policy Checker,purchase-decision-ai-return-policy-checker
Artificial Intelligence & ML,artificial-intelligence-ml,14,AI Meeting & Collaboration,ai-meeting-collaboration,8,AI Decision Loggers,ai-decision-loggers,5,Purchase Decision AI,Sustainability Score Product,purchase-decision-ai-sustainability-score-product
Artificial Intelligence & ML,artificial-intelligence-ml,14,AI Meeting & Collaboration,ai-meeting-collaboration,8,AI Decision Loggers,ai-decision-loggers,6,Purchase Decision AI,Counterfeit Detector,purchase-decision-ai-counterfeit-detector
Artificial Intelligence & ML,artificial-intelligence-ml,14,AI Meeting & Collaboration,ai-meeting-collaboration,8,AI Decision Loggers,ai-decision-loggers,7,Purchase Decision AI,Brand Reputation AI,purchase-decision-ai-brand-reputation-ai
Artificial Intelligence & ML,artificial-intelligence-ml,14,AI Meeting & Collaboration,ai-meeting-collaboration,8,AI Decision Loggers,ai-decision-loggers,8,Purchase Decision AI,Similar Product Finder,purchase-decision-ai-similar-product-finder
Artificial Intelligence & ML,artificial-intelligence-ml,14,AI Meeting & Collaboration,ai-meeting-collaboration,8,AI Decision Loggers,ai-decision-loggers,9,Purchase Decision AI,Budget Allocation Shopping,purchase-decision-ai-budget-allocation-shopping
Artificial Intelligence & ML,artificial-intelligence-ml,14,AI Meeting & Collaboration,ai-meeting-collaboration,8,AI Decision Loggers,ai-decision-loggers,10,Purchase Decision AI,Impulse Buy Prevention,purchase-decision-ai-impulse-buy-prevention
Artificial Intelligence & ML,artificial-intelligence-ml,14,AI Meeting & Collaboration,ai-meeting-collaboration,9,AI Follow-Up Email Drafters,ai-follow-up-email-drafters,1,Email Writing,Follow-Up Email AI,email-writing-follow-up-email-ai
Artificial Intelligence & ML,artificial-intelligence-ml,14,AI Meeting & Collaboration,ai-meeting-collaboration,9,AI Follow-Up Email Drafters,ai-follow-up-email-drafters,2,Meeting AI Tools,Follow-Up Task Creator,meeting-ai-tools-follow-up-task-creator
Artificial Intelligence & ML,artificial-intelligence-ml,14,AI Meeting & Collaboration,ai-meeting-collaboration,10,AI Meeting Highlight Reels,ai-meeting-highlight-reels,,,,
Artificial Intelligence & ML,artificial-intelligence-ml,14,AI Meeting & Collaboration,ai-meeting-collaboration,11,AI Meeting Sentiment Analysis,ai-meeting-sentiment-analysis,1,Investment AI,Fund Analysis AI,investment-ai-fund-analysis-ai
Artificial Intelligence & ML,artificial-intelligence-ml,14,AI Meeting & Collaboration,ai-meeting-collaboration,11,AI Meeting Sentiment Analysis,ai-meeting-sentiment-analysis,2,DevOps AI,Log Analysis AI,devops-ai-log-analysis-ai
Artificial Intelligence & ML,artificial-intelligence-ml,14,AI Meeting & Collaboration,ai-meeting-collaboration,11,AI Meeting Sentiment Analysis,ai-meeting-sentiment-analysis,3,Location AI,Foot Traffic Analysis,location-ai-foot-traffic-analysis
Artificial Intelligence & ML,artificial-intelligence-ml,14,AI Meeting & Collaboration,ai-meeting-collaboration,11,AI Meeting Sentiment Analysis,ai-meeting-sentiment-analysis,4,Location AI,Trade Area Analysis,location-ai-trade-area-analysis
Artificial Intelligence & ML,artificial-intelligence-ml,14,AI Meeting & Collaboration,ai-meeting-collaboration,12,AI Speaker Talk-Time Analytics,ai-speaker-talk-time-analytics,1,Seller Tools AI,Seller Analytics AI,seller-tools-ai-seller-analytics-ai
Artificial Intelligence & ML,artificial-intelligence-ml,14,AI Meeting & Collaboration,ai-meeting-collaboration,13,AI 1:1 Meeting Coaches,ai-11-meeting-coaches,,,,
Artificial Intelligence & ML,artificial-intelligence-ml,14,AI Meeting & Collaboration,ai-meeting-collaboration,14,AI Sales Call Coaches,ai-sales-call-coaches,1,Sales Intelligence,Lead Scoring AI,sales-intelligence-lead-scoring-ai
Artificial Intelligence & ML,artificial-intelligence-ml,14,AI Meeting & Collaboration,ai-meeting-collaboration,14,AI Sales Call Coaches,ai-sales-call-coaches,2,Sales Intelligence,Deal Prediction,sales-intelligence-deal-prediction
Artificial Intelligence & ML,artificial-intelligence-ml,14,AI Meeting & Collaboration,ai-meeting-collaboration,14,AI Sales Call Coaches,ai-sales-call-coaches,3,Sales Intelligence,Pipeline Analytics,sales-intelligence-pipeline-analytics
Artificial Intelligence & ML,artificial-intelligence-ml,14,AI Meeting & Collaboration,ai-meeting-collaboration,14,AI Sales Call Coaches,ai-sales-call-coaches,4,Sales Intelligence,Competitor Intelligence,sales-intelligence-competitor-intelligence
Artificial Intelligence & ML,artificial-intelligence-ml,14,AI Meeting & Collaboration,ai-meeting-collaboration,14,AI Sales Call Coaches,ai-sales-call-coaches,5,Sales Intelligence,Account Mapping,sales-intelligence-account-mapping
Artificial Intelligence & ML,artificial-intelligence-ml,14,AI Meeting & Collaboration,ai-meeting-collaboration,14,AI Sales Call Coaches,ai-sales-call-coaches,6,Sales Intelligence,Stakeholder Analysis,sales-intelligence-stakeholder-analysis
Artificial Intelligence & ML,artificial-intelligence-ml,14,AI Meeting & Collaboration,ai-meeting-collaboration,14,AI Sales Call Coaches,ai-sales-call-coaches,7,Sales Intelligence,Territory Planning AI,sales-intelligence-territory-planning-ai
Artificial Intelligence & ML,artificial-intelligence-ml,14,AI Meeting & Collaboration,ai-meeting-collaboration,14,AI Sales Call Coaches,ai-sales-call-coaches,8,Sales Intelligence,Quota Setting AI,sales-intelligence-quota-setting-ai
Artificial Intelligence & ML,artificial-intelligence-ml,14,AI Meeting & Collaboration,ai-meeting-collaboration,14,AI Sales Call Coaches,ai-sales-call-coaches,9,Sales Engagement,Call Coaching AI,sales-engagement-call-coaching-ai
Artificial Intelligence & ML,artificial-intelligence-ml,14,AI Meeting & Collaboration,ai-meeting-collaboration,14,AI Sales Call Coaches,ai-sales-call-coaches,10,Sales Engagement,Meeting Scheduling AI,sales-engagement-meeting-scheduling-ai
Artificial Intelligence & ML,artificial-intelligence-ml,14,AI Meeting & Collaboration,ai-meeting-collaboration,14,AI Sales Call Coaches,ai-sales-call-coaches,11,Sales Engagement,Proposal Generation AI,sales-engagement-proposal-generation-ai
Artificial Intelligence & ML,artificial-intelligence-ml,14,AI Meeting & Collaboration,ai-meeting-collaboration,14,AI Sales Call Coaches,ai-sales-call-coaches,12,Sales Engagement,Demo Automation,sales-engagement-demo-automation
Artificial Intelligence & ML,artificial-intelligence-ml,14,AI Meeting & Collaboration,ai-meeting-collaboration,14,AI Sales Call Coaches,ai-sales-call-coaches,13,Sales Engagement,Follow-Up AI,sales-engagement-follow-up-ai
Artificial Intelligence & ML,artificial-intelligence-ml,14,AI Meeting & Collaboration,ai-meeting-collaboration,14,AI Sales Call Coaches,ai-sales-call-coaches,14,Sales Engagement,Contract Generation,sales-engagement-contract-generation
Artificial Intelligence & ML,artificial-intelligence-ml,14,AI Meeting & Collaboration,ai-meeting-collaboration,14,AI Sales Call Coaches,ai-sales-call-coaches,15,Sales Engagement,CPQ AI,sales-engagement-cpq-ai
Artificial Intelligence & ML,artificial-intelligence-ml,14,AI Meeting & Collaboration,ai-meeting-collaboration,15,AI Interview Coaches,ai-interview-coaches,,,,
Artificial Intelligence & ML,artificial-intelligence-ml,14,AI Meeting & Collaboration,ai-meeting-collaboration,16,AI Standup Note Aggregators,ai-standup-note-aggregators,,,,
Artificial Intelligence & ML,artificial-intelligence-ml,14,AI Meeting & Collaboration,ai-meeting-collaboration,17,AI Async Video Update Tools,ai-async-video-update-tools,1,Async Communication AI,Video Message AI (Loom-style),async-communication-ai-video-message-ai-loom-style
Artificial Intelligence & ML,artificial-intelligence-ml,14,AI Meeting & Collaboration,ai-meeting-collaboration,17,AI Async Video Update Tools,ai-async-video-update-tools,2,Async Communication AI,Audio Message AI,async-communication-ai-audio-message-ai
Artificial Intelligence & ML,artificial-intelligence-ml,14,AI Meeting & Collaboration,ai-meeting-collaboration,17,AI Async Video Update Tools,ai-async-video-update-tools,3,Async Communication AI,Screen Record AI,async-communication-ai-screen-record-ai
Artificial Intelligence & ML,artificial-intelligence-ml,14,AI Meeting & Collaboration,ai-meeting-collaboration,17,AI Async Video Update Tools,ai-async-video-update-tools,4,Async Communication AI,Async Standup,async-communication-ai-async-standup
Artificial Intelligence & ML,artificial-intelligence-ml,14,AI Meeting & Collaboration,ai-meeting-collaboration,17,AI Async Video Update Tools,ai-async-video-update-tools,5,Async Communication AI,Status Update AI,async-communication-ai-status-update-ai
Artificial Intelligence & ML,artificial-intelligence-ml,14,AI Meeting & Collaboration,ai-meeting-collaboration,17,AI Async Video Update Tools,ai-async-video-update-tools,6,Async Communication AI,Weekly Digest AI,async-communication-ai-weekly-digest-ai
Artificial Intelligence & ML,artificial-intelligence-ml,14,AI Meeting & Collaboration,ai-meeting-collaboration,17,AI Async Video Update Tools,ai-async-video-update-tools,7,Async Communication AI,Decision Documentation AI,async-communication-ai-decision-documentation-ai
Artificial Intelligence & ML,artificial-intelligence-ml,14,AI Meeting & Collaboration,ai-meeting-collaboration,17,AI Async Video Update Tools,ai-async-video-update-tools,8,Async Communication AI,Feedback Request AI,async-communication-ai-feedback-request-ai
Artificial Intelligence & ML,artificial-intelligence-ml,14,AI Meeting & Collaboration,ai-meeting-collaboration,17,AI Async Video Update Tools,ai-async-video-update-tools,9,Async Communication AI,Proposal Comment AI,async-communication-ai-proposal-comment-ai
Artificial Intelligence & ML,artificial-intelligence-ml,14,AI Meeting & Collaboration,ai-meeting-collaboration,17,AI Async Video Update Tools,ai-async-video-update-tools,10,Async Communication AI,Knowledge Share AI,async-communication-ai-knowledge-share-ai
Artificial Intelligence & ML,artificial-intelligence-ml,14,AI Meeting & Collaboration,ai-meeting-collaboration,18,AI Loom-Style Video Memos,ai-loom-style-video-memos,,,,
Artificial Intelligence & ML,artificial-intelligence-ml,14,AI Meeting & Collaboration,ai-meeting-collaboration,19,AI Whiteboard Collaboration Tools,ai-whiteboard-collaboration-tools,,,,
Artificial Intelligence & ML,artificial-intelligence-ml,15,AI Email & Inbox,ai-email-inbox,1,AI Inbox Triage Assistants,ai-inbox-triage-assistants,,,,
Artificial Intelligence & ML,artificial-intelligence-ml,15,AI Email & Inbox,ai-email-inbox,2,AI Email Classifiers,ai-email-classifiers,,,,
Artificial Intelligence & ML,artificial-intelligence-ml,15,AI Email & Inbox,ai-email-inbox,3,AI Auto-Reply Drafters,ai-auto-reply-drafters,,,,
Artificial Intelligence & ML,artificial-intelligence-ml,15,AI Email & Inbox,ai-email-inbox,4,AI Smart Send-Time Optimizers,ai-smart-send-time-optimizers,,,,
Artificial Intelligence & ML,artificial-intelligence-ml,15,AI Email & Inbox,ai-email-inbox,5,AI Email Tone Analyzers,ai-email-tone-analyzers,,,,
Artificial Intelligence & ML,artificial-intelligence-ml,15,AI Email & Inbox,ai-email-inbox,6,AI Polite-Reply Drafters,ai-polite-reply-drafters,,,,
Artificial Intelligence & ML,artificial-intelligence-ml,15,AI Email & Inbox,ai-email-inbox,7,AI Decline-Politely Helpers,ai-decline-politely-helpers,,,,
Artificial Intelligence & ML,artificial-intelligence-ml,15,AI Email & Inbox,ai-email-inbox,8,AI Out-of-Office Drafters,ai-out-of-office-drafters,,,,
Artificial Intelligence & ML,artificial-intelligence-ml,15,AI Email & Inbox,ai-email-inbox,9,AI Inbox Zero Coaches,ai-inbox-zero-coaches,,,,
Artificial Intelligence & ML,artificial-intelligence-ml,15,AI Email & Inbox,ai-email-inbox,10,AI Newsletter Digesters,ai-newsletter-digesters,,,,
Artificial Intelligence & ML,artificial-intelligence-ml,15,AI Email & Inbox,ai-email-inbox,11,AI Subscription Cleaners,ai-subscription-cleaners,,,,
Artificial Intelligence & ML,artificial-intelligence-ml,15,AI Email & Inbox,ai-email-inbox,12,AI Phishing Email Detectors,ai-phishing-email-detectors,,,,
Artificial Intelligence & ML,artificial-intelligence-ml,15,AI Email & Inbox,ai-email-inbox,13,AI Email Search Assistants,ai-email-search-assistants,,,,
Artificial Intelligence & ML,artificial-intelligence-ml,15,AI Email & Inbox,ai-email-inbox,14,AI Threaded Conversation Summarizers,ai-threaded-conversation-summarizers,,,,
Artificial Intelligence & ML,artificial-intelligence-ml,16,"AI Search, Research & Knowledge",ai-search-research-knowledge,1,AI Conversational Search Engines,ai-conversational-search-engines,1,Conversational AI,Multi-Modal Chat AI,conversational-ai-multi-modal-chat-ai
Artificial Intelligence & ML,artificial-intelligence-ml,16,"AI Search, Research & Knowledge",ai-search-research-knowledge,1,AI Conversational Search Engines,ai-conversational-search-engines,2,Conversational AI,Text-Only Chat AI,conversational-ai-text-only-chat-ai
Artificial Intelligence & ML,artificial-intelligence-ml,16,"AI Search, Research & Knowledge",ai-search-research-knowledge,1,AI Conversational Search Engines,ai-conversational-search-engines,3,Conversational AI,Reasoning & Analysis AI,conversational-ai-reasoning-analysis-ai
Artificial Intelligence & ML,artificial-intelligence-ml,16,"AI Search, Research & Knowledge",ai-search-research-knowledge,1,AI Conversational Search Engines,ai-conversational-search-engines,4,Conversational AI,Creative Writing AI,conversational-ai-creative-writing-ai
Artificial Intelligence & ML,artificial-intelligence-ml,16,"AI Search, Research & Knowledge",ai-search-research-knowledge,1,AI Conversational Search Engines,ai-conversational-search-engines,5,Conversational AI,Research Assistant AI,conversational-ai-research-assistant-ai
Artificial Intelligence & ML,artificial-intelligence-ml,16,"AI Search, Research & Knowledge",ai-search-research-knowledge,1,AI Conversational Search Engines,ai-conversational-search-engines,6,Conversational AI,Coding Copilot AI,conversational-ai-coding-copilot-ai
Artificial Intelligence & ML,artificial-intelligence-ml,16,"AI Search, Research & Knowledge",ai-search-research-knowledge,1,AI Conversational Search Engines,ai-conversational-search-engines,7,Conversational AI,Math & Science AI,conversational-ai-math-science-ai
Artificial Intelligence & ML,artificial-intelligence-ml,16,"AI Search, Research & Knowledge",ai-search-research-knowledge,1,AI Conversational Search Engines,ai-conversational-search-engines,8,Conversational AI,Language Learning AI,conversational-ai-language-learning-ai
Artificial Intelligence & ML,artificial-intelligence-ml,16,"AI Search, Research & Knowledge",ai-search-research-knowledge,1,AI Conversational Search Engines,ai-conversational-search-engines,9,Conversational AI,Daily Planner AI,conversational-ai-daily-planner-ai
Artificial Intelligence & ML,artificial-intelligence-ml,16,"AI Search, Research & Knowledge",ai-search-research-knowledge,1,AI Conversational Search Engines,ai-conversational-search-engines,10,Semantic Search,AI Search Engines,semantic-search-ai-search-engines
Artificial Intelligence & ML,artificial-intelligence-ml,16,"AI Search, Research & Knowledge",ai-search-research-knowledge,1,AI Conversational Search Engines,ai-conversational-search-engines,11,AI Personality Engines,Character Memory Systems,ai-personality-engines-character-memory-systems
Artificial Intelligence & ML,artificial-intelligence-ml,16,"AI Search, Research & Knowledge",ai-search-research-knowledge,1,AI Conversational Search Engines,ai-conversational-search-engines,12,AI Personality Engines,Long-Term Context AI,ai-personality-engines-long-term-context-ai
Artificial Intelligence & ML,artificial-intelligence-ml,16,"AI Search, Research & Knowledge",ai-search-research-knowledge,1,AI Conversational Search Engines,ai-conversational-search-engines,13,AI Personality Engines,Persona Consistency,ai-personality-engines-persona-consistency
Artificial Intelligence & ML,artificial-intelligence-ml,16,"AI Search, Research & Knowledge",ai-search-research-knowledge,1,AI Conversational Search Engines,ai-conversational-search-engines,14,AI Personality Engines,Multi-Character Worlds,ai-personality-engines-multi-character-worlds
Artificial Intelligence & ML,artificial-intelligence-ml,16,"AI Search, Research & Knowledge",ai-search-research-knowledge,1,AI Conversational Search Engines,ai-conversational-search-engines,15,AI Personality Engines,AI Character Marketplace,ai-personality-engines-ai-character-marketplace
Artificial Intelligence & ML,artificial-intelligence-ml,16,"AI Search, Research & Knowledge",ai-search-research-knowledge,1,AI Conversational Search Engines,ai-conversational-search-engines,16,AI Personality Engines,Character Voice Customization,ai-personality-engines-character-voice-customization
Artificial Intelligence & ML,artificial-intelligence-ml,16,"AI Search, Research & Knowledge",ai-search-research-knowledge,1,AI Conversational Search Engines,ai-conversational-search-engines,17,AI Personality Engines,Character Backstory Generator,ai-personality-engines-character-backstory-generator
Artificial Intelligence & ML,artificial-intelligence-ml,16,"AI Search, Research & Knowledge",ai-search-research-knowledge,1,AI Conversational Search Engines,ai-conversational-search-engines,18,AI Personality Engines,Character Relationship AI,ai-personality-engines-character-relationship-ai
Artificial Intelligence & ML,artificial-intelligence-ml,16,"AI Search, Research & Knowledge",ai-search-research-knowledge,2,AI Answer Engines with Citations,ai-answer-engines-with-citations,,,,
Artificial Intelligence & ML,artificial-intelligence-ml,16,"AI Search, Research & Knowledge",ai-search-research-knowledge,3,AI Visual Search Engines,ai-visual-search-engines,,,,
Artificial Intelligence & ML,artificial-intelligence-ml,16,"AI Search, Research & Knowledge",ai-search-research-knowledge,4,AI Reverse Image Search,ai-reverse-image-search,1,Semantic Search,Image Search AI,semantic-search-image-search-ai
Artificial Intelligence & ML,artificial-intelligence-ml,16,"AI Search, Research & Knowledge",ai-search-research-knowledge,5,AI Reverse Video Search,ai-reverse-video-search,1,Semantic Search,Video Search AI,semantic-search-video-search-ai
Artificial Intelligence & ML,artificial-intelligence-ml,16,"AI Search, Research & Knowledge",ai-search-research-knowledge,6,AI Reverse Audio Search,ai-reverse-audio-search,1,Semantic Search,Audio Search AI,semantic-search-audio-search-ai
Artificial Intelligence & ML,artificial-intelligence-ml,16,"AI Search, Research & Knowledge",ai-search-research-knowledge,7,AI Personal Knowledge Search,ai-personal-knowledge-search,,,,
Artificial Intelligence & ML,artificial-intelligence-ml,16,"AI Search, Research & Knowledge",ai-search-research-knowledge,8,AI Enterprise Search Engines,ai-enterprise-search-engines,1,Semantic Search,Enterprise Search AI,semantic-search-enterprise-search-ai
Artificial Intelligence & ML,artificial-intelligence-ml,16,"AI Search, Research & Knowledge",ai-search-research-knowledge,9,AI Federated Workplace Search,ai-federated-workplace-search,,,,
Artificial Intelligence & ML,artificial-intelligence-ml,16,"AI Search, Research & Knowledge",ai-search-research-knowledge,10,AI Note Vault Search,ai-note-vault-search,,,,
Artificial Intelligence & ML,artificial-intelligence-ml,16,"AI Search, Research & Knowledge",ai-search-research-knowledge,11,AI Email Archive Search,ai-email-archive-search,,,,
Artificial Intelligence & ML,artificial-intelligence-ml,16,"AI Search, Research & Knowledge",ai-search-research-knowledge,12,AI Code Search Engines,ai-code-search-engines,,,,
Artificial Intelligence & ML,artificial-intelligence-ml,16,"AI Search, Research & Knowledge",ai-search-research-knowledge,13,AI Academic Paper Search,ai-academic-paper-search,1,Academic Writing,Research Paper AI,academic-writing-research-paper-ai
Artificial Intelligence & ML,artificial-intelligence-ml,16,"AI Search, Research & Knowledge",ai-search-research-knowledge,13,AI Academic Paper Search,ai-academic-paper-search,2,AI Research Tools,Academic Paper Finder,ai-research-tools-academic-paper-finder
Artificial Intelligence & ML,artificial-intelligence-ml,16,"AI Search, Research & Knowledge",ai-search-research-knowledge,14,AI Patent Discovery Tools,ai-patent-discovery-tools,,,,
Artificial Intelligence & ML,artificial-intelligence-ml,16,"AI Search, Research & Knowledge",ai-search-research-knowledge,15,AI Clinical Trial Search,ai-clinical-trial-search,1,Pharmaceutical AI,Clinical Documentation AI,pharmaceutical-ai-clinical-documentation-ai
Artificial Intelligence & ML,artificial-intelligence-ml,16,"AI Search, Research & Knowledge",ai-search-research-knowledge,16,AI Legal Case Search,ai-legal-case-search,1,Semantic Search,Legal Search AI,semantic-search-legal-search-ai
Artificial Intelligence & ML,artificial-intelligence-ml,16,"AI Search, Research & Knowledge",ai-search-research-knowledge,16,AI Legal Case Search,ai-legal-case-search,2,Legal Research AI,Case Law Search,legal-research-ai-case-law-search
Artificial Intelligence & ML,artificial-intelligence-ml,16,"AI Search, Research & Knowledge",ai-search-research-knowledge,16,AI Legal Case Search,ai-legal-case-search,3,Legal Research AI,Statute Research AI,legal-research-ai-statute-research-ai
Artificial Intelligence & ML,artificial-intelligence-ml,16,"AI Search, Research & Knowledge",ai-search-research-knowledge,16,AI Legal Case Search,ai-legal-case-search,4,Legal Research AI,Legal Brief Generator,legal-research-ai-legal-brief-generator
Artificial Intelligence & ML,artificial-intelligence-ml,16,"AI Search, Research & Knowledge",ai-search-research-knowledge,16,AI Legal Case Search,ai-legal-case-search,5,Legal Research AI,Deposition Summary AI,legal-research-ai-deposition-summary-ai
Artificial Intelligence & ML,artificial-intelligence-ml,16,"AI Search, Research & Knowledge",ai-search-research-knowledge,16,AI Legal Case Search,ai-legal-case-search,6,Legal Research AI,Patent Analysis AI,legal-research-ai-patent-analysis-ai
Artificial Intelligence & ML,artificial-intelligence-ml,16,"AI Search, Research & Knowledge",ai-search-research-knowledge,16,AI Legal Case Search,ai-legal-case-search,7,Legal Research AI,Regulatory Compliance AI,legal-research-ai-regulatory-compliance-ai
Artificial Intelligence & ML,artificial-intelligence-ml,16,"AI Search, Research & Knowledge",ai-search-research-knowledge,16,AI Legal Case Search,ai-legal-case-search,8,Legal Research AI,Legal Document Review,legal-research-ai-legal-document-review
Artificial Intelligence & ML,artificial-intelligence-ml,16,"AI Search, Research & Knowledge",ai-search-research-knowledge,16,AI Legal Case Search,ai-legal-case-search,9,Legal Research AI,Litigation Prediction,legal-research-ai-litigation-prediction
Artificial Intelligence & ML,artificial-intelligence-ml,16,"AI Search, Research & Knowledge",ai-search-research-knowledge,16,AI Legal Case Search,ai-legal-case-search,10,Legal Research AI,IP Portfolio Analysis,legal-research-ai-ip-portfolio-analysis
Artificial Intelligence & ML,artificial-intelligence-ml,16,"AI Search, Research & Knowledge",ai-search-research-knowledge,16,AI Legal Case Search,ai-legal-case-search,11,Legal Research AI,Legal Billing AI,legal-research-ai-legal-billing-ai
Artificial Intelligence & ML,artificial-intelligence-ml,16,"AI Search, Research & Knowledge",ai-search-research-knowledge,17,AI Government Document Search,ai-government-document-search,,,,
Artificial Intelligence & ML,artificial-intelligence-ml,16,"AI Search, Research & Knowledge",ai-search-research-knowledge,18,AI Investor Filing Search,ai-investor-filing-search,,,,
Artificial Intelligence & ML,artificial-intelligence-ml,16,"AI Search, Research & Knowledge",ai-search-research-knowledge,19,AI Earnings Call Search,ai-earnings-call-search,,,,
Artificial Intelligence & ML,artificial-intelligence-ml,16,"AI Search, Research & Knowledge",ai-search-research-knowledge,20,AI News Archive Search,ai-news-archive-search,,,,
Artificial Intelligence & ML,artificial-intelligence-ml,16,"AI Search, Research & Knowledge",ai-search-research-knowledge,21,AI Multi-Source Research Agents,ai-multi-source-research-agents,1,AI Research Tools,Literature Review AI,ai-research-tools-literature-review-ai
Artificial Intelligence & ML,artificial-intelligence-ml,16,"AI Search, Research & Knowledge",ai-search-research-knowledge,21,AI Multi-Source Research Agents,ai-multi-source-research-agents,2,AI Research Tools,Patent Search AI,ai-research-tools-patent-search-ai
Artificial Intelligence & ML,artificial-intelligence-ml,16,"AI Search, Research & Knowledge",ai-search-research-knowledge,21,AI Multi-Source Research Agents,ai-multi-source-research-agents,3,AI Research Tools,Market Research AI,ai-research-tools-market-research-ai
Artificial Intelligence & ML,artificial-intelligence-ml,16,"AI Search, Research & Knowledge",ai-search-research-knowledge,21,AI Multi-Source Research Agents,ai-multi-source-research-agents,4,AI Research Tools,Dataset Discovery,ai-research-tools-dataset-discovery
Artificial Intelligence & ML,artificial-intelligence-ml,16,"AI Search, Research & Knowledge",ai-search-research-knowledge,21,AI Multi-Source Research Agents,ai-multi-source-research-agents,5,AI Research Tools,Trend Analysis AI,ai-research-tools-trend-analysis-ai
Artificial Intelligence & ML,artificial-intelligence-ml,16,"AI Search, Research & Knowledge",ai-search-research-knowledge,21,AI Multi-Source Research Agents,ai-multi-source-research-agents,6,AI Research Tools,Citation Network AI,ai-research-tools-citation-network-ai
Artificial Intelligence & ML,artificial-intelligence-ml,16,"AI Search, Research & Knowledge",ai-search-research-knowledge,21,AI Multi-Source Research Agents,ai-multi-source-research-agents,7,AI Research Tools,Expert Finder AI,ai-research-tools-expert-finder-ai
Artificial Intelligence & ML,artificial-intelligence-ml,16,"AI Search, Research & Knowledge",ai-search-research-knowledge,21,AI Multi-Source Research Agents,ai-multi-source-research-agents,8,AI Research Tools,Grant Opportunity Finder,ai-research-tools-grant-opportunity-finder
Artificial Intelligence & ML,artificial-intelligence-ml,16,"AI Search, Research & Knowledge",ai-search-research-knowledge,21,AI Multi-Source Research Agents,ai-multi-source-research-agents,9,Keyboard & Input AI,Multi-Language Input AI,keyboard-input-ai-multi-language-input-ai
Artificial Intelligence & ML,artificial-intelligence-ml,16,"AI Search, Research & Knowledge",ai-search-research-knowledge,22,AI Long-Horizon Research Agents,ai-long-horizon-research-agents,,,,
Artificial Intelligence & ML,artificial-intelligence-ml,16,"AI Search, Research & Knowledge",ai-search-research-knowledge,23,AI Competitive Intelligence Agents,ai-competitive-intelligence-agents,1,AI Research Tools,Competitive Intelligence AI,ai-research-tools-competitive-intelligence-ai
Artificial Intelligence & ML,artificial-intelligence-ml,16,"AI Search, Research & Knowledge",ai-search-research-knowledge,23,AI Competitive Intelligence Agents,ai-competitive-intelligence-agents,2,Location AI,Location Intelligence,location-ai-location-intelligence
Artificial Intelligence & ML,artificial-intelligence-ml,16,"AI Search, Research & Knowledge",ai-search-research-knowledge,24,AI Industry Trend Trackers,ai-industry-trend-trackers,1,Food Industry AI,Recipe Generation AI,food-industry-ai-recipe-generation-ai
Artificial Intelligence & ML,artificial-intelligence-ml,16,"AI Search, Research & Knowledge",ai-search-research-knowledge,24,AI Industry Trend Trackers,ai-industry-trend-trackers,2,Food Industry AI,Menu Optimization AI,food-industry-ai-menu-optimization-ai
Artificial Intelligence & ML,artificial-intelligence-ml,16,"AI Search, Research & Knowledge",ai-search-research-knowledge,24,AI Industry Trend Trackers,ai-industry-trend-trackers,3,Food Industry AI,Food Waste Reduction AI,food-industry-ai-food-waste-reduction-ai
Artificial Intelligence & ML,artificial-intelligence-ml,16,"AI Search, Research & Knowledge",ai-search-research-knowledge,24,AI Industry Trend Trackers,ai-industry-trend-trackers,4,Food Industry AI,Ingredient Substitution AI,food-industry-ai-ingredient-substitution-ai
Artificial Intelligence & ML,artificial-intelligence-ml,16,"AI Search, Research & Knowledge",ai-search-research-knowledge,24,AI Industry Trend Trackers,ai-industry-trend-trackers,5,Food Industry AI,Nutrition Analysis AI,food-industry-ai-nutrition-analysis-ai
Artificial Intelligence & ML,artificial-intelligence-ml,16,"AI Search, Research & Knowledge",ai-search-research-knowledge,24,AI Industry Trend Trackers,ai-industry-trend-trackers,6,Food Industry AI,Food Safety AI,food-industry-ai-food-safety-ai
Artificial Intelligence & ML,artificial-intelligence-ml,16,"AI Search, Research & Knowledge",ai-search-research-knowledge,24,AI Industry Trend Trackers,ai-industry-trend-trackers,7,Food Industry AI,Restaurant Analytics AI,food-industry-ai-restaurant-analytics-ai
Artificial Intelligence & ML,artificial-intelligence-ml,16,"AI Search, Research & Knowledge",ai-search-research-knowledge,24,AI Industry Trend Trackers,ai-industry-trend-trackers,8,Food Industry AI,Delivery Optimization AI Food,food-industry-ai-delivery-optimization-ai-food
Artificial Intelligence & ML,artificial-intelligence-ml,16,"AI Search, Research & Knowledge",ai-search-research-knowledge,24,AI Industry Trend Trackers,ai-industry-trend-trackers,9,Food Industry AI,Customer Preference AI Food,food-industry-ai-customer-preference-ai-food
Artificial Intelligence & ML,artificial-intelligence-ml,16,"AI Search, Research & Knowledge",ai-search-research-knowledge,25,AI Topic Monitoring Tools,ai-topic-monitoring-tools,1,MLOps & Monitoring,Model Monitoring,mlops-monitoring-model-monitoring
Artificial Intelligence & ML,artificial-intelligence-ml,16,"AI Search, Research & Knowledge",ai-search-research-knowledge,25,AI Topic Monitoring Tools,ai-topic-monitoring-tools,2,MLOps & Monitoring,Data Drift Detection,mlops-monitoring-data-drift-detection
Artificial Intelligence & ML,artificial-intelligence-ml,16,"AI Search, Research & Knowledge",ai-search-research-knowledge,25,AI Topic Monitoring Tools,ai-topic-monitoring-tools,3,MLOps & Monitoring,A/B Testing for Models,mlops-monitoring-a-b-testing-for-models
Artificial Intelligence & ML,artificial-intelligence-ml,16,"AI Search, Research & Knowledge",ai-search-research-knowledge,25,AI Topic Monitoring Tools,ai-topic-monitoring-tools,4,MLOps & Monitoring,Model Versioning,mlops-monitoring-model-versioning
Artificial Intelligence & ML,artificial-intelligence-ml,16,"AI Search, Research & Knowledge",ai-search-research-knowledge,25,AI Topic Monitoring Tools,ai-topic-monitoring-tools,5,MLOps & Monitoring,Pipeline Orchestration,mlops-monitoring-pipeline-orchestration
Artificial Intelligence & ML,artificial-intelligence-ml,16,"AI Search, Research & Knowledge",ai-search-research-knowledge,25,AI Topic Monitoring Tools,ai-topic-monitoring-tools,6,MLOps & Monitoring,Annotation Tools,mlops-monitoring-annotation-tools
Artificial Intelligence & ML,artificial-intelligence-ml,16,"AI Search, Research & Knowledge",ai-search-research-knowledge,25,AI Topic Monitoring Tools,ai-topic-monitoring-tools,7,MLOps & Monitoring,Synthetic Data Generation,mlops-monitoring-synthetic-data-generation
Artificial Intelligence & ML,artificial-intelligence-ml,16,"AI Search, Research & Knowledge",ai-search-research-knowledge,25,AI Topic Monitoring Tools,ai-topic-monitoring-tools,8,MLOps & Monitoring,Bias Detection,mlops-monitoring-bias-detection
Artificial Intelligence & ML,artificial-intelligence-ml,16,"AI Search, Research & Knowledge",ai-search-research-knowledge,25,AI Topic Monitoring Tools,ai-topic-monitoring-tools,9,MLOps & Monitoring,Explainability Tools,mlops-monitoring-explainability-tools
Artificial Intelligence & ML,artificial-intelligence-ml,16,"AI Search, Research & Knowledge",ai-search-research-knowledge,25,AI Topic Monitoring Tools,ai-topic-monitoring-tools,10,MLOps & Monitoring,AI Cost Optimization,mlops-monitoring-ai-cost-optimization
Artificial Intelligence & ML,artificial-intelligence-ml,16,"AI Search, Research & Knowledge",ai-search-research-knowledge,26,AI Source-Tracking Tools,ai-source-tracking-tools,,,,
Artificial Intelligence & ML,artificial-intelligence-ml,16,"AI Search, Research & Knowledge",ai-search-research-knowledge,27,AI Reference Manager Helpers,ai-reference-manager-helpers,,,,
Artificial Intelligence & ML,artificial-intelligence-ml,16,"AI Search, Research & Knowledge",ai-search-research-knowledge,28,AI Bibliography Builders,ai-bibliography-builders,,,,
Artificial Intelligence & ML,artificial-intelligence-ml,16,"AI Search, Research & Knowledge",ai-search-research-knowledge,29,AI Citation Style Converters,ai-citation-style-converters,,,,
Artificial Intelligence & ML,artificial-intelligence-ml,17,AI Data Analysis & BI,ai-data-analysis-bi,1,AI Spreadsheet Analysts,ai-spreadsheet-analysts,1,Spreadsheet AI,Excel Formula AI,spreadsheet-ai-excel-formula-ai
Artificial Intelligence & ML,artificial-intelligence-ml,17,AI Data Analysis & BI,ai-data-analysis-bi,1,AI Spreadsheet Analysts,ai-spreadsheet-analysts,2,Spreadsheet AI,Google Sheets AI,spreadsheet-ai-google-sheets-ai
Artificial Intelligence & ML,artificial-intelligence-ml,17,AI Data Analysis & BI,ai-data-analysis-bi,1,AI Spreadsheet Analysts,ai-spreadsheet-analysts,3,Spreadsheet AI,Data Cleaning AI,spreadsheet-ai-data-cleaning-ai
Artificial Intelligence & ML,artificial-intelligence-ml,17,AI Data Analysis & BI,ai-data-analysis-bi,1,AI Spreadsheet Analysts,ai-spreadsheet-analysts,4,Spreadsheet AI,Pivot Table AI,spreadsheet-ai-pivot-table-ai
Artificial Intelligence & ML,artificial-intelligence-ml,17,AI Data Analysis & BI,ai-data-analysis-bi,1,AI Spreadsheet Analysts,ai-spreadsheet-analysts,5,Spreadsheet AI,Financial Modeling AI,spreadsheet-ai-financial-modeling-ai
Artificial Intelligence & ML,artificial-intelligence-ml,17,AI Data Analysis & BI,ai-data-analysis-bi,1,AI Spreadsheet Analysts,ai-spreadsheet-analysts,6,Spreadsheet AI,Forecasting Spreadsheets,spreadsheet-ai-forecasting-spreadsheets
Artificial Intelligence & ML,artificial-intelligence-ml,17,AI Data Analysis & BI,ai-data-analysis-bi,1,AI Spreadsheet Analysts,ai-spreadsheet-analysts,7,Spreadsheet AI,Data Validation AI,spreadsheet-ai-data-validation-ai
Artificial Intelligence & ML,artificial-intelligence-ml,17,AI Data Analysis & BI,ai-data-analysis-bi,1,AI Spreadsheet Analysts,ai-spreadsheet-analysts,8,Spreadsheet AI,Merge & Dedup AI,spreadsheet-ai-merge-dedup-ai
Artificial Intelligence & ML,artificial-intelligence-ml,17,AI Data Analysis & BI,ai-data-analysis-bi,1,AI Spreadsheet Analysts,ai-spreadsheet-analysts,9,Spreadsheet AI,Format Conversion AI,spreadsheet-ai-format-conversion-ai
Artificial Intelligence & ML,artificial-intelligence-ml,17,AI Data Analysis & BI,ai-data-analysis-bi,1,AI Spreadsheet Analysts,ai-spreadsheet-analysts,10,Spreadsheet AI,Spreadsheet Chat AI,spreadsheet-ai-spreadsheet-chat-ai
Artificial Intelligence & ML,artificial-intelligence-ml,17,AI Data Analysis & BI,ai-data-analysis-bi,2,AI CSV Q&A Tools,ai-csv-qa-tools,,,,
Artificial Intelligence & ML,artificial-intelligence-ml,17,AI Data Analysis & BI,ai-data-analysis-bi,3,AI Excel Formula Explainers,ai-excel-formula-explainers,,,,
Artificial Intelligence & ML,artificial-intelligence-ml,17,AI Data Analysis & BI,ai-data-analysis-bi,4,AI Pivot Table Builders,ai-pivot-table-builders,,,,
Artificial Intelligence & ML,artificial-intelligence-ml,17,AI Data Analysis & BI,ai-data-analysis-bi,5,AI Google Sheets Add-Ons,ai-google-sheets-add-ons,,,,
Artificial Intelligence & ML,artificial-intelligence-ml,17,AI Data Analysis & BI,ai-data-analysis-bi,6,AI Database Q&A Tools,ai-database-qa-tools,,,,
Artificial Intelligence & ML,artificial-intelligence-ml,17,AI Data Analysis & BI,ai-data-analysis-bi,7,AI Natural Language SQL Tools,ai-natural-language-sql-tools,1,BI AI,Natural Language Query,bi-ai-natural-language-query
Artificial Intelligence & ML,artificial-intelligence-ml,17,AI Data Analysis & BI,ai-data-analysis-bi,8,AI Dashboard Generators,ai-dashboard-generators,1,Data Visualization AI,Dashboard Builder AI,data-visualization-ai-dashboard-builder-ai
Artificial Intelligence & ML,artificial-intelligence-ml,17,AI Data Analysis & BI,ai-data-analysis-bi,9,AI Self-Serve BI Tools,ai-self-serve-bi-tools,1,BI AI,Automated Insights,bi-ai-automated-insights
Artificial Intelligence & ML,artificial-intelligence-ml,17,AI Data Analysis & BI,ai-data-analysis-bi,9,AI Self-Serve BI Tools,ai-self-serve-bi-tools,2,BI AI,Anomaly Detection BI,bi-ai-anomaly-detection-bi
Artificial Intelligence & ML,artificial-intelligence-ml,17,AI Data Analysis & BI,ai-data-analysis-bi,9,AI Self-Serve BI Tools,ai-self-serve-bi-tools,3,BI AI,KPI Monitoring AI,bi-ai-kpi-monitoring-ai
Artificial Intelligence & ML,artificial-intelligence-ml,17,AI Data Analysis & BI,ai-data-analysis-bi,9,AI Self-Serve BI Tools,ai-self-serve-bi-tools,4,BI AI,Executive Summary AI,bi-ai-executive-summary-ai
Artificial Intelligence & ML,artificial-intelligence-ml,17,AI Data Analysis & BI,ai-data-analysis-bi,9,AI Self-Serve BI Tools,ai-self-serve-bi-tools,5,BI AI,Board Report AI,bi-ai-board-report-ai
Artificial Intelligence & ML,artificial-intelligence-ml,17,AI Data Analysis & BI,ai-data-analysis-bi,9,AI Self-Serve BI Tools,ai-self-serve-bi-tools,6,BI AI,Competitive Dashboard AI,bi-ai-competitive-dashboard-ai
Artificial Intelligence & ML,artificial-intelligence-ml,17,AI Data Analysis & BI,ai-data-analysis-bi,9,AI Self-Serve BI Tools,ai-self-serve-bi-tools,7,BI AI,Market Dashboard AI,bi-ai-market-dashboard-ai
Artificial Intelligence & ML,artificial-intelligence-ml,17,AI Data Analysis & BI,ai-data-analysis-bi,9,AI Self-Serve BI Tools,ai-self-serve-bi-tools,8,BI AI,Sales Dashboard AI,bi-ai-sales-dashboard-ai
Artificial Intelligence & ML,artificial-intelligence-ml,17,AI Data Analysis & BI,ai-data-analysis-bi,9,AI Self-Serve BI Tools,ai-self-serve-bi-tools,9,BI AI,Finance Dashboard AI,bi-ai-finance-dashboard-ai
Artificial Intelligence & ML,artificial-intelligence-ml,17,AI Data Analysis & BI,ai-data-analysis-bi,10,AI KPI Trackers,ai-kpi-trackers,,,,
Artificial Intelligence & ML,artificial-intelligence-ml,17,AI Data Analysis & BI,ai-data-analysis-bi,11,AI Cohort Analysis Tools,ai-cohort-analysis-tools,,,,
Artificial Intelligence & ML,artificial-intelligence-ml,17,AI Data Analysis & BI,ai-data-analysis-bi,12,AI Funnel Analysis Tools,ai-funnel-analysis-tools,,,,
Artificial Intelligence & ML,artificial-intelligence-ml,17,AI Data Analysis & BI,ai-data-analysis-bi,13,AI Attribution Modeling Tools,ai-attribution-modeling-tools,,,,
Artificial Intelligence & ML,artificial-intelligence-ml,17,AI Data Analysis & BI,ai-data-analysis-bi,14,AI Forecasting Models,ai-forecasting-models,,,,
Artificial Intelligence & ML,artificial-intelligence-ml,17,AI Data Analysis & BI,ai-data-analysis-bi,15,AI Demand Forecasting,ai-demand-forecasting,,,,
Artificial Intelligence & ML,artificial-intelligence-ml,17,AI Data Analysis & BI,ai-data-analysis-bi,16,AI Inventory Forecasting,ai-inventory-forecasting,,,,
Artificial Intelligence & ML,artificial-intelligence-ml,17,AI Data Analysis & BI,ai-data-analysis-bi,17,AI Cash Flow Forecasting,ai-cash-flow-forecasting,,,,
Artificial Intelligence & ML,artificial-intelligence-ml,17,AI Data Analysis & BI,ai-data-analysis-bi,18,AI Headcount Forecasting,ai-headcount-forecasting,,,,
Artificial Intelligence & ML,artificial-intelligence-ml,17,AI Data Analysis & BI,ai-data-analysis-bi,19,AI Anomaly Alerting,ai-anomaly-alerting,,,,
Artificial Intelligence & ML,artificial-intelligence-ml,17,AI Data Analysis & BI,ai-data-analysis-bi,20,AI Outlier Detection,ai-outlier-detection,,,,
Artificial Intelligence & ML,artificial-intelligence-ml,17,AI Data Analysis & BI,ai-data-analysis-bi,21,AI Root Cause Analysis,ai-root-cause-analysis,1,DevOps AI,Root Cause AI,devops-ai-root-cause-ai
Artificial Intelligence & ML,artificial-intelligence-ml,17,AI Data Analysis & BI,ai-data-analysis-bi,22,AI Survey Analysis,ai-survey-analysis,,,,
Artificial Intelligence & ML,artificial-intelligence-ml,17,AI Data Analysis & BI,ai-data-analysis-bi,23,AI Open-Ended Response Coding,ai-open-ended-response-coding,,,,
Artificial Intelligence & ML,artificial-intelligence-ml,17,AI Data Analysis & BI,ai-data-analysis-bi,24,AI Customer Interview Synthesis,ai-customer-interview-synthesis,,,,
Artificial Intelligence & ML,artificial-intelligence-ml,17,AI Data Analysis & BI,ai-data-analysis-bi,25,AI Topic Modeling Tools,ai-topic-modeling-tools,,,,
Artificial Intelligence & ML,artificial-intelligence-ml,17,AI Data Analysis & BI,ai-data-analysis-bi,26,AI Theme Extraction,ai-theme-extraction,1,Data Extraction AI,Invoice Data Extractor,data-extraction-ai-invoice-data-extractor
Artificial Intelligence & ML,artificial-intelligence-ml,17,AI Data Analysis & BI,ai-data-analysis-bi,26,AI Theme Extraction,ai-theme-extraction,2,Data Extraction AI,Bank Statement Parser,data-extraction-ai-bank-statement-parser
Artificial Intelligence & ML,artificial-intelligence-ml,17,AI Data Analysis & BI,ai-data-analysis-bi,26,AI Theme Extraction,ai-theme-extraction,3,Data Extraction AI,Contract Clause Extractor,data-extraction-ai-contract-clause-extractor
Artificial Intelligence & ML,artificial-intelligence-ml,17,AI Data Analysis & BI,ai-data-analysis-bi,26,AI Theme Extraction,ai-theme-extraction,4,Data Extraction AI,Resume Parser AI,data-extraction-ai-resume-parser-ai
Artificial Intelligence & ML,artificial-intelligence-ml,17,AI Data Analysis & BI,ai-data-analysis-bi,26,AI Theme Extraction,ai-theme-extraction,5,Data Extraction AI,Medical Record Extractor,data-extraction-ai-medical-record-extractor
Artificial Intelligence & ML,artificial-intelligence-ml,17,AI Data Analysis & BI,ai-data-analysis-bi,26,AI Theme Extraction,ai-theme-extraction,6,Data Extraction AI,Insurance Document AI,data-extraction-ai-insurance-document-ai
Artificial Intelligence & ML,artificial-intelligence-ml,17,AI Data Analysis & BI,ai-data-analysis-bi,26,AI Theme Extraction,ai-theme-extraction,7,Data Extraction AI,Tax Form Extractor,data-extraction-ai-tax-form-extractor
Artificial Intelligence & ML,artificial-intelligence-ml,17,AI Data Analysis & BI,ai-data-analysis-bi,26,AI Theme Extraction,ai-theme-extraction,8,Data Extraction AI,Legal Citation Extractor,data-extraction-ai-legal-citation-extractor
Artificial Intelligence & ML,artificial-intelligence-ml,17,AI Data Analysis & BI,ai-data-analysis-bi,26,AI Theme Extraction,ai-theme-extraction,9,Data Extraction AI,Financial Report Parser,data-extraction-ai-financial-report-parser
Artificial Intelligence & ML,artificial-intelligence-ml,17,AI Data Analysis & BI,ai-data-analysis-bi,26,AI Theme Extraction,ai-theme-extraction,10,Data Extraction AI,Research Paper Extractor,data-extraction-ai-research-paper-extractor
Artificial Intelligence & ML,artificial-intelligence-ml,17,AI Data Analysis & BI,ai-data-analysis-bi,26,AI Theme Extraction,ai-theme-extraction,11,Location AI,Map Data Extraction,location-ai-map-data-extraction
Artificial Intelligence & ML,artificial-intelligence-ml,17,AI Data Analysis & BI,ai-data-analysis-bi,27,AI Voice-of-Customer Analytics,ai-voice-of-customer-analytics,1,Predictive Analytics,Sales Forecasting,predictive-analytics-sales-forecasting
Artificial Intelligence & ML,artificial-intelligence-ml,17,AI Data Analysis & BI,ai-data-analysis-bi,27,AI Voice-of-Customer Analytics,ai-voice-of-customer-analytics,2,Predictive Analytics,Demand Forecasting,predictive-analytics-demand-forecasting
Artificial Intelligence & ML,artificial-intelligence-ml,17,AI Data Analysis & BI,ai-data-analysis-bi,27,AI Voice-of-Customer Analytics,ai-voice-of-customer-analytics,3,Predictive Analytics,Churn Prediction,predictive-analytics-churn-prediction
Artificial Intelligence & ML,artificial-intelligence-ml,17,AI Data Analysis & BI,ai-data-analysis-bi,27,AI Voice-of-Customer Analytics,ai-voice-of-customer-analytics,4,Predictive Analytics,Risk Scoring,predictive-analytics-risk-scoring
Artificial Intelligence & ML,artificial-intelligence-ml,17,AI Data Analysis & BI,ai-data-analysis-bi,27,AI Voice-of-Customer Analytics,ai-voice-of-customer-analytics,5,Predictive Analytics,Fraud Detection,predictive-analytics-fraud-detection
Artificial Intelligence & ML,artificial-intelligence-ml,17,AI Data Analysis & BI,ai-data-analysis-bi,27,AI Voice-of-Customer Analytics,ai-voice-of-customer-analytics,6,Predictive Analytics,Price Optimization,predictive-analytics-price-optimization
Artificial Intelligence & ML,artificial-intelligence-ml,17,AI Data Analysis & BI,ai-data-analysis-bi,27,AI Voice-of-Customer Analytics,ai-voice-of-customer-analytics,7,Predictive Analytics,Inventory Prediction,predictive-analytics-inventory-prediction
Artificial Intelligence & ML,artificial-intelligence-ml,17,AI Data Analysis & BI,ai-data-analysis-bi,27,AI Voice-of-Customer Analytics,ai-voice-of-customer-analytics,8,Predictive Analytics,Customer Lifetime Value,predictive-analytics-customer-lifetime-value
Artificial Intelligence & ML,artificial-intelligence-ml,17,AI Data Analysis & BI,ai-data-analysis-bi,27,AI Voice-of-Customer Analytics,ai-voice-of-customer-analytics,9,Predictive Analytics,Lead Scoring,predictive-analytics-lead-scoring
Artificial Intelligence & ML,artificial-intelligence-ml,17,AI Data Analysis & BI,ai-data-analysis-bi,27,AI Voice-of-Customer Analytics,ai-voice-of-customer-analytics,10,Predictive Analytics,Revenue Forecasting,predictive-analytics-revenue-forecasting
Artificial Intelligence & ML,artificial-intelligence-ml,17,AI Data Analysis & BI,ai-data-analysis-bi,27,AI Voice-of-Customer Analytics,ai-voice-of-customer-analytics,11,Text Analytics,Sentiment Analysis,text-analytics-sentiment-analysis
Artificial Intelligence & ML,artificial-intelligence-ml,17,AI Data Analysis & BI,ai-data-analysis-bi,27,AI Voice-of-Customer Analytics,ai-voice-of-customer-analytics,12,Text Analytics,Topic Modeling,text-analytics-topic-modeling
Artificial Intelligence & ML,artificial-intelligence-ml,17,AI Data Analysis & BI,ai-data-analysis-bi,27,AI Voice-of-Customer Analytics,ai-voice-of-customer-analytics,13,Text Analytics,Entity Extraction,text-analytics-entity-extraction
Artificial Intelligence & ML,artificial-intelligence-ml,17,AI Data Analysis & BI,ai-data-analysis-bi,27,AI Voice-of-Customer Analytics,ai-voice-of-customer-analytics,14,Text Analytics,Intent Classification,text-analytics-intent-classification
Artificial Intelligence & ML,artificial-intelligence-ml,17,AI Data Analysis & BI,ai-data-analysis-bi,27,AI Voice-of-Customer Analytics,ai-voice-of-customer-analytics,15,Text Analytics,Keyword Extraction,text-analytics-keyword-extraction
Artificial Intelligence & ML,artificial-intelligence-ml,17,AI Data Analysis & BI,ai-data-analysis-bi,27,AI Voice-of-Customer Analytics,ai-voice-of-customer-analytics,16,Text Analytics,Text Clustering,text-analytics-text-clustering
Artificial Intelligence & ML,artificial-intelligence-ml,17,AI Data Analysis & BI,ai-data-analysis-bi,27,AI Voice-of-Customer Analytics,ai-voice-of-customer-analytics,17,Text Analytics,Review Analysis,text-analytics-review-analysis
Artificial Intelligence & ML,artificial-intelligence-ml,17,AI Data Analysis & BI,ai-data-analysis-bi,27,AI Voice-of-Customer Analytics,ai-voice-of-customer-analytics,18,Text Analytics,Survey Analysis,text-analytics-survey-analysis
Artificial Intelligence & ML,artificial-intelligence-ml,17,AI Data Analysis & BI,ai-data-analysis-bi,27,AI Voice-of-Customer Analytics,ai-voice-of-customer-analytics,19,Text Analytics,Social Listening AI,text-analytics-social-listening-ai
Artificial Intelligence & ML,artificial-intelligence-ml,17,AI Data Analysis & BI,ai-data-analysis-bi,27,AI Voice-of-Customer Analytics,ai-voice-of-customer-analytics,20,Text Analytics,Brand Monitoring AI,text-analytics-brand-monitoring-ai
Artificial Intelligence & ML,artificial-intelligence-ml,17,AI Data Analysis & BI,ai-data-analysis-bi,27,AI Voice-of-Customer Analytics,ai-voice-of-customer-analytics,21,People Analytics,Org Network Analysis,people-analytics-org-network-analysis
Artificial Intelligence & ML,artificial-intelligence-ml,17,AI Data Analysis & BI,ai-data-analysis-bi,28,AI Sentiment Trend Analysis,ai-sentiment-trend-analysis,,,,
Artificial Intelligence & ML,artificial-intelligence-ml,17,AI Data Analysis & BI,ai-data-analysis-bi,29,AI Web Analytics Copilots,ai-web-analytics-copilots,1,Web Data AI,Smart Web Scraper,web-data-ai-smart-web-scraper
Artificial Intelligence & ML,artificial-intelligence-ml,17,AI Data Analysis & BI,ai-data-analysis-bi,29,AI Web Analytics Copilots,ai-web-analytics-copilots,2,Web Data AI,Structured Data Extractor,web-data-ai-structured-data-extractor
Artificial Intelligence & ML,artificial-intelligence-ml,17,AI Data Analysis & BI,ai-data-analysis-bi,29,AI Web Analytics Copilots,ai-web-analytics-copilots,3,Web Data AI,Price Monitoring Bot,web-data-ai-price-monitoring-bot
Artificial Intelligence & ML,artificial-intelligence-ml,17,AI Data Analysis & BI,ai-data-analysis-bi,29,AI Web Analytics Copilots,ai-web-analytics-copilots,4,Web Data AI,Social Media Scraper AI,web-data-ai-social-media-scraper-ai
Artificial Intelligence & ML,artificial-intelligence-ml,17,AI Data Analysis & BI,ai-data-analysis-bi,29,AI Web Analytics Copilots,ai-web-analytics-copilots,5,Web Data AI,Job Listing Scraper,web-data-ai-job-listing-scraper
Artificial Intelligence & ML,artificial-intelligence-ml,17,AI Data Analysis & BI,ai-data-analysis-bi,29,AI Web Analytics Copilots,ai-web-analytics-copilots,6,Web Data AI,Real Estate Data Scraper,web-data-ai-real-estate-data-scraper
Artificial Intelligence & ML,artificial-intelligence-ml,17,AI Data Analysis & BI,ai-data-analysis-bi,29,AI Web Analytics Copilots,ai-web-analytics-copilots,7,Web Data AI,Product Data Aggregator,web-data-ai-product-data-aggregator
Artificial Intelligence & ML,artificial-intelligence-ml,17,AI Data Analysis & BI,ai-data-analysis-bi,29,AI Web Analytics Copilots,ai-web-analytics-copilots,8,Web Data AI,News Aggregator AI,web-data-ai-news-aggregator-ai
Artificial Intelligence & ML,artificial-intelligence-ml,17,AI Data Analysis & BI,ai-data-analysis-bi,29,AI Web Analytics Copilots,ai-web-analytics-copilots,9,Web Data AI,Review Aggregator AI,web-data-ai-review-aggregator-ai
Artificial Intelligence & ML,artificial-intelligence-ml,17,AI Data Analysis & BI,ai-data-analysis-bi,30,AI Marketing Mix Modeling,ai-marketing-mix-modeling,1,Content Marketing AI,Competitor Content Analysis,content-marketing-ai-competitor-content-analysis
Artificial Intelligence & ML,artificial-intelligence-ml,17,AI Data Analysis & BI,ai-data-analysis-bi,30,AI Marketing Mix Modeling,ai-marketing-mix-modeling,2,Advertising AI,Audience Targeting AI,advertising-ai-audience-targeting-ai
Artificial Intelligence & ML,artificial-intelligence-ml,17,AI Data Analysis & BI,ai-data-analysis-bi,30,AI Marketing Mix Modeling,ai-marketing-mix-modeling,3,Advertising AI,Retargeting AI,advertising-ai-retargeting-ai
Artificial Intelligence & ML,artificial-intelligence-ml,17,AI Data Analysis & BI,ai-data-analysis-bi,30,AI Marketing Mix Modeling,ai-marketing-mix-modeling,4,Advertising AI,Lookalike Audience AI,advertising-ai-lookalike-audience-ai
Artificial Intelligence & ML,artificial-intelligence-ml,17,AI Data Analysis & BI,ai-data-analysis-bi,31,AI A/B Test Analyzers,ai-ab-test-analyzers,,,,
Artificial Intelligence & ML,artificial-intelligence-ml,18,AI Marketing & Growth,ai-marketing-growth,1,AI Brand Voice Trainers,ai-brand-voice-trainers,1,AI Logo & Brand,Brand Kit Creators,ai-logo-brand-brand-kit-creators
Artificial Intelligence & ML,artificial-intelligence-ml,18,AI Marketing & Growth,ai-marketing-growth,1,AI Brand Voice Trainers,ai-brand-voice-trainers,2,AI Logo & Brand,Social Media Kit AI,ai-logo-brand-social-media-kit-ai
Artificial Intelligence & ML,artificial-intelligence-ml,18,AI Marketing & Growth,ai-marketing-growth,2,AI Brand Style Guides,ai-brand-style-guides,,,,
Artificial Intelligence & ML,artificial-intelligence-ml,18,AI Marketing & Growth,ai-marketing-growth,3,AI Marketing Persona Builders,ai-marketing-persona-builders,1,AI Personas,Fictional Persona,ai-personas-fictional-persona
Artificial Intelligence & ML,artificial-intelligence-ml,18,AI Marketing & Growth,ai-marketing-growth,4,AI ICP Builders,ai-icp-builders,,,,
Artificial Intelligence & ML,artificial-intelligence-ml,18,AI Marketing & Growth,ai-marketing-growth,5,AI Positioning Helpers,ai-positioning-helpers,,,,
Artificial Intelligence & ML,artificial-intelligence-ml,18,AI Marketing & Growth,ai-marketing-growth,6,AI Messaging Framework Builders,ai-messaging-framework-builders,,,,
Artificial Intelligence & ML,artificial-intelligence-ml,18,AI Marketing & Growth,ai-marketing-growth,7,AI Tagline Generators,ai-tagline-generators,,,,
Artificial Intelligence & ML,artificial-intelligence-ml,18,AI Marketing & Growth,ai-marketing-growth,8,AI Slogan Generators,ai-slogan-generators,,,,
Artificial Intelligence & ML,artificial-intelligence-ml,18,AI Marketing & Growth,ai-marketing-growth,9,AI Headline Testers,ai-headline-testers,,,,
Artificial Intelligence & ML,artificial-intelligence-ml,18,AI Marketing & Growth,ai-marketing-growth,10,AI Subject Line Optimizers,ai-subject-line-optimizers,,,,
Artificial Intelligence & ML,artificial-intelligence-ml,18,AI Marketing & Growth,ai-marketing-growth,11,AI CTA Generators,ai-cta-generators,,,,
Artificial Intelligence & ML,artificial-intelligence-ml,18,AI Marketing & Growth,ai-marketing-growth,12,AI Ad Headline Generators,ai-ad-headline-generators,1,Advertising AI,Ad Copy AI,advertising-ai-ad-copy-ai
Artificial Intelligence & ML,artificial-intelligence-ml,18,AI Marketing & Growth,ai-marketing-growth,12,AI Ad Headline Generators,ai-ad-headline-generators,2,Advertising AI,Ad Spend Optimizer,advertising-ai-ad-spend-optimizer
Artificial Intelligence & ML,artificial-intelligence-ml,18,AI Marketing & Growth,ai-marketing-growth,13,AI Google Ads Copywriters,ai-google-ads-copywriters,,,,
Artificial Intelligence & ML,artificial-intelligence-ml,18,AI Marketing & Growth,ai-marketing-growth,14,AI Meta Ads Copywriters,ai-meta-ads-copywriters,,,,
Artificial Intelligence & ML,artificial-intelligence-ml,18,AI Marketing & Growth,ai-marketing-growth,15,AI TikTok Ads Copywriters,ai-tiktok-ads-copywriters,,,,
Artificial Intelligence & ML,artificial-intelligence-ml,18,AI Marketing & Growth,ai-marketing-growth,16,AI LinkedIn Ads Copywriters,ai-linkedin-ads-copywriters,,,,
Artificial Intelligence & ML,artificial-intelligence-ml,18,AI Marketing & Growth,ai-marketing-growth,17,AI Programmatic Ad Creative Tools,ai-programmatic-ad-creative-tools,1,Advertising AI,Ad Creative Generator,advertising-ai-ad-creative-generator
Artificial Intelligence & ML,artificial-intelligence-ml,18,AI Marketing & Growth,ai-marketing-growth,17,AI Programmatic Ad Creative Tools,ai-programmatic-ad-creative-tools,2,Advertising AI,Creative Testing AI,advertising-ai-creative-testing-ai
Artificial Intelligence & ML,artificial-intelligence-ml,18,AI Marketing & Growth,ai-marketing-growth,18,AI Display Banner Generators,ai-display-banner-generators,,,,
Artificial Intelligence & ML,artificial-intelligence-ml,18,AI Marketing & Growth,ai-marketing-growth,19,AI Video Ad Generators,ai-video-ad-generators,,,,
Artificial Intelligence & ML,artificial-intelligence-ml,18,AI Marketing & Growth,ai-marketing-growth,20,AI UGC Ad Script Writers,ai-ugc-ad-script-writers,,,,
Artificial Intelligence & ML,artificial-intelligence-ml,18,AI Marketing & Growth,ai-marketing-growth,21,AI Ad Performance Predictors,ai-ad-performance-predictors,1,Advertising AI,Ad Performance Prediction,advertising-ai-ad-performance-prediction
Artificial Intelligence & ML,artificial-intelligence-ml,18,AI Marketing & Growth,ai-marketing-growth,22,AI Creative Fatigue Detectors,ai-creative-fatigue-detectors,,,,
Artificial Intelligence & ML,artificial-intelligence-ml,18,AI Marketing & Growth,ai-marketing-growth,23,AI Landing Page Optimizers,ai-landing-page-optimizers,,,,
Artificial Intelligence & ML,artificial-intelligence-ml,18,AI Marketing & Growth,ai-marketing-growth,24,AI Heatmap Insight Tools,ai-heatmap-insight-tools,,,,
Artificial Intelligence & ML,artificial-intelligence-ml,18,AI Marketing & Growth,ai-marketing-growth,25,AI CRO Recommenders,ai-cro-recommenders,,,,
Artificial Intelligence & ML,artificial-intelligence-ml,18,AI Marketing & Growth,ai-marketing-growth,26,AI Funnel Builders,ai-funnel-builders,,,,
Artificial Intelligence & ML,artificial-intelligence-ml,18,AI Marketing & Growth,ai-marketing-growth,27,AI Email Sequence Builders,ai-email-sequence-builders,1,Email Marketing AI,Subject Line AI,email-marketing-ai-subject-line-ai
Artificial Intelligence & ML,artificial-intelligence-ml,18,AI Marketing & Growth,ai-marketing-growth,27,AI Email Sequence Builders,ai-email-sequence-builders,2,Email Marketing AI,Send Time Optimizer,email-marketing-ai-send-time-optimizer
Artificial Intelligence & ML,artificial-intelligence-ml,18,AI Marketing & Growth,ai-marketing-growth,27,AI Email Sequence Builders,ai-email-sequence-builders,3,Email Marketing AI,Personalization AI,email-marketing-ai-personalization-ai
Artificial Intelligence & ML,artificial-intelligence-ml,18,AI Marketing & Growth,ai-marketing-growth,27,AI Email Sequence Builders,ai-email-sequence-builders,4,Email Marketing AI,List Segmentation AI,email-marketing-ai-list-segmentation-ai
Artificial Intelligence & ML,artificial-intelligence-ml,18,AI Marketing & Growth,ai-marketing-growth,27,AI Email Sequence Builders,ai-email-sequence-builders,5,Email Marketing AI,Email Design AI,email-marketing-ai-email-design-ai
Artificial Intelligence & ML,artificial-intelligence-ml,18,AI Marketing & Growth,ai-marketing-growth,27,AI Email Sequence Builders,ai-email-sequence-builders,6,Email Marketing AI,A/B Testing AI,email-marketing-ai-a-b-testing-ai
Artificial Intelligence & ML,artificial-intelligence-ml,18,AI Marketing & Growth,ai-marketing-growth,27,AI Email Sequence Builders,ai-email-sequence-builders,7,Email Marketing AI,Deliverability AI,email-marketing-ai-deliverability-ai
Artificial Intelligence & ML,artificial-intelligence-ml,18,AI Marketing & Growth,ai-marketing-growth,27,AI Email Sequence Builders,ai-email-sequence-builders,8,Email Marketing AI,Unsubscribe Prediction,email-marketing-ai-unsubscribe-prediction
Artificial Intelligence & ML,artificial-intelligence-ml,18,AI Marketing & Growth,ai-marketing-growth,27,AI Email Sequence Builders,ai-email-sequence-builders,9,Email Marketing AI,Win-Back Campaign AI,email-marketing-ai-win-back-campaign-ai
Artificial Intelligence & ML,artificial-intelligence-ml,18,AI Marketing & Growth,ai-marketing-growth,27,AI Email Sequence Builders,ai-email-sequence-builders,10,Email Marketing AI,Email Analytics AI,email-marketing-ai-email-analytics-ai
Artificial Intelligence & ML,artificial-intelligence-ml,18,AI Marketing & Growth,ai-marketing-growth,28,AI Drip Campaign Builders,ai-drip-campaign-builders,,,,
Artificial Intelligence & ML,artificial-intelligence-ml,18,AI Marketing & Growth,ai-marketing-growth,29,AI SMS Campaign Builders,ai-sms-campaign-builders,,,,
Artificial Intelligence & ML,artificial-intelligence-ml,18,AI Marketing & Growth,ai-marketing-growth,30,AI Push Notification Writers,ai-push-notification-writers,1,Copywriting,Push Notification Copy,copywriting-push-notification-copy
Artificial Intelligence & ML,artificial-intelligence-ml,18,AI Marketing & Growth,ai-marketing-growth,31,AI Lead Magnet Generators,ai-lead-magnet-generators,,,,
Artificial Intelligence & ML,artificial-intelligence-ml,18,AI Marketing & Growth,ai-marketing-growth,32,AI Lead Magnet Designers,ai-lead-magnet-designers,,,,
Artificial Intelligence & ML,artificial-intelligence-ml,18,AI Marketing & Growth,ai-marketing-growth,33,AI Webinar Funnel Builders,ai-webinar-funnel-builders,,,,
Artificial Intelligence & ML,artificial-intelligence-ml,18,AI Marketing & Growth,ai-marketing-growth,34,AI Affiliate Content Builders,ai-affiliate-content-builders,1,Content Marketing AI,Blog Strategy AI,content-marketing-ai-blog-strategy-ai
Artificial Intelligence & ML,artificial-intelligence-ml,18,AI Marketing & Growth,ai-marketing-growth,34,AI Affiliate Content Builders,ai-affiliate-content-builders,2,Content Marketing AI,Content Calendar AI,content-marketing-ai-content-calendar-ai
Artificial Intelligence & ML,artificial-intelligence-ml,18,AI Marketing & Growth,ai-marketing-growth,34,AI Affiliate Content Builders,ai-affiliate-content-builders,3,Content Marketing AI,Content Gap Finder,content-marketing-ai-content-gap-finder
Artificial Intelligence & ML,artificial-intelligence-ml,18,AI Marketing & Growth,ai-marketing-growth,34,AI Affiliate Content Builders,ai-affiliate-content-builders,4,Content Marketing AI,Trending Topic AI,content-marketing-ai-trending-topic-ai
Artificial Intelligence & ML,artificial-intelligence-ml,18,AI Marketing & Growth,ai-marketing-growth,34,AI Affiliate Content Builders,ai-affiliate-content-builders,5,Content Marketing AI,User Generated Content AI,content-marketing-ai-user-generated-content-ai
Artificial Intelligence & ML,artificial-intelligence-ml,18,AI Marketing & Growth,ai-marketing-growth,34,AI Affiliate Content Builders,ai-affiliate-content-builders,6,Content Marketing AI,Content Performance AI,content-marketing-ai-content-performance-ai
Artificial Intelligence & ML,artificial-intelligence-ml,18,AI Marketing & Growth,ai-marketing-growth,34,AI Affiliate Content Builders,ai-affiliate-content-builders,7,Content Marketing AI,Editorial AI,content-marketing-ai-editorial-ai
Artificial Intelligence & ML,artificial-intelligence-ml,18,AI Marketing & Growth,ai-marketing-growth,34,AI Affiliate Content Builders,ai-affiliate-content-builders,8,Content Marketing AI,Brand Voice AI,content-marketing-ai-brand-voice-ai
Artificial Intelligence & ML,artificial-intelligence-ml,18,AI Marketing & Growth,ai-marketing-growth,34,AI Affiliate Content Builders,ai-affiliate-content-builders,9,Content AI,Content Recommendation,content-ai-content-recommendation
Artificial Intelligence & ML,artificial-intelligence-ml,18,AI Marketing & Growth,ai-marketing-growth,34,AI Affiliate Content Builders,ai-affiliate-content-builders,10,Content AI,Streaming Analytics AI,content-ai-streaming-analytics-ai
Artificial Intelligence & ML,artificial-intelligence-ml,18,AI Marketing & Growth,ai-marketing-growth,34,AI Affiliate Content Builders,ai-affiliate-content-builders,11,Content AI,Music Discovery AI,content-ai-music-discovery-ai
Artificial Intelligence & ML,artificial-intelligence-ml,18,AI Marketing & Growth,ai-marketing-growth,34,AI Affiliate Content Builders,ai-affiliate-content-builders,12,Content AI,Game AI,content-ai-game-ai
Artificial Intelligence & ML,artificial-intelligence-ml,18,AI Marketing & Growth,ai-marketing-growth,34,AI Affiliate Content Builders,ai-affiliate-content-builders,13,Content AI,Sports Analytics AI,content-ai-sports-analytics-ai
Artificial Intelligence & ML,artificial-intelligence-ml,18,AI Marketing & Growth,ai-marketing-growth,34,AI Affiliate Content Builders,ai-affiliate-content-builders,14,Content AI,News Curation AI,content-ai-news-curation-ai
Artificial Intelligence & ML,artificial-intelligence-ml,18,AI Marketing & Growth,ai-marketing-growth,34,AI Affiliate Content Builders,ai-affiliate-content-builders,15,Content AI,Ad Insertion AI,content-ai-ad-insertion-ai
Artificial Intelligence & ML,artificial-intelligence-ml,18,AI Marketing & Growth,ai-marketing-growth,34,AI Affiliate Content Builders,ai-affiliate-content-builders,16,Content AI,Audience Analytics,content-ai-audience-analytics
Artificial Intelligence & ML,artificial-intelligence-ml,18,AI Marketing & Growth,ai-marketing-growth,34,AI Affiliate Content Builders,ai-affiliate-content-builders,17,Content AI,Rights Management AI,content-ai-rights-management-ai
Artificial Intelligence & ML,artificial-intelligence-ml,18,AI Marketing & Growth,ai-marketing-growth,35,AI Influencer Brief Generators,ai-influencer-brief-generators,,,,
Artificial Intelligence & ML,artificial-intelligence-ml,18,AI Marketing & Growth,ai-marketing-growth,36,AI Influencer Discovery Tools,ai-influencer-discovery-tools,,,,
Artificial Intelligence & ML,artificial-intelligence-ml,18,AI Marketing & Growth,ai-marketing-growth,37,AI UGC Brief Generators,ai-ugc-brief-generators,,,,
Artificial Intelligence & ML,artificial-intelligence-ml,18,AI Marketing & Growth,ai-marketing-growth,38,AI Content Repurposing Engines,ai-content-repurposing-engines,1,Content Marketing AI,Content Repurposing AI,content-marketing-ai-content-repurposing-ai
Artificial Intelligence & ML,artificial-intelligence-ml,18,AI Marketing & Growth,ai-marketing-growth,38,AI Content Repurposing Engines,ai-content-repurposing-engines,2,Pharmaceutical AI,Drug Repurposing AI,pharmaceutical-ai-drug-repurposing-ai
Artificial Intelligence & ML,artificial-intelligence-ml,18,AI Marketing & Growth,ai-marketing-growth,39,AI Cross-Channel Publishers,ai-cross-channel-publishers,1,Advertising AI,Cross-Channel Attribution,advertising-ai-cross-channel-attribution
Artificial Intelligence & ML,artificial-intelligence-ml,19,AI SEO & Discoverability,ai-seo-discoverability,1,AI Keyword Cluster Tools,ai-keyword-cluster-tools,,,,
Artificial Intelligence & ML,artificial-intelligence-ml,19,AI SEO & Discoverability,ai-seo-discoverability,2,AI Topic Map Builders,ai-topic-map-builders,,,,
Artificial Intelligence & ML,artificial-intelligence-ml,19,AI SEO & Discoverability,ai-seo-discoverability,3,AI Search Intent Analyzers,ai-search-intent-analyzers,,,,
Artificial Intelligence & ML,artificial-intelligence-ml,19,AI SEO & Discoverability,ai-seo-discoverability,4,AI SERP Snapshot Tools,ai-serp-snapshot-tools,,,,
Artificial Intelligence & ML,artificial-intelligence-ml,19,AI SEO & Discoverability,ai-seo-discoverability,5,AI Content Brief Generators,ai-content-brief-generators,1,SEO Writing,Content Brief Generators,seo-writing-content-brief-generators
Artificial Intelligence & ML,artificial-intelligence-ml,19,AI SEO & Discoverability,ai-seo-discoverability,6,AI On-Page SEO Auditors,ai-on-page-seo-auditors,,,,
Artificial Intelligence & ML,artificial-intelligence-ml,19,AI SEO & Discoverability,ai-seo-discoverability,7,AI Internal Linking Tools,ai-internal-linking-tools,,,,
Artificial Intelligence & ML,artificial-intelligence-ml,19,AI SEO & Discoverability,ai-seo-discoverability,8,AI Schema Markup Generators,ai-schema-markup-generators,1,SEO AI,Schema Markup AI,seo-ai-schema-markup-ai
Artificial Intelligence & ML,artificial-intelligence-ml,19,AI SEO & Discoverability,ai-seo-discoverability,9,AI FAQ Schema Generators,ai-faq-schema-generators,,,,
Artificial Intelligence & ML,artificial-intelligence-ml,19,AI SEO & Discoverability,ai-seo-discoverability,10,AI Featured Snippet Optimizers,ai-featured-snippet-optimizers,,,,
Artificial Intelligence & ML,artificial-intelligence-ml,19,AI SEO & Discoverability,ai-seo-discoverability,11,AI E-E-A-T Auditors,ai-e-e-a-t-auditors,,,,
Artificial Intelligence & ML,artificial-intelligence-ml,19,AI SEO & Discoverability,ai-seo-discoverability,12,AI Content Refresh Suggesters,ai-content-refresh-suggesters,,,,
Artificial Intelligence & ML,artificial-intelligence-ml,19,AI SEO & Discoverability,ai-seo-discoverability,13,AI Cannibalization Detectors,ai-cannibalization-detectors,,,,
Artificial Intelligence & ML,artificial-intelligence-ml,19,AI SEO & Discoverability,ai-seo-discoverability,14,AI Backlink Prospecting Tools,ai-backlink-prospecting-tools,,,,
Artificial Intelligence & ML,artificial-intelligence-ml,19,AI SEO & Discoverability,ai-seo-discoverability,15,AI Outreach Email Builders,ai-outreach-email-builders,,,,
Artificial Intelligence & ML,artificial-intelligence-ml,19,AI SEO & Discoverability,ai-seo-discoverability,16,AI Local Listing Optimizers,ai-local-listing-optimizers,,,,
Artificial Intelligence & ML,artificial-intelligence-ml,19,AI SEO & Discoverability,ai-seo-discoverability,17,AI Google Business Profile Tools,ai-google-business-profile-tools,,,,
Artificial Intelligence & ML,artificial-intelligence-ml,19,AI SEO & Discoverability,ai-seo-discoverability,18,AI Review Response Generators,ai-review-response-generators,,,,
Artificial Intelligence & ML,artificial-intelligence-ml,19,AI SEO & Discoverability,ai-seo-discoverability,19,AI Multilingual SEO Tools,ai-multilingual-seo-tools,,,,
Artificial Intelligence & ML,artificial-intelligence-ml,19,AI SEO & Discoverability,ai-seo-discoverability,20,AI Programmatic SEO Builders,ai-programmatic-seo-builders,,,,
Artificial Intelligence & ML,artificial-intelligence-ml,19,AI SEO & Discoverability,ai-seo-discoverability,21,AI AI-Search Visibility Tools,ai-ai-search-visibility-tools,,,,
Artificial Intelligence & ML,artificial-intelligence-ml,19,AI SEO & Discoverability,ai-seo-discoverability,22,AI ChatGPT Citation Trackers,ai-chatgpt-citation-trackers,,,,
Artificial Intelligence & ML,artificial-intelligence-ml,19,AI SEO & Discoverability,ai-seo-discoverability,23,AI Perplexity Visibility Tools,ai-perplexity-visibility-tools,,,,
Artificial Intelligence & ML,artificial-intelligence-ml,19,AI SEO & Discoverability,ai-seo-discoverability,24,AI Gemini Visibility Tools,ai-gemini-visibility-tools,,,,
Artificial Intelligence & ML,artificial-intelligence-ml,20,AI Social Media,ai-social-media,1,AI X / Twitter Thread Writers,ai-x-twitter-thread-writers,1,Social Media Writing,Twitter/X Thread Writers,social-media-writing-twitter-x-thread-writers
Artificial Intelligence & ML,artificial-intelligence-ml,20,AI Social Media,ai-social-media,1,AI X / Twitter Thread Writers,ai-x-twitter-thread-writers,2,Platform-Specific AI,Twitter/X Content AI,platform-specific-ai-twitter-x-content-ai
Artificial Intelligence & ML,artificial-intelligence-ml,20,AI Social Media,ai-social-media,2,AI X Reply Bots,ai-x-reply-bots,,,,
Artificial Intelligence & ML,artificial-intelligence-ml,20,AI Social Media,ai-social-media,3,AI X Growth Tools,ai-x-growth-tools,,,,
Artificial Intelligence & ML,artificial-intelligence-ml,20,AI Social Media,ai-social-media,4,AI LinkedIn Post Writers,ai-linkedin-post-writers,1,Platform-Specific AI,LinkedIn Content AI,platform-specific-ai-linkedin-content-ai
Artificial Intelligence & ML,artificial-intelligence-ml,20,AI Social Media,ai-social-media,5,AI LinkedIn Comment Helpers,ai-linkedin-comment-helpers,,,,
Artificial Intelligence & ML,artificial-intelligence-ml,20,AI Social Media,ai-social-media,6,AI LinkedIn Carousel Builders,ai-linkedin-carousel-builders,,,,
Artificial Intelligence & ML,artificial-intelligence-ml,20,AI Social Media,ai-social-media,7,AI Instagram Post Writers,ai-instagram-post-writers,1,Platform-Specific AI,Instagram Content AI,platform-specific-ai-instagram-content-ai
Artificial Intelligence & ML,artificial-intelligence-ml,20,AI Social Media,ai-social-media,8,AI Instagram Carousel Builders,ai-instagram-carousel-builders,,,,
Artificial Intelligence & ML,artificial-intelligence-ml,20,AI Social Media,ai-social-media,9,AI Instagram Reels Scripters,ai-instagram-reels-scripters,,,,
Artificial Intelligence & ML,artificial-intelligence-ml,20,AI Social Media,ai-social-media,10,AI Instagram Story Templates,ai-instagram-story-templates,,,,
Artificial Intelligence & ML,artificial-intelligence-ml,20,AI Social Media,ai-social-media,11,AI TikTok Script Writers,ai-tiktok-script-writers,1,Social Media Writing,TikTok Script Writers,social-media-writing-tiktok-script-writers
Artificial Intelligence & ML,artificial-intelligence-ml,20,AI Social Media,ai-social-media,11,AI TikTok Script Writers,ai-tiktok-script-writers,2,Platform-Specific AI,TikTok Content AI,platform-specific-ai-tiktok-content-ai
Artificial Intelligence & ML,artificial-intelligence-ml,20,AI Social Media,ai-social-media,12,AI TikTok Hook Generators,ai-tiktok-hook-generators,1,Naming AI,Social Handle Finder,naming-ai-social-handle-finder
Artificial Intelligence & ML,artificial-intelligence-ml,20,AI Social Media,ai-social-media,13,AI TikTok Hashtag Tools,ai-tiktok-hashtag-tools,,,,
Artificial Intelligence & ML,artificial-intelligence-ml,20,AI Social Media,ai-social-media,14,AI YouTube Title Optimizers,ai-youtube-title-optimizers,1,Platform-Specific AI,YouTube Content AI,platform-specific-ai-youtube-content-ai
Artificial Intelligence & ML,artificial-intelligence-ml,20,AI Social Media,ai-social-media,15,AI YouTube Thumbnail Generators,ai-youtube-thumbnail-generators,1,Naming AI,YouTube Channel Name,naming-ai-youtube-channel-name
Artificial Intelligence & ML,artificial-intelligence-ml,20,AI Social Media,ai-social-media,16,AI YouTube Description Writers,ai-youtube-description-writers,1,Social Media Writing,YouTube Description Writers,social-media-writing-youtube-description-writers
Artificial Intelligence & ML,artificial-intelligence-ml,20,AI Social Media,ai-social-media,17,AI YouTube Tag Tools,ai-youtube-tag-tools,,,,
Artificial Intelligence & ML,artificial-intelligence-ml,20,AI Social Media,ai-social-media,18,AI YouTube Shorts Scripters,ai-youtube-shorts-scripters,,,,
Artificial Intelligence & ML,artificial-intelligence-ml,20,AI Social Media,ai-social-media,19,AI Pinterest Pin Designers,ai-pinterest-pin-designers,1,Platform-Specific AI,Pinterest Content AI,platform-specific-ai-pinterest-content-ai
Artificial Intelligence & ML,artificial-intelligence-ml,20,AI Social Media,ai-social-media,20,AI Pinterest Board Planners,ai-pinterest-board-planners,,,,
Artificial Intelligence & ML,artificial-intelligence-ml,20,AI Social Media,ai-social-media,21,AI Facebook Post Writers,ai-facebook-post-writers,1,Social Media Writing,Facebook Post Writers,social-media-writing-facebook-post-writers
Artificial Intelligence & ML,artificial-intelligence-ml,20,AI Social Media,ai-social-media,21,AI Facebook Post Writers,ai-facebook-post-writers,2,Platform-Specific AI,Facebook Content AI,platform-specific-ai-facebook-content-ai
Artificial Intelligence & ML,artificial-intelligence-ml,20,AI Social Media,ai-social-media,22,AI Facebook Group Engagement Tools,ai-facebook-group-engagement-tools,1,Engagement AI,Community Management AI,engagement-ai-community-management-ai
Artificial Intelligence & ML,artificial-intelligence-ml,20,AI Social Media,ai-social-media,22,AI Facebook Group Engagement Tools,ai-facebook-group-engagement-tools,2,Engagement AI,Comment Response AI,engagement-ai-comment-response-ai
Artificial Intelligence & ML,artificial-intelligence-ml,20,AI Social Media,ai-social-media,22,AI Facebook Group Engagement Tools,ai-facebook-group-engagement-tools,3,Engagement AI,DM Automation AI,engagement-ai-dm-automation-ai
Artificial Intelligence & ML,artificial-intelligence-ml,20,AI Social Media,ai-social-media,22,AI Facebook Group Engagement Tools,ai-facebook-group-engagement-tools,4,Engagement AI,Follower Analysis AI,engagement-ai-follower-analysis-ai
Artificial Intelligence & ML,artificial-intelligence-ml,20,AI Social Media,ai-social-media,22,AI Facebook Group Engagement Tools,ai-facebook-group-engagement-tools,5,Engagement AI,Hashtag Strategy AI,engagement-ai-hashtag-strategy-ai
Artificial Intelligence & ML,artificial-intelligence-ml,20,AI Social Media,ai-social-media,22,AI Facebook Group Engagement Tools,ai-facebook-group-engagement-tools,6,Engagement AI,Posting Schedule AI,engagement-ai-posting-schedule-ai
Artificial Intelligence & ML,artificial-intelligence-ml,20,AI Social Media,ai-social-media,22,AI Facebook Group Engagement Tools,ai-facebook-group-engagement-tools,7,Engagement AI,Content Calendar AI Social,engagement-ai-content-calendar-ai-social
Artificial Intelligence & ML,artificial-intelligence-ml,20,AI Social Media,ai-social-media,22,AI Facebook Group Engagement Tools,ai-facebook-group-engagement-tools,8,Engagement AI,UGC Curation AI,engagement-ai-ugc-curation-ai
Artificial Intelligence & ML,artificial-intelligence-ml,20,AI Social Media,ai-social-media,22,AI Facebook Group Engagement Tools,ai-facebook-group-engagement-tools,9,Engagement AI,Brand Mention AI,engagement-ai-brand-mention-ai
Artificial Intelligence & ML,artificial-intelligence-ml,20,AI Social Media,ai-social-media,22,AI Facebook Group Engagement Tools,ai-facebook-group-engagement-tools,10,Engagement AI,Virality Prediction AI,engagement-ai-virality-prediction-ai
Artificial Intelligence & ML,artificial-intelligence-ml,20,AI Social Media,ai-social-media,23,AI Reddit Reply Helpers,ai-reddit-reply-helpers,1,Platform-Specific AI,Reddit Content AI,platform-specific-ai-reddit-content-ai
Artificial Intelligence & ML,artificial-intelligence-ml,20,AI Social Media,ai-social-media,24,AI Threads Post Writers,ai-threads-post-writers,1,Social Media Writing,Threads Post Writers,social-media-writing-threads-post-writers
Artificial Intelligence & ML,artificial-intelligence-ml,20,AI Social Media,ai-social-media,24,AI Threads Post Writers,ai-threads-post-writers,2,Platform-Specific AI,Threads Content AI,platform-specific-ai-threads-content-ai
Artificial Intelligence & ML,artificial-intelligence-ml,20,AI Social Media,ai-social-media,25,AI Bluesky Post Writers,ai-bluesky-post-writers,,,,
Artificial Intelligence & ML,artificial-intelligence-ml,20,AI Social Media,ai-social-media,26,AI Mastodon Post Writers,ai-mastodon-post-writers,,,,
Artificial Intelligence & ML,artificial-intelligence-ml,20,AI Social Media,ai-social-media,27,AI Quora Answer Drafters,ai-quora-answer-drafters,,,,
Artificial Intelligence & ML,artificial-intelligence-ml,20,AI Social Media,ai-social-media,28,AI Substack Note Writers,ai-substack-note-writers,,,,
Artificial Intelligence & ML,artificial-intelligence-ml,20,AI Social Media,ai-social-media,29,AI Multi-Account Schedulers,ai-multi-account-schedulers,,,,
Artificial Intelligence & ML,artificial-intelligence-ml,20,AI Social Media,ai-social-media,30,AI Best-Time-to-Post Predictors,ai-best-time-to-post-predictors,,,,
Artificial Intelligence & ML,artificial-intelligence-ml,20,AI Social Media,ai-social-media,31,AI Comment Moderation Bots,ai-comment-moderation-bots,,,,
Artificial Intelligence & ML,artificial-intelligence-ml,20,AI Social Media,ai-social-media,32,AI DM Auto-Responders,ai-dm-auto-responders,,,,
Artificial Intelligence & ML,artificial-intelligence-ml,20,AI Social Media,ai-social-media,33,AI UGC Aggregators,ai-ugc-aggregators,,,,
Artificial Intelligence & ML,artificial-intelligence-ml,20,AI Social Media,ai-social-media,34,AI Viral Trend Spotters,ai-viral-trend-spotters,,,,
Artificial Intelligence & ML,artificial-intelligence-ml,20,AI Social Media,ai-social-media,35,AI Audio-to-Reels Tools,ai-audio-to-reels-tools,1,Audio Fun & Social,AI Karaoke,audio-fun-social-ai-karaoke
Artificial Intelligence & ML,artificial-intelligence-ml,20,AI Social Media,ai-social-media,35,AI Audio-to-Reels Tools,ai-audio-to-reels-tools,2,Audio Fun & Social,AI Beatbox,audio-fun-social-ai-beatbox
Artificial Intelligence & ML,artificial-intelligence-ml,20,AI Social Media,ai-social-media,35,AI Audio-to-Reels Tools,ai-audio-to-reels-tools,3,Audio Fun & Social,AI Rap Generator,audio-fun-social-ai-rap-generator
Artificial Intelligence & ML,artificial-intelligence-ml,20,AI Social Media,ai-social-media,35,AI Audio-to-Reels Tools,ai-audio-to-reels-tools,4,Audio Fun & Social,AI DJ Mixer,audio-fun-social-ai-dj-mixer
Artificial Intelligence & ML,artificial-intelligence-ml,20,AI Social Media,ai-social-media,35,AI Audio-to-Reels Tools,ai-audio-to-reels-tools,5,Audio Fun & Social,AI Remix Tool,audio-fun-social-ai-remix-tool
Artificial Intelligence & ML,artificial-intelligence-ml,20,AI Social Media,ai-social-media,35,AI Audio-to-Reels Tools,ai-audio-to-reels-tools,6,Audio Fun & Social,AI Sing-Along,audio-fun-social-ai-sing-along
Artificial Intelligence & ML,artificial-intelligence-ml,20,AI Social Media,ai-social-media,35,AI Audio-to-Reels Tools,ai-audio-to-reels-tools,7,Audio Fun & Social,AI Duet Creator,audio-fun-social-ai-duet-creator
Artificial Intelligence & ML,artificial-intelligence-ml,20,AI Social Media,ai-social-media,35,AI Audio-to-Reels Tools,ai-audio-to-reels-tools,8,Audio Fun & Social,AI Audio Meme,audio-fun-social-ai-audio-meme
Artificial Intelligence & ML,artificial-intelligence-ml,20,AI Social Media,ai-social-media,35,AI Audio-to-Reels Tools,ai-audio-to-reels-tools,9,Audio Fun & Social,AI Soundboard,audio-fun-social-ai-soundboard
Artificial Intelligence & ML,artificial-intelligence-ml,20,AI Social Media,ai-social-media,35,AI Audio-to-Reels Tools,ai-audio-to-reels-tools,10,Audio Fun & Social,AI Voice Changer Fun,audio-fun-social-ai-voice-changer-fun
Artificial Intelligence & ML,artificial-intelligence-ml,20,AI Social Media,ai-social-media,36,AI Tweet-to-Carousel Tools,ai-tweet-to-carousel-tools,,,,
Artificial Intelligence & ML,artificial-intelligence-ml,21,AI Sales & Outreach,ai-sales-outreach,1,AI SDR Agents,ai-sdr-agents,,,,
Artificial Intelligence & ML,artificial-intelligence-ml,21,AI Sales & Outreach,ai-sales-outreach,2,AI Cold Email Personalizers,ai-cold-email-personalizers,,,,
Artificial Intelligence & ML,artificial-intelligence-ml,21,AI Sales & Outreach,ai-sales-outreach,3,AI Cold Call Script Builders,ai-cold-call-script-builders,,,,
Artificial Intelligence & ML,artificial-intelligence-ml,21,AI Sales & Outreach,ai-sales-outreach,4,AI Voicemail Drop Generators,ai-voicemail-drop-generators,,,,
Artificial Intelligence & ML,artificial-intelligence-ml,21,AI Sales & Outreach,ai-sales-outreach,5,AI LinkedIn Outreach Tools,ai-linkedin-outreach-tools,,,,
Artificial Intelligence & ML,artificial-intelligence-ml,21,AI Sales & Outreach,ai-sales-outreach,6,AI Sales Sequence Builders,ai-sales-sequence-builders,1,Sales Engagement,Email Sequence AI,sales-engagement-email-sequence-ai
Artificial Intelligence & ML,artificial-intelligence-ml,21,AI Sales & Outreach,ai-sales-outreach,7,AI Reply Handlers,ai-reply-handlers,,,,
Artificial Intelligence & ML,artificial-intelligence-ml,21,AI Sales & Outreach,ai-sales-outreach,8,AI Objection Handling Trainers,ai-objection-handling-trainers,1,Sales Engagement,Objection Handling AI,sales-engagement-objection-handling-ai
Artificial Intelligence & ML,artificial-intelligence-ml,21,AI Sales & Outreach,ai-sales-outreach,9,AI Discovery Call Coaches,ai-discovery-call-coaches,,,,
Artificial Intelligence & ML,artificial-intelligence-ml,21,AI Sales & Outreach,ai-sales-outreach,10,AI Demo Coaches,ai-demo-coaches,1,Pitch & Demo AI,Sales Pitch AI,pitch-demo-ai-sales-pitch-ai
Artificial Intelligence & ML,artificial-intelligence-ml,21,AI Sales & Outreach,ai-sales-outreach,11,AI Negotiation Coaches,ai-negotiation-coaches,,,,
Artificial Intelligence & ML,artificial-intelligence-ml,21,AI Sales & Outreach,ai-sales-outreach,12,AI Quote-to-Close Tools,ai-quote-to-close-tools,,,,
Artificial Intelligence & ML,artificial-intelligence-ml,21,AI Sales & Outreach,ai-sales-outreach,13,AI Proposal Builders,ai-proposal-builders,,,,
Artificial Intelligence & ML,artificial-intelligence-ml,21,AI Sales & Outreach,ai-sales-outreach,14,AI RFP Response Tools,ai-rfp-response-tools,,,,
Artificial Intelligence & ML,artificial-intelligence-ml,21,AI Sales & Outreach,ai-sales-outreach,15,AI Contract Redlining Tools,ai-contract-redlining-tools,1,Contract AI,Redlining AI,contract-ai-redlining-ai
Artificial Intelligence & ML,artificial-intelligence-ml,21,AI Sales & Outreach,ai-sales-outreach,16,AI Pricing Page Generators,ai-pricing-page-generators,1,Pricing AI,Dynamic Pricing AI,pricing-ai-dynamic-pricing-ai
Artificial Intelligence & ML,artificial-intelligence-ml,21,AI Sales & Outreach,ai-sales-outreach,16,AI Pricing Page Generators,ai-pricing-page-generators,2,Pricing AI,Competitive Pricing AI,pricing-ai-competitive-pricing-ai
Artificial Intelligence & ML,artificial-intelligence-ml,21,AI Sales & Outreach,ai-sales-outreach,16,AI Pricing Page Generators,ai-pricing-page-generators,3,Pricing AI,Discount Optimization AI,pricing-ai-discount-optimization-ai
Artificial Intelligence & ML,artificial-intelligence-ml,21,AI Sales & Outreach,ai-sales-outreach,16,AI Pricing Page Generators,ai-pricing-page-generators,4,Pricing AI,Bundle Pricing AI,pricing-ai-bundle-pricing-ai
Artificial Intelligence & ML,artificial-intelligence-ml,21,AI Sales & Outreach,ai-sales-outreach,16,AI Pricing Page Generators,ai-pricing-page-generators,5,Pricing AI,Freemium Optimization AI,pricing-ai-freemium-optimization-ai
Artificial Intelligence & ML,artificial-intelligence-ml,21,AI Sales & Outreach,ai-sales-outreach,16,AI Pricing Page Generators,ai-pricing-page-generators,6,Pricing AI,Usage Pricing AI,pricing-ai-usage-pricing-ai
Artificial Intelligence & ML,artificial-intelligence-ml,21,AI Sales & Outreach,ai-sales-outreach,16,AI Pricing Page Generators,ai-pricing-page-generators,7,Pricing AI,Tiered Pricing AI,pricing-ai-tiered-pricing-ai
Artificial Intelligence & ML,artificial-intelligence-ml,21,AI Sales & Outreach,ai-sales-outreach,16,AI Pricing Page Generators,ai-pricing-page-generators,8,Pricing AI,Geographic Pricing AI,pricing-ai-geographic-pricing-ai
Artificial Intelligence & ML,artificial-intelligence-ml,21,AI Sales & Outreach,ai-sales-outreach,16,AI Pricing Page Generators,ai-pricing-page-generators,9,Pricing AI,Surge Pricing AI,pricing-ai-surge-pricing-ai
Artificial Intelligence & ML,artificial-intelligence-ml,21,AI Sales & Outreach,ai-sales-outreach,16,AI Pricing Page Generators,ai-pricing-page-generators,10,Pricing AI,Price Testing AI,pricing-ai-price-testing-ai
Artificial Intelligence & ML,artificial-intelligence-ml,21,AI Sales & Outreach,ai-sales-outreach,17,AI Sales Battle Card Builders,ai-sales-battle-card-builders,,,,
Artificial Intelligence & ML,artificial-intelligence-ml,21,AI Sales & Outreach,ai-sales-outreach,18,AI Win-Loss Analysis Tools,ai-win-loss-analysis-tools,1,Sales Intelligence,Win/Loss Analysis,sales-intelligence-win-loss-analysis
Artificial Intelligence & ML,artificial-intelligence-ml,21,AI Sales & Outreach,ai-sales-outreach,19,AI Account Research Tools,ai-account-research-tools,,,,
Artificial Intelligence & ML,artificial-intelligence-ml,21,AI Sales & Outreach,ai-sales-outreach,20,AI Buyer Intent Signal Tools,ai-buyer-intent-signal-tools,1,Sales Intelligence,Buyer Intent Detection,sales-intelligence-buyer-intent-detection
Artificial Intelligence & ML,artificial-intelligence-ml,21,AI Sales & Outreach,ai-sales-outreach,21,AI Sales Forecasting Copilots,ai-sales-forecasting-copilots,1,Sales Engagement,Revenue Forecasting,sales-engagement-revenue-forecasting
Artificial Intelligence & ML,artificial-intelligence-ml,21,AI Sales & Outreach,ai-sales-outreach,22,AI Pipeline Hygiene Bots,ai-pipeline-hygiene-bots,,,,
Artificial Intelligence & ML,artificial-intelligence-ml,21,AI Sales & Outreach,ai-sales-outreach,23,AI Deal Risk Predictors,ai-deal-risk-predictors,,,,
Artificial Intelligence & ML,artificial-intelligence-ml,21,AI Sales & Outreach,ai-sales-outreach,24,AI Renewal & Expansion Tools,ai-renewal-expansion-tools,,,,
Artificial Intelligence & ML,artificial-intelligence-ml,22,AI Customer Support,ai-customer-support,1,AI Help Center Authoring,ai-help-center-authoring,1,Help Desk AI,Ticket Auto-Resolution,help-desk-ai-ticket-auto-resolution
Artificial Intelligence & ML,artificial-intelligence-ml,22,AI Customer Support,ai-customer-support,1,AI Help Center Authoring,ai-help-center-authoring,2,Help Desk AI,Ticket Routing AI,help-desk-ai-ticket-routing-ai
Artificial Intelligence & ML,artificial-intelligence-ml,22,AI Customer Support,ai-customer-support,1,AI Help Center Authoring,ai-help-center-authoring,3,Help Desk AI,Sentiment-Based Priority,help-desk-ai-sentiment-based-priority
Artificial Intelligence & ML,artificial-intelligence-ml,22,AI Customer Support,ai-customer-support,1,AI Help Center Authoring,ai-help-center-authoring,4,Help Desk AI,Knowledge Base AI,help-desk-ai-knowledge-base-ai
Artificial Intelligence & ML,artificial-intelligence-ml,22,AI Customer Support,ai-customer-support,1,AI Help Center Authoring,ai-help-center-authoring,5,Help Desk AI,SLA Prediction,help-desk-ai-sla-prediction
Artificial Intelligence & ML,artificial-intelligence-ml,22,AI Customer Support,ai-customer-support,1,AI Help Center Authoring,ai-help-center-authoring,6,Help Desk AI,Agent Assist AI,help-desk-ai-agent-assist-ai
Artificial Intelligence & ML,artificial-intelligence-ml,22,AI Customer Support,ai-customer-support,1,AI Help Center Authoring,ai-help-center-authoring,7,Help Desk AI,Escalation Prediction,help-desk-ai-escalation-prediction
Artificial Intelligence & ML,artificial-intelligence-ml,22,AI Customer Support,ai-customer-support,1,AI Help Center Authoring,ai-help-center-authoring,8,Help Desk AI,Customer History AI,help-desk-ai-customer-history-ai
Artificial Intelligence & ML,artificial-intelligence-ml,22,AI Customer Support,ai-customer-support,1,AI Help Center Authoring,ai-help-center-authoring,9,Help Desk AI,Resolution Suggestion,help-desk-ai-resolution-suggestion
Artificial Intelligence & ML,artificial-intelligence-ml,22,AI Customer Support,ai-customer-support,1,AI Help Center Authoring,ai-help-center-authoring,10,Help Desk AI,Quality Assurance AI,help-desk-ai-quality-assurance-ai
Artificial Intelligence & ML,artificial-intelligence-ml,22,AI Customer Support,ai-customer-support,2,AI Macros & Canned Reply Tools,ai-macros-canned-reply-tools,,,,
Artificial Intelligence & ML,artificial-intelligence-ml,22,AI Customer Support,ai-customer-support,3,AI Tier-1 Deflection Bots,ai-tier-1-deflection-bots,,,,
Artificial Intelligence & ML,artificial-intelligence-ml,22,AI Customer Support,ai-customer-support,4,AI Multilingual Support Bots,ai-multilingual-support-bots,1,Conversational Support,AI Phone Support,conversational-support-ai-phone-support
Artificial Intelligence & ML,artificial-intelligence-ml,22,AI Customer Support,ai-customer-support,4,AI Multilingual Support Bots,ai-multilingual-support-bots,2,Conversational Support,AI SMS Support,conversational-support-ai-sms-support
Artificial Intelligence & ML,artificial-intelligence-ml,22,AI Customer Support,ai-customer-support,4,AI Multilingual Support Bots,ai-multilingual-support-bots,3,Conversational Support,AI Social Media Support,conversational-support-ai-social-media-support
Artificial Intelligence & ML,artificial-intelligence-ml,22,AI Customer Support,ai-customer-support,4,AI Multilingual Support Bots,ai-multilingual-support-bots,4,Conversational Support,AI WhatsApp Support,conversational-support-ai-whatsapp-support
Artificial Intelligence & ML,artificial-intelligence-ml,22,AI Customer Support,ai-customer-support,4,AI Multilingual Support Bots,ai-multilingual-support-bots,5,Conversational Support,Video Support AI,conversational-support-video-support-ai
Artificial Intelligence & ML,artificial-intelligence-ml,22,AI Customer Support,ai-customer-support,4,AI Multilingual Support Bots,ai-multilingual-support-bots,6,Conversational Support,Screen Share AI,conversational-support-screen-share-ai
Artificial Intelligence & ML,artificial-intelligence-ml,22,AI Customer Support,ai-customer-support,4,AI Multilingual Support Bots,ai-multilingual-support-bots,7,Conversational Support,Co-Browsing AI,conversational-support-co-browsing-ai
Artificial Intelligence & ML,artificial-intelligence-ml,22,AI Customer Support,ai-customer-support,4,AI Multilingual Support Bots,ai-multilingual-support-bots,8,Conversational Support,Proactive Support AI,conversational-support-proactive-support-ai
Artificial Intelligence & ML,artificial-intelligence-ml,22,AI Customer Support,ai-customer-support,5,AI Voice Support Agents,ai-voice-support-agents,1,Voice Agents,Voice-Based Customer Service,voice-agents-voice-based-customer-service
Artificial Intelligence & ML,artificial-intelligence-ml,22,AI Customer Support,ai-customer-support,6,AI Email Support Agents,ai-email-support-agents,1,Conversational Support,AI Email Support,conversational-support-ai-email-support
Artificial Intelligence & ML,artificial-intelligence-ml,22,AI Customer Support,ai-customer-support,7,AI Live Chat Copilots,ai-live-chat-copilots,1,Conversational Support,AI Live Chat,conversational-support-ai-live-chat
Artificial Intelligence & ML,artificial-intelligence-ml,22,AI Customer Support,ai-customer-support,8,AI Conversation Quality Scorers,ai-conversation-quality-scorers,,,,
Artificial Intelligence & ML,artificial-intelligence-ml,22,AI Customer Support,ai-customer-support,9,AI Agent Coaching Tools,ai-agent-coaching-tools,,,,
Artificial Intelligence & ML,artificial-intelligence-ml,22,AI Customer Support,ai-customer-support,10,AI Escalation Predictors,ai-escalation-predictors,,,,
Artificial Intelligence & ML,artificial-intelligence-ml,22,AI Customer Support,ai-customer-support,11,AI Customer Health Score Tools,ai-customer-health-score-tools,,,,
Artificial Intelligence & ML,artificial-intelligence-ml,22,AI Customer Support,ai-customer-support,12,AI Churn Prediction Tools,ai-churn-prediction-tools,1,Farming AI,Weather Prediction,farming-ai-weather-prediction
Artificial Intelligence & ML,artificial-intelligence-ml,22,AI Customer Support,ai-customer-support,12,AI Churn Prediction Tools,ai-churn-prediction-tools,2,Farming AI,Market Price Prediction,farming-ai-market-price-prediction
Artificial Intelligence & ML,artificial-intelligence-ml,22,AI Customer Support,ai-customer-support,12,AI Churn Prediction Tools,ai-churn-prediction-tools,3,Vehicle AI,Traffic Prediction,vehicle-ai-traffic-prediction
Artificial Intelligence & ML,artificial-intelligence-ml,22,AI Customer Support,ai-customer-support,12,AI Churn Prediction Tools,ai-churn-prediction-tools,4,DevOps AI,Incident Prediction AI,devops-ai-incident-prediction-ai
Artificial Intelligence & ML,artificial-intelligence-ml,22,AI Customer Support,ai-customer-support,13,AI Renewal Risk Tools,ai-renewal-risk-tools,,,,
Artificial Intelligence & ML,artificial-intelligence-ml,22,AI Customer Support,ai-customer-support,14,AI VOC Synthesis,ai-voc-synthesis,,,,
Artificial Intelligence & ML,artificial-intelligence-ml,22,AI Customer Support,ai-customer-support,15,AI Bug Report Triage Tools,ai-bug-report-triage-tools,,,,
Artificial Intelligence & ML,artificial-intelligence-ml,22,AI Customer Support,ai-customer-support,16,AI Feature Request Clustering,ai-feature-request-clustering,,,,
Artificial Intelligence & ML,artificial-intelligence-ml,23,AI Finance & Accounting,ai-finance-accounting,1,AI Personal Budgeting Coaches,ai-personal-budgeting-coaches,1,Personal AI,Finance Advisor AI,personal-ai-finance-advisor-ai
Artificial Intelligence & ML,artificial-intelligence-ml,23,AI Finance & Accounting,ai-finance-accounting,2,AI Bill Negotiation Tools,ai-bill-negotiation-tools,,,,
Artificial Intelligence & ML,artificial-intelligence-ml,23,AI Finance & Accounting,ai-finance-accounting,3,AI Subscription Trackers,ai-subscription-trackers,,,,
Artificial Intelligence & ML,artificial-intelligence-ml,23,AI Finance & Accounting,ai-finance-accounting,4,AI Receipt Capture Tools,ai-receipt-capture-tools,,,,
Artificial Intelligence & ML,artificial-intelligence-ml,23,AI Finance & Accounting,ai-finance-accounting,5,AI Expense Categorization,ai-expense-categorization,1,Accounting AI,Expense Categorization,accounting-ai-expense-categorization
Artificial Intelligence & ML,artificial-intelligence-ml,23,AI Finance & Accounting,ai-finance-accounting,6,AI Mileage Trackers,ai-mileage-trackers,,,,
Artificial Intelligence & ML,artificial-intelligence-ml,23,AI Finance & Accounting,ai-finance-accounting,7,AI Per Diem Calculators,ai-per-diem-calculators,,,,
Artificial Intelligence & ML,artificial-intelligence-ml,23,AI Finance & Accounting,ai-finance-accounting,8,AI Freelancer Bookkeeping,ai-freelancer-bookkeeping,1,Accounting AI,Bookkeeping Automation,accounting-ai-bookkeeping-automation
Artificial Intelligence & ML,artificial-intelligence-ml,23,AI Finance & Accounting,ai-finance-accounting,9,AI Small-Business Bookkeeping,ai-small-business-bookkeeping,,,,
Artificial Intelligence & ML,artificial-intelligence-ml,23,AI Finance & Accounting,ai-finance-accounting,10,AI Sales Tax Compliance,ai-sales-tax-compliance,1,Accounting AI,Tax Preparation AI,accounting-ai-tax-preparation-ai
Artificial Intelligence & ML,artificial-intelligence-ml,23,AI Finance & Accounting,ai-finance-accounting,11,AI VAT Compliance,ai-vat-compliance,,,,
Artificial Intelligence & ML,artificial-intelligence-ml,23,AI Finance & Accounting,ai-finance-accounting,12,AI Tax Filing Helpers,ai-tax-filing-helpers,,,,
Artificial Intelligence & ML,artificial-intelligence-ml,23,AI Finance & Accounting,ai-finance-accounting,13,AI Crypto Tax Calculators,ai-crypto-tax-calculators,1,Investment AI,Crypto Trading AI,investment-ai-crypto-trading-ai
Artificial Intelligence & ML,artificial-intelligence-ml,23,AI Finance & Accounting,ai-finance-accounting,14,AI W-9 / 1099 Helpers,ai-w-9-1099-helpers,,,,
Artificial Intelligence & ML,artificial-intelligence-ml,23,AI Finance & Accounting,ai-finance-accounting,15,AI Payroll Helpers,ai-payroll-helpers,,,,
Artificial Intelligence & ML,artificial-intelligence-ml,23,AI Finance & Accounting,ai-finance-accounting,16,AI Cap Table Tools,ai-cap-table-tools,,,,
Artificial Intelligence & ML,artificial-intelligence-ml,23,AI Finance & Accounting,ai-finance-accounting,17,AI Startup Financial Models,ai-startup-financial-models,1,Accounting AI,Financial Close AI,accounting-ai-financial-close-ai
Artificial Intelligence & ML,artificial-intelligence-ml,23,AI Finance & Accounting,ai-finance-accounting,18,AI Investor Update Generators,ai-investor-update-generators,,,,
Artificial Intelligence & ML,artificial-intelligence-ml,23,AI Finance & Accounting,ai-finance-accounting,19,AI Pitch Deck Financial Slides,ai-pitch-deck-financial-slides,1,Pitch & Demo AI,Investor Deck AI,pitch-demo-ai-investor-deck-ai
Artificial Intelligence & ML,artificial-intelligence-ml,23,AI Finance & Accounting,ai-finance-accounting,19,AI Pitch Deck Financial Slides,ai-pitch-deck-financial-slides,2,Pitch & Demo AI,Financial Projection AI,pitch-demo-ai-financial-projection-ai
Artificial Intelligence & ML,artificial-intelligence-ml,23,AI Finance & Accounting,ai-finance-accounting,20,AI Unit Economics Calculators,ai-unit-economics-calculators,,,,
Artificial Intelligence & ML,artificial-intelligence-ml,23,AI Finance & Accounting,ai-finance-accounting,21,AI ROI Calculators,ai-roi-calculators,,,,
Artificial Intelligence & ML,artificial-intelligence-ml,23,AI Finance & Accounting,ai-finance-accounting,22,AI Mortgage Calculators,ai-mortgage-calculators,,,,
Artificial Intelligence & ML,artificial-intelligence-ml,23,AI Finance & Accounting,ai-finance-accounting,23,AI Loan Comparison Tools,ai-loan-comparison-tools,,,,
Artificial Intelligence & ML,artificial-intelligence-ml,23,AI Finance & Accounting,ai-finance-accounting,24,AI Insurance Comparison Tools,ai-insurance-comparison-tools,,,,
Artificial Intelligence & ML,artificial-intelligence-ml,23,AI Finance & Accounting,ai-finance-accounting,25,AI Stock Idea Generators,ai-stock-idea-generators,1,Investment AI,Stock Analysis AI,investment-ai-stock-analysis-ai
Artificial Intelligence & ML,artificial-intelligence-ml,23,AI Finance & Accounting,ai-finance-accounting,26,AI Earnings Report Summarizers,ai-earnings-report-summarizers,,,,
Artificial Intelligence & ML,artificial-intelligence-ml,23,AI Finance & Accounting,ai-finance-accounting,27,AI Stock Screener Copilots,ai-stock-screener-copilots,,,,
Artificial Intelligence & ML,artificial-intelligence-ml,23,AI Finance & Accounting,ai-finance-accounting,28,AI Crypto Market Analyzers,ai-crypto-market-analyzers,1,Investment AI,Market Sentiment AI,investment-ai-market-sentiment-ai
Artificial Intelligence & ML,artificial-intelligence-ml,23,AI Finance & Accounting,ai-finance-accounting,29,AI On-Chain Analytics,ai-on-chain-analytics,1,Supply Chain AI,Demand Planning AI,supply-chain-ai-demand-planning-ai
Artificial Intelligence & ML,artificial-intelligence-ml,23,AI Finance & Accounting,ai-finance-accounting,29,AI On-Chain Analytics,ai-on-chain-analytics,2,Supply Chain AI,Inventory Optimization,supply-chain-ai-inventory-optimization
Artificial Intelligence & ML,artificial-intelligence-ml,23,AI Finance & Accounting,ai-finance-accounting,29,AI On-Chain Analytics,ai-on-chain-analytics,3,Supply Chain AI,Supplier Risk AI,supply-chain-ai-supplier-risk-ai
Artificial Intelligence & ML,artificial-intelligence-ml,23,AI Finance & Accounting,ai-finance-accounting,29,AI On-Chain Analytics,ai-on-chain-analytics,4,Supply Chain AI,Logistics Routing AI,supply-chain-ai-logistics-routing-ai
Artificial Intelligence & ML,artificial-intelligence-ml,23,AI Finance & Accounting,ai-finance-accounting,29,AI On-Chain Analytics,ai-on-chain-analytics,5,Supply Chain AI,Warehouse AI,supply-chain-ai-warehouse-ai
Artificial Intelligence & ML,artificial-intelligence-ml,23,AI Finance & Accounting,ai-finance-accounting,29,AI On-Chain Analytics,ai-on-chain-analytics,6,Supply Chain AI,Procurement AI,supply-chain-ai-procurement-ai
Artificial Intelligence & ML,artificial-intelligence-ml,23,AI Finance & Accounting,ai-finance-accounting,29,AI On-Chain Analytics,ai-on-chain-analytics,7,Supply Chain AI,Quality Prediction,supply-chain-ai-quality-prediction
Artificial Intelligence & ML,artificial-intelligence-ml,23,AI Finance & Accounting,ai-finance-accounting,29,AI On-Chain Analytics,ai-on-chain-analytics,8,Supply Chain AI,Supply Chain Visibility,supply-chain-ai-supply-chain-visibility
Artificial Intelligence & ML,artificial-intelligence-ml,23,AI Finance & Accounting,ai-finance-accounting,29,AI On-Chain Analytics,ai-on-chain-analytics,9,Supply Chain AI,Carbon Footprint AI,supply-chain-ai-carbon-footprint-ai
Artificial Intelligence & ML,artificial-intelligence-ml,23,AI Finance & Accounting,ai-finance-accounting,29,AI On-Chain Analytics,ai-on-chain-analytics,10,Supply Chain AI,Trade Compliance AI,supply-chain-ai-trade-compliance-ai
Artificial Intelligence & ML,artificial-intelligence-ml,23,AI Finance & Accounting,ai-finance-accounting,29,AI On-Chain Analytics,ai-on-chain-analytics,11,Supply Chain AI,Shipment Tracking AI,supply-chain-ai-shipment-tracking-ai
Artificial Intelligence & ML,artificial-intelligence-ml,23,AI Finance & Accounting,ai-finance-accounting,29,AI On-Chain Analytics,ai-on-chain-analytics,12,Supply Chain AI,Demand Forecasting Logistics,supply-chain-ai-demand-forecasting-logistics
Artificial Intelligence & ML,artificial-intelligence-ml,23,AI Finance & Accounting,ai-finance-accounting,29,AI On-Chain Analytics,ai-on-chain-analytics,13,Supply Chain AI,Warehouse Robotics,supply-chain-ai-warehouse-robotics
Artificial Intelligence & ML,artificial-intelligence-ml,23,AI Finance & Accounting,ai-finance-accounting,29,AI On-Chain Analytics,ai-on-chain-analytics,14,Supply Chain AI,Fleet Telematics AI,supply-chain-ai-fleet-telematics-ai
Artificial Intelligence & ML,artificial-intelligence-ml,23,AI Finance & Accounting,ai-finance-accounting,29,AI On-Chain Analytics,ai-on-chain-analytics,15,Supply Chain AI,Customs AI,supply-chain-ai-customs-ai
Artificial Intelligence & ML,artificial-intelligence-ml,23,AI Finance & Accounting,ai-finance-accounting,29,AI On-Chain Analytics,ai-on-chain-analytics,16,Supply Chain AI,Cross-Border AI,supply-chain-ai-cross-border-ai
Artificial Intelligence & ML,artificial-intelligence-ml,23,AI Finance & Accounting,ai-finance-accounting,29,AI On-Chain Analytics,ai-on-chain-analytics,17,Supply Chain AI,Cold Chain AI,supply-chain-ai-cold-chain-ai
Artificial Intelligence & ML,artificial-intelligence-ml,23,AI Finance & Accounting,ai-finance-accounting,29,AI On-Chain Analytics,ai-on-chain-analytics,18,Supply Chain AI,Returns Optimization,supply-chain-ai-returns-optimization
Artificial Intelligence & ML,artificial-intelligence-ml,23,AI Finance & Accounting,ai-finance-accounting,29,AI On-Chain Analytics,ai-on-chain-analytics,19,Supply Chain AI,Last Mile AI,supply-chain-ai-last-mile-ai
Artificial Intelligence & ML,artificial-intelligence-ml,23,AI Finance & Accounting,ai-finance-accounting,30,AI DeFi Yield Trackers,ai-defi-yield-trackers,,,,
Artificial Intelligence & ML,artificial-intelligence-ml,23,AI Finance & Accounting,ai-finance-accounting,31,AI Trading Strategy Backtesters,ai-trading-strategy-backtesters,1,Investment AI,Quantitative Trading,investment-ai-quantitative-trading
Artificial Intelligence & ML,artificial-intelligence-ml,23,AI Finance & Accounting,ai-finance-accounting,32,AI Risk Scoring Tools,ai-risk-scoring-tools,1,Investment AI,Risk Assessment AI,investment-ai-risk-assessment-ai
Artificial Intelligence & ML,artificial-intelligence-ml,23,AI Finance & Accounting,ai-finance-accounting,32,AI Risk Scoring Tools,ai-risk-scoring-tools,2,Investment AI,ESG Scoring AI,investment-ai-esg-scoring-ai
Artificial Intelligence & ML,artificial-intelligence-ml,23,AI Finance & Accounting,ai-finance-accounting,33,AI Credit Decisioning Tools,ai-credit-decisioning-tools,,,,
Artificial Intelligence & ML,artificial-intelligence-ml,23,AI Finance & Accounting,ai-finance-accounting,34,AI AML Transaction Monitoring,ai-aml-transaction-monitoring,,,,
Artificial Intelligence & ML,artificial-intelligence-ml,23,AI Finance & Accounting,ai-finance-accounting,35,AI KYC Document Verifiers,ai-kyc-document-verifiers,,,,
Artificial Intelligence & ML,artificial-intelligence-ml,24,AI Legal & Contracts,ai-legal-contracts,1,AI Lease Reviewers,ai-lease-reviewers,,,,
Artificial Intelligence & ML,artificial-intelligence-ml,24,AI Legal & Contracts,ai-legal-contracts,2,AI NDA Reviewers,ai-nda-reviewers,,,,
Artificial Intelligence & ML,artificial-intelligence-ml,24,AI Legal & Contracts,ai-legal-contracts,3,AI Employment Contract Reviewers,ai-employment-contract-reviewers,1,Contract AI,Contract Drafting AI,contract-ai-contract-drafting-ai
Artificial Intelligence & ML,artificial-intelligence-ml,24,AI Legal & Contracts,ai-legal-contracts,3,AI Employment Contract Reviewers,ai-employment-contract-reviewers,2,Contract AI,Contract Review AI,contract-ai-contract-review-ai
Artificial Intelligence & ML,artificial-intelligence-ml,24,AI Legal & Contracts,ai-legal-contracts,3,AI Employment Contract Reviewers,ai-employment-contract-reviewers,3,Contract AI,Clause Analysis,contract-ai-clause-analysis
Artificial Intelligence & ML,artificial-intelligence-ml,24,AI Legal & Contracts,ai-legal-contracts,3,AI Employment Contract Reviewers,ai-employment-contract-reviewers,4,Contract AI,Risk Identification,contract-ai-risk-identification
Artificial Intelligence & ML,artificial-intelligence-ml,24,AI Legal & Contracts,ai-legal-contracts,3,AI Employment Contract Reviewers,ai-employment-contract-reviewers,5,Contract AI,Obligation Tracking,contract-ai-obligation-tracking
Artificial Intelligence & ML,artificial-intelligence-ml,24,AI Legal & Contracts,ai-legal-contracts,3,AI Employment Contract Reviewers,ai-employment-contract-reviewers,6,Contract AI,Contract Comparison,contract-ai-contract-comparison
Artificial Intelligence & ML,artificial-intelligence-ml,24,AI Legal & Contracts,ai-legal-contracts,3,AI Employment Contract Reviewers,ai-employment-contract-reviewers,7,Contract AI,Template Generation,contract-ai-template-generation
Artificial Intelligence & ML,artificial-intelligence-ml,24,AI Legal & Contracts,ai-legal-contracts,3,AI Employment Contract Reviewers,ai-employment-contract-reviewers,8,Contract AI,E-Signature Intelligence,contract-ai-e-signature-intelligence
Artificial Intelligence & ML,artificial-intelligence-ml,24,AI Legal & Contracts,ai-legal-contracts,3,AI Employment Contract Reviewers,ai-employment-contract-reviewers,9,Contract AI,Contract Analytics,contract-ai-contract-analytics
Artificial Intelligence & ML,artificial-intelligence-ml,24,AI Legal & Contracts,ai-legal-contracts,4,AI Vendor Contract Reviewers,ai-vendor-contract-reviewers,,,,
Artificial Intelligence & ML,artificial-intelligence-ml,24,AI Legal & Contracts,ai-legal-contracts,5,AI Privacy Policy Reviewers,ai-privacy-policy-reviewers,,,,
Artificial Intelligence & ML,artificial-intelligence-ml,24,AI Legal & Contracts,ai-legal-contracts,6,AI Terms of Service Reviewers,ai-terms-of-service-reviewers,,,,
Artificial Intelligence & ML,artificial-intelligence-ml,24,AI Legal & Contracts,ai-legal-contracts,7,AI Freelance Contract Builders,ai-freelance-contract-builders,1,Freelance AI,Freelance Proposal AI,freelance-ai-freelance-proposal-ai
Artificial Intelligence & ML,artificial-intelligence-ml,24,AI Legal & Contracts,ai-legal-contracts,7,AI Freelance Contract Builders,ai-freelance-contract-builders,2,Freelance AI,Rate Calculator AI,freelance-ai-rate-calculator-ai
Artificial Intelligence & ML,artificial-intelligence-ml,24,AI Legal & Contracts,ai-legal-contracts,7,AI Freelance Contract Builders,ai-freelance-contract-builders,3,Freelance AI,Client Finder AI,freelance-ai-client-finder-ai
Artificial Intelligence & ML,artificial-intelligence-ml,24,AI Legal & Contracts,ai-legal-contracts,7,AI Freelance Contract Builders,ai-freelance-contract-builders,4,Freelance AI,Invoice Generator Freelance AI,freelance-ai-invoice-generator-freelance-ai
Artificial Intelligence & ML,artificial-intelligence-ml,24,AI Legal & Contracts,ai-legal-contracts,7,AI Freelance Contract Builders,ai-freelance-contract-builders,5,Freelance AI,Contract Template AI,freelance-ai-contract-template-ai
Artificial Intelligence & ML,artificial-intelligence-ml,24,AI Legal & Contracts,ai-legal-contracts,7,AI Freelance Contract Builders,ai-freelance-contract-builders,6,Freelance AI,Time Tracker AI Freelance,freelance-ai-time-tracker-ai-freelance
Artificial Intelligence & ML,artificial-intelligence-ml,24,AI Legal & Contracts,ai-legal-contracts,7,AI Freelance Contract Builders,ai-freelance-contract-builders,7,Freelance AI,Portfolio Site AI,freelance-ai-portfolio-site-ai
Artificial Intelligence & ML,artificial-intelligence-ml,24,AI Legal & Contracts,ai-legal-contracts,7,AI Freelance Contract Builders,ai-freelance-contract-builders,8,Freelance AI,Testimonial Request AI,freelance-ai-testimonial-request-ai
Artificial Intelligence & ML,artificial-intelligence-ml,24,AI Legal & Contracts,ai-legal-contracts,7,AI Freelance Contract Builders,ai-freelance-contract-builders,9,Freelance AI,Tax Estimator Freelance,freelance-ai-tax-estimator-freelance
Artificial Intelligence & ML,artificial-intelligence-ml,24,AI Legal & Contracts,ai-legal-contracts,7,AI Freelance Contract Builders,ai-freelance-contract-builders,10,Freelance AI,Upwork Proposal Writer AI,freelance-ai-upwork-proposal-writer-ai
Artificial Intelligence & ML,artificial-intelligence-ml,24,AI Legal & Contracts,ai-legal-contracts,8,AI Cease & Desist Drafters,ai-cease-desist-drafters,,,,
Artificial Intelligence & ML,artificial-intelligence-ml,24,AI Legal & Contracts,ai-legal-contracts,9,AI Demand Letter Drafters,ai-demand-letter-drafters,,,,
Artificial Intelligence & ML,artificial-intelligence-ml,24,AI Legal & Contracts,ai-legal-contracts,10,AI Will & Trust Drafters,ai-will-trust-drafters,,,,
Artificial Intelligence & ML,artificial-intelligence-ml,24,AI Legal & Contracts,ai-legal-contracts,11,AI Power of Attorney Generators,ai-power-of-attorney-generators,,,,
Artificial Intelligence & ML,artificial-intelligence-ml,24,AI Legal & Contracts,ai-legal-contracts,12,AI Small Claims Helpers,ai-small-claims-helpers,,,,
Artificial Intelligence & ML,artificial-intelligence-ml,24,AI Legal & Contracts,ai-legal-contracts,13,AI Tenant Rights Helpers,ai-tenant-rights-helpers,,,,
Artificial Intelligence & ML,artificial-intelligence-ml,24,AI Legal & Contracts,ai-legal-contracts,14,AI Immigration Form Helpers,ai-immigration-form-helpers,,,,
Artificial Intelligence & ML,artificial-intelligence-ml,24,AI Legal & Contracts,ai-legal-contracts,15,AI Visa Application Helpers,ai-visa-application-helpers,,,,
Artificial Intelligence & ML,artificial-intelligence-ml,24,AI Legal & Contracts,ai-legal-contracts,16,AI Trademark Filing Helpers,ai-trademark-filing-helpers,,,,
Artificial Intelligence & ML,artificial-intelligence-ml,24,AI Legal & Contracts,ai-legal-contracts,17,AI Copyright Registration Helpers,ai-copyright-registration-helpers,,,,
Artificial Intelligence & ML,artificial-intelligence-ml,24,AI Legal & Contracts,ai-legal-contracts,18,AI Patent Claim Drafters,ai-patent-claim-drafters,,,,
Artificial Intelligence & ML,artificial-intelligence-ml,24,AI Legal & Contracts,ai-legal-contracts,19,AI Legal Hold Tools,ai-legal-hold-tools,,,,
Artificial Intelligence & ML,artificial-intelligence-ml,24,AI Legal & Contracts,ai-legal-contracts,20,AI eDiscovery Reviewers,ai-ediscovery-reviewers,,,,
Artificial Intelligence & ML,artificial-intelligence-ml,24,AI Legal & Contracts,ai-legal-contracts,21,AI Privilege Log Generators,ai-privilege-log-generators,,,,
Artificial Intelligence & ML,artificial-intelligence-ml,24,AI Legal & Contracts,ai-legal-contracts,22,AI Court Filing Drafters,ai-court-filing-drafters,,,,
Artificial Intelligence & ML,artificial-intelligence-ml,24,AI Legal & Contracts,ai-legal-contracts,23,AI Deposition Prep Tools,ai-deposition-prep-tools,,,,
Artificial Intelligence & ML,artificial-intelligence-ml,24,AI Legal & Contracts,ai-legal-contracts,24,AI Legal Memo Drafters,ai-legal-memo-drafters,,,,
Artificial Intelligence & ML,artificial-intelligence-ml,25,"AI HR, Recruiting & Careers",ai-hr-recruiting-careers,1,AI Resume Parsers,ai-resume-parsers,1,Recruiting AI,Resume Screening AI,recruiting-ai-resume-screening-ai
Artificial Intelligence & ML,artificial-intelligence-ml,25,"AI HR, Recruiting & Careers",ai-hr-recruiting-careers,1,AI Resume Parsers,ai-resume-parsers,2,Recruiting AI,Employer Branding AI,recruiting-ai-employer-branding-ai
Artificial Intelligence & ML,artificial-intelligence-ml,25,"AI HR, Recruiting & Careers",ai-hr-recruiting-careers,1,AI Resume Parsers,ai-resume-parsers,3,Recruiting AI,Diversity Hiring AI,recruiting-ai-diversity-hiring-ai
Artificial Intelligence & ML,artificial-intelligence-ml,25,"AI HR, Recruiting & Careers",ai-hr-recruiting-careers,1,AI Resume Parsers,ai-resume-parsers,4,Recruiting AI,Campus Recruiting AI,recruiting-ai-campus-recruiting-ai
Artificial Intelligence & ML,artificial-intelligence-ml,25,"AI HR, Recruiting & Careers",ai-hr-recruiting-careers,2,AI Resume Optimizers for ATS,ai-resume-optimizers-for-ats,,,,
Artificial Intelligence & ML,artificial-intelligence-ml,25,"AI HR, Recruiting & Careers",ai-hr-recruiting-careers,3,AI Resume Keyword Matchers,ai-resume-keyword-matchers,,,,
Artificial Intelligence & ML,artificial-intelligence-ml,25,"AI HR, Recruiting & Careers",ai-hr-recruiting-careers,4,AI Cover Letter Tailoring,ai-cover-letter-tailoring,1,Recruiting AI,Offer Letter AI,recruiting-ai-offer-letter-ai
Artificial Intelligence & ML,artificial-intelligence-ml,25,"AI HR, Recruiting & Careers",ai-hr-recruiting-careers,5,AI LinkedIn Profile Optimizers,ai-linkedin-profile-optimizers,,,,
Artificial Intelligence & ML,artificial-intelligence-ml,25,"AI HR, Recruiting & Careers",ai-hr-recruiting-careers,6,AI Job Search Agents,ai-job-search-agents,1,Job Hunting AI,Resume Builder AI,job-hunting-ai-resume-builder-ai
Artificial Intelligence & ML,artificial-intelligence-ml,25,"AI HR, Recruiting & Careers",ai-hr-recruiting-careers,6,AI Job Search Agents,ai-job-search-agents,2,Job Hunting AI,Cover Letter AI,job-hunting-ai-cover-letter-ai
Artificial Intelligence & ML,artificial-intelligence-ml,25,"AI HR, Recruiting & Careers",ai-hr-recruiting-careers,6,AI Job Search Agents,ai-job-search-agents,3,Job Hunting AI,LinkedIn Profile Optimizer,job-hunting-ai-linkedin-profile-optimizer
Artificial Intelligence & ML,artificial-intelligence-ml,25,"AI HR, Recruiting & Careers",ai-hr-recruiting-careers,6,AI Job Search Agents,ai-job-search-agents,4,Job Hunting AI,Job Match AI,job-hunting-ai-job-match-ai
Artificial Intelligence & ML,artificial-intelligence-ml,25,"AI HR, Recruiting & Careers",ai-hr-recruiting-careers,6,AI Job Search Agents,ai-job-search-agents,5,Job Hunting AI,Salary Negotiator AI,job-hunting-ai-salary-negotiator-ai
Artificial Intelligence & ML,artificial-intelligence-ml,25,"AI HR, Recruiting & Careers",ai-hr-recruiting-careers,6,AI Job Search Agents,ai-job-search-agents,6,Job Hunting AI,Interview Prep AI,job-hunting-ai-interview-prep-ai
Artificial Intelligence & ML,artificial-intelligence-ml,25,"AI HR, Recruiting & Careers",ai-hr-recruiting-careers,6,AI Job Search Agents,ai-job-search-agents,7,Job Hunting AI,Portfolio Builder AI,job-hunting-ai-portfolio-builder-ai
Artificial Intelligence & ML,artificial-intelligence-ml,25,"AI HR, Recruiting & Careers",ai-hr-recruiting-careers,6,AI Job Search Agents,ai-job-search-agents,8,Job Hunting AI,Career Path Advisor,job-hunting-ai-career-path-advisor
Artificial Intelligence & ML,artificial-intelligence-ml,25,"AI HR, Recruiting & Careers",ai-hr-recruiting-careers,6,AI Job Search Agents,ai-job-search-agents,9,Job Hunting AI,Networking Suggestion AI,job-hunting-ai-networking-suggestion-ai
Artificial Intelligence & ML,artificial-intelligence-ml,25,"AI HR, Recruiting & Careers",ai-hr-recruiting-careers,6,AI Job Search Agents,ai-job-search-agents,10,Job Hunting AI,Follow-Up Email AI Job,job-hunting-ai-follow-up-email-ai-job
Artificial Intelligence & ML,artificial-intelligence-ml,25,"AI HR, Recruiting & Careers",ai-hr-recruiting-careers,7,AI Job Match Engines,ai-job-match-engines,,,,
Artificial Intelligence & ML,artificial-intelligence-ml,25,"AI HR, Recruiting & Careers",ai-hr-recruiting-careers,8,AI Career Path Planners,ai-career-path-planners,,,,
Artificial Intelligence & ML,artificial-intelligence-ml,25,"AI HR, Recruiting & Careers",ai-hr-recruiting-careers,9,AI Salary Negotiation Coaches,ai-salary-negotiation-coaches,,,,
Artificial Intelligence & ML,artificial-intelligence-ml,25,"AI HR, Recruiting & Careers",ai-hr-recruiting-careers,10,AI Mock Behavioral Interviewers,ai-mock-behavioral-interviewers,,,,
Artificial Intelligence & ML,artificial-intelligence-ml,25,"AI HR, Recruiting & Careers",ai-hr-recruiting-careers,11,AI Mock Technical Interviewers,ai-mock-technical-interviewers,,,,
Artificial Intelligence & ML,artificial-intelligence-ml,25,"AI HR, Recruiting & Careers",ai-hr-recruiting-careers,12,AI Mock Case Interviewers,ai-mock-case-interviewers,,,,
Artificial Intelligence & ML,artificial-intelligence-ml,25,"AI HR, Recruiting & Careers",ai-hr-recruiting-careers,13,AI Pitch Practice Tools,ai-pitch-practice-tools,,,,
Artificial Intelligence & ML,artificial-intelligence-ml,25,"AI HR, Recruiting & Careers",ai-hr-recruiting-careers,14,AI Recruiter Sourcing Tools,ai-recruiter-sourcing-tools,,,,
Artificial Intelligence & ML,artificial-intelligence-ml,25,"AI HR, Recruiting & Careers",ai-hr-recruiting-careers,15,AI Boolean Search Builders,ai-boolean-search-builders,,,,
Artificial Intelligence & ML,artificial-intelligence-ml,25,"AI HR, Recruiting & Careers",ai-hr-recruiting-careers,16,AI Candidate Outreach Tools,ai-candidate-outreach-tools,1,Recruiting AI,Candidate Matching AI,recruiting-ai-candidate-matching-ai
Artificial Intelligence & ML,artificial-intelligence-ml,25,"AI HR, Recruiting & Careers",ai-hr-recruiting-careers,17,AI Interview Scheduling Bots,ai-interview-scheduling-bots,1,Recruiting AI,Interview Scheduling AI,recruiting-ai-interview-scheduling-ai
Artificial Intelligence & ML,artificial-intelligence-ml,25,"AI HR, Recruiting & Careers",ai-hr-recruiting-careers,17,AI Interview Scheduling Bots,ai-interview-scheduling-bots,2,Recruiting AI,Video Interview AI,recruiting-ai-video-interview-ai
Artificial Intelligence & ML,artificial-intelligence-ml,25,"AI HR, Recruiting & Careers",ai-hr-recruiting-careers,18,AI Reference Checking Bots,ai-reference-checking-bots,1,Recruiting AI,Reference Check AI,recruiting-ai-reference-check-ai
Artificial Intelligence & ML,artificial-intelligence-ml,25,"AI HR, Recruiting & Careers",ai-hr-recruiting-careers,19,AI Skills Assessment Builders,ai-skills-assessment-builders,1,Recruiting AI,Skills Assessment AI,recruiting-ai-skills-assessment-ai
Artificial Intelligence & ML,artificial-intelligence-ml,25,"AI HR, Recruiting & Careers",ai-hr-recruiting-careers,20,AI Coding Test Generators,ai-coding-test-generators,,,,
Artificial Intelligence & ML,artificial-intelligence-ml,25,"AI HR, Recruiting & Careers",ai-hr-recruiting-careers,21,AI Personality Assessment Tools,ai-personality-assessment-tools,,,,
Artificial Intelligence & ML,artificial-intelligence-ml,25,"AI HR, Recruiting & Careers",ai-hr-recruiting-careers,22,AI Onboarding Buddy Bots,ai-onboarding-buddy-bots,,,,
Artificial Intelligence & ML,artificial-intelligence-ml,25,"AI HR, Recruiting & Careers",ai-hr-recruiting-careers,23,AI Employee Handbook Q&A,ai-employee-handbook-qa,,,,
Artificial Intelligence & ML,artificial-intelligence-ml,25,"AI HR, Recruiting & Careers",ai-hr-recruiting-careers,24,AI Internal Mobility Tools,ai-internal-mobility-tools,,,,
Artificial Intelligence & ML,artificial-intelligence-ml,25,"AI HR, Recruiting & Careers",ai-hr-recruiting-careers,25,AI Performance Review Drafters,ai-performance-review-drafters,1,Code Review & Debug,Performance Optimizer,code-review-debug-performance-optimizer
Artificial Intelligence & ML,artificial-intelligence-ml,25,"AI HR, Recruiting & Careers",ai-hr-recruiting-careers,26,AI 360 Feedback Synthesizers,ai-360-feedback-synthesizers,1,Seller Tools AI,Seller Feedback AI,seller-tools-ai-seller-feedback-ai
Artificial Intelligence & ML,artificial-intelligence-ml,25,"AI HR, Recruiting & Careers",ai-hr-recruiting-careers,27,AI Engagement Pulse Tools,ai-engagement-pulse-tools,,,,
Artificial Intelligence & ML,artificial-intelligence-ml,25,"AI HR, Recruiting & Careers",ai-hr-recruiting-careers,28,AI Compensation Benchmarking,ai-compensation-benchmarking,1,People Analytics,Compensation Benchmarking,people-analytics-compensation-benchmarking
Artificial Intelligence & ML,artificial-intelligence-ml,26,AI Education & Tutoring,ai-education-tutoring,1,AI K-12 Math Tutors,ai-k-12-math-tutors,1,Teaching AI,AI Tutoring,teaching-ai-ai-tutoring
Artificial Intelligence & ML,artificial-intelligence-ml,26,AI Education & Tutoring,ai-education-tutoring,2,AI K-12 Reading Tutors,ai-k-12-reading-tutors,,,,
Artificial Intelligence & ML,artificial-intelligence-ml,26,AI Education & Tutoring,ai-education-tutoring,3,AI K-12 Science Tutors,ai-k-12-science-tutors,,,,
Artificial Intelligence & ML,artificial-intelligence-ml,26,AI Education & Tutoring,ai-education-tutoring,4,AI College Math Tutors,ai-college-math-tutors,,,,
Artificial Intelligence & ML,artificial-intelligence-ml,26,AI Education & Tutoring,ai-education-tutoring,5,AI College Writing Tutors,ai-college-writing-tutors,,,,
Artificial Intelligence & ML,artificial-intelligence-ml,26,AI Education & Tutoring,ai-education-tutoring,6,AI Programming Tutors,ai-programming-tutors,,,,
Artificial Intelligence & ML,artificial-intelligence-ml,26,AI Education & Tutoring,ai-education-tutoring,7,AI Statistics Tutors,ai-statistics-tutors,,,,
Artificial Intelligence & ML,artificial-intelligence-ml,26,AI Education & Tutoring,ai-education-tutoring,8,AI Physics Tutors,ai-physics-tutors,,,,
Artificial Intelligence & ML,artificial-intelligence-ml,26,AI Education & Tutoring,ai-education-tutoring,9,AI Chemistry Tutors,ai-chemistry-tutors,,,,
Artificial Intelligence & ML,artificial-intelligence-ml,26,AI Education & Tutoring,ai-education-tutoring,10,AI Biology Tutors,ai-biology-tutors,,,,
Artificial Intelligence & ML,artificial-intelligence-ml,26,AI Education & Tutoring,ai-education-tutoring,11,AI History Tutors,ai-history-tutors,1,Family History AI,Family Tree Builder AI,family-history-ai-family-tree-builder-ai
Artificial Intelligence & ML,artificial-intelligence-ml,26,AI Education & Tutoring,ai-education-tutoring,11,AI History Tutors,ai-history-tutors,2,Family History AI,Ancestor Photo Restorer,family-history-ai-ancestor-photo-restorer
Artificial Intelligence & ML,artificial-intelligence-ml,26,AI Education & Tutoring,ai-education-tutoring,11,AI History Tutors,ai-history-tutors,3,Family History AI,DNA Result Interpreter,family-history-ai-dna-result-interpreter
Artificial Intelligence & ML,artificial-intelligence-ml,26,AI Education & Tutoring,ai-education-tutoring,11,AI History Tutors,ai-history-tutors,4,Family History AI,Historical Record Finder,family-history-ai-historical-record-finder
Artificial Intelligence & ML,artificial-intelligence-ml,26,AI Education & Tutoring,ai-education-tutoring,11,AI History Tutors,ai-history-tutors,5,Family History AI,Heritage Recipe Finder,family-history-ai-heritage-recipe-finder
Artificial Intelligence & ML,artificial-intelligence-ml,26,AI Education & Tutoring,ai-education-tutoring,11,AI History Tutors,ai-history-tutors,6,Family History AI,Migration Path Tracer,family-history-ai-migration-path-tracer
Artificial Intelligence & ML,artificial-intelligence-ml,26,AI Education & Tutoring,ai-education-tutoring,11,AI History Tutors,ai-history-tutors,7,Family History AI,Surname Origin AI,family-history-ai-surname-origin-ai
Artificial Intelligence & ML,artificial-intelligence-ml,26,AI Education & Tutoring,ai-education-tutoring,11,AI History Tutors,ai-history-tutors,8,Family History AI,Historical Photo Colorizer,family-history-ai-historical-photo-colorizer
Artificial Intelligence & ML,artificial-intelligence-ml,26,AI Education & Tutoring,ai-education-tutoring,11,AI History Tutors,ai-history-tutors,9,Family History AI,Family Story Writer,family-history-ai-family-story-writer
Artificial Intelligence & ML,artificial-intelligence-ml,26,AI Education & Tutoring,ai-education-tutoring,11,AI History Tutors,ai-history-tutors,10,Family History AI,Obituary Writer AI,family-history-ai-obituary-writer-ai
Artificial Intelligence & ML,artificial-intelligence-ml,26,AI Education & Tutoring,ai-education-tutoring,12,AI Geography Tutors,ai-geography-tutors,,,,
Artificial Intelligence & ML,artificial-intelligence-ml,26,AI Education & Tutoring,ai-education-tutoring,13,AI SAT Prep Tutors,ai-sat-prep-tutors,,,,
Artificial Intelligence & ML,artificial-intelligence-ml,26,AI Education & Tutoring,ai-education-tutoring,14,AI ACT Prep Tutors,ai-act-prep-tutors,,,,
Artificial Intelligence & ML,artificial-intelligence-ml,26,AI Education & Tutoring,ai-education-tutoring,15,AI GRE Prep Tutors,ai-gre-prep-tutors,,,,
Artificial Intelligence & ML,artificial-intelligence-ml,26,AI Education & Tutoring,ai-education-tutoring,16,AI GMAT Prep Tutors,ai-gmat-prep-tutors,,,,
Artificial Intelligence & ML,artificial-intelligence-ml,26,AI Education & Tutoring,ai-education-tutoring,17,AI LSAT Prep Tutors,ai-lsat-prep-tutors,,,,
Artificial Intelligence & ML,artificial-intelligence-ml,26,AI Education & Tutoring,ai-education-tutoring,18,AI MCAT Prep Tutors,ai-mcat-prep-tutors,,,,
Artificial Intelligence & ML,artificial-intelligence-ml,26,AI Education & Tutoring,ai-education-tutoring,19,AI IELTS Prep Tutors,ai-ielts-prep-tutors,,,,
Artificial Intelligence & ML,artificial-intelligence-ml,26,AI Education & Tutoring,ai-education-tutoring,20,AI TOEFL Prep Tutors,ai-toefl-prep-tutors,,,,
Artificial Intelligence & ML,artificial-intelligence-ml,26,AI Education & Tutoring,ai-education-tutoring,21,AI Bar Exam Prep Tutors,ai-bar-exam-prep-tutors,,,,
Artificial Intelligence & ML,artificial-intelligence-ml,26,AI Education & Tutoring,ai-education-tutoring,22,AI USMLE Prep Tutors,ai-usmle-prep-tutors,,,,
Artificial Intelligence & ML,artificial-intelligence-ml,26,AI Education & Tutoring,ai-education-tutoring,23,AI CFA Prep Tutors,ai-cfa-prep-tutors,,,,
Artificial Intelligence & ML,artificial-intelligence-ml,26,AI Education & Tutoring,ai-education-tutoring,24,AI AWS Cert Prep Tools,ai-aws-cert-prep-tools,,,,
Artificial Intelligence & ML,artificial-intelligence-ml,26,AI Education & Tutoring,ai-education-tutoring,25,AI Language Conversation Partners,ai-language-conversation-partners,1,Teaching AI,Language Learning AI,teaching-ai-language-learning-ai
Artificial Intelligence & ML,artificial-intelligence-ml,26,AI Education & Tutoring,ai-education-tutoring,26,AI Pronunciation Coaches,ai-pronunciation-coaches,,,,
Artificial Intelligence & ML,artificial-intelligence-ml,26,AI Education & Tutoring,ai-education-tutoring,27,AI Vocabulary Drill Apps,ai-vocabulary-drill-apps,,,,
Artificial Intelligence & ML,artificial-intelligence-ml,26,AI Education & Tutoring,ai-education-tutoring,28,AI Reading Comprehension Helpers,ai-reading-comprehension-helpers,,,,
Artificial Intelligence & ML,artificial-intelligence-ml,26,AI Education & Tutoring,ai-education-tutoring,29,AI Spaced-Repetition Tools,ai-spaced-repetition-tools,,,,
Artificial Intelligence & ML,artificial-intelligence-ml,26,AI Education & Tutoring,ai-education-tutoring,30,AI Flashcard Generators,ai-flashcard-generators,,,,
Artificial Intelligence & ML,artificial-intelligence-ml,26,AI Education & Tutoring,ai-education-tutoring,31,AI Cheat-Sheet Generators,ai-cheat-sheet-generators,,,,
Artificial Intelligence & ML,artificial-intelligence-ml,26,AI Education & Tutoring,ai-education-tutoring,32,AI Study Plan Builders,ai-study-plan-builders,,,,
Artificial Intelligence & ML,artificial-intelligence-ml,26,AI Education & Tutoring,ai-education-tutoring,33,AI Lecture Note Organizers,ai-lecture-note-organizers,,,,
Artificial Intelligence & ML,artificial-intelligence-ml,26,AI Education & Tutoring,ai-education-tutoring,34,AI Lab Report Helpers,ai-lab-report-helpers,1,Academic Writing,Lab Report Helpers,academic-writing-lab-report-helpers
Artificial Intelligence & ML,artificial-intelligence-ml,26,AI Education & Tutoring,ai-education-tutoring,34,AI Lab Report Helpers,ai-lab-report-helpers,2,EdTech Infrastructure,Virtual Lab AI,edtech-infrastructure-virtual-lab-ai
Artificial Intelligence & ML,artificial-intelligence-ml,26,AI Education & Tutoring,ai-education-tutoring,35,AI Citation Helpers,ai-citation-helpers,,,,
Artificial Intelligence & ML,artificial-intelligence-ml,26,AI Education & Tutoring,ai-education-tutoring,36,AI Plagiarism Risk Checkers,ai-plagiarism-risk-checkers,1,Grammar & Editing,Plagiarism Checkers,grammar-editing-plagiarism-checkers
Artificial Intelligence & ML,artificial-intelligence-ml,26,AI Education & Tutoring,ai-education-tutoring,36,AI Plagiarism Risk Checkers,ai-plagiarism-risk-checkers,2,EdTech Infrastructure,Plagiarism Detection,edtech-infrastructure-plagiarism-detection
Artificial Intelligence & ML,artificial-intelligence-ml,26,AI Education & Tutoring,ai-education-tutoring,37,AI Lesson Plan Builders for Teachers,ai-lesson-plan-builders-for-teachers,1,Teaching AI,Lesson Planning AI,teaching-ai-lesson-planning-ai
Artificial Intelligence & ML,artificial-intelligence-ml,26,AI Education & Tutoring,ai-education-tutoring,38,AI Worksheet Generators,ai-worksheet-generators,,,,
Artificial Intelligence & ML,artificial-intelligence-ml,26,AI Education & Tutoring,ai-education-tutoring,39,AI Rubric Generators,ai-rubric-generators,,,,
Artificial Intelligence & ML,artificial-intelligence-ml,26,AI Education & Tutoring,ai-education-tutoring,40,AI Auto-Grading Tools,ai-auto-grading-tools,1,Teaching AI,Grading & Assessment AI,teaching-ai-grading-assessment-ai
Artificial Intelligence & ML,artificial-intelligence-ml,26,AI Education & Tutoring,ai-education-tutoring,41,AI Differentiated Instruction Tools,ai-differentiated-instruction-tools,,,,
Artificial Intelligence & ML,artificial-intelligence-ml,26,AI Education & Tutoring,ai-education-tutoring,42,AI IEP Drafting Tools,ai-iep-drafting-tools,,,,
Artificial Intelligence & ML,artificial-intelligence-ml,26,AI Education & Tutoring,ai-education-tutoring,43,AI Parent-Teacher Communication Tools,ai-parent-teacher-communication-tools,1,EdTech Infrastructure,Parent Communication AI,edtech-infrastructure-parent-communication-ai
Artificial Intelligence & ML,artificial-intelligence-ml,27,AI Healthcare & Medical,ai-healthcare-medical,1,AI Symptom Triage Tools,ai-symptom-triage-tools,,,,
Artificial Intelligence & ML,artificial-intelligence-ml,27,AI Healthcare & Medical,ai-healthcare-medical,2,AI Medical Knowledge Q&A,ai-medical-knowledge-qa,,,,
Artificial Intelligence & ML,artificial-intelligence-ml,27,AI Healthcare & Medical,ai-healthcare-medical,3,AI Drug Interaction Checkers,ai-drug-interaction-checkers,1,Pharmaceutical AI,Drug Interaction AI,pharmaceutical-ai-drug-interaction-ai
Artificial Intelligence & ML,artificial-intelligence-ml,27,AI Healthcare & Medical,ai-healthcare-medical,4,AI Medication Reminder Bots,ai-medication-reminder-bots,,,,
Artificial Intelligence & ML,artificial-intelligence-ml,27,AI Healthcare & Medical,ai-healthcare-medical,5,AI Chronic Condition Coaches,ai-chronic-condition-coaches,,,,
Artificial Intelligence & ML,artificial-intelligence-ml,27,AI Healthcare & Medical,ai-healthcare-medical,6,AI Diabetes Coaches,ai-diabetes-coaches,,,,
Artificial Intelligence & ML,artificial-intelligence-ml,27,AI Healthcare & Medical,ai-healthcare-medical,7,AI Hypertension Coaches,ai-hypertension-coaches,,,,
Artificial Intelligence & ML,artificial-intelligence-ml,27,AI Healthcare & Medical,ai-healthcare-medical,8,AI Cancer Support Companions,ai-cancer-support-companions,,,,
Artificial Intelligence & ML,artificial-intelligence-ml,27,AI Healthcare & Medical,ai-healthcare-medical,9,AI Pregnancy Tracking Bots,ai-pregnancy-tracking-bots,1,Pregnancy & Newborn,Pregnancy Tracker AI,pregnancy-newborn-pregnancy-tracker-ai
Artificial Intelligence & ML,artificial-intelligence-ml,27,AI Healthcare & Medical,ai-healthcare-medical,9,AI Pregnancy Tracking Bots,ai-pregnancy-tracking-bots,2,Pregnancy & Newborn,Due Date Calculator,pregnancy-newborn-due-date-calculator
Artificial Intelligence & ML,artificial-intelligence-ml,27,AI Healthcare & Medical,ai-healthcare-medical,9,AI Pregnancy Tracking Bots,ai-pregnancy-tracking-bots,3,Pregnancy & Newborn,Nutrition Guide Pregnancy,pregnancy-newborn-nutrition-guide-pregnancy
Artificial Intelligence & ML,artificial-intelligence-ml,27,AI Healthcare & Medical,ai-healthcare-medical,9,AI Pregnancy Tracking Bots,ai-pregnancy-tracking-bots,4,Pregnancy & Newborn,Contraction Timer AI,pregnancy-newborn-contraction-timer-ai
Artificial Intelligence & ML,artificial-intelligence-ml,27,AI Healthcare & Medical,ai-healthcare-medical,9,AI Pregnancy Tracking Bots,ai-pregnancy-tracking-bots,5,Pregnancy & Newborn,Baby Sleep Trainer,pregnancy-newborn-baby-sleep-trainer
Artificial Intelligence & ML,artificial-intelligence-ml,27,AI Healthcare & Medical,ai-healthcare-medical,9,AI Pregnancy Tracking Bots,ai-pregnancy-tracking-bots,6,Pregnancy & Newborn,Breastfeeding Tracker,pregnancy-newborn-breastfeeding-tracker
Artificial Intelligence & ML,artificial-intelligence-ml,27,AI Healthcare & Medical,ai-healthcare-medical,9,AI Pregnancy Tracking Bots,ai-pregnancy-tracking-bots,7,Pregnancy & Newborn,Growth Chart AI,pregnancy-newborn-growth-chart-ai
Artificial Intelligence & ML,artificial-intelligence-ml,27,AI Healthcare & Medical,ai-healthcare-medical,9,AI Pregnancy Tracking Bots,ai-pregnancy-tracking-bots,8,Pregnancy & Newborn,Vaccination Scheduler,pregnancy-newborn-vaccination-scheduler
Artificial Intelligence & ML,artificial-intelligence-ml,27,AI Healthcare & Medical,ai-healthcare-medical,9,AI Pregnancy Tracking Bots,ai-pregnancy-tracking-bots,9,Pregnancy & Newborn,Symptom Checker Baby,pregnancy-newborn-symptom-checker-baby
Artificial Intelligence & ML,artificial-intelligence-ml,27,AI Healthcare & Medical,ai-healthcare-medical,9,AI Pregnancy Tracking Bots,ai-pregnancy-tracking-bots,10,Pregnancy & Newborn,Milestone Development AI,pregnancy-newborn-milestone-development-ai
Artificial Intelligence & ML,artificial-intelligence-ml,27,AI Healthcare & Medical,ai-healthcare-medical,10,AI Postpartum Support Bots,ai-postpartum-support-bots,,,,
Artificial Intelligence & ML,artificial-intelligence-ml,27,AI Healthcare & Medical,ai-healthcare-medical,11,AI Pediatric Symptom Tools,ai-pediatric-symptom-tools,,,,
Artificial Intelligence & ML,artificial-intelligence-ml,27,AI Healthcare & Medical,ai-healthcare-medical,12,AI Elder Care Companions,ai-elder-care-companions,1,Pet Care AI,Pet Health Monitor,pet-care-ai-pet-health-monitor
Artificial Intelligence & ML,artificial-intelligence-ml,27,AI Healthcare & Medical,ai-healthcare-medical,12,AI Elder Care Companions,ai-elder-care-companions,2,Pet Care AI,Dog Training AI,pet-care-ai-dog-training-ai
Artificial Intelligence & ML,artificial-intelligence-ml,27,AI Healthcare & Medical,ai-healthcare-medical,12,AI Elder Care Companions,ai-elder-care-companions,3,Pet Care AI,Cat Behavior AI,pet-care-ai-cat-behavior-ai
Artificial Intelligence & ML,artificial-intelligence-ml,27,AI Healthcare & Medical,ai-healthcare-medical,12,AI Elder Care Companions,ai-elder-care-companions,4,Pet Care AI,Pet Breed Identifier,pet-care-ai-pet-breed-identifier
Artificial Intelligence & ML,artificial-intelligence-ml,27,AI Healthcare & Medical,ai-healthcare-medical,12,AI Elder Care Companions,ai-elder-care-companions,5,Pet Care AI,Pet Nutrition Planner,pet-care-ai-pet-nutrition-planner
Artificial Intelligence & ML,artificial-intelligence-ml,27,AI Healthcare & Medical,ai-healthcare-medical,12,AI Elder Care Companions,ai-elder-care-companions,6,Pet Care AI,Vet Visit Scheduler,pet-care-ai-vet-visit-scheduler
Artificial Intelligence & ML,artificial-intelligence-ml,27,AI Healthcare & Medical,ai-healthcare-medical,12,AI Elder Care Companions,ai-elder-care-companions,7,Pet Care AI,Pet Activity Tracker,pet-care-ai-pet-activity-tracker
Artificial Intelligence & ML,artificial-intelligence-ml,27,AI Healthcare & Medical,ai-healthcare-medical,12,AI Elder Care Companions,ai-elder-care-companions,8,Pet Care AI,Lost Pet Finder AI,pet-care-ai-lost-pet-finder-ai
Artificial Intelligence & ML,artificial-intelligence-ml,27,AI Healthcare & Medical,ai-healthcare-medical,12,AI Elder Care Companions,ai-elder-care-companions,9,Pet Care AI,Pet Photo Enhancer,pet-care-ai-pet-photo-enhancer
Artificial Intelligence & ML,artificial-intelligence-ml,27,AI Healthcare & Medical,ai-healthcare-medical,12,AI Elder Care Companions,ai-elder-care-companions,10,Garden AI,Bonsai Care AI,garden-ai-bonsai-care-ai
Artificial Intelligence & ML,artificial-intelligence-ml,27,AI Healthcare & Medical,ai-healthcare-medical,12,AI Elder Care Companions,ai-elder-care-companions,11,Garden AI,Lawn Care Advisor AI,garden-ai-lawn-care-advisor-ai
Artificial Intelligence & ML,artificial-intelligence-ml,27,AI Healthcare & Medical,ai-healthcare-medical,13,AI Mental Health Chatbots,ai-mental-health-chatbots,1,Mental Wellness AI,Mood Tracker AI,mental-wellness-ai-mood-tracker-ai
Artificial Intelligence & ML,artificial-intelligence-ml,27,AI Healthcare & Medical,ai-healthcare-medical,13,AI Mental Health Chatbots,ai-mental-health-chatbots,2,Mental Wellness AI,Breathing Exercise AI,mental-wellness-ai-breathing-exercise-ai
Artificial Intelligence & ML,artificial-intelligence-ml,27,AI Healthcare & Medical,ai-healthcare-medical,13,AI Mental Health Chatbots,ai-mental-health-chatbots,3,Mental Wellness AI,Journaling Prompt AI,mental-wellness-ai-journaling-prompt-ai
Artificial Intelligence & ML,artificial-intelligence-ml,27,AI Healthcare & Medical,ai-healthcare-medical,13,AI Mental Health Chatbots,ai-mental-health-chatbots,4,Mental Wellness AI,CBT Exercise AI,mental-wellness-ai-cbt-exercise-ai
Artificial Intelligence & ML,artificial-intelligence-ml,27,AI Healthcare & Medical,ai-healthcare-medical,13,AI Mental Health Chatbots,ai-mental-health-chatbots,5,Mental Wellness AI,Mindfulness Timer AI,mental-wellness-ai-mindfulness-timer-ai
Artificial Intelligence & ML,artificial-intelligence-ml,27,AI Healthcare & Medical,ai-healthcare-medical,13,AI Mental Health Chatbots,ai-mental-health-chatbots,6,Mental Wellness AI,Gratitude Journal AI,mental-wellness-ai-gratitude-journal-ai
Artificial Intelligence & ML,artificial-intelligence-ml,27,AI Healthcare & Medical,ai-healthcare-medical,13,AI Mental Health Chatbots,ai-mental-health-chatbots,7,Mental Wellness AI,Emotional Intelligence AI,mental-wellness-ai-emotional-intelligence-ai
Artificial Intelligence & ML,artificial-intelligence-ml,27,AI Healthcare & Medical,ai-healthcare-medical,14,AI CBT Self-Help Tools,ai-cbt-self-help-tools,,,,
Artificial Intelligence & ML,artificial-intelligence-ml,27,AI Healthcare & Medical,ai-healthcare-medical,15,AI Anxiety Coaches,ai-anxiety-coaches,,,,
Artificial Intelligence & ML,artificial-intelligence-ml,27,AI Healthcare & Medical,ai-healthcare-medical,16,AI Sleep Therapy Bots,ai-sleep-therapy-bots,,,,
Artificial Intelligence & ML,artificial-intelligence-ml,27,AI Healthcare & Medical,ai-healthcare-medical,17,AI Addiction Recovery Bots,ai-addiction-recovery-bots,,,,
Artificial Intelligence & ML,artificial-intelligence-ml,27,AI Healthcare & Medical,ai-healthcare-medical,18,AI Grief Support Bots,ai-grief-support-bots,,,,
Artificial Intelligence & ML,artificial-intelligence-ml,27,AI Healthcare & Medical,ai-healthcare-medical,19,AI Crisis Hotline Support Tools,ai-crisis-hotline-support-tools,,,,
Artificial Intelligence & ML,artificial-intelligence-ml,27,AI Healthcare & Medical,ai-healthcare-medical,20,AI Therapy Note Drafting,ai-therapy-note-drafting,,,,
Artificial Intelligence & ML,artificial-intelligence-ml,27,AI Healthcare & Medical,ai-healthcare-medical,21,AI SOAP Note Drafting,ai-soap-note-drafting,,,,
Artificial Intelligence & ML,artificial-intelligence-ml,27,AI Healthcare & Medical,ai-healthcare-medical,22,AI Clinical Coding Assistants,ai-clinical-coding-assistants,1,Clinical AI,Diagnostic AI,clinical-ai-diagnostic-ai
Artificial Intelligence & ML,artificial-intelligence-ml,27,AI Healthcare & Medical,ai-healthcare-medical,22,AI Clinical Coding Assistants,ai-clinical-coding-assistants,2,Clinical AI,Drug Discovery AI,clinical-ai-drug-discovery-ai
Artificial Intelligence & ML,artificial-intelligence-ml,27,AI Healthcare & Medical,ai-healthcare-medical,22,AI Clinical Coding Assistants,ai-clinical-coding-assistants,3,Clinical AI,Medical Imaging AI,clinical-ai-medical-imaging-ai
Artificial Intelligence & ML,artificial-intelligence-ml,27,AI Healthcare & Medical,ai-healthcare-medical,22,AI Clinical Coding Assistants,ai-clinical-coding-assistants,4,Clinical AI,Pathology AI,clinical-ai-pathology-ai
Artificial Intelligence & ML,artificial-intelligence-ml,27,AI Healthcare & Medical,ai-healthcare-medical,22,AI Clinical Coding Assistants,ai-clinical-coding-assistants,5,Clinical AI,Genomics AI,clinical-ai-genomics-ai
Artificial Intelligence & ML,artificial-intelligence-ml,27,AI Healthcare & Medical,ai-healthcare-medical,22,AI Clinical Coding Assistants,ai-clinical-coding-assistants,6,Clinical AI,Patient Monitoring AI,clinical-ai-patient-monitoring-ai
Artificial Intelligence & ML,artificial-intelligence-ml,27,AI Healthcare & Medical,ai-healthcare-medical,22,AI Clinical Coding Assistants,ai-clinical-coding-assistants,7,Clinical AI,Treatment Recommendation,clinical-ai-treatment-recommendation
Artificial Intelligence & ML,artificial-intelligence-ml,27,AI Healthcare & Medical,ai-healthcare-medical,22,AI Clinical Coding Assistants,ai-clinical-coding-assistants,8,Clinical AI,Symptom Checker AI,clinical-ai-symptom-checker-ai
Artificial Intelligence & ML,artificial-intelligence-ml,27,AI Healthcare & Medical,ai-healthcare-medical,22,AI Clinical Coding Assistants,ai-clinical-coding-assistants,9,Clinical AI,Mental Health AI,clinical-ai-mental-health-ai
Artificial Intelligence & ML,artificial-intelligence-ml,27,AI Healthcare & Medical,ai-healthcare-medical,23,AI Prior Authorization Assistants,ai-prior-authorization-assistants,1,Healthcare Operations,Prior Authorization AI,healthcare-operations-prior-authorization-ai
Artificial Intelligence & ML,artificial-intelligence-ml,27,AI Healthcare & Medical,ai-healthcare-medical,24,AI Medical Billing Helpers,ai-medical-billing-helpers,,,,
Artificial Intelligence & ML,artificial-intelligence-ml,27,AI Healthcare & Medical,ai-healthcare-medical,25,AI Patient Intake Bots,ai-patient-intake-bots,1,Pharmaceutical AI,Patient Recruitment AI,pharmaceutical-ai-patient-recruitment-ai
Artificial Intelligence & ML,artificial-intelligence-ml,27,AI Healthcare & Medical,ai-healthcare-medical,26,AI Appointment Reminder Bots,ai-appointment-reminder-bots,,,,
Artificial Intelligence & ML,artificial-intelligence-ml,27,AI Healthcare & Medical,ai-healthcare-medical,27,AI Radiology Reading Assistants,ai-radiology-reading-assistants,,,,
Artificial Intelligence & ML,artificial-intelligence-ml,27,AI Healthcare & Medical,ai-healthcare-medical,28,AI Pathology Slide Analysis,ai-pathology-slide-analysis,1,Slide Generation,Pitch Deck AI,slide-generation-pitch-deck-ai
Artificial Intelligence & ML,artificial-intelligence-ml,27,AI Healthcare & Medical,ai-healthcare-medical,28,AI Pathology Slide Analysis,ai-pathology-slide-analysis,2,Slide Generation,Sales Deck Creator,slide-generation-sales-deck-creator
Artificial Intelligence & ML,artificial-intelligence-ml,27,AI Healthcare & Medical,ai-healthcare-medical,28,AI Pathology Slide Analysis,ai-pathology-slide-analysis,3,Slide Generation,Training Deck AI,slide-generation-training-deck-ai
Artificial Intelligence & ML,artificial-intelligence-ml,27,AI Healthcare & Medical,ai-healthcare-medical,28,AI Pathology Slide Analysis,ai-pathology-slide-analysis,4,Slide Generation,Conference Slide AI,slide-generation-conference-slide-ai
Artificial Intelligence & ML,artificial-intelligence-ml,27,AI Healthcare & Medical,ai-healthcare-medical,28,AI Pathology Slide Analysis,ai-pathology-slide-analysis,5,Slide Generation,Investor Deck AI,slide-generation-investor-deck-ai
Artificial Intelligence & ML,artificial-intelligence-ml,27,AI Healthcare & Medical,ai-healthcare-medical,28,AI Pathology Slide Analysis,ai-pathology-slide-analysis,6,Slide Generation,Product Launch Deck,slide-generation-product-launch-deck
Artificial Intelligence & ML,artificial-intelligence-ml,27,AI Healthcare & Medical,ai-healthcare-medical,28,AI Pathology Slide Analysis,ai-pathology-slide-analysis,7,Slide Generation,Quarterly Report Slides,slide-generation-quarterly-report-slides
Artificial Intelligence & ML,artificial-intelligence-ml,27,AI Healthcare & Medical,ai-healthcare-medical,28,AI Pathology Slide Analysis,ai-pathology-slide-analysis,8,Slide Generation,Webinar Slides AI,slide-generation-webinar-slides-ai
Artificial Intelligence & ML,artificial-intelligence-ml,27,AI Healthcare & Medical,ai-healthcare-medical,28,AI Pathology Slide Analysis,ai-pathology-slide-analysis,9,Slide Generation,Workshop Materials AI,slide-generation-workshop-materials-ai
Artificial Intelligence & ML,artificial-intelligence-ml,27,AI Healthcare & Medical,ai-healthcare-medical,28,AI Pathology Slide Analysis,ai-pathology-slide-analysis,10,Slide Generation,Infographic Slides AI,slide-generation-infographic-slides-ai
Artificial Intelligence & ML,artificial-intelligence-ml,27,AI Healthcare & Medical,ai-healthcare-medical,29,AI Dermatology Image Triage,ai-dermatology-image-triage,,,,
Artificial Intelligence & ML,artificial-intelligence-ml,27,AI Healthcare & Medical,ai-healthcare-medical,30,AI Ophthalmology Screening,ai-ophthalmology-screening,,,,
Artificial Intelligence & ML,artificial-intelligence-ml,27,AI Healthcare & Medical,ai-healthcare-medical,31,AI ECG Analysis,ai-ecg-analysis,,,,
Artificial Intelligence & ML,artificial-intelligence-ml,27,AI Healthcare & Medical,ai-healthcare-medical,32,AI Wearable Health Insights,ai-wearable-health-insights,,,,
Artificial Intelligence & ML,artificial-intelligence-ml,27,AI Healthcare & Medical,ai-healthcare-medical,33,AI Fitness Tracker Insights,ai-fitness-tracker-insights,1,Fitness AI,Workout Planning AI,fitness-ai-workout-planning-ai
Artificial Intelligence & ML,artificial-intelligence-ml,27,AI Healthcare & Medical,ai-healthcare-medical,33,AI Fitness Tracker Insights,ai-fitness-tracker-insights,2,Fitness AI,Nutrition AI,fitness-ai-nutrition-ai
Artificial Intelligence & ML,artificial-intelligence-ml,27,AI Healthcare & Medical,ai-healthcare-medical,33,AI Fitness Tracker Insights,ai-fitness-tracker-insights,3,Fitness AI,Form Correction AI,fitness-ai-form-correction-ai
Artificial Intelligence & ML,artificial-intelligence-ml,27,AI Healthcare & Medical,ai-healthcare-medical,33,AI Fitness Tracker Insights,ai-fitness-tracker-insights,4,Fitness AI,Recovery AI,fitness-ai-recovery-ai
Artificial Intelligence & ML,artificial-intelligence-ml,27,AI Healthcare & Medical,ai-healthcare-medical,33,AI Fitness Tracker Insights,ai-fitness-tracker-insights,5,Fitness AI,Sleep Optimization AI,fitness-ai-sleep-optimization-ai
Artificial Intelligence & ML,artificial-intelligence-ml,27,AI Healthcare & Medical,ai-healthcare-medical,33,AI Fitness Tracker Insights,ai-fitness-tracker-insights,6,Fitness AI,Wearable Analytics AI,fitness-ai-wearable-analytics-ai
Artificial Intelligence & ML,artificial-intelligence-ml,27,AI Healthcare & Medical,ai-healthcare-medical,33,AI Fitness Tracker Insights,ai-fitness-tracker-insights,7,Fitness AI,Virtual Trainer AI,fitness-ai-virtual-trainer-ai
Artificial Intelligence & ML,artificial-intelligence-ml,27,AI Healthcare & Medical,ai-healthcare-medical,33,AI Fitness Tracker Insights,ai-fitness-tracker-insights,8,Fitness AI,Meditation AI,fitness-ai-meditation-ai
Artificial Intelligence & ML,artificial-intelligence-ml,27,AI Healthcare & Medical,ai-healthcare-medical,33,AI Fitness Tracker Insights,ai-fitness-tracker-insights,9,Fitness AI,Breathing Exercise AI,fitness-ai-breathing-exercise-ai
Artificial Intelligence & ML,artificial-intelligence-ml,27,AI Healthcare & Medical,ai-healthcare-medical,33,AI Fitness Tracker Insights,ai-fitness-tracker-insights,10,Fitness AI,Stretching Guide AI,fitness-ai-stretching-guide-ai
Artificial Intelligence & ML,artificial-intelligence-ml,27,AI Healthcare & Medical,ai-healthcare-medical,33,AI Fitness Tracker Insights,ai-fitness-tracker-insights,11,Fitness AI,Exercise Form Checker,fitness-ai-exercise-form-checker
Artificial Intelligence & ML,artificial-intelligence-ml,27,AI Healthcare & Medical,ai-healthcare-medical,33,AI Fitness Tracker Insights,ai-fitness-tracker-insights,12,Fitness AI,Calorie Counter AI,fitness-ai-calorie-counter-ai
Artificial Intelligence & ML,artificial-intelligence-ml,27,AI Healthcare & Medical,ai-healthcare-medical,33,AI Fitness Tracker Insights,ai-fitness-tracker-insights,13,Fitness AI,Body Composition AI,fitness-ai-body-composition-ai
Artificial Intelligence & ML,artificial-intelligence-ml,27,AI Healthcare & Medical,ai-healthcare-medical,33,AI Fitness Tracker Insights,ai-fitness-tracker-insights,14,Fitness AI,Wearable Data Analyzer,fitness-ai-wearable-data-analyzer
Artificial Intelligence & ML,artificial-intelligence-ml,27,AI Healthcare & Medical,ai-healthcare-medical,33,AI Fitness Tracker Insights,ai-fitness-tracker-insights,15,Esoteric AI,Moon Phase Tracker,esoteric-ai-moon-phase-tracker
Artificial Intelligence & ML,artificial-intelligence-ml,27,AI Healthcare & Medical,ai-healthcare-medical,34,AI Genetic Test Interpretation,ai-genetic-test-interpretation,1,Mystical & Spiritual AI,Dream Interpretation AI,mystical-spiritual-ai-dream-interpretation-ai
Artificial Intelligence & ML,artificial-intelligence-ml,27,AI Healthcare & Medical,ai-healthcare-medical,35,AI Drug Discovery Assistants,ai-drug-discovery-assistants,,,,
Artificial Intelligence & ML,artificial-intelligence-ml,27,AI Healthcare & Medical,ai-healthcare-medical,36,AI Protein Structure Tools,ai-protein-structure-tools,,,,
Artificial Intelligence & ML,artificial-intelligence-ml,27,AI Healthcare & Medical,ai-healthcare-medical,37,AI Clinical Trial Matching,ai-clinical-trial-matching,1,Clinical AI,Clinical Trial AI,clinical-ai-clinical-trial-ai
Artificial Intelligence & ML,artificial-intelligence-ml,27,AI Healthcare & Medical,ai-healthcare-medical,37,AI Clinical Trial Matching,ai-clinical-trial-matching,2,Pharmaceutical AI,Trial Matching AI,pharmaceutical-ai-trial-matching-ai
Artificial Intelligence & ML,artificial-intelligence-ml,27,AI Healthcare & Medical,ai-healthcare-medical,38,AI Medical Literature Review,ai-medical-literature-review,,,,
Artificial Intelligence & ML,artificial-intelligence-ml,27,AI Healthcare & Medical,ai-healthcare-medical,39,AI Veterinary Symptom Tools,ai-veterinary-symptom-tools,,,,
Artificial Intelligence & ML,artificial-intelligence-ml,28,"AI Fitness, Nutrition & Wellness",ai-fitness-nutrition-wellness,1,AI Strength Training Coaches,ai-strength-training-coaches,,,,
Artificial Intelligence & ML,artificial-intelligence-ml,28,"AI Fitness, Nutrition & Wellness",ai-fitness-nutrition-wellness,2,AI Running Plan Coaches,ai-running-plan-coaches,1,Fitness AI,Workout Plan Generator,fitness-ai-workout-plan-generator
Artificial Intelligence & ML,artificial-intelligence-ml,28,"AI Fitness, Nutrition & Wellness",ai-fitness-nutrition-wellness,2,AI Running Plan Coaches,ai-running-plan-coaches,2,Fitness AI,Running Coach AI,fitness-ai-running-coach-ai
Artificial Intelligence & ML,artificial-intelligence-ml,28,"AI Fitness, Nutrition & Wellness",ai-fitness-nutrition-wellness,3,AI Triathlon Coaches,ai-triathlon-coaches,,,,
Artificial Intelligence & ML,artificial-intelligence-ml,28,"AI Fitness, Nutrition & Wellness",ai-fitness-nutrition-wellness,4,AI Yoga Sequence Builders,ai-yoga-sequence-builders,1,Fitness AI,Yoga Pose AI,fitness-ai-yoga-pose-ai
Artificial Intelligence & ML,artificial-intelligence-ml,28,"AI Fitness, Nutrition & Wellness",ai-fitness-nutrition-wellness,5,AI Pilates Routine Builders,ai-pilates-routine-builders,,,,
Artificial Intelligence & ML,artificial-intelligence-ml,28,"AI Fitness, Nutrition & Wellness",ai-fitness-nutrition-wellness,6,AI Stretching Routine Builders,ai-stretching-routine-builders,1,Fitness AI,Stretching Routine AI,fitness-ai-stretching-routine-ai
Artificial Intelligence & ML,artificial-intelligence-ml,28,"AI Fitness, Nutrition & Wellness",ai-fitness-nutrition-wellness,7,AI Mobility Coaches,ai-mobility-coaches,,,,
Artificial Intelligence & ML,artificial-intelligence-ml,28,"AI Fitness, Nutrition & Wellness",ai-fitness-nutrition-wellness,8,AI Posture Correction Coaches,ai-posture-correction-coaches,,,,
Artificial Intelligence & ML,artificial-intelligence-ml,28,"AI Fitness, Nutrition & Wellness",ai-fitness-nutrition-wellness,9,AI Bodyweight Workout Builders,ai-bodyweight-workout-builders,,,,
Artificial Intelligence & ML,artificial-intelligence-ml,28,"AI Fitness, Nutrition & Wellness",ai-fitness-nutrition-wellness,10,AI Home Gym Workout Builders,ai-home-gym-workout-builders,,,,
Artificial Intelligence & ML,artificial-intelligence-ml,28,"AI Fitness, Nutrition & Wellness",ai-fitness-nutrition-wellness,11,AI Macro Tracking Coaches,ai-macro-tracking-coaches,1,Fitness AI,Macro Calculator AI,fitness-ai-macro-calculator-ai
Artificial Intelligence & ML,artificial-intelligence-ml,28,"AI Fitness, Nutrition & Wellness",ai-fitness-nutrition-wellness,12,AI Vegan Meal Planners,ai-vegan-meal-planners,1,Recipe & Meal AI,AI Recipe Generator,recipe-meal-ai-ai-recipe-generator
Artificial Intelligence & ML,artificial-intelligence-ml,28,"AI Fitness, Nutrition & Wellness",ai-fitness-nutrition-wellness,12,AI Vegan Meal Planners,ai-vegan-meal-planners,2,Recipe & Meal AI,Meal Planner AI,recipe-meal-ai-meal-planner-ai
Artificial Intelligence & ML,artificial-intelligence-ml,28,"AI Fitness, Nutrition & Wellness",ai-fitness-nutrition-wellness,12,AI Vegan Meal Planners,ai-vegan-meal-planners,3,Recipe & Meal AI,Ingredient Substitution AI,recipe-meal-ai-ingredient-substitution-ai
Artificial Intelligence & ML,artificial-intelligence-ml,28,"AI Fitness, Nutrition & Wellness",ai-fitness-nutrition-wellness,12,AI Vegan Meal Planners,ai-vegan-meal-planners,4,Recipe & Meal AI,Cooking Instruction AI,recipe-meal-ai-cooking-instruction-ai
Artificial Intelligence & ML,artificial-intelligence-ml,28,"AI Fitness, Nutrition & Wellness",ai-fitness-nutrition-wellness,12,AI Vegan Meal Planners,ai-vegan-meal-planners,5,Recipe & Meal AI,Diet-Specific Recipe AI,recipe-meal-ai-diet-specific-recipe-ai
Artificial Intelligence & ML,artificial-intelligence-ml,28,"AI Fitness, Nutrition & Wellness",ai-fitness-nutrition-wellness,12,AI Vegan Meal Planners,ai-vegan-meal-planners,6,Recipe & Meal AI,Recipe Scaling AI,recipe-meal-ai-recipe-scaling-ai
Artificial Intelligence & ML,artificial-intelligence-ml,28,"AI Fitness, Nutrition & Wellness",ai-fitness-nutrition-wellness,12,AI Vegan Meal Planners,ai-vegan-meal-planners,7,Recipe & Meal AI,Recipe from Photo AI,recipe-meal-ai-recipe-from-photo-ai
Artificial Intelligence & ML,artificial-intelligence-ml,28,"AI Fitness, Nutrition & Wellness",ai-fitness-nutrition-wellness,12,AI Vegan Meal Planners,ai-vegan-meal-planners,8,Recipe & Meal AI,Calorie Estimator AI,recipe-meal-ai-calorie-estimator-ai
Artificial Intelligence & ML,artificial-intelligence-ml,28,"AI Fitness, Nutrition & Wellness",ai-fitness-nutrition-wellness,12,AI Vegan Meal Planners,ai-vegan-meal-planners,9,Recipe & Meal AI,Wine Pairing AI,recipe-meal-ai-wine-pairing-ai
Artificial Intelligence & ML,artificial-intelligence-ml,28,"AI Fitness, Nutrition & Wellness",ai-fitness-nutrition-wellness,13,AI Keto Meal Planners,ai-keto-meal-planners,,,,
Artificial Intelligence & ML,artificial-intelligence-ml,28,"AI Fitness, Nutrition & Wellness",ai-fitness-nutrition-wellness,14,AI Mediterranean Meal Planners,ai-mediterranean-meal-planners,,,,
Artificial Intelligence & ML,artificial-intelligence-ml,28,"AI Fitness, Nutrition & Wellness",ai-fitness-nutrition-wellness,15,AI Diabetic-Friendly Meal Planners,ai-diabetic-friendly-meal-planners,,,,
Artificial Intelligence & ML,artificial-intelligence-ml,28,"AI Fitness, Nutrition & Wellness",ai-fitness-nutrition-wellness,16,AI Allergy-Aware Meal Planners,ai-allergy-aware-meal-planners,,,,
Artificial Intelligence & ML,artificial-intelligence-ml,28,"AI Fitness, Nutrition & Wellness",ai-fitness-nutrition-wellness,17,AI Grocery List Generators,ai-grocery-list-generators,,,,
Artificial Intelligence & ML,artificial-intelligence-ml,28,"AI Fitness, Nutrition & Wellness",ai-fitness-nutrition-wellness,18,AI Pantry-Based Recipe Tools,ai-pantry-based-recipe-tools,1,Recipe & Meal AI,Pantry-Based Meal AI,recipe-meal-ai-pantry-based-meal-ai
Artificial Intelligence & ML,artificial-intelligence-ml,28,"AI Fitness, Nutrition & Wellness",ai-fitness-nutrition-wellness,19,AI Hydration Coaches,ai-hydration-coaches,,,,
Artificial Intelligence & ML,artificial-intelligence-ml,28,"AI Fitness, Nutrition & Wellness",ai-fitness-nutrition-wellness,20,AI Fasting Coaches,ai-fasting-coaches,,,,
Artificial Intelligence & ML,artificial-intelligence-ml,28,"AI Fitness, Nutrition & Wellness",ai-fitness-nutrition-wellness,21,AI Sleep Quality Coaches,ai-sleep-quality-coaches,1,Mental Wellness AI,Sleep Tracker AI,mental-wellness-ai-sleep-tracker-ai
Artificial Intelligence & ML,artificial-intelligence-ml,28,"AI Fitness, Nutrition & Wellness",ai-fitness-nutrition-wellness,22,AI Stress Management Coaches,ai-stress-management-coaches,1,Mental Wellness AI,Anxiety Management AI,mental-wellness-ai-anxiety-management-ai
Artificial Intelligence & ML,artificial-intelligence-ml,28,"AI Fitness, Nutrition & Wellness",ai-fitness-nutrition-wellness,22,AI Stress Management Coaches,ai-stress-management-coaches,2,Mental Wellness AI,Stress Monitor AI,mental-wellness-ai-stress-monitor-ai
Artificial Intelligence & ML,artificial-intelligence-ml,28,"AI Fitness, Nutrition & Wellness",ai-fitness-nutrition-wellness,23,AI Breathwork Guides,ai-breathwork-guides,,,,
Artificial Intelligence & ML,artificial-intelligence-ml,28,"AI Fitness, Nutrition & Wellness",ai-fitness-nutrition-wellness,24,AI Cold Plunge Coaches,ai-cold-plunge-coaches,,,,
Artificial Intelligence & ML,artificial-intelligence-ml,28,"AI Fitness, Nutrition & Wellness",ai-fitness-nutrition-wellness,25,AI Sauna Routine Coaches,ai-sauna-routine-coaches,,,,
Artificial Intelligence & ML,artificial-intelligence-ml,28,"AI Fitness, Nutrition & Wellness",ai-fitness-nutrition-wellness,26,AI Habit Streak Coaches,ai-habit-streak-coaches,,,,
Artificial Intelligence & ML,artificial-intelligence-ml,28,"AI Fitness, Nutrition & Wellness",ai-fitness-nutrition-wellness,27,AI Recovery & Soreness Coaches,ai-recovery-soreness-coaches,1,Fitness AI,Recovery Optimizer AI,fitness-ai-recovery-optimizer-ai
Artificial Intelligence & ML,artificial-intelligence-ml,29,"AI Lifestyle, Relationships & Personal",ai-lifestyle-relationships-personal,1,AI Dating Profile Coaches,ai-dating-profile-coaches,1,Dating & Social,Dating Profile Writer AI,dating-social-dating-profile-writer-ai
Artificial Intelligence & ML,artificial-intelligence-ml,29,"AI Lifestyle, Relationships & Personal",ai-lifestyle-relationships-personal,1,AI Dating Profile Coaches,ai-dating-profile-coaches,2,Dating & Social,Conversation Starter AI,dating-social-conversation-starter-ai
Artificial Intelligence & ML,artificial-intelligence-ml,29,"AI Lifestyle, Relationships & Personal",ai-lifestyle-relationships-personal,1,AI Dating Profile Coaches,ai-dating-profile-coaches,3,Dating & Social,Icebreaker Generator,dating-social-icebreaker-generator
Artificial Intelligence & ML,artificial-intelligence-ml,29,"AI Lifestyle, Relationships & Personal",ai-lifestyle-relationships-personal,1,AI Dating Profile Coaches,ai-dating-profile-coaches,4,Dating & Social,Compatibility Matcher AI,dating-social-compatibility-matcher-ai
Artificial Intelligence & ML,artificial-intelligence-ml,29,"AI Lifestyle, Relationships & Personal",ai-lifestyle-relationships-personal,1,AI Dating Profile Coaches,ai-dating-profile-coaches,5,Dating & Social,Texting Advisor AI,dating-social-texting-advisor-ai
Artificial Intelligence & ML,artificial-intelligence-ml,29,"AI Lifestyle, Relationships & Personal",ai-lifestyle-relationships-personal,1,AI Dating Profile Coaches,ai-dating-profile-coaches,6,Dating & Social,Date Idea Generator,dating-social-date-idea-generator
Artificial Intelligence & ML,artificial-intelligence-ml,29,"AI Lifestyle, Relationships & Personal",ai-lifestyle-relationships-personal,1,AI Dating Profile Coaches,ai-dating-profile-coaches,7,Dating & Social,Love Language Analyzer,dating-social-love-language-analyzer
Artificial Intelligence & ML,artificial-intelligence-ml,29,"AI Lifestyle, Relationships & Personal",ai-lifestyle-relationships-personal,1,AI Dating Profile Coaches,ai-dating-profile-coaches,8,Dating & Social,Conflict Resolution AI,dating-social-conflict-resolution-ai
Artificial Intelligence & ML,artificial-intelligence-ml,29,"AI Lifestyle, Relationships & Personal",ai-lifestyle-relationships-personal,1,AI Dating Profile Coaches,ai-dating-profile-coaches,9,Dating & Social,Anniversary Gift Planner,dating-social-anniversary-gift-planner
Artificial Intelligence & ML,artificial-intelligence-ml,29,"AI Lifestyle, Relationships & Personal",ai-lifestyle-relationships-personal,2,AI Dating Photo Selectors,ai-dating-photo-selectors,,,,
Artificial Intelligence & ML,artificial-intelligence-ml,29,"AI Lifestyle, Relationships & Personal",ai-lifestyle-relationships-personal,3,AI Dating App Reply Helpers,ai-dating-app-reply-helpers,,,,
Artificial Intelligence & ML,artificial-intelligence-ml,29,"AI Lifestyle, Relationships & Personal",ai-lifestyle-relationships-personal,4,AI Relationship Communication Coaches,ai-relationship-communication-coaches,,,,
Artificial Intelligence & ML,artificial-intelligence-ml,29,"AI Lifestyle, Relationships & Personal",ai-lifestyle-relationships-personal,5,AI Couples Therapy Helpers,ai-couples-therapy-helpers,,,,
Artificial Intelligence & ML,artificial-intelligence-ml,29,"AI Lifestyle, Relationships & Personal",ai-lifestyle-relationships-personal,6,AI Conflict Resolution Coaches,ai-conflict-resolution-coaches,,,,
Artificial Intelligence & ML,artificial-intelligence-ml,29,"AI Lifestyle, Relationships & Personal",ai-lifestyle-relationships-personal,7,AI Long-Distance Relationship Helpers,ai-long-distance-relationship-helpers,1,Dating & Social,Long-Distance Relationship AI,dating-social-long-distance-relationship-ai
Artificial Intelligence & ML,artificial-intelligence-ml,29,"AI Lifestyle, Relationships & Personal",ai-lifestyle-relationships-personal,8,AI Parenting Advice Bots,ai-parenting-advice-bots,,,,
Artificial Intelligence & ML,artificial-intelligence-ml,29,"AI Lifestyle, Relationships & Personal",ai-lifestyle-relationships-personal,9,AI New Parent Support Bots,ai-new-parent-support-bots,,,,
Artificial Intelligence & ML,artificial-intelligence-ml,29,"AI Lifestyle, Relationships & Personal",ai-lifestyle-relationships-personal,10,AI Toddler Activity Generators,ai-toddler-activity-generators,,,,
Artificial Intelligence & ML,artificial-intelligence-ml,29,"AI Lifestyle, Relationships & Personal",ai-lifestyle-relationships-personal,11,AI Bedtime Story Generators,ai-bedtime-story-generators,,,,
Artificial Intelligence & ML,artificial-intelligence-ml,29,"AI Lifestyle, Relationships & Personal",ai-lifestyle-relationships-personal,12,AI Kids Adventure Story Builders,ai-kids-adventure-story-builders,,,,
Artificial Intelligence & ML,artificial-intelligence-ml,29,"AI Lifestyle, Relationships & Personal",ai-lifestyle-relationships-personal,13,AI Sibling Conflict Mediators,ai-sibling-conflict-mediators,,,,
Artificial Intelligence & ML,artificial-intelligence-ml,29,"AI Lifestyle, Relationships & Personal",ai-lifestyle-relationships-personal,14,AI Family Calendar Helpers,ai-family-calendar-helpers,1,Child & Family AI,Baby Name Generator,child-family-ai-baby-name-generator
Artificial Intelligence & ML,artificial-intelligence-ml,29,"AI Lifestyle, Relationships & Personal",ai-lifestyle-relationships-personal,14,AI Family Calendar Helpers,ai-family-calendar-helpers,2,Child & Family AI,Baby Milestone Tracker,child-family-ai-baby-milestone-tracker
Artificial Intelligence & ML,artificial-intelligence-ml,29,"AI Lifestyle, Relationships & Personal",ai-lifestyle-relationships-personal,14,AI Family Calendar Helpers,ai-family-calendar-helpers,3,Child & Family AI,Bedtime Story Generator AI,child-family-ai-bedtime-story-generator-ai
Artificial Intelligence & ML,artificial-intelligence-ml,29,"AI Lifestyle, Relationships & Personal",ai-lifestyle-relationships-personal,14,AI Family Calendar Helpers,ai-family-calendar-helpers,4,Child & Family AI,Kids Activity Planner,child-family-ai-kids-activity-planner
Artificial Intelligence & ML,artificial-intelligence-ml,29,"AI Lifestyle, Relationships & Personal",ai-lifestyle-relationships-personal,14,AI Family Calendar Helpers,ai-family-calendar-helpers,5,Child & Family AI,Homework Helper AI,child-family-ai-homework-helper-ai
Artificial Intelligence & ML,artificial-intelligence-ml,29,"AI Lifestyle, Relationships & Personal",ai-lifestyle-relationships-personal,14,AI Family Calendar Helpers,ai-family-calendar-helpers,6,Child & Family AI,Screen Time Manager,child-family-ai-screen-time-manager
Artificial Intelligence & ML,artificial-intelligence-ml,29,"AI Lifestyle, Relationships & Personal",ai-lifestyle-relationships-personal,14,AI Family Calendar Helpers,ai-family-calendar-helpers,7,Child & Family AI,Child Safety AI,child-family-ai-child-safety-ai
Artificial Intelligence & ML,artificial-intelligence-ml,29,"AI Lifestyle, Relationships & Personal",ai-lifestyle-relationships-personal,14,AI Family Calendar Helpers,ai-family-calendar-helpers,8,Child & Family AI,Parenting Advice AI,child-family-ai-parenting-advice-ai
Artificial Intelligence & ML,artificial-intelligence-ml,29,"AI Lifestyle, Relationships & Personal",ai-lifestyle-relationships-personal,14,AI Family Calendar Helpers,ai-family-calendar-helpers,9,Child & Family AI,Family Calendar AI,child-family-ai-family-calendar-ai
Artificial Intelligence & ML,artificial-intelligence-ml,29,"AI Lifestyle, Relationships & Personal",ai-lifestyle-relationships-personal,14,AI Family Calendar Helpers,ai-family-calendar-helpers,10,Child & Family AI,College Planning AI,child-family-ai-college-planning-ai
Artificial Intelligence & ML,artificial-intelligence-ml,29,"AI Lifestyle, Relationships & Personal",ai-lifestyle-relationships-personal,15,AI Household Chore Allocators,ai-household-chore-allocators,,,,
Artificial Intelligence & ML,artificial-intelligence-ml,29,"AI Lifestyle, Relationships & Personal",ai-lifestyle-relationships-personal,16,AI Roommate Bill Splitters,ai-roommate-bill-splitters,,,,
Artificial Intelligence & ML,artificial-intelligence-ml,29,"AI Lifestyle, Relationships & Personal",ai-lifestyle-relationships-personal,17,AI Friendship Building Coaches,ai-friendship-building-coaches,1,Building AI,Blueprint AI,building-ai-blueprint-ai
Artificial Intelligence & ML,artificial-intelligence-ml,29,"AI Lifestyle, Relationships & Personal",ai-lifestyle-relationships-personal,17,AI Friendship Building Coaches,ai-friendship-building-coaches,2,Building AI,Cost Estimation AI,building-ai-cost-estimation-ai
Artificial Intelligence & ML,artificial-intelligence-ml,29,"AI Lifestyle, Relationships & Personal",ai-lifestyle-relationships-personal,17,AI Friendship Building Coaches,ai-friendship-building-coaches,3,Building AI,Safety Inspection AI,building-ai-safety-inspection-ai
Artificial Intelligence & ML,artificial-intelligence-ml,29,"AI Lifestyle, Relationships & Personal",ai-lifestyle-relationships-personal,17,AI Friendship Building Coaches,ai-friendship-building-coaches,4,Building AI,Material Estimation,building-ai-material-estimation
Artificial Intelligence & ML,artificial-intelligence-ml,29,"AI Lifestyle, Relationships & Personal",ai-lifestyle-relationships-personal,17,AI Friendship Building Coaches,ai-friendship-building-coaches,5,Building AI,Project Timeline AI,building-ai-project-timeline-ai
Artificial Intelligence & ML,artificial-intelligence-ml,29,"AI Lifestyle, Relationships & Personal",ai-lifestyle-relationships-personal,17,AI Friendship Building Coaches,ai-friendship-building-coaches,6,Building AI,BIM AI,building-ai-bim-ai
Artificial Intelligence & ML,artificial-intelligence-ml,29,"AI Lifestyle, Relationships & Personal",ai-lifestyle-relationships-personal,17,AI Friendship Building Coaches,ai-friendship-building-coaches,7,Building AI,Equipment Tracking AI,building-ai-equipment-tracking-ai
Artificial Intelligence & ML,artificial-intelligence-ml,29,"AI Lifestyle, Relationships & Personal",ai-lifestyle-relationships-personal,17,AI Friendship Building Coaches,ai-friendship-building-coaches,8,Building AI,Worker Safety AI,building-ai-worker-safety-ai
Artificial Intelligence & ML,artificial-intelligence-ml,29,"AI Lifestyle, Relationships & Personal",ai-lifestyle-relationships-personal,17,AI Friendship Building Coaches,ai-friendship-building-coaches,9,Building AI,Permit Processing AI,building-ai-permit-processing-ai
Artificial Intelligence & ML,artificial-intelligence-ml,29,"AI Lifestyle, Relationships & Personal",ai-lifestyle-relationships-personal,18,AI Small Talk Helpers,ai-small-talk-helpers,,,,
Artificial Intelligence & ML,artificial-intelligence-ml,29,"AI Lifestyle, Relationships & Personal",ai-lifestyle-relationships-personal,19,AI Birthday Reminder Bots,ai-birthday-reminder-bots,,,,
Artificial Intelligence & ML,artificial-intelligence-ml,29,"AI Lifestyle, Relationships & Personal",ai-lifestyle-relationships-personal,20,AI Gift Idea Generators,ai-gift-idea-generators,,,,
Artificial Intelligence & ML,artificial-intelligence-ml,29,"AI Lifestyle, Relationships & Personal",ai-lifestyle-relationships-personal,21,AI Anniversary Helpers,ai-anniversary-helpers,,,,
Artificial Intelligence & ML,artificial-intelligence-ml,29,"AI Lifestyle, Relationships & Personal",ai-lifestyle-relationships-personal,22,AI Apology Drafters,ai-apology-drafters,,,,
Artificial Intelligence & ML,artificial-intelligence-ml,29,"AI Lifestyle, Relationships & Personal",ai-lifestyle-relationships-personal,23,AI Compliment Generators,ai-compliment-generators,1,Meme Creation AI,AI Compliment Generator,meme-creation-ai-ai-compliment-generator
Artificial Intelligence & ML,artificial-intelligence-ml,29,"AI Lifestyle, Relationships & Personal",ai-lifestyle-relationships-personal,24,AI Love Letter Drafters,ai-love-letter-drafters,,,,
Artificial Intelligence & ML,artificial-intelligence-ml,29,"AI Lifestyle, Relationships & Personal",ai-lifestyle-relationships-personal,25,AI Astrology Compatibility Tools,ai-astrology-compatibility-tools,1,Esoteric AI,Compatibility AI Astrology,esoteric-ai-compatibility-ai-astrology
Artificial Intelligence & ML,artificial-intelligence-ml,29,"AI Lifestyle, Relationships & Personal",ai-lifestyle-relationships-personal,25,AI Astrology Compatibility Tools,ai-astrology-compatibility-tools,2,Esoteric AI,Chakra Balancing AI,esoteric-ai-chakra-balancing-ai
Artificial Intelligence & ML,artificial-intelligence-ml,29,"AI Lifestyle, Relationships & Personal",ai-lifestyle-relationships-personal,25,AI Astrology Compatibility Tools,ai-astrology-compatibility-tools,3,Esoteric AI,Tarot Spread AI,esoteric-ai-tarot-spread-ai
Artificial Intelligence & ML,artificial-intelligence-ml,29,"AI Lifestyle, Relationships & Personal",ai-lifestyle-relationships-personal,25,AI Astrology Compatibility Tools,ai-astrology-compatibility-tools,4,Esoteric AI,I-Ching Reader AI,esoteric-ai-i-ching-reader-ai
Artificial Intelligence & ML,artificial-intelligence-ml,29,"AI Lifestyle, Relationships & Personal",ai-lifestyle-relationships-personal,25,AI Astrology Compatibility Tools,ai-astrology-compatibility-tools,5,Esoteric AI,Angel Number AI,esoteric-ai-angel-number-ai
Artificial Intelligence & ML,artificial-intelligence-ml,29,"AI Lifestyle, Relationships & Personal",ai-lifestyle-relationships-personal,25,AI Astrology Compatibility Tools,ai-astrology-compatibility-tools,6,Esoteric AI,Manifestation Coach AI,esoteric-ai-manifestation-coach-ai
Artificial Intelligence & ML,artificial-intelligence-ml,29,"AI Lifestyle, Relationships & Personal",ai-lifestyle-relationships-personal,26,AI Numerology Tools,ai-numerology-tools,,,,
Artificial Intelligence & ML,artificial-intelligence-ml,29,"AI Lifestyle, Relationships & Personal",ai-lifestyle-relationships-personal,27,AI Horoscope Generators,ai-horoscope-generators,1,Mystical & Spiritual AI,Horoscope Generator AI,mystical-spiritual-ai-horoscope-generator-ai
Artificial Intelligence & ML,artificial-intelligence-ml,29,"AI Lifestyle, Relationships & Personal",ai-lifestyle-relationships-personal,28,AI Tarot Reading Apps,ai-tarot-reading-apps,1,Mystical & Spiritual AI,AI Tarot Reader,mystical-spiritual-ai-ai-tarot-reader
Artificial Intelligence & ML,artificial-intelligence-ml,29,"AI Lifestyle, Relationships & Personal",ai-lifestyle-relationships-personal,29,AI Dream Journal Interpreters,ai-dream-journal-interpreters,,,,
Artificial Intelligence & ML,artificial-intelligence-ml,29,"AI Lifestyle, Relationships & Personal",ai-lifestyle-relationships-personal,30,AI Manifestation Coaches,ai-manifestation-coaches,,,,
Artificial Intelligence & ML,artificial-intelligence-ml,29,"AI Lifestyle, Relationships & Personal",ai-lifestyle-relationships-personal,31,AI Life Coaching Bots,ai-life-coaching-bots,,,,
Artificial Intelligence & ML,artificial-intelligence-ml,29,"AI Lifestyle, Relationships & Personal",ai-lifestyle-relationships-personal,32,AI Confidence Coaches,ai-confidence-coaches,,,,
Artificial Intelligence & ML,artificial-intelligence-ml,29,"AI Lifestyle, Relationships & Personal",ai-lifestyle-relationships-personal,33,AI Self-Esteem Coaches,ai-self-esteem-coaches,,,,
Artificial Intelligence & ML,artificial-intelligence-ml,30,AI Travel & Local Discovery,ai-travel-local-discovery,1,AI Personalized Trip Planners,ai-personalized-trip-planners,1,Trip Planning AI,Itinerary Generator AI,trip-planning-ai-itinerary-generator-ai
Artificial Intelligence & ML,artificial-intelligence-ml,30,AI Travel & Local Discovery,ai-travel-local-discovery,1,AI Personalized Trip Planners,ai-personalized-trip-planners,2,Trip Planning AI,Flight Price Predictor,trip-planning-ai-flight-price-predictor
Artificial Intelligence & ML,artificial-intelligence-ml,30,AI Travel & Local Discovery,ai-travel-local-discovery,1,AI Personalized Trip Planners,ai-personalized-trip-planners,3,Trip Planning AI,Hotel Finder AI,trip-planning-ai-hotel-finder-ai
Artificial Intelligence & ML,artificial-intelligence-ml,30,AI Travel & Local Discovery,ai-travel-local-discovery,1,AI Personalized Trip Planners,ai-personalized-trip-planners,4,Trip Planning AI,Restaurant Discovery AI,trip-planning-ai-restaurant-discovery-ai
Artificial Intelligence & ML,artificial-intelligence-ml,30,AI Travel & Local Discovery,ai-travel-local-discovery,1,AI Personalized Trip Planners,ai-personalized-trip-planners,5,Trip Planning AI,Activity Recommender,trip-planning-ai-activity-recommender
Artificial Intelligence & ML,artificial-intelligence-ml,30,AI Travel & Local Discovery,ai-travel-local-discovery,1,AI Personalized Trip Planners,ai-personalized-trip-planners,6,Trip Planning AI,Packing List Generator,trip-planning-ai-packing-list-generator
Artificial Intelligence & ML,artificial-intelligence-ml,30,AI Travel & Local Discovery,ai-travel-local-discovery,1,AI Personalized Trip Planners,ai-personalized-trip-planners,7,Trip Planning AI,Budget Travel Planner,trip-planning-ai-budget-travel-planner
Artificial Intelligence & ML,artificial-intelligence-ml,30,AI Travel & Local Discovery,ai-travel-local-discovery,1,AI Personalized Trip Planners,ai-personalized-trip-planners,8,Trip Planning AI,Solo Travel AI,trip-planning-ai-solo-travel-ai
Artificial Intelligence & ML,artificial-intelligence-ml,30,AI Travel & Local Discovery,ai-travel-local-discovery,1,AI Personalized Trip Planners,ai-personalized-trip-planners,9,Trip Planning AI,Adventure Trip AI,trip-planning-ai-adventure-trip-ai
Artificial Intelligence & ML,artificial-intelligence-ml,30,AI Travel & Local Discovery,ai-travel-local-discovery,2,AI Multi-City Itinerary Builders,ai-multi-city-itinerary-builders,1,Multi-Channel Bots,WhatsApp Bots,multi-channel-bots-whatsapp-bots
Artificial Intelligence & ML,artificial-intelligence-ml,30,AI Travel & Local Discovery,ai-travel-local-discovery,2,AI Multi-City Itinerary Builders,ai-multi-city-itinerary-builders,2,Multi-Channel Bots,Telegram Bots,multi-channel-bots-telegram-bots
Artificial Intelligence & ML,artificial-intelligence-ml,30,AI Travel & Local Discovery,ai-travel-local-discovery,2,AI Multi-City Itinerary Builders,ai-multi-city-itinerary-builders,3,Multi-Channel Bots,Facebook Messenger Bots,multi-channel-bots-facebook-messenger-bots
Artificial Intelligence & ML,artificial-intelligence-ml,30,AI Travel & Local Discovery,ai-travel-local-discovery,2,AI Multi-City Itinerary Builders,ai-multi-city-itinerary-builders,4,Multi-Channel Bots,Instagram DM Bots,multi-channel-bots-instagram-dm-bots
Artificial Intelligence & ML,artificial-intelligence-ml,30,AI Travel & Local Discovery,ai-travel-local-discovery,2,AI Multi-City Itinerary Builders,ai-multi-city-itinerary-builders,5,Multi-Channel Bots,Slack Bots,multi-channel-bots-slack-bots
Artificial Intelligence & ML,artificial-intelligence-ml,30,AI Travel & Local Discovery,ai-travel-local-discovery,2,AI Multi-City Itinerary Builders,ai-multi-city-itinerary-builders,6,Multi-Channel Bots,Discord Bots,multi-channel-bots-discord-bots
Artificial Intelligence & ML,artificial-intelligence-ml,30,AI Travel & Local Discovery,ai-travel-local-discovery,2,AI Multi-City Itinerary Builders,ai-multi-city-itinerary-builders,7,Multi-Channel Bots,WeChat Bots,multi-channel-bots-wechat-bots
Artificial Intelligence & ML,artificial-intelligence-ml,30,AI Travel & Local Discovery,ai-travel-local-discovery,2,AI Multi-City Itinerary Builders,ai-multi-city-itinerary-builders,8,Multi-Channel Bots,Line Bots,multi-channel-bots-line-bots
Artificial Intelligence & ML,artificial-intelligence-ml,30,AI Travel & Local Discovery,ai-travel-local-discovery,3,AI Family Trip Planners,ai-family-trip-planners,1,Trip Planning AI,Family Trip Planner,trip-planning-ai-family-trip-planner
Artificial Intelligence & ML,artificial-intelligence-ml,30,AI Travel & Local Discovery,ai-travel-local-discovery,4,AI Solo Travel Planners,ai-solo-travel-planners,1,Travel AI,Flight Price Prediction,travel-ai-flight-price-prediction
Artificial Intelligence & ML,artificial-intelligence-ml,30,AI Travel & Local Discovery,ai-travel-local-discovery,4,AI Solo Travel Planners,ai-solo-travel-planners,2,Travel AI,Hotel Recommendation AI,travel-ai-hotel-recommendation-ai
Artificial Intelligence & ML,artificial-intelligence-ml,30,AI Travel & Local Discovery,ai-travel-local-discovery,4,AI Solo Travel Planners,ai-solo-travel-planners,3,Travel AI,Itinerary Planning AI,travel-ai-itinerary-planning-ai
Artificial Intelligence & ML,artificial-intelligence-ml,30,AI Travel & Local Discovery,ai-travel-local-discovery,4,AI Solo Travel Planners,ai-solo-travel-planners,4,Travel AI,Travel Insurance AI,travel-ai-travel-insurance-ai
Artificial Intelligence & ML,artificial-intelligence-ml,30,AI Travel & Local Discovery,ai-travel-local-discovery,4,AI Solo Travel Planners,ai-solo-travel-planners,5,Travel AI,Destination Discovery AI,travel-ai-destination-discovery-ai
Artificial Intelligence & ML,artificial-intelligence-ml,30,AI Travel & Local Discovery,ai-travel-local-discovery,4,AI Solo Travel Planners,ai-solo-travel-planners,6,Travel AI,Restaurant Recommendation AI Travel,travel-ai-restaurant-recommendation-ai-travel
Artificial Intelligence & ML,artificial-intelligence-ml,30,AI Travel & Local Discovery,ai-travel-local-discovery,4,AI Solo Travel Planners,ai-solo-travel-planners,7,Travel AI,Currency Exchange AI,travel-ai-currency-exchange-ai
Artificial Intelligence & ML,artificial-intelligence-ml,30,AI Travel & Local Discovery,ai-travel-local-discovery,4,AI Solo Travel Planners,ai-solo-travel-planners,8,Travel AI,Travel Safety AI,travel-ai-travel-safety-ai
Artificial Intelligence & ML,artificial-intelligence-ml,30,AI Travel & Local Discovery,ai-travel-local-discovery,4,AI Solo Travel Planners,ai-solo-travel-planners,9,Travel Assistance,Currency Converter AI,travel-assistance-currency-converter-ai
Artificial Intelligence & ML,artificial-intelligence-ml,30,AI Travel & Local Discovery,ai-travel-local-discovery,4,AI Solo Travel Planners,ai-solo-travel-planners,10,Travel Assistance,Visa Requirements AI,travel-assistance-visa-requirements-ai
Artificial Intelligence & ML,artificial-intelligence-ml,30,AI Travel & Local Discovery,ai-travel-local-discovery,4,AI Solo Travel Planners,ai-solo-travel-planners,11,Travel Assistance,Travel Safety Advisor,travel-assistance-travel-safety-advisor
Artificial Intelligence & ML,artificial-intelligence-ml,30,AI Travel & Local Discovery,ai-travel-local-discovery,4,AI Solo Travel Planners,ai-solo-travel-planners,12,Travel Assistance,Local Transport Guide AI,travel-assistance-local-transport-guide-ai
Artificial Intelligence & ML,artificial-intelligence-ml,30,AI Travel & Local Discovery,ai-travel-local-discovery,4,AI Solo Travel Planners,ai-solo-travel-planners,13,Travel Assistance,Cultural Etiquette AI,travel-assistance-cultural-etiquette-ai
Artificial Intelligence & ML,artificial-intelligence-ml,30,AI Travel & Local Discovery,ai-travel-local-discovery,4,AI Solo Travel Planners,ai-solo-travel-planners,14,Travel Assistance,Time Zone Manager,travel-assistance-time-zone-manager
Artificial Intelligence & ML,artificial-intelligence-ml,30,AI Travel & Local Discovery,ai-travel-local-discovery,4,AI Solo Travel Planners,ai-solo-travel-planners,15,Travel Assistance,Travel Insurance Advisor,travel-assistance-travel-insurance-advisor
Artificial Intelligence & ML,artificial-intelligence-ml,30,AI Travel & Local Discovery,ai-travel-local-discovery,4,AI Solo Travel Planners,ai-solo-travel-planners,16,Travel Assistance,Airport Navigation AI,travel-assistance-airport-navigation-ai
Artificial Intelligence & ML,artificial-intelligence-ml,30,AI Travel & Local Discovery,ai-travel-local-discovery,4,AI Solo Travel Planners,ai-solo-travel-planners,17,Travel Assistance,Jet Lag Recovery AI,travel-assistance-jet-lag-recovery-ai
Artificial Intelligence & ML,artificial-intelligence-ml,30,AI Travel & Local Discovery,ai-travel-local-discovery,5,AI Honeymoon Planners,ai-honeymoon-planners,,,,
Artificial Intelligence & ML,artificial-intelligence-ml,30,AI Travel & Local Discovery,ai-travel-local-discovery,6,AI Backpacker Route Planners,ai-backpacker-route-planners,,,,
Artificial Intelligence & ML,artificial-intelligence-ml,30,AI Travel & Local Discovery,ai-travel-local-discovery,7,AI Road Trip Planners,ai-road-trip-planners,,,,
Artificial Intelligence & ML,artificial-intelligence-ml,30,AI Travel & Local Discovery,ai-travel-local-discovery,8,AI RV Trip Planners,ai-rv-trip-planners,,,,
Artificial Intelligence & ML,artificial-intelligence-ml,30,AI Travel & Local Discovery,ai-travel-local-discovery,9,AI Cruise Itinerary Builders,ai-cruise-itinerary-builders,,,,
Artificial Intelligence & ML,artificial-intelligence-ml,30,AI Travel & Local Discovery,ai-travel-local-discovery,10,AI National Park Trip Planners,ai-national-park-trip-planners,,,,
Artificial Intelligence & ML,artificial-intelligence-ml,30,AI Travel & Local Discovery,ai-travel-local-discovery,11,AI Hiking Trail Recommenders,ai-hiking-trail-recommenders,,,,
Artificial Intelligence & ML,artificial-intelligence-ml,30,AI Travel & Local Discovery,ai-travel-local-discovery,12,AI Camping Spot Finders,ai-camping-spot-finders,,,,
Artificial Intelligence & ML,artificial-intelligence-ml,30,AI Travel & Local Discovery,ai-travel-local-discovery,13,AI Foodie Travel Planners,ai-foodie-travel-planners,,,,
Artificial Intelligence & ML,artificial-intelligence-ml,30,AI Travel & Local Discovery,ai-travel-local-discovery,14,AI Hidden-Gem Recommenders,ai-hidden-gem-recommenders,,,,
Artificial Intelligence & ML,artificial-intelligence-ml,30,AI Travel & Local Discovery,ai-travel-local-discovery,15,AI Local Event Finders,ai-local-event-finders,,,,
Artificial Intelligence & ML,artificial-intelligence-ml,30,AI Travel & Local Discovery,ai-travel-local-discovery,16,AI Nightlife Recommenders,ai-nightlife-recommenders,,,,
Artificial Intelligence & ML,artificial-intelligence-ml,30,AI Travel & Local Discovery,ai-travel-local-discovery,17,AI Day-Trip Planners,ai-day-trip-planners,,,,
Artificial Intelligence & ML,artificial-intelligence-ml,30,AI Travel & Local Discovery,ai-travel-local-discovery,18,AI Weekend Getaway Builders,ai-weekend-getaway-builders,,,,
Artificial Intelligence & ML,artificial-intelligence-ml,30,AI Travel & Local Discovery,ai-travel-local-discovery,19,AI Budget Travel Planners,ai-budget-travel-planners,,,,
Artificial Intelligence & ML,artificial-intelligence-ml,30,AI Travel & Local Discovery,ai-travel-local-discovery,20,AI Luxury Travel Planners,ai-luxury-travel-planners,,,,
Artificial Intelligence & ML,artificial-intelligence-ml,30,AI Travel & Local Discovery,ai-travel-local-discovery,21,AI Business Travel Planners,ai-business-travel-planners,,,,
Artificial Intelligence & ML,artificial-intelligence-ml,30,AI Travel & Local Discovery,ai-travel-local-discovery,22,AI Visa Requirement Lookup Tools,ai-visa-requirement-lookup-tools,,,,
Artificial Intelligence & ML,artificial-intelligence-ml,30,AI Travel & Local Discovery,ai-travel-local-discovery,23,AI Travel Document Helpers,ai-travel-document-helpers,,,,
Artificial Intelligence & ML,artificial-intelligence-ml,30,AI Travel & Local Discovery,ai-travel-local-discovery,24,AI Currency Conversion Helpers,ai-currency-conversion-helpers,,,,
Artificial Intelligence & ML,artificial-intelligence-ml,30,AI Travel & Local Discovery,ai-travel-local-discovery,25,AI Flight Deal Trackers,ai-flight-deal-trackers,,,,
Artificial Intelligence & ML,artificial-intelligence-ml,30,AI Travel & Local Discovery,ai-travel-local-discovery,26,AI Hotel Deal Finders,ai-hotel-deal-finders,1,Hotel AI,Revenue Management AI,hotel-ai-revenue-management-ai
Artificial Intelligence & ML,artificial-intelligence-ml,30,AI Travel & Local Discovery,ai-travel-local-discovery,26,AI Hotel Deal Finders,ai-hotel-deal-finders,2,Hotel AI,Guest Experience AI,hotel-ai-guest-experience-ai
Artificial Intelligence & ML,artificial-intelligence-ml,30,AI Travel & Local Discovery,ai-travel-local-discovery,26,AI Hotel Deal Finders,ai-hotel-deal-finders,3,Hotel AI,Booking Optimization,hotel-ai-booking-optimization
Artificial Intelligence & ML,artificial-intelligence-ml,30,AI Travel & Local Discovery,ai-travel-local-discovery,26,AI Hotel Deal Finders,ai-hotel-deal-finders,4,Hotel AI,Concierge AI,hotel-ai-concierge-ai
Artificial Intelligence & ML,artificial-intelligence-ml,30,AI Travel & Local Discovery,ai-travel-local-discovery,26,AI Hotel Deal Finders,ai-hotel-deal-finders,5,Hotel AI,Menu Optimization,hotel-ai-menu-optimization
Artificial Intelligence & ML,artificial-intelligence-ml,30,AI Travel & Local Discovery,ai-travel-local-discovery,26,AI Hotel Deal Finders,ai-hotel-deal-finders,6,Hotel AI,Staff Scheduling AI,hotel-ai-staff-scheduling-ai
Artificial Intelligence & ML,artificial-intelligence-ml,30,AI Travel & Local Discovery,ai-travel-local-discovery,26,AI Hotel Deal Finders,ai-hotel-deal-finders,7,Hotel AI,Review Response AI,hotel-ai-review-response-ai
Artificial Intelligence & ML,artificial-intelligence-ml,30,AI Travel & Local Discovery,ai-travel-local-discovery,26,AI Hotel Deal Finders,ai-hotel-deal-finders,8,Hotel AI,Pricing AI Hotel,hotel-ai-pricing-ai-hotel
Artificial Intelligence & ML,artificial-intelligence-ml,30,AI Travel & Local Discovery,ai-travel-local-discovery,26,AI Hotel Deal Finders,ai-hotel-deal-finders,9,Hotel AI,Housekeeping AI,hotel-ai-housekeeping-ai
Artificial Intelligence & ML,artificial-intelligence-ml,30,AI Travel & Local Discovery,ai-travel-local-discovery,26,AI Hotel Deal Finders,ai-hotel-deal-finders,10,Hotel AI,Maintenance Prediction Hotel,hotel-ai-maintenance-prediction-hotel
Artificial Intelligence & ML,artificial-intelligence-ml,30,AI Travel & Local Discovery,ai-travel-local-discovery,27,AI Airbnb Listing Optimizers,ai-airbnb-listing-optimizers,,,,
Artificial Intelligence & ML,artificial-intelligence-ml,30,AI Travel & Local Discovery,ai-travel-local-discovery,28,AI Travel Translation Earpieces (Apps),ai-travel-translation-earpieces-apps,1,Travel AI,Language Translation Travel,travel-ai-language-translation-travel
Artificial Intelligence & ML,artificial-intelligence-ml,30,AI Travel & Local Discovery,ai-travel-local-discovery,28,AI Travel Translation Earpieces (Apps),ai-travel-translation-earpieces-apps,2,Travel Assistance,Real-Time Translation AI Travel,travel-assistance-real-time-translation-ai-travel
Artificial Intelligence & ML,artificial-intelligence-ml,30,AI Travel & Local Discovery,ai-travel-local-discovery,29,AI Tour Guide Apps,ai-tour-guide-apps,,,,
Artificial Intelligence & ML,artificial-intelligence-ml,31,AI Real Estate & Property,ai-real-estate-property,1,AI Buyer Match Engines,ai-buyer-match-engines,,,,
Artificial Intelligence & ML,artificial-intelligence-ml,31,AI Real Estate & Property,ai-real-estate-property,2,AI Home Search Agents,ai-home-search-agents,1,Home Management AI,Property Tax Estimator,home-management-ai-property-tax-estimator
Artificial Intelligence & ML,artificial-intelligence-ml,31,AI Real Estate & Property,ai-real-estate-property,3,AI Neighborhood Insight Tools,ai-neighborhood-insight-tools,,,,
Artificial Intelligence & ML,artificial-intelligence-ml,31,AI Real Estate & Property,ai-real-estate-property,4,AI School District Lookup Tools,ai-school-district-lookup-tools,,,,
Artificial Intelligence & ML,artificial-intelligence-ml,31,AI Real Estate & Property,ai-real-estate-property,5,AI Commute Time Analyzers,ai-commute-time-analyzers,,,,
Artificial Intelligence & ML,artificial-intelligence-ml,31,AI Real Estate & Property,ai-real-estate-property,6,AI Walkability Score Tools,ai-walkability-score-tools,,,,
Artificial Intelligence & ML,artificial-intelligence-ml,31,AI Real Estate & Property,ai-real-estate-property,7,AI Home Value Estimators,ai-home-value-estimators,1,Home Management AI,Home Value Estimator,home-management-ai-home-value-estimator
Artificial Intelligence & ML,artificial-intelligence-ml,31,AI Real Estate & Property,ai-real-estate-property,8,AI Rent Estimators,ai-rent-estimators,,,,
Artificial Intelligence & ML,artificial-intelligence-ml,31,AI Real Estate & Property,ai-real-estate-property,9,AI Listing Description Writers,ai-listing-description-writers,,,,
Artificial Intelligence & ML,artificial-intelligence-ml,31,AI Real Estate & Property,ai-real-estate-property,10,AI Listing Photo Enhancers,ai-listing-photo-enhancers,1,Listing & Catalog AI,Product Photo Enhancement,listing-catalog-ai-product-photo-enhancement
Artificial Intelligence & ML,artificial-intelligence-ml,31,AI Real Estate & Property,ai-real-estate-property,11,AI Virtual Staging Tools,ai-virtual-staging-tools,1,Property Tech AI,Virtual Staging AI,property-tech-ai-virtual-staging-ai
Artificial Intelligence & ML,artificial-intelligence-ml,31,AI Real Estate & Property,ai-real-estate-property,12,AI Floorplan Generators,ai-floorplan-generators,,,,
Artificial Intelligence & ML,artificial-intelligence-ml,31,AI Real Estate & Property,ai-real-estate-property,13,AI 3D Walkthrough Generators,ai-3d-walkthrough-generators,1,3D Generation,3D Model Generators,3d-generation-3d-model-generators
Artificial Intelligence & ML,artificial-intelligence-ml,31,AI Real Estate & Property,ai-real-estate-property,14,AI Home Renovation Planners,ai-home-renovation-planners,1,Home Management AI,Renovation Cost Estimator,home-management-ai-renovation-cost-estimator
Artificial Intelligence & ML,artificial-intelligence-ml,31,AI Real Estate & Property,ai-real-estate-property,15,AI Mortgage Affordability Tools,ai-mortgage-affordability-tools,,,,
Artificial Intelligence & ML,artificial-intelligence-ml,31,AI Real Estate & Property,ai-real-estate-property,16,AI Refinance Analysis Tools,ai-refinance-analysis-tools,,,,
Artificial Intelligence & ML,artificial-intelligence-ml,31,AI Real Estate & Property,ai-real-estate-property,17,AI Landlord Screening Tools,ai-landlord-screening-tools,,,,
Artificial Intelligence & ML,artificial-intelligence-ml,31,AI Real Estate & Property,ai-real-estate-property,18,AI Lease Drafting Tools,ai-lease-drafting-tools,,,,
Artificial Intelligence & ML,artificial-intelligence-ml,31,AI Real Estate & Property,ai-real-estate-property,19,AI Move-In Inspection Tools,ai-move-in-inspection-tools,,,,
Artificial Intelligence & ML,artificial-intelligence-ml,31,AI Real Estate & Property,ai-real-estate-property,20,AI Property Maintenance Bots,ai-property-maintenance-bots,1,Property Tech AI,Property Valuation AI,property-tech-ai-property-valuation-ai
Artificial Intelligence & ML,artificial-intelligence-ml,31,AI Real Estate & Property,ai-real-estate-property,20,AI Property Maintenance Bots,ai-property-maintenance-bots,2,Property Tech AI,Property Search AI,property-tech-ai-property-search-ai
Artificial Intelligence & ML,artificial-intelligence-ml,31,AI Real Estate & Property,ai-real-estate-property,20,AI Property Maintenance Bots,ai-property-maintenance-bots,3,Property Tech AI,Lease Analysis AI,property-tech-ai-lease-analysis-ai
Artificial Intelligence & ML,artificial-intelligence-ml,31,AI Real Estate & Property,ai-real-estate-property,20,AI Property Maintenance Bots,ai-property-maintenance-bots,4,Property Tech AI,Construction AI,property-tech-ai-construction-ai
Artificial Intelligence & ML,artificial-intelligence-ml,31,AI Real Estate & Property,ai-real-estate-property,20,AI Property Maintenance Bots,ai-property-maintenance-bots,5,Property Tech AI,Smart Building AI,property-tech-ai-smart-building-ai
Artificial Intelligence & ML,artificial-intelligence-ml,31,AI Real Estate & Property,ai-real-estate-property,20,AI Property Maintenance Bots,ai-property-maintenance-bots,6,Property Tech AI,Real Estate Marketing AI,property-tech-ai-real-estate-marketing-ai
Artificial Intelligence & ML,artificial-intelligence-ml,31,AI Real Estate & Property,ai-real-estate-property,20,AI Property Maintenance Bots,ai-property-maintenance-bots,7,Property Tech AI,Tenant Screening AI,property-tech-ai-tenant-screening-ai
Artificial Intelligence & ML,artificial-intelligence-ml,31,AI Real Estate & Property,ai-real-estate-property,20,AI Property Maintenance Bots,ai-property-maintenance-bots,8,Property Tech AI,Property Inspection AI,property-tech-ai-property-inspection-ai
Artificial Intelligence & ML,artificial-intelligence-ml,31,AI Real Estate & Property,ai-real-estate-property,20,AI Property Maintenance Bots,ai-property-maintenance-bots,9,Property Tech AI,Market Analysis AI,property-tech-ai-market-analysis-ai
Artificial Intelligence & ML,artificial-intelligence-ml,31,AI Real Estate & Property,ai-real-estate-property,21,AI HOA Document Q&A,ai-hoa-document-qa,,,,
Artificial Intelligence & ML,artificial-intelligence-ml,32,AI eCommerce & Retail,ai-ecommerce-retail,1,AI Shopify Storefront Builders,ai-shopify-storefront-builders,1,Seller Tools AI,Repricing AI,seller-tools-ai-repricing-ai
Artificial Intelligence & ML,artificial-intelligence-ml,32,AI eCommerce & Retail,ai-ecommerce-retail,1,AI Shopify Storefront Builders,ai-shopify-storefront-builders,2,Seller Tools AI,Refund Analyzer,seller-tools-ai-refund-analyzer
Artificial Intelligence & ML,artificial-intelligence-ml,32,AI eCommerce & Retail,ai-ecommerce-retail,1,AI Shopify Storefront Builders,ai-shopify-storefront-builders,3,Seller Tools AI,Return Rate Predictor,seller-tools-ai-return-rate-predictor
Artificial Intelligence & ML,artificial-intelligence-ml,32,AI eCommerce & Retail,ai-ecommerce-retail,2,AI Amazon FBA Tools,ai-amazon-fba-tools,1,Seller Tools AI,FBA Fee Calculator,seller-tools-ai-fba-fee-calculator
Artificial Intelligence & ML,artificial-intelligence-ml,32,AI eCommerce & Retail,ai-ecommerce-retail,3,AI Etsy Listing Optimizers,ai-etsy-listing-optimizers,1,E-Commerce Operations,Product Listing AI,e-commerce-operations-product-listing-ai
Artificial Intelligence & ML,artificial-intelligence-ml,32,AI eCommerce & Retail,ai-ecommerce-retail,3,AI Etsy Listing Optimizers,ai-etsy-listing-optimizers,2,Listing & Catalog AI,Product Title Generator,listing-catalog-ai-product-title-generator
Artificial Intelligence & ML,artificial-intelligence-ml,32,AI eCommerce & Retail,ai-ecommerce-retail,3,AI Etsy Listing Optimizers,ai-etsy-listing-optimizers,3,Listing & Catalog AI,Product Feature Extractor,listing-catalog-ai-product-feature-extractor
Artificial Intelligence & ML,artificial-intelligence-ml,32,AI eCommerce & Retail,ai-ecommerce-retail,3,AI Etsy Listing Optimizers,ai-etsy-listing-optimizers,4,Listing & Catalog AI,Catalog Enrichment AI,listing-catalog-ai-catalog-enrichment-ai
Artificial Intelligence & ML,artificial-intelligence-ml,32,AI eCommerce & Retail,ai-ecommerce-retail,3,AI Etsy Listing Optimizers,ai-etsy-listing-optimizers,5,Listing & Catalog AI,Cross-Listing Automation,listing-catalog-ai-cross-listing-automation
Artificial Intelligence & ML,artificial-intelligence-ml,32,AI eCommerce & Retail,ai-ecommerce-retail,3,AI Etsy Listing Optimizers,ai-etsy-listing-optimizers,6,Listing & Catalog AI,Product Categorizer AI,listing-catalog-ai-product-categorizer-ai
Artificial Intelligence & ML,artificial-intelligence-ml,32,AI eCommerce & Retail,ai-ecommerce-retail,3,AI Etsy Listing Optimizers,ai-etsy-listing-optimizers,7,Listing & Catalog AI,Attribute Extraction,listing-catalog-ai-attribute-extraction
Artificial Intelligence & ML,artificial-intelligence-ml,32,AI eCommerce & Retail,ai-ecommerce-retail,3,AI Etsy Listing Optimizers,ai-etsy-listing-optimizers,8,Listing & Catalog AI,Product Video Creator,listing-catalog-ai-product-video-creator
Artificial Intelligence & ML,artificial-intelligence-ml,32,AI eCommerce & Retail,ai-ecommerce-retail,3,AI Etsy Listing Optimizers,ai-etsy-listing-optimizers,9,Listing & Catalog AI,A+ Content Writer,listing-catalog-ai-a-content-writer
Artificial Intelligence & ML,artificial-intelligence-ml,32,AI eCommerce & Retail,ai-ecommerce-retail,3,AI Etsy Listing Optimizers,ai-etsy-listing-optimizers,10,Listing & Catalog AI,Marketplace Compliance AI,listing-catalog-ai-marketplace-compliance-ai
Artificial Intelligence & ML,artificial-intelligence-ml,32,AI eCommerce & Retail,ai-ecommerce-retail,4,AI eBay Listing Helpers,ai-ebay-listing-helpers,,,,
Artificial Intelligence & ML,artificial-intelligence-ml,32,AI eCommerce & Retail,ai-ecommerce-retail,5,AI Walmart Marketplace Tools,ai-walmart-marketplace-tools,1,E-Commerce Operations,Marketplace AI,e-commerce-operations-marketplace-ai
Artificial Intelligence & ML,artificial-intelligence-ml,32,AI eCommerce & Retail,ai-ecommerce-retail,6,AI TikTok Shop Tools,ai-tiktok-shop-tools,,,,
Artificial Intelligence & ML,artificial-intelligence-ml,32,AI eCommerce & Retail,ai-ecommerce-retail,7,AI Product Title Optimizers,ai-product-title-optimizers,1,Shopping AI,Product Recommendation AI,shopping-ai-product-recommendation-ai
Artificial Intelligence & ML,artificial-intelligence-ml,32,AI eCommerce & Retail,ai-ecommerce-retail,8,AI Bullet-Point Writers for Listings,ai-bullet-point-writers-for-listings,,,,
Artificial Intelligence & ML,artificial-intelligence-ml,32,AI eCommerce & Retail,ai-ecommerce-retail,9,AI Product Tag Generators,ai-product-tag-generators,,,,
Artificial Intelligence & ML,artificial-intelligence-ml,32,AI eCommerce & Retail,ai-ecommerce-retail,10,AI Storefront Banner Generators,ai-storefront-banner-generators,,,,
Artificial Intelligence & ML,artificial-intelligence-ml,32,AI eCommerce & Retail,ai-ecommerce-retail,11,AI Ghost Mannequin Photo Tools,ai-ghost-mannequin-photo-tools,,,,
Artificial Intelligence & ML,artificial-intelligence-ml,32,AI eCommerce & Retail,ai-ecommerce-retail,12,AI Model Try-On Tools,ai-model-try-on-tools,1,E-Commerce Operations,Virtual Try-On,e-commerce-operations-virtual-try-on
Artificial Intelligence & ML,artificial-intelligence-ml,32,AI eCommerce & Retail,ai-ecommerce-retail,13,AI Virtual Fitting Rooms,ai-virtual-fitting-rooms,,,,
Artificial Intelligence & ML,artificial-intelligence-ml,32,AI eCommerce & Retail,ai-ecommerce-retail,14,AI Size Recommenders,ai-size-recommenders,1,E-Commerce Operations,Size Recommendation AI,e-commerce-operations-size-recommendation-ai
Artificial Intelligence & ML,artificial-intelligence-ml,32,AI eCommerce & Retail,ai-ecommerce-retail,15,AI Color Variation Generators,ai-color-variation-generators,,,,
Artificial Intelligence & ML,artificial-intelligence-ml,32,AI eCommerce & Retail,ai-ecommerce-retail,16,AI Bundle Suggesters,ai-bundle-suggesters,,,,
Artificial Intelligence & ML,artificial-intelligence-ml,32,AI eCommerce & Retail,ai-ecommerce-retail,17,AI Upsell Recommenders,ai-upsell-recommenders,,,,
Artificial Intelligence & ML,artificial-intelligence-ml,32,AI eCommerce & Retail,ai-ecommerce-retail,18,AI Cart Abandonment Recovery Tools,ai-cart-abandonment-recovery-tools,,,,
Artificial Intelligence & ML,artificial-intelligence-ml,32,AI eCommerce & Retail,ai-ecommerce-retail,19,AI Discount Strategy Tools,ai-discount-strategy-tools,,,,
Artificial Intelligence & ML,artificial-intelligence-ml,32,AI eCommerce & Retail,ai-ecommerce-retail,20,AI Coupon Code Generators,ai-coupon-code-generators,,,,
Artificial Intelligence & ML,artificial-intelligence-ml,32,AI eCommerce & Retail,ai-ecommerce-retail,21,AI Loyalty Program Builders,ai-loyalty-program-builders,,,,
Artificial Intelligence & ML,artificial-intelligence-ml,32,AI eCommerce & Retail,ai-ecommerce-retail,22,AI Customer Review Summarizers,ai-customer-review-summarizers,1,Shopping AI,Customer Segmentation AI,shopping-ai-customer-segmentation-ai
Artificial Intelligence & ML,artificial-intelligence-ml,32,AI eCommerce & Retail,ai-ecommerce-retail,22,AI Customer Review Summarizers,ai-customer-review-summarizers,2,Shopping AI,Review Analysis AI,shopping-ai-review-analysis-ai
Artificial Intelligence & ML,artificial-intelligence-ml,32,AI eCommerce & Retail,ai-ecommerce-retail,22,AI Customer Review Summarizers,ai-customer-review-summarizers,3,E-Commerce Operations,Customer Service AI,e-commerce-operations-customer-service-ai
Artificial Intelligence & ML,artificial-intelligence-ml,32,AI eCommerce & Retail,ai-ecommerce-retail,23,AI Review Request Bots,ai-review-request-bots,1,Seller Tools AI,Review Request AI,seller-tools-ai-review-request-ai
Artificial Intelligence & ML,artificial-intelligence-ml,32,AI eCommerce & Retail,ai-ecommerce-retail,24,AI Influencer Gifting Tools,ai-influencer-gifting-tools,,,,
Artificial Intelligence & ML,artificial-intelligence-ml,32,AI eCommerce & Retail,ai-ecommerce-retail,25,AI Returns Insight Tools,ai-returns-insight-tools,,,,
Artificial Intelligence & ML,artificial-intelligence-ml,32,AI eCommerce & Retail,ai-ecommerce-retail,26,AI Inventory Reorder Tools,ai-inventory-reorder-tools,1,Shopping AI,Inventory Forecasting,shopping-ai-inventory-forecasting
Artificial Intelligence & ML,artificial-intelligence-ml,32,AI eCommerce & Retail,ai-ecommerce-retail,26,AI Inventory Reorder Tools,ai-inventory-reorder-tools,2,Seller Tools AI,Inventory Alert AI,seller-tools-ai-inventory-alert-ai
Artificial Intelligence & ML,artificial-intelligence-ml,32,AI eCommerce & Retail,ai-ecommerce-retail,27,AI Dropshipping Product Researchers,ai-dropshipping-product-researchers,1,E-Commerce Operations,Dropshipping AI,e-commerce-operations-dropshipping-ai
Artificial Intelligence & ML,artificial-intelligence-ml,33,AI Gaming & Game Dev,ai-gaming-game-dev,1,AI NPC Dialogue Engines,ai-npc-dialogue-engines,1,AI Personas,Philosophical Dialogue AI,ai-personas-philosophical-dialogue-ai
Artificial Intelligence & ML,artificial-intelligence-ml,33,AI Gaming & Game Dev,ai-gaming-game-dev,1,AI NPC Dialogue Engines,ai-npc-dialogue-engines,2,AI Personality Engines,AI NPC Generator,ai-personality-engines-ai-npc-generator
Artificial Intelligence & ML,artificial-intelligence-ml,33,AI Gaming & Game Dev,ai-gaming-game-dev,1,AI NPC Dialogue Engines,ai-npc-dialogue-engines,3,AI Personality Engines,AI Dialogue Writer,ai-personality-engines-ai-dialogue-writer
Artificial Intelligence & ML,artificial-intelligence-ml,33,AI Gaming & Game Dev,ai-gaming-game-dev,1,AI NPC Dialogue Engines,ai-npc-dialogue-engines,4,Game Play AI,NPC Dialogue AI,game-play-ai-npc-dialogue-ai
Artificial Intelligence & ML,artificial-intelligence-ml,33,AI Gaming & Game Dev,ai-gaming-game-dev,2,AI Quest Generators,ai-quest-generators,,,,
Artificial Intelligence & ML,artificial-intelligence-ml,33,AI Gaming & Game Dev,ai-gaming-game-dev,3,AI Lore & World Builders,ai-lore-world-builders,,,,
Artificial Intelligence & ML,artificial-intelligence-ml,33,AI Gaming & Game Dev,ai-gaming-game-dev,4,AI Game Map Generators,ai-game-map-generators,1,Game Play AI,Procedural Level Generator,game-play-ai-procedural-level-generator
Artificial Intelligence & ML,artificial-intelligence-ml,33,AI Gaming & Game Dev,ai-gaming-game-dev,4,AI Game Map Generators,ai-game-map-generators,2,Game Play AI,Game Balance AI,game-play-ai-game-balance-ai
Artificial Intelligence & ML,artificial-intelligence-ml,33,AI Gaming & Game Dev,ai-gaming-game-dev,4,AI Game Map Generators,ai-game-map-generators,3,Game Play AI,Anti-Cheat AI,game-play-ai-anti-cheat-ai
Artificial Intelligence & ML,artificial-intelligence-ml,33,AI Gaming & Game Dev,ai-gaming-game-dev,4,AI Game Map Generators,ai-game-map-generators,4,Game Play AI,Player Behavior AI,game-play-ai-player-behavior-ai
Artificial Intelligence & ML,artificial-intelligence-ml,33,AI Gaming & Game Dev,ai-gaming-game-dev,4,AI Game Map Generators,ai-game-map-generators,5,Game Play AI,In-Game Economy AI,game-play-ai-in-game-economy-ai
Artificial Intelligence & ML,artificial-intelligence-ml,33,AI Gaming & Game Dev,ai-gaming-game-dev,4,AI Game Map Generators,ai-game-map-generators,6,Game Play AI,Matchmaking AI,game-play-ai-matchmaking-ai
Artificial Intelligence & ML,artificial-intelligence-ml,33,AI Gaming & Game Dev,ai-gaming-game-dev,4,AI Game Map Generators,ai-game-map-generators,7,Game Play AI,Game Tutorial AI,game-play-ai-game-tutorial-ai
Artificial Intelligence & ML,artificial-intelligence-ml,33,AI Gaming & Game Dev,ai-gaming-game-dev,4,AI Game Map Generators,ai-game-map-generators,8,Game Play AI,Difficulty Scaler AI,game-play-ai-difficulty-scaler-ai
Artificial Intelligence & ML,artificial-intelligence-ml,33,AI Gaming & Game Dev,ai-gaming-game-dev,4,AI Game Map Generators,ai-game-map-generators,9,Game Play AI,Achievement System AI,game-play-ai-achievement-system-ai
Artificial Intelligence & ML,artificial-intelligence-ml,33,AI Gaming & Game Dev,ai-gaming-game-dev,4,AI Game Map Generators,ai-game-map-generators,10,Game Creation AI,Game Idea Generator,game-creation-ai-game-idea-generator
Artificial Intelligence & ML,artificial-intelligence-ml,33,AI Gaming & Game Dev,ai-gaming-game-dev,4,AI Game Map Generators,ai-game-map-generators,11,Game Creation AI,Game Design Document AI,game-creation-ai-game-design-document-ai
Artificial Intelligence & ML,artificial-intelligence-ml,33,AI Gaming & Game Dev,ai-gaming-game-dev,4,AI Game Map Generators,ai-game-map-generators,12,Game Creation AI,Narrative Design AI,game-creation-ai-narrative-design-ai
Artificial Intelligence & ML,artificial-intelligence-ml,33,AI Gaming & Game Dev,ai-gaming-game-dev,4,AI Game Map Generators,ai-game-map-generators,13,Game Creation AI,Quest Generator,game-creation-ai-quest-generator
Artificial Intelligence & ML,artificial-intelligence-ml,33,AI Gaming & Game Dev,ai-gaming-game-dev,4,AI Game Map Generators,ai-game-map-generators,14,Game Creation AI,Lore Builder AI,game-creation-ai-lore-builder-ai
Artificial Intelligence & ML,artificial-intelligence-ml,33,AI Gaming & Game Dev,ai-gaming-game-dev,4,AI Game Map Generators,ai-game-map-generators,15,Game Creation AI,Item Description AI,game-creation-ai-item-description-ai
Artificial Intelligence & ML,artificial-intelligence-ml,33,AI Gaming & Game Dev,ai-gaming-game-dev,4,AI Game Map Generators,ai-game-map-generators,16,Game Creation AI,Skill Tree Designer,game-creation-ai-skill-tree-designer
Artificial Intelligence & ML,artificial-intelligence-ml,33,AI Gaming & Game Dev,ai-gaming-game-dev,4,AI Game Map Generators,ai-game-map-generators,17,Game Creation AI,Map Generator AI,game-creation-ai-map-generator-ai
Artificial Intelligence & ML,artificial-intelligence-ml,33,AI Gaming & Game Dev,ai-gaming-game-dev,4,AI Game Map Generators,ai-game-map-generators,18,Game Creation AI,Enemy Design AI,game-creation-ai-enemy-design-ai
Artificial Intelligence & ML,artificial-intelligence-ml,33,AI Gaming & Game Dev,ai-gaming-game-dev,4,AI Game Map Generators,ai-game-map-generators,19,Game Creation AI,Boss Battle Designer,game-creation-ai-boss-battle-designer
Artificial Intelligence & ML,artificial-intelligence-ml,33,AI Gaming & Game Dev,ai-gaming-game-dev,5,AI Dungeon Generators,ai-dungeon-generators,,,,
Artificial Intelligence & ML,artificial-intelligence-ml,33,AI Gaming & Game Dev,ai-gaming-game-dev,6,AI Loot Table Generators,ai-loot-table-generators,,,,
Artificial Intelligence & ML,artificial-intelligence-ml,33,AI Gaming & Game Dev,ai-gaming-game-dev,7,AI Character Backstory Generators,ai-character-backstory-generators,,,,
Artificial Intelligence & ML,artificial-intelligence-ml,33,AI Gaming & Game Dev,ai-gaming-game-dev,8,AI Voice Lines for Games,ai-voice-lines-for-games,,,,
Artificial Intelligence & ML,artificial-intelligence-ml,33,AI Gaming & Game Dev,ai-gaming-game-dev,9,AI Game Soundtrack Generators,ai-game-soundtrack-generators,,,,
Artificial Intelligence & ML,artificial-intelligence-ml,33,AI Gaming & Game Dev,ai-gaming-game-dev,10,AI Sound Effect Packs for Games,ai-sound-effect-packs-for-games,,,,
Artificial Intelligence & ML,artificial-intelligence-ml,33,AI Gaming & Game Dev,ai-gaming-game-dev,11,AI 2D Sprite Generators,ai-2d-sprite-generators,,,,
Artificial Intelligence & ML,artificial-intelligence-ml,33,AI Gaming & Game Dev,ai-gaming-game-dev,12,AI Tilemap Generators,ai-tilemap-generators,,,,
Artificial Intelligence & ML,artificial-intelligence-ml,33,AI Gaming & Game Dev,ai-gaming-game-dev,13,AI Texture Generators,ai-texture-generators,,,,
Artificial Intelligence & ML,artificial-intelligence-ml,33,AI Gaming & Game Dev,ai-gaming-game-dev,14,AI Normal Map Generators,ai-normal-map-generators,,,,
Artificial Intelligence & ML,artificial-intelligence-ml,33,AI Gaming & Game Dev,ai-gaming-game-dev,15,AI 3D Asset Generators for Games,ai-3d-asset-generators-for-games,1,3D Generation,Game Asset 3D,3d-generation-game-asset-3d
Artificial Intelligence & ML,artificial-intelligence-ml,33,AI Gaming & Game Dev,ai-gaming-game-dev,15,AI 3D Asset Generators for Games,ai-3d-asset-generators-for-games,2,Game Asset AI,Game Environment AI,game-asset-ai-game-environment-ai
Artificial Intelligence & ML,artificial-intelligence-ml,33,AI Gaming & Game Dev,ai-gaming-game-dev,15,AI 3D Asset Generators for Games,ai-3d-asset-generators-for-games,3,Game Asset AI,Game Item Designer,game-asset-ai-game-item-designer
Artificial Intelligence & ML,artificial-intelligence-ml,33,AI Gaming & Game Dev,ai-gaming-game-dev,15,AI 3D Asset Generators for Games,ai-3d-asset-generators-for-games,4,Game Asset AI,Game UI Generator,game-asset-ai-game-ui-generator
Artificial Intelligence & ML,artificial-intelligence-ml,33,AI Gaming & Game Dev,ai-gaming-game-dev,15,AI 3D Asset Generators for Games,ai-3d-asset-generators-for-games,5,Game Asset AI,Pixel Art AI,game-asset-ai-pixel-art-ai
Artificial Intelligence & ML,artificial-intelligence-ml,33,AI Gaming & Game Dev,ai-gaming-game-dev,15,AI 3D Asset Generators for Games,ai-3d-asset-generators-for-games,6,Game Asset AI,Sprite Generator,game-asset-ai-sprite-generator
Artificial Intelligence & ML,artificial-intelligence-ml,33,AI Gaming & Game Dev,ai-gaming-game-dev,15,AI 3D Asset Generators for Games,ai-3d-asset-generators-for-games,7,Game Asset AI,Tilemap AI,game-asset-ai-tilemap-ai
Artificial Intelligence & ML,artificial-intelligence-ml,33,AI Gaming & Game Dev,ai-gaming-game-dev,15,AI 3D Asset Generators for Games,ai-3d-asset-generators-for-games,8,Game Asset AI,Game Sound Effect AI,game-asset-ai-game-sound-effect-ai
Artificial Intelligence & ML,artificial-intelligence-ml,33,AI Gaming & Game Dev,ai-gaming-game-dev,15,AI 3D Asset Generators for Games,ai-3d-asset-generators-for-games,9,Game Asset AI,Game Dialogue Writer AI,game-asset-ai-game-dialogue-writer-ai
Artificial Intelligence & ML,artificial-intelligence-ml,33,AI Gaming & Game Dev,ai-gaming-game-dev,16,AI Rigging & Animation Helpers,ai-rigging-animation-helpers,,,,
Artificial Intelligence & ML,artificial-intelligence-ml,33,AI Gaming & Game Dev,ai-gaming-game-dev,17,AI Motion Capture Cleanup Tools,ai-motion-capture-cleanup-tools,,,,
Artificial Intelligence & ML,artificial-intelligence-ml,33,AI Gaming & Game Dev,ai-gaming-game-dev,18,AI Playtesting Bots,ai-playtesting-bots,,,,
Artificial Intelligence & ML,artificial-intelligence-ml,33,AI Gaming & Game Dev,ai-gaming-game-dev,19,AI Game Balancing Tools,ai-game-balancing-tools,,,,
Artificial Intelligence & ML,artificial-intelligence-ml,33,AI Gaming & Game Dev,ai-gaming-game-dev,20,AI Cheat Detection Tools,ai-cheat-detection-tools,,,,
Artificial Intelligence & ML,artificial-intelligence-ml,33,AI Gaming & Game Dev,ai-gaming-game-dev,21,AI Game Coaching for Players,ai-game-coaching-for-players,,,,
Artificial Intelligence & ML,artificial-intelligence-ml,33,AI Gaming & Game Dev,ai-gaming-game-dev,22,AI Esports Stat Trackers,ai-esports-stat-trackers,,,,
Artificial Intelligence & ML,artificial-intelligence-ml,33,AI Gaming & Game Dev,ai-gaming-game-dev,23,AI Game Highlight Compilers,ai-game-highlight-compilers,,,,
Artificial Intelligence & ML,artificial-intelligence-ml,33,AI Gaming & Game Dev,ai-gaming-game-dev,24,AI TTRPG Dungeon Master Tools,ai-ttrpg-dungeon-master-tools,,,,
Artificial Intelligence & ML,artificial-intelligence-ml,33,AI Gaming & Game Dev,ai-gaming-game-dev,25,AI TTRPG Character Sheet Builders,ai-ttrpg-character-sheet-builders,,,,
Artificial Intelligence & ML,artificial-intelligence-ml,33,AI Gaming & Game Dev,ai-gaming-game-dev,26,AI TTRPG Battle Map Generators,ai-ttrpg-battle-map-generators,,,,
Artificial Intelligence & ML,artificial-intelligence-ml,34,"AI 3D, AR & Spatial Computing",ai-3d-ar-spatial-computing,1,AI Text-to-3D Object Tools,ai-text-to-3d-object-tools,,,,
Artificial Intelligence & ML,artificial-intelligence-ml,34,"AI 3D, AR & Spatial Computing",ai-3d-ar-spatial-computing,2,AI Image-to-3D Object Tools,ai-image-to-3d-object-tools,1,3D Generation,3D Scene Builders,3d-generation-3d-scene-builders
Artificial Intelligence & ML,artificial-intelligence-ml,34,"AI 3D, AR & Spatial Computing",ai-3d-ar-spatial-computing,2,AI Image-to-3D Object Tools,ai-image-to-3d-object-tools,2,3D Generation,Product 3D Render,3d-generation-product-3d-render
Artificial Intelligence & ML,artificial-intelligence-ml,34,"AI 3D, AR & Spatial Computing",ai-3d-ar-spatial-computing,2,AI Image-to-3D Object Tools,ai-image-to-3d-object-tools,3,3D Generation,Architectural 3D,3d-generation-architectural-3d
Artificial Intelligence & ML,artificial-intelligence-ml,34,"AI 3D, AR & Spatial Computing",ai-3d-ar-spatial-computing,2,AI Image-to-3D Object Tools,ai-image-to-3d-object-tools,4,3D Generation,3D Printing Models,3d-generation-3d-printing-models
Artificial Intelligence & ML,artificial-intelligence-ml,34,"AI 3D, AR & Spatial Computing",ai-3d-ar-spatial-computing,2,AI Image-to-3D Object Tools,ai-image-to-3d-object-tools,5,3D Generation,3D Animation,3d-generation-3d-animation
Artificial Intelligence & ML,artificial-intelligence-ml,34,"AI 3D, AR & Spatial Computing",ai-3d-ar-spatial-computing,2,AI Image-to-3D Object Tools,ai-image-to-3d-object-tools,6,3D Generation,Virtual Stage Design,3d-generation-virtual-stage-design
Artificial Intelligence & ML,artificial-intelligence-ml,34,"AI 3D, AR & Spatial Computing",ai-3d-ar-spatial-computing,2,AI Image-to-3D Object Tools,ai-image-to-3d-object-tools,7,3D Generation,3D Character Modeling,3d-generation-3d-character-modeling
Artificial Intelligence & ML,artificial-intelligence-ml,34,"AI 3D, AR & Spatial Computing",ai-3d-ar-spatial-computing,2,AI Image-to-3D Object Tools,ai-image-to-3d-object-tools,8,3D Generation,Hologram Content,3d-generation-hologram-content
Artificial Intelligence & ML,artificial-intelligence-ml,34,"AI 3D, AR & Spatial Computing",ai-3d-ar-spatial-computing,3,AI Photogrammetry Helpers,ai-photogrammetry-helpers,,,,
Artificial Intelligence & ML,artificial-intelligence-ml,34,"AI 3D, AR & Spatial Computing",ai-3d-ar-spatial-computing,4,AI 3D Avatar Generators,ai-3d-avatar-generators,,,,
Artificial Intelligence & ML,artificial-intelligence-ml,34,"AI 3D, AR & Spatial Computing",ai-3d-ar-spatial-computing,5,AI 3D Scene Composers,ai-3d-scene-composers,,,,
Artificial Intelligence & ML,artificial-intelligence-ml,34,"AI 3D, AR & Spatial Computing",ai-3d-ar-spatial-computing,6,AI USDZ & GLB Converters,ai-usdz-glb-converters,,,,
Artificial Intelligence & ML,artificial-intelligence-ml,34,"AI 3D, AR & Spatial Computing",ai-3d-ar-spatial-computing,7,AI Vision Pro App Helpers,ai-vision-pro-app-helpers,,,,
Artificial Intelligence & ML,artificial-intelligence-ml,34,"AI 3D, AR & Spatial Computing",ai-3d-ar-spatial-computing,8,AI Quest App Helpers,ai-quest-app-helpers,,,,
Artificial Intelligence & ML,artificial-intelligence-ml,34,"AI 3D, AR & Spatial Computing",ai-3d-ar-spatial-computing,9,AI AR Filter Builders,ai-ar-filter-builders,1,AR Mobile AI,AR Pet Filter,ar-mobile-ai-ar-pet-filter
Artificial Intelligence & ML,artificial-intelligence-ml,34,"AI 3D, AR & Spatial Computing",ai-3d-ar-spatial-computing,10,AI Snap Lens Builders,ai-snap-lens-builders,,,,
Artificial Intelligence & ML,artificial-intelligence-ml,34,"AI 3D, AR & Spatial Computing",ai-3d-ar-spatial-computing,11,AI Instagram AR Effect Builders,ai-instagram-ar-effect-builders,,,,
Artificial Intelligence & ML,artificial-intelligence-ml,34,"AI 3D, AR & Spatial Computing",ai-3d-ar-spatial-computing,12,AI Virtual Try-On for Glasses,ai-virtual-try-on-for-glasses,,,,
Artificial Intelligence & ML,artificial-intelligence-ml,34,"AI 3D, AR & Spatial Computing",ai-3d-ar-spatial-computing,13,AI Virtual Try-On for Jewelry,ai-virtual-try-on-for-jewelry,,,,
Artificial Intelligence & ML,artificial-intelligence-ml,34,"AI 3D, AR & Spatial Computing",ai-3d-ar-spatial-computing,14,AI 3D Floorplan Walkthroughs,ai-3d-floorplan-walkthroughs,,,,
Artificial Intelligence & ML,artificial-intelligence-ml,34,"AI 3D, AR & Spatial Computing",ai-3d-ar-spatial-computing,15,AI Spatial Audio Tools,ai-spatial-audio-tools,1,Spatial AI,3D Scene Generation,spatial-ai-3d-scene-generation
Artificial Intelligence & ML,artificial-intelligence-ml,34,"AI 3D, AR & Spatial Computing",ai-3d-ar-spatial-computing,15,AI Spatial Audio Tools,ai-spatial-audio-tools,2,Spatial AI,Room Design AI,spatial-ai-room-design-ai
Artificial Intelligence & ML,artificial-intelligence-ml,34,"AI 3D, AR & Spatial Computing",ai-3d-ar-spatial-computing,15,AI Spatial Audio Tools,ai-spatial-audio-tools,3,Spatial AI,Interior Design AI,spatial-ai-interior-design-ai
Artificial Intelligence & ML,artificial-intelligence-ml,34,"AI 3D, AR & Spatial Computing",ai-3d-ar-spatial-computing,15,AI Spatial Audio Tools,ai-spatial-audio-tools,4,Spatial AI,Architecture AI,spatial-ai-architecture-ai
Artificial Intelligence & ML,artificial-intelligence-ml,34,"AI 3D, AR & Spatial Computing",ai-3d-ar-spatial-computing,15,AI Spatial Audio Tools,ai-spatial-audio-tools,5,Spatial AI,Game Level Design AI,spatial-ai-game-level-design-ai
Artificial Intelligence & ML,artificial-intelligence-ml,34,"AI 3D, AR & Spatial Computing",ai-3d-ar-spatial-computing,15,AI Spatial Audio Tools,ai-spatial-audio-tools,6,Spatial AI,Virtual World Builder,spatial-ai-virtual-world-builder
Artificial Intelligence & ML,artificial-intelligence-ml,34,"AI 3D, AR & Spatial Computing",ai-3d-ar-spatial-computing,15,AI Spatial Audio Tools,ai-spatial-audio-tools,7,Spatial AI,Metaverse Content AI,spatial-ai-metaverse-content-ai
Artificial Intelligence & ML,artificial-intelligence-ml,34,"AI 3D, AR & Spatial Computing",ai-3d-ar-spatial-computing,15,AI Spatial Audio Tools,ai-spatial-audio-tools,8,Spatial AI,Digital Twin Creation,spatial-ai-digital-twin-creation
Artificial Intelligence & ML,artificial-intelligence-ml,34,"AI 3D, AR & Spatial Computing",ai-3d-ar-spatial-computing,15,AI Spatial Audio Tools,ai-spatial-audio-tools,9,Spatial AI,AR Filter Creation,spatial-ai-ar-filter-creation
Artificial Intelligence & ML,artificial-intelligence-ml,34,"AI 3D, AR & Spatial Computing",ai-3d-ar-spatial-computing,15,AI Spatial Audio Tools,ai-spatial-audio-tools,10,Spatial AI,VR Environment AI,spatial-ai-vr-environment-ai
Artificial Intelligence & ML,artificial-intelligence-ml,35,"AI Design, Branding & Creative",ai-design-branding-creative,1,AI Brand Color Palette Builders,ai-brand-color-palette-builders,1,AI Logo & Brand,Packaging Design AI,ai-logo-brand-packaging-design-ai
Artificial Intelligence & ML,artificial-intelligence-ml,35,"AI Design, Branding & Creative",ai-design-branding-creative,1,AI Brand Color Palette Builders,ai-brand-color-palette-builders,2,AI Logo & Brand,Merchandise Design AI,ai-logo-brand-merchandise-design-ai
Artificial Intelligence & ML,artificial-intelligence-ml,35,"AI Design, Branding & Creative",ai-design-branding-creative,1,AI Brand Color Palette Builders,ai-brand-color-palette-builders,3,AI Logo & Brand,Brand Color Palette AI,ai-logo-brand-brand-color-palette-ai
Artificial Intelligence & ML,artificial-intelligence-ml,35,"AI Design, Branding & Creative",ai-design-branding-creative,1,AI Brand Color Palette Builders,ai-brand-color-palette-builders,4,UI/UX AI,Color Palette AI,ui-ux-ai-color-palette-ai
Artificial Intelligence & ML,artificial-intelligence-ml,35,"AI Design, Branding & Creative",ai-design-branding-creative,1,AI Brand Color Palette Builders,ai-brand-color-palette-builders,5,Brand Content AI,Slogan Generator AI,brand-content-ai-slogan-generator-ai
Artificial Intelligence & ML,artificial-intelligence-ml,35,"AI Design, Branding & Creative",ai-design-branding-creative,1,AI Brand Color Palette Builders,ai-brand-color-palette-builders,6,Brand Content AI,Mission Statement AI,brand-content-ai-mission-statement-ai
Artificial Intelligence & ML,artificial-intelligence-ml,35,"AI Design, Branding & Creative",ai-design-branding-creative,1,AI Brand Color Palette Builders,ai-brand-color-palette-builders,7,Brand Content AI,Value Proposition AI,brand-content-ai-value-proposition-ai
Artificial Intelligence & ML,artificial-intelligence-ml,35,"AI Design, Branding & Creative",ai-design-branding-creative,1,AI Brand Color Palette Builders,ai-brand-color-palette-builders,8,Brand Content AI,Elevator Pitch AI,brand-content-ai-elevator-pitch-ai
Artificial Intelligence & ML,artificial-intelligence-ml,35,"AI Design, Branding & Creative",ai-design-branding-creative,1,AI Brand Color Palette Builders,ai-brand-color-palette-builders,9,Brand Content AI,Brand Story AI,brand-content-ai-brand-story-ai
Artificial Intelligence & ML,artificial-intelligence-ml,35,"AI Design, Branding & Creative",ai-design-branding-creative,1,AI Brand Color Palette Builders,ai-brand-color-palette-builders,10,Brand Content AI,Testimonial AI,brand-content-ai-testimonial-ai
Artificial Intelligence & ML,artificial-intelligence-ml,35,"AI Design, Branding & Creative",ai-design-branding-creative,1,AI Brand Color Palette Builders,ai-brand-color-palette-builders,11,Brand Content AI,Case Study AI,brand-content-ai-case-study-ai
Artificial Intelligence & ML,artificial-intelligence-ml,35,"AI Design, Branding & Creative",ai-design-branding-creative,1,AI Brand Color Palette Builders,ai-brand-color-palette-builders,12,Brand Content AI,Press Kit AI,brand-content-ai-press-kit-ai
Artificial Intelligence & ML,artificial-intelligence-ml,35,"AI Design, Branding & Creative",ai-design-branding-creative,1,AI Brand Color Palette Builders,ai-brand-color-palette-builders,13,Brand Content AI,Media Pitch AI,brand-content-ai-media-pitch-ai
Artificial Intelligence & ML,artificial-intelligence-ml,35,"AI Design, Branding & Creative",ai-design-branding-creative,1,AI Brand Color Palette Builders,ai-brand-color-palette-builders,14,Brand Content AI,Award Application AI,brand-content-ai-award-application-ai
Artificial Intelligence & ML,artificial-intelligence-ml,35,"AI Design, Branding & Creative",ai-design-branding-creative,2,AI Brand Font Pairing Tools,ai-brand-font-pairing-tools,1,AI Logo & Brand,Typography Pairing AI,ai-logo-brand-typography-pairing-ai
Artificial Intelligence & ML,artificial-intelligence-ml,35,"AI Design, Branding & Creative",ai-design-branding-creative,2,AI Brand Font Pairing Tools,ai-brand-font-pairing-tools,2,UI/UX AI,Font Pairing AI,ui-ux-ai-font-pairing-ai
Artificial Intelligence & ML,artificial-intelligence-ml,35,"AI Design, Branding & Creative",ai-design-branding-creative,2,AI Brand Font Pairing Tools,ai-brand-font-pairing-tools,3,Type Design AI,Font Pairing Suggester,type-design-ai-font-pairing-suggester
Artificial Intelligence & ML,artificial-intelligence-ml,35,"AI Design, Branding & Creative",ai-design-branding-creative,3,AI Brand Voice Generators,ai-brand-voice-generators,1,AI Logo & Brand,Logo Generators,ai-logo-brand-logo-generators
Artificial Intelligence & ML,artificial-intelligence-ml,35,"AI Design, Branding & Creative",ai-design-branding-creative,3,AI Brand Voice Generators,ai-brand-voice-generators,2,AI Logo & Brand,Favicon Generators,ai-logo-brand-favicon-generators
Artificial Intelligence & ML,artificial-intelligence-ml,35,"AI Design, Branding & Creative",ai-design-branding-creative,3,AI Brand Voice Generators,ai-brand-voice-generators,3,AI Logo & Brand,Letterhead Generators,ai-logo-brand-letterhead-generators
Artificial Intelligence & ML,artificial-intelligence-ml,35,"AI Design, Branding & Creative",ai-design-branding-creative,3,AI Brand Voice Generators,ai-brand-voice-generators,4,Naming AI,Brand Name AI,naming-ai-brand-name-ai
Artificial Intelligence & ML,artificial-intelligence-ml,35,"AI Design, Branding & Creative",ai-design-branding-creative,4,AI Brand Style Guide Builders,ai-brand-style-guide-builders,,,,
Artificial Intelligence & ML,artificial-intelligence-ml,35,"AI Design, Branding & Creative",ai-design-branding-creative,5,AI Logo Concept Explorers,ai-logo-concept-explorers,,,,
Artificial Intelligence & ML,artificial-intelligence-ml,35,"AI Design, Branding & Creative",ai-design-branding-creative,6,AI Logo Variation Tools,ai-logo-variation-tools,,,,
Artificial Intelligence & ML,artificial-intelligence-ml,35,"AI Design, Branding & Creative",ai-design-branding-creative,7,AI Logo Animation Tools,ai-logo-animation-tools,,,,
Artificial Intelligence & ML,artificial-intelligence-ml,35,"AI Design, Branding & Creative",ai-design-branding-creative,8,AI Business Card Designers,ai-business-card-designers,,,,
Artificial Intelligence & ML,artificial-intelligence-ml,35,"AI Design, Branding & Creative",ai-design-branding-creative,9,AI Letterhead Designers,ai-letterhead-designers,,,,
Artificial Intelligence & ML,artificial-intelligence-ml,35,"AI Design, Branding & Creative",ai-design-branding-creative,10,AI Pitch Deck Designers,ai-pitch-deck-designers,,,,
Artificial Intelligence & ML,artificial-intelligence-ml,35,"AI Design, Branding & Creative",ai-design-branding-creative,11,AI Investor Deck Designers,ai-investor-deck-designers,,,,
Artificial Intelligence & ML,artificial-intelligence-ml,35,"AI Design, Branding & Creative",ai-design-branding-creative,12,AI Sales Deck Designers,ai-sales-deck-designers,,,,
Artificial Intelligence & ML,artificial-intelligence-ml,35,"AI Design, Branding & Creative",ai-design-branding-creative,13,AI Onboarding Deck Builders,ai-onboarding-deck-builders,,,,
Artificial Intelligence & ML,artificial-intelligence-ml,35,"AI Design, Branding & Creative",ai-design-branding-creative,14,AI Resume Designers,ai-resume-designers,,,,
Artificial Intelligence & ML,artificial-intelligence-ml,35,"AI Design, Branding & Creative",ai-design-branding-creative,15,AI Wedding Invitation Designers,ai-wedding-invitation-designers,1,Invitation & RSVP AI,Invitation Designer AI,invitation-rsvp-ai-invitation-designer-ai
Artificial Intelligence & ML,artificial-intelligence-ml,35,"AI Design, Branding & Creative",ai-design-branding-creative,15,AI Wedding Invitation Designers,ai-wedding-invitation-designers,2,Invitation & RSVP AI,Guest List Manager AI,invitation-rsvp-ai-guest-list-manager-ai
Artificial Intelligence & ML,artificial-intelligence-ml,35,"AI Design, Branding & Creative",ai-design-branding-creative,15,AI Wedding Invitation Designers,ai-wedding-invitation-designers,3,Invitation & RSVP AI,Seating Chart AI,invitation-rsvp-ai-seating-chart-ai
Artificial Intelligence & ML,artificial-intelligence-ml,35,"AI Design, Branding & Creative",ai-design-branding-creative,15,AI Wedding Invitation Designers,ai-wedding-invitation-designers,4,Invitation & RSVP AI,Event Timeline Creator,invitation-rsvp-ai-event-timeline-creator
Artificial Intelligence & ML,artificial-intelligence-ml,35,"AI Design, Branding & Creative",ai-design-branding-creative,15,AI Wedding Invitation Designers,ai-wedding-invitation-designers,5,Invitation & RSVP AI,Menu Planner AI Events,invitation-rsvp-ai-menu-planner-ai-events
Artificial Intelligence & ML,artificial-intelligence-ml,35,"AI Design, Branding & Creative",ai-design-branding-creative,15,AI Wedding Invitation Designers,ai-wedding-invitation-designers,6,Invitation & RSVP AI,Decoration Planner AI,invitation-rsvp-ai-decoration-planner-ai
Artificial Intelligence & ML,artificial-intelligence-ml,35,"AI Design, Branding & Creative",ai-design-branding-creative,15,AI Wedding Invitation Designers,ai-wedding-invitation-designers,7,Invitation & RSVP AI,Event Budget Tracker,invitation-rsvp-ai-event-budget-tracker
Artificial Intelligence & ML,artificial-intelligence-ml,35,"AI Design, Branding & Creative",ai-design-branding-creative,15,AI Wedding Invitation Designers,ai-wedding-invitation-designers,8,Invitation & RSVP AI,Party Game Suggester,invitation-rsvp-ai-party-game-suggester
Artificial Intelligence & ML,artificial-intelligence-ml,35,"AI Design, Branding & Creative",ai-design-branding-creative,15,AI Wedding Invitation Designers,ai-wedding-invitation-designers,9,Invitation & RSVP AI,Photo Memory Book AI,invitation-rsvp-ai-photo-memory-book-ai
Artificial Intelligence & ML,artificial-intelligence-ml,35,"AI Design, Branding & Creative",ai-design-branding-creative,15,AI Wedding Invitation Designers,ai-wedding-invitation-designers,10,Wedding AI Tools,Wedding Invitation AI,wedding-ai-tools-wedding-invitation-ai
Artificial Intelligence & ML,artificial-intelligence-ml,35,"AI Design, Branding & Creative",ai-design-branding-creative,16,AI Birthday Invitation Designers,ai-birthday-invitation-designers,,,,
Artificial Intelligence & ML,artificial-intelligence-ml,35,"AI Design, Branding & Creative",ai-design-branding-creative,17,AI Save-the-Date Designers,ai-save-the-date-designers,,,,
Artificial Intelligence & ML,artificial-intelligence-ml,35,"AI Design, Branding & Creative",ai-design-branding-creative,18,AI Thank-You Card Designers,ai-thank-you-card-designers,,,,
Artificial Intelligence & ML,artificial-intelligence-ml,35,"AI Design, Branding & Creative",ai-design-branding-creative,19,AI Holiday Card Designers,ai-holiday-card-designers,,,,
Artificial Intelligence & ML,artificial-intelligence-ml,35,"AI Design, Branding & Creative",ai-design-branding-creative,20,AI Menu Designers,ai-menu-designers,,,,
Artificial Intelligence & ML,artificial-intelligence-ml,35,"AI Design, Branding & Creative",ai-design-branding-creative,21,AI Flyer Designers,ai-flyer-designers,,,,
Artificial Intelligence & ML,artificial-intelligence-ml,35,"AI Design, Branding & Creative",ai-design-branding-creative,22,AI Brochure Designers,ai-brochure-designers,,,,
Artificial Intelligence & ML,artificial-intelligence-ml,35,"AI Design, Branding & Creative",ai-design-branding-creative,23,AI Trifold Designers,ai-trifold-designers,,,,
Artificial Intelligence & ML,artificial-intelligence-ml,35,"AI Design, Branding & Creative",ai-design-branding-creative,24,AI Magazine Layout Designers,ai-magazine-layout-designers,1,UI/UX AI,Layout Generator,ui-ux-ai-layout-generator
Artificial Intelligence & ML,artificial-intelligence-ml,35,"AI Design, Branding & Creative",ai-design-branding-creative,25,AI Newspaper Layout Designers,ai-newspaper-layout-designers,,,,
Artificial Intelligence & ML,artificial-intelligence-ml,35,"AI Design, Branding & Creative",ai-design-branding-creative,26,AI Comic Layout Tools,ai-comic-layout-tools,,,,
Artificial Intelligence & ML,artificial-intelligence-ml,35,"AI Design, Branding & Creative",ai-design-branding-creative,27,AI Manga Layout Tools,ai-manga-layout-tools,,,,
Artificial Intelligence & ML,artificial-intelligence-ml,35,"AI Design, Branding & Creative",ai-design-branding-creative,28,AI Zine Builders,ai-zine-builders,,,,
Artificial Intelligence & ML,artificial-intelligence-ml,35,"AI Design, Branding & Creative",ai-design-branding-creative,29,AI Print-on-Demand Mockup Tools,ai-print-on-demand-mockup-tools,1,UI/UX AI,Mockup AI,ui-ux-ai-mockup-ai
Artificial Intelligence & ML,artificial-intelligence-ml,35,"AI Design, Branding & Creative",ai-design-branding-creative,29,AI Print-on-Demand Mockup Tools,ai-print-on-demand-mockup-tools,2,Print-on-Demand AI,T-Shirt Design AI,print-on-demand-ai-t-shirt-design-ai
Artificial Intelligence & ML,artificial-intelligence-ml,35,"AI Design, Branding & Creative",ai-design-branding-creative,29,AI Print-on-Demand Mockup Tools,ai-print-on-demand-mockup-tools,3,Print-on-Demand AI,Mug Design AI,print-on-demand-ai-mug-design-ai
Artificial Intelligence & ML,artificial-intelligence-ml,35,"AI Design, Branding & Creative",ai-design-branding-creative,29,AI Print-on-Demand Mockup Tools,ai-print-on-demand-mockup-tools,4,Print-on-Demand AI,Poster Design AI,print-on-demand-ai-poster-design-ai
Artificial Intelligence & ML,artificial-intelligence-ml,35,"AI Design, Branding & Creative",ai-design-branding-creative,29,AI Print-on-Demand Mockup Tools,ai-print-on-demand-mockup-tools,5,Print-on-Demand AI,Phone Case AI,print-on-demand-ai-phone-case-ai
Artificial Intelligence & ML,artificial-intelligence-ml,35,"AI Design, Branding & Creative",ai-design-branding-creative,29,AI Print-on-Demand Mockup Tools,ai-print-on-demand-mockup-tools,6,Print-on-Demand AI,Tote Bag Design AI,print-on-demand-ai-tote-bag-design-ai
Artificial Intelligence & ML,artificial-intelligence-ml,35,"AI Design, Branding & Creative",ai-design-branding-creative,29,AI Print-on-Demand Mockup Tools,ai-print-on-demand-mockup-tools,7,Print-on-Demand AI,Sticker Design AI,print-on-demand-ai-sticker-design-ai
Artificial Intelligence & ML,artificial-intelligence-ml,35,"AI Design, Branding & Creative",ai-design-branding-creative,29,AI Print-on-Demand Mockup Tools,ai-print-on-demand-mockup-tools,8,Print-on-Demand AI,Greeting Card AI,print-on-demand-ai-greeting-card-ai
Artificial Intelligence & ML,artificial-intelligence-ml,35,"AI Design, Branding & Creative",ai-design-branding-creative,29,AI Print-on-Demand Mockup Tools,ai-print-on-demand-mockup-tools,9,Print-on-Demand AI,Calendar Design AI,print-on-demand-ai-calendar-design-ai
Artificial Intelligence & ML,artificial-intelligence-ml,35,"AI Design, Branding & Creative",ai-design-branding-creative,29,AI Print-on-Demand Mockup Tools,ai-print-on-demand-mockup-tools,10,Print-on-Demand AI,Notebook Cover AI,print-on-demand-ai-notebook-cover-ai
Artificial Intelligence & ML,artificial-intelligence-ml,35,"AI Design, Branding & Creative",ai-design-branding-creative,29,AI Print-on-Demand Mockup Tools,ai-print-on-demand-mockup-tools,11,Print-on-Demand AI,Puzzle Image AI,print-on-demand-ai-puzzle-image-ai
Artificial Intelligence & ML,artificial-intelligence-ml,35,"AI Design, Branding & Creative",ai-design-branding-creative,30,AI Sublimation Design Tools,ai-sublimation-design-tools,,,,
Artificial Intelligence & ML,artificial-intelligence-ml,35,"AI Design, Branding & Creative",ai-design-branding-creative,31,AI Embroidery Pattern Designers,ai-embroidery-pattern-designers,,,,
Artificial Intelligence & ML,artificial-intelligence-ml,35,"AI Design, Branding & Creative",ai-design-branding-creative,32,AI Cricut Design Tools,ai-cricut-design-tools,,,,
Artificial Intelligence & ML,artificial-intelligence-ml,35,"AI Design, Branding & Creative",ai-design-branding-creative,33,AI Vinyl Cut File Tools,ai-vinyl-cut-file-tools,,,,
Artificial Intelligence & ML,artificial-intelligence-ml,35,"AI Design, Branding & Creative",ai-design-branding-creative,34,AI 3D Printing STL Generators,ai-3d-printing-stl-generators,,,,
Artificial Intelligence & ML,artificial-intelligence-ml,36,"AI Document, PDF & Forms",ai-document-pdf-forms,1,AI PDF Q&A Chat,ai-pdf-qa-chat,1,PDF Processing AI,PDF Summarizer AI,pdf-processing-ai-pdf-summarizer-ai
Artificial Intelligence & ML,artificial-intelligence-ml,36,"AI Document, PDF & Forms",ai-document-pdf-forms,1,AI PDF Q&A Chat,ai-pdf-qa-chat,2,PDF Processing AI,PDF to Editable Doc,pdf-processing-ai-pdf-to-editable-doc
Artificial Intelligence & ML,artificial-intelligence-ml,36,"AI Document, PDF & Forms",ai-document-pdf-forms,1,AI PDF Q&A Chat,ai-pdf-qa-chat,3,PDF Processing AI,PDF Chat & Q&A,pdf-processing-ai-pdf-chat-q-a
Artificial Intelligence & ML,artificial-intelligence-ml,36,"AI Document, PDF & Forms",ai-document-pdf-forms,1,AI PDF Q&A Chat,ai-pdf-qa-chat,4,PDF Processing AI,PDF Merger AI,pdf-processing-ai-pdf-merger-ai
Artificial Intelligence & ML,artificial-intelligence-ml,36,"AI Document, PDF & Forms",ai-document-pdf-forms,1,AI PDF Q&A Chat,ai-pdf-qa-chat,5,PDF Processing AI,PDF Splitter AI,pdf-processing-ai-pdf-splitter-ai
Artificial Intelligence & ML,artificial-intelligence-ml,36,"AI Document, PDF & Forms",ai-document-pdf-forms,1,AI PDF Q&A Chat,ai-pdf-qa-chat,6,PDF Processing AI,PDF Data Extractor,pdf-processing-ai-pdf-data-extractor
Artificial Intelligence & ML,artificial-intelligence-ml,36,"AI Document, PDF & Forms",ai-document-pdf-forms,1,AI PDF Q&A Chat,ai-pdf-qa-chat,7,PDF Processing AI,PDF Form Filler AI,pdf-processing-ai-pdf-form-filler-ai
Artificial Intelligence & ML,artificial-intelligence-ml,36,"AI Document, PDF & Forms",ai-document-pdf-forms,1,AI PDF Q&A Chat,ai-pdf-qa-chat,8,PDF Processing AI,PDF Compressor AI,pdf-processing-ai-pdf-compressor-ai
Artificial Intelligence & ML,artificial-intelligence-ml,36,"AI Document, PDF & Forms",ai-document-pdf-forms,1,AI PDF Q&A Chat,ai-pdf-qa-chat,9,PDF Processing AI,PDF Annotator AI,pdf-processing-ai-pdf-annotator-ai
Artificial Intelligence & ML,artificial-intelligence-ml,36,"AI Document, PDF & Forms",ai-document-pdf-forms,1,AI PDF Q&A Chat,ai-pdf-qa-chat,10,PDF Creation AI,Report to PDF AI,pdf-creation-ai-report-to-pdf-ai
Artificial Intelligence & ML,artificial-intelligence-ml,36,"AI Document, PDF & Forms",ai-document-pdf-forms,1,AI PDF Q&A Chat,ai-pdf-qa-chat,11,PDF Creation AI,Invoice PDF Generator,pdf-creation-ai-invoice-pdf-generator
Artificial Intelligence & ML,artificial-intelligence-ml,36,"AI Document, PDF & Forms",ai-document-pdf-forms,1,AI PDF Q&A Chat,ai-pdf-qa-chat,12,PDF Creation AI,Contract PDF AI,pdf-creation-ai-contract-pdf-ai
Artificial Intelligence & ML,artificial-intelligence-ml,36,"AI Document, PDF & Forms",ai-document-pdf-forms,1,AI PDF Q&A Chat,ai-pdf-qa-chat,13,PDF Creation AI,Presentation to PDF,pdf-creation-ai-presentation-to-pdf
Artificial Intelligence & ML,artificial-intelligence-ml,36,"AI Document, PDF & Forms",ai-document-pdf-forms,1,AI PDF Q&A Chat,ai-pdf-qa-chat,14,PDF Creation AI,Resume to PDF AI,pdf-creation-ai-resume-to-pdf-ai
Artificial Intelligence & ML,artificial-intelligence-ml,36,"AI Document, PDF & Forms",ai-document-pdf-forms,1,AI PDF Q&A Chat,ai-pdf-qa-chat,15,PDF Creation AI,Proposal PDF Generator,pdf-creation-ai-proposal-pdf-generator
Artificial Intelligence & ML,artificial-intelligence-ml,36,"AI Document, PDF & Forms",ai-document-pdf-forms,1,AI PDF Q&A Chat,ai-pdf-qa-chat,16,PDF Creation AI,Certificate PDF AI,pdf-creation-ai-certificate-pdf-ai
Artificial Intelligence & ML,artificial-intelligence-ml,36,"AI Document, PDF & Forms",ai-document-pdf-forms,1,AI PDF Q&A Chat,ai-pdf-qa-chat,17,PDF Creation AI,Ebook PDF Creator,pdf-creation-ai-ebook-pdf-creator
Artificial Intelligence & ML,artificial-intelligence-ml,36,"AI Document, PDF & Forms",ai-document-pdf-forms,1,AI PDF Q&A Chat,ai-pdf-qa-chat,18,PDF Creation AI,Brochure PDF AI,pdf-creation-ai-brochure-pdf-ai
Artificial Intelligence & ML,artificial-intelligence-ml,36,"AI Document, PDF & Forms",ai-document-pdf-forms,1,AI PDF Q&A Chat,ai-pdf-qa-chat,19,PDF Creation AI,Portfolio PDF Generator,pdf-creation-ai-portfolio-pdf-generator
Artificial Intelligence & ML,artificial-intelligence-ml,36,"AI Document, PDF & Forms",ai-document-pdf-forms,2,AI PDF Highlighter & Note Tools,ai-pdf-highlighter-note-tools,,,,
Artificial Intelligence & ML,artificial-intelligence-ml,36,"AI Document, PDF & Forms",ai-document-pdf-forms,3,AI PDF Translator,ai-pdf-translator,1,PDF Processing AI,PDF Translator,pdf-processing-ai-pdf-translator
Artificial Intelligence & ML,artificial-intelligence-ml,36,"AI Document, PDF & Forms",ai-document-pdf-forms,4,AI Multi-Document Comparison,ai-multi-document-comparison,,,,
Artificial Intelligence & ML,artificial-intelligence-ml,36,"AI Document, PDF & Forms",ai-document-pdf-forms,5,AI Contract Clause Extractors,ai-contract-clause-extractors,,,,
Artificial Intelligence & ML,artificial-intelligence-ml,36,"AI Document, PDF & Forms",ai-document-pdf-forms,6,AI Lease Clause Extractors,ai-lease-clause-extractors,,,,
Artificial Intelligence & ML,artificial-intelligence-ml,36,"AI Document, PDF & Forms",ai-document-pdf-forms,7,AI Bank Statement Parsers,ai-bank-statement-parsers,,,,
Artificial Intelligence & ML,artificial-intelligence-ml,36,"AI Document, PDF & Forms",ai-document-pdf-forms,8,AI Pay Stub Parsers,ai-pay-stub-parsers,,,,
Artificial Intelligence & ML,artificial-intelligence-ml,36,"AI Document, PDF & Forms",ai-document-pdf-forms,9,AI Utility Bill Parsers,ai-utility-bill-parsers,,,,
Artificial Intelligence & ML,artificial-intelligence-ml,36,"AI Document, PDF & Forms",ai-document-pdf-forms,10,AI Tax Form Parsers,ai-tax-form-parsers,,,,
Artificial Intelligence & ML,artificial-intelligence-ml,36,"AI Document, PDF & Forms",ai-document-pdf-forms,11,AI Medical Record Parsers,ai-medical-record-parsers,,,,
Artificial Intelligence & ML,artificial-intelligence-ml,36,"AI Document, PDF & Forms",ai-document-pdf-forms,12,AI Insurance Claim Form Parsers,ai-insurance-claim-form-parsers,1,Insurance AI,Document Processing Insurance,insurance-ai-document-processing-insurance
Artificial Intelligence & ML,artificial-intelligence-ml,36,"AI Document, PDF & Forms",ai-document-pdf-forms,13,AI Shipping Label Extractors,ai-shipping-label-extractors,,,,
Artificial Intelligence & ML,artificial-intelligence-ml,36,"AI Document, PDF & Forms",ai-document-pdf-forms,14,AI Business Card Scanners,ai-business-card-scanners,1,Business Writing,Policy Document Writers,business-writing-policy-document-writers
Artificial Intelligence & ML,artificial-intelligence-ml,36,"AI Document, PDF & Forms",ai-document-pdf-forms,15,AI Handwritten Form Digitizers,ai-handwritten-form-digitizers,,,,
Artificial Intelligence & ML,artificial-intelligence-ml,36,"AI Document, PDF & Forms",ai-document-pdf-forms,16,AI Whiteboard Photo Digitizers,ai-whiteboard-photo-digitizers,,,,
Artificial Intelligence & ML,artificial-intelligence-ml,36,"AI Document, PDF & Forms",ai-document-pdf-forms,17,AI Slide Photo Digitizers,ai-slide-photo-digitizers,,,,
Artificial Intelligence & ML,artificial-intelligence-ml,36,"AI Document, PDF & Forms",ai-document-pdf-forms,18,AI Receipt to Spreadsheet Tools,ai-receipt-to-spreadsheet-tools,,,,
Artificial Intelligence & ML,artificial-intelligence-ml,36,"AI Document, PDF & Forms",ai-document-pdf-forms,19,AI Invoice to Accounting Tools,ai-invoice-to-accounting-tools,1,Accounting AI,Invoice Processing AI,accounting-ai-invoice-processing-ai
Artificial Intelligence & ML,artificial-intelligence-ml,36,"AI Document, PDF & Forms",ai-document-pdf-forms,19,AI Invoice to Accounting Tools,ai-invoice-to-accounting-tools,2,Accounting AI,Reconciliation AI,accounting-ai-reconciliation-ai
Artificial Intelligence & ML,artificial-intelligence-ml,36,"AI Document, PDF & Forms",ai-document-pdf-forms,19,AI Invoice to Accounting Tools,ai-invoice-to-accounting-tools,3,Accounting AI,Audit AI,accounting-ai-audit-ai
Artificial Intelligence & ML,artificial-intelligence-ml,36,"AI Document, PDF & Forms",ai-document-pdf-forms,19,AI Invoice to Accounting Tools,ai-invoice-to-accounting-tools,4,Accounting AI,AP Automation,accounting-ai-ap-automation
Artificial Intelligence & ML,artificial-intelligence-ml,36,"AI Document, PDF & Forms",ai-document-pdf-forms,19,AI Invoice to Accounting Tools,ai-invoice-to-accounting-tools,5,Accounting AI,AR Automation,accounting-ai-ar-automation
Artificial Intelligence & ML,artificial-intelligence-ml,36,"AI Document, PDF & Forms",ai-document-pdf-forms,19,AI Invoice to Accounting Tools,ai-invoice-to-accounting-tools,6,Accounting AI,Cash Flow Prediction,accounting-ai-cash-flow-prediction
Artificial Intelligence & ML,artificial-intelligence-ml,36,"AI Document, PDF & Forms",ai-document-pdf-forms,20,AI Form Auto-Fillers,ai-form-auto-fillers,,,,
Artificial Intelligence & ML,artificial-intelligence-ml,36,"AI Document, PDF & Forms",ai-document-pdf-forms,21,AI Government Form Helpers,ai-government-form-helpers,,,,
Artificial Intelligence & ML,artificial-intelligence-ml,36,"AI Document, PDF & Forms",ai-document-pdf-forms,22,AI Visa & Immigration Form Helpers,ai-visa-immigration-form-helpers,,,,
Artificial Intelligence & ML,artificial-intelligence-ml,36,"AI Document, PDF & Forms",ai-document-pdf-forms,23,AI Loan Application Form Helpers,ai-loan-application-form-helpers,,,,
Artificial Intelligence & ML,artificial-intelligence-ml,36,"AI Document, PDF & Forms",ai-document-pdf-forms,24,AI Insurance Claim Form Helpers,ai-insurance-claim-form-helpers,,,,
Artificial Intelligence & ML,artificial-intelligence-ml,37,AI Cybersecurity & Privacy,ai-cybersecurity-privacy,1,AI Smishing SMS Detectors,ai-smishing-sms-detectors,,,,
Artificial Intelligence & ML,artificial-intelligence-ml,37,AI Cybersecurity & Privacy,ai-cybersecurity-privacy,2,AI Vishing Voice Scam Detectors,ai-vishing-voice-scam-detectors,,,,
Artificial Intelligence & ML,artificial-intelligence-ml,37,AI Cybersecurity & Privacy,ai-cybersecurity-privacy,3,AI Deepfake Audio Detectors,ai-deepfake-audio-detectors,,,,
Artificial Intelligence & ML,artificial-intelligence-ml,37,AI Cybersecurity & Privacy,ai-cybersecurity-privacy,4,AI Deepfake Video Detectors,ai-deepfake-video-detectors,,,,
Artificial Intelligence & ML,artificial-intelligence-ml,37,AI Cybersecurity & Privacy,ai-cybersecurity-privacy,5,AI Synthetic Identity Detectors,ai-synthetic-identity-detectors,,,,
Artificial Intelligence & ML,artificial-intelligence-ml,37,AI Cybersecurity & Privacy,ai-cybersecurity-privacy,6,AI Fraud Pattern Detectors,ai-fraud-pattern-detectors,,,,
Artificial Intelligence & ML,artificial-intelligence-ml,37,AI Cybersecurity & Privacy,ai-cybersecurity-privacy,7,AI Bot Traffic Detectors,ai-bot-traffic-detectors,,,,
Artificial Intelligence & ML,artificial-intelligence-ml,37,AI Cybersecurity & Privacy,ai-cybersecurity-privacy,8,AI Account Takeover Detectors,ai-account-takeover-detectors,,,,
Artificial Intelligence & ML,artificial-intelligence-ml,37,AI Cybersecurity & Privacy,ai-cybersecurity-privacy,9,AI Anomaly-Based Intrusion Detection,ai-anomaly-based-intrusion-detection,,,,
Artificial Intelligence & ML,artificial-intelligence-ml,37,AI Cybersecurity & Privacy,ai-cybersecurity-privacy,10,AI SOC Triage Copilots,ai-soc-triage-copilots,,,,
Artificial Intelligence & ML,artificial-intelligence-ml,37,AI Cybersecurity & Privacy,ai-cybersecurity-privacy,11,AI Threat Intelligence Synthesizers,ai-threat-intelligence-synthesizers,,,,
Artificial Intelligence & ML,artificial-intelligence-ml,37,AI Cybersecurity & Privacy,ai-cybersecurity-privacy,12,AI Vulnerability Prioritization,ai-vulnerability-prioritization,,,,
Artificial Intelligence & ML,artificial-intelligence-ml,37,AI Cybersecurity & Privacy,ai-cybersecurity-privacy,13,AI Patch Management Copilots,ai-patch-management-copilots,,,,
Artificial Intelligence & ML,artificial-intelligence-ml,37,AI Cybersecurity & Privacy,ai-cybersecurity-privacy,14,AI Cloud Misconfiguration Scanners,ai-cloud-misconfiguration-scanners,,,,
Artificial Intelligence & ML,artificial-intelligence-ml,37,AI Cybersecurity & Privacy,ai-cybersecurity-privacy,15,AI Container Security Scanners,ai-container-security-scanners,1,Security AI,Threat Detection AI,security-ai-threat-detection-ai
Artificial Intelligence & ML,artificial-intelligence-ml,37,AI Cybersecurity & Privacy,ai-cybersecurity-privacy,15,AI Container Security Scanners,ai-container-security-scanners,2,Security AI,Phishing Detection,security-ai-phishing-detection
Artificial Intelligence & ML,artificial-intelligence-ml,37,AI Cybersecurity & Privacy,ai-cybersecurity-privacy,15,AI Container Security Scanners,ai-container-security-scanners,3,Security AI,Malware Analysis AI,security-ai-malware-analysis-ai
Artificial Intelligence & ML,artificial-intelligence-ml,37,AI Cybersecurity & Privacy,ai-cybersecurity-privacy,15,AI Container Security Scanners,ai-container-security-scanners,4,Security AI,SIEM AI,security-ai-siem-ai
Artificial Intelligence & ML,artificial-intelligence-ml,37,AI Cybersecurity & Privacy,ai-cybersecurity-privacy,15,AI Container Security Scanners,ai-container-security-scanners,5,Security AI,SOC Automation,security-ai-soc-automation
Artificial Intelligence & ML,artificial-intelligence-ml,37,AI Cybersecurity & Privacy,ai-cybersecurity-privacy,15,AI Container Security Scanners,ai-container-security-scanners,6,Security AI,Identity Verification,security-ai-identity-verification
Artificial Intelligence & ML,artificial-intelligence-ml,37,AI Cybersecurity & Privacy,ai-cybersecurity-privacy,15,AI Container Security Scanners,ai-container-security-scanners,7,Security AI,Access Anomaly Detection,security-ai-access-anomaly-detection
Artificial Intelligence & ML,artificial-intelligence-ml,37,AI Cybersecurity & Privacy,ai-cybersecurity-privacy,15,AI Container Security Scanners,ai-container-security-scanners,8,Security AI,Data Loss Prevention AI,security-ai-data-loss-prevention-ai
Artificial Intelligence & ML,artificial-intelligence-ml,37,AI Cybersecurity & Privacy,ai-cybersecurity-privacy,15,AI Container Security Scanners,ai-container-security-scanners,9,Security AI,Incident Response AI,security-ai-incident-response-ai
Artificial Intelligence & ML,artificial-intelligence-ml,37,AI Cybersecurity & Privacy,ai-cybersecurity-privacy,16,AI Code Secret Scanners,ai-code-secret-scanners,,,,
Artificial Intelligence & ML,artificial-intelligence-ml,37,AI Cybersecurity & Privacy,ai-cybersecurity-privacy,17,AI Source Code Backdoor Detectors,ai-source-code-backdoor-detectors,,,,
Artificial Intelligence & ML,artificial-intelligence-ml,37,AI Cybersecurity & Privacy,ai-cybersecurity-privacy,18,AI Penetration Testing Helpers,ai-penetration-testing-helpers,,,,
Artificial Intelligence & ML,artificial-intelligence-ml,37,AI Cybersecurity & Privacy,ai-cybersecurity-privacy,19,AI Red Team Simulation Tools,ai-red-team-simulation-tools,1,Team Productivity AI,Meeting Optimizer AI,team-productivity-ai-meeting-optimizer-ai
Artificial Intelligence & ML,artificial-intelligence-ml,37,AI Cybersecurity & Privacy,ai-cybersecurity-privacy,19,AI Red Team Simulation Tools,ai-red-team-simulation-tools,2,Team Productivity AI,Workflow Analysis AI,team-productivity-ai-workflow-analysis-ai
Artificial Intelligence & ML,artificial-intelligence-ml,37,AI Cybersecurity & Privacy,ai-cybersecurity-privacy,19,AI Red Team Simulation Tools,ai-red-team-simulation-tools,3,Team Productivity AI,Bottleneck Detection,team-productivity-ai-bottleneck-detection
Artificial Intelligence & ML,artificial-intelligence-ml,37,AI Cybersecurity & Privacy,ai-cybersecurity-privacy,19,AI Red Team Simulation Tools,ai-red-team-simulation-tools,4,Team Productivity AI,Team Allocation AI,team-productivity-ai-team-allocation-ai
Artificial Intelligence & ML,artificial-intelligence-ml,37,AI Cybersecurity & Privacy,ai-cybersecurity-privacy,19,AI Red Team Simulation Tools,ai-red-team-simulation-tools,5,Team Productivity AI,Knowledge Sharing AI,team-productivity-ai-knowledge-sharing-ai
Artificial Intelligence & ML,artificial-intelligence-ml,37,AI Cybersecurity & Privacy,ai-cybersecurity-privacy,19,AI Red Team Simulation Tools,ai-red-team-simulation-tools,6,Team Productivity AI,Process Mining AI,team-productivity-ai-process-mining-ai
Artificial Intelligence & ML,artificial-intelligence-ml,37,AI Cybersecurity & Privacy,ai-cybersecurity-privacy,19,AI Red Team Simulation Tools,ai-red-team-simulation-tools,7,Team Productivity AI,Collaboration AI,team-productivity-ai-collaboration-ai
Artificial Intelligence & ML,artificial-intelligence-ml,37,AI Cybersecurity & Privacy,ai-cybersecurity-privacy,19,AI Red Team Simulation Tools,ai-red-team-simulation-tools,8,Team Productivity AI,Standups AI,team-productivity-ai-standups-ai
Artificial Intelligence & ML,artificial-intelligence-ml,37,AI Cybersecurity & Privacy,ai-cybersecurity-privacy,19,AI Red Team Simulation Tools,ai-red-team-simulation-tools,9,Team Productivity AI,OKR Tracking AI,team-productivity-ai-okr-tracking-ai
Artificial Intelligence & ML,artificial-intelligence-ml,37,AI Cybersecurity & Privacy,ai-cybersecurity-privacy,19,AI Red Team Simulation Tools,ai-red-team-simulation-tools,10,Team Productivity AI,Sprint Velocity AI,team-productivity-ai-sprint-velocity-ai
Artificial Intelligence & ML,artificial-intelligence-ml,37,AI Cybersecurity & Privacy,ai-cybersecurity-privacy,20,AI Phishing Simulation Builders,ai-phishing-simulation-builders,,,,
Artificial Intelligence & ML,artificial-intelligence-ml,37,AI Cybersecurity & Privacy,ai-cybersecurity-privacy,21,AI Security Awareness Training,ai-security-awareness-training,,,,
Artificial Intelligence & ML,artificial-intelligence-ml,37,AI Cybersecurity & Privacy,ai-cybersecurity-privacy,22,AI Privacy Risk Assessors,ai-privacy-risk-assessors,,,,
Artificial Intelligence & ML,artificial-intelligence-ml,37,AI Cybersecurity & Privacy,ai-cybersecurity-privacy,23,AI Data Anonymization Tools,ai-data-anonymization-tools,1,Privacy-Preserving AI,Data Anonymization AI,privacy-preserving-ai-data-anonymization-ai
Artificial Intelligence & ML,artificial-intelligence-ml,37,AI Cybersecurity & Privacy,ai-cybersecurity-privacy,24,AI PII Redaction Tools,ai-pii-redaction-tools,,,,
Artificial Intelligence & ML,artificial-intelligence-ml,37,AI Cybersecurity & Privacy,ai-cybersecurity-privacy,25,AI GDPR Compliance Helpers,ai-gdpr-compliance-helpers,,,,
Artificial Intelligence & ML,artificial-intelligence-ml,37,AI Cybersecurity & Privacy,ai-cybersecurity-privacy,26,AI HIPAA Compliance Helpers,ai-hipaa-compliance-helpers,,,,
Artificial Intelligence & ML,artificial-intelligence-ml,37,AI Cybersecurity & Privacy,ai-cybersecurity-privacy,27,AI SOC2 Audit Helpers,ai-soc2-audit-helpers,,,,
Artificial Intelligence & ML,artificial-intelligence-ml,37,AI Cybersecurity & Privacy,ai-cybersecurity-privacy,28,AI ISO 27001 Helpers,ai-iso-27001-helpers,,,,
Artificial Intelligence & ML,artificial-intelligence-ml,37,AI Cybersecurity & Privacy,ai-cybersecurity-privacy,29,AI Zero-Trust Policy Generators,ai-zero-trust-policy-generators,,,,
Artificial Intelligence & ML,artificial-intelligence-ml,38,"AI Safety, Ethics & Trust",ai-safety-ethics-trust,1,AI Output Watermarking Tools,ai-output-watermarking-tools,,,,
Artificial Intelligence & ML,artificial-intelligence-ml,38,"AI Safety, Ethics & Trust",ai-safety-ethics-trust,2,AI Provenance Tracking (C2PA),ai-provenance-tracking-c2pa,,,,
Artificial Intelligence & ML,artificial-intelligence-ml,38,"AI Safety, Ethics & Trust",ai-safety-ethics-trust,3,AI Image-Origin Detectors,ai-image-origin-detectors,,,,
Artificial Intelligence & ML,artificial-intelligence-ml,38,"AI Safety, Ethics & Trust",ai-safety-ethics-trust,4,AI Text-Origin Detectors,ai-text-origin-detectors,,,,
Artificial Intelligence & ML,artificial-intelligence-ml,38,"AI Safety, Ethics & Trust",ai-safety-ethics-trust,5,AI Model Card Generators,ai-model-card-generators,1,AI Governance,Model Audit Tools,ai-governance-model-audit-tools
Artificial Intelligence & ML,artificial-intelligence-ml,38,"AI Safety, Ethics & Trust",ai-safety-ethics-trust,6,AI Datasheet Generators for Datasets,ai-datasheet-generators-for-datasets,,,,
Artificial Intelligence & ML,artificial-intelligence-ml,38,"AI Safety, Ethics & Trust",ai-safety-ethics-trust,7,AI Bias Auditing Tools,ai-bias-auditing-tools,1,AI Governance,AI Bias Detection,ai-governance-ai-bias-detection
Artificial Intelligence & ML,artificial-intelligence-ml,38,"AI Safety, Ethics & Trust",ai-safety-ethics-trust,8,AI Fairness Metric Tools,ai-fairness-metric-tools,1,AI Governance,Fairness Testing,ai-governance-fairness-testing
Artificial Intelligence & ML,artificial-intelligence-ml,38,"AI Safety, Ethics & Trust",ai-safety-ethics-trust,9,AI Explainability Toolkits,ai-explainability-toolkits,1,AI Governance,Explainability Tools,ai-governance-explainability-tools
Artificial Intelligence & ML,artificial-intelligence-ml,38,"AI Safety, Ethics & Trust",ai-safety-ethics-trust,10,AI Hallucination Detectors,ai-hallucination-detectors,,,,
Artificial Intelligence & ML,artificial-intelligence-ml,38,"AI Safety, Ethics & Trust",ai-safety-ethics-trust,11,AI Jailbreak Testing Tools,ai-jailbreak-testing-tools,,,,
Artificial Intelligence & ML,artificial-intelligence-ml,38,"AI Safety, Ethics & Trust",ai-safety-ethics-trust,12,AI Prompt Injection Defenses,ai-prompt-injection-defenses,1,Prompt Tools,Prompt Injection Defense,prompt-tools-prompt-injection-defense
Artificial Intelligence & ML,artificial-intelligence-ml,38,"AI Safety, Ethics & Trust",ai-safety-ethics-trust,13,AI Content Moderation APIs,ai-content-moderation-apis,1,Content AI,Content Moderation,content-ai-content-moderation
Artificial Intelligence & ML,artificial-intelligence-ml,38,"AI Safety, Ethics & Trust",ai-safety-ethics-trust,13,AI Content Moderation APIs,ai-content-moderation-apis,2,Content Authenticity,AI Text Detection,content-authenticity-ai-text-detection
Artificial Intelligence & ML,artificial-intelligence-ml,38,"AI Safety, Ethics & Trust",ai-safety-ethics-trust,13,AI Content Moderation APIs,ai-content-moderation-apis,3,Content Authenticity,Deepfake Detection,content-authenticity-deepfake-detection
Artificial Intelligence & ML,artificial-intelligence-ml,38,"AI Safety, Ethics & Trust",ai-safety-ethics-trust,13,AI Content Moderation APIs,ai-content-moderation-apis,4,Content Authenticity,Image Authenticity,content-authenticity-image-authenticity
Artificial Intelligence & ML,artificial-intelligence-ml,38,"AI Safety, Ethics & Trust",ai-safety-ethics-trust,13,AI Content Moderation APIs,ai-content-moderation-apis,5,Content Authenticity,Audio Deepfake Detection,content-authenticity-audio-deepfake-detection
Artificial Intelligence & ML,artificial-intelligence-ml,38,"AI Safety, Ethics & Trust",ai-safety-ethics-trust,13,AI Content Moderation APIs,ai-content-moderation-apis,6,Content Authenticity,Video Verification,content-authenticity-video-verification
Artificial Intelligence & ML,artificial-intelligence-ml,38,"AI Safety, Ethics & Trust",ai-safety-ethics-trust,13,AI Content Moderation APIs,ai-content-moderation-apis,7,Content Authenticity,Watermarking AI,content-authenticity-watermarking-ai
Artificial Intelligence & ML,artificial-intelligence-ml,38,"AI Safety, Ethics & Trust",ai-safety-ethics-trust,13,AI Content Moderation APIs,ai-content-moderation-apis,8,Content Authenticity,Provenance Tracking,content-authenticity-provenance-tracking
Artificial Intelligence & ML,artificial-intelligence-ml,38,"AI Safety, Ethics & Trust",ai-safety-ethics-trust,13,AI Content Moderation APIs,ai-content-moderation-apis,9,Content Authenticity,Misinformation Detection,content-authenticity-misinformation-detection
Artificial Intelligence & ML,artificial-intelligence-ml,38,"AI Safety, Ethics & Trust",ai-safety-ethics-trust,13,AI Content Moderation APIs,ai-content-moderation-apis,10,Content Authenticity,Bot Detection,content-authenticity-bot-detection
Artificial Intelligence & ML,artificial-intelligence-ml,38,"AI Safety, Ethics & Trust",ai-safety-ethics-trust,13,AI Content Moderation APIs,ai-content-moderation-apis,11,Content Authenticity,Synthetic Media Detection,content-authenticity-synthetic-media-detection
Artificial Intelligence & ML,artificial-intelligence-ml,38,"AI Safety, Ethics & Trust",ai-safety-ethics-trust,14,AI CSAM Detection Tools,ai-csam-detection-tools,1,AI Governance,AI Risk Assessment,ai-governance-ai-risk-assessment
Artificial Intelligence & ML,artificial-intelligence-ml,38,"AI Safety, Ethics & Trust",ai-safety-ethics-trust,14,AI CSAM Detection Tools,ai-csam-detection-tools,2,AI Governance,Compliance Monitoring,ai-governance-compliance-monitoring
Artificial Intelligence & ML,artificial-intelligence-ml,38,"AI Safety, Ethics & Trust",ai-safety-ethics-trust,14,AI CSAM Detection Tools,ai-csam-detection-tools,3,AI Governance,Ethical AI Frameworks,ai-governance-ethical-ai-frameworks
Artificial Intelligence & ML,artificial-intelligence-ml,38,"AI Safety, Ethics & Trust",ai-safety-ethics-trust,14,AI CSAM Detection Tools,ai-csam-detection-tools,4,AI Governance,AI Impact Assessment,ai-governance-ai-impact-assessment
Artificial Intelligence & ML,artificial-intelligence-ml,38,"AI Safety, Ethics & Trust",ai-safety-ethics-trust,14,AI CSAM Detection Tools,ai-csam-detection-tools,5,AI Governance,Responsible AI Platforms,ai-governance-responsible-ai-platforms
Artificial Intelligence & ML,artificial-intelligence-ml,38,"AI Safety, Ethics & Trust",ai-safety-ethics-trust,14,AI CSAM Detection Tools,ai-csam-detection-tools,6,AI Governance,AI Transparency Tools,ai-governance-ai-transparency-tools
Artificial Intelligence & ML,artificial-intelligence-ml,38,"AI Safety, Ethics & Trust",ai-safety-ethics-trust,15,AI Toxicity Classifiers,ai-toxicity-classifiers,,,,
Artificial Intelligence & ML,artificial-intelligence-ml,38,"AI Safety, Ethics & Trust",ai-safety-ethics-trust,16,AI Misinformation Detection,ai-misinformation-detection,,,,
Artificial Intelligence & ML,artificial-intelligence-ml,38,"AI Safety, Ethics & Trust",ai-safety-ethics-trust,17,AI Election Integrity Tools,ai-election-integrity-tools,,,,
Artificial Intelligence & ML,artificial-intelligence-ml,38,"AI Safety, Ethics & Trust",ai-safety-ethics-trust,18,AI Age Verification Tools,ai-age-verification-tools,,,,
Artificial Intelligence & ML,artificial-intelligence-ml,39,AI Agents & Autonomous Systems,ai-agents-autonomous-systems,1,AI Computer-Use Browser Agents,ai-computer-use-browser-agents,1,Vehicle AI,Autonomous Driving,vehicle-ai-autonomous-driving
Artificial Intelligence & ML,artificial-intelligence-ml,39,AI Agents & Autonomous Systems,ai-agents-autonomous-systems,1,AI Computer-Use Browser Agents,ai-computer-use-browser-agents,2,Computer Use AI,Desktop Automation Agent,computer-use-ai-desktop-automation-agent
Artificial Intelligence & ML,artificial-intelligence-ml,39,AI Agents & Autonomous Systems,ai-agents-autonomous-systems,1,AI Computer-Use Browser Agents,ai-computer-use-browser-agents,3,Computer Use AI,Screen-Aware AI Assistant,computer-use-ai-screen-aware-ai-assistant
Artificial Intelligence & ML,artificial-intelligence-ml,39,AI Agents & Autonomous Systems,ai-agents-autonomous-systems,1,AI Computer-Use Browser Agents,ai-computer-use-browser-agents,4,Computer Use AI,Multi-App Workflow Agent,computer-use-ai-multi-app-workflow-agent
Artificial Intelligence & ML,artificial-intelligence-ml,39,AI Agents & Autonomous Systems,ai-agents-autonomous-systems,1,AI Computer-Use Browser Agents,ai-computer-use-browser-agents,5,Computer Use AI,File Management Agent,computer-use-ai-file-management-agent
Artificial Intelligence & ML,artificial-intelligence-ml,39,AI Agents & Autonomous Systems,ai-agents-autonomous-systems,1,AI Computer-Use Browser Agents,ai-computer-use-browser-agents,6,Computer Use AI,System Optimization AI,computer-use-ai-system-optimization-ai
Artificial Intelligence & ML,artificial-intelligence-ml,39,AI Agents & Autonomous Systems,ai-agents-autonomous-systems,1,AI Computer-Use Browser Agents,ai-computer-use-browser-agents,7,Computer Use AI,OS-Level AI Assistant,computer-use-ai-os-level-ai-assistant
Artificial Intelligence & ML,artificial-intelligence-ml,39,AI Agents & Autonomous Systems,ai-agents-autonomous-systems,1,AI Computer-Use Browser Agents,ai-computer-use-browser-agents,8,Computer Use AI,Window Manager AI,computer-use-ai-window-manager-ai
Artificial Intelligence & ML,artificial-intelligence-ml,39,AI Agents & Autonomous Systems,ai-agents-autonomous-systems,1,AI Computer-Use Browser Agents,ai-computer-use-browser-agents,9,Computer Use AI,Clipboard AI Manager,computer-use-ai-clipboard-ai-manager
Artificial Intelligence & ML,artificial-intelligence-ml,39,AI Agents & Autonomous Systems,ai-agents-autonomous-systems,1,AI Computer-Use Browser Agents,ai-computer-use-browser-agents,10,Computer Use AI,Desktop Search AI,computer-use-ai-desktop-search-ai
Artificial Intelligence & ML,artificial-intelligence-ml,39,AI Agents & Autonomous Systems,ai-agents-autonomous-systems,1,AI Computer-Use Browser Agents,ai-computer-use-browser-agents,11,Computer Use AI,App Launcher AI,computer-use-ai-app-launcher-ai
Artificial Intelligence & ML,artificial-intelligence-ml,39,AI Agents & Autonomous Systems,ai-agents-autonomous-systems,2,AI Web Form-Filling Agents,ai-web-form-filling-agents,,,,
Artificial Intelligence & ML,artificial-intelligence-ml,39,AI Agents & Autonomous Systems,ai-agents-autonomous-systems,3,AI Data Entry Agents,ai-data-entry-agents,1,Task-Specific Agents,Data Entry Agents,task-specific-agents-data-entry-agents
Artificial Intelligence & ML,artificial-intelligence-ml,39,AI Agents & Autonomous Systems,ai-agents-autonomous-systems,4,AI Travel Booking Agents,ai-travel-booking-agents,1,Travel AI,Activity Booking AI,travel-ai-activity-booking-ai
Artificial Intelligence & ML,artificial-intelligence-ml,39,AI Agents & Autonomous Systems,ai-agents-autonomous-systems,5,AI Restaurant Reservation Agents,ai-restaurant-reservation-agents,,,,
Artificial Intelligence & ML,artificial-intelligence-ml,39,AI Agents & Autonomous Systems,ai-agents-autonomous-systems,6,AI Shopping Comparison Agents,ai-shopping-comparison-agents,1,Shopping AI,Visual Search Shopping,shopping-ai-visual-search-shopping
Artificial Intelligence & ML,artificial-intelligence-ml,39,AI Agents & Autonomous Systems,ai-agents-autonomous-systems,6,AI Shopping Comparison Agents,ai-shopping-comparison-agents,2,Shopping AI,Price Optimization AI,shopping-ai-price-optimization-ai
Artificial Intelligence & ML,artificial-intelligence-ml,39,AI Agents & Autonomous Systems,ai-agents-autonomous-systems,6,AI Shopping Comparison Agents,ai-shopping-comparison-agents,3,Shopping AI,Personalization Engine,shopping-ai-personalization-engine
Artificial Intelligence & ML,artificial-intelligence-ml,39,AI Agents & Autonomous Systems,ai-agents-autonomous-systems,6,AI Shopping Comparison Agents,ai-shopping-comparison-agents,4,Shopping AI,Return Prediction,shopping-ai-return-prediction
Artificial Intelligence & ML,artificial-intelligence-ml,39,AI Agents & Autonomous Systems,ai-agents-autonomous-systems,6,AI Shopping Comparison Agents,ai-shopping-comparison-agents,5,Shopping AI,Fraud Detection,shopping-ai-fraud-detection
Artificial Intelligence & ML,artificial-intelligence-ml,39,AI Agents & Autonomous Systems,ai-agents-autonomous-systems,6,AI Shopping Comparison Agents,ai-shopping-comparison-agents,6,Shopping AI,Dynamic Pricing AI,shopping-ai-dynamic-pricing-ai
Artificial Intelligence & ML,artificial-intelligence-ml,39,AI Agents & Autonomous Systems,ai-agents-autonomous-systems,7,AI Price Drop Watcher Agents,ai-price-drop-watcher-agents,,,,
Artificial Intelligence & ML,artificial-intelligence-ml,39,AI Agents & Autonomous Systems,ai-agents-autonomous-systems,8,AI Job Application Agents,ai-job-application-agents,,,,
Artificial Intelligence & ML,artificial-intelligence-ml,39,AI Agents & Autonomous Systems,ai-agents-autonomous-systems,9,AI Cold Outreach Agents,ai-cold-outreach-agents,,,,
Artificial Intelligence & ML,artificial-intelligence-ml,39,AI Agents & Autonomous Systems,ai-agents-autonomous-systems,10,AI Social Media Engagement Agents,ai-social-media-engagement-agents,1,Task-Specific Agents,Social Media Agents,task-specific-agents-social-media-agents
Artificial Intelligence & ML,artificial-intelligence-ml,39,AI Agents & Autonomous Systems,ai-agents-autonomous-systems,10,AI Social Media Engagement Agents,ai-social-media-engagement-agents,2,Social Media Writing,LinkedIn Post Generators,social-media-writing-linkedin-post-generators
Artificial Intelligence & ML,artificial-intelligence-ml,39,AI Agents & Autonomous Systems,ai-agents-autonomous-systems,10,AI Social Media Engagement Agents,ai-social-media-engagement-agents,3,Social Media Writing,Instagram Caption AI,social-media-writing-instagram-caption-ai
Artificial Intelligence & ML,artificial-intelligence-ml,39,AI Agents & Autonomous Systems,ai-agents-autonomous-systems,10,AI Social Media Engagement Agents,ai-social-media-engagement-agents,4,Social Media Writing,Pinterest Description AI,social-media-writing-pinterest-description-ai
Artificial Intelligence & ML,artificial-intelligence-ml,39,AI Agents & Autonomous Systems,ai-agents-autonomous-systems,10,AI Social Media Engagement Agents,ai-social-media-engagement-agents,5,Social Media Writing,Reddit Post Helpers,social-media-writing-reddit-post-helpers
Artificial Intelligence & ML,artificial-intelligence-ml,39,AI Agents & Autonomous Systems,ai-agents-autonomous-systems,10,AI Social Media Engagement Agents,ai-social-media-engagement-agents,6,Social Media Writing,Social Bio Generators,social-media-writing-social-bio-generators
Artificial Intelligence & ML,artificial-intelligence-ml,39,AI Agents & Autonomous Systems,ai-agents-autonomous-systems,10,AI Social Media Engagement Agents,ai-social-media-engagement-agents,7,Social Media AI,Content Scheduling AI,social-media-ai-content-scheduling-ai
Artificial Intelligence & ML,artificial-intelligence-ml,39,AI Agents & Autonomous Systems,ai-agents-autonomous-systems,10,AI Social Media Engagement Agents,ai-social-media-engagement-agents,8,Social Media AI,Hashtag Generator,social-media-ai-hashtag-generator
Artificial Intelligence & ML,artificial-intelligence-ml,39,AI Agents & Autonomous Systems,ai-agents-autonomous-systems,10,AI Social Media Engagement Agents,ai-social-media-engagement-agents,9,Social Media AI,Trend Prediction,social-media-ai-trend-prediction
Artificial Intelligence & ML,artificial-intelligence-ml,39,AI Agents & Autonomous Systems,ai-agents-autonomous-systems,10,AI Social Media Engagement Agents,ai-social-media-engagement-agents,10,Social Media AI,Social Listening,social-media-ai-social-listening
Artificial Intelligence & ML,artificial-intelligence-ml,39,AI Agents & Autonomous Systems,ai-agents-autonomous-systems,10,AI Social Media Engagement Agents,ai-social-media-engagement-agents,11,Social Media AI,Influencer Discovery AI,social-media-ai-influencer-discovery-ai
Artificial Intelligence & ML,artificial-intelligence-ml,39,AI Agents & Autonomous Systems,ai-agents-autonomous-systems,10,AI Social Media Engagement Agents,ai-social-media-engagement-agents,12,Social Media AI,Community Management AI,social-media-ai-community-management-ai
Artificial Intelligence & ML,artificial-intelligence-ml,39,AI Agents & Autonomous Systems,ai-agents-autonomous-systems,10,AI Social Media Engagement Agents,ai-social-media-engagement-agents,13,Social Media AI,Social ROI Tracker,social-media-ai-social-roi-tracker
Artificial Intelligence & ML,artificial-intelligence-ml,39,AI Agents & Autonomous Systems,ai-agents-autonomous-systems,10,AI Social Media Engagement Agents,ai-social-media-engagement-agents,14,Social Media AI,Viral Content Predictor,social-media-ai-viral-content-predictor
Artificial Intelligence & ML,artificial-intelligence-ml,39,AI Agents & Autonomous Systems,ai-agents-autonomous-systems,10,AI Social Media Engagement Agents,ai-social-media-engagement-agents,15,Social Media AI,User Engagement AI,social-media-ai-user-engagement-ai
Artificial Intelligence & ML,artificial-intelligence-ml,39,AI Agents & Autonomous Systems,ai-agents-autonomous-systems,10,AI Social Media Engagement Agents,ai-social-media-engagement-agents,16,Social Media AI,Crisis Detection AI,social-media-ai-crisis-detection-ai
Artificial Intelligence & ML,artificial-intelligence-ml,39,AI Agents & Autonomous Systems,ai-agents-autonomous-systems,10,AI Social Media Engagement Agents,ai-social-media-engagement-agents,17,Fan & Media AI,Sports Highlight AI,fan-media-ai-sports-highlight-ai
Artificial Intelligence & ML,artificial-intelligence-ml,39,AI Agents & Autonomous Systems,ai-agents-autonomous-systems,10,AI Social Media Engagement Agents,ai-social-media-engagement-agents,18,Fan & Media AI,Match Summary Writer,fan-media-ai-match-summary-writer
Artificial Intelligence & ML,artificial-intelligence-ml,39,AI Agents & Autonomous Systems,ai-agents-autonomous-systems,10,AI Social Media Engagement Agents,ai-social-media-engagement-agents,19,Fan & Media AI,Sports Commentary AI,fan-media-ai-sports-commentary-ai
Artificial Intelligence & ML,artificial-intelligence-ml,39,AI Agents & Autonomous Systems,ai-agents-autonomous-systems,10,AI Social Media Engagement Agents,ai-social-media-engagement-agents,20,Fan & Media AI,Fan Engagement Platform,fan-media-ai-fan-engagement-platform
Artificial Intelligence & ML,artificial-intelligence-ml,39,AI Agents & Autonomous Systems,ai-agents-autonomous-systems,10,AI Social Media Engagement Agents,ai-social-media-engagement-agents,21,Fan & Media AI,Sports Social Media AI,fan-media-ai-sports-social-media-ai
Artificial Intelligence & ML,artificial-intelligence-ml,39,AI Agents & Autonomous Systems,ai-agents-autonomous-systems,10,AI Social Media Engagement Agents,ai-social-media-engagement-agents,22,Fan & Media AI,Stadium Experience AI,fan-media-ai-stadium-experience-ai
Artificial Intelligence & ML,artificial-intelligence-ml,39,AI Agents & Autonomous Systems,ai-agents-autonomous-systems,10,AI Social Media Engagement Agents,ai-social-media-engagement-agents,23,Fan & Media AI,Sports Merchandise AI,fan-media-ai-sports-merchandise-ai
Artificial Intelligence & ML,artificial-intelligence-ml,39,AI Agents & Autonomous Systems,ai-agents-autonomous-systems,10,AI Social Media Engagement Agents,ai-social-media-engagement-agents,24,Fan & Media AI,Ticket Pricing AI Sports,fan-media-ai-ticket-pricing-ai-sports
Artificial Intelligence & ML,artificial-intelligence-ml,39,AI Agents & Autonomous Systems,ai-agents-autonomous-systems,10,AI Social Media Engagement Agents,ai-social-media-engagement-agents,25,Fan & Media AI,Sports Trivia AI,fan-media-ai-sports-trivia-ai
Artificial Intelligence & ML,artificial-intelligence-ml,39,AI Agents & Autonomous Systems,ai-agents-autonomous-systems,10,AI Social Media Engagement Agents,ai-social-media-engagement-agents,26,Fan & Media AI,Player Comparison AI,fan-media-ai-player-comparison-ai
Artificial Intelligence & ML,artificial-intelligence-ml,39,AI Agents & Autonomous Systems,ai-agents-autonomous-systems,11,AI Inbox Triage Agents,ai-inbox-triage-agents,,,,
Artificial Intelligence & ML,artificial-intelligence-ml,39,AI Agents & Autonomous Systems,ai-agents-autonomous-systems,12,AI Calendar Scheduling Agents,ai-calendar-scheduling-agents,1,Task-Specific Agents,Calendar Scheduling Agents,task-specific-agents-calendar-scheduling-agents
Artificial Intelligence & ML,artificial-intelligence-ml,39,AI Agents & Autonomous Systems,ai-agents-autonomous-systems,13,AI Personal Concierge Agents,ai-personal-concierge-agents,,,,
Artificial Intelligence & ML,artificial-intelligence-ml,39,AI Agents & Autonomous Systems,ai-agents-autonomous-systems,14,AI Research-and-Report Agents,ai-research-and-report-agents,,,,
Artificial Intelligence & ML,artificial-intelligence-ml,39,AI Agents & Autonomous Systems,ai-agents-autonomous-systems,15,AI Spreadsheet Update Agents,ai-spreadsheet-update-agents,,,,
Artificial Intelligence & ML,artificial-intelligence-ml,39,AI Agents & Autonomous Systems,ai-agents-autonomous-systems,16,AI File Organization Agents,ai-file-organization-agents,1,Task-Specific Agents,File Organization Agents,task-specific-agents-file-organization-agents
Artificial Intelligence & ML,artificial-intelligence-ml,39,AI Agents & Autonomous Systems,ai-agents-autonomous-systems,16,AI File Organization Agents,ai-file-organization-agents,2,File Organization AI,Auto-Tag Files,file-organization-ai-auto-tag-files
Artificial Intelligence & ML,artificial-intelligence-ml,39,AI Agents & Autonomous Systems,ai-agents-autonomous-systems,16,AI File Organization Agents,ai-file-organization-agents,3,File Organization AI,Smart Folder AI,file-organization-ai-smart-folder-ai
Artificial Intelligence & ML,artificial-intelligence-ml,39,AI Agents & Autonomous Systems,ai-agents-autonomous-systems,16,AI File Organization Agents,ai-file-organization-agents,4,File Organization AI,Duplicate File Finder,file-organization-ai-duplicate-file-finder
Artificial Intelligence & ML,artificial-intelligence-ml,39,AI Agents & Autonomous Systems,ai-agents-autonomous-systems,16,AI File Organization Agents,ai-file-organization-agents,5,File Organization AI,File Renaming AI,file-organization-ai-file-renaming-ai
Artificial Intelligence & ML,artificial-intelligence-ml,39,AI Agents & Autonomous Systems,ai-agents-autonomous-systems,16,AI File Organization Agents,ai-file-organization-agents,6,File Organization AI,Photo Organizer AI,file-organization-ai-photo-organizer-ai
Artificial Intelligence & ML,artificial-intelligence-ml,39,AI Agents & Autonomous Systems,ai-agents-autonomous-systems,16,AI File Organization Agents,ai-file-organization-agents,7,File Organization AI,Music Library Organizer,file-organization-ai-music-library-organizer
Artificial Intelligence & ML,artificial-intelligence-ml,39,AI Agents & Autonomous Systems,ai-agents-autonomous-systems,16,AI File Organization Agents,ai-file-organization-agents,8,File Organization AI,Document Classifier,file-organization-ai-document-classifier
Artificial Intelligence & ML,artificial-intelligence-ml,39,AI Agents & Autonomous Systems,ai-agents-autonomous-systems,16,AI File Organization Agents,ai-file-organization-agents,9,File Organization AI,Archive Manager AI,file-organization-ai-archive-manager-ai
Artificial Intelligence & ML,artificial-intelligence-ml,39,AI Agents & Autonomous Systems,ai-agents-autonomous-systems,16,AI File Organization Agents,ai-file-organization-agents,10,File Organization AI,Storage Optimizer AI,file-organization-ai-storage-optimizer-ai
Artificial Intelligence & ML,artificial-intelligence-ml,39,AI Agents & Autonomous Systems,ai-agents-autonomous-systems,16,AI File Organization Agents,ai-file-organization-agents,11,File Organization AI,Backup Scheduler AI,file-organization-ai-backup-scheduler-ai
Artificial Intelligence & ML,artificial-intelligence-ml,39,AI Agents & Autonomous Systems,ai-agents-autonomous-systems,17,AI Photo Library Cleanup Agents,ai-photo-library-cleanup-agents,,,,
Artificial Intelligence & ML,artificial-intelligence-ml,39,AI Agents & Autonomous Systems,ai-agents-autonomous-systems,18,AI Cloud Cost Cutter Agents,ai-cloud-cost-cutter-agents,1,DevOps AI,Cost Prediction Cloud,devops-ai-cost-prediction-cloud
Artificial Intelligence & ML,artificial-intelligence-ml,39,AI Agents & Autonomous Systems,ai-agents-autonomous-systems,19,AI Continuous Monitoring Agents,ai-continuous-monitoring-agents,,,,
Artificial Intelligence & ML,artificial-intelligence-ml,39,AI Agents & Autonomous Systems,ai-agents-autonomous-systems,20,AI On-Call Triage Agents,ai-on-call-triage-agents,,,,
Artificial Intelligence & ML,artificial-intelligence-ml,40,"AI Hardware, Robotics & Embedded",ai-hardware-robotics-embedded,1,AI Robot Vision Tools,ai-robot-vision-tools,,,,
Artificial Intelligence & ML,artificial-intelligence-ml,40,"AI Hardware, Robotics & Embedded",ai-hardware-robotics-embedded,2,AI Robot Navigation Stacks,ai-robot-navigation-stacks,,,,
Artificial Intelligence & ML,artificial-intelligence-ml,40,"AI Hardware, Robotics & Embedded",ai-hardware-robotics-embedded,3,AI SLAM Tools,ai-slam-tools,,,,
Artificial Intelligence & ML,artificial-intelligence-ml,40,"AI Hardware, Robotics & Embedded",ai-hardware-robotics-embedded,4,AI Drone Flight Planners,ai-drone-flight-planners,,,,
Artificial Intelligence & ML,artificial-intelligence-ml,40,"AI Hardware, Robotics & Embedded",ai-hardware-robotics-embedded,5,AI Drone Inspection Tools,ai-drone-inspection-tools,,,,
Artificial Intelligence & ML,artificial-intelligence-ml,40,"AI Hardware, Robotics & Embedded",ai-hardware-robotics-embedded,6,AI Self-Driving Simulation Tools,ai-self-driving-simulation-tools,,,,
Artificial Intelligence & ML,artificial-intelligence-ml,40,"AI Hardware, Robotics & Embedded",ai-hardware-robotics-embedded,7,AI Warehouse Robotics Tools,ai-warehouse-robotics-tools,,,,
Artificial Intelligence & ML,artificial-intelligence-ml,40,"AI Hardware, Robotics & Embedded",ai-hardware-robotics-embedded,8,AI Cobot Programming Tools,ai-cobot-programming-tools,,,,
Artificial Intelligence & ML,artificial-intelligence-ml,40,"AI Hardware, Robotics & Embedded",ai-hardware-robotics-embedded,9,AI Edge Vision SDKs,ai-edge-vision-sdks,,,,
Artificial Intelligence & ML,artificial-intelligence-ml,40,"AI Hardware, Robotics & Embedded",ai-hardware-robotics-embedded,10,AI Embedded ML Toolchains,ai-embedded-ml-toolchains,,,,
Artificial Intelligence & ML,artificial-intelligence-ml,40,"AI Hardware, Robotics & Embedded",ai-hardware-robotics-embedded,11,AI Microcontroller Inference,ai-microcontroller-inference,,,,
Artificial Intelligence & ML,artificial-intelligence-ml,40,"AI Hardware, Robotics & Embedded",ai-hardware-robotics-embedded,12,AI Smart Camera Tools,ai-smart-camera-tools,,,,
Artificial Intelligence & ML,artificial-intelligence-ml,40,"AI Hardware, Robotics & Embedded",ai-hardware-robotics-embedded,13,AI Smart Doorbell AI,ai-smart-doorbell-ai,,,,
Artificial Intelligence & ML,artificial-intelligence-ml,40,"AI Hardware, Robotics & Embedded",ai-hardware-robotics-embedded,14,AI Smart Home Automation,ai-smart-home-automation,1,AI Automation,AI Workflow Automation,ai-automation-ai-workflow-automation
Artificial Intelligence & ML,artificial-intelligence-ml,40,"AI Hardware, Robotics & Embedded",ai-hardware-robotics-embedded,14,AI Smart Home Automation,ai-smart-home-automation,2,AI Automation,AI-Powered Zapier Alternatives,ai-automation-ai-powered-zapier-alternatives
Artificial Intelligence & ML,artificial-intelligence-ml,40,"AI Hardware, Robotics & Embedded",ai-hardware-robotics-embedded,14,AI Smart Home Automation,ai-smart-home-automation,3,AI Automation,RPA with AI,ai-automation-rpa-with-ai
Artificial Intelligence & ML,artificial-intelligence-ml,40,"AI Hardware, Robotics & Embedded",ai-hardware-robotics-embedded,14,AI Smart Home Automation,ai-smart-home-automation,4,AI Automation,Document Processing Automation,ai-automation-document-processing-automation
Artificial Intelligence & ML,artificial-intelligence-ml,40,"AI Hardware, Robotics & Embedded",ai-hardware-robotics-embedded,14,AI Smart Home Automation,ai-smart-home-automation,5,AI Automation,Email Automation AI,ai-automation-email-automation-ai
Artificial Intelligence & ML,artificial-intelligence-ml,40,"AI Hardware, Robotics & Embedded",ai-hardware-robotics-embedded,14,AI Smart Home Automation,ai-smart-home-automation,6,AI Automation,Social Media Automation AI,ai-automation-social-media-automation-ai
Artificial Intelligence & ML,artificial-intelligence-ml,40,"AI Hardware, Robotics & Embedded",ai-hardware-robotics-embedded,14,AI Smart Home Automation,ai-smart-home-automation,7,AI Automation,Data Entry Automation,ai-automation-data-entry-automation
Artificial Intelligence & ML,artificial-intelligence-ml,40,"AI Hardware, Robotics & Embedded",ai-hardware-robotics-embedded,14,AI Smart Home Automation,ai-smart-home-automation,8,AI Automation,Report Generation Automation,ai-automation-report-generation-automation
Artificial Intelligence & ML,artificial-intelligence-ml,40,"AI Hardware, Robotics & Embedded",ai-hardware-robotics-embedded,14,AI Smart Home Automation,ai-smart-home-automation,9,AI Automation,Invoice Processing AI,ai-automation-invoice-processing-ai
Artificial Intelligence & ML,artificial-intelligence-ml,40,"AI Hardware, Robotics & Embedded",ai-hardware-robotics-embedded,14,AI Smart Home Automation,ai-smart-home-automation,10,AI Automation,Contract Extraction AI,ai-automation-contract-extraction-ai
Artificial Intelligence & ML,artificial-intelligence-ml,40,"AI Hardware, Robotics & Embedded",ai-hardware-robotics-embedded,14,AI Smart Home Automation,ai-smart-home-automation,11,Home Management AI,Smart Home Controller AI,home-management-ai-smart-home-controller-ai
Artificial Intelligence & ML,artificial-intelligence-ml,41,AI for Vertical Industries,ai-for-vertical-industries,1,AI for Agriculture Crop Monitoring,ai-for-agriculture-crop-monitoring,1,Farming AI,Crop Monitoring AI,farming-ai-crop-monitoring-ai
Artificial Intelligence & ML,artificial-intelligence-ml,41,AI for Vertical Industries,ai-for-vertical-industries,1,AI for Agriculture Crop Monitoring,ai-for-agriculture-crop-monitoring,2,Farming AI,Irrigation AI,farming-ai-irrigation-ai
Artificial Intelligence & ML,artificial-intelligence-ml,41,AI for Vertical Industries,ai-for-vertical-industries,1,AI for Agriculture Crop Monitoring,ai-for-agriculture-crop-monitoring,3,Farming AI,Livestock Monitoring,farming-ai-livestock-monitoring
Artificial Intelligence & ML,artificial-intelligence-ml,41,AI for Vertical Industries,ai-for-vertical-industries,1,AI for Agriculture Crop Monitoring,ai-for-agriculture-crop-monitoring,4,Farming AI,Farm Equipment AI,farming-ai-farm-equipment-ai
Artificial Intelligence & ML,artificial-intelligence-ml,41,AI for Vertical Industries,ai-for-vertical-industries,1,AI for Agriculture Crop Monitoring,ai-for-agriculture-crop-monitoring,5,Farming AI,Sustainable Farming AI,farming-ai-sustainable-farming-ai
Artificial Intelligence & ML,artificial-intelligence-ml,41,AI for Vertical Industries,ai-for-vertical-industries,2,AI for Livestock Monitoring,ai-for-livestock-monitoring,,,,
Artificial Intelligence & ML,artificial-intelligence-ml,41,AI for Vertical Industries,ai-for-vertical-industries,3,AI for Greenhouse Automation,ai-for-greenhouse-automation,,,,
Artificial Intelligence & ML,artificial-intelligence-ml,41,AI for Vertical Industries,ai-for-vertical-industries,4,AI for Soil Analysis,ai-for-soil-analysis,1,Farming AI,Soil Analysis AI,farming-ai-soil-analysis-ai
Artificial Intelligence & ML,artificial-intelligence-ml,41,AI for Vertical Industries,ai-for-vertical-industries,5,AI for Pest & Disease Detection,ai-for-pest-disease-detection,1,Farming AI,Pest Detection AI,farming-ai-pest-detection-ai
Artificial Intelligence & ML,artificial-intelligence-ml,41,AI for Vertical Industries,ai-for-vertical-industries,5,AI for Pest & Disease Detection,ai-for-pest-disease-detection,2,Garden AI,Plant Disease Detector,garden-ai-plant-disease-detector
Artificial Intelligence & ML,artificial-intelligence-ml,41,AI for Vertical Industries,ai-for-vertical-industries,6,AI for Construction Site Monitoring,ai-for-construction-site-monitoring,1,Building AI,Site Monitoring AI,building-ai-site-monitoring-ai
Artificial Intelligence & ML,artificial-intelligence-ml,41,AI for Vertical Industries,ai-for-vertical-industries,7,AI for Construction Bid Estimating,ai-for-construction-bid-estimating,,,,
Artificial Intelligence & ML,artificial-intelligence-ml,41,AI for Vertical Industries,ai-for-vertical-industries,8,AI for Construction Safety Monitoring,ai-for-construction-safety-monitoring,,,,
Artificial Intelligence & ML,artificial-intelligence-ml,41,AI for Vertical Industries,ai-for-vertical-industries,9,AI for Manufacturing Defect Detection,ai-for-manufacturing-defect-detection,1,Production AI,Defect Detection,production-ai-defect-detection
Artificial Intelligence & ML,artificial-intelligence-ml,41,AI for Vertical Industries,ai-for-vertical-industries,10,AI for Predictive Maintenance,ai-for-predictive-maintenance,,,,
Artificial Intelligence & ML,artificial-intelligence-ml,41,AI for Vertical Industries,ai-for-vertical-industries,11,AI for Factory Floor Optimization,ai-for-factory-floor-optimization,1,Process Optimization,Business Process Mining,process-optimization-business-process-mining
Artificial Intelligence & ML,artificial-intelligence-ml,41,AI for Vertical Industries,ai-for-vertical-industries,11,AI for Factory Floor Optimization,ai-for-factory-floor-optimization,2,Process Optimization,Workflow Optimization AI,process-optimization-workflow-optimization-ai
Artificial Intelligence & ML,artificial-intelligence-ml,41,AI for Vertical Industries,ai-for-vertical-industries,11,AI for Factory Floor Optimization,ai-for-factory-floor-optimization,3,Process Optimization,Capacity Planning AI,process-optimization-capacity-planning-ai
Artificial Intelligence & ML,artificial-intelligence-ml,41,AI for Vertical Industries,ai-for-vertical-industries,11,AI for Factory Floor Optimization,ai-for-factory-floor-optimization,4,Process Optimization,Resource Allocation AI,process-optimization-resource-allocation-ai
Artificial Intelligence & ML,artificial-intelligence-ml,41,AI for Vertical Industries,ai-for-vertical-industries,11,AI for Factory Floor Optimization,ai-for-factory-floor-optimization,5,Process Optimization,Scheduling Optimization,process-optimization-scheduling-optimization
Artificial Intelligence & ML,artificial-intelligence-ml,41,AI for Vertical Industries,ai-for-vertical-industries,11,AI for Factory Floor Optimization,ai-for-factory-floor-optimization,6,Process Optimization,Cost Reduction AI,process-optimization-cost-reduction-ai
Artificial Intelligence & ML,artificial-intelligence-ml,41,AI for Vertical Industries,ai-for-vertical-industries,11,AI for Factory Floor Optimization,ai-for-factory-floor-optimization,7,Process Optimization,Waste Reduction AI,process-optimization-waste-reduction-ai
Artificial Intelligence & ML,artificial-intelligence-ml,41,AI for Vertical Industries,ai-for-vertical-industries,11,AI for Factory Floor Optimization,ai-for-factory-floor-optimization,8,Process Optimization,Maintenance Prediction,process-optimization-maintenance-prediction
Artificial Intelligence & ML,artificial-intelligence-ml,41,AI for Vertical Industries,ai-for-vertical-industries,11,AI for Factory Floor Optimization,ai-for-factory-floor-optimization,9,Process Optimization,Safety Prediction AI,process-optimization-safety-prediction-ai
Artificial Intelligence & ML,artificial-intelligence-ml,41,AI for Vertical Industries,ai-for-vertical-industries,11,AI for Factory Floor Optimization,ai-for-factory-floor-optimization,10,Pharmaceutical AI,Dosage Optimization AI,pharmaceutical-ai-dosage-optimization-ai
Artificial Intelligence & ML,artificial-intelligence-ml,41,AI for Vertical Industries,ai-for-vertical-industries,11,AI for Factory Floor Optimization,ai-for-factory-floor-optimization,11,DevOps AI,Config Optimization AI,devops-ai-config-optimization-ai
Artificial Intelligence & ML,artificial-intelligence-ml,41,AI for Vertical Industries,ai-for-vertical-industries,12,AI for Logistics Route Optimization,ai-for-logistics-route-optimization,1,Supply Chain AI,Route Optimization AI,supply-chain-ai-route-optimization-ai
Artificial Intelligence & ML,artificial-intelligence-ml,41,AI for Vertical Industries,ai-for-vertical-industries,12,AI for Logistics Route Optimization,ai-for-logistics-route-optimization,2,Location AI,Route Optimization Data,location-ai-route-optimization-data
Artificial Intelligence & ML,artificial-intelligence-ml,41,AI for Vertical Industries,ai-for-vertical-industries,13,AI for Last-Mile Delivery,ai-for-last-mile-delivery,,,,
Artificial Intelligence & ML,artificial-intelligence-ml,41,AI for Vertical Industries,ai-for-vertical-industries,14,AI for Warehouse Slotting,ai-for-warehouse-slotting,,,,
Artificial Intelligence & ML,artificial-intelligence-ml,41,AI for Vertical Industries,ai-for-vertical-industries,15,AI for Fleet Telematics,ai-for-fleet-telematics,,,,
Artificial Intelligence & ML,artificial-intelligence-ml,41,AI for Vertical Industries,ai-for-vertical-industries,16,AI for Trucking Compliance,ai-for-trucking-compliance,,,,
Artificial Intelligence & ML,artificial-intelligence-ml,41,AI for Vertical Industries,ai-for-vertical-industries,17,AI for Maritime Shipping,ai-for-maritime-shipping,,,,
Artificial Intelligence & ML,artificial-intelligence-ml,41,AI for Vertical Industries,ai-for-vertical-industries,18,AI for Aviation Operations,ai-for-aviation-operations,,,,
Artificial Intelligence & ML,artificial-intelligence-ml,41,AI for Vertical Industries,ai-for-vertical-industries,19,AI for Energy Grid Optimization,ai-for-energy-grid-optimization,1,Process Optimization,Energy Optimization,process-optimization-energy-optimization
Artificial Intelligence & ML,artificial-intelligence-ml,41,AI for Vertical Industries,ai-for-vertical-industries,19,AI for Energy Grid Optimization,ai-for-energy-grid-optimization,2,Energy AI,Grid Optimization,energy-ai-grid-optimization
Artificial Intelligence & ML,artificial-intelligence-ml,41,AI for Vertical Industries,ai-for-vertical-industries,19,AI for Energy Grid Optimization,ai-for-energy-grid-optimization,3,Energy AI,Renewable Forecasting,energy-ai-renewable-forecasting
Artificial Intelligence & ML,artificial-intelligence-ml,41,AI for Vertical Industries,ai-for-vertical-industries,19,AI for Energy Grid Optimization,ai-for-energy-grid-optimization,4,Energy AI,Energy Trading AI,energy-ai-energy-trading-ai
Artificial Intelligence & ML,artificial-intelligence-ml,41,AI for Vertical Industries,ai-for-vertical-industries,19,AI for Energy Grid Optimization,ai-for-energy-grid-optimization,5,Energy AI,Smart Meter AI,energy-ai-smart-meter-ai
Artificial Intelligence & ML,artificial-intelligence-ml,41,AI for Vertical Industries,ai-for-vertical-industries,19,AI for Energy Grid Optimization,ai-for-energy-grid-optimization,6,Energy AI,Building Energy AI,energy-ai-building-energy-ai
Artificial Intelligence & ML,artificial-intelligence-ml,41,AI for Vertical Industries,ai-for-vertical-industries,19,AI for Energy Grid Optimization,ai-for-energy-grid-optimization,7,Energy AI,EV Charging AI,energy-ai-ev-charging-ai
Artificial Intelligence & ML,artificial-intelligence-ml,41,AI for Vertical Industries,ai-for-vertical-industries,19,AI for Energy Grid Optimization,ai-for-energy-grid-optimization,8,Energy AI,Carbon Tracking AI,energy-ai-carbon-tracking-ai
Artificial Intelligence & ML,artificial-intelligence-ml,41,AI for Vertical Industries,ai-for-vertical-industries,19,AI for Energy Grid Optimization,ai-for-energy-grid-optimization,9,Energy AI,Pipeline Monitoring,energy-ai-pipeline-monitoring
Artificial Intelligence & ML,artificial-intelligence-ml,41,AI for Vertical Industries,ai-for-vertical-industries,19,AI for Energy Grid Optimization,ai-for-energy-grid-optimization,10,Energy AI,Drilling Optimization,energy-ai-drilling-optimization
Artificial Intelligence & ML,artificial-intelligence-ml,41,AI for Vertical Industries,ai-for-vertical-industries,19,AI for Energy Grid Optimization,ai-for-energy-grid-optimization,11,Energy AI,Solar Panel AI,energy-ai-solar-panel-ai
Artificial Intelligence & ML,artificial-intelligence-ml,41,AI for Vertical Industries,ai-for-vertical-industries,20,AI for Solar Yield Prediction,ai-for-solar-yield-prediction,1,Farming AI,Yield Prediction,farming-ai-yield-prediction
Artificial Intelligence & ML,artificial-intelligence-ml,41,AI for Vertical Industries,ai-for-vertical-industries,21,AI for Wind Farm Optimization,ai-for-wind-farm-optimization,,,,
Artificial Intelligence & ML,artificial-intelligence-ml,41,AI for Vertical Industries,ai-for-vertical-industries,22,AI for Oil & Gas Exploration,ai-for-oil-gas-exploration,,,,
Artificial Intelligence & ML,artificial-intelligence-ml,41,AI for Vertical Industries,ai-for-vertical-industries,23,AI for Mining Safety,ai-for-mining-safety,1,Mining AI,Ore Grade Prediction,mining-ai-ore-grade-prediction
Artificial Intelligence & ML,artificial-intelligence-ml,41,AI for Vertical Industries,ai-for-vertical-industries,23,AI for Mining Safety,ai-for-mining-safety,2,Mining AI,Drill Optimization AI,mining-ai-drill-optimization-ai
Artificial Intelligence & ML,artificial-intelligence-ml,41,AI for Vertical Industries,ai-for-vertical-industries,23,AI for Mining Safety,ai-for-mining-safety,3,Mining AI,Mine Planning AI,mining-ai-mine-planning-ai
Artificial Intelligence & ML,artificial-intelligence-ml,41,AI for Vertical Industries,ai-for-vertical-industries,23,AI for Mining Safety,ai-for-mining-safety,4,Mining AI,Safety Monitoring Mining,mining-ai-safety-monitoring-mining
Artificial Intelligence & ML,artificial-intelligence-ml,41,AI for Vertical Industries,ai-for-vertical-industries,23,AI for Mining Safety,ai-for-mining-safety,5,Mining AI,Equipment Health Mining,mining-ai-equipment-health-mining
Artificial Intelligence & ML,artificial-intelligence-ml,41,AI for Vertical Industries,ai-for-vertical-industries,23,AI for Mining Safety,ai-for-mining-safety,6,Mining AI,Geology AI,mining-ai-geology-ai
Artificial Intelligence & ML,artificial-intelligence-ml,41,AI for Vertical Industries,ai-for-vertical-industries,23,AI for Mining Safety,ai-for-mining-safety,7,Mining AI,Resource Estimation,mining-ai-resource-estimation
Artificial Intelligence & ML,artificial-intelligence-ml,41,AI for Vertical Industries,ai-for-vertical-industries,23,AI for Mining Safety,ai-for-mining-safety,8,Mining AI,Blast Optimization,mining-ai-blast-optimization
Artificial Intelligence & ML,artificial-intelligence-ml,41,AI for Vertical Industries,ai-for-vertical-industries,23,AI for Mining Safety,ai-for-mining-safety,9,Mining AI,Tailings Management AI,mining-ai-tailings-management-ai
Artificial Intelligence & ML,artificial-intelligence-ml,41,AI for Vertical Industries,ai-for-vertical-industries,23,AI for Mining Safety,ai-for-mining-safety,10,Mining AI,Environmental Mining AI,mining-ai-environmental-mining-ai
Artificial Intelligence & ML,artificial-intelligence-ml,41,AI for Vertical Industries,ai-for-vertical-industries,24,AI for Mining Exploration,ai-for-mining-exploration,,,,
Artificial Intelligence & ML,artificial-intelligence-ml,41,AI for Vertical Industries,ai-for-vertical-industries,25,AI for Telecom Network Optimization,ai-for-telecom-network-optimization,1,Telecom AI,Network Optimization,telecom-ai-network-optimization
Artificial Intelligence & ML,artificial-intelligence-ml,41,AI for Vertical Industries,ai-for-vertical-industries,25,AI for Telecom Network Optimization,ai-for-telecom-network-optimization,2,Telecom AI,Churn Prediction Telecom,telecom-ai-churn-prediction-telecom
Artificial Intelligence & ML,artificial-intelligence-ml,41,AI for Vertical Industries,ai-for-vertical-industries,25,AI for Telecom Network Optimization,ai-for-telecom-network-optimization,3,Telecom AI,Fraud Detection Telecom,telecom-ai-fraud-detection-telecom
Artificial Intelligence & ML,artificial-intelligence-ml,41,AI for Vertical Industries,ai-for-vertical-industries,25,AI for Telecom Network Optimization,ai-for-telecom-network-optimization,4,Telecom AI,Customer Service Telecom,telecom-ai-customer-service-telecom
Artificial Intelligence & ML,artificial-intelligence-ml,41,AI for Vertical Industries,ai-for-vertical-industries,25,AI for Telecom Network Optimization,ai-for-telecom-network-optimization,5,Telecom AI,Predictive Maintenance Telecom,telecom-ai-predictive-maintenance-telecom
Artificial Intelligence & ML,artificial-intelligence-ml,41,AI for Vertical Industries,ai-for-vertical-industries,25,AI for Telecom Network Optimization,ai-for-telecom-network-optimization,6,Telecom AI,Spectrum Management,telecom-ai-spectrum-management
Artificial Intelligence & ML,artificial-intelligence-ml,41,AI for Vertical Industries,ai-for-vertical-industries,25,AI for Telecom Network Optimization,ai-for-telecom-network-optimization,7,Telecom AI,Tower Management,telecom-ai-tower-management
Artificial Intelligence & ML,artificial-intelligence-ml,41,AI for Vertical Industries,ai-for-vertical-industries,25,AI for Telecom Network Optimization,ai-for-telecom-network-optimization,8,Telecom AI,5G Planning AI,telecom-ai-5g-planning-ai
Artificial Intelligence & ML,artificial-intelligence-ml,41,AI for Vertical Industries,ai-for-vertical-industries,25,AI for Telecom Network Optimization,ai-for-telecom-network-optimization,9,Telecom AI,Fiber Planning AI,telecom-ai-fiber-planning-ai
Artificial Intelligence & ML,artificial-intelligence-ml,41,AI for Vertical Industries,ai-for-vertical-industries,25,AI for Telecom Network Optimization,ai-for-telecom-network-optimization,10,Telecom AI,Billing AI Telecom,telecom-ai-billing-ai-telecom
Artificial Intelligence & ML,artificial-intelligence-ml,41,AI for Vertical Industries,ai-for-vertical-industries,26,AI for Insurance Claims Triage,ai-for-insurance-claims-triage,1,Insurance AI,Claims Triage AI,insurance-ai-claims-triage-ai
Artificial Intelligence & ML,artificial-intelligence-ml,41,AI for Vertical Industries,ai-for-vertical-industries,27,AI for Insurance Underwriting,ai-for-insurance-underwriting,1,Insurance AI,Underwriting AI Insurance,insurance-ai-underwriting-ai-insurance
Artificial Intelligence & ML,artificial-intelligence-ml,41,AI for Vertical Industries,ai-for-vertical-industries,28,AI for Government Citizen Services,ai-for-government-citizen-services,1,Public Sector AI,Citizen Services AI,public-sector-ai-citizen-services-ai
Artificial Intelligence & ML,artificial-intelligence-ml,41,AI for Vertical Industries,ai-for-vertical-industries,29,AI for Public Benefits Eligibility,ai-for-public-benefits-eligibility,1,Public Sector AI,Document Processing,public-sector-ai-document-processing
Artificial Intelligence & ML,artificial-intelligence-ml,41,AI for Vertical Industries,ai-for-vertical-industries,29,AI for Public Benefits Eligibility,ai-for-public-benefits-eligibility,2,Public Sector AI,Permit Processing AI,public-sector-ai-permit-processing-ai
Artificial Intelligence & ML,artificial-intelligence-ml,41,AI for Vertical Industries,ai-for-vertical-industries,29,AI for Public Benefits Eligibility,ai-for-public-benefits-eligibility,3,Public Sector AI,Public Safety AI,public-sector-ai-public-safety-ai
Artificial Intelligence & ML,artificial-intelligence-ml,41,AI for Vertical Industries,ai-for-vertical-industries,29,AI for Public Benefits Eligibility,ai-for-public-benefits-eligibility,4,Public Sector AI,Traffic Management AI,public-sector-ai-traffic-management-ai
Artificial Intelligence & ML,artificial-intelligence-ml,41,AI for Vertical Industries,ai-for-vertical-industries,29,AI for Public Benefits Eligibility,ai-for-public-benefits-eligibility,5,Public Sector AI,Urban Planning AI,public-sector-ai-urban-planning-ai
Artificial Intelligence & ML,artificial-intelligence-ml,41,AI for Vertical Industries,ai-for-vertical-industries,29,AI for Public Benefits Eligibility,ai-for-public-benefits-eligibility,6,Public Sector AI,Tax Assessment AI,public-sector-ai-tax-assessment-ai
Artificial Intelligence & ML,artificial-intelligence-ml,41,AI for Vertical Industries,ai-for-vertical-industries,29,AI for Public Benefits Eligibility,ai-for-public-benefits-eligibility,7,Public Sector AI,Benefits Administration,public-sector-ai-benefits-administration
Artificial Intelligence & ML,artificial-intelligence-ml,41,AI for Vertical Industries,ai-for-vertical-industries,29,AI for Public Benefits Eligibility,ai-for-public-benefits-eligibility,8,Public Sector AI,Election Security AI,public-sector-ai-election-security-ai
Artificial Intelligence & ML,artificial-intelligence-ml,41,AI for Vertical Industries,ai-for-vertical-industries,29,AI for Public Benefits Eligibility,ai-for-public-benefits-eligibility,9,Public Sector AI,Emergency Response AI,public-sector-ai-emergency-response-ai
Artificial Intelligence & ML,artificial-intelligence-ml,41,AI for Vertical Industries,ai-for-vertical-industries,29,AI for Public Benefits Eligibility,ai-for-public-benefits-eligibility,10,Public Speaking AI,Speech Writer AI,public-speaking-ai-speech-writer-ai
Artificial Intelligence & ML,artificial-intelligence-ml,41,AI for Vertical Industries,ai-for-vertical-industries,29,AI for Public Benefits Eligibility,ai-for-public-benefits-eligibility,11,Public Speaking AI,Teleprompter AI,public-speaking-ai-teleprompter-ai
Artificial Intelligence & ML,artificial-intelligence-ml,41,AI for Vertical Industries,ai-for-vertical-industries,29,AI for Public Benefits Eligibility,ai-for-public-benefits-eligibility,12,Public Speaking AI,Presentation Coach AI,public-speaking-ai-presentation-coach-ai
Artificial Intelligence & ML,artificial-intelligence-ml,41,AI for Vertical Industries,ai-for-vertical-industries,29,AI for Public Benefits Eligibility,ai-for-public-benefits-eligibility,13,Public Speaking AI,Body Language AI,public-speaking-ai-body-language-ai
Artificial Intelligence & ML,artificial-intelligence-ml,41,AI for Vertical Industries,ai-for-vertical-industries,29,AI for Public Benefits Eligibility,ai-for-public-benefits-eligibility,14,Public Speaking AI,Voice Modulation AI,public-speaking-ai-voice-modulation-ai
Artificial Intelligence & ML,artificial-intelligence-ml,41,AI for Vertical Industries,ai-for-vertical-industries,29,AI for Public Benefits Eligibility,ai-for-public-benefits-eligibility,15,Public Speaking AI,Audience Engagement AI,public-speaking-ai-audience-engagement-ai
Artificial Intelligence & ML,artificial-intelligence-ml,41,AI for Vertical Industries,ai-for-vertical-industries,29,AI for Public Benefits Eligibility,ai-for-public-benefits-eligibility,16,Public Speaking AI,Q&A Preparation AI,public-speaking-ai-q-a-preparation-ai
Artificial Intelligence & ML,artificial-intelligence-ml,41,AI for Vertical Industries,ai-for-vertical-industries,29,AI for Public Benefits Eligibility,ai-for-public-benefits-eligibility,17,Public Speaking AI,Stage Presence Coach,public-speaking-ai-stage-presence-coach
Artificial Intelligence & ML,artificial-intelligence-ml,41,AI for Vertical Industries,ai-for-vertical-industries,29,AI for Public Benefits Eligibility,ai-for-public-benefits-eligibility,18,Public Speaking AI,Slide Timing AI,public-speaking-ai-slide-timing-ai
Artificial Intelligence & ML,artificial-intelligence-ml,41,AI for Vertical Industries,ai-for-vertical-industries,29,AI for Public Benefits Eligibility,ai-for-public-benefits-eligibility,19,Public Speaking AI,Debate Prep AI,public-speaking-ai-debate-prep-ai
Artificial Intelligence & ML,artificial-intelligence-ml,41,AI for Vertical Industries,ai-for-vertical-industries,30,AI for Permit Processing,ai-for-permit-processing,,,,
Artificial Intelligence & ML,artificial-intelligence-ml,41,AI for Vertical Industries,ai-for-vertical-industries,31,AI for Court Backlog Triage,ai-for-court-backlog-triage,,,,
Artificial Intelligence & ML,artificial-intelligence-ml,41,AI for Vertical Industries,ai-for-vertical-industries,32,AI for Nonprofit Donor Engagement,ai-for-nonprofit-donor-engagement,,,,
Artificial Intelligence & ML,artificial-intelligence-ml,41,AI for Vertical Industries,ai-for-vertical-industries,33,AI for Grant Writing,ai-for-grant-writing,1,Academic Writing,Grant Proposal Writers,academic-writing-grant-proposal-writers
Artificial Intelligence & ML,artificial-intelligence-ml,41,AI for Vertical Industries,ai-for-vertical-industries,34,AI for Hospitality Concierge,ai-for-hospitality-concierge,,,,
Artificial Intelligence & ML,artificial-intelligence-ml,41,AI for Vertical Industries,ai-for-vertical-industries,35,AI for Restaurant Order Forecasting,ai-for-restaurant-order-forecasting,,,,
Artificial Intelligence & ML,artificial-intelligence-ml,41,AI for Vertical Industries,ai-for-vertical-industries,36,AI for Food Service Inventory,ai-for-food-service-inventory,1,Food Industry AI,Inventory Prediction Food,food-industry-ai-inventory-prediction-food
Artificial Intelligence & ML,artificial-intelligence-ml,41,AI for Vertical Industries,ai-for-vertical-industries,36,AI for Food Service Inventory,ai-for-food-service-inventory,2,Food Identification,Food Photo Recognition,food-identification-food-photo-recognition
Artificial Intelligence & ML,artificial-intelligence-ml,41,AI for Vertical Industries,ai-for-vertical-industries,36,AI for Food Service Inventory,ai-for-food-service-inventory,3,Food Identification,Nutrition Analyzer from Photo,food-identification-nutrition-analyzer-from-photo
Artificial Intelligence & ML,artificial-intelligence-ml,41,AI for Vertical Industries,ai-for-vertical-industries,36,AI for Food Service Inventory,ai-for-food-service-inventory,4,Food Identification,Restaurant Menu Analyzer,food-identification-restaurant-menu-analyzer
Artificial Intelligence & ML,artificial-intelligence-ml,41,AI for Vertical Industries,ai-for-vertical-industries,36,AI for Food Service Inventory,ai-for-food-service-inventory,5,Food Identification,Grocery List Generator AI,food-identification-grocery-list-generator-ai
Artificial Intelligence & ML,artificial-intelligence-ml,41,AI for Vertical Industries,ai-for-vertical-industries,36,AI for Food Service Inventory,ai-for-food-service-inventory,6,Food Identification,Meal Prep Scheduler,food-identification-meal-prep-scheduler
Artificial Intelligence & ML,artificial-intelligence-ml,41,AI for Vertical Industries,ai-for-vertical-industries,36,AI for Food Service Inventory,ai-for-food-service-inventory,7,Food Identification,Food Allergy Checker,food-identification-food-allergy-checker
Artificial Intelligence & ML,artificial-intelligence-ml,41,AI for Vertical Industries,ai-for-vertical-industries,36,AI for Food Service Inventory,ai-for-food-service-inventory,8,Food Identification,Food Expiry Tracker AI,food-identification-food-expiry-tracker-ai
Artificial Intelligence & ML,artificial-intelligence-ml,41,AI for Vertical Industries,ai-for-vertical-industries,36,AI for Food Service Inventory,ai-for-food-service-inventory,9,Food Identification,Shopping Budget Optimizer,food-identification-shopping-budget-optimizer
Artificial Intelligence & ML,artificial-intelligence-ml,41,AI for Vertical Industries,ai-for-vertical-industries,36,AI for Food Service Inventory,ai-for-food-service-inventory,10,Food Identification,Barcode Nutrition Scanner,food-identification-barcode-nutrition-scanner
Artificial Intelligence & ML,artificial-intelligence-ml,41,AI for Vertical Industries,ai-for-vertical-industries,36,AI for Food Service Inventory,ai-for-food-service-inventory,11,Food Identification,Restaurant Recommendation AI,food-identification-restaurant-recommendation-ai
Artificial Intelligence & ML,artificial-intelligence-ml,41,AI for Vertical Industries,ai-for-vertical-industries,37,AI for Pharma R&D,ai-for-pharma-rd,1,Pharmaceutical AI,Pharmacovigilance AI,pharmaceutical-ai-pharmacovigilance-ai
Artificial Intelligence & ML,artificial-intelligence-ml,41,AI for Vertical Industries,ai-for-vertical-industries,37,AI for Pharma R&D,ai-for-pharma-rd,2,Pharmaceutical AI,Regulatory Submission AI,pharmaceutical-ai-regulatory-submission-ai
Artificial Intelligence & ML,artificial-intelligence-ml,41,AI for Vertical Industries,ai-for-vertical-industries,38,AI for Pharma Sales Enablement,ai-for-pharma-sales-enablement,,,,
Artificial Intelligence & ML,artificial-intelligence-ml,41,AI for Vertical Industries,ai-for-vertical-industries,39,AI for Biotech Lab Automation,ai-for-biotech-lab-automation,,,,
Artificial Intelligence & ML,artificial-intelligence-ml,41,AI for Vertical Industries,ai-for-vertical-industries,40,AI for Sports Performance Analytics,ai-for-sports-performance-analytics,1,People Analytics,Performance Prediction,people-analytics-performance-prediction
Artificial Intelligence & ML,artificial-intelligence-ml,41,AI for Vertical Industries,ai-for-vertical-industries,40,AI for Sports Performance Analytics,ai-for-sports-performance-analytics,2,Sports Analytics AI,Player Performance AI,sports-analytics-ai-player-performance-ai
Artificial Intelligence & ML,artificial-intelligence-ml,41,AI for Vertical Industries,ai-for-vertical-industries,40,AI for Sports Performance Analytics,ai-for-sports-performance-analytics,3,Sports Analytics AI,Game Strategy AI,sports-analytics-ai-game-strategy-ai
Artificial Intelligence & ML,artificial-intelligence-ml,41,AI for Vertical Industries,ai-for-vertical-industries,40,AI for Sports Performance Analytics,ai-for-sports-performance-analytics,4,Sports Analytics AI,Injury Prediction,sports-analytics-ai-injury-prediction
Artificial Intelligence & ML,artificial-intelligence-ml,41,AI for Vertical Industries,ai-for-vertical-industries,40,AI for Sports Performance Analytics,ai-for-sports-performance-analytics,5,Sports Analytics AI,Scouting AI,sports-analytics-ai-scouting-ai
Artificial Intelligence & ML,artificial-intelligence-ml,41,AI for Vertical Industries,ai-for-vertical-industries,40,AI for Sports Performance Analytics,ai-for-sports-performance-analytics,6,Sports Analytics AI,Fan Engagement AI,sports-analytics-ai-fan-engagement-ai
Artificial Intelligence & ML,artificial-intelligence-ml,41,AI for Vertical Industries,ai-for-vertical-industries,40,AI for Sports Performance Analytics,ai-for-sports-performance-analytics,7,Sports Analytics AI,Ticket Pricing AI,sports-analytics-ai-ticket-pricing-ai
Artificial Intelligence & ML,artificial-intelligence-ml,41,AI for Vertical Industries,ai-for-vertical-industries,40,AI for Sports Performance Analytics,ai-for-sports-performance-analytics,8,Sports Analytics AI,Broadcast AI,sports-analytics-ai-broadcast-ai
Artificial Intelligence & ML,artificial-intelligence-ml,41,AI for Vertical Industries,ai-for-vertical-industries,40,AI for Sports Performance Analytics,ai-for-sports-performance-analytics,9,Sports Analytics AI,Training AI,sports-analytics-ai-training-ai
Artificial Intelligence & ML,artificial-intelligence-ml,41,AI for Vertical Industries,ai-for-vertical-industries,40,AI for Sports Performance Analytics,ai-for-sports-performance-analytics,10,Sports Analytics AI,Recruitment AI Sports,sports-analytics-ai-recruitment-ai-sports
Artificial Intelligence & ML,artificial-intelligence-ml,41,AI for Vertical Industries,ai-for-vertical-industries,40,AI for Sports Performance Analytics,ai-for-sports-performance-analytics,11,Sports Analytics AI,Fantasy Sports AI,sports-analytics-ai-fantasy-sports-ai
Artificial Intelligence & ML,artificial-intelligence-ml,41,AI for Vertical Industries,ai-for-vertical-industries,40,AI for Sports Performance Analytics,ai-for-sports-performance-analytics,12,Sports Analysis AI,Performance Benchmark AI,sports-analysis-ai-performance-benchmark-ai
Artificial Intelligence & ML,artificial-intelligence-ml,41,AI for Vertical Industries,ai-for-vertical-industries,41,AI for Sports Scouting,ai-for-sports-scouting,1,Sports Analysis AI,Opponent Scouting AI,sports-analysis-ai-opponent-scouting-ai
Artificial Intelligence & ML,artificial-intelligence-ml,41,AI for Vertical Industries,ai-for-vertical-industries,42,AI for Sports Broadcasting,ai-for-sports-broadcasting,,,,
Artificial Intelligence & ML,artificial-intelligence-ml,41,AI for Vertical Industries,ai-for-vertical-industries,43,AI for Music Royalty Management,ai-for-music-royalty-management,,,,
Artificial Intelligence & ML,artificial-intelligence-ml,41,AI for Vertical Industries,ai-for-vertical-industries,44,AI for Music A&R,ai-for-music-ar,,,,
Artificial Intelligence & ML,artificial-intelligence-ml,41,AI for Vertical Industries,ai-for-vertical-industries,45,AI for Film Pre-Production,ai-for-film-pre-production,1,Production AI,Quality Inspection AI,production-ai-quality-inspection-ai
Artificial Intelligence & ML,artificial-intelligence-ml,41,AI for Vertical Industries,ai-for-vertical-industries,45,AI for Film Pre-Production,ai-for-film-pre-production,2,Production AI,Predictive Maintenance,production-ai-predictive-maintenance
Artificial Intelligence & ML,artificial-intelligence-ml,41,AI for Vertical Industries,ai-for-vertical-industries,45,AI for Film Pre-Production,ai-for-film-pre-production,3,Production AI,Production Scheduling AI,production-ai-production-scheduling-ai
Artificial Intelligence & ML,artificial-intelligence-ml,41,AI for Vertical Industries,ai-for-vertical-industries,45,AI for Film Pre-Production,ai-for-film-pre-production,4,Production AI,Supply Chain AI,production-ai-supply-chain-ai
Artificial Intelligence & ML,artificial-intelligence-ml,41,AI for Vertical Industries,ai-for-vertical-industries,45,AI for Film Pre-Production,ai-for-film-pre-production,5,Production AI,Digital Twin,production-ai-digital-twin
Artificial Intelligence & ML,artificial-intelligence-ml,41,AI for Vertical Industries,ai-for-vertical-industries,45,AI for Film Pre-Production,ai-for-film-pre-production,6,Production AI,Robotic Process AI,production-ai-robotic-process-ai
Artificial Intelligence & ML,artificial-intelligence-ml,41,AI for Vertical Industries,ai-for-vertical-industries,45,AI for Film Pre-Production,ai-for-film-pre-production,7,Production AI,Energy Management AI,production-ai-energy-management-ai
Artificial Intelligence & ML,artificial-intelligence-ml,41,AI for Vertical Industries,ai-for-vertical-industries,45,AI for Film Pre-Production,ai-for-film-pre-production,8,Production AI,Safety Monitoring AI,production-ai-safety-monitoring-ai
Artificial Intelligence & ML,artificial-intelligence-ml,41,AI for Vertical Industries,ai-for-vertical-industries,45,AI for Film Pre-Production,ai-for-film-pre-production,9,Production AI,Yield Optimization,production-ai-yield-optimization
Artificial Intelligence & ML,artificial-intelligence-ml,41,AI for Vertical Industries,ai-for-vertical-industries,46,AI for Film Post-Production,ai-for-film-post-production,,,,
Artificial Intelligence & ML,artificial-intelligence-ml,41,AI for Vertical Industries,ai-for-vertical-industries,47,AI for Journalism Newsroom Tools,ai-for-journalism-newsroom-tools,,,,
Artificial Intelligence & ML,artificial-intelligence-ml,41,AI for Vertical Industries,ai-for-vertical-industries,48,AI for Investigative Journalism,ai-for-investigative-journalism,,,,
Artificial Intelligence & ML,artificial-intelligence-ml,41,AI for Vertical Industries,ai-for-vertical-industries,49,AI for Publishing Editorial Tools,ai-for-publishing-editorial-tools,,,,
Artificial Intelligence & ML,artificial-intelligence-ml,41,AI for Vertical Industries,ai-for-vertical-industries,50,AI for Architecture Concept Visualization,ai-for-architecture-concept-visualization,,,,
Artificial Intelligence & ML,artificial-intelligence-ml,41,AI for Vertical Industries,ai-for-vertical-industries,51,AI for Architecture BIM Tools,ai-for-architecture-bim-tools,,,,
Artificial Intelligence & ML,artificial-intelligence-ml,41,AI for Vertical Industries,ai-for-vertical-industries,52,AI for Fashion Trend Forecasting,ai-for-fashion-trend-forecasting,1,Fashion Tech AI,Trend Forecasting AI,fashion-tech-ai-trend-forecasting-ai
Artificial Intelligence & ML,artificial-intelligence-ml,41,AI for Vertical Industries,ai-for-vertical-industries,52,AI for Fashion Trend Forecasting,ai-for-fashion-trend-forecasting,2,Fashion Tech AI,Color Trend AI,fashion-tech-ai-color-trend-ai
Artificial Intelligence & ML,artificial-intelligence-ml,41,AI for Vertical Industries,ai-for-vertical-industries,53,AI for Fashion Pattern Making,ai-for-fashion-pattern-making,1,Fashion Tech AI,Pattern Design AI,fashion-tech-ai-pattern-design-ai
Artificial Intelligence & ML,artificial-intelligence-ml,41,AI for Vertical Industries,ai-for-vertical-industries,53,AI for Fashion Pattern Making,ai-for-fashion-pattern-making,2,Fashion Design AI,Pattern Maker AI,fashion-design-ai-pattern-maker-ai
Artificial Intelligence & ML,artificial-intelligence-ml,41,AI for Vertical Industries,ai-for-vertical-industries,54,AI for Beauty Skin Analysis,ai-for-beauty-skin-analysis,,,,
Artificial Intelligence & ML,artificial-intelligence-ml,41,AI for Vertical Industries,ai-for-vertical-industries,55,AI for Hair Salon Booking,ai-for-hair-salon-booking,,,,
Artificial Intelligence & ML,artificial-intelligence-ml,41,AI for Vertical Industries,ai-for-vertical-industries,56,AI for Funeral Memorial Tributes,ai-for-funeral-memorial-tributes,,,,
Artificial Intelligence & ML,artificial-intelligence-ml,41,AI for Vertical Industries,ai-for-vertical-industries,57,AI for Religious Education,ai-for-religious-education,,,,
Artificial Intelligence & ML,artificial-intelligence-ml,42,AI Accessibility & Inclusion,ai-accessibility-inclusion,1,AI Live Captioning for Events,ai-live-captioning-for-events,,,,
Artificial Intelligence & ML,artificial-intelligence-ml,42,AI Accessibility & Inclusion,ai-accessibility-inclusion,2,AI Sign Language Avatar Tools,ai-sign-language-avatar-tools,1,Accessibility AI,Sign Language Translator AI,accessibility-ai-sign-language-translator-ai
Artificial Intelligence & ML,artificial-intelligence-ml,42,AI Accessibility & Inclusion,ai-accessibility-inclusion,3,AI Sign Language Recognition,ai-sign-language-recognition,,,,
Artificial Intelligence & ML,artificial-intelligence-ml,42,AI Accessibility & Inclusion,ai-accessibility-inclusion,4,AI Screen Reader Image Descriptions,ai-screen-reader-image-descriptions,1,Accessibility AI,Screen Reader AI,accessibility-ai-screen-reader-ai
Artificial Intelligence & ML,artificial-intelligence-ml,42,AI Accessibility & Inclusion,ai-accessibility-inclusion,5,AI Alt Text Generators,ai-alt-text-generators,,,,
Artificial Intelligence & ML,artificial-intelligence-ml,42,AI Accessibility & Inclusion,ai-accessibility-inclusion,6,AI Document Accessibility Checkers,ai-document-accessibility-checkers,1,Accessibility AI,Image Description AI,accessibility-ai-image-description-ai
Artificial Intelligence & ML,artificial-intelligence-ml,42,AI Accessibility & Inclusion,ai-accessibility-inclusion,6,AI Document Accessibility Checkers,ai-document-accessibility-checkers,2,Accessibility AI,Cognitive Accessibility AI,accessibility-ai-cognitive-accessibility-ai
Artificial Intelligence & ML,artificial-intelligence-ml,42,AI Accessibility & Inclusion,ai-accessibility-inclusion,6,AI Document Accessibility Checkers,ai-document-accessibility-checkers,3,Accessibility AI,Dyslexia Font AI,accessibility-ai-dyslexia-font-ai
Artificial Intelligence & ML,artificial-intelligence-ml,42,AI Accessibility & Inclusion,ai-accessibility-inclusion,6,AI Document Accessibility Checkers,ai-document-accessibility-checkers,4,Accessibility AI,Captioning AI,accessibility-ai-captioning-ai
Artificial Intelligence & ML,artificial-intelligence-ml,42,AI Accessibility & Inclusion,ai-accessibility-inclusion,6,AI Document Accessibility Checkers,ai-document-accessibility-checkers,5,Accessibility AI,Audio Description AI Accessibility,accessibility-ai-audio-description-ai-accessibility
Artificial Intelligence & ML,artificial-intelligence-ml,42,AI Accessibility & Inclusion,ai-accessibility-inclusion,6,AI Document Accessibility Checkers,ai-document-accessibility-checkers,6,Accessibility AI,Easy Read AI,accessibility-ai-easy-read-ai
Artificial Intelligence & ML,artificial-intelligence-ml,42,AI Accessibility & Inclusion,ai-accessibility-inclusion,6,AI Document Accessibility Checkers,ai-document-accessibility-checkers,7,Accessibility AI,Braille Translator AI,accessibility-ai-braille-translator-ai
Artificial Intelligence & ML,artificial-intelligence-ml,42,AI Accessibility & Inclusion,ai-accessibility-inclusion,7,AI Web Accessibility Auditors,ai-web-accessibility-auditors,,,,
Artificial Intelligence & ML,artificial-intelligence-ml,42,AI Accessibility & Inclusion,ai-accessibility-inclusion,8,AI Dyslexia-Friendly Reading Tools,ai-dyslexia-friendly-reading-tools,,,,
Artificial Intelligence & ML,artificial-intelligence-ml,42,AI Accessibility & Inclusion,ai-accessibility-inclusion,9,AI Color-Blind Accessibility Tools,ai-color-blind-accessibility-tools,1,Accessibility AI,Color Blind Simulator,accessibility-ai-color-blind-simulator
Artificial Intelligence & ML,artificial-intelligence-ml,42,AI Accessibility & Inclusion,ai-accessibility-inclusion,10,AI Speech-Generating Devices,ai-speech-generating-devices,,,,
Artificial Intelligence & ML,artificial-intelligence-ml,42,AI Accessibility & Inclusion,ai-accessibility-inclusion,11,AI AAC Communication Boards,ai-aac-communication-boards,,,,
Artificial Intelligence & ML,artificial-intelligence-ml,42,AI Accessibility & Inclusion,ai-accessibility-inclusion,12,AI Assistive Writing for Aphasia,ai-assistive-writing-for-aphasia,,,,
Artificial Intelligence & ML,artificial-intelligence-ml,42,AI Accessibility & Inclusion,ai-accessibility-inclusion,13,AI Cognitive Load Reduction Tools,ai-cognitive-load-reduction-tools,,,,
Artificial Intelligence & ML,artificial-intelligence-ml,42,AI Accessibility & Inclusion,ai-accessibility-inclusion,14,AI Sensory-Friendly Mode Tools,ai-sensory-friendly-mode-tools,,,,
Artificial Intelligence & ML,artificial-intelligence-ml,43,"AI Fun, Novelty & Entertainment",ai-fun-novelty-entertainment,1,AI Joke Generators,ai-joke-generators,1,Meme Creation AI,Meme Generator AI,meme-creation-ai-meme-generator-ai
Artificial Intelligence & ML,artificial-intelligence-ml,43,"AI Fun, Novelty & Entertainment",ai-fun-novelty-entertainment,1,AI Joke Generators,ai-joke-generators,2,Meme Creation AI,Meme Template Finder,meme-creation-ai-meme-template-finder
Artificial Intelligence & ML,artificial-intelligence-ml,43,"AI Fun, Novelty & Entertainment",ai-fun-novelty-entertainment,1,AI Joke Generators,ai-joke-generators,3,Meme Creation AI,Emoji Creator AI,meme-creation-ai-emoji-creator-ai
Artificial Intelligence & ML,artificial-intelligence-ml,43,"AI Fun, Novelty & Entertainment",ai-fun-novelty-entertainment,1,AI Joke Generators,ai-joke-generators,4,Meme Creation AI,Caricature AI,meme-creation-ai-caricature-ai
Artificial Intelligence & ML,artificial-intelligence-ml,43,"AI Fun, Novelty & Entertainment",ai-fun-novelty-entertainment,2,AI Pun Generators,ai-pun-generators,,,,
Artificial Intelligence & ML,artificial-intelligence-ml,43,"AI Fun, Novelty & Entertainment",ai-fun-novelty-entertainment,3,AI Pickup Line Generators,ai-pickup-line-generators,,,,
Artificial Intelligence & ML,artificial-intelligence-ml,43,"AI Fun, Novelty & Entertainment",ai-fun-novelty-entertainment,4,AI Insult Generators,ai-insult-generators,,,,
Artificial Intelligence & ML,artificial-intelligence-ml,43,"AI Fun, Novelty & Entertainment",ai-fun-novelty-entertainment,5,AI Fortune Cookie Generators,ai-fortune-cookie-generators,,,,
Artificial Intelligence & ML,artificial-intelligence-ml,43,"AI Fun, Novelty & Entertainment",ai-fun-novelty-entertainment,6,AI Magic 8-Ball Bots,ai-magic-8-ball-bots,,,,
Artificial Intelligence & ML,artificial-intelligence-ml,43,"AI Fun, Novelty & Entertainment",ai-fun-novelty-entertainment,7,AI Trivia Question Generators,ai-trivia-question-generators,,,,
Artificial Intelligence & ML,artificial-intelligence-ml,43,"AI Fun, Novelty & Entertainment",ai-fun-novelty-entertainment,8,AI Pub Quiz Generators,ai-pub-quiz-generators,,,,
Artificial Intelligence & ML,artificial-intelligence-ml,43,"AI Fun, Novelty & Entertainment",ai-fun-novelty-entertainment,9,AI Personality Quiz Generators,ai-personality-quiz-generators,,,,
Artificial Intelligence & ML,artificial-intelligence-ml,43,"AI Fun, Novelty & Entertainment",ai-fun-novelty-entertainment,10,AI Buzzfeed-Style Quiz Builders,ai-buzzfeed-style-quiz-builders,,,,
Artificial Intelligence & ML,artificial-intelligence-ml,43,"AI Fun, Novelty & Entertainment",ai-fun-novelty-entertainment,11,AI Riddle Generators,ai-riddle-generators,,,,
Artificial Intelligence & ML,artificial-intelligence-ml,43,"AI Fun, Novelty & Entertainment",ai-fun-novelty-entertainment,12,AI Dad Joke Bots,ai-dad-joke-bots,,,,
Artificial Intelligence & ML,artificial-intelligence-ml,43,"AI Fun, Novelty & Entertainment",ai-fun-novelty-entertainment,13,AI Roast Generators,ai-roast-generators,1,Meme Creation AI,AI Roast Generator,meme-creation-ai-ai-roast-generator
Artificial Intelligence & ML,artificial-intelligence-ml,43,"AI Fun, Novelty & Entertainment",ai-fun-novelty-entertainment,14,AI Pet Name Generators,ai-pet-name-generators,1,Pet Care AI,Pet Name Generator,pet-care-ai-pet-name-generator
Artificial Intelligence & ML,artificial-intelligence-ml,43,"AI Fun, Novelty & Entertainment",ai-fun-novelty-entertainment,14,AI Pet Name Generators,ai-pet-name-generators,2,Naming AI,Business Name Generator,naming-ai-business-name-generator
Artificial Intelligence & ML,artificial-intelligence-ml,43,"AI Fun, Novelty & Entertainment",ai-fun-novelty-entertainment,14,AI Pet Name Generators,ai-pet-name-generators,3,Naming AI,App Name Generator,naming-ai-app-name-generator
Artificial Intelligence & ML,artificial-intelligence-ml,43,"AI Fun, Novelty & Entertainment",ai-fun-novelty-entertainment,14,AI Pet Name Generators,ai-pet-name-generators,4,Naming AI,Podcast Name AI,naming-ai-podcast-name-ai
Artificial Intelligence & ML,artificial-intelligence-ml,43,"AI Fun, Novelty & Entertainment",ai-fun-novelty-entertainment,14,AI Pet Name Generators,ai-pet-name-generators,5,Personal Name AI,Pet Name Generator,personal-name-ai-pet-name-generator
Artificial Intelligence & ML,artificial-intelligence-ml,43,"AI Fun, Novelty & Entertainment",ai-fun-novelty-entertainment,14,AI Pet Name Generators,ai-pet-name-generators,6,Personal Name AI,Gamertag Generator,personal-name-ai-gamertag-generator
Artificial Intelligence & ML,artificial-intelligence-ml,43,"AI Fun, Novelty & Entertainment",ai-fun-novelty-entertainment,14,AI Pet Name Generators,ai-pet-name-generators,7,Personal Name AI,Username Generator,personal-name-ai-username-generator
Artificial Intelligence & ML,artificial-intelligence-ml,43,"AI Fun, Novelty & Entertainment",ai-fun-novelty-entertainment,14,AI Pet Name Generators,ai-pet-name-generators,8,Personal Name AI,Pen Name Generator,personal-name-ai-pen-name-generator
Artificial Intelligence & ML,artificial-intelligence-ml,43,"AI Fun, Novelty & Entertainment",ai-fun-novelty-entertainment,14,AI Pet Name Generators,ai-pet-name-generators,9,Personal Name AI,Stage Name AI,personal-name-ai-stage-name-ai
Artificial Intelligence & ML,artificial-intelligence-ml,43,"AI Fun, Novelty & Entertainment",ai-fun-novelty-entertainment,14,AI Pet Name Generators,ai-pet-name-generators,10,Personal Name AI,Superhero Name AI,personal-name-ai-superhero-name-ai
Artificial Intelligence & ML,artificial-intelligence-ml,43,"AI Fun, Novelty & Entertainment",ai-fun-novelty-entertainment,14,AI Pet Name Generators,ai-pet-name-generators,11,Personal Name AI,Couple Name Generator,personal-name-ai-couple-name-generator
Artificial Intelligence & ML,artificial-intelligence-ml,43,"AI Fun, Novelty & Entertainment",ai-fun-novelty-entertainment,15,AI Baby Name Generators,ai-baby-name-generators,1,Personal Name AI,Baby Name Generator AI,personal-name-ai-baby-name-generator-ai
Artificial Intelligence & ML,artificial-intelligence-ml,43,"AI Fun, Novelty & Entertainment",ai-fun-novelty-entertainment,16,AI Character Name Generators,ai-character-name-generators,1,Personal Name AI,Character Name Generator,personal-name-ai-character-name-generator
Artificial Intelligence & ML,artificial-intelligence-ml,43,"AI Fun, Novelty & Entertainment",ai-fun-novelty-entertainment,17,AI Band Name Generators,ai-band-name-generators,,,,
Artificial Intelligence & ML,artificial-intelligence-ml,43,"AI Fun, Novelty & Entertainment",ai-fun-novelty-entertainment,18,AI Username Generators,ai-username-generators,,,,
Artificial Intelligence & ML,artificial-intelligence-ml,43,"AI Fun, Novelty & Entertainment",ai-fun-novelty-entertainment,19,AI Domain Name Generators,ai-domain-name-generators,1,Naming AI,Domain Name Finder AI,naming-ai-domain-name-finder-ai
Artificial Intelligence & ML,artificial-intelligence-ml,43,"AI Fun, Novelty & Entertainment",ai-fun-novelty-entertainment,20,AI Startup Name Generators,ai-startup-name-generators,,,,
Artificial Intelligence & ML,artificial-intelligence-ml,43,"AI Fun, Novelty & Entertainment",ai-fun-novelty-entertainment,21,AI Fantasy Sports Team Name Generators,ai-fantasy-sports-team-name-generators,1,Personal Name AI,Fantasy Name Generator,personal-name-ai-fantasy-name-generator
Artificial Intelligence & ML,artificial-intelligence-ml,43,"AI Fun, Novelty & Entertainment",ai-fun-novelty-entertainment,21,AI Fantasy Sports Team Name Generators,ai-fantasy-sports-team-name-generators,2,Sports Analysis AI,Fantasy Sports Optimizer,sports-analysis-ai-fantasy-sports-optimizer
Artificial Intelligence & ML,artificial-intelligence-ml,43,"AI Fun, Novelty & Entertainment",ai-fun-novelty-entertainment,22,AI D&D Character Generators,ai-dd-character-generators,,,,
Artificial Intelligence & ML,artificial-intelligence-ml,43,"AI Fun, Novelty & Entertainment",ai-fun-novelty-entertainment,23,AI Random Story Generators,ai-random-story-generators,,,,
Artificial Intelligence & ML,artificial-intelligence-ml,43,"AI Fun, Novelty & Entertainment",ai-fun-novelty-entertainment,24,AI Choose-Your-Own-Adventure Generators,ai-choose-your-own-adventure-generators,,,,
Artificial Intelligence & ML,artificial-intelligence-ml,43,"AI Fun, Novelty & Entertainment",ai-fun-novelty-entertainment,25,AI Yes-Or-No Decision Bots,ai-yes-or-no-decision-bots,1,No-Code Chatbot Platforms,Customer Service Bots,no-code-chatbot-platforms-customer-service-bots
Artificial Intelligence & ML,artificial-intelligence-ml,43,"AI Fun, Novelty & Entertainment",ai-fun-novelty-entertainment,25,AI Yes-Or-No Decision Bots,ai-yes-or-no-decision-bots,2,No-Code Chatbot Platforms,Lead Qualification Bots,no-code-chatbot-platforms-lead-qualification-bots
Artificial Intelligence & ML,artificial-intelligence-ml,43,"AI Fun, Novelty & Entertainment",ai-fun-novelty-entertainment,25,AI Yes-Or-No Decision Bots,ai-yes-or-no-decision-bots,3,No-Code Chatbot Platforms,FAQ Bots,no-code-chatbot-platforms-faq-bots
Artificial Intelligence & ML,artificial-intelligence-ml,43,"AI Fun, Novelty & Entertainment",ai-fun-novelty-entertainment,25,AI Yes-Or-No Decision Bots,ai-yes-or-no-decision-bots,4,No-Code Chatbot Platforms,Onboarding Bots,no-code-chatbot-platforms-onboarding-bots
Artificial Intelligence & ML,artificial-intelligence-ml,43,"AI Fun, Novelty & Entertainment",ai-fun-novelty-entertainment,25,AI Yes-Or-No Decision Bots,ai-yes-or-no-decision-bots,5,No-Code Chatbot Platforms,IT Helpdesk Bots,no-code-chatbot-platforms-it-helpdesk-bots
Artificial Intelligence & ML,artificial-intelligence-ml,43,"AI Fun, Novelty & Entertainment",ai-fun-novelty-entertainment,26,AI Coin Flip Wisdom Bots,ai-coin-flip-wisdom-bots,,,,
Artificial Intelligence & ML,artificial-intelligence-ml,43,"AI Fun, Novelty & Entertainment",ai-fun-novelty-entertainment,28,AI Halloween Costume Idea Generators,ai-halloween-costume-idea-generators,,,,
Artificial Intelligence & ML,artificial-intelligence-ml,43,"AI Fun, Novelty & Entertainment",ai-fun-novelty-entertainment,29,AI Christmas Wish List Generators,ai-christmas-wish-list-generators,,,,
