L1,L1 Slug,L2 #,L2,L2 Slug,L3 #,L3,L3 Slug,L4 #,L4 Group,L4 Type,L4 Slug
IT Services & Agencies,it-services-agencies,1,Computer Repair & Hardware Services,computer-repair-hardware-services,1,PC Repair Shops,pc-repair-shops,,,,
IT Services & Agencies,it-services-agencies,1,Computer Repair & Hardware Services,computer-repair-hardware-services,2,Mac Repair Shops,mac-repair-shops,,,,
IT Services & Agencies,it-services-agencies,1,Computer Repair & Hardware Services,computer-repair-hardware-services,3,Laptop Repair Services,laptop-repair-services,,,,
IT Services & Agencies,it-services-agencies,1,Computer Repair & Hardware Services,computer-repair-hardware-services,4,Desktop Repair Services,desktop-repair-services,,,,
IT Services & Agencies,it-services-agencies,1,Computer Repair & Hardware Services,computer-repair-hardware-services,5,Apple Authorized Service Providers,apple-authorized-service-providers,,,,
IT Services & Agencies,it-services-agencies,1,Computer Repair & Hardware Services,computer-repair-hardware-services,6,Custom PC Building Services,custom-pc-building-services,,,,
IT Services & Agencies,it-services-agencies,1,Computer Repair & Hardware Services,computer-repair-hardware-services,7,Gaming PC Builders,gaming-pc-builders,,,,
IT Services & Agencies,it-services-agencies,1,Computer Repair & Hardware Services,computer-repair-hardware-services,8,Workstation PC Builders,workstation-pc-builders,,,,
IT Services & Agencies,it-services-agencies,1,Computer Repair & Hardware Services,computer-repair-hardware-services,9,Server Build & Configuration Services,server-build-configuration-services,1,Database Administration,SQL Server DBA,database-administration-sql-server-dba
IT Services & Agencies,it-services-agencies,1,Computer Repair & Hardware Services,computer-repair-hardware-services,10,Computer Tune-Up Services,computer-tune-up-services,,,,
IT Services & Agencies,it-services-agencies,1,Computer Repair & Hardware Services,computer-repair-hardware-services,11,Slow Computer Repair Services,slow-computer-repair-services,,,,
IT Services & Agencies,it-services-agencies,1,Computer Repair & Hardware Services,computer-repair-hardware-services,12,Virus Removal Services,virus-removal-services,,,,
IT Services & Agencies,it-services-agencies,1,Computer Repair & Hardware Services,computer-repair-hardware-services,13,Spyware & Malware Removal,spyware-malware-removal,,,,
IT Services & Agencies,it-services-agencies,1,Computer Repair & Hardware Services,computer-repair-hardware-services,14,Ransomware Recovery Services,ransomware-recovery-services,,,,
IT Services & Agencies,it-services-agencies,1,Computer Repair & Hardware Services,computer-repair-hardware-services,15,Operating System Reinstall Services,operating-system-reinstall-services,,,,
IT Services & Agencies,it-services-agencies,1,Computer Repair & Hardware Services,computer-repair-hardware-services,16,Windows Installation Services,windows-installation-services,,,,
IT Services & Agencies,it-services-agencies,1,Computer Repair & Hardware Services,computer-repair-hardware-services,17,macOS Installation Services,macos-installation-services,,,,
IT Services & Agencies,it-services-agencies,1,Computer Repair & Hardware Services,computer-repair-hardware-services,18,Linux Installation Services,linux-installation-services,,,,
IT Services & Agencies,it-services-agencies,1,Computer Repair & Hardware Services,computer-repair-hardware-services,19,Hard Drive Replacement Services,hard-drive-replacement-services,,,,
IT Services & Agencies,it-services-agencies,1,Computer Repair & Hardware Services,computer-repair-hardware-services,20,SSD Upgrade Services,ssd-upgrade-services,,,,
IT Services & Agencies,it-services-agencies,1,Computer Repair & Hardware Services,computer-repair-hardware-services,21,RAM Upgrade Services,ram-upgrade-services,,,,
IT Services & Agencies,it-services-agencies,1,Computer Repair & Hardware Services,computer-repair-hardware-services,22,Graphics Card Installation Services,graphics-card-installation-services,,,,
IT Services & Agencies,it-services-agencies,1,Computer Repair & Hardware Services,computer-repair-hardware-services,23,Power Supply Replacement Services,power-supply-replacement-services,,,,
IT Services & Agencies,it-services-agencies,1,Computer Repair & Hardware Services,computer-repair-hardware-services,24,Motherboard Repair Services,motherboard-repair-services,,,,
IT Services & Agencies,it-services-agencies,1,Computer Repair & Hardware Services,computer-repair-hardware-services,25,Liquid Damage Computer Repair,liquid-damage-computer-repair,,,,
IT Services & Agencies,it-services-agencies,1,Computer Repair & Hardware Services,computer-repair-hardware-services,26,Keyboard Repair Services,keyboard-repair-services,,,,
IT Services & Agencies,it-services-agencies,1,Computer Repair & Hardware Services,computer-repair-hardware-services,27,Trackpad Repair Services,trackpad-repair-services,,,,
IT Services & Agencies,it-services-agencies,1,Computer Repair & Hardware Services,computer-repair-hardware-services,28,Laptop Hinge Repair,laptop-hinge-repair,,,,
IT Services & Agencies,it-services-agencies,1,Computer Repair & Hardware Services,computer-repair-hardware-services,29,Battery Replacement Services,battery-replacement-services,,,,
IT Services & Agencies,it-services-agencies,1,Computer Repair & Hardware Services,computer-repair-hardware-services,30,Charging Port Repair Services,charging-port-repair-services,,,,
IT Services & Agencies,it-services-agencies,1,Computer Repair & Hardware Services,computer-repair-hardware-services,31,Computer Recycling Services,computer-recycling-services,,,,
IT Services & Agencies,it-services-agencies,1,Computer Repair & Hardware Services,computer-repair-hardware-services,32,Computer Disposal Services,computer-disposal-services,,,,
IT Services & Agencies,it-services-agencies,1,Computer Repair & Hardware Services,computer-repair-hardware-services,33,Old Computer Trade-In Services,old-computer-trade-in-services,,,,
IT Services & Agencies,it-services-agencies,1,Computer Repair & Hardware Services,computer-repair-hardware-services,34,Refurbished Computer Sales,refurbished-computer-sales,,,,
IT Services & Agencies,it-services-agencies,1,Computer Repair & Hardware Services,computer-repair-hardware-services,35,Used Laptop Stores,used-laptop-stores,,,,
IT Services & Agencies,it-services-agencies,1,Computer Repair & Hardware Services,computer-repair-hardware-services,36,Computer Parts Stores,computer-parts-stores,,,,
IT Services & Agencies,it-services-agencies,1,Computer Repair & Hardware Services,computer-repair-hardware-services,37,Computer Accessory Stores,computer-accessory-stores,,,,
IT Services & Agencies,it-services-agencies,1,Computer Repair & Hardware Services,computer-repair-hardware-services,38,Printer Repair Services,printer-repair-services,,,,
IT Services & Agencies,it-services-agencies,1,Computer Repair & Hardware Services,computer-repair-hardware-services,39,Inkjet Printer Repair,inkjet-printer-repair,,,,
IT Services & Agencies,it-services-agencies,1,Computer Repair & Hardware Services,computer-repair-hardware-services,40,Laser Printer Repair,laser-printer-repair,,,,
IT Services & Agencies,it-services-agencies,1,Computer Repair & Hardware Services,computer-repair-hardware-services,41,3D Printer Repair Services,3d-printer-repair-services,,,,
IT Services & Agencies,it-services-agencies,1,Computer Repair & Hardware Services,computer-repair-hardware-services,42,Plotter Repair Services,plotter-repair-services,,,,
IT Services & Agencies,it-services-agencies,1,Computer Repair & Hardware Services,computer-repair-hardware-services,43,Scanner Repair Services,scanner-repair-services,,,,
IT Services & Agencies,it-services-agencies,1,Computer Repair & Hardware Services,computer-repair-hardware-services,44,Copier Repair Services,copier-repair-services,,,,
IT Services & Agencies,it-services-agencies,1,Computer Repair & Hardware Services,computer-repair-hardware-services,45,Fax Machine Repair Services,fax-machine-repair-services,,,,
IT Services & Agencies,it-services-agencies,1,Computer Repair & Hardware Services,computer-repair-hardware-services,46,Monitor Repair Services,monitor-repair-services,,,,
IT Services & Agencies,it-services-agencies,1,Computer Repair & Hardware Services,computer-repair-hardware-services,47,Projector Repair Services,projector-repair-services,,,,
IT Services & Agencies,it-services-agencies,1,Computer Repair & Hardware Services,computer-repair-hardware-services,48,Computer Setup Services,computer-setup-services,,,,
IT Services & Agencies,it-services-agencies,1,Computer Repair & Hardware Services,computer-repair-hardware-services,49,New Computer Setup at Home,new-computer-setup-at-home,,,,
IT Services & Agencies,it-services-agencies,1,Computer Repair & Hardware Services,computer-repair-hardware-services,50,Data Transfer Services,data-transfer-services,,,,
IT Services & Agencies,it-services-agencies,1,Computer Repair & Hardware Services,computer-repair-hardware-services,51,Email Setup Services,email-setup-services,,,,
IT Services & Agencies,it-services-agencies,1,Computer Repair & Hardware Services,computer-repair-hardware-services,52,Software Installation Services,software-installation-services,,,,
IT Services & Agencies,it-services-agencies,2,Mobile Phone & Tablet Repair,mobile-phone-tablet-repair,1,iPhone Repair Shops,iphone-repair-shops,,,,
IT Services & Agencies,it-services-agencies,2,Mobile Phone & Tablet Repair,mobile-phone-tablet-repair,2,Android Phone Repair Shops,android-phone-repair-shops,,,,
IT Services & Agencies,it-services-agencies,2,Mobile Phone & Tablet Repair,mobile-phone-tablet-repair,3,Samsung Phone Repair,samsung-phone-repair,,,,
IT Services & Agencies,it-services-agencies,2,Mobile Phone & Tablet Repair,mobile-phone-tablet-repair,4,Google Pixel Repair,google-pixel-repair,,,,
IT Services & Agencies,it-services-agencies,2,Mobile Phone & Tablet Repair,mobile-phone-tablet-repair,5,OnePlus Phone Repair,oneplus-phone-repair,,,,
IT Services & Agencies,it-services-agencies,2,Mobile Phone & Tablet Repair,mobile-phone-tablet-repair,6,Huawei Phone Repair,huawei-phone-repair,,,,
IT Services & Agencies,it-services-agencies,2,Mobile Phone & Tablet Repair,mobile-phone-tablet-repair,7,Xiaomi Phone Repair,xiaomi-phone-repair,,,,
IT Services & Agencies,it-services-agencies,2,Mobile Phone & Tablet Repair,mobile-phone-tablet-repair,8,Phone Screen Replacement Services,phone-screen-replacement-services,,,,
IT Services & Agencies,it-services-agencies,2,Mobile Phone & Tablet Repair,mobile-phone-tablet-repair,9,Cracked Screen Repair Services,cracked-screen-repair-services,,,,
IT Services & Agencies,it-services-agencies,2,Mobile Phone & Tablet Repair,mobile-phone-tablet-repair,10,iPhone Battery Replacement,iphone-battery-replacement,,,,
IT Services & Agencies,it-services-agencies,2,Mobile Phone & Tablet Repair,mobile-phone-tablet-repair,11,Android Battery Replacement,android-battery-replacement,,,,
IT Services & Agencies,it-services-agencies,2,Mobile Phone & Tablet Repair,mobile-phone-tablet-repair,12,Phone Charging Port Repair,phone-charging-port-repair,,,,
IT Services & Agencies,it-services-agencies,2,Mobile Phone & Tablet Repair,mobile-phone-tablet-repair,13,Phone Speaker Repair,phone-speaker-repair,,,,
IT Services & Agencies,it-services-agencies,2,Mobile Phone & Tablet Repair,mobile-phone-tablet-repair,14,Phone Microphone Repair,phone-microphone-repair,,,,
IT Services & Agencies,it-services-agencies,2,Mobile Phone & Tablet Repair,mobile-phone-tablet-repair,15,Phone Camera Repair,phone-camera-repair,,,,
IT Services & Agencies,it-services-agencies,2,Mobile Phone & Tablet Repair,mobile-phone-tablet-repair,16,Water Damaged Phone Repair,water-damaged-phone-repair,,,,
IT Services & Agencies,it-services-agencies,2,Mobile Phone & Tablet Repair,mobile-phone-tablet-repair,17,Phone Back Glass Replacement,phone-back-glass-replacement,,,,
IT Services & Agencies,it-services-agencies,2,Mobile Phone & Tablet Repair,mobile-phone-tablet-repair,18,Phone Frame Repair,phone-frame-repair,,,,
IT Services & Agencies,it-services-agencies,2,Mobile Phone & Tablet Repair,mobile-phone-tablet-repair,19,iPad Repair Services,ipad-repair-services,,,,
IT Services & Agencies,it-services-agencies,2,Mobile Phone & Tablet Repair,mobile-phone-tablet-repair,20,Samsung Tablet Repair,samsung-tablet-repair,,,,
IT Services & Agencies,it-services-agencies,2,Mobile Phone & Tablet Repair,mobile-phone-tablet-repair,21,Surface Tablet Repair,surface-tablet-repair,,,,
IT Services & Agencies,it-services-agencies,2,Mobile Phone & Tablet Repair,mobile-phone-tablet-repair,22,Kindle Repair Services,kindle-repair-services,,,,
IT Services & Agencies,it-services-agencies,2,Mobile Phone & Tablet Repair,mobile-phone-tablet-repair,23,Tablet Screen Replacement,tablet-screen-replacement,,,,
IT Services & Agencies,it-services-agencies,2,Mobile Phone & Tablet Repair,mobile-phone-tablet-repair,24,Tablet Battery Replacement,tablet-battery-replacement,,,,
IT Services & Agencies,it-services-agencies,2,Mobile Phone & Tablet Repair,mobile-phone-tablet-repair,25,Phone Unlocking Services,phone-unlocking-services,,,,
IT Services & Agencies,it-services-agencies,2,Mobile Phone & Tablet Repair,mobile-phone-tablet-repair,26,SIM Card Replacement Services,sim-card-replacement-services,,,,
IT Services & Agencies,it-services-agencies,2,Mobile Phone & Tablet Repair,mobile-phone-tablet-repair,27,Mobile Phone Buyback Services,mobile-phone-buyback-services,,,,
IT Services & Agencies,it-services-agencies,2,Mobile Phone & Tablet Repair,mobile-phone-tablet-repair,28,Refurbished Phone Stores,refurbished-phone-stores,,,,
IT Services & Agencies,it-services-agencies,2,Mobile Phone & Tablet Repair,mobile-phone-tablet-repair,29,Used Phone Stores,used-phone-stores,,,,
IT Services & Agencies,it-services-agencies,2,Mobile Phone & Tablet Repair,mobile-phone-tablet-repair,30,Phone Trade-In Services,phone-trade-in-services,,,,
IT Services & Agencies,it-services-agencies,2,Mobile Phone & Tablet Repair,mobile-phone-tablet-repair,31,Phone Data Transfer Services,phone-data-transfer-services,,,,
IT Services & Agencies,it-services-agencies,2,Mobile Phone & Tablet Repair,mobile-phone-tablet-repair,32,Phone Backup & Restore Services,phone-backup-restore-services,,,,
IT Services & Agencies,it-services-agencies,2,Mobile Phone & Tablet Repair,mobile-phone-tablet-repair,33,Smartwatch Repair Services,smartwatch-repair-services,,,,
IT Services & Agencies,it-services-agencies,2,Mobile Phone & Tablet Repair,mobile-phone-tablet-repair,34,Apple Watch Repair,apple-watch-repair,,,,
IT Services & Agencies,it-services-agencies,2,Mobile Phone & Tablet Repair,mobile-phone-tablet-repair,35,Fitbit Repair Services,fitbit-repair-services,,,,
IT Services & Agencies,it-services-agencies,2,Mobile Phone & Tablet Repair,mobile-phone-tablet-repair,36,Garmin Watch Repair,garmin-watch-repair,,,,
IT Services & Agencies,it-services-agencies,3,Electronics Repair & Service,electronics-repair-service,1,TV Repair Services,tv-repair-services,,,,
IT Services & Agencies,it-services-agencies,3,Electronics Repair & Service,electronics-repair-service,2,Smart TV Repair Services,smart-tv-repair-services,,,,
IT Services & Agencies,it-services-agencies,3,Electronics Repair & Service,electronics-repair-service,3,Plasma TV Repair,plasma-tv-repair,,,,
IT Services & Agencies,it-services-agencies,3,Electronics Repair & Service,electronics-repair-service,4,LCD TV Repair,lcd-tv-repair,,,,
IT Services & Agencies,it-services-agencies,3,Electronics Repair & Service,electronics-repair-service,5,OLED TV Repair,oled-tv-repair,,,,
IT Services & Agencies,it-services-agencies,3,Electronics Repair & Service,electronics-repair-service,6,TV Mounting Services,tv-mounting-services,,,,
IT Services & Agencies,it-services-agencies,3,Electronics Repair & Service,electronics-repair-service,7,TV Wall Installation Services,tv-wall-installation-services,,,,
IT Services & Agencies,it-services-agencies,3,Electronics Repair & Service,electronics-repair-service,8,Game Console Repair Services,game-console-repair-services,,,,
IT Services & Agencies,it-services-agencies,3,Electronics Repair & Service,electronics-repair-service,9,PlayStation Repair,playstation-repair,,,,
IT Services & Agencies,it-services-agencies,3,Electronics Repair & Service,electronics-repair-service,10,Xbox Repair,xbox-repair,,,,
IT Services & Agencies,it-services-agencies,3,Electronics Repair & Service,electronics-repair-service,11,Nintendo Switch Repair,nintendo-switch-repair,,,,
IT Services & Agencies,it-services-agencies,3,Electronics Repair & Service,electronics-repair-service,12,Retro Game Console Repair,retro-game-console-repair,,,,
IT Services & Agencies,it-services-agencies,3,Electronics Repair & Service,electronics-repair-service,13,Camera Repair Services,camera-repair-services,,,,
IT Services & Agencies,it-services-agencies,3,Electronics Repair & Service,electronics-repair-service,14,DSLR Repair Services,dslr-repair-services,,,,
IT Services & Agencies,it-services-agencies,3,Electronics Repair & Service,electronics-repair-service,15,Mirrorless Camera Repair,mirrorless-camera-repair,,,,
IT Services & Agencies,it-services-agencies,3,Electronics Repair & Service,electronics-repair-service,16,GoPro Repair Services,gopro-repair-services,,,,
IT Services & Agencies,it-services-agencies,3,Electronics Repair & Service,electronics-repair-service,17,Action Camera Repair,action-camera-repair,,,,
IT Services & Agencies,it-services-agencies,3,Electronics Repair & Service,electronics-repair-service,18,Drone Repair Services,drone-repair-services,,,,
IT Services & Agencies,it-services-agencies,3,Electronics Repair & Service,electronics-repair-service,19,Drone Pilot Services,drone-pilot-services,,,,
IT Services & Agencies,it-services-agencies,3,Electronics Repair & Service,electronics-repair-service,20,Drone Photography Services,drone-photography-services,,,,
IT Services & Agencies,it-services-agencies,3,Electronics Repair & Service,electronics-repair-service,21,Drone Inspection Services,drone-inspection-services,,,,
IT Services & Agencies,it-services-agencies,3,Electronics Repair & Service,electronics-repair-service,22,Audio Equipment Repair,audio-equipment-repair,,,,
IT Services & Agencies,it-services-agencies,3,Electronics Repair & Service,electronics-repair-service,23,Stereo Repair Services,stereo-repair-services,,,,
IT Services & Agencies,it-services-agencies,3,Electronics Repair & Service,electronics-repair-service,24,Turntable Repair Services,turntable-repair-services,,,,
IT Services & Agencies,it-services-agencies,3,Electronics Repair & Service,electronics-repair-service,25,Vintage Audio Restoration,vintage-audio-restoration,,,,
IT Services & Agencies,it-services-agencies,3,Electronics Repair & Service,electronics-repair-service,26,Headphone Repair Services,headphone-repair-services,,,,
IT Services & Agencies,it-services-agencies,3,Electronics Repair & Service,electronics-repair-service,27,Bluetooth Speaker Repair,bluetooth-speaker-repair,,,,
IT Services & Agencies,it-services-agencies,3,Electronics Repair & Service,electronics-repair-service,28,Home Appliance Electronics Repair,home-appliance-electronics-repair,,,,
IT Services & Agencies,it-services-agencies,3,Electronics Repair & Service,electronics-repair-service,29,Vacuum Robot Repair,vacuum-robot-repair,,,,
IT Services & Agencies,it-services-agencies,3,Electronics Repair & Service,electronics-repair-service,30,E-Bike Electronics Repair,e-bike-electronics-repair,,,,
IT Services & Agencies,it-services-agencies,3,Electronics Repair & Service,electronics-repair-service,31,Electric Scooter Repair,electric-scooter-repair,,,,
IT Services & Agencies,it-services-agencies,3,Electronics Repair & Service,electronics-repair-service,32,Hoverboard Repair Services,hoverboard-repair-services,,,,
IT Services & Agencies,it-services-agencies,3,Electronics Repair & Service,electronics-repair-service,33,Power Tool Battery Repair,power-tool-battery-repair,,,,
IT Services & Agencies,it-services-agencies,3,Electronics Repair & Service,electronics-repair-service,34,Vape & E-Cig Repair,vape-e-cig-repair,,,,
IT Services & Agencies,it-services-agencies,3,Electronics Repair & Service,electronics-repair-service,35,Electronic Toy Repair,electronic-toy-repair,,,,
IT Services & Agencies,it-services-agencies,3,Electronics Repair & Service,electronics-repair-service,36,Musical Instrument Electronics Repair,musical-instrument-electronics-repair,,,,
IT Services & Agencies,it-services-agencies,3,Electronics Repair & Service,electronics-repair-service,37,Amplifier Repair Services,amplifier-repair-services,,,,
IT Services & Agencies,it-services-agencies,3,Electronics Repair & Service,electronics-repair-service,38,Synthesizer Repair Services,synthesizer-repair-services,,,,
IT Services & Agencies,it-services-agencies,3,Electronics Repair & Service,electronics-repair-service,39,Guitar Pedal Repair Services,guitar-pedal-repair-services,,,,
IT Services & Agencies,it-services-agencies,3,Electronics Repair & Service,electronics-repair-service,40,DJ Equipment Repair Services,dj-equipment-repair-services,,,,
IT Services & Agencies,it-services-agencies,3,Electronics Repair & Service,electronics-repair-service,41,Studio Equipment Repair,studio-equipment-repair,,,,
IT Services & Agencies,it-services-agencies,4,Residential & Small Business IT Support,residential-small-business-it-support,1,On-Site Computer Help,on-site-computer-help,,,,
IT Services & Agencies,it-services-agencies,4,Residential & Small Business IT Support,residential-small-business-it-support,2,In-Home Tech Support,in-home-tech-support,,,,
IT Services & Agencies,it-services-agencies,4,Residential & Small Business IT Support,residential-small-business-it-support,3,Remote Tech Support Services,remote-tech-support-services,,,,
IT Services & Agencies,it-services-agencies,4,Residential & Small Business IT Support,residential-small-business-it-support,4,Senior Citizen Tech Help,senior-citizen-tech-help,,,,
IT Services & Agencies,it-services-agencies,4,Residential & Small Business IT Support,residential-small-business-it-support,5,Tech Help for Seniors at Home,tech-help-for-seniors-at-home,,,,
IT Services & Agencies,it-services-agencies,4,Residential & Small Business IT Support,residential-small-business-it-support,6,One-on-One Computer Tutoring,one-on-one-computer-tutoring,,,,
IT Services & Agencies,it-services-agencies,4,Residential & Small Business IT Support,residential-small-business-it-support,7,Computer Lessons for Beginners,computer-lessons-for-beginners,,,,
IT Services & Agencies,it-services-agencies,4,Residential & Small Business IT Support,residential-small-business-it-support,8,Smartphone Lessons for Seniors,smartphone-lessons-for-seniors,,,,
IT Services & Agencies,it-services-agencies,4,Residential & Small Business IT Support,residential-small-business-it-support,9,Personal Tech Coach Services,personal-tech-coach-services,,,,
IT Services & Agencies,it-services-agencies,4,Residential & Small Business IT Support,residential-small-business-it-support,10,Geek Squad Style Services,geek-squad-style-services,,,,
IT Services & Agencies,it-services-agencies,4,Residential & Small Business IT Support,residential-small-business-it-support,11,Small Business IT Help,small-business-it-help,,,,
IT Services & Agencies,it-services-agencies,4,Residential & Small Business IT Support,residential-small-business-it-support,12,Pop-Up Office IT Setup,pop-up-office-it-setup,,,,
IT Services & Agencies,it-services-agencies,4,Residential & Small Business IT Support,residential-small-business-it-support,13,Home Office IT Setup,home-office-it-setup,,,,
IT Services & Agencies,it-services-agencies,4,Residential & Small Business IT Support,residential-small-business-it-support,14,Remote Worker IT Support,remote-worker-it-support,,,,
IT Services & Agencies,it-services-agencies,4,Residential & Small Business IT Support,residential-small-business-it-support,15,Freelancer IT Support Services,freelancer-it-support-services,,,,
IT Services & Agencies,it-services-agencies,4,Residential & Small Business IT Support,residential-small-business-it-support,16,Family IT Support Subscriptions,family-it-support-subscriptions,,,,
IT Services & Agencies,it-services-agencies,4,Residential & Small Business IT Support,residential-small-business-it-support,17,Annual Home IT Maintenance Plans,annual-home-it-maintenance-plans,,,,
IT Services & Agencies,it-services-agencies,4,Residential & Small Business IT Support,residential-small-business-it-support,18,Vacation Rental IT Support,vacation-rental-it-support,,,,
IT Services & Agencies,it-services-agencies,4,Residential & Small Business IT Support,residential-small-business-it-support,19,Airbnb Host Tech Setup,airbnb-host-tech-setup,,,,
IT Services & Agencies,it-services-agencies,4,Residential & Small Business IT Support,residential-small-business-it-support,20,New PC Setup at Home,new-pc-setup-at-home,,,,
IT Services & Agencies,it-services-agencies,4,Residential & Small Business IT Support,residential-small-business-it-support,21,New Mac Setup at Home,new-mac-setup-at-home,,,,
IT Services & Agencies,it-services-agencies,4,Residential & Small Business IT Support,residential-small-business-it-support,22,Wifi Troubleshooting at Home,wifi-troubleshooting-at-home,,,,
IT Services & Agencies,it-services-agencies,4,Residential & Small Business IT Support,residential-small-business-it-support,23,Email Setup Help,email-setup-help,,,,
IT Services & Agencies,it-services-agencies,4,Residential & Small Business IT Support,residential-small-business-it-support,24,iCloud Help,icloud-help,,,,
IT Services & Agencies,it-services-agencies,4,Residential & Small Business IT Support,residential-small-business-it-support,25,Google Account Help,google-account-help,,,,
IT Services & Agencies,it-services-agencies,4,Residential & Small Business IT Support,residential-small-business-it-support,26,Password Recovery Help,password-recovery-help,,,,
IT Services & Agencies,it-services-agencies,4,Residential & Small Business IT Support,residential-small-business-it-support,27,Microsoft Account Help,microsoft-account-help,,,,
IT Services & Agencies,it-services-agencies,4,Residential & Small Business IT Support,residential-small-business-it-support,28,Photo Library Organization Help,photo-library-organization-help,,,,
IT Services & Agencies,it-services-agencies,4,Residential & Small Business IT Support,residential-small-business-it-support,29,Music Library Setup Help,music-library-setup-help,,,,
IT Services & Agencies,it-services-agencies,4,Residential & Small Business IT Support,residential-small-business-it-support,30,Streaming Setup Help,streaming-setup-help,,,,
IT Services & Agencies,it-services-agencies,4,Residential & Small Business IT Support,residential-small-business-it-support,31,Smart TV Setup Help,smart-tv-setup-help,,,,
IT Services & Agencies,it-services-agencies,4,Residential & Small Business IT Support,residential-small-business-it-support,32,Printer Setup at Home,printer-setup-at-home,,,,
IT Services & Agencies,it-services-agencies,4,Residential & Small Business IT Support,residential-small-business-it-support,33,File Backup Setup at Home,file-backup-setup-at-home,,,,
IT Services & Agencies,it-services-agencies,5,Managed IT Services Providers (MSPs),managed-it-services-providers-msps,1,Managed IT Services for Small Business,managed-it-services-for-small-business,1,DR Services,Disaster Recovery Planning,dr-services-disaster-recovery-planning
IT Services & Agencies,it-services-agencies,5,Managed IT Services Providers (MSPs),managed-it-services-providers-msps,1,Managed IT Services for Small Business,managed-it-services-for-small-business,2,DR Services,Business Continuity Plan,dr-services-business-continuity-plan
IT Services & Agencies,it-services-agencies,5,Managed IT Services Providers (MSPs),managed-it-services-providers-msps,1,Managed IT Services for Small Business,managed-it-services-for-small-business,3,DR Services,Backup & Recovery,dr-services-backup-recovery
IT Services & Agencies,it-services-agencies,5,Managed IT Services Providers (MSPs),managed-it-services-providers-msps,1,Managed IT Services for Small Business,managed-it-services-for-small-business,4,DR Services,Data Replication,dr-services-data-replication
IT Services & Agencies,it-services-agencies,5,Managed IT Services Providers (MSPs),managed-it-services-providers-msps,1,Managed IT Services for Small Business,managed-it-services-for-small-business,5,DR Services,Failover Setup,dr-services-failover-setup
IT Services & Agencies,it-services-agencies,5,Managed IT Services Providers (MSPs),managed-it-services-providers-msps,1,Managed IT Services for Small Business,managed-it-services-for-small-business,6,DR Services,RTO/RPO Planning,dr-services-rto-rpo-planning
IT Services & Agencies,it-services-agencies,5,Managed IT Services Providers (MSPs),managed-it-services-providers-msps,1,Managed IT Services for Small Business,managed-it-services-for-small-business,7,DR Services,Tabletop Exercises,dr-services-tabletop-exercises
IT Services & Agencies,it-services-agencies,5,Managed IT Services Providers (MSPs),managed-it-services-providers-msps,1,Managed IT Services for Small Business,managed-it-services-for-small-business,8,DR Services,Recovery Testing,dr-services-recovery-testing
IT Services & Agencies,it-services-agencies,5,Managed IT Services Providers (MSPs),managed-it-services-providers-msps,1,Managed IT Services for Small Business,managed-it-services-for-small-business,9,DR Services,Crisis Communication,dr-services-crisis-communication
IT Services & Agencies,it-services-agencies,5,Managed IT Services Providers (MSPs),managed-it-services-providers-msps,1,Managed IT Services for Small Business,managed-it-services-for-small-business,10,DR Services,Incident Response Setup,dr-services-incident-response-setup
IT Services & Agencies,it-services-agencies,5,Managed IT Services Providers (MSPs),managed-it-services-providers-msps,1,Managed IT Services for Small Business,managed-it-services-for-small-business,11,Managed IT,Managed IT Services,managed-it-managed-it-services
IT Services & Agencies,it-services-agencies,5,Managed IT Services Providers (MSPs),managed-it-services-providers-msps,1,Managed IT Services for Small Business,managed-it-services-for-small-business,12,Managed IT,Network Management,managed-it-network-management
IT Services & Agencies,it-services-agencies,5,Managed IT Services Providers (MSPs),managed-it-services-providers-msps,1,Managed IT Services for Small Business,managed-it-services-for-small-business,13,Managed IT,Server Management,managed-it-server-management
IT Services & Agencies,it-services-agencies,5,Managed IT Services Providers (MSPs),managed-it-services-providers-msps,1,Managed IT Services for Small Business,managed-it-services-for-small-business,14,Managed IT,IT Asset Management,managed-it-it-asset-management
IT Services & Agencies,it-services-agencies,5,Managed IT Services Providers (MSPs),managed-it-services-providers-msps,1,Managed IT Services for Small Business,managed-it-services-for-small-business,15,Cloud Management,AWS Management,cloud-management-aws-management
IT Services & Agencies,it-services-agencies,5,Managed IT Services Providers (MSPs),managed-it-services-providers-msps,1,Managed IT Services for Small Business,managed-it-services-for-small-business,16,Cloud Management,Azure Management,cloud-management-azure-management
IT Services & Agencies,it-services-agencies,5,Managed IT Services Providers (MSPs),managed-it-services-providers-msps,1,Managed IT Services for Small Business,managed-it-services-for-small-business,17,Cloud Management,GCP Management,cloud-management-gcp-management
IT Services & Agencies,it-services-agencies,5,Managed IT Services Providers (MSPs),managed-it-services-providers-msps,1,Managed IT Services for Small Business,managed-it-services-for-small-business,18,Cloud Management,Cloud Cost Management,cloud-management-cloud-cost-management
IT Services & Agencies,it-services-agencies,5,Managed IT Services Providers (MSPs),managed-it-services-providers-msps,1,Managed IT Services for Small Business,managed-it-services-for-small-business,19,Cloud Management,Cloud Security Management,cloud-management-cloud-security-management
IT Services & Agencies,it-services-agencies,5,Managed IT Services Providers (MSPs),managed-it-services-providers-msps,1,Managed IT Services for Small Business,managed-it-services-for-small-business,20,Cloud Management,Cloud Disaster Recovery,cloud-management-cloud-disaster-recovery
IT Services & Agencies,it-services-agencies,5,Managed IT Services Providers (MSPs),managed-it-services-providers-msps,1,Managed IT Services for Small Business,managed-it-services-for-small-business,21,Cloud Management,Cloud Compliance,cloud-management-cloud-compliance
IT Services & Agencies,it-services-agencies,5,Managed IT Services Providers (MSPs),managed-it-services-providers-msps,1,Managed IT Services for Small Business,managed-it-services-for-small-business,22,Cloud Management,Cloud Performance,cloud-management-cloud-performance
IT Services & Agencies,it-services-agencies,5,Managed IT Services Providers (MSPs),managed-it-services-providers-msps,1,Managed IT Services for Small Business,managed-it-services-for-small-business,23,Hosting Services,Managed WordPress,hosting-services-managed-wordpress
IT Services & Agencies,it-services-agencies,5,Managed IT Services Providers (MSPs),managed-it-services-providers-msps,1,Managed IT Services for Small Business,managed-it-services-for-small-business,24,Hosting Services,Managed Kubernetes,hosting-services-managed-kubernetes
IT Services & Agencies,it-services-agencies,5,Managed IT Services Providers (MSPs),managed-it-services-providers-msps,1,Managed IT Services for Small Business,managed-it-services-for-small-business,25,Hosting Services,Managed Database,hosting-services-managed-database
IT Services & Agencies,it-services-agencies,5,Managed IT Services Providers (MSPs),managed-it-services-providers-msps,1,Managed IT Services for Small Business,managed-it-services-for-small-business,26,Hosting Services,Managed Security,hosting-services-managed-security
IT Services & Agencies,it-services-agencies,5,Managed IT Services Providers (MSPs),managed-it-services-providers-msps,1,Managed IT Services for Small Business,managed-it-services-for-small-business,27,Hosting Services,CDN Services,hosting-services-cdn-services
IT Services & Agencies,it-services-agencies,5,Managed IT Services Providers (MSPs),managed-it-services-providers-msps,1,Managed IT Services for Small Business,managed-it-services-for-small-business,28,Hosting Services,DNS Management,hosting-services-dns-management
IT Services & Agencies,it-services-agencies,5,Managed IT Services Providers (MSPs),managed-it-services-providers-msps,1,Managed IT Services for Small Business,managed-it-services-for-small-business,29,Hosting Services,SSL Certificate Management,hosting-services-ssl-certificate-management
IT Services & Agencies,it-services-agencies,5,Managed IT Services Providers (MSPs),managed-it-services-providers-msps,1,Managed IT Services for Small Business,managed-it-services-for-small-business,30,Hosting Services,Domain Management,hosting-services-domain-management
IT Services & Agencies,it-services-agencies,5,Managed IT Services Providers (MSPs),managed-it-services-providers-msps,1,Managed IT Services for Small Business,managed-it-services-for-small-business,31,Security Services Managed,Managed SOC,security-services-managed-managed-soc
IT Services & Agencies,it-services-agencies,5,Managed IT Services Providers (MSPs),managed-it-services-providers-msps,1,Managed IT Services for Small Business,managed-it-services-for-small-business,32,Security Services Managed,Managed SIEM,security-services-managed-managed-siem
IT Services & Agencies,it-services-agencies,5,Managed IT Services Providers (MSPs),managed-it-services-providers-msps,1,Managed IT Services for Small Business,managed-it-services-for-small-business,33,Security Services Managed,Managed EDR,security-services-managed-managed-edr
IT Services & Agencies,it-services-agencies,5,Managed IT Services Providers (MSPs),managed-it-services-providers-msps,1,Managed IT Services for Small Business,managed-it-services-for-small-business,34,Security Services Managed,Managed Firewall,security-services-managed-managed-firewall
IT Services & Agencies,it-services-agencies,5,Managed IT Services Providers (MSPs),managed-it-services-providers-msps,1,Managed IT Services for Small Business,managed-it-services-for-small-business,35,Security Services Managed,Managed VPN,security-services-managed-managed-vpn
IT Services & Agencies,it-services-agencies,5,Managed IT Services Providers (MSPs),managed-it-services-providers-msps,1,Managed IT Services for Small Business,managed-it-services-for-small-business,36,Security Services Managed,Managed Email Security,security-services-managed-managed-email-security
IT Services & Agencies,it-services-agencies,5,Managed IT Services Providers (MSPs),managed-it-services-providers-msps,1,Managed IT Services for Small Business,managed-it-services-for-small-business,37,Security Services Managed,Managed DLP,security-services-managed-managed-dlp
IT Services & Agencies,it-services-agencies,5,Managed IT Services Providers (MSPs),managed-it-services-providers-msps,1,Managed IT Services for Small Business,managed-it-services-for-small-business,38,Security Services Managed,Vulnerability Scanning,security-services-managed-vulnerability-scanning
IT Services & Agencies,it-services-agencies,5,Managed IT Services Providers (MSPs),managed-it-services-providers-msps,1,Managed IT Services for Small Business,managed-it-services-for-small-business,39,Security Services Managed,Threat Hunting,security-services-managed-threat-hunting
IT Services & Agencies,it-services-agencies,5,Managed IT Services Providers (MSPs),managed-it-services-providers-msps,1,Managed IT Services for Small Business,managed-it-services-for-small-business,40,Database Administration,Redis Management,database-administration-redis-management
IT Services & Agencies,it-services-agencies,5,Managed IT Services Providers (MSPs),managed-it-services-providers-msps,1,Managed IT Services for Small Business,managed-it-services-for-small-business,41,Database Administration,DynamoDB Management,database-administration-dynamodb-management
IT Services & Agencies,it-services-agencies,5,Managed IT Services Providers (MSPs),managed-it-services-providers-msps,2,Managed IT Services for Mid-Market,managed-it-services-for-mid-market,,,,
IT Services & Agencies,it-services-agencies,5,Managed IT Services Providers (MSPs),managed-it-services-providers-msps,3,Enterprise Managed IT Services,enterprise-managed-it-services,,,,
IT Services & Agencies,it-services-agencies,5,Managed IT Services Providers (MSPs),managed-it-services-providers-msps,4,Industry-Specific Managed IT Providers,industry-specific-managed-it-providers,,,,
IT Services & Agencies,it-services-agencies,5,Managed IT Services Providers (MSPs),managed-it-services-providers-msps,5,Healthcare Managed IT Providers,healthcare-managed-it-providers,,,,
IT Services & Agencies,it-services-agencies,5,Managed IT Services Providers (MSPs),managed-it-services-providers-msps,6,Legal Managed IT Providers,legal-managed-it-providers,,,,
IT Services & Agencies,it-services-agencies,5,Managed IT Services Providers (MSPs),managed-it-services-providers-msps,7,Financial Services Managed IT,financial-services-managed-it,,,,
IT Services & Agencies,it-services-agencies,5,Managed IT Services Providers (MSPs),managed-it-services-providers-msps,8,Manufacturing Managed IT Providers,manufacturing-managed-it-providers,,,,
IT Services & Agencies,it-services-agencies,5,Managed IT Services Providers (MSPs),managed-it-services-providers-msps,9,Construction Managed IT Providers,construction-managed-it-providers,,,,
IT Services & Agencies,it-services-agencies,5,Managed IT Services Providers (MSPs),managed-it-services-providers-msps,10,Nonprofit Managed IT Providers,nonprofit-managed-it-providers,,,,
IT Services & Agencies,it-services-agencies,5,Managed IT Services Providers (MSPs),managed-it-services-providers-msps,11,Retail Managed IT Providers,retail-managed-it-providers,,,,
IT Services & Agencies,it-services-agencies,5,Managed IT Services Providers (MSPs),managed-it-services-providers-msps,12,Hospitality Managed IT Providers,hospitality-managed-it-providers,,,,
IT Services & Agencies,it-services-agencies,5,Managed IT Services Providers (MSPs),managed-it-services-providers-msps,13,Real Estate Managed IT Providers,real-estate-managed-it-providers,,,,
IT Services & Agencies,it-services-agencies,5,Managed IT Services Providers (MSPs),managed-it-services-providers-msps,14,Education Managed IT Providers,education-managed-it-providers,,,,
IT Services & Agencies,it-services-agencies,5,Managed IT Services Providers (MSPs),managed-it-services-providers-msps,15,Co-Managed IT Services,co-managed-it-services,,,,
IT Services & Agencies,it-services-agencies,5,Managed IT Services Providers (MSPs),managed-it-services-providers-msps,16,After-Hours IT Support Providers,after-hours-it-support-providers,1,Managed IT,On-Site IT Support,managed-it-on-site-it-support
IT Services & Agencies,it-services-agencies,5,Managed IT Services Providers (MSPs),managed-it-services-providers-msps,16,After-Hours IT Support Providers,after-hours-it-support-providers,2,Managed IT,IT Helpdesk,managed-it-it-helpdesk
IT Services & Agencies,it-services-agencies,5,Managed IT Services Providers (MSPs),managed-it-services-providers-msps,16,After-Hours IT Support Providers,after-hours-it-support-providers,3,Managed IT,Desktop Support,managed-it-desktop-support
IT Services & Agencies,it-services-agencies,5,Managed IT Services Providers (MSPs),managed-it-services-providers-msps,16,After-Hours IT Support Providers,after-hours-it-support-providers,4,Managed IT,IT Procurement,managed-it-it-procurement
IT Services & Agencies,it-services-agencies,5,Managed IT Services Providers (MSPs),managed-it-services-providers-msps,16,After-Hours IT Support Providers,after-hours-it-support-providers,5,Managed IT,Disaster Recovery,managed-it-disaster-recovery
IT Services & Agencies,it-services-agencies,5,Managed IT Services Providers (MSPs),managed-it-services-providers-msps,16,After-Hours IT Support Providers,after-hours-it-support-providers,6,IT Staffing,Staff Augmentation,it-staffing-staff-augmentation
IT Services & Agencies,it-services-agencies,5,Managed IT Services Providers (MSPs),managed-it-services-providers-msps,16,After-Hours IT Support Providers,after-hours-it-support-providers,7,IT Staffing,Dedicated Teams,it-staffing-dedicated-teams
IT Services & Agencies,it-services-agencies,5,Managed IT Services Providers (MSPs),managed-it-services-providers-msps,16,After-Hours IT Support Providers,after-hours-it-support-providers,8,IT Staffing,Project-Based Staffing,it-staffing-project-based-staffing
IT Services & Agencies,it-services-agencies,5,Managed IT Services Providers (MSPs),managed-it-services-providers-msps,16,After-Hours IT Support Providers,after-hours-it-support-providers,9,IT Staffing,Temp-to-Hire,it-staffing-temp-to-hire
IT Services & Agencies,it-services-agencies,5,Managed IT Services Providers (MSPs),managed-it-services-providers-msps,16,After-Hours IT Support Providers,after-hours-it-support-providers,10,IT Staffing,Executive Search IT,it-staffing-executive-search-it
IT Services & Agencies,it-services-agencies,5,Managed IT Services Providers (MSPs),managed-it-services-providers-msps,16,After-Hours IT Support Providers,after-hours-it-support-providers,11,IT Staffing,Remote Team Building,it-staffing-remote-team-building
IT Services & Agencies,it-services-agencies,5,Managed IT Services Providers (MSPs),managed-it-services-providers-msps,16,After-Hours IT Support Providers,after-hours-it-support-providers,12,IT Staffing,Nearshore Staffing,it-staffing-nearshore-staffing
IT Services & Agencies,it-services-agencies,5,Managed IT Services Providers (MSPs),managed-it-services-providers-msps,16,After-Hours IT Support Providers,after-hours-it-support-providers,13,IT Staffing,Offshore Development,it-staffing-offshore-development
IT Services & Agencies,it-services-agencies,5,Managed IT Services Providers (MSPs),managed-it-services-providers-msps,16,After-Hours IT Support Providers,after-hours-it-support-providers,14,IT Staffing,Freelance Marketplace,it-staffing-freelance-marketplace
IT Services & Agencies,it-services-agencies,5,Managed IT Services Providers (MSPs),managed-it-services-providers-msps,16,After-Hours IT Support Providers,after-hours-it-support-providers,15,IT Staffing,Contract-to-Hire,it-staffing-contract-to-hire
IT Services & Agencies,it-services-agencies,5,Managed IT Services Providers (MSPs),managed-it-services-providers-msps,17,24x7 IT Help Desk Outsourcing,24x7-it-help-desk-outsourcing,,,,
IT Services & Agencies,it-services-agencies,5,Managed IT Services Providers (MSPs),managed-it-services-providers-msps,18,Tier 1 Help Desk Outsourcing,tier-1-help-desk-outsourcing,,,,
IT Services & Agencies,it-services-agencies,5,Managed IT Services Providers (MSPs),managed-it-services-providers-msps,19,Outsourced IT Department Services,outsourced-it-department-services,,,,
IT Services & Agencies,it-services-agencies,5,Managed IT Services Providers (MSPs),managed-it-services-providers-msps,20,Virtual CIO Services,virtual-cio-services,,,,
IT Services & Agencies,it-services-agencies,5,Managed IT Services Providers (MSPs),managed-it-services-providers-msps,21,Virtual CTO Services,virtual-cto-services,,,,
IT Services & Agencies,it-services-agencies,5,Managed IT Services Providers (MSPs),managed-it-services-providers-msps,22,Fractional CIO Services,fractional-cio-services,1,Part-Time Executives,Fractional CIO,part-time-executives-fractional-cio
IT Services & Agencies,it-services-agencies,5,Managed IT Services Providers (MSPs),managed-it-services-providers-msps,23,Fractional CTO Services,fractional-cto-services,1,Part-Time Executives,Fractional CTO,part-time-executives-fractional-cto
IT Services & Agencies,it-services-agencies,5,Managed IT Services Providers (MSPs),managed-it-services-providers-msps,24,IT Strategy Consulting,it-strategy-consulting,,,,
IT Services & Agencies,it-services-agencies,5,Managed IT Services Providers (MSPs),managed-it-services-providers-msps,25,IT Roadmap Planning Services,it-roadmap-planning-services,,,,
IT Services & Agencies,it-services-agencies,5,Managed IT Services Providers (MSPs),managed-it-services-providers-msps,26,IT Budget Planning Services,it-budget-planning-services,,,,
IT Services & Agencies,it-services-agencies,5,Managed IT Services Providers (MSPs),managed-it-services-providers-msps,27,IT Vendor Management Services,it-vendor-management-services,1,Technology Selection,CRM Selection,technology-selection-crm-selection
IT Services & Agencies,it-services-agencies,5,Managed IT Services Providers (MSPs),managed-it-services-providers-msps,27,IT Vendor Management Services,it-vendor-management-services,2,Technology Selection,ERP Selection,technology-selection-erp-selection
IT Services & Agencies,it-services-agencies,5,Managed IT Services Providers (MSPs),managed-it-services-providers-msps,27,IT Vendor Management Services,it-vendor-management-services,3,Technology Selection,HRIS Selection,technology-selection-hris-selection
IT Services & Agencies,it-services-agencies,5,Managed IT Services Providers (MSPs),managed-it-services-providers-msps,27,IT Vendor Management Services,it-vendor-management-services,4,Technology Selection,LMS Selection,technology-selection-lms-selection
IT Services & Agencies,it-services-agencies,5,Managed IT Services Providers (MSPs),managed-it-services-providers-msps,27,IT Vendor Management Services,it-vendor-management-services,5,Technology Selection,CMS Selection,technology-selection-cms-selection
IT Services & Agencies,it-services-agencies,5,Managed IT Services Providers (MSPs),managed-it-services-providers-msps,27,IT Vendor Management Services,it-vendor-management-services,6,Technology Selection,Marketing Platform Selection,technology-selection-marketing-platform-selection
IT Services & Agencies,it-services-agencies,5,Managed IT Services Providers (MSPs),managed-it-services-providers-msps,27,IT Vendor Management Services,it-vendor-management-services,7,Technology Selection,Analytics Tool Selection,technology-selection-analytics-tool-selection
IT Services & Agencies,it-services-agencies,5,Managed IT Services Providers (MSPs),managed-it-services-providers-msps,27,IT Vendor Management Services,it-vendor-management-services,8,Technology Selection,Security Tool Selection,technology-selection-security-tool-selection
IT Services & Agencies,it-services-agencies,5,Managed IT Services Providers (MSPs),managed-it-services-providers-msps,27,IT Vendor Management Services,it-vendor-management-services,9,Technology Selection,Communication Tool Selection,technology-selection-communication-tool-selection
IT Services & Agencies,it-services-agencies,5,Managed IT Services Providers (MSPs),managed-it-services-providers-msps,27,IT Vendor Management Services,it-vendor-management-services,10,Technology Selection,Project Management Selection,technology-selection-project-management-selection
IT Services & Agencies,it-services-agencies,5,Managed IT Services Providers (MSPs),managed-it-services-providers-msps,28,IT Procurement Services,it-procurement-services,,,,
IT Services & Agencies,it-services-agencies,5,Managed IT Services Providers (MSPs),managed-it-services-providers-msps,29,Hardware Lifecycle Management Services,hardware-lifecycle-management-services,,,,
IT Services & Agencies,it-services-agencies,5,Managed IT Services Providers (MSPs),managed-it-services-providers-msps,30,Asset Inventory Services,asset-inventory-services,,,,
IT Services & Agencies,it-services-agencies,5,Managed IT Services Providers (MSPs),managed-it-services-providers-msps,31,Patch Management Services,patch-management-services,,,,
IT Services & Agencies,it-services-agencies,5,Managed IT Services Providers (MSPs),managed-it-services-providers-msps,32,Endpoint Management Services,endpoint-management-services,,,,
IT Services & Agencies,it-services-agencies,5,Managed IT Services Providers (MSPs),managed-it-services-providers-msps,33,Mobile Device Management Services,mobile-device-management-services,,,,
IT Services & Agencies,it-services-agencies,5,Managed IT Services Providers (MSPs),managed-it-services-providers-msps,34,Remote Monitoring & Management Providers,remote-monitoring-management-providers,1,Managed IT,Remote IT Support,managed-it-remote-it-support
IT Services & Agencies,it-services-agencies,5,Managed IT Services Providers (MSPs),managed-it-services-providers-msps,34,Remote Monitoring & Management Providers,remote-monitoring-management-providers,2,Security Services Managed,Security Monitoring 24/7,security-services-managed-security-monitoring-24-7
IT Services & Agencies,it-services-agencies,5,Managed IT Services Providers (MSPs),managed-it-services-providers-msps,35,Backup Monitoring Services,backup-monitoring-services,,,,
IT Services & Agencies,it-services-agencies,5,Managed IT Services Providers (MSPs),managed-it-services-providers-msps,36,Office 365 Migration Services,office-365-migration-services,,,,
IT Services & Agencies,it-services-agencies,5,Managed IT Services Providers (MSPs),managed-it-services-providers-msps,37,Google Workspace Migration Services,google-workspace-migration-services,,,,
IT Services & Agencies,it-services-agencies,5,Managed IT Services Providers (MSPs),managed-it-services-providers-msps,38,Email Migration Services,email-migration-services,1,Hosting Services,Email Hosting,hosting-services-email-hosting
IT Services & Agencies,it-services-agencies,5,Managed IT Services Providers (MSPs),managed-it-services-providers-msps,38,Email Migration Services,email-migration-services,2,Platform Migration,Email Platform Migration,platform-migration-email-platform-migration
IT Services & Agencies,it-services-agencies,5,Managed IT Services Providers (MSPs),managed-it-services-providers-msps,39,Server Migration Services,server-migration-services,,,,
IT Services & Agencies,it-services-agencies,6,Cybersecurity Services & Consulting,cybersecurity-services-consulting,1,Cybersecurity Consulting Firms,cybersecurity-consulting-firms,,,,
IT Services & Agencies,it-services-agencies,6,Cybersecurity Services & Consulting,cybersecurity-services-consulting,2,Virtual CISO Services,virtual-ciso-services,,,,
IT Services & Agencies,it-services-agencies,6,Cybersecurity Services & Consulting,cybersecurity-services-consulting,3,Fractional CISO Services,fractional-ciso-services,1,Part-Time Executives,Fractional CISO,part-time-executives-fractional-ciso
IT Services & Agencies,it-services-agencies,6,Cybersecurity Services & Consulting,cybersecurity-services-consulting,3,Fractional CISO Services,fractional-ciso-services,2,Part-Time Executives,Fractional CDO,part-time-executives-fractional-cdo
IT Services & Agencies,it-services-agencies,6,Cybersecurity Services & Consulting,cybersecurity-services-consulting,3,Fractional CISO Services,fractional-ciso-services,3,Part-Time Executives,Fractional CPO,part-time-executives-fractional-cpo
IT Services & Agencies,it-services-agencies,6,Cybersecurity Services & Consulting,cybersecurity-services-consulting,3,Fractional CISO Services,fractional-ciso-services,4,Part-Time Executives,Fractional Head of Data,part-time-executives-fractional-head-of-data
IT Services & Agencies,it-services-agencies,6,Cybersecurity Services & Consulting,cybersecurity-services-consulting,3,Fractional CISO Services,fractional-ciso-services,5,Part-Time Executives,Fractional DevOps Lead,part-time-executives-fractional-devops-lead
IT Services & Agencies,it-services-agencies,6,Cybersecurity Services & Consulting,cybersecurity-services-consulting,3,Fractional CISO Services,fractional-ciso-services,6,Part-Time Executives,Fractional QA Lead,part-time-executives-fractional-qa-lead
IT Services & Agencies,it-services-agencies,6,Cybersecurity Services & Consulting,cybersecurity-services-consulting,3,Fractional CISO Services,fractional-ciso-services,7,Part-Time Executives,Fractional Architect,part-time-executives-fractional-architect
IT Services & Agencies,it-services-agencies,6,Cybersecurity Services & Consulting,cybersecurity-services-consulting,4,Cyber Risk Assessment Services,cyber-risk-assessment-services,,,,
IT Services & Agencies,it-services-agencies,6,Cybersecurity Services & Consulting,cybersecurity-services-consulting,5,Penetration Testing Companies,penetration-testing-companies,,,,
IT Services & Agencies,it-services-agencies,6,Cybersecurity Services & Consulting,cybersecurity-services-consulting,6,Red Team Engagement Services,red-team-engagement-services,1,Security Services,Red Team / Blue Team,security-services-red-team-blue-team
IT Services & Agencies,it-services-agencies,6,Cybersecurity Services & Consulting,cybersecurity-services-consulting,7,Blue Team Engagement Services,blue-team-engagement-services,,,,
IT Services & Agencies,it-services-agencies,6,Cybersecurity Services & Consulting,cybersecurity-services-consulting,8,Purple Team Exercise Services,purple-team-exercise-services,,,,
IT Services & Agencies,it-services-agencies,6,Cybersecurity Services & Consulting,cybersecurity-services-consulting,9,Web App Pen Testing Services,web-app-pen-testing-services,,,,
IT Services & Agencies,it-services-agencies,6,Cybersecurity Services & Consulting,cybersecurity-services-consulting,10,Mobile App Pen Testing Services,mobile-app-pen-testing-services,,,,
IT Services & Agencies,it-services-agencies,6,Cybersecurity Services & Consulting,cybersecurity-services-consulting,11,Network Pen Testing Services,network-pen-testing-services,,,,
IT Services & Agencies,it-services-agencies,6,Cybersecurity Services & Consulting,cybersecurity-services-consulting,12,Wireless Pen Testing Services,wireless-pen-testing-services,,,,
IT Services & Agencies,it-services-agencies,6,Cybersecurity Services & Consulting,cybersecurity-services-consulting,13,Social Engineering Test Services,social-engineering-test-services,,,,
IT Services & Agencies,it-services-agencies,6,Cybersecurity Services & Consulting,cybersecurity-services-consulting,14,Physical Security Testing Services,physical-security-testing-services,1,Security Services,Security Assessment,security-services-security-assessment
IT Services & Agencies,it-services-agencies,6,Cybersecurity Services & Consulting,cybersecurity-services-consulting,14,Physical Security Testing Services,physical-security-testing-services,2,Security Services,Penetration Testing,security-services-penetration-testing
IT Services & Agencies,it-services-agencies,6,Cybersecurity Services & Consulting,cybersecurity-services-consulting,14,Physical Security Testing Services,physical-security-testing-services,3,Security Services,Security Architecture,security-services-security-architecture
IT Services & Agencies,it-services-agencies,6,Cybersecurity Services & Consulting,cybersecurity-services-consulting,14,Physical Security Testing Services,physical-security-testing-services,4,Security Services,SOC Setup,security-services-soc-setup
IT Services & Agencies,it-services-agencies,6,Cybersecurity Services & Consulting,cybersecurity-services-consulting,14,Physical Security Testing Services,physical-security-testing-services,5,Security Services,Disaster Recovery,security-services-disaster-recovery
IT Services & Agencies,it-services-agencies,6,Cybersecurity Services & Consulting,cybersecurity-services-consulting,15,Vulnerability Assessment Services,vulnerability-assessment-services,,,,
IT Services & Agencies,it-services-agencies,6,Cybersecurity Services & Consulting,cybersecurity-services-consulting,16,Security Audit Services,security-audit-services,,,,
IT Services & Agencies,it-services-agencies,6,Cybersecurity Services & Consulting,cybersecurity-services-consulting,17,SOC 2 Audit Preparation Services,soc-2-audit-preparation-services,,,,
IT Services & Agencies,it-services-agencies,6,Cybersecurity Services & Consulting,cybersecurity-services-consulting,18,ISO 27001 Consulting Firms,iso-27001-consulting-firms,1,Compliance,ISO 27001,compliance-iso-27001
IT Services & Agencies,it-services-agencies,6,Cybersecurity Services & Consulting,cybersecurity-services-consulting,19,PCI DSS Compliance Consulting,pci-dss-compliance-consulting,1,Compliance,SOC 2 Consulting,compliance-soc-2-consulting
IT Services & Agencies,it-services-agencies,6,Cybersecurity Services & Consulting,cybersecurity-services-consulting,19,PCI DSS Compliance Consulting,pci-dss-compliance-consulting,2,Compliance,HIPAA Consulting,compliance-hipaa-consulting
IT Services & Agencies,it-services-agencies,6,Cybersecurity Services & Consulting,cybersecurity-services-consulting,19,PCI DSS Compliance Consulting,pci-dss-compliance-consulting,3,Compliance,PCI DSS,compliance-pci-dss
IT Services & Agencies,it-services-agencies,6,Cybersecurity Services & Consulting,cybersecurity-services-consulting,19,PCI DSS Compliance Consulting,pci-dss-compliance-consulting,4,Compliance,FedRAMP,compliance-fedramp
IT Services & Agencies,it-services-agencies,6,Cybersecurity Services & Consulting,cybersecurity-services-consulting,19,PCI DSS Compliance Consulting,pci-dss-compliance-consulting,5,Compliance,CMMC,compliance-cmmc
IT Services & Agencies,it-services-agencies,6,Cybersecurity Services & Consulting,cybersecurity-services-consulting,19,PCI DSS Compliance Consulting,pci-dss-compliance-consulting,6,Compliance,Industry-Specific Compliance,compliance-industry-specific-compliance
IT Services & Agencies,it-services-agencies,6,Cybersecurity Services & Consulting,cybersecurity-services-consulting,20,HIPAA Security Consulting,hipaa-security-consulting,,,,
IT Services & Agencies,it-services-agencies,6,Cybersecurity Services & Consulting,cybersecurity-services-consulting,21,NIST Compliance Consulting,nist-compliance-consulting,1,Compliance,NIST Framework,compliance-nist-framework
IT Services & Agencies,it-services-agencies,6,Cybersecurity Services & Consulting,cybersecurity-services-consulting,22,GDPR Compliance Consulting,gdpr-compliance-consulting,1,Compliance,GDPR Consulting,compliance-gdpr-consulting
IT Services & Agencies,it-services-agencies,6,Cybersecurity Services & Consulting,cybersecurity-services-consulting,23,CCPA Compliance Consulting,ccpa-compliance-consulting,1,Compliance,CCPA Compliance,compliance-ccpa-compliance
IT Services & Agencies,it-services-agencies,6,Cybersecurity Services & Consulting,cybersecurity-services-consulting,24,CMMC Consulting Services,cmmc-consulting-services,,,,
IT Services & Agencies,it-services-agencies,6,Cybersecurity Services & Consulting,cybersecurity-services-consulting,25,FedRAMP Consulting Services,fedramp-consulting-services,,,,
IT Services & Agencies,it-services-agencies,6,Cybersecurity Services & Consulting,cybersecurity-services-consulting,26,Cyber Insurance Readiness Services,cyber-insurance-readiness-services,,,,
IT Services & Agencies,it-services-agencies,6,Cybersecurity Services & Consulting,cybersecurity-services-consulting,27,Tabletop Exercise Facilitators,tabletop-exercise-facilitators,,,,
IT Services & Agencies,it-services-agencies,6,Cybersecurity Services & Consulting,cybersecurity-services-consulting,28,Incident Response Retainer Services,incident-response-retainer-services,1,Security Services,Incident Response Planning,security-services-incident-response-planning
IT Services & Agencies,it-services-agencies,6,Cybersecurity Services & Consulting,cybersecurity-services-consulting,29,Digital Forensics Services,digital-forensics-services,1,Innovation Consulting,Digital Twin Advisory,innovation-consulting-digital-twin-advisory
IT Services & Agencies,it-services-agencies,6,Cybersecurity Services & Consulting,cybersecurity-services-consulting,30,Malware Analysis Services,malware-analysis-services,,,,
IT Services & Agencies,it-services-agencies,6,Cybersecurity Services & Consulting,cybersecurity-services-consulting,31,Ransomware Negotiation Services,ransomware-negotiation-services,,,,
IT Services & Agencies,it-services-agencies,6,Cybersecurity Services & Consulting,cybersecurity-services-consulting,32,Ransomware Recovery Specialists,ransomware-recovery-specialists,,,,
IT Services & Agencies,it-services-agencies,6,Cybersecurity Services & Consulting,cybersecurity-services-consulting,33,Dark Web Monitoring Services,dark-web-monitoring-services,,,,
IT Services & Agencies,it-services-agencies,6,Cybersecurity Services & Consulting,cybersecurity-services-consulting,34,Threat Hunting Services,threat-hunting-services,,,,
IT Services & Agencies,it-services-agencies,6,Cybersecurity Services & Consulting,cybersecurity-services-consulting,35,Managed SOC Providers,managed-soc-providers,,,,
IT Services & Agencies,it-services-agencies,6,Cybersecurity Services & Consulting,cybersecurity-services-consulting,36,Managed Detection & Response Providers,managed-detection-response-providers,,,,
IT Services & Agencies,it-services-agencies,6,Cybersecurity Services & Consulting,cybersecurity-services-consulting,37,Managed XDR Providers,managed-xdr-providers,,,,
IT Services & Agencies,it-services-agencies,6,Cybersecurity Services & Consulting,cybersecurity-services-consulting,38,SIEM Implementation Services,siem-implementation-services,1,Security Services,SIEM Implementation,security-services-siem-implementation
IT Services & Agencies,it-services-agencies,6,Cybersecurity Services & Consulting,cybersecurity-services-consulting,39,Identity & Access Implementation Services,identity-access-implementation-services,,,,
IT Services & Agencies,it-services-agencies,6,Cybersecurity Services & Consulting,cybersecurity-services-consulting,40,Zero Trust Implementation Services,zero-trust-implementation-services,1,Security Services,Zero Trust Implementation,security-services-zero-trust-implementation
IT Services & Agencies,it-services-agencies,6,Cybersecurity Services & Consulting,cybersecurity-services-consulting,41,SASE Implementation Services,sase-implementation-services,,,,
IT Services & Agencies,it-services-agencies,6,Cybersecurity Services & Consulting,cybersecurity-services-consulting,42,Email Security Implementation,email-security-implementation,,,,
IT Services & Agencies,it-services-agencies,6,Cybersecurity Services & Consulting,cybersecurity-services-consulting,43,DMARC Setup Services,dmarc-setup-services,,,,
IT Services & Agencies,it-services-agencies,6,Cybersecurity Services & Consulting,cybersecurity-services-consulting,44,Phishing Simulation Services,phishing-simulation-services,,,,
IT Services & Agencies,it-services-agencies,6,Cybersecurity Services & Consulting,cybersecurity-services-consulting,45,Security Awareness Training Providers,security-awareness-training-providers,1,Security Services,Security Training,security-services-security-training
IT Services & Agencies,it-services-agencies,6,Cybersecurity Services & Consulting,cybersecurity-services-consulting,46,Cybersecurity Staffing Agencies,cybersecurity-staffing-agencies,,,,
IT Services & Agencies,it-services-agencies,7,"Cloud Migration, Hosting & Infrastructure Services",cloud-migration-hosting-infrastructure-services,1,AWS Cloud Migration Services,aws-cloud-migration-services,1,Platform Migration,Cloud Migration Service,platform-migration-cloud-migration-service
IT Services & Agencies,it-services-agencies,7,"Cloud Migration, Hosting & Infrastructure Services",cloud-migration-hosting-infrastructure-services,1,AWS Cloud Migration Services,aws-cloud-migration-services,2,Platform Migration,Database Migration,platform-migration-database-migration
IT Services & Agencies,it-services-agencies,7,"Cloud Migration, Hosting & Infrastructure Services",cloud-migration-hosting-infrastructure-services,1,AWS Cloud Migration Services,aws-cloud-migration-services,3,Platform Migration,CMS Migration,platform-migration-cms-migration
IT Services & Agencies,it-services-agencies,7,"Cloud Migration, Hosting & Infrastructure Services",cloud-migration-hosting-infrastructure-services,1,AWS Cloud Migration Services,aws-cloud-migration-services,4,Platform Migration,eCommerce Migration,platform-migration-ecommerce-migration
IT Services & Agencies,it-services-agencies,7,"Cloud Migration, Hosting & Infrastructure Services",cloud-migration-hosting-infrastructure-services,1,AWS Cloud Migration Services,aws-cloud-migration-services,5,Platform Migration,CRM Migration,platform-migration-crm-migration
IT Services & Agencies,it-services-agencies,7,"Cloud Migration, Hosting & Infrastructure Services",cloud-migration-hosting-infrastructure-services,1,AWS Cloud Migration Services,aws-cloud-migration-services,6,Platform Migration,Analytics Migration,platform-migration-analytics-migration
IT Services & Agencies,it-services-agencies,7,"Cloud Migration, Hosting & Infrastructure Services",cloud-migration-hosting-infrastructure-services,1,AWS Cloud Migration Services,aws-cloud-migration-services,7,Platform Migration,ERP Migration,platform-migration-erp-migration
IT Services & Agencies,it-services-agencies,7,"Cloud Migration, Hosting & Infrastructure Services",cloud-migration-hosting-infrastructure-services,1,AWS Cloud Migration Services,aws-cloud-migration-services,8,Platform Migration,LMS Migration,platform-migration-lms-migration
IT Services & Agencies,it-services-agencies,7,"Cloud Migration, Hosting & Infrastructure Services",cloud-migration-hosting-infrastructure-services,1,AWS Cloud Migration Services,aws-cloud-migration-services,9,Platform Migration,Marketing Automation Migration,platform-migration-marketing-automation-migration
IT Services & Agencies,it-services-agencies,7,"Cloud Migration, Hosting & Infrastructure Services",cloud-migration-hosting-infrastructure-services,2,Azure Cloud Migration Services,azure-cloud-migration-services,,,,
IT Services & Agencies,it-services-agencies,7,"Cloud Migration, Hosting & Infrastructure Services",cloud-migration-hosting-infrastructure-services,3,Google Cloud Migration Services,google-cloud-migration-services,,,,
IT Services & Agencies,it-services-agencies,7,"Cloud Migration, Hosting & Infrastructure Services",cloud-migration-hosting-infrastructure-services,4,Oracle Cloud Migration Services,oracle-cloud-migration-services,1,Database Administration,Oracle DBA,database-administration-oracle-dba
IT Services & Agencies,it-services-agencies,7,"Cloud Migration, Hosting & Infrastructure Services",cloud-migration-hosting-infrastructure-services,5,IBM Cloud Migration Services,ibm-cloud-migration-services,,,,
IT Services & Agencies,it-services-agencies,7,"Cloud Migration, Hosting & Infrastructure Services",cloud-migration-hosting-infrastructure-services,6,Multi-Cloud Strategy Consultants,multi-cloud-strategy-consultants,1,Cloud Strategy,Cloud Assessment,cloud-strategy-cloud-assessment
IT Services & Agencies,it-services-agencies,7,"Cloud Migration, Hosting & Infrastructure Services",cloud-migration-hosting-infrastructure-services,6,Multi-Cloud Strategy Consultants,multi-cloud-strategy-consultants,2,Cloud Strategy,Cloud Migration,cloud-strategy-cloud-migration
IT Services & Agencies,it-services-agencies,7,"Cloud Migration, Hosting & Infrastructure Services",cloud-migration-hosting-infrastructure-services,6,Multi-Cloud Strategy Consultants,multi-cloud-strategy-consultants,3,Cloud Strategy,Cloud Architecture,cloud-strategy-cloud-architecture
IT Services & Agencies,it-services-agencies,7,"Cloud Migration, Hosting & Infrastructure Services",cloud-migration-hosting-infrastructure-services,6,Multi-Cloud Strategy Consultants,multi-cloud-strategy-consultants,4,Cloud Strategy,Multi-Cloud Strategy,cloud-strategy-multi-cloud-strategy
IT Services & Agencies,it-services-agencies,7,"Cloud Migration, Hosting & Infrastructure Services",cloud-migration-hosting-infrastructure-services,6,Multi-Cloud Strategy Consultants,multi-cloud-strategy-consultants,5,Cloud Strategy,Hybrid Cloud,cloud-strategy-hybrid-cloud
IT Services & Agencies,it-services-agencies,7,"Cloud Migration, Hosting & Infrastructure Services",cloud-migration-hosting-infrastructure-services,6,Multi-Cloud Strategy Consultants,multi-cloud-strategy-consultants,6,Cloud Strategy,Cloud Cost Optimization,cloud-strategy-cloud-cost-optimization
IT Services & Agencies,it-services-agencies,7,"Cloud Migration, Hosting & Infrastructure Services",cloud-migration-hosting-infrastructure-services,6,Multi-Cloud Strategy Consultants,multi-cloud-strategy-consultants,7,Cloud Strategy,Cloud Security,cloud-strategy-cloud-security
IT Services & Agencies,it-services-agencies,7,"Cloud Migration, Hosting & Infrastructure Services",cloud-migration-hosting-infrastructure-services,6,Multi-Cloud Strategy Consultants,multi-cloud-strategy-consultants,8,Cloud Strategy,Cloud Compliance,cloud-strategy-cloud-compliance
IT Services & Agencies,it-services-agencies,7,"Cloud Migration, Hosting & Infrastructure Services",cloud-migration-hosting-infrastructure-services,6,Multi-Cloud Strategy Consultants,multi-cloud-strategy-consultants,9,Cloud Strategy,Cloud Training,cloud-strategy-cloud-training
IT Services & Agencies,it-services-agencies,7,"Cloud Migration, Hosting & Infrastructure Services",cloud-migration-hosting-infrastructure-services,6,Multi-Cloud Strategy Consultants,multi-cloud-strategy-consultants,10,Cloud Strategy,Cloud Support,cloud-strategy-cloud-support
IT Services & Agencies,it-services-agencies,7,"Cloud Migration, Hosting & Infrastructure Services",cloud-migration-hosting-infrastructure-services,6,Multi-Cloud Strategy Consultants,multi-cloud-strategy-consultants,11,Platform Expertise,Multi-Cloud Management,platform-expertise-multi-cloud-management
IT Services & Agencies,it-services-agencies,7,"Cloud Migration, Hosting & Infrastructure Services",cloud-migration-hosting-infrastructure-services,6,Multi-Cloud Strategy Consultants,multi-cloud-strategy-consultants,12,Cloud Management,Multi-Cloud,cloud-management-multi-cloud
IT Services & Agencies,it-services-agencies,7,"Cloud Migration, Hosting & Infrastructure Services",cloud-migration-hosting-infrastructure-services,7,Hybrid Cloud Consultants,hybrid-cloud-consultants,,,,
IT Services & Agencies,it-services-agencies,7,"Cloud Migration, Hosting & Infrastructure Services",cloud-migration-hosting-infrastructure-services,8,Cloud Cost Optimization Services,cloud-cost-optimization-services,,,,
IT Services & Agencies,it-services-agencies,7,"Cloud Migration, Hosting & Infrastructure Services",cloud-migration-hosting-infrastructure-services,9,FinOps Consulting Firms,finops-consulting-firms,,,,
IT Services & Agencies,it-services-agencies,7,"Cloud Migration, Hosting & Infrastructure Services",cloud-migration-hosting-infrastructure-services,10,Cloud Architecture Consulting,cloud-architecture-consulting,,,,
IT Services & Agencies,it-services-agencies,7,"Cloud Migration, Hosting & Infrastructure Services",cloud-migration-hosting-infrastructure-services,11,Cloud Native Development Services,cloud-native-development-services,,,,
IT Services & Agencies,it-services-agencies,7,"Cloud Migration, Hosting & Infrastructure Services",cloud-migration-hosting-infrastructure-services,12,Kubernetes Consulting Services,kubernetes-consulting-services,,,,
IT Services & Agencies,it-services-agencies,7,"Cloud Migration, Hosting & Infrastructure Services",cloud-migration-hosting-infrastructure-services,13,Container Orchestration Services,container-orchestration-services,,,,
IT Services & Agencies,it-services-agencies,7,"Cloud Migration, Hosting & Infrastructure Services",cloud-migration-hosting-infrastructure-services,14,Serverless Architecture Consulting,serverless-architecture-consulting,,,,
IT Services & Agencies,it-services-agencies,7,"Cloud Migration, Hosting & Infrastructure Services",cloud-migration-hosting-infrastructure-services,15,Microservices Migration Services,microservices-migration-services,,,,
IT Services & Agencies,it-services-agencies,7,"Cloud Migration, Hosting & Infrastructure Services",cloud-migration-hosting-infrastructure-services,16,Mainframe Modernization Services,mainframe-modernization-services,,,,
IT Services & Agencies,it-services-agencies,7,"Cloud Migration, Hosting & Infrastructure Services",cloud-migration-hosting-infrastructure-services,17,Legacy System Modernization Services,legacy-system-modernization-services,,,,
IT Services & Agencies,it-services-agencies,7,"Cloud Migration, Hosting & Infrastructure Services",cloud-migration-hosting-infrastructure-services,18,Application Refactoring Services,application-refactoring-services,,,,
IT Services & Agencies,it-services-agencies,7,"Cloud Migration, Hosting & Infrastructure Services",cloud-migration-hosting-infrastructure-services,19,Application Re-Platforming Services,application-re-platforming-services,,,,
IT Services & Agencies,it-services-agencies,7,"Cloud Migration, Hosting & Infrastructure Services",cloud-migration-hosting-infrastructure-services,20,Lift-and-Shift Migration Services,lift-and-shift-migration-services,,,,
IT Services & Agencies,it-services-agencies,7,"Cloud Migration, Hosting & Infrastructure Services",cloud-migration-hosting-infrastructure-services,21,Data Center Migration Services,data-center-migration-services,,,,
IT Services & Agencies,it-services-agencies,7,"Cloud Migration, Hosting & Infrastructure Services",cloud-migration-hosting-infrastructure-services,22,Data Center Decommissioning Services,data-center-decommissioning-services,,,,
IT Services & Agencies,it-services-agencies,7,"Cloud Migration, Hosting & Infrastructure Services",cloud-migration-hosting-infrastructure-services,23,Colocation Services,colocation-services,,,,
IT Services & Agencies,it-services-agencies,7,"Cloud Migration, Hosting & Infrastructure Services",cloud-migration-hosting-infrastructure-services,24,Managed Hosting Providers,managed-hosting-providers,1,Hosting Services,Managed Cloud Hosting,hosting-services-managed-cloud-hosting
IT Services & Agencies,it-services-agencies,7,"Cloud Migration, Hosting & Infrastructure Services",cloud-migration-hosting-infrastructure-services,25,WordPress Hosting Providers,wordpress-hosting-providers,,,,
IT Services & Agencies,it-services-agencies,7,"Cloud Migration, Hosting & Infrastructure Services",cloud-migration-hosting-infrastructure-services,26,Magento Hosting Providers,magento-hosting-providers,,,,
IT Services & Agencies,it-services-agencies,7,"Cloud Migration, Hosting & Infrastructure Services",cloud-migration-hosting-infrastructure-services,27,Shopify Plus Implementation Hosting,shopify-plus-implementation-hosting,,,,
IT Services & Agencies,it-services-agencies,7,"Cloud Migration, Hosting & Infrastructure Services",cloud-migration-hosting-infrastructure-services,28,Dedicated Server Hosting Providers,dedicated-server-hosting-providers,,,,
IT Services & Agencies,it-services-agencies,7,"Cloud Migration, Hosting & Infrastructure Services",cloud-migration-hosting-infrastructure-services,29,VPS Hosting Providers,vps-hosting-providers,,,,
IT Services & Agencies,it-services-agencies,7,"Cloud Migration, Hosting & Infrastructure Services",cloud-migration-hosting-infrastructure-services,30,Bare Metal Hosting Providers,bare-metal-hosting-providers,,,,
IT Services & Agencies,it-services-agencies,7,"Cloud Migration, Hosting & Infrastructure Services",cloud-migration-hosting-infrastructure-services,31,Edge Computing Implementation Services,edge-computing-implementation-services,,,,
IT Services & Agencies,it-services-agencies,7,"Cloud Migration, Hosting & Infrastructure Services",cloud-migration-hosting-infrastructure-services,32,CDN Implementation Services,cdn-implementation-services,,,,
IT Services & Agencies,it-services-agencies,7,"Cloud Migration, Hosting & Infrastructure Services",cloud-migration-hosting-infrastructure-services,33,Disaster Recovery as a Service Providers,disaster-recovery-as-a-service-providers,,,,
IT Services & Agencies,it-services-agencies,7,"Cloud Migration, Hosting & Infrastructure Services",cloud-migration-hosting-infrastructure-services,34,Backup as a Service Providers,backup-as-a-service-providers,,,,
IT Services & Agencies,it-services-agencies,7,"Cloud Migration, Hosting & Infrastructure Services",cloud-migration-hosting-infrastructure-services,35,Storage as a Service Providers,storage-as-a-service-providers,,,,
IT Services & Agencies,it-services-agencies,7,"Cloud Migration, Hosting & Infrastructure Services",cloud-migration-hosting-infrastructure-services,36,Cloud Backup Setup Services,cloud-backup-setup-services,1,Cloud Management,Cloud Backup,cloud-management-cloud-backup
IT Services & Agencies,it-services-agencies,8,"Data, Analytics & BI Consulting",data-analytics-bi-consulting,1,Data Strategy Consulting,data-strategy-consulting,1,AI & Analytics Consulting,AI Strategy,ai-analytics-consulting-ai-strategy
IT Services & Agencies,it-services-agencies,8,"Data, Analytics & BI Consulting",data-analytics-bi-consulting,1,Data Strategy Consulting,data-strategy-consulting,2,AI & Analytics Consulting,ML Model Development,ai-analytics-consulting-ml-model-development
IT Services & Agencies,it-services-agencies,8,"Data, Analytics & BI Consulting",data-analytics-bi-consulting,1,Data Strategy Consulting,data-strategy-consulting,3,AI & Analytics Consulting,Data Science Consulting,ai-analytics-consulting-data-science-consulting
IT Services & Agencies,it-services-agencies,8,"Data, Analytics & BI Consulting",data-analytics-bi-consulting,1,Data Strategy Consulting,data-strategy-consulting,4,AI & Analytics Consulting,BI Implementation,ai-analytics-consulting-bi-implementation
IT Services & Agencies,it-services-agencies,8,"Data, Analytics & BI Consulting",data-analytics-bi-consulting,1,Data Strategy Consulting,data-strategy-consulting,5,AI & Analytics Consulting,Dashboard Design,ai-analytics-consulting-dashboard-design
IT Services & Agencies,it-services-agencies,8,"Data, Analytics & BI Consulting",data-analytics-bi-consulting,1,Data Strategy Consulting,data-strategy-consulting,6,AI & Analytics Consulting,Predictive Analytics,ai-analytics-consulting-predictive-analytics
IT Services & Agencies,it-services-agencies,8,"Data, Analytics & BI Consulting",data-analytics-bi-consulting,1,Data Strategy Consulting,data-strategy-consulting,7,AI & Analytics Consulting,NLP Solutions,ai-analytics-consulting-nlp-solutions
IT Services & Agencies,it-services-agencies,8,"Data, Analytics & BI Consulting",data-analytics-bi-consulting,1,Data Strategy Consulting,data-strategy-consulting,8,AI & Analytics Consulting,Computer Vision,ai-analytics-consulting-computer-vision
IT Services & Agencies,it-services-agencies,8,"Data, Analytics & BI Consulting",data-analytics-bi-consulting,1,Data Strategy Consulting,data-strategy-consulting,9,AI & Analytics Consulting,Recommendation Engines,ai-analytics-consulting-recommendation-engines
IT Services & Agencies,it-services-agencies,8,"Data, Analytics & BI Consulting",data-analytics-bi-consulting,1,Data Strategy Consulting,data-strategy-consulting,10,Innovation Consulting,Data Maturity Assessment,innovation-consulting-data-maturity-assessment
IT Services & Agencies,it-services-agencies,8,"Data, Analytics & BI Consulting",data-analytics-bi-consulting,2,Data Governance Consulting,data-governance-consulting,1,Data Engineering,Data Governance,data-engineering-data-governance
IT Services & Agencies,it-services-agencies,8,"Data, Analytics & BI Consulting",data-analytics-bi-consulting,2,Data Governance Consulting,data-governance-consulting,2,AI & Analytics Consulting,AI Ethics & Governance,ai-analytics-consulting-ai-ethics-governance
IT Services & Agencies,it-services-agencies,8,"Data, Analytics & BI Consulting",data-analytics-bi-consulting,3,Data Quality Consulting,data-quality-consulting,1,Data Engineering,Data Quality,data-engineering-data-quality
IT Services & Agencies,it-services-agencies,8,"Data, Analytics & BI Consulting",data-analytics-bi-consulting,4,Master Data Management Consulting,master-data-management-consulting,1,Data Engineering,Master Data Management,data-engineering-master-data-management
IT Services & Agencies,it-services-agencies,8,"Data, Analytics & BI Consulting",data-analytics-bi-consulting,5,Data Catalog Implementation Services,data-catalog-implementation-services,,,,
IT Services & Agencies,it-services-agencies,8,"Data, Analytics & BI Consulting",data-analytics-bi-consulting,6,Data Lakehouse Implementation,data-lakehouse-implementation,,,,
IT Services & Agencies,it-services-agencies,8,"Data, Analytics & BI Consulting",data-analytics-bi-consulting,7,Snowflake Consulting Partners,snowflake-consulting-partners,,,,
IT Services & Agencies,it-services-agencies,8,"Data, Analytics & BI Consulting",data-analytics-bi-consulting,8,Databricks Consulting Partners,databricks-consulting-partners,,,,
IT Services & Agencies,it-services-agencies,8,"Data, Analytics & BI Consulting",data-analytics-bi-consulting,9,BigQuery Consulting Partners,bigquery-consulting-partners,,,,
IT Services & Agencies,it-services-agencies,8,"Data, Analytics & BI Consulting",data-analytics-bi-consulting,10,Redshift Consulting Partners,redshift-consulting-partners,,,,
IT Services & Agencies,it-services-agencies,8,"Data, Analytics & BI Consulting",data-analytics-bi-consulting,11,Synapse Consulting Partners,synapse-consulting-partners,,,,
IT Services & Agencies,it-services-agencies,8,"Data, Analytics & BI Consulting",data-analytics-bi-consulting,12,dbt Consulting Partners,dbt-consulting-partners,,,,
IT Services & Agencies,it-services-agencies,8,"Data, Analytics & BI Consulting",data-analytics-bi-consulting,13,Fivetran Implementation Partners,fivetran-implementation-partners,,,,
IT Services & Agencies,it-services-agencies,8,"Data, Analytics & BI Consulting",data-analytics-bi-consulting,14,Airbyte Implementation Partners,airbyte-implementation-partners,,,,
IT Services & Agencies,it-services-agencies,8,"Data, Analytics & BI Consulting",data-analytics-bi-consulting,15,Looker Consulting Partners,looker-consulting-partners,,,,
IT Services & Agencies,it-services-agencies,8,"Data, Analytics & BI Consulting",data-analytics-bi-consulting,16,Tableau Consulting Partners,tableau-consulting-partners,,,,
IT Services & Agencies,it-services-agencies,8,"Data, Analytics & BI Consulting",data-analytics-bi-consulting,17,Power BI Consulting Partners,power-bi-consulting-partners,,,,
IT Services & Agencies,it-services-agencies,8,"Data, Analytics & BI Consulting",data-analytics-bi-consulting,18,Qlik Consulting Partners,qlik-consulting-partners,,,,
IT Services & Agencies,it-services-agencies,8,"Data, Analytics & BI Consulting",data-analytics-bi-consulting,19,ThoughtSpot Implementation Partners,thoughtspot-implementation-partners,,,,
IT Services & Agencies,it-services-agencies,8,"Data, Analytics & BI Consulting",data-analytics-bi-consulting,20,Sigma Computing Partners,sigma-computing-partners,,,,
IT Services & Agencies,it-services-agencies,8,"Data, Analytics & BI Consulting",data-analytics-bi-consulting,21,Hex Implementation Services,hex-implementation-services,,,,
IT Services & Agencies,it-services-agencies,8,"Data, Analytics & BI Consulting",data-analytics-bi-consulting,22,Mode Analytics Implementation,mode-analytics-implementation,1,Analytics Implementation,GTM Implementation,analytics-implementation-gtm-implementation
IT Services & Agencies,it-services-agencies,8,"Data, Analytics & BI Consulting",data-analytics-bi-consulting,22,Mode Analytics Implementation,mode-analytics-implementation,2,Analytics Implementation,Segment Implementation,analytics-implementation-segment-implementation
IT Services & Agencies,it-services-agencies,8,"Data, Analytics & BI Consulting",data-analytics-bi-consulting,23,Data Warehouse Modeling Services,data-warehouse-modeling-services,,,,
IT Services & Agencies,it-services-agencies,8,"Data, Analytics & BI Consulting",data-analytics-bi-consulting,24,Dimensional Modeling Services,dimensional-modeling-services,,,,
IT Services & Agencies,it-services-agencies,8,"Data, Analytics & BI Consulting",data-analytics-bi-consulting,25,Real-Time Streaming Implementation,real-time-streaming-implementation,,,,
IT Services & Agencies,it-services-agencies,8,"Data, Analytics & BI Consulting",data-analytics-bi-consulting,26,Kafka Implementation Services,kafka-implementation-services,,,,
IT Services & Agencies,it-services-agencies,8,"Data, Analytics & BI Consulting",data-analytics-bi-consulting,27,Spark Engineering Services,spark-engineering-services,,,,
IT Services & Agencies,it-services-agencies,8,"Data, Analytics & BI Consulting",data-analytics-bi-consulting,28,Apache Airflow Implementation,apache-airflow-implementation,,,,
IT Services & Agencies,it-services-agencies,8,"Data, Analytics & BI Consulting",data-analytics-bi-consulting,29,Data Pipeline Engineering Services,data-pipeline-engineering-services,1,Data Engineering,Data Architecture,data-engineering-data-architecture
IT Services & Agencies,it-services-agencies,8,"Data, Analytics & BI Consulting",data-analytics-bi-consulting,29,Data Pipeline Engineering Services,data-pipeline-engineering-services,2,Data Engineering,Data Pipeline Design,data-engineering-data-pipeline-design
IT Services & Agencies,it-services-agencies,8,"Data, Analytics & BI Consulting",data-analytics-bi-consulting,29,Data Pipeline Engineering Services,data-pipeline-engineering-services,3,Data Engineering,Data Warehouse Design,data-engineering-data-warehouse-design
IT Services & Agencies,it-services-agencies,8,"Data, Analytics & BI Consulting",data-analytics-bi-consulting,29,Data Pipeline Engineering Services,data-pipeline-engineering-services,4,Data Engineering,Data Lake Implementation,data-engineering-data-lake-implementation
IT Services & Agencies,it-services-agencies,8,"Data, Analytics & BI Consulting",data-analytics-bi-consulting,29,Data Pipeline Engineering Services,data-pipeline-engineering-services,5,Data Engineering,Real-Time Data Processing,data-engineering-real-time-data-processing
IT Services & Agencies,it-services-agencies,8,"Data, Analytics & BI Consulting",data-analytics-bi-consulting,29,Data Pipeline Engineering Services,data-pipeline-engineering-services,6,Data Engineering,Data Migration,data-engineering-data-migration
IT Services & Agencies,it-services-agencies,8,"Data, Analytics & BI Consulting",data-analytics-bi-consulting,29,Data Pipeline Engineering Services,data-pipeline-engineering-services,7,Data Engineering,Data Catalog,data-engineering-data-catalog
IT Services & Agencies,it-services-agencies,8,"Data, Analytics & BI Consulting",data-analytics-bi-consulting,30,Reverse ETL Implementation,reverse-etl-implementation,,,,
IT Services & Agencies,it-services-agencies,8,"Data, Analytics & BI Consulting",data-analytics-bi-consulting,31,Customer Data Platform Implementation,customer-data-platform-implementation,,,,
IT Services & Agencies,it-services-agencies,8,"Data, Analytics & BI Consulting",data-analytics-bi-consulting,32,Segment Implementation Partners,segment-implementation-partners,,,,
IT Services & Agencies,it-services-agencies,8,"Data, Analytics & BI Consulting",data-analytics-bi-consulting,33,mParticle Implementation Partners,mparticle-implementation-partners,,,,
IT Services & Agencies,it-services-agencies,8,"Data, Analytics & BI Consulting",data-analytics-bi-consulting,34,Marketing Mix Modeling Services,marketing-mix-modeling-services,,,,
IT Services & Agencies,it-services-agencies,8,"Data, Analytics & BI Consulting",data-analytics-bi-consulting,35,Attribution Modeling Services,attribution-modeling-services,,,,
IT Services & Agencies,it-services-agencies,8,"Data, Analytics & BI Consulting",data-analytics-bi-consulting,36,Predictive Modeling Services,predictive-modeling-services,,,,
IT Services & Agencies,it-services-agencies,8,"Data, Analytics & BI Consulting",data-analytics-bi-consulting,37,Forecasting Model Development Services,forecasting-model-development-services,,,,
IT Services & Agencies,it-services-agencies,8,"Data, Analytics & BI Consulting",data-analytics-bi-consulting,38,Recommendation Engine Development,recommendation-engine-development,,,,
IT Services & Agencies,it-services-agencies,8,"Data, Analytics & BI Consulting",data-analytics-bi-consulting,39,Computer Vision Project Services,computer-vision-project-services,,,,
IT Services & Agencies,it-services-agencies,8,"Data, Analytics & BI Consulting",data-analytics-bi-consulting,40,NLP Project Services,nlp-project-services,,,,
IT Services & Agencies,it-services-agencies,8,"Data, Analytics & BI Consulting",data-analytics-bi-consulting,41,MLOps Implementation Services,mlops-implementation-services,,,,
IT Services & Agencies,it-services-agencies,8,"Data, Analytics & BI Consulting",data-analytics-bi-consulting,42,Feature Store Implementation Services,feature-store-implementation-services,,,,
IT Services & Agencies,it-services-agencies,9,AI & Machine Learning Development,ai-machine-learning-development,1,Generative AI Consulting Firms,generative-ai-consulting-firms,1,Innovation Consulting,AI Readiness Assessment,innovation-consulting-ai-readiness-assessment
IT Services & Agencies,it-services-agencies,9,AI & Machine Learning Development,ai-machine-learning-development,2,LLM Application Development Services,llm-application-development-services,,,,
IT Services & Agencies,it-services-agencies,9,AI & Machine Learning Development,ai-machine-learning-development,3,RAG Pipeline Development Services,rag-pipeline-development-services,,,,
IT Services & Agencies,it-services-agencies,9,AI & Machine Learning Development,ai-machine-learning-development,4,AI Agent Development Services,ai-agent-development-services,,,,
IT Services & Agencies,it-services-agencies,9,AI & Machine Learning Development,ai-machine-learning-development,5,Custom GPT Development Services,custom-gpt-development-services,,,,
IT Services & Agencies,it-services-agencies,9,AI & Machine Learning Development,ai-machine-learning-development,6,Chatbot Development Companies,chatbot-development-companies,,,,
IT Services & Agencies,it-services-agencies,9,AI & Machine Learning Development,ai-machine-learning-development,7,Voice Bot Development Companies,voice-bot-development-companies,,,,
IT Services & Agencies,it-services-agencies,9,AI & Machine Learning Development,ai-machine-learning-development,8,AI Copilot Development Services,ai-copilot-development-services,,,,
IT Services & Agencies,it-services-agencies,9,AI & Machine Learning Development,ai-machine-learning-development,9,AI Prompt Engineering Services,ai-prompt-engineering-services,,,,
IT Services & Agencies,it-services-agencies,9,AI & Machine Learning Development,ai-machine-learning-development,10,Fine-Tuning Services for LLMs,fine-tuning-services-for-llms,,,,
IT Services & Agencies,it-services-agencies,9,AI & Machine Learning Development,ai-machine-learning-development,11,Model Distillation Services,model-distillation-services,,,,
IT Services & Agencies,it-services-agencies,9,AI & Machine Learning Development,ai-machine-learning-development,12,Vector Database Implementation,vector-database-implementation,1,Database Administration,PostgreSQL DBA,database-administration-postgresql-dba
IT Services & Agencies,it-services-agencies,9,AI & Machine Learning Development,ai-machine-learning-development,12,Vector Database Implementation,vector-database-implementation,2,Database Administration,MySQL DBA,database-administration-mysql-dba
IT Services & Agencies,it-services-agencies,9,AI & Machine Learning Development,ai-machine-learning-development,12,Vector Database Implementation,vector-database-implementation,3,Database Administration,MongoDB Administration,database-administration-mongodb-administration
IT Services & Agencies,it-services-agencies,9,AI & Machine Learning Development,ai-machine-learning-development,12,Vector Database Implementation,vector-database-implementation,4,Database Administration,Elasticsearch Admin,database-administration-elasticsearch-admin
IT Services & Agencies,it-services-agencies,9,AI & Machine Learning Development,ai-machine-learning-development,12,Vector Database Implementation,vector-database-implementation,5,Database Administration,Cassandra Admin,database-administration-cassandra-admin
IT Services & Agencies,it-services-agencies,9,AI & Machine Learning Development,ai-machine-learning-development,13,Embeddings Pipeline Services,embeddings-pipeline-services,,,,
IT Services & Agencies,it-services-agencies,9,AI & Machine Learning Development,ai-machine-learning-development,14,AI Model Deployment Services,ai-model-deployment-services,,,,
IT Services & Agencies,it-services-agencies,9,AI & Machine Learning Development,ai-machine-learning-development,15,Inference Optimization Services,inference-optimization-services,,,,
IT Services & Agencies,it-services-agencies,9,AI & Machine Learning Development,ai-machine-learning-development,16,AI Cost Optimization Services,ai-cost-optimization-services,,,,
IT Services & Agencies,it-services-agencies,9,AI & Machine Learning Development,ai-machine-learning-development,17,AI Safety & Alignment Consulting,ai-safety-alignment-consulting,,,,
IT Services & Agencies,it-services-agencies,9,AI & Machine Learning Development,ai-machine-learning-development,18,Responsible AI Consulting,responsible-ai-consulting,,,,
IT Services & Agencies,it-services-agencies,9,AI & Machine Learning Development,ai-machine-learning-development,19,AI Governance Consulting,ai-governance-consulting,,,,
IT Services & Agencies,it-services-agencies,9,AI & Machine Learning Development,ai-machine-learning-development,20,AI Ethics Advisory Services,ai-ethics-advisory-services,,,,
IT Services & Agencies,it-services-agencies,9,AI & Machine Learning Development,ai-machine-learning-development,21,ML Model Development Services,ml-model-development-services,,,,
IT Services & Agencies,it-services-agencies,9,AI & Machine Learning Development,ai-machine-learning-development,22,Computer Vision Development Services,computer-vision-development-services,,,,
IT Services & Agencies,it-services-agencies,9,AI & Machine Learning Development,ai-machine-learning-development,23,Object Detection Development,object-detection-development,,,,
IT Services & Agencies,it-services-agencies,9,AI & Machine Learning Development,ai-machine-learning-development,24,OCR Solution Development,ocr-solution-development,1,EdTech Development,LMS Development,edtech-development-lms-development
IT Services & Agencies,it-services-agencies,9,AI & Machine Learning Development,ai-machine-learning-development,24,OCR Solution Development,ocr-solution-development,2,EdTech Development,Virtual Classroom,edtech-development-virtual-classroom
IT Services & Agencies,it-services-agencies,9,AI & Machine Learning Development,ai-machine-learning-development,24,OCR Solution Development,ocr-solution-development,3,EdTech Development,Student Portal,edtech-development-student-portal
IT Services & Agencies,it-services-agencies,9,AI & Machine Learning Development,ai-machine-learning-development,24,OCR Solution Development,ocr-solution-development,4,EdTech Development,Assessment Platform,edtech-development-assessment-platform
IT Services & Agencies,it-services-agencies,9,AI & Machine Learning Development,ai-machine-learning-development,24,OCR Solution Development,ocr-solution-development,5,EdTech Development,Course Marketplace,edtech-development-course-marketplace
IT Services & Agencies,it-services-agencies,9,AI & Machine Learning Development,ai-machine-learning-development,24,OCR Solution Development,ocr-solution-development,6,EdTech Development,Tutoring Platform,edtech-development-tutoring-platform
IT Services & Agencies,it-services-agencies,9,AI & Machine Learning Development,ai-machine-learning-development,24,OCR Solution Development,ocr-solution-development,7,EdTech Development,Gamified Learning,edtech-development-gamified-learning
IT Services & Agencies,it-services-agencies,9,AI & Machine Learning Development,ai-machine-learning-development,24,OCR Solution Development,ocr-solution-development,8,EdTech Development,Adaptive Learning,edtech-development-adaptive-learning
IT Services & Agencies,it-services-agencies,9,AI & Machine Learning Development,ai-machine-learning-development,24,OCR Solution Development,ocr-solution-development,9,EdTech Development,Proctoring System,edtech-development-proctoring-system
IT Services & Agencies,it-services-agencies,9,AI & Machine Learning Development,ai-machine-learning-development,24,OCR Solution Development,ocr-solution-development,10,EdTech Development,Certification Platform,edtech-development-certification-platform
IT Services & Agencies,it-services-agencies,9,AI & Machine Learning Development,ai-machine-learning-development,24,OCR Solution Development,ocr-solution-development,11,Logistics Development,TMS Development,logistics-development-tms-development
IT Services & Agencies,it-services-agencies,9,AI & Machine Learning Development,ai-machine-learning-development,24,OCR Solution Development,ocr-solution-development,12,Logistics Development,WMS Development,logistics-development-wms-development
IT Services & Agencies,it-services-agencies,9,AI & Machine Learning Development,ai-machine-learning-development,24,OCR Solution Development,ocr-solution-development,13,Logistics Development,Fleet Management App,logistics-development-fleet-management-app
IT Services & Agencies,it-services-agencies,9,AI & Machine Learning Development,ai-machine-learning-development,24,OCR Solution Development,ocr-solution-development,14,Logistics Development,Route Optimization,logistics-development-route-optimization
IT Services & Agencies,it-services-agencies,9,AI & Machine Learning Development,ai-machine-learning-development,24,OCR Solution Development,ocr-solution-development,15,Logistics Development,Tracking System,logistics-development-tracking-system
IT Services & Agencies,it-services-agencies,9,AI & Machine Learning Development,ai-machine-learning-development,24,OCR Solution Development,ocr-solution-development,16,Logistics Development,Freight Marketplace,logistics-development-freight-marketplace
IT Services & Agencies,it-services-agencies,9,AI & Machine Learning Development,ai-machine-learning-development,24,OCR Solution Development,ocr-solution-development,17,Logistics Development,Customs Software,logistics-development-customs-software
IT Services & Agencies,it-services-agencies,9,AI & Machine Learning Development,ai-machine-learning-development,24,OCR Solution Development,ocr-solution-development,18,Logistics Development,Warehouse Robotics,logistics-development-warehouse-robotics
IT Services & Agencies,it-services-agencies,9,AI & Machine Learning Development,ai-machine-learning-development,24,OCR Solution Development,ocr-solution-development,19,Logistics Development,Supply Chain Visibility,logistics-development-supply-chain-visibility
IT Services & Agencies,it-services-agencies,9,AI & Machine Learning Development,ai-machine-learning-development,25,Document AI Development Services,document-ai-development-services,,,,
IT Services & Agencies,it-services-agencies,9,AI & Machine Learning Development,ai-machine-learning-development,26,Speech Recognition Development,speech-recognition-development,,,,
IT Services & Agencies,it-services-agencies,9,AI & Machine Learning Development,ai-machine-learning-development,27,Voice Cloning Development Services,voice-cloning-development-services,,,,
IT Services & Agencies,it-services-agencies,9,AI & Machine Learning Development,ai-machine-learning-development,28,TTS Custom Voice Development,tts-custom-voice-development,,,,
IT Services & Agencies,it-services-agencies,9,AI & Machine Learning Development,ai-machine-learning-development,29,Recommendation System Development,recommendation-system-development,,,,
IT Services & Agencies,it-services-agencies,9,AI & Machine Learning Development,ai-machine-learning-development,30,Forecasting Model Development,forecasting-model-development,,,,
IT Services & Agencies,it-services-agencies,9,AI & Machine Learning Development,ai-machine-learning-development,31,Anomaly Detection Development,anomaly-detection-development,,,,
IT Services & Agencies,it-services-agencies,9,AI & Machine Learning Development,ai-machine-learning-development,32,Fraud Detection Model Development,fraud-detection-model-development,,,,
IT Services & Agencies,it-services-agencies,9,AI & Machine Learning Development,ai-machine-learning-development,33,AI for Healthcare Development,ai-for-healthcare-development,1,Healthcare Development,EHR Integration,healthcare-development-ehr-integration
IT Services & Agencies,it-services-agencies,9,AI & Machine Learning Development,ai-machine-learning-development,33,AI for Healthcare Development,ai-for-healthcare-development,2,Healthcare Development,Patient Portal,healthcare-development-patient-portal
IT Services & Agencies,it-services-agencies,9,AI & Machine Learning Development,ai-machine-learning-development,33,AI for Healthcare Development,ai-for-healthcare-development,3,Healthcare Development,Telehealth Platform,healthcare-development-telehealth-platform
IT Services & Agencies,it-services-agencies,9,AI & Machine Learning Development,ai-machine-learning-development,33,AI for Healthcare Development,ai-for-healthcare-development,4,Healthcare Development,Medical Device Software,healthcare-development-medical-device-software
IT Services & Agencies,it-services-agencies,9,AI & Machine Learning Development,ai-machine-learning-development,33,AI for Healthcare Development,ai-for-healthcare-development,5,Healthcare Development,Clinical Trial Software,healthcare-development-clinical-trial-software
IT Services & Agencies,it-services-agencies,9,AI & Machine Learning Development,ai-machine-learning-development,33,AI for Healthcare Development,ai-for-healthcare-development,6,Healthcare Development,Health Data Analytics,healthcare-development-health-data-analytics
IT Services & Agencies,it-services-agencies,9,AI & Machine Learning Development,ai-machine-learning-development,33,AI for Healthcare Development,ai-for-healthcare-development,7,Healthcare Development,HIPAA Compliance Dev,healthcare-development-hipaa-compliance-dev
IT Services & Agencies,it-services-agencies,9,AI & Machine Learning Development,ai-machine-learning-development,33,AI for Healthcare Development,ai-for-healthcare-development,8,Healthcare Development,HL7/FHIR Integration,healthcare-development-hl7-fhir-integration
IT Services & Agencies,it-services-agencies,9,AI & Machine Learning Development,ai-machine-learning-development,33,AI for Healthcare Development,ai-for-healthcare-development,9,Healthcare Development,Pharmacy System,healthcare-development-pharmacy-system
IT Services & Agencies,it-services-agencies,9,AI & Machine Learning Development,ai-machine-learning-development,33,AI for Healthcare Development,ai-for-healthcare-development,10,Healthcare Development,Lab Information System,healthcare-development-lab-information-system
IT Services & Agencies,it-services-agencies,9,AI & Machine Learning Development,ai-machine-learning-development,34,AI for Legal Document Development,ai-for-legal-document-development,,,,
IT Services & Agencies,it-services-agencies,9,AI & Machine Learning Development,ai-machine-learning-development,35,AI for Real Estate Development,ai-for-real-estate-development,1,Real Estate Development,Property Portal,real-estate-development-property-portal
IT Services & Agencies,it-services-agencies,9,AI & Machine Learning Development,ai-machine-learning-development,35,AI for Real Estate Development,ai-for-real-estate-development,2,Real Estate Development,Real Estate CRM Dev,real-estate-development-real-estate-crm-dev
IT Services & Agencies,it-services-agencies,9,AI & Machine Learning Development,ai-machine-learning-development,35,AI for Real Estate Development,ai-for-real-estate-development,3,Real Estate Development,Property Management App,real-estate-development-property-management-app
IT Services & Agencies,it-services-agencies,9,AI & Machine Learning Development,ai-machine-learning-development,35,AI for Real Estate Development,ai-for-real-estate-development,4,Real Estate Development,Virtual Tour Platform,real-estate-development-virtual-tour-platform
IT Services & Agencies,it-services-agencies,9,AI & Machine Learning Development,ai-machine-learning-development,35,AI for Real Estate Development,ai-for-real-estate-development,5,Real Estate Development,MLS Integration,real-estate-development-mls-integration
IT Services & Agencies,it-services-agencies,9,AI & Machine Learning Development,ai-machine-learning-development,35,AI for Real Estate Development,ai-for-real-estate-development,6,Real Estate Development,Mortgage Calculator,real-estate-development-mortgage-calculator
IT Services & Agencies,it-services-agencies,9,AI & Machine Learning Development,ai-machine-learning-development,35,AI for Real Estate Development,ai-for-real-estate-development,7,Real Estate Development,Listing Syndication,real-estate-development-listing-syndication
IT Services & Agencies,it-services-agencies,9,AI & Machine Learning Development,ai-machine-learning-development,35,AI for Real Estate Development,ai-for-real-estate-development,8,Real Estate Development,Tenant Portal,real-estate-development-tenant-portal
IT Services & Agencies,it-services-agencies,9,AI & Machine Learning Development,ai-machine-learning-development,35,AI for Real Estate Development,ai-for-real-estate-development,9,Real Estate Development,HOA Management,real-estate-development-hoa-management
IT Services & Agencies,it-services-agencies,9,AI & Machine Learning Development,ai-machine-learning-development,35,AI for Real Estate Development,ai-for-real-estate-development,10,Real Estate Development,Construction PM App,real-estate-development-construction-pm-app
IT Services & Agencies,it-services-agencies,9,AI & Machine Learning Development,ai-machine-learning-development,36,AI for Finance Development,ai-for-finance-development,,,,
IT Services & Agencies,it-services-agencies,10,Blockchain & Web3 Development,blockchain-web3-development,1,Smart Contract Development Companies,smart-contract-development-companies,,,,
IT Services & Agencies,it-services-agencies,10,Blockchain & Web3 Development,blockchain-web3-development,2,Solidity Development Services,solidity-development-services,,,,
IT Services & Agencies,it-services-agencies,10,Blockchain & Web3 Development,blockchain-web3-development,3,Rust Smart Contract Services,rust-smart-contract-services,,,,
IT Services & Agencies,it-services-agencies,10,Blockchain & Web3 Development,blockchain-web3-development,4,EVM Chain Development Services,evm-chain-development-services,,,,
IT Services & Agencies,it-services-agencies,10,Blockchain & Web3 Development,blockchain-web3-development,5,Solana Development Services,solana-development-services,,,,
IT Services & Agencies,it-services-agencies,10,Blockchain & Web3 Development,blockchain-web3-development,6,Polygon Development Services,polygon-development-services,,,,
IT Services & Agencies,it-services-agencies,10,Blockchain & Web3 Development,blockchain-web3-development,7,Ethereum dApp Development,ethereum-dapp-development,,,,
IT Services & Agencies,it-services-agencies,10,Blockchain & Web3 Development,blockchain-web3-development,8,Layer 2 Development Services,layer-2-development-services,,,,
IT Services & Agencies,it-services-agencies,10,Blockchain & Web3 Development,blockchain-web3-development,9,Bridge Development Services,bridge-development-services,,,,
IT Services & Agencies,it-services-agencies,10,Blockchain & Web3 Development,blockchain-web3-development,10,Cross-Chain Development Services,cross-chain-development-services,,,,
IT Services & Agencies,it-services-agencies,10,Blockchain & Web3 Development,blockchain-web3-development,11,DeFi Protocol Development,defi-protocol-development,,,,
IT Services & Agencies,it-services-agencies,10,Blockchain & Web3 Development,blockchain-web3-development,12,DEX Development Services,dex-development-services,,,,
IT Services & Agencies,it-services-agencies,10,Blockchain & Web3 Development,blockchain-web3-development,13,Lending Protocol Development,lending-protocol-development,,,,
IT Services & Agencies,it-services-agencies,10,Blockchain & Web3 Development,blockchain-web3-development,14,Yield Aggregator Development,yield-aggregator-development,,,,
IT Services & Agencies,it-services-agencies,10,Blockchain & Web3 Development,blockchain-web3-development,15,Stablecoin Development Services,stablecoin-development-services,,,,
IT Services & Agencies,it-services-agencies,10,Blockchain & Web3 Development,blockchain-web3-development,16,NFT Marketplace Development,nft-marketplace-development,,,,
IT Services & Agencies,it-services-agencies,10,Blockchain & Web3 Development,blockchain-web3-development,17,NFT Collection Launch Services,nft-collection-launch-services,,,,
IT Services & Agencies,it-services-agencies,10,Blockchain & Web3 Development,blockchain-web3-development,18,NFT Smart Contract Auditing,nft-smart-contract-auditing,,,,
IT Services & Agencies,it-services-agencies,10,Blockchain & Web3 Development,blockchain-web3-development,19,Token Launch Services,token-launch-services,,,,
IT Services & Agencies,it-services-agencies,10,Blockchain & Web3 Development,blockchain-web3-development,20,Tokenomics Consulting,tokenomics-consulting,,,,
IT Services & Agencies,it-services-agencies,10,Blockchain & Web3 Development,blockchain-web3-development,21,ICO Launch Services,ico-launch-services,,,,
IT Services & Agencies,it-services-agencies,10,Blockchain & Web3 Development,blockchain-web3-development,22,IDO Launch Services,ido-launch-services,,,,
IT Services & Agencies,it-services-agencies,10,Blockchain & Web3 Development,blockchain-web3-development,23,Whitepaper Writing Services for Web3,whitepaper-writing-services-for-web3,,,,
IT Services & Agencies,it-services-agencies,10,Blockchain & Web3 Development,blockchain-web3-development,24,Web3 Wallet Development Services,web3-wallet-development-services,,,,
IT Services & Agencies,it-services-agencies,10,Blockchain & Web3 Development,blockchain-web3-development,25,Crypto Exchange Development,crypto-exchange-development,,,,
IT Services & Agencies,it-services-agencies,10,Blockchain & Web3 Development,blockchain-web3-development,26,Centralized Exchange Development,centralized-exchange-development,,,,
IT Services & Agencies,it-services-agencies,10,Blockchain & Web3 Development,blockchain-web3-development,27,Decentralized Exchange Development,decentralized-exchange-development,,,,
IT Services & Agencies,it-services-agencies,10,Blockchain & Web3 Development,blockchain-web3-development,28,Crypto Payment Gateway Development,crypto-payment-gateway-development,1,FinTech Development,Payment Gateway Dev,fintech-development-payment-gateway-dev
IT Services & Agencies,it-services-agencies,10,Blockchain & Web3 Development,blockchain-web3-development,29,Crypto Custody Development,crypto-custody-development,,,,
IT Services & Agencies,it-services-agencies,10,Blockchain & Web3 Development,blockchain-web3-development,30,Smart Contract Auditing Firms,smart-contract-auditing-firms,,,,
IT Services & Agencies,it-services-agencies,10,Blockchain & Web3 Development,blockchain-web3-development,31,Blockchain Security Auditing,blockchain-security-auditing,,,,
IT Services & Agencies,it-services-agencies,10,Blockchain & Web3 Development,blockchain-web3-development,32,DAO Setup Services,dao-setup-services,,,,
IT Services & Agencies,it-services-agencies,10,Blockchain & Web3 Development,blockchain-web3-development,33,DAO Governance Tooling Services,dao-governance-tooling-services,,,,
IT Services & Agencies,it-services-agencies,10,Blockchain & Web3 Development,blockchain-web3-development,34,Web3 Marketing Agencies,web3-marketing-agencies,,,,
IT Services & Agencies,it-services-agencies,10,Blockchain & Web3 Development,blockchain-web3-development,35,Crypto PR Agencies,crypto-pr-agencies,,,,
IT Services & Agencies,it-services-agencies,10,Blockchain & Web3 Development,blockchain-web3-development,36,NFT Marketing Agencies,nft-marketing-agencies,,,,
IT Services & Agencies,it-services-agencies,10,Blockchain & Web3 Development,blockchain-web3-development,37,Web3 Community Management Agencies,web3-community-management-agencies,,,,
IT Services & Agencies,it-services-agencies,10,Blockchain & Web3 Development,blockchain-web3-development,38,Discord Setup Services for Web3,discord-setup-services-for-web3,,,,
IT Services & Agencies,it-services-agencies,11,Custom Software Development Companies,custom-software-development-companies,1,Custom SaaS Development Companies,custom-saas-development-companies,1,Enterprise Software,ERP Custom Development,enterprise-software-erp-custom-development
IT Services & Agencies,it-services-agencies,11,Custom Software Development Companies,custom-software-development-companies,1,Custom SaaS Development Companies,custom-saas-development-companies,2,SaaS Development,Multi-Tenant Architecture,saas-development-multi-tenant-architecture
IT Services & Agencies,it-services-agencies,11,Custom Software Development Companies,custom-software-development-companies,1,Custom SaaS Development Companies,custom-saas-development-companies,3,SaaS Development,SaaS Migration,saas-development-saas-migration
IT Services & Agencies,it-services-agencies,11,Custom Software Development Companies,custom-software-development-companies,1,Custom SaaS Development Companies,custom-saas-development-companies,4,SaaS Development,SaaS Scaling,saas-development-saas-scaling
IT Services & Agencies,it-services-agencies,11,Custom Software Development Companies,custom-software-development-companies,1,Custom SaaS Development Companies,custom-saas-development-companies,5,SaaS Development,Subscription Billing Integration,saas-development-subscription-billing-integration
IT Services & Agencies,it-services-agencies,11,Custom Software Development Companies,custom-software-development-companies,1,Custom SaaS Development Companies,custom-saas-development-companies,6,SaaS Development,SaaS Analytics,saas-development-saas-analytics
IT Services & Agencies,it-services-agencies,11,Custom Software Development Companies,custom-software-development-companies,1,Custom SaaS Development Companies,custom-saas-development-companies,7,SaaS Development,SaaS Security,saas-development-saas-security
IT Services & Agencies,it-services-agencies,11,Custom Software Development Companies,custom-software-development-companies,1,Custom SaaS Development Companies,custom-saas-development-companies,8,SaaS Development,Vertical SaaS,saas-development-vertical-saas
IT Services & Agencies,it-services-agencies,11,Custom Software Development Companies,custom-software-development-companies,1,Custom SaaS Development Companies,custom-saas-development-companies,9,SaaS Development,Horizontal SaaS,saas-development-horizontal-saas
IT Services & Agencies,it-services-agencies,11,Custom Software Development Companies,custom-software-development-companies,2,Enterprise Software Development,enterprise-software-development,1,Enterprise Software,CRM Customization,enterprise-software-crm-customization
IT Services & Agencies,it-services-agencies,11,Custom Software Development Companies,custom-software-development-companies,2,Enterprise Software Development,enterprise-software-development,2,Enterprise Software,Business Process Automation,enterprise-software-business-process-automation
IT Services & Agencies,it-services-agencies,11,Custom Software Development Companies,custom-software-development-companies,2,Enterprise Software Development,enterprise-software-development,3,Enterprise Software,Workflow Systems,enterprise-software-workflow-systems
IT Services & Agencies,it-services-agencies,11,Custom Software Development Companies,custom-software-development-companies,2,Enterprise Software Development,enterprise-software-development,4,Enterprise Software,Document Management,enterprise-software-document-management
IT Services & Agencies,it-services-agencies,11,Custom Software Development Companies,custom-software-development-companies,2,Enterprise Software Development,enterprise-software-development,5,Enterprise Software,Enterprise Portal,enterprise-software-enterprise-portal
IT Services & Agencies,it-services-agencies,11,Custom Software Development Companies,custom-software-development-companies,2,Enterprise Software Development,enterprise-software-development,6,Enterprise Software,Legacy Modernization,enterprise-software-legacy-modernization
IT Services & Agencies,it-services-agencies,11,Custom Software Development Companies,custom-software-development-companies,2,Enterprise Software Development,enterprise-software-development,7,Enterprise Software,Middleware Development,enterprise-software-middleware-development
IT Services & Agencies,it-services-agencies,11,Custom Software Development Companies,custom-software-development-companies,2,Enterprise Software Development,enterprise-software-development,8,Enterprise Software,Enterprise Search,enterprise-software-enterprise-search
IT Services & Agencies,it-services-agencies,11,Custom Software Development Companies,custom-software-development-companies,3,B2B SaaS Development Agencies,b2b-saas-development-agencies,,,,
IT Services & Agencies,it-services-agencies,11,Custom Software Development Companies,custom-software-development-companies,4,B2C App Development Agencies,b2c-app-development-agencies,,,,
IT Services & Agencies,it-services-agencies,11,Custom Software Development Companies,custom-software-development-companies,5,Microservices Development Services,microservices-development-services,,,,
IT Services & Agencies,it-services-agencies,11,Custom Software Development Companies,custom-software-development-companies,6,API Development Services,api-development-services,1,API & Integration,Custom API Development,api-integration-custom-api-development
IT Services & Agencies,it-services-agencies,11,Custom Software Development Companies,custom-software-development-companies,6,API Development Services,api-development-services,2,API & Integration,API Gateway,api-integration-api-gateway
IT Services & Agencies,it-services-agencies,11,Custom Software Development Companies,custom-software-development-companies,6,API Development Services,api-development-services,3,API & Integration,Webhook Development,api-integration-webhook-development
IT Services & Agencies,it-services-agencies,11,Custom Software Development Companies,custom-software-development-companies,6,API Development Services,api-development-services,4,API & Integration,Microservices Architecture,api-integration-microservices-architecture
IT Services & Agencies,it-services-agencies,11,Custom Software Development Companies,custom-software-development-companies,7,REST API Development Services,rest-api-development-services,1,API & Integration,REST API Design,api-integration-rest-api-design
IT Services & Agencies,it-services-agencies,11,Custom Software Development Companies,custom-software-development-companies,8,GraphQL API Development Services,graphql-api-development-services,1,API & Integration,GraphQL API,api-integration-graphql-api
IT Services & Agencies,it-services-agencies,11,Custom Software Development Companies,custom-software-development-companies,9,Backend Development Services,backend-development-services,,,,
IT Services & Agencies,it-services-agencies,11,Custom Software Development Companies,custom-software-development-companies,10,Frontend Development Services,frontend-development-services,1,Frontend Development,Micro-Frontend,frontend-development-micro-frontend
IT Services & Agencies,it-services-agencies,11,Custom Software Development Companies,custom-software-development-companies,11,Full-Stack Development Agencies,full-stack-development-agencies,1,Full-Stack Development,MERN Stack,full-stack-development-mern-stack
IT Services & Agencies,it-services-agencies,11,Custom Software Development Companies,custom-software-development-companies,11,Full-Stack Development Agencies,full-stack-development-agencies,2,Full-Stack Development,MEAN Stack,full-stack-development-mean-stack
IT Services & Agencies,it-services-agencies,11,Custom Software Development Companies,custom-software-development-companies,11,Full-Stack Development Agencies,full-stack-development-agencies,3,Full-Stack Development,LAMP Stack,full-stack-development-lamp-stack
IT Services & Agencies,it-services-agencies,11,Custom Software Development Companies,custom-software-development-companies,11,Full-Stack Development Agencies,full-stack-development-agencies,4,Full-Stack Development,JAMstack,full-stack-development-jamstack
IT Services & Agencies,it-services-agencies,11,Custom Software Development Companies,custom-software-development-companies,11,Full-Stack Development Agencies,full-stack-development-agencies,5,Full-Stack Development,Django Full-Stack,full-stack-development-django-full-stack
IT Services & Agencies,it-services-agencies,11,Custom Software Development Companies,custom-software-development-companies,11,Full-Stack Development Agencies,full-stack-development-agencies,6,Full-Stack Development,Laravel Full-Stack,full-stack-development-laravel-full-stack
IT Services & Agencies,it-services-agencies,11,Custom Software Development Companies,custom-software-development-companies,11,Full-Stack Development Agencies,full-stack-development-agencies,7,Full-Stack Development,Spring Boot Full-Stack,full-stack-development-spring-boot-full-stack
IT Services & Agencies,it-services-agencies,11,Custom Software Development Companies,custom-software-development-companies,11,Full-Stack Development Agencies,full-stack-development-agencies,8,Full-Stack Development,ASP.NET Full-Stack,full-stack-development-asp-net-full-stack
IT Services & Agencies,it-services-agencies,11,Custom Software Development Companies,custom-software-development-companies,11,Full-Stack Development Agencies,full-stack-development-agencies,9,Full-Stack Development,T3 Stack,full-stack-development-t3-stack
IT Services & Agencies,it-services-agencies,11,Custom Software Development Companies,custom-software-development-companies,11,Full-Stack Development Agencies,full-stack-development-agencies,10,Full-Stack Development,Remix Development,full-stack-development-remix-development
IT Services & Agencies,it-services-agencies,11,Custom Software Development Companies,custom-software-development-companies,12,Headless CMS Development Services,headless-cms-development-services,,,,
IT Services & Agencies,it-services-agencies,11,Custom Software Development Companies,custom-software-development-companies,13,JAMstack Development Agencies,jamstack-development-agencies,,,,
IT Services & Agencies,it-services-agencies,11,Custom Software Development Companies,custom-software-development-companies,14,Server-Side Rendering Development,server-side-rendering-development,,,,
IT Services & Agencies,it-services-agencies,11,Custom Software Development Companies,custom-software-development-companies,15,Progressive Web App Development,progressive-web-app-development,1,Frontend Development,Progressive Web Apps,frontend-development-progressive-web-apps
IT Services & Agencies,it-services-agencies,11,Custom Software Development Companies,custom-software-development-companies,16,Browser Extension Development,browser-extension-development,,,,
IT Services & Agencies,it-services-agencies,11,Custom Software Development Companies,custom-software-development-companies,17,Chrome Extension Development Services,chrome-extension-development-services,,,,
IT Services & Agencies,it-services-agencies,11,Custom Software Development Companies,custom-software-development-companies,18,Firefox Extension Development,firefox-extension-development,,,,
IT Services & Agencies,it-services-agencies,11,Custom Software Development Companies,custom-software-development-companies,19,Desktop Application Development,desktop-application-development,,,,
IT Services & Agencies,it-services-agencies,11,Custom Software Development Companies,custom-software-development-companies,20,Windows Desktop App Development,windows-desktop-app-development,,,,
IT Services & Agencies,it-services-agencies,11,Custom Software Development Companies,custom-software-development-companies,21,macOS Desktop App Development,macos-desktop-app-development,,,,
IT Services & Agencies,it-services-agencies,11,Custom Software Development Companies,custom-software-development-companies,22,Linux Application Development,linux-application-development,,,,
IT Services & Agencies,it-services-agencies,11,Custom Software Development Companies,custom-software-development-companies,23,Cross-Platform Desktop App Development,cross-platform-desktop-app-development,,,,
IT Services & Agencies,it-services-agencies,11,Custom Software Development Companies,custom-software-development-companies,24,Electron App Development,electron-app-development,,,,
IT Services & Agencies,it-services-agencies,11,Custom Software Development Companies,custom-software-development-companies,25,Tauri App Development,tauri-app-development,,,,
IT Services & Agencies,it-services-agencies,11,Custom Software Development Companies,custom-software-development-companies,26,Embedded Software Development,embedded-software-development,1,Blockchain & Web3,Smart Contract Development,blockchain-web3-smart-contract-development
IT Services & Agencies,it-services-agencies,11,Custom Software Development Companies,custom-software-development-companies,26,Embedded Software Development,embedded-software-development,2,Blockchain & Web3,DeFi Applications,blockchain-web3-defi-applications
IT Services & Agencies,it-services-agencies,11,Custom Software Development Companies,custom-software-development-companies,26,Embedded Software Development,embedded-software-development,3,Blockchain & Web3,NFT Platforms,blockchain-web3-nft-platforms
IT Services & Agencies,it-services-agencies,11,Custom Software Development Companies,custom-software-development-companies,26,Embedded Software Development,embedded-software-development,4,Blockchain & Web3,DAO Development,blockchain-web3-dao-development
IT Services & Agencies,it-services-agencies,11,Custom Software Development Companies,custom-software-development-companies,26,Embedded Software Development,embedded-software-development,5,Blockchain & Web3,Token Development,blockchain-web3-token-development
IT Services & Agencies,it-services-agencies,11,Custom Software Development Companies,custom-software-development-companies,26,Embedded Software Development,embedded-software-development,6,Blockchain & Web3,Crypto Wallet,blockchain-web3-crypto-wallet
IT Services & Agencies,it-services-agencies,11,Custom Software Development Companies,custom-software-development-companies,26,Embedded Software Development,embedded-software-development,7,Blockchain & Web3,Blockchain Analytics,blockchain-web3-blockchain-analytics
IT Services & Agencies,it-services-agencies,11,Custom Software Development Companies,custom-software-development-companies,26,Embedded Software Development,embedded-software-development,8,Blockchain & Web3,Private Blockchain,blockchain-web3-private-blockchain
IT Services & Agencies,it-services-agencies,11,Custom Software Development Companies,custom-software-development-companies,26,Embedded Software Development,embedded-software-development,9,Blockchain & Web3,Supply Chain Blockchain,blockchain-web3-supply-chain-blockchain
IT Services & Agencies,it-services-agencies,11,Custom Software Development Companies,custom-software-development-companies,26,Embedded Software Development,embedded-software-development,10,Blockchain & Web3,Digital Identity Blockchain,blockchain-web3-digital-identity-blockchain
IT Services & Agencies,it-services-agencies,11,Custom Software Development Companies,custom-software-development-companies,26,Embedded Software Development,embedded-software-development,11,AR / VR / XR,Augmented Reality Apps,ar-vr-xr-augmented-reality-apps
IT Services & Agencies,it-services-agencies,11,Custom Software Development Companies,custom-software-development-companies,26,Embedded Software Development,embedded-software-development,12,AR / VR / XR,Virtual Reality Experiences,ar-vr-xr-virtual-reality-experiences
IT Services & Agencies,it-services-agencies,11,Custom Software Development Companies,custom-software-development-companies,26,Embedded Software Development,embedded-software-development,13,AR / VR / XR,Mixed Reality,ar-vr-xr-mixed-reality
IT Services & Agencies,it-services-agencies,11,Custom Software Development Companies,custom-software-development-companies,26,Embedded Software Development,embedded-software-development,14,AR / VR / XR,360-Degree Video,ar-vr-xr-360-degree-video
IT Services & Agencies,it-services-agencies,11,Custom Software Development Companies,custom-software-development-companies,26,Embedded Software Development,embedded-software-development,15,AR / VR / XR,VR Training Simulations,ar-vr-xr-vr-training-simulations
IT Services & Agencies,it-services-agencies,11,Custom Software Development Companies,custom-software-development-companies,26,Embedded Software Development,embedded-software-development,16,AR / VR / XR,AR Product Visualization,ar-vr-xr-ar-product-visualization
IT Services & Agencies,it-services-agencies,11,Custom Software Development Companies,custom-software-development-companies,26,Embedded Software Development,embedded-software-development,17,AR / VR / XR,VR Architecture Walkthrough,ar-vr-xr-vr-architecture-walkthrough
IT Services & Agencies,it-services-agencies,11,Custom Software Development Companies,custom-software-development-companies,26,Embedded Software Development,embedded-software-development,18,AR / VR / XR,AR Navigation,ar-vr-xr-ar-navigation
IT Services & Agencies,it-services-agencies,11,Custom Software Development Companies,custom-software-development-companies,26,Embedded Software Development,embedded-software-development,19,AR / VR / XR,Spatial Computing,ar-vr-xr-spatial-computing
IT Services & Agencies,it-services-agencies,11,Custom Software Development Companies,custom-software-development-companies,26,Embedded Software Development,embedded-software-development,20,AR / VR / XR,Metaverse Development,ar-vr-xr-metaverse-development
IT Services & Agencies,it-services-agencies,11,Custom Software Development Companies,custom-software-development-companies,26,Embedded Software Development,embedded-software-development,21,IoT Development,Industrial IoT,iot-development-industrial-iot
IT Services & Agencies,it-services-agencies,11,Custom Software Development Companies,custom-software-development-companies,26,Embedded Software Development,embedded-software-development,22,IoT Development,Smart Home,iot-development-smart-home
IT Services & Agencies,it-services-agencies,11,Custom Software Development Companies,custom-software-development-companies,26,Embedded Software Development,embedded-software-development,23,IoT Development,Connected Vehicles,iot-development-connected-vehicles
IT Services & Agencies,it-services-agencies,11,Custom Software Development Companies,custom-software-development-companies,26,Embedded Software Development,embedded-software-development,24,IoT Development,Wearable Devices,iot-development-wearable-devices
IT Services & Agencies,it-services-agencies,11,Custom Software Development Companies,custom-software-development-companies,26,Embedded Software Development,embedded-software-development,25,IoT Development,IoT Platforms,iot-development-iot-platforms
IT Services & Agencies,it-services-agencies,11,Custom Software Development Companies,custom-software-development-companies,26,Embedded Software Development,embedded-software-development,26,IoT Development,Edge Computing,iot-development-edge-computing
IT Services & Agencies,it-services-agencies,11,Custom Software Development Companies,custom-software-development-companies,26,Embedded Software Development,embedded-software-development,27,IoT Development,Sensor Integration,iot-development-sensor-integration
IT Services & Agencies,it-services-agencies,11,Custom Software Development Companies,custom-software-development-companies,26,Embedded Software Development,embedded-software-development,28,IoT Development,MQTT & Protocols,iot-development-mqtt-protocols
IT Services & Agencies,it-services-agencies,11,Custom Software Development Companies,custom-software-development-companies,26,Embedded Software Development,embedded-software-development,29,IoT Development,IoT Analytics,iot-development-iot-analytics
IT Services & Agencies,it-services-agencies,11,Custom Software Development Companies,custom-software-development-companies,26,Embedded Software Development,embedded-software-development,30,IoT Development,IoT Security,iot-development-iot-security
IT Services & Agencies,it-services-agencies,11,Custom Software Development Companies,custom-software-development-companies,26,Embedded Software Development,embedded-software-development,31,AI & ML Services,Custom AI Model Development,ai-ml-services-custom-ai-model-development
IT Services & Agencies,it-services-agencies,11,Custom Software Development Companies,custom-software-development-companies,26,Embedded Software Development,embedded-software-development,32,AI & ML Services,NLP Solutions,ai-ml-services-nlp-solutions
IT Services & Agencies,it-services-agencies,11,Custom Software Development Companies,custom-software-development-companies,26,Embedded Software Development,embedded-software-development,33,AI & ML Services,Computer Vision,ai-ml-services-computer-vision
IT Services & Agencies,it-services-agencies,11,Custom Software Development Companies,custom-software-development-companies,26,Embedded Software Development,embedded-software-development,34,AI & ML Services,Recommendation Systems,ai-ml-services-recommendation-systems
IT Services & Agencies,it-services-agencies,11,Custom Software Development Companies,custom-software-development-companies,26,Embedded Software Development,embedded-software-development,35,AI & ML Services,Predictive Analytics,ai-ml-services-predictive-analytics
IT Services & Agencies,it-services-agencies,11,Custom Software Development Companies,custom-software-development-companies,26,Embedded Software Development,embedded-software-development,36,AI & ML Services,AI Chatbot Development,ai-ml-services-ai-chatbot-development
IT Services & Agencies,it-services-agencies,11,Custom Software Development Companies,custom-software-development-companies,26,Embedded Software Development,embedded-software-development,37,AI & ML Services,Voice Assistant Development,ai-ml-services-voice-assistant-development
IT Services & Agencies,it-services-agencies,11,Custom Software Development Companies,custom-software-development-companies,26,Embedded Software Development,embedded-software-development,38,AI & ML Services,AI Data Pipeline,ai-ml-services-ai-data-pipeline
IT Services & Agencies,it-services-agencies,11,Custom Software Development Companies,custom-software-development-companies,26,Embedded Software Development,embedded-software-development,39,AI & ML Services,MLOps Implementation,ai-ml-services-mlops-implementation
IT Services & Agencies,it-services-agencies,11,Custom Software Development Companies,custom-software-development-companies,26,Embedded Software Development,embedded-software-development,40,AI & ML Services,AI Strategy Consulting,ai-ml-services-ai-strategy-consulting
IT Services & Agencies,it-services-agencies,11,Custom Software Development Companies,custom-software-development-companies,27,Firmware Development Services,firmware-development-services,,,,
IT Services & Agencies,it-services-agencies,11,Custom Software Development Companies,custom-software-development-companies,28,Driver Development Services,driver-development-services,,,,
IT Services & Agencies,it-services-agencies,11,Custom Software Development Companies,custom-software-development-companies,29,System Integration Services,system-integration-services,1,Enterprise Software,System Integration,enterprise-software-system-integration
IT Services & Agencies,it-services-agencies,11,Custom Software Development Companies,custom-software-development-companies,29,System Integration Services,system-integration-services,2,API & Integration,Third-Party Integration,api-integration-third-party-integration
IT Services & Agencies,it-services-agencies,11,Custom Software Development Companies,custom-software-development-companies,29,System Integration Services,system-integration-services,3,API & Integration,Payment Integration,api-integration-payment-integration
IT Services & Agencies,it-services-agencies,11,Custom Software Development Companies,custom-software-development-companies,29,System Integration Services,system-integration-services,4,API & Integration,CRM Integration,api-integration-crm-integration
IT Services & Agencies,it-services-agencies,11,Custom Software Development Companies,custom-software-development-companies,29,System Integration Services,system-integration-services,5,API & Integration,ERP Integration,api-integration-erp-integration
IT Services & Agencies,it-services-agencies,11,Custom Software Development Companies,custom-software-development-companies,30,Legacy Software Maintenance,legacy-software-maintenance,,,,
IT Services & Agencies,it-services-agencies,11,Custom Software Development Companies,custom-software-development-companies,31,Software Modernization Services,software-modernization-services,,,,
IT Services & Agencies,it-services-agencies,11,Custom Software Development Companies,custom-software-development-companies,32,Software Re-Engineering Services,software-re-engineering-services,,,,
IT Services & Agencies,it-services-agencies,11,Custom Software Development Companies,custom-software-development-companies,33,White Label Software Development,white-label-software-development,1,SaaS Development,White-Label SaaS,saas-development-white-label-saas
IT Services & Agencies,it-services-agencies,11,Custom Software Development Companies,custom-software-development-companies,34,MVP Development Services,mvp-development-services,1,SaaS Development,SaaS MVP Development,saas-development-saas-mvp-development
IT Services & Agencies,it-services-agencies,11,Custom Software Development Companies,custom-software-development-companies,35,Rapid Prototyping Services,rapid-prototyping-services,,,,
IT Services & Agencies,it-services-agencies,11,Custom Software Development Companies,custom-software-development-companies,36,Proof of Concept Development,proof-of-concept-development,1,Innovation Consulting,Proof of Concept Dev,innovation-consulting-proof-of-concept-dev
IT Services & Agencies,it-services-agencies,11,Custom Software Development Companies,custom-software-development-companies,37,Software Architecture Consulting,software-architecture-consulting,,,,
IT Services & Agencies,it-services-agencies,11,Custom Software Development Companies,custom-software-development-companies,38,Code Audit Services,code-audit-services,,,,
IT Services & Agencies,it-services-agencies,11,Custom Software Development Companies,custom-software-development-companies,39,Code Review Services,code-review-services,,,,
IT Services & Agencies,it-services-agencies,12,Mobile App Development Companies,mobile-app-development-companies,1,iOS App Development Companies,ios-app-development-companies,1,iOS Development,Swift Development,ios-development-swift-development
IT Services & Agencies,it-services-agencies,12,Mobile App Development Companies,mobile-app-development-companies,1,iOS App Development Companies,ios-app-development-companies,2,iOS Development,SwiftUI Apps,ios-development-swiftui-apps
IT Services & Agencies,it-services-agencies,12,Mobile App Development Companies,mobile-app-development-companies,1,iOS App Development Companies,ios-app-development-companies,3,iOS Development,Objective-C Legacy,ios-development-objective-c-legacy
IT Services & Agencies,it-services-agencies,12,Mobile App Development Companies,mobile-app-development-companies,1,iOS App Development Companies,ios-app-development-companies,4,iOS Development,iOS Enterprise Apps,ios-development-ios-enterprise-apps
IT Services & Agencies,it-services-agencies,12,Mobile App Development Companies,mobile-app-development-companies,1,iOS App Development Companies,ios-app-development-companies,5,iOS Development,iPad Apps,ios-development-ipad-apps
IT Services & Agencies,it-services-agencies,12,Mobile App Development Companies,mobile-app-development-companies,1,iOS App Development Companies,ios-app-development-companies,6,iOS Development,watchOS Apps,ios-development-watchos-apps
IT Services & Agencies,it-services-agencies,12,Mobile App Development Companies,mobile-app-development-companies,1,iOS App Development Companies,ios-app-development-companies,7,iOS Development,tvOS Apps,ios-development-tvos-apps
IT Services & Agencies,it-services-agencies,12,Mobile App Development Companies,mobile-app-development-companies,1,iOS App Development Companies,ios-app-development-companies,8,iOS Development,iOS Games,ios-development-ios-games
IT Services & Agencies,it-services-agencies,12,Mobile App Development Companies,mobile-app-development-companies,1,iOS App Development Companies,ios-app-development-companies,9,iOS Development,ARKit Apps,ios-development-arkit-apps
IT Services & Agencies,it-services-agencies,12,Mobile App Development Companies,mobile-app-development-companies,1,iOS App Development Companies,ios-app-development-companies,10,iOS Development,WidgetKit Development,ios-development-widgetkit-development
IT Services & Agencies,it-services-agencies,12,Mobile App Development Companies,mobile-app-development-companies,2,Swift Development Services,swift-development-services,,,,
IT Services & Agencies,it-services-agencies,12,Mobile App Development Companies,mobile-app-development-companies,3,Objective-C Development Services,objective-c-development-services,,,,
IT Services & Agencies,it-services-agencies,12,Mobile App Development Companies,mobile-app-development-companies,4,iPad App Development Services,ipad-app-development-services,,,,
IT Services & Agencies,it-services-agencies,12,Mobile App Development Companies,mobile-app-development-companies,5,Apple Watch App Development,apple-watch-app-development,,,,
IT Services & Agencies,it-services-agencies,12,Mobile App Development Companies,mobile-app-development-companies,6,Apple TV App Development,apple-tv-app-development,,,,
IT Services & Agencies,it-services-agencies,12,Mobile App Development Companies,mobile-app-development-companies,7,visionOS App Development,visionos-app-development,,,,
IT Services & Agencies,it-services-agencies,12,Mobile App Development Companies,mobile-app-development-companies,8,Android App Development Companies,android-app-development-companies,1,Android Development,Kotlin Development,android-development-kotlin-development
IT Services & Agencies,it-services-agencies,12,Mobile App Development Companies,mobile-app-development-companies,8,Android App Development Companies,android-app-development-companies,2,Android Development,Jetpack Compose,android-development-jetpack-compose
IT Services & Agencies,it-services-agencies,12,Mobile App Development Companies,mobile-app-development-companies,8,Android App Development Companies,android-app-development-companies,3,Android Development,Android Enterprise,android-development-android-enterprise
IT Services & Agencies,it-services-agencies,12,Mobile App Development Companies,mobile-app-development-companies,8,Android App Development Companies,android-app-development-companies,4,Android Development,Android Tablets,android-development-android-tablets
IT Services & Agencies,it-services-agencies,12,Mobile App Development Companies,mobile-app-development-companies,8,Android App Development Companies,android-app-development-companies,5,Android Development,Android Auto,android-development-android-auto
IT Services & Agencies,it-services-agencies,12,Mobile App Development Companies,mobile-app-development-companies,8,Android App Development Companies,android-app-development-companies,6,Android Development,Android Games,android-development-android-games
IT Services & Agencies,it-services-agencies,12,Mobile App Development Companies,mobile-app-development-companies,8,Android App Development Companies,android-app-development-companies,7,Android Development,Material Design,android-development-material-design
IT Services & Agencies,it-services-agencies,12,Mobile App Development Companies,mobile-app-development-companies,8,Android App Development Companies,android-app-development-companies,8,Android Development,Google Play Publishing,android-development-google-play-publishing
IT Services & Agencies,it-services-agencies,12,Mobile App Development Companies,mobile-app-development-companies,9,Kotlin Development Services,kotlin-development-services,,,,
IT Services & Agencies,it-services-agencies,12,Mobile App Development Companies,mobile-app-development-companies,10,Java Android Development Services,java-android-development-services,,,,
IT Services & Agencies,it-services-agencies,12,Mobile App Development Companies,mobile-app-development-companies,11,Wear OS App Development,wear-os-app-development,1,Android Development,Wear OS,android-development-wear-os
IT Services & Agencies,it-services-agencies,12,Mobile App Development Companies,mobile-app-development-companies,12,Android TV App Development,android-tv-app-development,1,Android Development,Android TV,android-development-android-tv
IT Services & Agencies,it-services-agencies,12,Mobile App Development Companies,mobile-app-development-companies,13,Cross-Platform Mobile App Development,cross-platform-mobile-app-development,1,Cross-Platform,React Native,cross-platform-react-native
IT Services & Agencies,it-services-agencies,12,Mobile App Development Companies,mobile-app-development-companies,13,Cross-Platform Mobile App Development,cross-platform-mobile-app-development,2,Cross-Platform,Flutter,cross-platform-flutter
IT Services & Agencies,it-services-agencies,12,Mobile App Development Companies,mobile-app-development-companies,13,Cross-Platform Mobile App Development,cross-platform-mobile-app-development,3,Cross-Platform,Xamarin,cross-platform-xamarin
IT Services & Agencies,it-services-agencies,12,Mobile App Development Companies,mobile-app-development-companies,13,Cross-Platform Mobile App Development,cross-platform-mobile-app-development,4,Cross-Platform,Ionic,cross-platform-ionic
IT Services & Agencies,it-services-agencies,12,Mobile App Development Companies,mobile-app-development-companies,13,Cross-Platform Mobile App Development,cross-platform-mobile-app-development,5,Cross-Platform,Capacitor,cross-platform-capacitor
IT Services & Agencies,it-services-agencies,12,Mobile App Development Companies,mobile-app-development-companies,13,Cross-Platform Mobile App Development,cross-platform-mobile-app-development,6,Cross-Platform,NativeScript,cross-platform-nativescript
IT Services & Agencies,it-services-agencies,12,Mobile App Development Companies,mobile-app-development-companies,13,Cross-Platform Mobile App Development,cross-platform-mobile-app-development,7,Cross-Platform,KMM,cross-platform-kmm
IT Services & Agencies,it-services-agencies,12,Mobile App Development Companies,mobile-app-development-companies,13,Cross-Platform Mobile App Development,cross-platform-mobile-app-development,8,Cross-Platform,MAUI,cross-platform-maui
IT Services & Agencies,it-services-agencies,12,Mobile App Development Companies,mobile-app-development-companies,13,Cross-Platform Mobile App Development,cross-platform-mobile-app-development,9,Cross-Platform,.NET MAUI,cross-platform-net-maui
IT Services & Agencies,it-services-agencies,12,Mobile App Development Companies,mobile-app-development-companies,13,Cross-Platform Mobile App Development,cross-platform-mobile-app-development,10,Cross-Platform,Cordova,cross-platform-cordova
IT Services & Agencies,it-services-agencies,12,Mobile App Development Companies,mobile-app-development-companies,14,React Native Development Companies,react-native-development-companies,,,,
IT Services & Agencies,it-services-agencies,12,Mobile App Development Companies,mobile-app-development-companies,15,Flutter Development Companies,flutter-development-companies,,,,
IT Services & Agencies,it-services-agencies,12,Mobile App Development Companies,mobile-app-development-companies,16,Ionic Development Services,ionic-development-services,,,,
IT Services & Agencies,it-services-agencies,12,Mobile App Development Companies,mobile-app-development-companies,17,Xamarin Development Services,xamarin-development-services,,,,
IT Services & Agencies,it-services-agencies,12,Mobile App Development Companies,mobile-app-development-companies,18,Capacitor Development Services,capacitor-development-services,,,,
IT Services & Agencies,it-services-agencies,12,Mobile App Development Companies,mobile-app-development-companies,19,Mobile App Design Services,mobile-app-design-services,,,,
IT Services & Agencies,it-services-agencies,12,Mobile App Development Companies,mobile-app-development-companies,20,Mobile UI/UX Design Agencies,mobile-uiux-design-agencies,1,Digital Creative,UI/UX Design,digital-creative-ui-ux-design
IT Services & Agencies,it-services-agencies,12,Mobile App Development Companies,mobile-app-development-companies,21,Mobile App Prototyping Services,mobile-app-prototyping-services,,,,
IT Services & Agencies,it-services-agencies,12,Mobile App Development Companies,mobile-app-development-companies,22,App Store Optimization Services,app-store-optimization-services,,,,
IT Services & Agencies,it-services-agencies,12,Mobile App Development Companies,mobile-app-development-companies,23,Apple App Store Submission Services,apple-app-store-submission-services,,,,
IT Services & Agencies,it-services-agencies,12,Mobile App Development Companies,mobile-app-development-companies,24,Google Play Submission Services,google-play-submission-services,,,,
IT Services & Agencies,it-services-agencies,12,Mobile App Development Companies,mobile-app-development-companies,25,Mobile App Testing Services,mobile-app-testing-services,,,,
IT Services & Agencies,it-services-agencies,12,Mobile App Development Companies,mobile-app-development-companies,26,Mobile App QA Services,mobile-app-qa-services,,,,
IT Services & Agencies,it-services-agencies,12,Mobile App Development Companies,mobile-app-development-companies,27,Mobile App Performance Testing,mobile-app-performance-testing,,,,
IT Services & Agencies,it-services-agencies,12,Mobile App Development Companies,mobile-app-development-companies,28,Mobile Backend Development,mobile-backend-development,,,,
IT Services & Agencies,it-services-agencies,12,Mobile App Development Companies,mobile-app-development-companies,29,Push Notification Setup Services,push-notification-setup-services,,,,
IT Services & Agencies,it-services-agencies,12,Mobile App Development Companies,mobile-app-development-companies,30,In-App Purchase Setup Services,in-app-purchase-setup-services,,,,
IT Services & Agencies,it-services-agencies,12,Mobile App Development Companies,mobile-app-development-companies,31,Subscription Setup for Mobile Apps,subscription-setup-for-mobile-apps,,,,
IT Services & Agencies,it-services-agencies,12,Mobile App Development Companies,mobile-app-development-companies,32,Mobile Analytics Setup Services,mobile-analytics-setup-services,,,,
IT Services & Agencies,it-services-agencies,12,Mobile App Development Companies,mobile-app-development-companies,33,Mobile App Maintenance Services,mobile-app-maintenance-services,,,,
IT Services & Agencies,it-services-agencies,12,Mobile App Development Companies,mobile-app-development-companies,34,Mobile App Marketing Agencies,mobile-app-marketing-agencies,,,,
IT Services & Agencies,it-services-agencies,12,Mobile App Development Companies,mobile-app-development-companies,35,Health & Fitness App Development,health-fitness-app-development,,,,
IT Services & Agencies,it-services-agencies,12,Mobile App Development Companies,mobile-app-development-companies,36,Dating App Development Services,dating-app-development-services,,,,
IT Services & Agencies,it-services-agencies,12,Mobile App Development Companies,mobile-app-development-companies,37,Food Delivery App Development,food-delivery-app-development,1,Logistics Development,Last-Mile Delivery App,logistics-development-last-mile-delivery-app
IT Services & Agencies,it-services-agencies,12,Mobile App Development Companies,mobile-app-development-companies,38,Ride Sharing App Development,ride-sharing-app-development,,,,
IT Services & Agencies,it-services-agencies,12,Mobile App Development Companies,mobile-app-development-companies,39,On-Demand App Development,on-demand-app-development,,,,
IT Services & Agencies,it-services-agencies,12,Mobile App Development Companies,mobile-app-development-companies,40,Marketplace App Development,marketplace-app-development,,,,
IT Services & Agencies,it-services-agencies,12,Mobile App Development Companies,mobile-app-development-companies,41,Social Network App Development,social-network-app-development,,,,
IT Services & Agencies,it-services-agencies,12,Mobile App Development Companies,mobile-app-development-companies,42,E-Commerce App Development,e-commerce-app-development,1,eCommerce Development,Magento Development,ecommerce-development-magento-development
IT Services & Agencies,it-services-agencies,12,Mobile App Development Companies,mobile-app-development-companies,42,E-Commerce App Development,e-commerce-app-development,2,eCommerce Development,Custom eCommerce,ecommerce-development-custom-ecommerce
IT Services & Agencies,it-services-agencies,12,Mobile App Development Companies,mobile-app-development-companies,42,E-Commerce App Development,e-commerce-app-development,3,eCommerce Development,Social Commerce,ecommerce-development-social-commerce
IT Services & Agencies,it-services-agencies,12,Mobile App Development Companies,mobile-app-development-companies,42,E-Commerce App Development,e-commerce-app-development,4,eCommerce Development,Mobile Commerce App,ecommerce-development-mobile-commerce-app
IT Services & Agencies,it-services-agencies,12,Mobile App Development Companies,mobile-app-development-companies,43,Banking App Development,banking-app-development,,,,
IT Services & Agencies,it-services-agencies,12,Mobile App Development Companies,mobile-app-development-companies,44,FinTech App Development,fintech-app-development,1,FinTech Development,Banking App Development,fintech-development-banking-app-development
IT Services & Agencies,it-services-agencies,12,Mobile App Development Companies,mobile-app-development-companies,44,FinTech App Development,fintech-app-development,2,FinTech Development,Trading Platform,fintech-development-trading-platform
IT Services & Agencies,it-services-agencies,12,Mobile App Development Companies,mobile-app-development-companies,44,FinTech App Development,fintech-app-development,3,FinTech Development,Insurance Software,fintech-development-insurance-software
IT Services & Agencies,it-services-agencies,12,Mobile App Development Companies,mobile-app-development-companies,44,FinTech App Development,fintech-app-development,4,FinTech Development,RegTech Development,fintech-development-regtech-development
IT Services & Agencies,it-services-agencies,12,Mobile App Development Companies,mobile-app-development-companies,44,FinTech App Development,fintech-app-development,5,FinTech Development,Blockchain FinTech,fintech-development-blockchain-fintech
IT Services & Agencies,it-services-agencies,12,Mobile App Development Companies,mobile-app-development-companies,44,FinTech App Development,fintech-app-development,6,FinTech Development,KYC/AML Systems,fintech-development-kyc-aml-systems
IT Services & Agencies,it-services-agencies,12,Mobile App Development Companies,mobile-app-development-companies,44,FinTech App Development,fintech-app-development,7,FinTech Development,Robo-Advisor Dev,fintech-development-robo-advisor-dev
IT Services & Agencies,it-services-agencies,12,Mobile App Development Companies,mobile-app-development-companies,44,FinTech App Development,fintech-app-development,8,FinTech Development,Lending Platform,fintech-development-lending-platform
IT Services & Agencies,it-services-agencies,12,Mobile App Development Companies,mobile-app-development-companies,44,FinTech App Development,fintech-app-development,9,FinTech Development,Wealth Management App,fintech-development-wealth-management-app
IT Services & Agencies,it-services-agencies,12,Mobile App Development Companies,mobile-app-development-companies,45,Telemedicine App Development,telemedicine-app-development,,,,
IT Services & Agencies,it-services-agencies,12,Mobile App Development Companies,mobile-app-development-companies,46,Education App Development,education-app-development,,,,
IT Services & Agencies,it-services-agencies,12,Mobile App Development Companies,mobile-app-development-companies,47,Kids App Development,kids-app-development,,,,
IT Services & Agencies,it-services-agencies,13,Web Design & Development Services,web-design-development-services,1,Web Designers for Small Business,web-designers-for-small-business,,,,
IT Services & Agencies,it-services-agencies,13,Web Design & Development Services,web-design-development-services,2,Web Designers for Restaurants,web-designers-for-restaurants,,,,
IT Services & Agencies,it-services-agencies,13,Web Design & Development Services,web-design-development-services,3,Web Designers for Realtors,web-designers-for-realtors,,,,
IT Services & Agencies,it-services-agencies,13,Web Design & Development Services,web-design-development-services,4,Web Designers for Lawyers,web-designers-for-lawyers,,,,
IT Services & Agencies,it-services-agencies,13,Web Design & Development Services,web-design-development-services,5,Web Designers for Doctors,web-designers-for-doctors,,,,
IT Services & Agencies,it-services-agencies,13,Web Design & Development Services,web-design-development-services,6,Web Designers for Dentists,web-designers-for-dentists,,,,
IT Services & Agencies,it-services-agencies,13,Web Design & Development Services,web-design-development-services,7,Web Designers for Photographers,web-designers-for-photographers,,,,
IT Services & Agencies,it-services-agencies,13,Web Design & Development Services,web-design-development-services,8,Web Designers for Wedding Vendors,web-designers-for-wedding-vendors,,,,
IT Services & Agencies,it-services-agencies,13,Web Design & Development Services,web-design-development-services,9,Web Designers for Nonprofits,web-designers-for-nonprofits,,,,
IT Services & Agencies,it-services-agencies,13,Web Design & Development Services,web-design-development-services,10,Web Designers for Churches,web-designers-for-churches,,,,
IT Services & Agencies,it-services-agencies,13,Web Design & Development Services,web-design-development-services,11,Web Designers for Authors,web-designers-for-authors,,,,
IT Services & Agencies,it-services-agencies,13,Web Design & Development Services,web-design-development-services,12,Web Designers for Musicians,web-designers-for-musicians,,,,
IT Services & Agencies,it-services-agencies,13,Web Design & Development Services,web-design-development-services,13,Web Designers for Artists,web-designers-for-artists,,,,
IT Services & Agencies,it-services-agencies,13,Web Design & Development Services,web-design-development-services,14,Web Designers for Schools,web-designers-for-schools,,,,
IT Services & Agencies,it-services-agencies,13,Web Design & Development Services,web-design-development-services,15,Web Designers for Gyms,web-designers-for-gyms,,,,
IT Services & Agencies,it-services-agencies,13,Web Design & Development Services,web-design-development-services,16,Web Designers for Salons,web-designers-for-salons,,,,
IT Services & Agencies,it-services-agencies,13,Web Design & Development Services,web-design-development-services,17,Web Designers for Contractors,web-designers-for-contractors,,,,
IT Services & Agencies,it-services-agencies,13,Web Design & Development Services,web-design-development-services,18,Web Designers for Plumbers,web-designers-for-plumbers,,,,
IT Services & Agencies,it-services-agencies,13,Web Design & Development Services,web-design-development-services,19,Custom Website Design Agencies,custom-website-design-agencies,1,Website Design,Corporate Website,website-design-corporate-website
IT Services & Agencies,it-services-agencies,13,Web Design & Development Services,web-design-development-services,19,Custom Website Design Agencies,custom-website-design-agencies,2,Website Design,Startup Website,website-design-startup-website
IT Services & Agencies,it-services-agencies,13,Web Design & Development Services,web-design-development-services,19,Custom Website Design Agencies,custom-website-design-agencies,3,Website Design,eCommerce Design,website-design-ecommerce-design
IT Services & Agencies,it-services-agencies,13,Web Design & Development Services,web-design-development-services,19,Custom Website Design Agencies,custom-website-design-agencies,4,Website Design,SaaS Website,website-design-saas-website
IT Services & Agencies,it-services-agencies,13,Web Design & Development Services,web-design-development-services,19,Custom Website Design Agencies,custom-website-design-agencies,5,Website Design,Portfolio Design,website-design-portfolio-design
IT Services & Agencies,it-services-agencies,13,Web Design & Development Services,web-design-development-services,19,Custom Website Design Agencies,custom-website-design-agencies,6,Website Design,Blog Design,website-design-blog-design
IT Services & Agencies,it-services-agencies,13,Web Design & Development Services,web-design-development-services,19,Custom Website Design Agencies,custom-website-design-agencies,7,Website Design,Magazine Design,website-design-magazine-design
IT Services & Agencies,it-services-agencies,13,Web Design & Development Services,web-design-development-services,19,Custom Website Design Agencies,custom-website-design-agencies,8,Website Design,Directory Design,website-design-directory-design
IT Services & Agencies,it-services-agencies,13,Web Design & Development Services,web-design-development-services,19,Custom Website Design Agencies,custom-website-design-agencies,9,Website Design,Landing Page Design,website-design-landing-page-design
IT Services & Agencies,it-services-agencies,13,Web Design & Development Services,web-design-development-services,19,Custom Website Design Agencies,custom-website-design-agencies,10,Website Design,Microsite Design,website-design-microsite-design
IT Services & Agencies,it-services-agencies,13,Web Design & Development Services,web-design-development-services,20,Conversion-Focused Web Design Agencies,conversion-focused-web-design-agencies,,,,
IT Services & Agencies,it-services-agencies,13,Web Design & Development Services,web-design-development-services,21,Award-Winning Web Design Studios,award-winning-web-design-studios,,,,
IT Services & Agencies,it-services-agencies,13,Web Design & Development Services,web-design-development-services,22,Brand-Forward Web Design Studios,brand-forward-web-design-studios,,,,
IT Services & Agencies,it-services-agencies,13,Web Design & Development Services,web-design-development-services,23,Boutique Web Design Studios,boutique-web-design-studios,,,,
IT Services & Agencies,it-services-agencies,13,Web Design & Development Services,web-design-development-services,24,Affordable Web Design Services,affordable-web-design-services,,,,
IT Services & Agencies,it-services-agencies,13,Web Design & Development Services,web-design-development-services,25,Cheap Website Design Services,cheap-website-design-services,,,,
IT Services & Agencies,it-services-agencies,13,Web Design & Development Services,web-design-development-services,26,Premium Website Design Studios,premium-website-design-studios,,,,
IT Services & Agencies,it-services-agencies,13,Web Design & Development Services,web-design-development-services,27,Luxury Web Design Studios,luxury-web-design-studios,,,,
IT Services & Agencies,it-services-agencies,13,Web Design & Development Services,web-design-development-services,28,WordPress Web Design Services,wordpress-web-design-services,1,WordPress Design,Custom Theme Design,wordpress-design-custom-theme-design
IT Services & Agencies,it-services-agencies,13,Web Design & Development Services,web-design-development-services,28,WordPress Web Design Services,wordpress-web-design-services,2,WordPress Design,WooCommerce Design,wordpress-design-woocommerce-design
IT Services & Agencies,it-services-agencies,13,Web Design & Development Services,web-design-development-services,28,WordPress Web Design Services,wordpress-web-design-services,3,WordPress Design,Blog Design,wordpress-design-blog-design
IT Services & Agencies,it-services-agencies,13,Web Design & Development Services,web-design-development-services,28,WordPress Web Design Services,wordpress-web-design-services,4,WordPress Design,Membership Site,wordpress-design-membership-site
IT Services & Agencies,it-services-agencies,13,Web Design & Development Services,web-design-development-services,28,WordPress Web Design Services,wordpress-web-design-services,5,WordPress Design,LMS Design,wordpress-design-lms-design
IT Services & Agencies,it-services-agencies,13,Web Design & Development Services,web-design-development-services,28,WordPress Web Design Services,wordpress-web-design-services,6,WordPress Design,Forum Design,wordpress-design-forum-design
IT Services & Agencies,it-services-agencies,13,Web Design & Development Services,web-design-development-services,28,WordPress Web Design Services,wordpress-web-design-services,7,WordPress Design,Directory Design,wordpress-design-directory-design
IT Services & Agencies,it-services-agencies,13,Web Design & Development Services,web-design-development-services,28,WordPress Web Design Services,wordpress-web-design-services,8,WordPress Design,Marketplace Design,wordpress-design-marketplace-design
IT Services & Agencies,it-services-agencies,13,Web Design & Development Services,web-design-development-services,28,WordPress Web Design Services,wordpress-web-design-services,9,WordPress Design,Real Estate Design,wordpress-design-real-estate-design
IT Services & Agencies,it-services-agencies,13,Web Design & Development Services,web-design-development-services,28,WordPress Web Design Services,wordpress-web-design-services,10,WordPress Design,Restaurant Design,wordpress-design-restaurant-design
IT Services & Agencies,it-services-agencies,13,Web Design & Development Services,web-design-development-services,28,WordPress Web Design Services,wordpress-web-design-services,11,WordPress Services,WordPress Theme Development,wordpress-services-wordpress-theme-development
IT Services & Agencies,it-services-agencies,13,Web Design & Development Services,web-design-development-services,28,WordPress Web Design Services,wordpress-web-design-services,12,WordPress Services,WordPress Plugin Development,wordpress-services-wordpress-plugin-development
IT Services & Agencies,it-services-agencies,13,Web Design & Development Services,web-design-development-services,28,WordPress Web Design Services,wordpress-web-design-services,13,WordPress Services,WordPress Migration,wordpress-services-wordpress-migration
IT Services & Agencies,it-services-agencies,13,Web Design & Development Services,web-design-development-services,28,WordPress Web Design Services,wordpress-web-design-services,14,WordPress Services,WordPress Security,wordpress-services-wordpress-security
IT Services & Agencies,it-services-agencies,13,Web Design & Development Services,web-design-development-services,28,WordPress Web Design Services,wordpress-web-design-services,15,WordPress Services,WordPress Performance,wordpress-services-wordpress-performance
IT Services & Agencies,it-services-agencies,13,Web Design & Development Services,web-design-development-services,28,WordPress Web Design Services,wordpress-web-design-services,16,WordPress Services,WordPress Maintenance,wordpress-services-wordpress-maintenance
IT Services & Agencies,it-services-agencies,13,Web Design & Development Services,web-design-development-services,28,WordPress Web Design Services,wordpress-web-design-services,17,WordPress Services,WooCommerce Development,wordpress-services-woocommerce-development
IT Services & Agencies,it-services-agencies,13,Web Design & Development Services,web-design-development-services,28,WordPress Web Design Services,wordpress-web-design-services,18,WordPress Services,WordPress Multisite,wordpress-services-wordpress-multisite
IT Services & Agencies,it-services-agencies,13,Web Design & Development Services,web-design-development-services,28,WordPress Web Design Services,wordpress-web-design-services,19,WordPress Services,WordPress API Integration,wordpress-services-wordpress-api-integration
IT Services & Agencies,it-services-agencies,13,Web Design & Development Services,web-design-development-services,28,WordPress Web Design Services,wordpress-web-design-services,20,WordPress Services,WordPress Headless,wordpress-services-wordpress-headless
IT Services & Agencies,it-services-agencies,13,Web Design & Development Services,web-design-development-services,29,Webflow Web Design Studios,webflow-web-design-studios,,,,
IT Services & Agencies,it-services-agencies,13,Web Design & Development Services,web-design-development-services,30,Squarespace Web Designers,squarespace-web-designers,,,,
IT Services & Agencies,it-services-agencies,13,Web Design & Development Services,web-design-development-services,31,Wix Web Designers,wix-web-designers,,,,
IT Services & Agencies,it-services-agencies,13,Web Design & Development Services,web-design-development-services,32,Shopify Web Designers,shopify-web-designers,1,Shopify Services,Shopify Design,shopify-services-shopify-design
IT Services & Agencies,it-services-agencies,13,Web Design & Development Services,web-design-development-services,33,BigCommerce Web Designers,bigcommerce-web-designers,,,,
IT Services & Agencies,it-services-agencies,13,Web Design & Development Services,web-design-development-services,34,Magento Web Designers,magento-web-designers,,,,
IT Services & Agencies,it-services-agencies,13,Web Design & Development Services,web-design-development-services,35,Drupal Web Developers,drupal-web-developers,1,Frontend Development,React Development,frontend-development-react-development
IT Services & Agencies,it-services-agencies,13,Web Design & Development Services,web-design-development-services,35,Drupal Web Developers,drupal-web-developers,2,Frontend Development,Angular Development,frontend-development-angular-development
IT Services & Agencies,it-services-agencies,13,Web Design & Development Services,web-design-development-services,35,Drupal Web Developers,drupal-web-developers,3,Frontend Development,Vue.js Development,frontend-development-vue-js-development
IT Services & Agencies,it-services-agencies,13,Web Design & Development Services,web-design-development-services,35,Drupal Web Developers,drupal-web-developers,4,Frontend Development,Next.js Development,frontend-development-next-js-development
IT Services & Agencies,it-services-agencies,13,Web Design & Development Services,web-design-development-services,35,Drupal Web Developers,drupal-web-developers,5,Frontend Development,Svelte Development,frontend-development-svelte-development
IT Services & Agencies,it-services-agencies,13,Web Design & Development Services,web-design-development-services,35,Drupal Web Developers,drupal-web-developers,6,Frontend Development,TypeScript Development,frontend-development-typescript-development
IT Services & Agencies,it-services-agencies,13,Web Design & Development Services,web-design-development-services,35,Drupal Web Developers,drupal-web-developers,7,Frontend Development,Single Page Applications,frontend-development-single-page-applications
IT Services & Agencies,it-services-agencies,13,Web Design & Development Services,web-design-development-services,35,Drupal Web Developers,drupal-web-developers,8,Frontend Development,Web Components,frontend-development-web-components
IT Services & Agencies,it-services-agencies,13,Web Design & Development Services,web-design-development-services,35,Drupal Web Developers,drupal-web-developers,9,Backend Development,Node.js Development,backend-development-node-js-development
IT Services & Agencies,it-services-agencies,13,Web Design & Development Services,web-design-development-services,35,Drupal Web Developers,drupal-web-developers,10,Backend Development,Python Development,backend-development-python-development
IT Services & Agencies,it-services-agencies,13,Web Design & Development Services,web-design-development-services,35,Drupal Web Developers,drupal-web-developers,11,Backend Development,Java Development,backend-development-java-development
IT Services & Agencies,it-services-agencies,13,Web Design & Development Services,web-design-development-services,35,Drupal Web Developers,drupal-web-developers,12,Backend Development,.NET Development,backend-development-net-development
IT Services & Agencies,it-services-agencies,13,Web Design & Development Services,web-design-development-services,35,Drupal Web Developers,drupal-web-developers,13,Backend Development,Ruby on Rails,backend-development-ruby-on-rails
IT Services & Agencies,it-services-agencies,13,Web Design & Development Services,web-design-development-services,35,Drupal Web Developers,drupal-web-developers,14,Backend Development,Go Development,backend-development-go-development
IT Services & Agencies,it-services-agencies,13,Web Design & Development Services,web-design-development-services,35,Drupal Web Developers,drupal-web-developers,15,Backend Development,Rust Development,backend-development-rust-development
IT Services & Agencies,it-services-agencies,13,Web Design & Development Services,web-design-development-services,35,Drupal Web Developers,drupal-web-developers,16,Backend Development,PHP Development,backend-development-php-development
IT Services & Agencies,it-services-agencies,13,Web Design & Development Services,web-design-development-services,35,Drupal Web Developers,drupal-web-developers,17,Backend Development,Elixir Development,backend-development-elixir-development
IT Services & Agencies,it-services-agencies,13,Web Design & Development Services,web-design-development-services,35,Drupal Web Developers,drupal-web-developers,18,Backend Development,Scala Development,backend-development-scala-development
IT Services & Agencies,it-services-agencies,13,Web Design & Development Services,web-design-development-services,36,Joomla Web Developers,joomla-web-developers,,,,
IT Services & Agencies,it-services-agencies,13,Web Design & Development Services,web-design-development-services,37,Ghost CMS Developers,ghost-cms-developers,,,,
IT Services & Agencies,it-services-agencies,13,Web Design & Development Services,web-design-development-services,38,Sanity CMS Developers,sanity-cms-developers,,,,
IT Services & Agencies,it-services-agencies,13,Web Design & Development Services,web-design-development-services,39,Contentful Implementation Partners,contentful-implementation-partners,,,,
IT Services & Agencies,it-services-agencies,13,Web Design & Development Services,web-design-development-services,40,Strapi Implementation Partners,strapi-implementation-partners,,,,
IT Services & Agencies,it-services-agencies,13,Web Design & Development Services,web-design-development-services,41,Storyblok Implementation Partners,storyblok-implementation-partners,,,,
IT Services & Agencies,it-services-agencies,13,Web Design & Development Services,web-design-development-services,42,HubSpot CMS Developers,hubspot-cms-developers,,,,
IT Services & Agencies,it-services-agencies,13,Web Design & Development Services,web-design-development-services,43,Website Redesign Services,website-redesign-services,,,,
IT Services & Agencies,it-services-agencies,13,Web Design & Development Services,web-design-development-services,44,Website Refresh Services,website-refresh-services,,,,
IT Services & Agencies,it-services-agencies,13,Web Design & Development Services,web-design-development-services,45,Website Migration Services,website-migration-services,,,,
IT Services & Agencies,it-services-agencies,13,Web Design & Development Services,web-design-development-services,46,Website Maintenance Plans,website-maintenance-plans,,,,
IT Services & Agencies,it-services-agencies,13,Web Design & Development Services,web-design-development-services,47,Monthly Website Care Plans,monthly-website-care-plans,,,,
IT Services & Agencies,it-services-agencies,13,Web Design & Development Services,web-design-development-services,48,Website Speed Optimization Services,website-speed-optimization-services,,,,
IT Services & Agencies,it-services-agencies,13,Web Design & Development Services,web-design-development-services,49,Core Web Vitals Optimization Services,core-web-vitals-optimization-services,,,,
IT Services & Agencies,it-services-agencies,13,Web Design & Development Services,web-design-development-services,50,Website Accessibility Audit Services,website-accessibility-audit-services,,,,
IT Services & Agencies,it-services-agencies,13,Web Design & Development Services,web-design-development-services,51,WCAG Compliance Services,wcag-compliance-services,,,,
IT Services & Agencies,it-services-agencies,13,Web Design & Development Services,web-design-development-services,52,ADA Website Compliance Services,ada-website-compliance-services,,,,
IT Services & Agencies,it-services-agencies,13,Web Design & Development Services,web-design-development-services,53,Website Security Hardening Services,website-security-hardening-services,,,,
IT Services & Agencies,it-services-agencies,13,Web Design & Development Services,web-design-development-services,54,Hacked Website Recovery Services,hacked-website-recovery-services,,,,
IT Services & Agencies,it-services-agencies,13,Web Design & Development Services,web-design-development-services,55,Multilingual Website Development,multilingual-website-development,,,,
IT Services & Agencies,it-services-agencies,13,Web Design & Development Services,web-design-development-services,56,Website Translation Services,website-translation-services,,,,
IT Services & Agencies,it-services-agencies,13,Web Design & Development Services,web-design-development-services,57,Domain Setup Services,domain-setup-services,1,Database Administration,CockroachDB Setup,database-administration-cockroachdb-setup
IT Services & Agencies,it-services-agencies,14,eCommerce Development Agencies,ecommerce-development-agencies,1,Shopify Plus Partner Agencies,shopify-plus-partner-agencies,,,,
IT Services & Agencies,it-services-agencies,14,eCommerce Development Agencies,ecommerce-development-agencies,2,Shopify Theme Customization Services,shopify-theme-customization-services,1,Shopify Services,Shopify Theme Development,shopify-services-shopify-theme-development
IT Services & Agencies,it-services-agencies,14,eCommerce Development Agencies,ecommerce-development-agencies,2,Shopify Theme Customization Services,shopify-theme-customization-services,2,Shopify Services,Shopify Plus,shopify-services-shopify-plus
IT Services & Agencies,it-services-agencies,14,eCommerce Development Agencies,ecommerce-development-agencies,2,Shopify Theme Customization Services,shopify-theme-customization-services,3,Shopify Services,Shopify Migration,shopify-services-shopify-migration
IT Services & Agencies,it-services-agencies,14,eCommerce Development Agencies,ecommerce-development-agencies,2,Shopify Theme Customization Services,shopify-theme-customization-services,4,Shopify Services,Shopify SEO,shopify-services-shopify-seo
IT Services & Agencies,it-services-agencies,14,eCommerce Development Agencies,ecommerce-development-agencies,2,Shopify Theme Customization Services,shopify-theme-customization-services,5,Shopify Services,Shopify Integration,shopify-services-shopify-integration
IT Services & Agencies,it-services-agencies,14,eCommerce Development Agencies,ecommerce-development-agencies,2,Shopify Theme Customization Services,shopify-theme-customization-services,6,Shopify Services,Shopify Customization,shopify-services-shopify-customization
IT Services & Agencies,it-services-agencies,14,eCommerce Development Agencies,ecommerce-development-agencies,2,Shopify Theme Customization Services,shopify-theme-customization-services,7,Shopify Services,Shopify Performance,shopify-services-shopify-performance
IT Services & Agencies,it-services-agencies,14,eCommerce Development Agencies,ecommerce-development-agencies,2,Shopify Theme Customization Services,shopify-theme-customization-services,8,Shopify Services,Shopify Support,shopify-services-shopify-support
IT Services & Agencies,it-services-agencies,14,eCommerce Development Agencies,ecommerce-development-agencies,3,Shopify App Development Agencies,shopify-app-development-agencies,1,eCommerce Development,Shopify Development,ecommerce-development-shopify-development
IT Services & Agencies,it-services-agencies,14,eCommerce Development Agencies,ecommerce-development-agencies,3,Shopify App Development Agencies,shopify-app-development-agencies,2,Shopify Services,Shopify App Development,shopify-services-shopify-app-development
IT Services & Agencies,it-services-agencies,14,eCommerce Development Agencies,ecommerce-development-agencies,4,Headless Shopify Development,headless-shopify-development,,,,
IT Services & Agencies,it-services-agencies,14,eCommerce Development Agencies,ecommerce-development-agencies,5,BigCommerce Partner Agencies,bigcommerce-partner-agencies,,,,
IT Services & Agencies,it-services-agencies,14,eCommerce Development Agencies,ecommerce-development-agencies,6,Magento Adobe Commerce Partners,magento-adobe-commerce-partners,,,,
IT Services & Agencies,it-services-agencies,14,eCommerce Development Agencies,ecommerce-development-agencies,7,WooCommerce Development Agencies,woocommerce-development-agencies,1,eCommerce Development,WooCommerce Development,ecommerce-development-woocommerce-development
IT Services & Agencies,it-services-agencies,14,eCommerce Development Agencies,ecommerce-development-agencies,8,PrestaShop Development Services,prestashop-development-services,,,,
IT Services & Agencies,it-services-agencies,14,eCommerce Development Agencies,ecommerce-development-agencies,9,OpenCart Development Services,opencart-development-services,,,,
IT Services & Agencies,it-services-agencies,14,eCommerce Development Agencies,ecommerce-development-agencies,10,Salesforce Commerce Cloud Partners,salesforce-commerce-cloud-partners,,,,
IT Services & Agencies,it-services-agencies,14,eCommerce Development Agencies,ecommerce-development-agencies,11,Commercetools Implementation Partners,commercetools-implementation-partners,,,,
IT Services & Agencies,it-services-agencies,14,eCommerce Development Agencies,ecommerce-development-agencies,12,Spryker Implementation Partners,spryker-implementation-partners,,,,
IT Services & Agencies,it-services-agencies,14,eCommerce Development Agencies,ecommerce-development-agencies,13,Centra Implementation Partners,centra-implementation-partners,,,,
IT Services & Agencies,it-services-agencies,14,eCommerce Development Agencies,ecommerce-development-agencies,14,Swell Implementation Partners,swell-implementation-partners,,,,
IT Services & Agencies,it-services-agencies,14,eCommerce Development Agencies,ecommerce-development-agencies,15,SaaS Commerce Implementation Services,saas-commerce-implementation-services,,,,
IT Services & Agencies,it-services-agencies,14,eCommerce Development Agencies,ecommerce-development-agencies,16,Subscription Commerce Implementation,subscription-commerce-implementation,1,eCommerce Development,Subscription Commerce Dev,ecommerce-development-subscription-commerce-dev
IT Services & Agencies,it-services-agencies,14,eCommerce Development Agencies,ecommerce-development-agencies,17,Marketplace Development Services,marketplace-development-services,1,eCommerce Development,Marketplace Development,ecommerce-development-marketplace-development
IT Services & Agencies,it-services-agencies,14,eCommerce Development Agencies,ecommerce-development-agencies,18,Multi-Vendor Marketplace Builders,multi-vendor-marketplace-builders,,,,
IT Services & Agencies,it-services-agencies,14,eCommerce Development Agencies,ecommerce-development-agencies,19,B2B eCommerce Development,b2b-ecommerce-development,1,eCommerce Development,B2B eCommerce,ecommerce-development-b2b-ecommerce
IT Services & Agencies,it-services-agencies,14,eCommerce Development Agencies,ecommerce-development-agencies,20,Wholesale Portal Development,wholesale-portal-development,,,,
IT Services & Agencies,it-services-agencies,14,eCommerce Development Agencies,ecommerce-development-agencies,21,Punchout Catalog Implementation,punchout-catalog-implementation,,,,
IT Services & Agencies,it-services-agencies,14,eCommerce Development Agencies,ecommerce-development-agencies,22,Product Configurator Development,product-configurator-development,,,,
IT Services & Agencies,it-services-agencies,14,eCommerce Development Agencies,ecommerce-development-agencies,23,Quote-to-Cart Implementation,quote-to-cart-implementation,,,,
IT Services & Agencies,it-services-agencies,14,eCommerce Development Agencies,ecommerce-development-agencies,24,Headless Commerce Migrations,headless-commerce-migrations,1,eCommerce Development,Headless Commerce Dev,ecommerce-development-headless-commerce-dev
IT Services & Agencies,it-services-agencies,14,eCommerce Development Agencies,ecommerce-development-agencies,25,Replatforming Services for eCommerce,replatforming-services-for-ecommerce,,,,
IT Services & Agencies,it-services-agencies,14,eCommerce Development Agencies,ecommerce-development-agencies,26,Checkout Optimization Services,checkout-optimization-services,,,,
IT Services & Agencies,it-services-agencies,14,eCommerce Development Agencies,ecommerce-development-agencies,27,Cart Recovery Implementation,cart-recovery-implementation,,,,
IT Services & Agencies,it-services-agencies,14,eCommerce Development Agencies,ecommerce-development-agencies,28,Loyalty Program Implementation,loyalty-program-implementation,,,,
IT Services & Agencies,it-services-agencies,14,eCommerce Development Agencies,ecommerce-development-agencies,29,Reviews Integration Services,reviews-integration-services,,,,
IT Services & Agencies,it-services-agencies,14,eCommerce Development Agencies,ecommerce-development-agencies,30,ERP-to-eCommerce Integration,erp-to-ecommerce-integration,,,,
IT Services & Agencies,it-services-agencies,14,eCommerce Development Agencies,ecommerce-development-agencies,31,PIM Implementation Services,pim-implementation-services,,,,
IT Services & Agencies,it-services-agencies,14,eCommerce Development Agencies,ecommerce-development-agencies,32,OMS Implementation Services,oms-implementation-services,,,,
IT Services & Agencies,it-services-agencies,14,eCommerce Development Agencies,ecommerce-development-agencies,33,Returns Portal Implementation,returns-portal-implementation,,,,
IT Services & Agencies,it-services-agencies,15,UX & UI Design Agencies,ux-ui-design-agencies,1,UX Research Agencies,ux-research-agencies,1,Research & Strategy,Persona Development,research-strategy-persona-development
IT Services & Agencies,it-services-agencies,15,UX & UI Design Agencies,ux-ui-design-agencies,1,UX Research Agencies,ux-research-agencies,2,Research & Strategy,Customer Journey Mapping,research-strategy-customer-journey-mapping
IT Services & Agencies,it-services-agencies,15,UX & UI Design Agencies,ux-ui-design-agencies,1,UX Research Agencies,ux-research-agencies,3,Research & Strategy,Design Thinking Workshops,research-strategy-design-thinking-workshops
IT Services & Agencies,it-services-agencies,15,UX & UI Design Agencies,ux-ui-design-agencies,1,UX Research Agencies,ux-research-agencies,4,Research & Strategy,Competitive UX Analysis,research-strategy-competitive-ux-analysis
IT Services & Agencies,it-services-agencies,15,UX & UI Design Agencies,ux-ui-design-agencies,1,UX Research Agencies,ux-research-agencies,5,Research & Strategy,Analytics Review,research-strategy-analytics-review
IT Services & Agencies,it-services-agencies,15,UX & UI Design Agencies,ux-ui-design-agencies,2,User Research Recruiting Services,user-research-recruiting-services,1,Research & Strategy,User Research,research-strategy-user-research
IT Services & Agencies,it-services-agencies,15,UX & UI Design Agencies,ux-ui-design-agencies,3,Usability Testing Agencies,usability-testing-agencies,1,Research & Strategy,Usability Testing,research-strategy-usability-testing
IT Services & Agencies,it-services-agencies,15,UX & UI Design Agencies,ux-ui-design-agencies,4,Heuristic Evaluation Services,heuristic-evaluation-services,,,,
IT Services & Agencies,it-services-agencies,15,UX & UI Design Agencies,ux-ui-design-agencies,5,UX Audit Services,ux-audit-services,,,,
IT Services & Agencies,it-services-agencies,15,UX & UI Design Agencies,ux-ui-design-agencies,6,UX Strategy Consulting,ux-strategy-consulting,1,Research & Strategy,Content Strategy,research-strategy-content-strategy
IT Services & Agencies,it-services-agencies,15,UX & UI Design Agencies,ux-ui-design-agencies,7,UI Design Agencies,ui-design-agencies,1,Interface Design,Web App UI,interface-design-web-app-ui
IT Services & Agencies,it-services-agencies,15,UX & UI Design Agencies,ux-ui-design-agencies,7,UI Design Agencies,ui-design-agencies,2,Interface Design,SaaS Dashboard UI,interface-design-saas-dashboard-ui
IT Services & Agencies,it-services-agencies,15,UX & UI Design Agencies,ux-ui-design-agencies,7,UI Design Agencies,ui-design-agencies,3,Interface Design,eCommerce UI,interface-design-ecommerce-ui
IT Services & Agencies,it-services-agencies,15,UX & UI Design Agencies,ux-ui-design-agencies,7,UI Design Agencies,ui-design-agencies,4,Interface Design,Enterprise UI,interface-design-enterprise-ui
IT Services & Agencies,it-services-agencies,15,UX & UI Design Agencies,ux-ui-design-agencies,7,UI Design Agencies,ui-design-agencies,5,Interface Design,Data Visualization UI,interface-design-data-visualization-ui
IT Services & Agencies,it-services-agencies,15,UX & UI Design Agencies,ux-ui-design-agencies,7,UI Design Agencies,ui-design-agencies,6,Interface Design,IoT Interface,interface-design-iot-interface
IT Services & Agencies,it-services-agencies,15,UX & UI Design Agencies,ux-ui-design-agencies,7,UI Design Agencies,ui-design-agencies,7,Interface Design,Kiosk UI,interface-design-kiosk-ui
IT Services & Agencies,it-services-agencies,15,UX & UI Design Agencies,ux-ui-design-agencies,7,UI Design Agencies,ui-design-agencies,8,Interface Design,Wearable UI,interface-design-wearable-ui
IT Services & Agencies,it-services-agencies,15,UX & UI Design Agencies,ux-ui-design-agencies,7,UI Design Agencies,ui-design-agencies,9,Interface Design,Automotive UI,interface-design-automotive-ui
IT Services & Agencies,it-services-agencies,15,UX & UI Design Agencies,ux-ui-design-agencies,8,Mobile UI Design Studios,mobile-ui-design-studios,1,Interface Design,Mobile App UI,interface-design-mobile-app-ui
IT Services & Agencies,it-services-agencies,15,UX & UI Design Agencies,ux-ui-design-agencies,9,Dashboard Design Agencies,dashboard-design-agencies,,,,
IT Services & Agencies,it-services-agencies,15,UX & UI Design Agencies,ux-ui-design-agencies,10,SaaS UI Design Agencies,saas-ui-design-agencies,,,,
IT Services & Agencies,it-services-agencies,15,UX & UI Design Agencies,ux-ui-design-agencies,11,Design Sprint Facilitators,design-sprint-facilitators,,,,
IT Services & Agencies,it-services-agencies,15,UX & UI Design Agencies,ux-ui-design-agencies,12,Service Design Studios,service-design-studios,,,,
IT Services & Agencies,it-services-agencies,15,UX & UI Design Agencies,ux-ui-design-agencies,13,Information Architecture Consultants,information-architecture-consultants,1,Research & Strategy,Information Architecture,research-strategy-information-architecture
IT Services & Agencies,it-services-agencies,15,UX & UI Design Agencies,ux-ui-design-agencies,14,Interaction Design Studios,interaction-design-studios,,,,
IT Services & Agencies,it-services-agencies,15,UX & UI Design Agencies,ux-ui-design-agencies,15,Wireframing Services,wireframing-services,,,,
IT Services & Agencies,it-services-agencies,15,UX & UI Design Agencies,ux-ui-design-agencies,16,Clickable Prototype Services,clickable-prototype-services,,,,
IT Services & Agencies,it-services-agencies,15,UX & UI Design Agencies,ux-ui-design-agencies,17,Design System Builders,design-system-builders,1,Design Systems,Component Libraries,design-systems-component-libraries
IT Services & Agencies,it-services-agencies,15,UX & UI Design Agencies,ux-ui-design-agencies,17,Design System Builders,design-system-builders,2,Design Systems,Style Guides,design-systems-style-guides
IT Services & Agencies,it-services-agencies,15,UX & UI Design Agencies,ux-ui-design-agencies,17,Design System Builders,design-system-builders,3,Design Systems,Pattern Libraries,design-systems-pattern-libraries
IT Services & Agencies,it-services-agencies,15,UX & UI Design Agencies,ux-ui-design-agencies,17,Design System Builders,design-system-builders,4,Design Systems,Design Tokens,design-systems-design-tokens
IT Services & Agencies,it-services-agencies,15,UX & UI Design Agencies,ux-ui-design-agencies,17,Design System Builders,design-system-builders,5,Design Systems,Documentation Systems,design-systems-documentation-systems
IT Services & Agencies,it-services-agencies,15,UX & UI Design Agencies,ux-ui-design-agencies,17,Design System Builders,design-system-builders,6,Design Systems,Figma Libraries,design-systems-figma-libraries
IT Services & Agencies,it-services-agencies,15,UX & UI Design Agencies,ux-ui-design-agencies,17,Design System Builders,design-system-builders,7,Design Systems,Storybook Systems,design-systems-storybook-systems
IT Services & Agencies,it-services-agencies,15,UX & UI Design Agencies,ux-ui-design-agencies,17,Design System Builders,design-system-builders,8,Design Systems,Theme Systems,design-systems-theme-systems
IT Services & Agencies,it-services-agencies,15,UX & UI Design Agencies,ux-ui-design-agencies,17,Design System Builders,design-system-builders,9,Design Systems,Icon Systems,design-systems-icon-systems
IT Services & Agencies,it-services-agencies,15,UX & UI Design Agencies,ux-ui-design-agencies,17,Design System Builders,design-system-builders,10,Design Systems,Motion Systems,design-systems-motion-systems
IT Services & Agencies,it-services-agencies,15,UX & UI Design Agencies,ux-ui-design-agencies,18,Design System Consultants,design-system-consultants,1,Innovation Consulting,Design Sprint Facilitation,innovation-consulting-design-sprint-facilitation
IT Services & Agencies,it-services-agencies,15,UX & UI Design Agencies,ux-ui-design-agencies,19,Component Library Design Services,component-library-design-services,,,,
IT Services & Agencies,it-services-agencies,15,UX & UI Design Agencies,ux-ui-design-agencies,20,Accessibility Audit & Design Services,accessibility-audit-design-services,1,Accessible Design,WCAG Design,accessible-design-wcag-design
IT Services & Agencies,it-services-agencies,15,UX & UI Design Agencies,ux-ui-design-agencies,20,Accessibility Audit & Design Services,accessibility-audit-design-services,2,Accessible Design,ADA Compliant Design,accessible-design-ada-compliant-design
IT Services & Agencies,it-services-agencies,15,UX & UI Design Agencies,ux-ui-design-agencies,20,Accessibility Audit & Design Services,accessibility-audit-design-services,3,Accessible Design,Inclusive Design,accessible-design-inclusive-design
IT Services & Agencies,it-services-agencies,15,UX & UI Design Agencies,ux-ui-design-agencies,20,Accessibility Audit & Design Services,accessibility-audit-design-services,4,Accessible Design,Color Blind Design,accessible-design-color-blind-design
IT Services & Agencies,it-services-agencies,15,UX & UI Design Agencies,ux-ui-design-agencies,20,Accessibility Audit & Design Services,accessibility-audit-design-services,5,Accessible Design,Screen Reader Design,accessible-design-screen-reader-design
IT Services & Agencies,it-services-agencies,15,UX & UI Design Agencies,ux-ui-design-agencies,20,Accessibility Audit & Design Services,accessibility-audit-design-services,6,Accessible Design,Keyboard Accessible,accessible-design-keyboard-accessible
IT Services & Agencies,it-services-agencies,15,UX & UI Design Agencies,ux-ui-design-agencies,20,Accessibility Audit & Design Services,accessibility-audit-design-services,7,Accessible Design,Touch Target Design,accessible-design-touch-target-design
IT Services & Agencies,it-services-agencies,15,UX & UI Design Agencies,ux-ui-design-agencies,20,Accessibility Audit & Design Services,accessibility-audit-design-services,8,Accessible Design,Reduced Motion,accessible-design-reduced-motion
IT Services & Agencies,it-services-agencies,15,UX & UI Design Agencies,ux-ui-design-agencies,20,Accessibility Audit & Design Services,accessibility-audit-design-services,9,Accessible Design,High Contrast Design,accessible-design-high-contrast-design
IT Services & Agencies,it-services-agencies,15,UX & UI Design Agencies,ux-ui-design-agencies,20,Accessibility Audit & Design Services,accessibility-audit-design-services,10,Accessible Design,Plain Language Design,accessible-design-plain-language-design
IT Services & Agencies,it-services-agencies,15,UX & UI Design Agencies,ux-ui-design-agencies,20,Accessibility Audit & Design Services,accessibility-audit-design-services,11,Research & Strategy,Accessibility Audit,research-strategy-accessibility-audit
IT Services & Agencies,it-services-agencies,15,UX & UI Design Agencies,ux-ui-design-agencies,21,Inclusive Design Agencies,inclusive-design-agencies,,,,
IT Services & Agencies,it-services-agencies,15,UX & UI Design Agencies,ux-ui-design-agencies,22,Voice UI Design Studios,voice-ui-design-studios,,,,
IT Services & Agencies,it-services-agencies,15,UX & UI Design Agencies,ux-ui-design-agencies,23,Conversational Design Studios,conversational-design-studios,,,,
IT Services & Agencies,it-services-agencies,15,UX & UI Design Agencies,ux-ui-design-agencies,24,XR UX Design Studios,xr-ux-design-studios,,,,
IT Services & Agencies,it-services-agencies,16,Branding & Identity Design Agencies,branding-identity-design-agencies,1,Brand Strategy Consultancies,brand-strategy-consultancies,1,Brand Strategy,Brand Positioning,brand-strategy-brand-positioning
IT Services & Agencies,it-services-agencies,16,Branding & Identity Design Agencies,branding-identity-design-agencies,1,Brand Strategy Consultancies,brand-strategy-consultancies,2,Brand Strategy,Brand Naming,brand-strategy-brand-naming
IT Services & Agencies,it-services-agencies,16,Branding & Identity Design Agencies,branding-identity-design-agencies,1,Brand Strategy Consultancies,brand-strategy-consultancies,3,Brand Strategy,Brand Architecture,brand-strategy-brand-architecture
IT Services & Agencies,it-services-agencies,16,Branding & Identity Design Agencies,branding-identity-design-agencies,1,Brand Strategy Consultancies,brand-strategy-consultancies,4,Brand Strategy,Brand Guidelines,brand-strategy-brand-guidelines
IT Services & Agencies,it-services-agencies,16,Branding & Identity Design Agencies,branding-identity-design-agencies,1,Brand Strategy Consultancies,brand-strategy-consultancies,5,Brand Strategy,Rebranding,brand-strategy-rebranding
IT Services & Agencies,it-services-agencies,16,Branding & Identity Design Agencies,branding-identity-design-agencies,1,Brand Strategy Consultancies,brand-strategy-consultancies,6,Brand Strategy,Brand Research,brand-strategy-brand-research
IT Services & Agencies,it-services-agencies,16,Branding & Identity Design Agencies,branding-identity-design-agencies,1,Brand Strategy Consultancies,brand-strategy-consultancies,7,Brand Strategy,Competitive Analysis,brand-strategy-competitive-analysis
IT Services & Agencies,it-services-agencies,16,Branding & Identity Design Agencies,branding-identity-design-agencies,1,Brand Strategy Consultancies,brand-strategy-consultancies,8,Brand Strategy,Brand Messaging,brand-strategy-brand-messaging
IT Services & Agencies,it-services-agencies,16,Branding & Identity Design Agencies,branding-identity-design-agencies,1,Brand Strategy Consultancies,brand-strategy-consultancies,9,Brand Strategy,Brand Storytelling,brand-strategy-brand-storytelling
IT Services & Agencies,it-services-agencies,16,Branding & Identity Design Agencies,branding-identity-design-agencies,1,Brand Strategy Consultancies,brand-strategy-consultancies,10,Brand Strategy,Brand Experience,brand-strategy-brand-experience
IT Services & Agencies,it-services-agencies,16,Branding & Identity Design Agencies,branding-identity-design-agencies,2,Brand Naming Agencies,brand-naming-agencies,,,,
IT Services & Agencies,it-services-agencies,16,Branding & Identity Design Agencies,branding-identity-design-agencies,3,Brand Architecture Consultants,brand-architecture-consultants,,,,
IT Services & Agencies,it-services-agencies,16,Branding & Identity Design Agencies,branding-identity-design-agencies,4,Brand Positioning Consultants,brand-positioning-consultants,,,,
IT Services & Agencies,it-services-agencies,16,Branding & Identity Design Agencies,branding-identity-design-agencies,5,Brand Workshop Facilitators,brand-workshop-facilitators,,,,
IT Services & Agencies,it-services-agencies,16,Branding & Identity Design Agencies,branding-identity-design-agencies,6,Visual Identity Studios,visual-identity-studios,1,Visual Identity,Logo Design,visual-identity-logo-design
IT Services & Agencies,it-services-agencies,16,Branding & Identity Design Agencies,branding-identity-design-agencies,6,Visual Identity Studios,visual-identity-studios,2,Visual Identity,Brand Identity System,visual-identity-brand-identity-system
IT Services & Agencies,it-services-agencies,16,Branding & Identity Design Agencies,branding-identity-design-agencies,6,Visual Identity Studios,visual-identity-studios,3,Visual Identity,Stationery Design,visual-identity-stationery-design
IT Services & Agencies,it-services-agencies,16,Branding & Identity Design Agencies,branding-identity-design-agencies,6,Visual Identity Studios,visual-identity-studios,4,Visual Identity,Packaging Design,visual-identity-packaging-design
IT Services & Agencies,it-services-agencies,16,Branding & Identity Design Agencies,branding-identity-design-agencies,6,Visual Identity Studios,visual-identity-studios,5,Visual Identity,Signage Design,visual-identity-signage-design
IT Services & Agencies,it-services-agencies,16,Branding & Identity Design Agencies,branding-identity-design-agencies,6,Visual Identity Studios,visual-identity-studios,6,Visual Identity,Vehicle Wraps,visual-identity-vehicle-wraps
IT Services & Agencies,it-services-agencies,16,Branding & Identity Design Agencies,branding-identity-design-agencies,6,Visual Identity Studios,visual-identity-studios,7,Visual Identity,Environmental Graphics,visual-identity-environmental-graphics
IT Services & Agencies,it-services-agencies,16,Branding & Identity Design Agencies,branding-identity-design-agencies,6,Visual Identity Studios,visual-identity-studios,8,Visual Identity,Trade Show Design,visual-identity-trade-show-design
IT Services & Agencies,it-services-agencies,16,Branding & Identity Design Agencies,branding-identity-design-agencies,6,Visual Identity Studios,visual-identity-studios,9,Visual Identity,Brand Photography,visual-identity-brand-photography
IT Services & Agencies,it-services-agencies,16,Branding & Identity Design Agencies,branding-identity-design-agencies,6,Visual Identity Studios,visual-identity-studios,10,Visual Identity,Brand Videography,visual-identity-brand-videography
IT Services & Agencies,it-services-agencies,16,Branding & Identity Design Agencies,branding-identity-design-agencies,7,Logo Design Studios,logo-design-studios,,,,
IT Services & Agencies,it-services-agencies,16,Branding & Identity Design Agencies,branding-identity-design-agencies,8,Logomark Design Services,logomark-design-services,,,,
IT Services & Agencies,it-services-agencies,16,Branding & Identity Design Agencies,branding-identity-design-agencies,9,Wordmark Design Services,wordmark-design-services,,,,
IT Services & Agencies,it-services-agencies,16,Branding & Identity Design Agencies,branding-identity-design-agencies,10,Brand Guideline Designers,brand-guideline-designers,1,Motion Design,Brand Animation,motion-design-brand-animation
IT Services & Agencies,it-services-agencies,16,Branding & Identity Design Agencies,branding-identity-design-agencies,11,Brand Refresh Studios,brand-refresh-studios,,,,
IT Services & Agencies,it-services-agencies,16,Branding & Identity Design Agencies,branding-identity-design-agencies,12,Rebranding Agencies,rebranding-agencies,,,,
IT Services & Agencies,it-services-agencies,16,Branding & Identity Design Agencies,branding-identity-design-agencies,13,Brand Voice & Messaging Consultants,brand-voice-messaging-consultants,,,,
IT Services & Agencies,it-services-agencies,16,Branding & Identity Design Agencies,branding-identity-design-agencies,14,Tagline Writing Services,tagline-writing-services,,,,
IT Services & Agencies,it-services-agencies,16,Branding & Identity Design Agencies,branding-identity-design-agencies,15,Brand Storytelling Studios,brand-storytelling-studios,,,,
IT Services & Agencies,it-services-agencies,16,Branding & Identity Design Agencies,branding-identity-design-agencies,16,Brand Photography Services,brand-photography-services,,,,
IT Services & Agencies,it-services-agencies,16,Branding & Identity Design Agencies,branding-identity-design-agencies,17,Brand Video Production,brand-video-production,,,,
IT Services & Agencies,it-services-agencies,16,Branding & Identity Design Agencies,branding-identity-design-agencies,18,Brand Launch Campaign Services,brand-launch-campaign-services,,,,
IT Services & Agencies,it-services-agencies,16,Branding & Identity Design Agencies,branding-identity-design-agencies,19,Personal Branding Studios,personal-branding-studios,1,Digital Creative,Motion Graphics,digital-creative-motion-graphics
IT Services & Agencies,it-services-agencies,16,Branding & Identity Design Agencies,branding-identity-design-agencies,19,Personal Branding Studios,personal-branding-studios,2,Digital Creative,Ad Creative,digital-creative-ad-creative
IT Services & Agencies,it-services-agencies,16,Branding & Identity Design Agencies,branding-identity-design-agencies,20,Founder Personal Brand Studios,founder-personal-brand-studios,,,,
IT Services & Agencies,it-services-agencies,16,Branding & Identity Design Agencies,branding-identity-design-agencies,21,Influencer Brand Studios,influencer-brand-studios,,,,
IT Services & Agencies,it-services-agencies,17,Graphic & Print Design Services,graphic-print-design-services,1,Graphic Designers for Hire,graphic-designers-for-hire,,,,
IT Services & Agencies,it-services-agencies,17,Graphic & Print Design Services,graphic-print-design-services,2,Freelance Graphic Designers,freelance-graphic-designers,,,,
IT Services & Agencies,it-services-agencies,17,Graphic & Print Design Services,graphic-print-design-services,3,Annual Report Design Services,annual-report-design-services,,,,
IT Services & Agencies,it-services-agencies,17,Graphic & Print Design Services,graphic-print-design-services,4,Magazine Design Services,magazine-design-services,,,,
IT Services & Agencies,it-services-agencies,17,Graphic & Print Design Services,graphic-print-design-services,5,Newspaper Design Services,newspaper-design-services,,,,
IT Services & Agencies,it-services-agencies,17,Graphic & Print Design Services,graphic-print-design-services,6,Book Cover Design Services,book-cover-design-services,,,,
IT Services & Agencies,it-services-agencies,17,Graphic & Print Design Services,graphic-print-design-services,7,Book Interior Layout Services,book-interior-layout-services,,,,
IT Services & Agencies,it-services-agencies,17,Graphic & Print Design Services,graphic-print-design-services,8,eBook Design Services,ebook-design-services,,,,
IT Services & Agencies,it-services-agencies,17,Graphic & Print Design Services,graphic-print-design-services,9,Self-Publishing Design Services,self-publishing-design-services,,,,
IT Services & Agencies,it-services-agencies,17,Graphic & Print Design Services,graphic-print-design-services,10,Brochure Design Services,brochure-design-services,,,,
IT Services & Agencies,it-services-agencies,17,Graphic & Print Design Services,graphic-print-design-services,11,Trifold Design Services,trifold-design-services,,,,
IT Services & Agencies,it-services-agencies,17,Graphic & Print Design Services,graphic-print-design-services,12,Catalog Design Services,catalog-design-services,,,,
IT Services & Agencies,it-services-agencies,17,Graphic & Print Design Services,graphic-print-design-services,13,Sales Sheet Design Services,sales-sheet-design-services,,,,
IT Services & Agencies,it-services-agencies,17,Graphic & Print Design Services,graphic-print-design-services,14,Pitch Deck Design Services,pitch-deck-design-services,,,,
IT Services & Agencies,it-services-agencies,17,Graphic & Print Design Services,graphic-print-design-services,15,Investor Deck Design Services,investor-deck-design-services,,,,
IT Services & Agencies,it-services-agencies,17,Graphic & Print Design Services,graphic-print-design-services,16,Sales Deck Design Services,sales-deck-design-services,,,,
IT Services & Agencies,it-services-agencies,17,Graphic & Print Design Services,graphic-print-design-services,17,Conference Deck Design Services,conference-deck-design-services,,,,
IT Services & Agencies,it-services-agencies,17,Graphic & Print Design Services,graphic-print-design-services,18,Resume Design Services,resume-design-services,,,,
IT Services & Agencies,it-services-agencies,17,Graphic & Print Design Services,graphic-print-design-services,19,Wedding Invitation Designers,wedding-invitation-designers,,,,
IT Services & Agencies,it-services-agencies,17,Graphic & Print Design Services,graphic-print-design-services,20,Save-the-Date Designers,save-the-date-designers,,,,
IT Services & Agencies,it-services-agencies,17,Graphic & Print Design Services,graphic-print-design-services,21,Birthday Invitation Designers,birthday-invitation-designers,,,,
IT Services & Agencies,it-services-agencies,17,Graphic & Print Design Services,graphic-print-design-services,22,Holiday Card Designers,holiday-card-designers,,,,
IT Services & Agencies,it-services-agencies,17,Graphic & Print Design Services,graphic-print-design-services,23,Greeting Card Designers,greeting-card-designers,,,,
IT Services & Agencies,it-services-agencies,17,Graphic & Print Design Services,graphic-print-design-services,24,Postcard Design Services,postcard-design-services,,,,
IT Services & Agencies,it-services-agencies,17,Graphic & Print Design Services,graphic-print-design-services,25,Flyer Design Services,flyer-design-services,,,,
IT Services & Agencies,it-services-agencies,17,Graphic & Print Design Services,graphic-print-design-services,26,Poster Design Services,poster-design-services,,,,
IT Services & Agencies,it-services-agencies,17,Graphic & Print Design Services,graphic-print-design-services,27,Banner Design Services,banner-design-services,,,,
IT Services & Agencies,it-services-agencies,17,Graphic & Print Design Services,graphic-print-design-services,28,Billboard Design Services,billboard-design-services,,,,
IT Services & Agencies,it-services-agencies,17,Graphic & Print Design Services,graphic-print-design-services,29,Vehicle Wrap Design,vehicle-wrap-design,,,,
IT Services & Agencies,it-services-agencies,17,Graphic & Print Design Services,graphic-print-design-services,30,Storefront Signage Design,storefront-signage-design,,,,
IT Services & Agencies,it-services-agencies,17,Graphic & Print Design Services,graphic-print-design-services,31,T-Shirt Graphic Design Services,t-shirt-graphic-design-services,,,,
IT Services & Agencies,it-services-agencies,17,Graphic & Print Design Services,graphic-print-design-services,32,Apparel Graphic Design,apparel-graphic-design,,,,
IT Services & Agencies,it-services-agencies,17,Graphic & Print Design Services,graphic-print-design-services,33,Sticker Design Services,sticker-design-services,,,,
IT Services & Agencies,it-services-agencies,17,Graphic & Print Design Services,graphic-print-design-services,34,Label Design Services,label-design-services,,,,
IT Services & Agencies,it-services-agencies,17,Graphic & Print Design Services,graphic-print-design-services,35,Packaging Design Services,packaging-design-services,,,,
IT Services & Agencies,it-services-agencies,17,Graphic & Print Design Services,graphic-print-design-services,36,Bottle Label Design Services,bottle-label-design-services,,,,
IT Services & Agencies,it-services-agencies,17,Graphic & Print Design Services,graphic-print-design-services,37,Wine Label Design Services,wine-label-design-services,,,,
IT Services & Agencies,it-services-agencies,17,Graphic & Print Design Services,graphic-print-design-services,38,Beer Label Design Services,beer-label-design-services,,,,
IT Services & Agencies,it-services-agencies,17,Graphic & Print Design Services,graphic-print-design-services,39,Cosmetics Packaging Design,cosmetics-packaging-design,,,,
IT Services & Agencies,it-services-agencies,17,Graphic & Print Design Services,graphic-print-design-services,40,Food Packaging Design Services,food-packaging-design-services,,,,
IT Services & Agencies,it-services-agencies,17,Graphic & Print Design Services,graphic-print-design-services,41,Print Production Management Services,print-production-management-services,,,,
IT Services & Agencies,it-services-agencies,18,Industrial & Product Design Studios,industrial-product-design-studios,1,Industrial Design Studios,industrial-design-studios,,,,
IT Services & Agencies,it-services-agencies,18,Industrial & Product Design Studios,industrial-product-design-studios,2,Consumer Product Design Studios,consumer-product-design-studios,1,Product Design Physical,Consumer Product Design,product-design-physical-consumer-product-design
IT Services & Agencies,it-services-agencies,18,Industrial & Product Design Studios,industrial-product-design-studios,2,Consumer Product Design Studios,consumer-product-design-studios,2,Product Design Physical,Packaging Engineering,product-design-physical-packaging-engineering
IT Services & Agencies,it-services-agencies,18,Industrial & Product Design Studios,industrial-product-design-studios,2,Consumer Product Design Studios,consumer-product-design-studios,3,Product Design Physical,Sports Equipment Design,product-design-physical-sports-equipment-design
IT Services & Agencies,it-services-agencies,18,Industrial & Product Design Studios,industrial-product-design-studios,2,Consumer Product Design Studios,consumer-product-design-studios,4,Product Design Physical,Wearable Design,product-design-physical-wearable-design
IT Services & Agencies,it-services-agencies,18,Industrial & Product Design Studios,industrial-product-design-studios,2,Consumer Product Design Studios,consumer-product-design-studios,5,Product Design Physical,Kitchen Product Design,product-design-physical-kitchen-product-design
IT Services & Agencies,it-services-agencies,18,Industrial & Product Design Studios,industrial-product-design-studios,2,Consumer Product Design Studios,consumer-product-design-studios,6,Product Strategy,Product Discovery,product-strategy-product-discovery
IT Services & Agencies,it-services-agencies,18,Industrial & Product Design Studios,industrial-product-design-studios,2,Consumer Product Design Studios,consumer-product-design-studios,7,Product Strategy,MVP Design,product-strategy-mvp-design
IT Services & Agencies,it-services-agencies,18,Industrial & Product Design Studios,industrial-product-design-studios,2,Consumer Product Design Studios,consumer-product-design-studios,8,Product Strategy,Feature Prioritization,product-strategy-feature-prioritization
IT Services & Agencies,it-services-agencies,18,Industrial & Product Design Studios,industrial-product-design-studios,2,Consumer Product Design Studios,consumer-product-design-studios,9,Product Strategy,Product Roadmap,product-strategy-product-roadmap
IT Services & Agencies,it-services-agencies,18,Industrial & Product Design Studios,industrial-product-design-studios,2,Consumer Product Design Studios,consumer-product-design-studios,10,Product Strategy,User Story Mapping,product-strategy-user-story-mapping
IT Services & Agencies,it-services-agencies,18,Industrial & Product Design Studios,industrial-product-design-studios,2,Consumer Product Design Studios,consumer-product-design-studios,11,Product Strategy,Prototype Testing,product-strategy-prototype-testing
IT Services & Agencies,it-services-agencies,18,Industrial & Product Design Studios,industrial-product-design-studios,2,Consumer Product Design Studios,consumer-product-design-studios,12,Product Strategy,Beta Program Design,product-strategy-beta-program-design
IT Services & Agencies,it-services-agencies,18,Industrial & Product Design Studios,industrial-product-design-studios,2,Consumer Product Design Studios,consumer-product-design-studios,13,Product Strategy,Product Analytics,product-strategy-product-analytics
IT Services & Agencies,it-services-agencies,18,Industrial & Product Design Studios,industrial-product-design-studios,2,Consumer Product Design Studios,consumer-product-design-studios,14,Product Strategy,A/B Testing,product-strategy-a-b-testing
IT Services & Agencies,it-services-agencies,18,Industrial & Product Design Studios,industrial-product-design-studios,2,Consumer Product Design Studios,consumer-product-design-studios,15,Product Strategy,Growth Design,product-strategy-growth-design
IT Services & Agencies,it-services-agencies,18,Industrial & Product Design Studios,industrial-product-design-studios,3,Hardware Product Design Studios,hardware-product-design-studios,,,,
IT Services & Agencies,it-services-agencies,18,Industrial & Product Design Studios,industrial-product-design-studios,4,Electronics Product Design,electronics-product-design,1,Product Design Physical,Electronics Design,product-design-physical-electronics-design
IT Services & Agencies,it-services-agencies,18,Industrial & Product Design Studios,industrial-product-design-studios,5,Wearables Product Design,wearables-product-design,,,,
IT Services & Agencies,it-services-agencies,18,Industrial & Product Design Studios,industrial-product-design-studios,6,Toy Design Studios,toy-design-studios,1,Product Design Physical,Toy Design,product-design-physical-toy-design
IT Services & Agencies,it-services-agencies,18,Industrial & Product Design Studios,industrial-product-design-studios,7,Furniture Design Studios,furniture-design-studios,1,Product Design Physical,Furniture Design,product-design-physical-furniture-design
IT Services & Agencies,it-services-agencies,18,Industrial & Product Design Studios,industrial-product-design-studios,8,Lighting Design Studios,lighting-design-studios,,,,
IT Services & Agencies,it-services-agencies,18,Industrial & Product Design Studios,industrial-product-design-studios,9,Kitchenware Design Studios,kitchenware-design-studios,,,,
IT Services & Agencies,it-services-agencies,18,Industrial & Product Design Studios,industrial-product-design-studios,10,Medical Device Design Studios,medical-device-design-studios,1,Product Design Physical,Medical Device Design,product-design-physical-medical-device-design
IT Services & Agencies,it-services-agencies,18,Industrial & Product Design Studios,industrial-product-design-studios,11,Automotive Design Studios,automotive-design-studios,1,Product Design Physical,Automotive Design,product-design-physical-automotive-design
IT Services & Agencies,it-services-agencies,18,Industrial & Product Design Studios,industrial-product-design-studios,12,E-Bike Design Studios,e-bike-design-studios,,,,
IT Services & Agencies,it-services-agencies,18,Industrial & Product Design Studios,industrial-product-design-studios,13,Drone Design Studios,drone-design-studios,,,,
IT Services & Agencies,it-services-agencies,18,Industrial & Product Design Studios,industrial-product-design-studios,14,Robotics Product Design,robotics-product-design,,,,
IT Services & Agencies,it-services-agencies,18,Industrial & Product Design Studios,industrial-product-design-studios,15,CMF Design Services,cmf-design-services,,,,
IT Services & Agencies,it-services-agencies,18,Industrial & Product Design Studios,industrial-product-design-studios,16,Concept Sketching Services,concept-sketching-services,,,,
IT Services & Agencies,it-services-agencies,18,Industrial & Product Design Studios,industrial-product-design-studios,17,3D Modeling for Manufacturing,3d-modeling-for-manufacturing,,,,
IT Services & Agencies,it-services-agencies,18,Industrial & Product Design Studios,industrial-product-design-studios,18,CAD Design Services,cad-design-services,,,,
IT Services & Agencies,it-services-agencies,18,Industrial & Product Design Studios,industrial-product-design-studios,19,Design for Manufacturing Services,design-for-manufacturing-services,,,,
IT Services & Agencies,it-services-agencies,18,Industrial & Product Design Studios,industrial-product-design-studios,20,Prototyping Services,prototyping-services,,,,
IT Services & Agencies,it-services-agencies,18,Industrial & Product Design Studios,industrial-product-design-studios,21,3D Printing Prototype Services,3d-printing-prototype-services,,,,
IT Services & Agencies,it-services-agencies,18,Industrial & Product Design Studios,industrial-product-design-studios,22,CNC Prototype Services,cnc-prototype-services,,,,
IT Services & Agencies,it-services-agencies,18,Industrial & Product Design Studios,industrial-product-design-studios,23,Injection Molding Design Services,injection-molding-design-services,,,,
IT Services & Agencies,it-services-agencies,18,Industrial & Product Design Studios,industrial-product-design-studios,24,Patent Drawing Services,patent-drawing-services,,,,
IT Services & Agencies,it-services-agencies,18,Industrial & Product Design Studios,industrial-product-design-studios,25,Design Patent Services,design-patent-services,,,,
IT Services & Agencies,it-services-agencies,19,Architecture & Interior Design Services,architecture-interior-design-services,1,Residential Architecture Firms,residential-architecture-firms,,,,
IT Services & Agencies,it-services-agencies,19,Architecture & Interior Design Services,architecture-interior-design-services,2,Commercial Architecture Firms,commercial-architecture-firms,,,,
IT Services & Agencies,it-services-agencies,19,Architecture & Interior Design Services,architecture-interior-design-services,3,Hospitality Architecture Studios,hospitality-architecture-studios,,,,
IT Services & Agencies,it-services-agencies,19,Architecture & Interior Design Services,architecture-interior-design-services,4,Restaurant Architecture Studios,restaurant-architecture-studios,,,,
IT Services & Agencies,it-services-agencies,19,Architecture & Interior Design Services,architecture-interior-design-services,5,Retail Architecture Studios,retail-architecture-studios,,,,
IT Services & Agencies,it-services-agencies,19,Architecture & Interior Design Services,architecture-interior-design-services,6,Healthcare Architecture Studios,healthcare-architecture-studios,,,,
IT Services & Agencies,it-services-agencies,19,Architecture & Interior Design Services,architecture-interior-design-services,7,Workplace Architecture Studios,workplace-architecture-studios,,,,
IT Services & Agencies,it-services-agencies,19,Architecture & Interior Design Services,architecture-interior-design-services,8,Sustainable Architecture Firms,sustainable-architecture-firms,,,,
IT Services & Agencies,it-services-agencies,19,Architecture & Interior Design Services,architecture-interior-design-services,9,Renovation Architecture Services,renovation-architecture-services,,,,
IT Services & Agencies,it-services-agencies,19,Architecture & Interior Design Services,architecture-interior-design-services,10,Historic Preservation Firms,historic-preservation-firms,,,,
IT Services & Agencies,it-services-agencies,19,Architecture & Interior Design Services,architecture-interior-design-services,11,Landscape Architecture Firms,landscape-architecture-firms,,,,
IT Services & Agencies,it-services-agencies,19,Architecture & Interior Design Services,architecture-interior-design-services,12,Urban Design Studios,urban-design-studios,,,,
IT Services & Agencies,it-services-agencies,19,Architecture & Interior Design Services,architecture-interior-design-services,13,Interior Design Studios,interior-design-studios,1,Space Design,Hotel Interior,space-design-hotel-interior
IT Services & Agencies,it-services-agencies,19,Architecture & Interior Design Services,architecture-interior-design-services,13,Interior Design Studios,interior-design-studios,2,Space Design,Healthcare Interior,space-design-healthcare-interior
IT Services & Agencies,it-services-agencies,19,Architecture & Interior Design Services,architecture-interior-design-services,13,Interior Design Studios,interior-design-studios,3,Space Design,Education Interior,space-design-education-interior
IT Services & Agencies,it-services-agencies,19,Architecture & Interior Design Services,architecture-interior-design-services,14,Residential Interior Designers,residential-interior-designers,1,Space Design,Residential Interior,space-design-residential-interior
IT Services & Agencies,it-services-agencies,19,Architecture & Interior Design Services,architecture-interior-design-services,15,Commercial Interior Designers,commercial-interior-designers,,,,
IT Services & Agencies,it-services-agencies,19,Architecture & Interior Design Services,architecture-interior-design-services,16,Hospitality Interior Designers,hospitality-interior-designers,,,,
IT Services & Agencies,it-services-agencies,19,Architecture & Interior Design Services,architecture-interior-design-services,17,Restaurant Interior Designers,restaurant-interior-designers,1,Space Design,Restaurant Interior,space-design-restaurant-interior
IT Services & Agencies,it-services-agencies,19,Architecture & Interior Design Services,architecture-interior-design-services,18,Retail Interior Designers,retail-interior-designers,1,Space Design,Retail Interior,space-design-retail-interior
IT Services & Agencies,it-services-agencies,19,Architecture & Interior Design Services,architecture-interior-design-services,19,Office Interior Designers,office-interior-designers,1,Space Design,Office Interior,space-design-office-interior
IT Services & Agencies,it-services-agencies,19,Architecture & Interior Design Services,architecture-interior-design-services,20,Workspace Design Studios,workspace-design-studios,,,,
IT Services & Agencies,it-services-agencies,19,Architecture & Interior Design Services,architecture-interior-design-services,21,Coworking Space Designers,coworking-space-designers,1,Space Design,Coworking Design,space-design-coworking-design
IT Services & Agencies,it-services-agencies,19,Architecture & Interior Design Services,architecture-interior-design-services,21,Coworking Space Designers,coworking-space-designers,2,Space Design,Exhibition Design,space-design-exhibition-design
IT Services & Agencies,it-services-agencies,19,Architecture & Interior Design Services,architecture-interior-design-services,21,Coworking Space Designers,coworking-space-designers,3,Space Design,Pop-Up Shop Design,space-design-pop-up-shop-design
IT Services & Agencies,it-services-agencies,19,Architecture & Interior Design Services,architecture-interior-design-services,22,Home Staging Services,home-staging-services,,,,
IT Services & Agencies,it-services-agencies,19,Architecture & Interior Design Services,architecture-interior-design-services,23,Virtual Staging Services,virtual-staging-services,,,,
IT Services & Agencies,it-services-agencies,19,Architecture & Interior Design Services,architecture-interior-design-services,24,Kitchen Design Services,kitchen-design-services,,,,
IT Services & Agencies,it-services-agencies,19,Architecture & Interior Design Services,architecture-interior-design-services,25,Bathroom Design Services,bathroom-design-services,,,,
IT Services & Agencies,it-services-agencies,19,Architecture & Interior Design Services,architecture-interior-design-services,26,Closet Design Services,closet-design-services,,,,
IT Services & Agencies,it-services-agencies,19,Architecture & Interior Design Services,architecture-interior-design-services,27,Outdoor Living Designers,outdoor-living-designers,,,,
IT Services & Agencies,it-services-agencies,19,Architecture & Interior Design Services,architecture-interior-design-services,28,Patio Design Services,patio-design-services,,,,
IT Services & Agencies,it-services-agencies,19,Architecture & Interior Design Services,architecture-interior-design-services,29,Pool Design Services,pool-design-services,,,,
IT Services & Agencies,it-services-agencies,19,Architecture & Interior Design Services,architecture-interior-design-services,30,Garden Design Services,garden-design-services,,,,
IT Services & Agencies,it-services-agencies,20,Photography Services,photography-services,1,Wedding Photographers,wedding-photographers,,,,
IT Services & Agencies,it-services-agencies,20,Photography Services,photography-services,2,Engagement Photographers,engagement-photographers,,,,
IT Services & Agencies,it-services-agencies,20,Photography Services,photography-services,3,Elopement Photographers,elopement-photographers,,,,
IT Services & Agencies,it-services-agencies,20,Photography Services,photography-services,4,Bridal Boudoir Photographers,bridal-boudoir-photographers,,,,
IT Services & Agencies,it-services-agencies,20,Photography Services,photography-services,5,Maternity Photographers,maternity-photographers,,,,
IT Services & Agencies,it-services-agencies,20,Photography Services,photography-services,6,Newborn Photographers,newborn-photographers,,,,
IT Services & Agencies,it-services-agencies,20,Photography Services,photography-services,7,Family Portrait Photographers,family-portrait-photographers,,,,
IT Services & Agencies,it-services-agencies,20,Photography Services,photography-services,8,Senior Portrait Photographers,senior-portrait-photographers,,,,
IT Services & Agencies,it-services-agencies,20,Photography Services,photography-services,9,Headshot Photographers,headshot-photographers,,,,
IT Services & Agencies,it-services-agencies,20,Photography Services,photography-services,10,Business Headshot Studios,business-headshot-studios,,,,
IT Services & Agencies,it-services-agencies,20,Photography Services,photography-services,11,Personal Branding Photographers,personal-branding-photographers,,,,
IT Services & Agencies,it-services-agencies,20,Photography Services,photography-services,12,Actor Headshot Photographers,actor-headshot-photographers,,,,
IT Services & Agencies,it-services-agencies,20,Photography Services,photography-services,13,Model Portfolio Photographers,model-portfolio-photographers,,,,
IT Services & Agencies,it-services-agencies,20,Photography Services,photography-services,14,Pet Portrait Photographers,pet-portrait-photographers,,,,
IT Services & Agencies,it-services-agencies,20,Photography Services,photography-services,15,Event Photographers,event-photographers,,,,
IT Services & Agencies,it-services-agencies,20,Photography Services,photography-services,16,Conference Photographers,conference-photographers,,,,
IT Services & Agencies,it-services-agencies,20,Photography Services,photography-services,17,Corporate Event Photographers,corporate-event-photographers,,,,
IT Services & Agencies,it-services-agencies,20,Photography Services,photography-services,18,Birthday Party Photographers,birthday-party-photographers,,,,
IT Services & Agencies,it-services-agencies,20,Photography Services,photography-services,19,Quinceañera Photographers,quinceaera-photographers,,,,
IT Services & Agencies,it-services-agencies,20,Photography Services,photography-services,20,Bar Mitzvah Photographers,bar-mitzvah-photographers,,,,
IT Services & Agencies,it-services-agencies,20,Photography Services,photography-services,21,Sports Event Photographers,sports-event-photographers,,,,
IT Services & Agencies,it-services-agencies,20,Photography Services,photography-services,22,Concert Photographers,concert-photographers,,,,
IT Services & Agencies,it-services-agencies,20,Photography Services,photography-services,23,Real Estate Photographers,real-estate-photographers,,,,
IT Services & Agencies,it-services-agencies,20,Photography Services,photography-services,24,Architectural Photographers,architectural-photographers,,,,
IT Services & Agencies,it-services-agencies,20,Photography Services,photography-services,25,Aerial Real Estate Photographers,aerial-real-estate-photographers,,,,
IT Services & Agencies,it-services-agencies,20,Photography Services,photography-services,26,3D Tour Photographers,3d-tour-photographers,,,,
IT Services & Agencies,it-services-agencies,20,Photography Services,photography-services,27,Matterport Scan Services,matterport-scan-services,,,,
IT Services & Agencies,it-services-agencies,20,Photography Services,photography-services,28,Product Photographers,product-photographers,,,,
IT Services & Agencies,it-services-agencies,20,Photography Services,photography-services,29,Food Photographers,food-photographers,,,,
IT Services & Agencies,it-services-agencies,20,Photography Services,photography-services,30,Restaurant Photographers,restaurant-photographers,,,,
IT Services & Agencies,it-services-agencies,20,Photography Services,photography-services,31,Fashion Photographers,fashion-photographers,,,,
IT Services & Agencies,it-services-agencies,20,Photography Services,photography-services,32,Lookbook Photographers,lookbook-photographers,,,,
IT Services & Agencies,it-services-agencies,20,Photography Services,photography-services,33,Catalog Photographers,catalog-photographers,,,,
IT Services & Agencies,it-services-agencies,20,Photography Services,photography-services,34,Jewelry Photographers,jewelry-photographers,,,,
IT Services & Agencies,it-services-agencies,20,Photography Services,photography-services,35,Cosmetics Photographers,cosmetics-photographers,,,,
IT Services & Agencies,it-services-agencies,20,Photography Services,photography-services,36,Editorial Photographers,editorial-photographers,,,,
IT Services & Agencies,it-services-agencies,20,Photography Services,photography-services,37,Lifestyle Photographers,lifestyle-photographers,,,,
IT Services & Agencies,it-services-agencies,20,Photography Services,photography-services,38,Travel Photographers,travel-photographers,,,,
IT Services & Agencies,it-services-agencies,20,Photography Services,photography-services,39,Documentary Photographers,documentary-photographers,,,,
IT Services & Agencies,it-services-agencies,20,Photography Services,photography-services,40,Photo Booth Rental Services,photo-booth-rental-services,,,,
IT Services & Agencies,it-services-agencies,20,Photography Services,photography-services,41,Photo Restoration Services,photo-restoration-services,,,,
IT Services & Agencies,it-services-agencies,20,Photography Services,photography-services,42,Photo Retouching Services,photo-retouching-services,,,,
IT Services & Agencies,it-services-agencies,20,Photography Services,photography-services,43,Wedding Album Design Services,wedding-album-design-services,,,,
IT Services & Agencies,it-services-agencies,20,Photography Services,photography-services,44,Stock Photography Sellers,stock-photography-sellers,,,,
IT Services & Agencies,it-services-agencies,21,Video Production Companies,video-production-companies,1,Corporate Video Production,corporate-video-production,,,,
IT Services & Agencies,it-services-agencies,21,Video Production Companies,video-production-companies,2,Commercial Video Production,commercial-video-production,,,,
IT Services & Agencies,it-services-agencies,21,Video Production Companies,video-production-companies,3,TV Commercial Production,tv-commercial-production,,,,
IT Services & Agencies,it-services-agencies,21,Video Production Companies,video-production-companies,4,Explainer Video Production,explainer-video-production,,,,
IT Services & Agencies,it-services-agencies,21,Video Production Companies,video-production-companies,5,Whiteboard Video Production,whiteboard-video-production,,,,
IT Services & Agencies,it-services-agencies,21,Video Production Companies,video-production-companies,6,Animated Explainer Studios,animated-explainer-studios,,,,
IT Services & Agencies,it-services-agencies,21,Video Production Companies,video-production-companies,7,Live Action Video Production,live-action-video-production,,,,
IT Services & Agencies,it-services-agencies,21,Video Production Companies,video-production-companies,8,Product Video Production,product-video-production,,,,
IT Services & Agencies,it-services-agencies,21,Video Production Companies,video-production-companies,9,Crowdfunding Video Production,crowdfunding-video-production,,,,
IT Services & Agencies,it-services-agencies,21,Video Production Companies,video-production-companies,10,Kickstarter Video Production,kickstarter-video-production,,,,
IT Services & Agencies,it-services-agencies,21,Video Production Companies,video-production-companies,11,Fundraising Video Production,fundraising-video-production,,,,
IT Services & Agencies,it-services-agencies,21,Video Production Companies,video-production-companies,12,Nonprofit Video Production,nonprofit-video-production,,,,
IT Services & Agencies,it-services-agencies,21,Video Production Companies,video-production-companies,13,Wedding Videographers,wedding-videographers,,,,
IT Services & Agencies,it-services-agencies,21,Video Production Companies,video-production-companies,14,Engagement Videographers,engagement-videographers,,,,
IT Services & Agencies,it-services-agencies,21,Video Production Companies,video-production-companies,15,Event Videographers,event-videographers,,,,
IT Services & Agencies,it-services-agencies,21,Video Production Companies,video-production-companies,16,Conference Videographers,conference-videographers,,,,
IT Services & Agencies,it-services-agencies,21,Video Production Companies,video-production-companies,17,Concert Videographers,concert-videographers,,,,
IT Services & Agencies,it-services-agencies,21,Video Production Companies,video-production-companies,18,Music Video Production Companies,music-video-production-companies,,,,
IT Services & Agencies,it-services-agencies,21,Video Production Companies,video-production-companies,19,Documentary Filmmakers,documentary-filmmakers,,,,
IT Services & Agencies,it-services-agencies,21,Video Production Companies,video-production-companies,20,Short Film Production,short-film-production,,,,
IT Services & Agencies,it-services-agencies,21,Video Production Companies,video-production-companies,21,Feature Film Production,feature-film-production,,,,
IT Services & Agencies,it-services-agencies,21,Video Production Companies,video-production-companies,22,Real Estate Videographers,real-estate-videographers,,,,
IT Services & Agencies,it-services-agencies,21,Video Production Companies,video-production-companies,23,Drone Videographers,drone-videographers,,,,
IT Services & Agencies,it-services-agencies,21,Video Production Companies,video-production-companies,24,Aerial Videographers,aerial-videographers,,,,
IT Services & Agencies,it-services-agencies,21,Video Production Companies,video-production-companies,25,Social Media Video Studios,social-media-video-studios,,,,
IT Services & Agencies,it-services-agencies,21,Video Production Companies,video-production-companies,26,TikTok Video Production,tiktok-video-production,,,,
IT Services & Agencies,it-services-agencies,21,Video Production Companies,video-production-companies,27,Reels Video Production,reels-video-production,,,,
IT Services & Agencies,it-services-agencies,21,Video Production Companies,video-production-companies,28,UGC Video Production Studios,ugc-video-production-studios,,,,
IT Services & Agencies,it-services-agencies,21,Video Production Companies,video-production-companies,29,Influencer Video Production,influencer-video-production,,,,
IT Services & Agencies,it-services-agencies,21,Video Production Companies,video-production-companies,30,Podcast Video Production,podcast-video-production,,,,
IT Services & Agencies,it-services-agencies,21,Video Production Companies,video-production-companies,31,Video Podcast Studios,video-podcast-studios,,,,
IT Services & Agencies,it-services-agencies,21,Video Production Companies,video-production-companies,32,Sermon Video Production,sermon-video-production,,,,
IT Services & Agencies,it-services-agencies,21,Video Production Companies,video-production-companies,33,Worship Video Production,worship-video-production,,,,
IT Services & Agencies,it-services-agencies,21,Video Production Companies,video-production-companies,34,Sports Highlight Videographers,sports-highlight-videographers,,,,
IT Services & Agencies,it-services-agencies,21,Video Production Companies,video-production-companies,35,High School Sports Videographers,high-school-sports-videographers,,,,
IT Services & Agencies,it-services-agencies,21,Video Production Companies,video-production-companies,36,YouTube Video Production,youtube-video-production,,,,
IT Services & Agencies,it-services-agencies,21,Video Production Companies,video-production-companies,37,Educational Video Production,educational-video-production,,,,
IT Services & Agencies,it-services-agencies,21,Video Production Companies,video-production-companies,38,Course Video Production,course-video-production,,,,
IT Services & Agencies,it-services-agencies,21,Video Production Companies,video-production-companies,39,Video Editing Services,video-editing-services,,,,
IT Services & Agencies,it-services-agencies,21,Video Production Companies,video-production-companies,40,Color Grading Services,color-grading-services,,,,
IT Services & Agencies,it-services-agencies,21,Video Production Companies,video-production-companies,41,Subtitle & Caption Services,subtitle-caption-services,,,,
IT Services & Agencies,it-services-agencies,21,Video Production Companies,video-production-companies,42,Video Translation & Dubbing Services,video-translation-dubbing-services,,,,
IT Services & Agencies,it-services-agencies,21,Video Production Companies,video-production-companies,43,Stock Footage Sellers,stock-footage-sellers,,,,
IT Services & Agencies,it-services-agencies,22,Animation & Motion Design Studios,animation-motion-design-studios,1,2D Animation Studios,2d-animation-studios,,,,
IT Services & Agencies,it-services-agencies,22,Animation & Motion Design Studios,animation-motion-design-studios,2,3D Animation Studios,3d-animation-studios,1,Motion Design,Product Demo Animation,motion-design-product-demo-animation
IT Services & Agencies,it-services-agencies,22,Animation & Motion Design Studios,animation-motion-design-studios,2,3D Animation Studios,3d-animation-studios,2,Motion Design,Social Media Animation,motion-design-social-media-animation
IT Services & Agencies,it-services-agencies,22,Animation & Motion Design Studios,animation-motion-design-studios,2,3D Animation Studios,3d-animation-studios,3,Motion Design,Data Visualization Animation,motion-design-data-visualization-animation
IT Services & Agencies,it-services-agencies,22,Animation & Motion Design Studios,animation-motion-design-studios,2,3D Animation Studios,3d-animation-studios,4,Motion Design,Interactive Animation,motion-design-interactive-animation
IT Services & Agencies,it-services-agencies,22,Animation & Motion Design Studios,animation-motion-design-studios,3,Motion Graphics Studios,motion-graphics-studios,1,Motion Design,Explainer Animations,motion-design-explainer-animations
IT Services & Agencies,it-services-agencies,22,Animation & Motion Design Studios,animation-motion-design-studios,3,Motion Graphics Studios,motion-graphics-studios,2,Motion Design,Onboarding Animations,motion-design-onboarding-animations
IT Services & Agencies,it-services-agencies,22,Animation & Motion Design Studios,animation-motion-design-studios,3,Motion Graphics Studios,motion-graphics-studios,3,Motion Design,AR Filters,motion-design-ar-filters
IT Services & Agencies,it-services-agencies,22,Animation & Motion Design Studios,animation-motion-design-studios,3,Motion Graphics Studios,motion-graphics-studios,4,Motion Design,Lottie Animations,motion-design-lottie-animations
IT Services & Agencies,it-services-agencies,22,Animation & Motion Design Studios,animation-motion-design-studios,3,Motion Graphics Studios,motion-graphics-studios,5,Motion Design,Web Animations,motion-design-web-animations
IT Services & Agencies,it-services-agencies,22,Animation & Motion Design Studios,animation-motion-design-studios,4,Title Sequence Designers,title-sequence-designers,,,,
IT Services & Agencies,it-services-agencies,22,Animation & Motion Design Studios,animation-motion-design-studios,5,Logo Animation Services,logo-animation-services,,,,
IT Services & Agencies,it-services-agencies,22,Animation & Motion Design Studios,animation-motion-design-studios,6,Animated Logo Reveal Services,animated-logo-reveal-services,,,,
IT Services & Agencies,it-services-agencies,22,Animation & Motion Design Studios,animation-motion-design-studios,7,Kinetic Typography Studios,kinetic-typography-studios,,,,
IT Services & Agencies,it-services-agencies,22,Animation & Motion Design Studios,animation-motion-design-studios,8,Character Animation Studios,character-animation-studios,,,,
IT Services & Agencies,it-services-agencies,22,Animation & Motion Design Studios,animation-motion-design-studios,9,Cartoon Animation Studios,cartoon-animation-studios,,,,
IT Services & Agencies,it-services-agencies,22,Animation & Motion Design Studios,animation-motion-design-studios,10,Stop Motion Studios,stop-motion-studios,,,,
IT Services & Agencies,it-services-agencies,22,Animation & Motion Design Studios,animation-motion-design-studios,11,Claymation Studios,claymation-studios,,,,
IT Services & Agencies,it-services-agencies,22,Animation & Motion Design Studios,animation-motion-design-studios,12,Whiteboard Animation Studios,whiteboard-animation-studios,,,,
IT Services & Agencies,it-services-agencies,22,Animation & Motion Design Studios,animation-motion-design-studios,13,Cutout Animation Studios,cutout-animation-studios,,,,
IT Services & Agencies,it-services-agencies,22,Animation & Motion Design Studios,animation-motion-design-studios,14,Hand-Drawn Animation Studios,hand-drawn-animation-studios,,,,
IT Services & Agencies,it-services-agencies,22,Animation & Motion Design Studios,animation-motion-design-studios,16,Educational Animation Studios,educational-animation-studios,,,,
IT Services & Agencies,it-services-agencies,22,Animation & Motion Design Studios,animation-motion-design-studios,17,Medical Animation Studios,medical-animation-studios,,,,
IT Services & Agencies,it-services-agencies,22,Animation & Motion Design Studios,animation-motion-design-studios,18,Architectural Animation Studios,architectural-animation-studios,,,,
IT Services & Agencies,it-services-agencies,22,Animation & Motion Design Studios,animation-motion-design-studios,19,Product Animation Studios,product-animation-studios,,,,
IT Services & Agencies,it-services-agencies,22,Animation & Motion Design Studios,animation-motion-design-studios,20,Animated Ad Studios,animated-ad-studios,,,,
IT Services & Agencies,it-services-agencies,22,Animation & Motion Design Studios,animation-motion-design-studios,21,Animated Music Video Studios,animated-music-video-studios,,,,
IT Services & Agencies,it-services-agencies,22,Animation & Motion Design Studios,animation-motion-design-studios,22,Animated Series Studios,animated-series-studios,,,,
IT Services & Agencies,it-services-agencies,22,Animation & Motion Design Studios,animation-motion-design-studios,23,Indie Animation Studios,indie-animation-studios,,,,
IT Services & Agencies,it-services-agencies,22,Animation & Motion Design Studios,animation-motion-design-studios,24,Game Cinematic Studios,game-cinematic-studios,,,,
IT Services & Agencies,it-services-agencies,22,Animation & Motion Design Studios,animation-motion-design-studios,25,VFX Studios,vfx-studios,,,,
IT Services & Agencies,it-services-agencies,22,Animation & Motion Design Studios,animation-motion-design-studios,26,Compositing Services,compositing-services,,,,
IT Services & Agencies,it-services-agencies,22,Animation & Motion Design Studios,animation-motion-design-studios,27,Rotoscoping Services,rotoscoping-services,,,,
IT Services & Agencies,it-services-agencies,22,Animation & Motion Design Studios,animation-motion-design-studios,28,Match Move Services,match-move-services,,,,
IT Services & Agencies,it-services-agencies,22,Animation & Motion Design Studios,animation-motion-design-studios,29,CGI Studios,cgi-studios,,,,
IT Services & Agencies,it-services-agencies,23,Audio Production & Voice Over Services,audio-production-voice-over-services,1,Recording Studios,recording-studios,,,,
IT Services & Agencies,it-services-agencies,23,Audio Production & Voice Over Services,audio-production-voice-over-services,2,Music Recording Studios,music-recording-studios,,,,
IT Services & Agencies,it-services-agencies,23,Audio Production & Voice Over Services,audio-production-voice-over-services,3,Vocal Recording Studios,vocal-recording-studios,,,,
IT Services & Agencies,it-services-agencies,23,Audio Production & Voice Over Services,audio-production-voice-over-services,4,Mixing Engineers,mixing-engineers,,,,
IT Services & Agencies,it-services-agencies,23,Audio Production & Voice Over Services,audio-production-voice-over-services,5,Mastering Engineers,mastering-engineers,,,,
IT Services & Agencies,it-services-agencies,23,Audio Production & Voice Over Services,audio-production-voice-over-services,6,Online Mixing Services,online-mixing-services,,,,
IT Services & Agencies,it-services-agencies,23,Audio Production & Voice Over Services,audio-production-voice-over-services,7,Online Mastering Services,online-mastering-services,,,,
IT Services & Agencies,it-services-agencies,23,Audio Production & Voice Over Services,audio-production-voice-over-services,8,Music Production Services,music-production-services,,,,
IT Services & Agencies,it-services-agencies,23,Audio Production & Voice Over Services,audio-production-voice-over-services,9,Beat Production Services,beat-production-services,,,,
IT Services & Agencies,it-services-agencies,23,Audio Production & Voice Over Services,audio-production-voice-over-services,10,Custom Beat Services,custom-beat-services,,,,
IT Services & Agencies,it-services-agencies,23,Audio Production & Voice Over Services,audio-production-voice-over-services,11,Song Writing Services,song-writing-services,,,,
IT Services & Agencies,it-services-agencies,23,Audio Production & Voice Over Services,audio-production-voice-over-services,12,Lyric Writing Services,lyric-writing-services,,,,
IT Services & Agencies,it-services-agencies,23,Audio Production & Voice Over Services,audio-production-voice-over-services,13,Topline Writing Services,topline-writing-services,,,,
IT Services & Agencies,it-services-agencies,23,Audio Production & Voice Over Services,audio-production-voice-over-services,14,Vocal Tuning Services,vocal-tuning-services,,,,
IT Services & Agencies,it-services-agencies,23,Audio Production & Voice Over Services,audio-production-voice-over-services,15,Voice Over Studios,voice-over-studios,,,,
IT Services & Agencies,it-services-agencies,23,Audio Production & Voice Over Services,audio-production-voice-over-services,16,Male Voice Over Talent,male-voice-over-talent,,,,
IT Services & Agencies,it-services-agencies,23,Audio Production & Voice Over Services,audio-production-voice-over-services,17,Female Voice Over Talent,female-voice-over-talent,,,,
IT Services & Agencies,it-services-agencies,23,Audio Production & Voice Over Services,audio-production-voice-over-services,18,Child Voice Over Talent,child-voice-over-talent,,,,
IT Services & Agencies,it-services-agencies,23,Audio Production & Voice Over Services,audio-production-voice-over-services,19,Senior Voice Over Talent,senior-voice-over-talent,,,,
IT Services & Agencies,it-services-agencies,23,Audio Production & Voice Over Services,audio-production-voice-over-services,20,British Voice Over Talent,british-voice-over-talent,,,,
IT Services & Agencies,it-services-agencies,23,Audio Production & Voice Over Services,audio-production-voice-over-services,21,Spanish Voice Over Talent,spanish-voice-over-talent,,,,
IT Services & Agencies,it-services-agencies,23,Audio Production & Voice Over Services,audio-production-voice-over-services,22,French Voice Over Talent,french-voice-over-talent,,,,
IT Services & Agencies,it-services-agencies,23,Audio Production & Voice Over Services,audio-production-voice-over-services,23,German Voice Over Talent,german-voice-over-talent,,,,
IT Services & Agencies,it-services-agencies,23,Audio Production & Voice Over Services,audio-production-voice-over-services,24,Japanese Voice Over Talent,japanese-voice-over-talent,,,,
IT Services & Agencies,it-services-agencies,23,Audio Production & Voice Over Services,audio-production-voice-over-services,25,Audiobook Narration Services,audiobook-narration-services,,,,
IT Services & Agencies,it-services-agencies,23,Audio Production & Voice Over Services,audio-production-voice-over-services,26,Podcast Voice Over Services,podcast-voice-over-services,,,,
IT Services & Agencies,it-services-agencies,23,Audio Production & Voice Over Services,audio-production-voice-over-services,27,E-Learning Narration Services,e-learning-narration-services,,,,
IT Services & Agencies,it-services-agencies,23,Audio Production & Voice Over Services,audio-production-voice-over-services,28,Commercial Voice Over Services,commercial-voice-over-services,,,,
IT Services & Agencies,it-services-agencies,23,Audio Production & Voice Over Services,audio-production-voice-over-services,29,Game Character Voice Over,game-character-voice-over,,,,
IT Services & Agencies,it-services-agencies,23,Audio Production & Voice Over Services,audio-production-voice-over-services,30,IVR Voice Over Services,ivr-voice-over-services,,,,
IT Services & Agencies,it-services-agencies,23,Audio Production & Voice Over Services,audio-production-voice-over-services,31,Sound Design Services,sound-design-services,,,,
IT Services & Agencies,it-services-agencies,23,Audio Production & Voice Over Services,audio-production-voice-over-services,32,Foley Studios,foley-studios,,,,
IT Services & Agencies,it-services-agencies,23,Audio Production & Voice Over Services,audio-production-voice-over-services,33,Custom Sound Effect Services,custom-sound-effect-services,,,,
IT Services & Agencies,it-services-agencies,23,Audio Production & Voice Over Services,audio-production-voice-over-services,34,Audio Restoration Services,audio-restoration-services,,,,
IT Services & Agencies,it-services-agencies,23,Audio Production & Voice Over Services,audio-production-voice-over-services,35,Vinyl Transfer Services,vinyl-transfer-services,,,,
IT Services & Agencies,it-services-agencies,23,Audio Production & Voice Over Services,audio-production-voice-over-services,36,Cassette Transfer Services,cassette-transfer-services,,,,
IT Services & Agencies,it-services-agencies,23,Audio Production & Voice Over Services,audio-production-voice-over-services,37,Podcast Editing Services,podcast-editing-services,,,,
IT Services & Agencies,it-services-agencies,23,Audio Production & Voice Over Services,audio-production-voice-over-services,38,Podcast Production Companies,podcast-production-companies,,,,
IT Services & Agencies,it-services-agencies,23,Audio Production & Voice Over Services,audio-production-voice-over-services,39,Podcast Booking Services,podcast-booking-services,,,,
IT Services & Agencies,it-services-agencies,23,Audio Production & Voice Over Services,audio-production-voice-over-services,40,Podcast Launch Services,podcast-launch-services,,,,
IT Services & Agencies,it-services-agencies,23,Audio Production & Voice Over Services,audio-production-voice-over-services,41,Audio Branding Studios,audio-branding-studios,,,,
IT Services & Agencies,it-services-agencies,23,Audio Production & Voice Over Services,audio-production-voice-over-services,42,Sonic Logo Design Services,sonic-logo-design-services,,,,
IT Services & Agencies,it-services-agencies,24,Translation & Localization Services,translation-localization-services,1,Document Translation Services,document-translation-services,,,,
IT Services & Agencies,it-services-agencies,24,Translation & Localization Services,translation-localization-services,2,Legal Document Translation,legal-document-translation,,,,
IT Services & Agencies,it-services-agencies,24,Translation & Localization Services,translation-localization-services,3,Medical Translation Services,medical-translation-services,,,,
IT Services & Agencies,it-services-agencies,24,Translation & Localization Services,translation-localization-services,4,Patent Translation Services,patent-translation-services,,,,
IT Services & Agencies,it-services-agencies,24,Translation & Localization Services,translation-localization-services,5,Marketing Translation Services,marketing-translation-services,,,,
IT Services & Agencies,it-services-agencies,24,Translation & Localization Services,translation-localization-services,6,App Localization Services,app-localization-services,,,,
IT Services & Agencies,it-services-agencies,24,Translation & Localization Services,translation-localization-services,7,Software Localization Services,software-localization-services,,,,
IT Services & Agencies,it-services-agencies,24,Translation & Localization Services,translation-localization-services,8,Game Localization Services,game-localization-services,,,,
IT Services & Agencies,it-services-agencies,24,Translation & Localization Services,translation-localization-services,9,Subtitle Translation Services,subtitle-translation-services,,,,
IT Services & Agencies,it-services-agencies,24,Translation & Localization Services,translation-localization-services,10,Dubbing Services,dubbing-services,,,,
IT Services & Agencies,it-services-agencies,24,Translation & Localization Services,translation-localization-services,11,Voice Over Localization Services,voice-over-localization-services,,,,
IT Services & Agencies,it-services-agencies,24,Translation & Localization Services,translation-localization-services,12,Spanish Translation Services,spanish-translation-services,,,,
IT Services & Agencies,it-services-agencies,24,Translation & Localization Services,translation-localization-services,13,French Translation Services,french-translation-services,,,,
IT Services & Agencies,it-services-agencies,24,Translation & Localization Services,translation-localization-services,14,German Translation Services,german-translation-services,,,,
IT Services & Agencies,it-services-agencies,24,Translation & Localization Services,translation-localization-services,15,Italian Translation Services,italian-translation-services,,,,
IT Services & Agencies,it-services-agencies,24,Translation & Localization Services,translation-localization-services,16,Portuguese Translation Services,portuguese-translation-services,,,,
IT Services & Agencies,it-services-agencies,24,Translation & Localization Services,translation-localization-services,17,Mandarin Translation Services,mandarin-translation-services,,,,
IT Services & Agencies,it-services-agencies,24,Translation & Localization Services,translation-localization-services,18,Cantonese Translation Services,cantonese-translation-services,,,,
IT Services & Agencies,it-services-agencies,24,Translation & Localization Services,translation-localization-services,19,Japanese Translation Services,japanese-translation-services,,,,
IT Services & Agencies,it-services-agencies,24,Translation & Localization Services,translation-localization-services,20,Korean Translation Services,korean-translation-services,,,,
IT Services & Agencies,it-services-agencies,24,Translation & Localization Services,translation-localization-services,21,Arabic Translation Services,arabic-translation-services,,,,
IT Services & Agencies,it-services-agencies,24,Translation & Localization Services,translation-localization-services,22,Hebrew Translation Services,hebrew-translation-services,,,,
IT Services & Agencies,it-services-agencies,24,Translation & Localization Services,translation-localization-services,23,Hindi Translation Services,hindi-translation-services,,,,
IT Services & Agencies,it-services-agencies,24,Translation & Localization Services,translation-localization-services,24,Russian Translation Services,russian-translation-services,,,,
IT Services & Agencies,it-services-agencies,24,Translation & Localization Services,translation-localization-services,25,Polish Translation Services,polish-translation-services,,,,
IT Services & Agencies,it-services-agencies,24,Translation & Localization Services,translation-localization-services,26,Turkish Translation Services,turkish-translation-services,,,,
IT Services & Agencies,it-services-agencies,24,Translation & Localization Services,translation-localization-services,27,Vietnamese Translation Services,vietnamese-translation-services,,,,
IT Services & Agencies,it-services-agencies,24,Translation & Localization Services,translation-localization-services,28,Tagalog Translation Services,tagalog-translation-services,,,,
IT Services & Agencies,it-services-agencies,24,Translation & Localization Services,translation-localization-services,29,Multilingual Voice Over Agencies,multilingual-voice-over-agencies,,,,
IT Services & Agencies,it-services-agencies,24,Translation & Localization Services,translation-localization-services,30,Sign Language Interpreters,sign-language-interpreters,,,,
IT Services & Agencies,it-services-agencies,24,Translation & Localization Services,translation-localization-services,31,Live Conference Interpreters,live-conference-interpreters,,,,
IT Services & Agencies,it-services-agencies,24,Translation & Localization Services,translation-localization-services,32,Court Interpreters,court-interpreters,,,,
IT Services & Agencies,it-services-agencies,24,Translation & Localization Services,translation-localization-services,33,Medical Interpreters,medical-interpreters,,,,
IT Services & Agencies,it-services-agencies,24,Translation & Localization Services,translation-localization-services,34,Phone Interpretation Services,phone-interpretation-services,,,,
IT Services & Agencies,it-services-agencies,24,Translation & Localization Services,translation-localization-services,35,Video Remote Interpretation Services,video-remote-interpretation-services,,,,
IT Services & Agencies,it-services-agencies,24,Translation & Localization Services,translation-localization-services,36,Certified Translation Services,certified-translation-services,,,,
IT Services & Agencies,it-services-agencies,24,Translation & Localization Services,translation-localization-services,37,Notarized Translation Services,notarized-translation-services,,,,
IT Services & Agencies,it-services-agencies,24,Translation & Localization Services,translation-localization-services,38,Apostille Translation Services,apostille-translation-services,,,,
IT Services & Agencies,it-services-agencies,24,Translation & Localization Services,translation-localization-services,39,Transcription Services,transcription-services,,,,
IT Services & Agencies,it-services-agencies,24,Translation & Localization Services,translation-localization-services,40,Legal Transcription Services,legal-transcription-services,,,,
IT Services & Agencies,it-services-agencies,24,Translation & Localization Services,translation-localization-services,41,Medical Transcription Services,medical-transcription-services,,,,
IT Services & Agencies,it-services-agencies,24,Translation & Localization Services,translation-localization-services,42,Academic Transcription Services,academic-transcription-services,,,,
IT Services & Agencies,it-services-agencies,24,Translation & Localization Services,translation-localization-services,43,Interview Transcription Services,interview-transcription-services,,,,
IT Services & Agencies,it-services-agencies,24,Translation & Localization Services,translation-localization-services,44,Focus Group Transcription Services,focus-group-transcription-services,,,,
IT Services & Agencies,it-services-agencies,25,Copywriting & Content Writing Services,copywriting-content-writing-services,1,Freelance Copywriters,freelance-copywriters,,,,
IT Services & Agencies,it-services-agencies,25,Copywriting & Content Writing Services,copywriting-content-writing-services,2,Direct Response Copywriters,direct-response-copywriters,,,,
IT Services & Agencies,it-services-agencies,25,Copywriting & Content Writing Services,copywriting-content-writing-services,3,Sales Page Copywriters,sales-page-copywriters,,,,
IT Services & Agencies,it-services-agencies,25,Copywriting & Content Writing Services,copywriting-content-writing-services,4,VSL Script Writers,vsl-script-writers,,,,
IT Services & Agencies,it-services-agencies,25,Copywriting & Content Writing Services,copywriting-content-writing-services,5,Email Copywriters,email-copywriters,,,,
IT Services & Agencies,it-services-agencies,25,Copywriting & Content Writing Services,copywriting-content-writing-services,6,Cold Email Copywriters,cold-email-copywriters,,,,
IT Services & Agencies,it-services-agencies,25,Copywriting & Content Writing Services,copywriting-content-writing-services,7,Newsletter Writers,newsletter-writers,,,,
IT Services & Agencies,it-services-agencies,25,Copywriting & Content Writing Services,copywriting-content-writing-services,8,Funnel Copywriters,funnel-copywriters,,,,
IT Services & Agencies,it-services-agencies,25,Copywriting & Content Writing Services,copywriting-content-writing-services,9,Landing Page Copywriters,landing-page-copywriters,,,,
IT Services & Agencies,it-services-agencies,25,Copywriting & Content Writing Services,copywriting-content-writing-services,10,Ad Copywriters,ad-copywriters,,,,
IT Services & Agencies,it-services-agencies,25,Copywriting & Content Writing Services,copywriting-content-writing-services,11,Facebook Ad Copywriters,facebook-ad-copywriters,,,,
IT Services & Agencies,it-services-agencies,25,Copywriting & Content Writing Services,copywriting-content-writing-services,12,Google Ad Copywriters,google-ad-copywriters,,,,
IT Services & Agencies,it-services-agencies,25,Copywriting & Content Writing Services,copywriting-content-writing-services,13,Brand Voice Copywriters,brand-voice-copywriters,,,,
IT Services & Agencies,it-services-agencies,25,Copywriting & Content Writing Services,copywriting-content-writing-services,14,UX Microcopy Writers,ux-microcopy-writers,,,,
IT Services & Agencies,it-services-agencies,25,Copywriting & Content Writing Services,copywriting-content-writing-services,15,Tagline Writers,tagline-writers,,,,
IT Services & Agencies,it-services-agencies,25,Copywriting & Content Writing Services,copywriting-content-writing-services,16,Product Description Writers,product-description-writers,,,,
IT Services & Agencies,it-services-agencies,25,Copywriting & Content Writing Services,copywriting-content-writing-services,17,Amazon Listing Writers,amazon-listing-writers,,,,
IT Services & Agencies,it-services-agencies,25,Copywriting & Content Writing Services,copywriting-content-writing-services,18,Etsy Listing Writers,etsy-listing-writers,,,,
IT Services & Agencies,it-services-agencies,25,Copywriting & Content Writing Services,copywriting-content-writing-services,19,Real Estate Listing Writers,real-estate-listing-writers,,,,
IT Services & Agencies,it-services-agencies,25,Copywriting & Content Writing Services,copywriting-content-writing-services,20,Press Release Writers,press-release-writers,,,,
IT Services & Agencies,it-services-agencies,25,Copywriting & Content Writing Services,copywriting-content-writing-services,21,Speech Writers,speech-writers,,,,
IT Services & Agencies,it-services-agencies,25,Copywriting & Content Writing Services,copywriting-content-writing-services,22,Wedding Speech Writers,wedding-speech-writers,,,,
IT Services & Agencies,it-services-agencies,25,Copywriting & Content Writing Services,copywriting-content-writing-services,23,Eulogy Writers,eulogy-writers,,,,
IT Services & Agencies,it-services-agencies,25,Copywriting & Content Writing Services,copywriting-content-writing-services,24,Personal Essay Writers,personal-essay-writers,,,,
IT Services & Agencies,it-services-agencies,25,Copywriting & Content Writing Services,copywriting-content-writing-services,25,Memoir Ghostwriters,memoir-ghostwriters,,,,
IT Services & Agencies,it-services-agencies,25,Copywriting & Content Writing Services,copywriting-content-writing-services,26,Book Ghostwriters,book-ghostwriters,,,,
IT Services & Agencies,it-services-agencies,25,Copywriting & Content Writing Services,copywriting-content-writing-services,27,Business Book Ghostwriters,business-book-ghostwriters,,,,
IT Services & Agencies,it-services-agencies,25,Copywriting & Content Writing Services,copywriting-content-writing-services,28,Self-Help Book Ghostwriters,self-help-book-ghostwriters,,,,
IT Services & Agencies,it-services-agencies,25,Copywriting & Content Writing Services,copywriting-content-writing-services,30,Comic Book Writers,comic-book-writers,,,,
IT Services & Agencies,it-services-agencies,25,Copywriting & Content Writing Services,copywriting-content-writing-services,31,Screenwriters for Hire,screenwriters-for-hire,,,,
IT Services & Agencies,it-services-agencies,25,Copywriting & Content Writing Services,copywriting-content-writing-services,32,TV Pilot Writers,tv-pilot-writers,,,,
IT Services & Agencies,it-services-agencies,25,Copywriting & Content Writing Services,copywriting-content-writing-services,33,Movie Script Writers,movie-script-writers,,,,
IT Services & Agencies,it-services-agencies,25,Copywriting & Content Writing Services,copywriting-content-writing-services,34,Podcast Script Writers,podcast-script-writers,,,,
IT Services & Agencies,it-services-agencies,25,Copywriting & Content Writing Services,copywriting-content-writing-services,35,YouTube Script Writers,youtube-script-writers,,,,
IT Services & Agencies,it-services-agencies,25,Copywriting & Content Writing Services,copywriting-content-writing-services,36,TikTok Script Writers,tiktok-script-writers,,,,
IT Services & Agencies,it-services-agencies,25,Copywriting & Content Writing Services,copywriting-content-writing-services,37,Whitepaper Writers,whitepaper-writers,,,,
IT Services & Agencies,it-services-agencies,25,Copywriting & Content Writing Services,copywriting-content-writing-services,38,Case Study Writers,case-study-writers,,,,
IT Services & Agencies,it-services-agencies,25,Copywriting & Content Writing Services,copywriting-content-writing-services,39,SEO Article Writers,seo-article-writers,,,,
IT Services & Agencies,it-services-agencies,25,Copywriting & Content Writing Services,copywriting-content-writing-services,40,Long-Form Blog Writers,long-form-blog-writers,,,,
IT Services & Agencies,it-services-agencies,25,Copywriting & Content Writing Services,copywriting-content-writing-services,41,Technical Writers,technical-writers,,,,
IT Services & Agencies,it-services-agencies,25,Copywriting & Content Writing Services,copywriting-content-writing-services,42,API Documentation Writers,api-documentation-writers,,,,
IT Services & Agencies,it-services-agencies,25,Copywriting & Content Writing Services,copywriting-content-writing-services,43,User Manual Writers,user-manual-writers,,,,
IT Services & Agencies,it-services-agencies,25,Copywriting & Content Writing Services,copywriting-content-writing-services,44,Knowledge Base Writers,knowledge-base-writers,,,,
IT Services & Agencies,it-services-agencies,25,Copywriting & Content Writing Services,copywriting-content-writing-services,45,Training Manual Writers,training-manual-writers,,,,
IT Services & Agencies,it-services-agencies,25,Copywriting & Content Writing Services,copywriting-content-writing-services,46,Grant Writers,grant-writers,,,,
IT Services & Agencies,it-services-agencies,25,Copywriting & Content Writing Services,copywriting-content-writing-services,47,Resume Writers,resume-writers,,,,
IT Services & Agencies,it-services-agencies,25,Copywriting & Content Writing Services,copywriting-content-writing-services,48,LinkedIn Profile Writers,linkedin-profile-writers,,,,
IT Services & Agencies,it-services-agencies,25,Copywriting & Content Writing Services,copywriting-content-writing-services,49,Bio Writers,bio-writers,,,,
IT Services & Agencies,it-services-agencies,25,Copywriting & Content Writing Services,copywriting-content-writing-services,50,Dating Profile Writers,copywriting-content-writing-services-dating-profile-writers,,,,
IT Services & Agencies,it-services-agencies,25,Copywriting & Content Writing Services,copywriting-content-writing-services,51,Wedding Vow Writers,wedding-vow-writers,,,,
IT Services & Agencies,it-services-agencies,26,SEO Agencies & Search Optimization Services,seo-agencies-search-optimization-services,1,Local SEO Agencies,local-seo-agencies,1,Local SEO,Local Citation Management,local-seo-local-citation-management
IT Services & Agencies,it-services-agencies,26,SEO Agencies & Search Optimization Services,seo-agencies-search-optimization-services,1,Local SEO Agencies,local-seo-agencies,2,Local SEO,Review Management,local-seo-review-management
IT Services & Agencies,it-services-agencies,26,SEO Agencies & Search Optimization Services,seo-agencies-search-optimization-services,1,Local SEO Agencies,local-seo-agencies,3,Local SEO,Local Landing Pages,local-seo-local-landing-pages
IT Services & Agencies,it-services-agencies,26,SEO Agencies & Search Optimization Services,seo-agencies-search-optimization-services,1,Local SEO Agencies,local-seo-agencies,4,Local SEO,NAP Consistency,local-seo-nap-consistency
IT Services & Agencies,it-services-agencies,26,SEO Agencies & Search Optimization Services,seo-agencies-search-optimization-services,1,Local SEO Agencies,local-seo-agencies,5,Local SEO,Local Link Building,local-seo-local-link-building
IT Services & Agencies,it-services-agencies,26,SEO Agencies & Search Optimization Services,seo-agencies-search-optimization-services,1,Local SEO Agencies,local-seo-agencies,6,Local SEO,Hyperlocal SEO,local-seo-hyperlocal-seo
IT Services & Agencies,it-services-agencies,26,SEO Agencies & Search Optimization Services,seo-agencies-search-optimization-services,1,Local SEO Agencies,local-seo-agencies,7,Local SEO,Multi-Location SEO,local-seo-multi-location-seo
IT Services & Agencies,it-services-agencies,26,SEO Agencies & Search Optimization Services,seo-agencies-search-optimization-services,1,Local SEO Agencies,local-seo-agencies,8,Local SEO,Franchise SEO,local-seo-franchise-seo
IT Services & Agencies,it-services-agencies,26,SEO Agencies & Search Optimization Services,seo-agencies-search-optimization-services,2,National SEO Agencies,national-seo-agencies,,,,
IT Services & Agencies,it-services-agencies,26,SEO Agencies & Search Optimization Services,seo-agencies-search-optimization-services,3,International SEO Agencies,international-seo-agencies,,,,
IT Services & Agencies,it-services-agencies,26,SEO Agencies & Search Optimization Services,seo-agencies-search-optimization-services,4,Multilingual SEO Agencies,multilingual-seo-agencies,,,,
IT Services & Agencies,it-services-agencies,26,SEO Agencies & Search Optimization Services,seo-agencies-search-optimization-services,5,Enterprise SEO Agencies,enterprise-seo-agencies,,,,
IT Services & Agencies,it-services-agencies,26,SEO Agencies & Search Optimization Services,seo-agencies-search-optimization-services,6,Small Business SEO Agencies,small-business-seo-agencies,,,,
IT Services & Agencies,it-services-agencies,26,SEO Agencies & Search Optimization Services,seo-agencies-search-optimization-services,7,Startup SEO Agencies,startup-seo-agencies,,,,
IT Services & Agencies,it-services-agencies,26,SEO Agencies & Search Optimization Services,seo-agencies-search-optimization-services,8,Technical SEO Consultants,technical-seo-consultants,1,Technical SEO,Page Speed Optimization,technical-seo-page-speed-optimization
IT Services & Agencies,it-services-agencies,26,SEO Agencies & Search Optimization Services,seo-agencies-search-optimization-services,8,Technical SEO Consultants,technical-seo-consultants,2,Technical SEO,Mobile Optimization,technical-seo-mobile-optimization
IT Services & Agencies,it-services-agencies,26,SEO Agencies & Search Optimization Services,seo-agencies-search-optimization-services,8,Technical SEO Consultants,technical-seo-consultants,3,Technical SEO,Schema Markup,technical-seo-schema-markup
IT Services & Agencies,it-services-agencies,26,SEO Agencies & Search Optimization Services,seo-agencies-search-optimization-services,8,Technical SEO Consultants,technical-seo-consultants,4,Technical SEO,XML Sitemaps,technical-seo-xml-sitemaps
IT Services & Agencies,it-services-agencies,26,SEO Agencies & Search Optimization Services,seo-agencies-search-optimization-services,8,Technical SEO Consultants,technical-seo-consultants,5,Technical SEO,Canonicalization,technical-seo-canonicalization
IT Services & Agencies,it-services-agencies,26,SEO Agencies & Search Optimization Services,seo-agencies-search-optimization-services,8,Technical SEO Consultants,technical-seo-consultants,6,Technical SEO,Hreflang Implementation,technical-seo-hreflang-implementation
IT Services & Agencies,it-services-agencies,26,SEO Agencies & Search Optimization Services,seo-agencies-search-optimization-services,8,Technical SEO Consultants,technical-seo-consultants,7,Technical SEO,JavaScript SEO,technical-seo-javascript-seo
IT Services & Agencies,it-services-agencies,26,SEO Agencies & Search Optimization Services,seo-agencies-search-optimization-services,9,Site Migration SEO Consultants,site-migration-seo-consultants,,,,
IT Services & Agencies,it-services-agencies,26,SEO Agencies & Search Optimization Services,seo-agencies-search-optimization-services,10,Core Web Vitals Consultants,core-web-vitals-consultants,1,Technical SEO,Core Web Vitals,technical-seo-core-web-vitals
IT Services & Agencies,it-services-agencies,26,SEO Agencies & Search Optimization Services,seo-agencies-search-optimization-services,11,Schema Markup Specialists,schema-markup-specialists,,,,
IT Services & Agencies,it-services-agencies,26,SEO Agencies & Search Optimization Services,seo-agencies-search-optimization-services,12,Site Architecture SEO Consultants,site-architecture-seo-consultants,1,Technical SEO,Site Architecture,technical-seo-site-architecture
IT Services & Agencies,it-services-agencies,26,SEO Agencies & Search Optimization Services,seo-agencies-search-optimization-services,13,Crawl Budget Optimization Services,crawl-budget-optimization-services,1,Technical SEO,Crawl Budget Optimization,technical-seo-crawl-budget-optimization
IT Services & Agencies,it-services-agencies,26,SEO Agencies & Search Optimization Services,seo-agencies-search-optimization-services,14,Log File Analysis Services,log-file-analysis-services,1,Analytics Implementation,Google Analytics Setup,analytics-implementation-google-analytics-setup
IT Services & Agencies,it-services-agencies,26,SEO Agencies & Search Optimization Services,seo-agencies-search-optimization-services,14,Log File Analysis Services,log-file-analysis-services,2,Analytics Implementation,GA4 Migration,analytics-implementation-ga4-migration
IT Services & Agencies,it-services-agencies,26,SEO Agencies & Search Optimization Services,seo-agencies-search-optimization-services,14,Log File Analysis Services,log-file-analysis-services,3,Analytics Implementation,Mixpanel Setup,analytics-implementation-mixpanel-setup
IT Services & Agencies,it-services-agencies,26,SEO Agencies & Search Optimization Services,seo-agencies-search-optimization-services,14,Log File Analysis Services,log-file-analysis-services,4,Analytics Implementation,Amplitude Setup,analytics-implementation-amplitude-setup
IT Services & Agencies,it-services-agencies,26,SEO Agencies & Search Optimization Services,seo-agencies-search-optimization-services,14,Log File Analysis Services,log-file-analysis-services,5,Analytics Implementation,Hotjar Setup,analytics-implementation-hotjar-setup
IT Services & Agencies,it-services-agencies,26,SEO Agencies & Search Optimization Services,seo-agencies-search-optimization-services,14,Log File Analysis Services,log-file-analysis-services,6,Analytics Implementation,FullStory Setup,analytics-implementation-fullstory-setup
IT Services & Agencies,it-services-agencies,26,SEO Agencies & Search Optimization Services,seo-agencies-search-optimization-services,14,Log File Analysis Services,log-file-analysis-services,7,Analytics Implementation,Heap Analytics,analytics-implementation-heap-analytics
IT Services & Agencies,it-services-agencies,26,SEO Agencies & Search Optimization Services,seo-agencies-search-optimization-services,14,Log File Analysis Services,log-file-analysis-services,8,Analytics Implementation,Custom Dashboard Build,analytics-implementation-custom-dashboard-build
IT Services & Agencies,it-services-agencies,26,SEO Agencies & Search Optimization Services,seo-agencies-search-optimization-services,15,JavaScript SEO Specialists,javascript-seo-specialists,,,,
IT Services & Agencies,it-services-agencies,26,SEO Agencies & Search Optimization Services,seo-agencies-search-optimization-services,16,Headless Website SEO Consultants,headless-website-seo-consultants,,,,
IT Services & Agencies,it-services-agencies,26,SEO Agencies & Search Optimization Services,seo-agencies-search-optimization-services,17,SaaS SEO Agencies,saas-seo-agencies,,,,
IT Services & Agencies,it-services-agencies,26,SEO Agencies & Search Optimization Services,seo-agencies-search-optimization-services,18,B2B SEO Agencies,b2b-seo-agencies,,,,
IT Services & Agencies,it-services-agencies,26,SEO Agencies & Search Optimization Services,seo-agencies-search-optimization-services,19,B2C SEO Agencies,b2c-seo-agencies,,,,
IT Services & Agencies,it-services-agencies,26,SEO Agencies & Search Optimization Services,seo-agencies-search-optimization-services,20,Lead Gen SEO Agencies,lead-gen-seo-agencies,,,,
IT Services & Agencies,it-services-agencies,26,SEO Agencies & Search Optimization Services,seo-agencies-search-optimization-services,21,E-Commerce SEO Agencies,e-commerce-seo-agencies,1,eCommerce SEO,Product Page SEO,ecommerce-seo-product-page-seo
IT Services & Agencies,it-services-agencies,26,SEO Agencies & Search Optimization Services,seo-agencies-search-optimization-services,21,E-Commerce SEO Agencies,e-commerce-seo-agencies,2,eCommerce SEO,Category Page SEO,ecommerce-seo-category-page-seo
IT Services & Agencies,it-services-agencies,26,SEO Agencies & Search Optimization Services,seo-agencies-search-optimization-services,21,E-Commerce SEO Agencies,e-commerce-seo-agencies,3,eCommerce SEO,Shopping Feed Optimization,ecommerce-seo-shopping-feed-optimization
IT Services & Agencies,it-services-agencies,26,SEO Agencies & Search Optimization Services,seo-agencies-search-optimization-services,21,E-Commerce SEO Agencies,e-commerce-seo-agencies,4,eCommerce SEO,Amazon SEO,ecommerce-seo-amazon-seo
IT Services & Agencies,it-services-agencies,26,SEO Agencies & Search Optimization Services,seo-agencies-search-optimization-services,21,E-Commerce SEO Agencies,e-commerce-seo-agencies,5,eCommerce SEO,Marketplace SEO,ecommerce-seo-marketplace-seo
IT Services & Agencies,it-services-agencies,26,SEO Agencies & Search Optimization Services,seo-agencies-search-optimization-services,21,E-Commerce SEO Agencies,e-commerce-seo-agencies,6,eCommerce SEO,Shopify SEO,ecommerce-seo-shopify-seo
IT Services & Agencies,it-services-agencies,26,SEO Agencies & Search Optimization Services,seo-agencies-search-optimization-services,21,E-Commerce SEO Agencies,e-commerce-seo-agencies,7,eCommerce SEO,WooCommerce SEO,ecommerce-seo-woocommerce-seo
IT Services & Agencies,it-services-agencies,26,SEO Agencies & Search Optimization Services,seo-agencies-search-optimization-services,21,E-Commerce SEO Agencies,e-commerce-seo-agencies,8,eCommerce SEO,BigCommerce SEO,ecommerce-seo-bigcommerce-seo
IT Services & Agencies,it-services-agencies,26,SEO Agencies & Search Optimization Services,seo-agencies-search-optimization-services,21,E-Commerce SEO Agencies,e-commerce-seo-agencies,9,eCommerce SEO,Image SEO,ecommerce-seo-image-seo
IT Services & Agencies,it-services-agencies,26,SEO Agencies & Search Optimization Services,seo-agencies-search-optimization-services,21,E-Commerce SEO Agencies,e-commerce-seo-agencies,10,eCommerce SEO,Video SEO,ecommerce-seo-video-seo
IT Services & Agencies,it-services-agencies,26,SEO Agencies & Search Optimization Services,seo-agencies-search-optimization-services,22,Shopify SEO Agencies,shopify-seo-agencies,,,,
IT Services & Agencies,it-services-agencies,26,SEO Agencies & Search Optimization Services,seo-agencies-search-optimization-services,23,WooCommerce SEO Agencies,woocommerce-seo-agencies,,,,
IT Services & Agencies,it-services-agencies,26,SEO Agencies & Search Optimization Services,seo-agencies-search-optimization-services,24,Magento SEO Agencies,magento-seo-agencies,,,,
IT Services & Agencies,it-services-agencies,26,SEO Agencies & Search Optimization Services,seo-agencies-search-optimization-services,25,Marketplace SEO Agencies,marketplace-seo-agencies,,,,
IT Services & Agencies,it-services-agencies,26,SEO Agencies & Search Optimization Services,seo-agencies-search-optimization-services,26,Amazon SEO Agencies,amazon-seo-agencies,,,,
IT Services & Agencies,it-services-agencies,26,SEO Agencies & Search Optimization Services,seo-agencies-search-optimization-services,27,Etsy SEO Specialists,etsy-seo-specialists,,,,
IT Services & Agencies,it-services-agencies,26,SEO Agencies & Search Optimization Services,seo-agencies-search-optimization-services,28,App Store Optimization Agencies,app-store-optimization-agencies,,,,
IT Services & Agencies,it-services-agencies,26,SEO Agencies & Search Optimization Services,seo-agencies-search-optimization-services,29,YouTube SEO Agencies,youtube-seo-agencies,,,,
IT Services & Agencies,it-services-agencies,26,SEO Agencies & Search Optimization Services,seo-agencies-search-optimization-services,30,Pinterest SEO Specialists,pinterest-seo-specialists,,,,
IT Services & Agencies,it-services-agencies,26,SEO Agencies & Search Optimization Services,seo-agencies-search-optimization-services,31,Local Business SEO Specialists,local-business-seo-specialists,1,Local SEO,Google Business Profile,local-seo-google-business-profile
IT Services & Agencies,it-services-agencies,26,SEO Agencies & Search Optimization Services,seo-agencies-search-optimization-services,32,Google Business Profile Optimization Services,google-business-profile-optimization-services,,,,
IT Services & Agencies,it-services-agencies,26,SEO Agencies & Search Optimization Services,seo-agencies-search-optimization-services,33,Map Pack SEO Services,map-pack-seo-services,1,Local SEO,Map Pack Optimization,local-seo-map-pack-optimization
IT Services & Agencies,it-services-agencies,26,SEO Agencies & Search Optimization Services,seo-agencies-search-optimization-services,34,Citation Building Services,citation-building-services,,,,
IT Services & Agencies,it-services-agencies,26,SEO Agencies & Search Optimization Services,seo-agencies-search-optimization-services,35,NAP Cleanup Services,nap-cleanup-services,,,,
IT Services & Agencies,it-services-agencies,26,SEO Agencies & Search Optimization Services,seo-agencies-search-optimization-services,36,Reputation Repair SEO Services,reputation-repair-seo-services,,,,
IT Services & Agencies,it-services-agencies,26,SEO Agencies & Search Optimization Services,seo-agencies-search-optimization-services,37,Link Building Agencies,link-building-agencies,,,,
IT Services & Agencies,it-services-agencies,26,SEO Agencies & Search Optimization Services,seo-agencies-search-optimization-services,38,White Hat Link Building,white-hat-link-building,,,,
IT Services & Agencies,it-services-agencies,26,SEO Agencies & Search Optimization Services,seo-agencies-search-optimization-services,39,Digital PR Link Building,digital-pr-link-building,1,Link Building,Digital PR,link-building-digital-pr
IT Services & Agencies,it-services-agencies,26,SEO Agencies & Search Optimization Services,seo-agencies-search-optimization-services,40,HARO Link Building Services,haro-link-building-services,1,Link Building,Guest Post Outreach,link-building-guest-post-outreach
IT Services & Agencies,it-services-agencies,26,SEO Agencies & Search Optimization Services,seo-agencies-search-optimization-services,40,HARO Link Building Services,haro-link-building-services,2,Link Building,HARO / Journalist Outreach,link-building-haro-journalist-outreach
IT Services & Agencies,it-services-agencies,26,SEO Agencies & Search Optimization Services,seo-agencies-search-optimization-services,40,HARO Link Building Services,haro-link-building-services,3,Link Building,Link Detox,link-building-link-detox
IT Services & Agencies,it-services-agencies,26,SEO Agencies & Search Optimization Services,seo-agencies-search-optimization-services,40,HARO Link Building Services,haro-link-building-services,4,Link Building,Internal Link Strategy,link-building-internal-link-strategy
IT Services & Agencies,it-services-agencies,26,SEO Agencies & Search Optimization Services,seo-agencies-search-optimization-services,40,HARO Link Building Services,haro-link-building-services,5,Link Building,Local Citation Building,link-building-local-citation-building
IT Services & Agencies,it-services-agencies,26,SEO Agencies & Search Optimization Services,seo-agencies-search-optimization-services,41,Guest Posting Services,guest-posting-services,,,,
IT Services & Agencies,it-services-agencies,26,SEO Agencies & Search Optimization Services,seo-agencies-search-optimization-services,42,Niche Edit Services,niche-edit-services,,,,
IT Services & Agencies,it-services-agencies,26,SEO Agencies & Search Optimization Services,seo-agencies-search-optimization-services,43,Broken Link Building Services,broken-link-building-services,1,Link Building,Broken Link Building,link-building-broken-link-building
IT Services & Agencies,it-services-agencies,26,SEO Agencies & Search Optimization Services,seo-agencies-search-optimization-services,44,Resource Page Link Building,resource-page-link-building,1,Link Building,Resource Page Link Building,link-building-resource-page-link-building
IT Services & Agencies,it-services-agencies,26,SEO Agencies & Search Optimization Services,seo-agencies-search-optimization-services,45,Skyscraper Link Building,skyscraper-link-building,1,Link Building,Skyscraper Technique,link-building-skyscraper-technique
IT Services & Agencies,it-services-agencies,26,SEO Agencies & Search Optimization Services,seo-agencies-search-optimization-services,46,AI Search Optimization Agencies,ai-search-optimization-agencies,,,,
IT Services & Agencies,it-services-agencies,26,SEO Agencies & Search Optimization Services,seo-agencies-search-optimization-services,47,Generative Engine Optimization Agencies,generative-engine-optimization-agencies,,,,
IT Services & Agencies,it-services-agencies,26,SEO Agencies & Search Optimization Services,seo-agencies-search-optimization-services,48,ChatGPT Visibility Services,chatgpt-visibility-services,,,,
IT Services & Agencies,it-services-agencies,26,SEO Agencies & Search Optimization Services,seo-agencies-search-optimization-services,49,Perplexity Visibility Services,perplexity-visibility-services,,,,
IT Services & Agencies,it-services-agencies,26,SEO Agencies & Search Optimization Services,seo-agencies-search-optimization-services,50,SEO Audit Services,seo-audit-services,,,,
IT Services & Agencies,it-services-agencies,26,SEO Agencies & Search Optimization Services,seo-agencies-search-optimization-services,51,Competitor SEO Analysis Services,competitor-seo-analysis-services,1,Link Building,Competitor Backlink Analysis,link-building-competitor-backlink-analysis
IT Services & Agencies,it-services-agencies,26,SEO Agencies & Search Optimization Services,seo-agencies-search-optimization-services,52,SEO Content Strategy Services,seo-content-strategy-services,1,Content SEO,Keyword Research Services,content-seo-keyword-research-services
IT Services & Agencies,it-services-agencies,26,SEO Agencies & Search Optimization Services,seo-agencies-search-optimization-services,52,SEO Content Strategy Services,seo-content-strategy-services,2,Content SEO,Content Strategy,content-seo-content-strategy
IT Services & Agencies,it-services-agencies,26,SEO Agencies & Search Optimization Services,seo-agencies-search-optimization-services,52,SEO Content Strategy Services,seo-content-strategy-services,3,Content SEO,Blog Writing,content-seo-blog-writing
IT Services & Agencies,it-services-agencies,26,SEO Agencies & Search Optimization Services,seo-agencies-search-optimization-services,52,SEO Content Strategy Services,seo-content-strategy-services,4,Content SEO,Pillar Page Creation,content-seo-pillar-page-creation
IT Services & Agencies,it-services-agencies,26,SEO Agencies & Search Optimization Services,seo-agencies-search-optimization-services,52,SEO Content Strategy Services,seo-content-strategy-services,5,Content SEO,Content Refresh,content-seo-content-refresh
IT Services & Agencies,it-services-agencies,26,SEO Agencies & Search Optimization Services,seo-agencies-search-optimization-services,52,SEO Content Strategy Services,seo-content-strategy-services,6,Content SEO,Featured Snippet Optimization,content-seo-featured-snippet-optimization
IT Services & Agencies,it-services-agencies,26,SEO Agencies & Search Optimization Services,seo-agencies-search-optimization-services,52,SEO Content Strategy Services,seo-content-strategy-services,7,Content SEO,E-E-A-T Optimization,content-seo-e-e-a-t-optimization
IT Services & Agencies,it-services-agencies,26,SEO Agencies & Search Optimization Services,seo-agencies-search-optimization-services,52,SEO Content Strategy Services,seo-content-strategy-services,8,Content SEO,Topic Cluster Strategy,content-seo-topic-cluster-strategy
IT Services & Agencies,it-services-agencies,26,SEO Agencies & Search Optimization Services,seo-agencies-search-optimization-services,52,SEO Content Strategy Services,seo-content-strategy-services,9,Content SEO,Content Audit,content-seo-content-audit
IT Services & Agencies,it-services-agencies,26,SEO Agencies & Search Optimization Services,seo-agencies-search-optimization-services,52,SEO Content Strategy Services,seo-content-strategy-services,10,Content SEO,SEO Copywriting,content-seo-seo-copywriting
IT Services & Agencies,it-services-agencies,26,SEO Agencies & Search Optimization Services,seo-agencies-search-optimization-services,53,Keyword Research Services,keyword-research-services,,,,
IT Services & Agencies,it-services-agencies,26,SEO Agencies & Search Optimization Services,seo-agencies-search-optimization-services,54,Topic Cluster Strategy Services,topic-cluster-strategy-services,,,,
IT Services & Agencies,it-services-agencies,27,"PPC, Paid Search & Programmatic Agencies",ppc-paid-search-programmatic-agencies,1,Google Ads Agencies,google-ads-agencies,1,Search Advertising,Google Ads Management,search-advertising-google-ads-management
IT Services & Agencies,it-services-agencies,27,"PPC, Paid Search & Programmatic Agencies",ppc-paid-search-programmatic-agencies,2,Bing Ads Agencies,bing-ads-agencies,1,Search Advertising,Bing Ads Management,search-advertising-bing-ads-management
IT Services & Agencies,it-services-agencies,27,"PPC, Paid Search & Programmatic Agencies",ppc-paid-search-programmatic-agencies,3,YouTube Ads Agencies,youtube-ads-agencies,,,,
IT Services & Agencies,it-services-agencies,27,"PPC, Paid Search & Programmatic Agencies",ppc-paid-search-programmatic-agencies,4,Microsoft Advertising Agencies,microsoft-advertising-agencies,,,,
IT Services & Agencies,it-services-agencies,27,"PPC, Paid Search & Programmatic Agencies",ppc-paid-search-programmatic-agencies,5,Amazon Ads Agencies,amazon-ads-agencies,,,,
IT Services & Agencies,it-services-agencies,27,"PPC, Paid Search & Programmatic Agencies",ppc-paid-search-programmatic-agencies,6,Walmart Connect Agencies,walmart-connect-agencies,,,,
IT Services & Agencies,it-services-agencies,27,"PPC, Paid Search & Programmatic Agencies",ppc-paid-search-programmatic-agencies,7,Etsy Ads Specialists,etsy-ads-specialists,,,,
IT Services & Agencies,it-services-agencies,27,"PPC, Paid Search & Programmatic Agencies",ppc-paid-search-programmatic-agencies,8,TikTok Ads Agencies,tiktok-ads-agencies,,,,
IT Services & Agencies,it-services-agencies,27,"PPC, Paid Search & Programmatic Agencies",ppc-paid-search-programmatic-agencies,9,Meta Ads Agencies,meta-ads-agencies,,,,
IT Services & Agencies,it-services-agencies,27,"PPC, Paid Search & Programmatic Agencies",ppc-paid-search-programmatic-agencies,10,Facebook Ads Agencies,facebook-ads-agencies,,,,
IT Services & Agencies,it-services-agencies,27,"PPC, Paid Search & Programmatic Agencies",ppc-paid-search-programmatic-agencies,11,Instagram Ads Agencies,instagram-ads-agencies,,,,
IT Services & Agencies,it-services-agencies,27,"PPC, Paid Search & Programmatic Agencies",ppc-paid-search-programmatic-agencies,12,LinkedIn Ads Agencies,linkedin-ads-agencies,,,,
IT Services & Agencies,it-services-agencies,27,"PPC, Paid Search & Programmatic Agencies",ppc-paid-search-programmatic-agencies,13,Twitter / X Ads Agencies,twitter-x-ads-agencies,,,,
IT Services & Agencies,it-services-agencies,27,"PPC, Paid Search & Programmatic Agencies",ppc-paid-search-programmatic-agencies,14,Pinterest Ads Agencies,pinterest-ads-agencies,,,,
IT Services & Agencies,it-services-agencies,27,"PPC, Paid Search & Programmatic Agencies",ppc-paid-search-programmatic-agencies,15,Reddit Ads Agencies,reddit-ads-agencies,,,,
IT Services & Agencies,it-services-agencies,27,"PPC, Paid Search & Programmatic Agencies",ppc-paid-search-programmatic-agencies,16,Snapchat Ads Agencies,snapchat-ads-agencies,,,,
IT Services & Agencies,it-services-agencies,27,"PPC, Paid Search & Programmatic Agencies",ppc-paid-search-programmatic-agencies,17,Quora Ads Agencies,quora-ads-agencies,,,,
IT Services & Agencies,it-services-agencies,27,"PPC, Paid Search & Programmatic Agencies",ppc-paid-search-programmatic-agencies,18,Programmatic Display Agencies,programmatic-display-agencies,1,Programmatic & Display,Programmatic Display,programmatic-display-programmatic-display
IT Services & Agencies,it-services-agencies,27,"PPC, Paid Search & Programmatic Agencies",ppc-paid-search-programmatic-agencies,18,Programmatic Display Agencies,programmatic-display-agencies,2,Programmatic & Display,Native Advertising,programmatic-display-native-advertising
IT Services & Agencies,it-services-agencies,27,"PPC, Paid Search & Programmatic Agencies",ppc-paid-search-programmatic-agencies,18,Programmatic Display Agencies,programmatic-display-agencies,3,Programmatic & Display,Retargeting,programmatic-display-retargeting
IT Services & Agencies,it-services-agencies,27,"PPC, Paid Search & Programmatic Agencies",ppc-paid-search-programmatic-agencies,18,Programmatic Display Agencies,programmatic-display-agencies,4,Programmatic & Display,Connected TV,programmatic-display-connected-tv
IT Services & Agencies,it-services-agencies,27,"PPC, Paid Search & Programmatic Agencies",ppc-paid-search-programmatic-agencies,18,Programmatic Display Agencies,programmatic-display-agencies,5,Programmatic & Display,Digital Out-of-Home,programmatic-display-digital-out-of-home
IT Services & Agencies,it-services-agencies,27,"PPC, Paid Search & Programmatic Agencies",ppc-paid-search-programmatic-agencies,18,Programmatic Display Agencies,programmatic-display-agencies,6,Programmatic & Display,Audio Advertising,programmatic-display-audio-advertising
IT Services & Agencies,it-services-agencies,27,"PPC, Paid Search & Programmatic Agencies",ppc-paid-search-programmatic-agencies,18,Programmatic Display Agencies,programmatic-display-agencies,7,Programmatic & Display,In-Game Advertising,programmatic-display-in-game-advertising
IT Services & Agencies,it-services-agencies,27,"PPC, Paid Search & Programmatic Agencies",ppc-paid-search-programmatic-agencies,18,Programmatic Display Agencies,programmatic-display-agencies,8,Programmatic & Display,Affiliate Marketing,programmatic-display-affiliate-marketing
IT Services & Agencies,it-services-agencies,27,"PPC, Paid Search & Programmatic Agencies",ppc-paid-search-programmatic-agencies,18,Programmatic Display Agencies,programmatic-display-agencies,9,Programmatic & Display,Sponsored Content,programmatic-display-sponsored-content
IT Services & Agencies,it-services-agencies,27,"PPC, Paid Search & Programmatic Agencies",ppc-paid-search-programmatic-agencies,19,Connected TV Ad Agencies,connected-tv-ad-agencies,,,,
IT Services & Agencies,it-services-agencies,27,"PPC, Paid Search & Programmatic Agencies",ppc-paid-search-programmatic-agencies,20,OTT Ad Agencies,ott-ad-agencies,,,,
IT Services & Agencies,it-services-agencies,27,"PPC, Paid Search & Programmatic Agencies",ppc-paid-search-programmatic-agencies,21,Streaming Audio Ad Agencies,streaming-audio-ad-agencies,,,,
IT Services & Agencies,it-services-agencies,27,"PPC, Paid Search & Programmatic Agencies",ppc-paid-search-programmatic-agencies,22,Spotify Ad Agencies,spotify-ad-agencies,,,,
IT Services & Agencies,it-services-agencies,27,"PPC, Paid Search & Programmatic Agencies",ppc-paid-search-programmatic-agencies,23,Podcast Advertising Agencies,podcast-advertising-agencies,,,,
IT Services & Agencies,it-services-agencies,27,"PPC, Paid Search & Programmatic Agencies",ppc-paid-search-programmatic-agencies,24,Out-of-Home Ad Buying Agencies,out-of-home-ad-buying-agencies,,,,
IT Services & Agencies,it-services-agencies,27,"PPC, Paid Search & Programmatic Agencies",ppc-paid-search-programmatic-agencies,25,Billboard Ad Agencies,billboard-ad-agencies,,,,
IT Services & Agencies,it-services-agencies,27,"PPC, Paid Search & Programmatic Agencies",ppc-paid-search-programmatic-agencies,26,Direct Mail Agencies,direct-mail-agencies,,,,
IT Services & Agencies,it-services-agencies,27,"PPC, Paid Search & Programmatic Agencies",ppc-paid-search-programmatic-agencies,27,Geofencing Ad Agencies,geofencing-ad-agencies,,,,
IT Services & Agencies,it-services-agencies,27,"PPC, Paid Search & Programmatic Agencies",ppc-paid-search-programmatic-agencies,28,Retargeting Specialists,retargeting-specialists,,,,
IT Services & Agencies,it-services-agencies,27,"PPC, Paid Search & Programmatic Agencies",ppc-paid-search-programmatic-agencies,29,Conversion Tracking Setup Services,conversion-tracking-setup-services,,,,
IT Services & Agencies,it-services-agencies,27,"PPC, Paid Search & Programmatic Agencies",ppc-paid-search-programmatic-agencies,30,Google Tag Manager Setup Services,google-tag-manager-setup-services,,,,
IT Services & Agencies,it-services-agencies,27,"PPC, Paid Search & Programmatic Agencies",ppc-paid-search-programmatic-agencies,31,Server-Side Tracking Setup Services,server-side-tracking-setup-services,,,,
IT Services & Agencies,it-services-agencies,27,"PPC, Paid Search & Programmatic Agencies",ppc-paid-search-programmatic-agencies,32,Cookie Consent Setup Services,cookie-consent-setup-services,,,,
IT Services & Agencies,it-services-agencies,27,"PPC, Paid Search & Programmatic Agencies",ppc-paid-search-programmatic-agencies,33,Pixel Implementation Services,pixel-implementation-services,,,,
IT Services & Agencies,it-services-agencies,27,"PPC, Paid Search & Programmatic Agencies",ppc-paid-search-programmatic-agencies,34,Lead Gen PPC Agencies,lead-gen-ppc-agencies,,,,
IT Services & Agencies,it-services-agencies,27,"PPC, Paid Search & Programmatic Agencies",ppc-paid-search-programmatic-agencies,35,E-Commerce PPC Agencies,e-commerce-ppc-agencies,,,,
IT Services & Agencies,it-services-agencies,27,"PPC, Paid Search & Programmatic Agencies",ppc-paid-search-programmatic-agencies,36,SaaS PPC Agencies,saas-ppc-agencies,,,,
IT Services & Agencies,it-services-agencies,27,"PPC, Paid Search & Programmatic Agencies",ppc-paid-search-programmatic-agencies,37,B2B Paid Media Agencies,b2b-paid-media-agencies,1,Search Advertising,Apple Search Ads,search-advertising-apple-search-ads
IT Services & Agencies,it-services-agencies,27,"PPC, Paid Search & Programmatic Agencies",ppc-paid-search-programmatic-agencies,37,B2B Paid Media Agencies,b2b-paid-media-agencies,2,Search Advertising,Amazon PPC,search-advertising-amazon-ppc
IT Services & Agencies,it-services-agencies,27,"PPC, Paid Search & Programmatic Agencies",ppc-paid-search-programmatic-agencies,37,B2B Paid Media Agencies,b2b-paid-media-agencies,3,Search Advertising,Shopping Campaigns,search-advertising-shopping-campaigns
IT Services & Agencies,it-services-agencies,27,"PPC, Paid Search & Programmatic Agencies",ppc-paid-search-programmatic-agencies,37,B2B Paid Media Agencies,b2b-paid-media-agencies,4,Search Advertising,App Install Campaigns,search-advertising-app-install-campaigns
IT Services & Agencies,it-services-agencies,27,"PPC, Paid Search & Programmatic Agencies",ppc-paid-search-programmatic-agencies,37,B2B Paid Media Agencies,b2b-paid-media-agencies,5,Search Advertising,Call-Only Campaigns,search-advertising-call-only-campaigns
IT Services & Agencies,it-services-agencies,27,"PPC, Paid Search & Programmatic Agencies",ppc-paid-search-programmatic-agencies,37,B2B Paid Media Agencies,b2b-paid-media-agencies,6,Search Advertising,Dynamic Search Ads,search-advertising-dynamic-search-ads
IT Services & Agencies,it-services-agencies,27,"PPC, Paid Search & Programmatic Agencies",ppc-paid-search-programmatic-agencies,37,B2B Paid Media Agencies,b2b-paid-media-agencies,7,Search Advertising,Performance Max,search-advertising-performance-max
IT Services & Agencies,it-services-agencies,27,"PPC, Paid Search & Programmatic Agencies",ppc-paid-search-programmatic-agencies,37,B2B Paid Media Agencies,b2b-paid-media-agencies,8,Programmatic & Display,Influencer Paid Partnership,programmatic-display-influencer-paid-partnership
IT Services & Agencies,it-services-agencies,27,"PPC, Paid Search & Programmatic Agencies",ppc-paid-search-programmatic-agencies,38,Local Service Ads Specialists,local-service-ads-specialists,1,Search Advertising,Local Services Ads,search-advertising-local-services-ads
IT Services & Agencies,it-services-agencies,28,Social Media Marketing Agencies,social-media-marketing-agencies,1,Full-Service Social Media Agencies,full-service-social-media-agencies,1,Digital Creative,Social Media Design,digital-creative-social-media-design
IT Services & Agencies,it-services-agencies,28,Social Media Marketing Agencies,social-media-marketing-agencies,1,Full-Service Social Media Agencies,full-service-social-media-agencies,2,Global Marketing,Global Social Media,global-marketing-global-social-media
IT Services & Agencies,it-services-agencies,28,Social Media Marketing Agencies,social-media-marketing-agencies,1,Full-Service Social Media Agencies,full-service-social-media-agencies,3,Social Advertising,Facebook Ads,social-advertising-facebook-ads
IT Services & Agencies,it-services-agencies,28,Social Media Marketing Agencies,social-media-marketing-agencies,1,Full-Service Social Media Agencies,full-service-social-media-agencies,4,Social Advertising,Instagram Ads,social-advertising-instagram-ads
IT Services & Agencies,it-services-agencies,28,Social Media Marketing Agencies,social-media-marketing-agencies,1,Full-Service Social Media Agencies,full-service-social-media-agencies,5,Social Advertising,LinkedIn Ads,social-advertising-linkedin-ads
IT Services & Agencies,it-services-agencies,28,Social Media Marketing Agencies,social-media-marketing-agencies,1,Full-Service Social Media Agencies,full-service-social-media-agencies,6,Social Advertising,TikTok Ads,social-advertising-tiktok-ads
IT Services & Agencies,it-services-agencies,28,Social Media Marketing Agencies,social-media-marketing-agencies,1,Full-Service Social Media Agencies,full-service-social-media-agencies,7,Social Advertising,Twitter/X Ads,social-advertising-twitter-x-ads
IT Services & Agencies,it-services-agencies,28,Social Media Marketing Agencies,social-media-marketing-agencies,1,Full-Service Social Media Agencies,full-service-social-media-agencies,8,Social Advertising,Pinterest Ads,social-advertising-pinterest-ads
IT Services & Agencies,it-services-agencies,28,Social Media Marketing Agencies,social-media-marketing-agencies,1,Full-Service Social Media Agencies,full-service-social-media-agencies,9,Social Advertising,Snapchat Ads,social-advertising-snapchat-ads
IT Services & Agencies,it-services-agencies,28,Social Media Marketing Agencies,social-media-marketing-agencies,1,Full-Service Social Media Agencies,full-service-social-media-agencies,10,Social Advertising,YouTube Ads,social-advertising-youtube-ads
IT Services & Agencies,it-services-agencies,28,Social Media Marketing Agencies,social-media-marketing-agencies,1,Full-Service Social Media Agencies,full-service-social-media-agencies,11,Social Advertising,Reddit Ads,social-advertising-reddit-ads
IT Services & Agencies,it-services-agencies,28,Social Media Marketing Agencies,social-media-marketing-agencies,1,Full-Service Social Media Agencies,full-service-social-media-agencies,12,Social Advertising,Quora Ads,social-advertising-quora-ads
IT Services & Agencies,it-services-agencies,28,Social Media Marketing Agencies,social-media-marketing-agencies,2,Instagram Marketing Agencies,instagram-marketing-agencies,1,Performance Marketing,ROAS Optimization,performance-marketing-roas-optimization
IT Services & Agencies,it-services-agencies,28,Social Media Marketing Agencies,social-media-marketing-agencies,2,Instagram Marketing Agencies,instagram-marketing-agencies,2,Performance Marketing,CAC Reduction,performance-marketing-cac-reduction
IT Services & Agencies,it-services-agencies,28,Social Media Marketing Agencies,social-media-marketing-agencies,2,Instagram Marketing Agencies,instagram-marketing-agencies,3,Performance Marketing,LTV Improvement,performance-marketing-ltv-improvement
IT Services & Agencies,it-services-agencies,28,Social Media Marketing Agencies,social-media-marketing-agencies,2,Instagram Marketing Agencies,instagram-marketing-agencies,4,Performance Marketing,Multichannel Attribution,performance-marketing-multichannel-attribution
IT Services & Agencies,it-services-agencies,28,Social Media Marketing Agencies,social-media-marketing-agencies,2,Instagram Marketing Agencies,instagram-marketing-agencies,5,Performance Marketing,Budget Allocation,performance-marketing-budget-allocation
IT Services & Agencies,it-services-agencies,28,Social Media Marketing Agencies,social-media-marketing-agencies,2,Instagram Marketing Agencies,instagram-marketing-agencies,6,Performance Marketing,Campaign Scaling,performance-marketing-campaign-scaling
IT Services & Agencies,it-services-agencies,28,Social Media Marketing Agencies,social-media-marketing-agencies,2,Instagram Marketing Agencies,instagram-marketing-agencies,7,Performance Marketing,Geo-Targeting,performance-marketing-geo-targeting
IT Services & Agencies,it-services-agencies,28,Social Media Marketing Agencies,social-media-marketing-agencies,2,Instagram Marketing Agencies,instagram-marketing-agencies,8,Performance Marketing,Audience Expansion,performance-marketing-audience-expansion
IT Services & Agencies,it-services-agencies,28,Social Media Marketing Agencies,social-media-marketing-agencies,2,Instagram Marketing Agencies,instagram-marketing-agencies,9,Performance Marketing,Creative Optimization,performance-marketing-creative-optimization
IT Services & Agencies,it-services-agencies,28,Social Media Marketing Agencies,social-media-marketing-agencies,2,Instagram Marketing Agencies,instagram-marketing-agencies,10,Performance Marketing,Bid Strategy,performance-marketing-bid-strategy
IT Services & Agencies,it-services-agencies,28,Social Media Marketing Agencies,social-media-marketing-agencies,2,Instagram Marketing Agencies,instagram-marketing-agencies,11,Global Marketing,Market Entry Marketing,global-marketing-market-entry-marketing
IT Services & Agencies,it-services-agencies,28,Social Media Marketing Agencies,social-media-marketing-agencies,2,Instagram Marketing Agencies,instagram-marketing-agencies,12,Global Marketing,Cultural Adaptation,global-marketing-cultural-adaptation
IT Services & Agencies,it-services-agencies,28,Social Media Marketing Agencies,social-media-marketing-agencies,2,Instagram Marketing Agencies,instagram-marketing-agencies,13,Global Marketing,Multilingual SEO,global-marketing-multilingual-seo
IT Services & Agencies,it-services-agencies,28,Social Media Marketing Agencies,social-media-marketing-agencies,2,Instagram Marketing Agencies,instagram-marketing-agencies,14,Global Marketing,International PPC,global-marketing-international-ppc
IT Services & Agencies,it-services-agencies,28,Social Media Marketing Agencies,social-media-marketing-agencies,2,Instagram Marketing Agencies,instagram-marketing-agencies,15,Global Marketing,Cross-Cultural Branding,global-marketing-cross-cultural-branding
IT Services & Agencies,it-services-agencies,28,Social Media Marketing Agencies,social-media-marketing-agencies,2,Instagram Marketing Agencies,instagram-marketing-agencies,16,Global Marketing,Translation Marketing,global-marketing-translation-marketing
IT Services & Agencies,it-services-agencies,28,Social Media Marketing Agencies,social-media-marketing-agencies,2,Instagram Marketing Agencies,instagram-marketing-agencies,17,Global Marketing,Regional PR,global-marketing-regional-pr
IT Services & Agencies,it-services-agencies,28,Social Media Marketing Agencies,social-media-marketing-agencies,3,TikTok Marketing Agencies,tiktok-marketing-agencies,,,,
IT Services & Agencies,it-services-agencies,28,Social Media Marketing Agencies,social-media-marketing-agencies,4,YouTube Marketing Agencies,youtube-marketing-agencies,,,,
IT Services & Agencies,it-services-agencies,28,Social Media Marketing Agencies,social-media-marketing-agencies,5,LinkedIn Marketing Agencies,linkedin-marketing-agencies,,,,
IT Services & Agencies,it-services-agencies,28,Social Media Marketing Agencies,social-media-marketing-agencies,6,Twitter / X Marketing Agencies,twitter-x-marketing-agencies,,,,
IT Services & Agencies,it-services-agencies,28,Social Media Marketing Agencies,social-media-marketing-agencies,7,Pinterest Marketing Agencies,pinterest-marketing-agencies,,,,
IT Services & Agencies,it-services-agencies,28,Social Media Marketing Agencies,social-media-marketing-agencies,8,Facebook Marketing Agencies,facebook-marketing-agencies,,,,
IT Services & Agencies,it-services-agencies,28,Social Media Marketing Agencies,social-media-marketing-agencies,9,Threads Marketing Agencies,threads-marketing-agencies,,,,
IT Services & Agencies,it-services-agencies,28,Social Media Marketing Agencies,social-media-marketing-agencies,10,Reddit Marketing Agencies,reddit-marketing-agencies,,,,
IT Services & Agencies,it-services-agencies,28,Social Media Marketing Agencies,social-media-marketing-agencies,11,Discord Community Agencies,discord-community-agencies,,,,
IT Services & Agencies,it-services-agencies,28,Social Media Marketing Agencies,social-media-marketing-agencies,12,Snapchat Marketing Agencies,snapchat-marketing-agencies,,,,
IT Services & Agencies,it-services-agencies,28,Social Media Marketing Agencies,social-media-marketing-agencies,13,Short-Form Video Agencies,short-form-video-agencies,1,Video Production,Corporate Video,video-production-corporate-video
IT Services & Agencies,it-services-agencies,28,Social Media Marketing Agencies,social-media-marketing-agencies,13,Short-Form Video Agencies,short-form-video-agencies,2,Video Production,Product Demo Video,video-production-product-demo-video
IT Services & Agencies,it-services-agencies,28,Social Media Marketing Agencies,social-media-marketing-agencies,13,Short-Form Video Agencies,short-form-video-agencies,3,Video Production,Testimonial Video,video-production-testimonial-video
IT Services & Agencies,it-services-agencies,28,Social Media Marketing Agencies,social-media-marketing-agencies,13,Short-Form Video Agencies,short-form-video-agencies,4,Video Production,Explainer Animation,video-production-explainer-animation
IT Services & Agencies,it-services-agencies,28,Social Media Marketing Agencies,social-media-marketing-agencies,13,Short-Form Video Agencies,short-form-video-agencies,5,Video Production,Social Video Content,video-production-social-video-content
IT Services & Agencies,it-services-agencies,28,Social Media Marketing Agencies,social-media-marketing-agencies,13,Short-Form Video Agencies,short-form-video-agencies,6,Video Production,Brand Documentary,video-production-brand-documentary
IT Services & Agencies,it-services-agencies,28,Social Media Marketing Agencies,social-media-marketing-agencies,13,Short-Form Video Agencies,short-form-video-agencies,7,Video Production,Recruitment Video,video-production-recruitment-video
IT Services & Agencies,it-services-agencies,28,Social Media Marketing Agencies,social-media-marketing-agencies,13,Short-Form Video Agencies,short-form-video-agencies,8,Video Production,Training Video,video-production-training-video
IT Services & Agencies,it-services-agencies,28,Social Media Marketing Agencies,social-media-marketing-agencies,13,Short-Form Video Agencies,short-form-video-agencies,9,Video Production,Event Recap Video,video-production-event-recap-video
IT Services & Agencies,it-services-agencies,28,Social Media Marketing Agencies,social-media-marketing-agencies,13,Short-Form Video Agencies,short-form-video-agencies,10,Video Production,Investor Video,video-production-investor-video
IT Services & Agencies,it-services-agencies,28,Social Media Marketing Agencies,social-media-marketing-agencies,13,Short-Form Video Agencies,short-form-video-agencies,11,Video Strategy,TikTok Strategy,video-strategy-tiktok-strategy
IT Services & Agencies,it-services-agencies,28,Social Media Marketing Agencies,social-media-marketing-agencies,13,Short-Form Video Agencies,short-form-video-agencies,12,Video Strategy,Instagram Reels Strategy,video-strategy-instagram-reels-strategy
IT Services & Agencies,it-services-agencies,28,Social Media Marketing Agencies,social-media-marketing-agencies,13,Short-Form Video Agencies,short-form-video-agencies,13,Video Strategy,LinkedIn Video,video-strategy-linkedin-video
IT Services & Agencies,it-services-agencies,28,Social Media Marketing Agencies,social-media-marketing-agencies,13,Short-Form Video Agencies,short-form-video-agencies,14,Video Strategy,Video SEO,video-strategy-video-seo
IT Services & Agencies,it-services-agencies,28,Social Media Marketing Agencies,social-media-marketing-agencies,13,Short-Form Video Agencies,short-form-video-agencies,15,Video Strategy,Video Distribution,video-strategy-video-distribution
IT Services & Agencies,it-services-agencies,28,Social Media Marketing Agencies,social-media-marketing-agencies,13,Short-Form Video Agencies,short-form-video-agencies,16,Video Strategy,Video Analytics,video-strategy-video-analytics
IT Services & Agencies,it-services-agencies,28,Social Media Marketing Agencies,social-media-marketing-agencies,13,Short-Form Video Agencies,short-form-video-agencies,17,Video Strategy,Live Streaming Strategy,video-strategy-live-streaming-strategy
IT Services & Agencies,it-services-agencies,28,Social Media Marketing Agencies,social-media-marketing-agencies,13,Short-Form Video Agencies,short-form-video-agencies,18,Video Strategy,Podcast Video,video-strategy-podcast-video
IT Services & Agencies,it-services-agencies,28,Social Media Marketing Agencies,social-media-marketing-agencies,13,Short-Form Video Agencies,short-form-video-agencies,19,Video Strategy,Webinar Production,video-strategy-webinar-production
IT Services & Agencies,it-services-agencies,28,Social Media Marketing Agencies,social-media-marketing-agencies,14,Reels Production Agencies,reels-production-agencies,,,,
IT Services & Agencies,it-services-agencies,28,Social Media Marketing Agencies,social-media-marketing-agencies,15,Shorts Production Agencies,shorts-production-agencies,,,,
IT Services & Agencies,it-services-agencies,28,Social Media Marketing Agencies,social-media-marketing-agencies,16,Social Media Content Studios,social-media-content-studios,1,Content Creation Services,Social Media Content,content-creation-services-social-media-content
IT Services & Agencies,it-services-agencies,28,Social Media Marketing Agencies,social-media-marketing-agencies,17,Social Media Management Services,social-media-management-services,1,Social Management,Community Management,social-management-community-management
IT Services & Agencies,it-services-agencies,28,Social Media Marketing Agencies,social-media-marketing-agencies,17,Social Media Management Services,social-media-management-services,2,Social Management,Social Strategy,social-management-social-strategy
IT Services & Agencies,it-services-agencies,28,Social Media Marketing Agencies,social-media-marketing-agencies,17,Social Media Management Services,social-media-management-services,3,Social Management,Content Calendars,social-management-content-calendars
IT Services & Agencies,it-services-agencies,28,Social Media Marketing Agencies,social-media-marketing-agencies,17,Social Media Management Services,social-media-management-services,4,Social Management,Engagement Management,social-management-engagement-management
IT Services & Agencies,it-services-agencies,28,Social Media Marketing Agencies,social-media-marketing-agencies,17,Social Media Management Services,social-media-management-services,5,Social Management,Crisis Management,social-management-crisis-management
IT Services & Agencies,it-services-agencies,28,Social Media Marketing Agencies,social-media-marketing-agencies,17,Social Media Management Services,social-media-management-services,6,Social Management,Brand Monitoring,social-management-brand-monitoring
IT Services & Agencies,it-services-agencies,28,Social Media Marketing Agencies,social-media-marketing-agencies,17,Social Media Management Services,social-media-management-services,7,Social Management,Competitor Analysis,social-management-competitor-analysis
IT Services & Agencies,it-services-agencies,28,Social Media Marketing Agencies,social-media-marketing-agencies,17,Social Media Management Services,social-media-management-services,8,Social Management,Audience Growth,social-management-audience-growth
IT Services & Agencies,it-services-agencies,28,Social Media Marketing Agencies,social-media-marketing-agencies,17,Social Media Management Services,social-media-management-services,9,Social Management,Social Analytics,social-management-social-analytics
IT Services & Agencies,it-services-agencies,28,Social Media Marketing Agencies,social-media-marketing-agencies,17,Social Media Management Services,social-media-management-services,10,Social Management,Platform-Specific Strategy,social-management-platform-specific-strategy
IT Services & Agencies,it-services-agencies,28,Social Media Marketing Agencies,social-media-marketing-agencies,17,Social Media Management Services,social-media-management-services,11,Social Platforms,Facebook Management,social-platforms-facebook-management
IT Services & Agencies,it-services-agencies,28,Social Media Marketing Agencies,social-media-marketing-agencies,17,Social Media Management Services,social-media-management-services,12,Social Platforms,Instagram Management,social-platforms-instagram-management
IT Services & Agencies,it-services-agencies,28,Social Media Marketing Agencies,social-media-marketing-agencies,17,Social Media Management Services,social-media-management-services,13,Social Platforms,LinkedIn Management,social-platforms-linkedin-management
IT Services & Agencies,it-services-agencies,28,Social Media Marketing Agencies,social-media-marketing-agencies,17,Social Media Management Services,social-media-management-services,14,Social Platforms,TikTok Management,social-platforms-tiktok-management
IT Services & Agencies,it-services-agencies,28,Social Media Marketing Agencies,social-media-marketing-agencies,17,Social Media Management Services,social-media-management-services,15,Social Platforms,Twitter/X Management,social-platforms-twitter-x-management
IT Services & Agencies,it-services-agencies,28,Social Media Marketing Agencies,social-media-marketing-agencies,17,Social Media Management Services,social-media-management-services,16,Social Platforms,YouTube Management,social-platforms-youtube-management
IT Services & Agencies,it-services-agencies,28,Social Media Marketing Agencies,social-media-marketing-agencies,17,Social Media Management Services,social-media-management-services,17,Social Platforms,Pinterest Management,social-platforms-pinterest-management
IT Services & Agencies,it-services-agencies,28,Social Media Marketing Agencies,social-media-marketing-agencies,17,Social Media Management Services,social-media-management-services,18,Social Platforms,Snapchat Management,social-platforms-snapchat-management
IT Services & Agencies,it-services-agencies,28,Social Media Marketing Agencies,social-media-marketing-agencies,17,Social Media Management Services,social-media-management-services,19,Social Platforms,Reddit Management,social-platforms-reddit-management
IT Services & Agencies,it-services-agencies,28,Social Media Marketing Agencies,social-media-marketing-agencies,17,Social Media Management Services,social-media-management-services,20,Social Platforms,Threads Management,social-platforms-threads-management
IT Services & Agencies,it-services-agencies,28,Social Media Marketing Agencies,social-media-marketing-agencies,18,Social Media Scheduling Services,social-media-scheduling-services,,,,
IT Services & Agencies,it-services-agencies,28,Social Media Marketing Agencies,social-media-marketing-agencies,19,Social Media Audit Services,social-media-audit-services,,,,
IT Services & Agencies,it-services-agencies,28,Social Media Marketing Agencies,social-media-marketing-agencies,20,Social Media Strategy Consultants,social-media-strategy-consultants,1,Global Marketing,Localization Strategy,global-marketing-localization-strategy
IT Services & Agencies,it-services-agencies,28,Social Media Marketing Agencies,social-media-marketing-agencies,21,Social Listening Services,social-listening-services,,,,
IT Services & Agencies,it-services-agencies,28,Social Media Marketing Agencies,social-media-marketing-agencies,22,Social Media Customer Care Agencies,social-media-customer-care-agencies,,,,
IT Services & Agencies,it-services-agencies,28,Social Media Marketing Agencies,social-media-marketing-agencies,23,Crisis Communication Social Agencies,crisis-communication-social-agencies,,,,
IT Services & Agencies,it-services-agencies,28,Social Media Marketing Agencies,social-media-marketing-agencies,24,Personal Brand Social Agencies,personal-brand-social-agencies,,,,
IT Services & Agencies,it-services-agencies,28,Social Media Marketing Agencies,social-media-marketing-agencies,25,Founder Social Media Ghostwriting,founder-social-media-ghostwriting,,,,
IT Services & Agencies,it-services-agencies,28,Social Media Marketing Agencies,social-media-marketing-agencies,26,LinkedIn Ghostwriting Services,linkedin-ghostwriting-services,,,,
IT Services & Agencies,it-services-agencies,28,Social Media Marketing Agencies,social-media-marketing-agencies,27,Twitter Ghostwriting Services,twitter-ghostwriting-services,,,,
IT Services & Agencies,it-services-agencies,29,Influencer & Creator Marketing Agencies,influencer-creator-marketing-agencies,1,Influencer Marketing Agencies,influencer-marketing-agencies,,,,
IT Services & Agencies,it-services-agencies,29,Influencer & Creator Marketing Agencies,influencer-creator-marketing-agencies,2,Micro-Influencer Agencies,micro-influencer-agencies,,,,
IT Services & Agencies,it-services-agencies,29,Influencer & Creator Marketing Agencies,influencer-creator-marketing-agencies,3,Nano-Influencer Agencies,nano-influencer-agencies,,,,
IT Services & Agencies,it-services-agencies,29,Influencer & Creator Marketing Agencies,influencer-creator-marketing-agencies,4,Celebrity Influencer Agencies,celebrity-influencer-agencies,,,,
IT Services & Agencies,it-services-agencies,29,Influencer & Creator Marketing Agencies,influencer-creator-marketing-agencies,5,Creator Economy Agencies,creator-economy-agencies,,,,
IT Services & Agencies,it-services-agencies,29,Influencer & Creator Marketing Agencies,influencer-creator-marketing-agencies,6,Talent Management for Creators,talent-management-for-creators,,,,
IT Services & Agencies,it-services-agencies,29,Influencer & Creator Marketing Agencies,influencer-creator-marketing-agencies,7,Influencer Casting Agencies,influencer-casting-agencies,,,,
IT Services & Agencies,it-services-agencies,29,Influencer & Creator Marketing Agencies,influencer-creator-marketing-agencies,8,Influencer Discovery Services,influencer-discovery-services,,,,
IT Services & Agencies,it-services-agencies,29,Influencer & Creator Marketing Agencies,influencer-creator-marketing-agencies,9,Influencer Outreach Services,influencer-outreach-services,,,,
IT Services & Agencies,it-services-agencies,29,Influencer & Creator Marketing Agencies,influencer-creator-marketing-agencies,10,Influencer Contract Management Services,influencer-contract-management-services,,,,
IT Services & Agencies,it-services-agencies,29,Influencer & Creator Marketing Agencies,influencer-creator-marketing-agencies,11,UGC Agencies,ugc-agencies,,,,
IT Services & Agencies,it-services-agencies,29,Influencer & Creator Marketing Agencies,influencer-creator-marketing-agencies,12,UGC Creator Networks,ugc-creator-networks,,,,
IT Services & Agencies,it-services-agencies,29,Influencer & Creator Marketing Agencies,influencer-creator-marketing-agencies,13,Affiliate Program Management Agencies,affiliate-program-management-agencies,,,,
IT Services & Agencies,it-services-agencies,29,Influencer & Creator Marketing Agencies,influencer-creator-marketing-agencies,14,Affiliate Recruitment Agencies,affiliate-recruitment-agencies,,,,
IT Services & Agencies,it-services-agencies,29,Influencer & Creator Marketing Agencies,influencer-creator-marketing-agencies,15,Brand Ambassador Programs,brand-ambassador-programs,,,,
IT Services & Agencies,it-services-agencies,29,Influencer & Creator Marketing Agencies,influencer-creator-marketing-agencies,16,Loyalty Influencer Programs,loyalty-influencer-programs,,,,
IT Services & Agencies,it-services-agencies,29,Influencer & Creator Marketing Agencies,influencer-creator-marketing-agencies,17,Twitch Streamer Marketing,twitch-streamer-marketing,,,,
IT Services & Agencies,it-services-agencies,29,Influencer & Creator Marketing Agencies,influencer-creator-marketing-agencies,18,Gaming Influencer Agencies,gaming-influencer-agencies,,,,
IT Services & Agencies,it-services-agencies,29,Influencer & Creator Marketing Agencies,influencer-creator-marketing-agencies,19,Beauty Influencer Agencies,beauty-influencer-agencies,,,,
IT Services & Agencies,it-services-agencies,29,Influencer & Creator Marketing Agencies,influencer-creator-marketing-agencies,20,Fashion Influencer Agencies,fashion-influencer-agencies,,,,
IT Services & Agencies,it-services-agencies,29,Influencer & Creator Marketing Agencies,influencer-creator-marketing-agencies,21,Fitness Influencer Agencies,fitness-influencer-agencies,,,,
IT Services & Agencies,it-services-agencies,29,Influencer & Creator Marketing Agencies,influencer-creator-marketing-agencies,22,Travel Influencer Agencies,travel-influencer-agencies,,,,
IT Services & Agencies,it-services-agencies,29,Influencer & Creator Marketing Agencies,influencer-creator-marketing-agencies,23,Food Influencer Agencies,food-influencer-agencies,,,,
IT Services & Agencies,it-services-agencies,29,Influencer & Creator Marketing Agencies,influencer-creator-marketing-agencies,24,Parenting Influencer Agencies,parenting-influencer-agencies,,,,
IT Services & Agencies,it-services-agencies,29,Influencer & Creator Marketing Agencies,influencer-creator-marketing-agencies,25,Tech Influencer Agencies,tech-influencer-agencies,,,,
IT Services & Agencies,it-services-agencies,30,Content Marketing & Editorial Agencies,content-marketing-editorial-agencies,1,Content Marketing Agencies,content-marketing-agencies,1,Content Creation Services,Blog Content,content-creation-services-blog-content
IT Services & Agencies,it-services-agencies,30,Content Marketing & Editorial Agencies,content-marketing-editorial-agencies,1,Content Marketing Agencies,content-marketing-agencies,2,Content Creation Services,Infographic Design,content-creation-services-infographic-design
IT Services & Agencies,it-services-agencies,30,Content Marketing & Editorial Agencies,content-marketing-editorial-agencies,1,Content Marketing Agencies,content-marketing-agencies,3,Content Creation Services,Case Study Writing,content-creation-services-case-study-writing
IT Services & Agencies,it-services-agencies,30,Content Marketing & Editorial Agencies,content-marketing-editorial-agencies,1,Content Marketing Agencies,content-marketing-agencies,4,Content Creation Services,Email Content,content-creation-services-email-content
IT Services & Agencies,it-services-agencies,30,Content Marketing & Editorial Agencies,content-marketing-editorial-agencies,1,Content Marketing Agencies,content-marketing-agencies,5,Content Creation Services,Interactive Content,content-creation-services-interactive-content
IT Services & Agencies,it-services-agencies,30,Content Marketing & Editorial Agencies,content-marketing-editorial-agencies,1,Content Marketing Agencies,content-marketing-agencies,6,Content Creation Services,User-Generated Content,content-creation-services-user-generated-content
IT Services & Agencies,it-services-agencies,30,Content Marketing & Editorial Agencies,content-marketing-editorial-agencies,1,Content Marketing Agencies,content-marketing-agencies,7,Content Distribution,Content Syndication,content-distribution-content-syndication
IT Services & Agencies,it-services-agencies,30,Content Marketing & Editorial Agencies,content-marketing-editorial-agencies,1,Content Marketing Agencies,content-marketing-agencies,8,Content Distribution,Press Release Distribution,content-distribution-press-release-distribution
IT Services & Agencies,it-services-agencies,30,Content Marketing & Editorial Agencies,content-marketing-editorial-agencies,1,Content Marketing Agencies,content-marketing-agencies,9,Content Distribution,Newswire Services,content-distribution-newswire-services
IT Services & Agencies,it-services-agencies,30,Content Marketing & Editorial Agencies,content-marketing-editorial-agencies,1,Content Marketing Agencies,content-marketing-agencies,10,Content Distribution,Sponsored Content Placement,content-distribution-sponsored-content-placement
IT Services & Agencies,it-services-agencies,30,Content Marketing & Editorial Agencies,content-marketing-editorial-agencies,1,Content Marketing Agencies,content-marketing-agencies,11,Content Distribution,Content Partnerships,content-distribution-content-partnerships
IT Services & Agencies,it-services-agencies,30,Content Marketing & Editorial Agencies,content-marketing-editorial-agencies,1,Content Marketing Agencies,content-marketing-agencies,12,Content Distribution,Guest Posting,content-distribution-guest-posting
IT Services & Agencies,it-services-agencies,30,Content Marketing & Editorial Agencies,content-marketing-editorial-agencies,1,Content Marketing Agencies,content-marketing-agencies,13,Content Distribution,Podcast Guesting,content-distribution-podcast-guesting
IT Services & Agencies,it-services-agencies,30,Content Marketing & Editorial Agencies,content-marketing-editorial-agencies,1,Content Marketing Agencies,content-marketing-agencies,14,Content Distribution,Webinar Co-Hosting,content-distribution-webinar-co-hosting
IT Services & Agencies,it-services-agencies,30,Content Marketing & Editorial Agencies,content-marketing-editorial-agencies,1,Content Marketing Agencies,content-marketing-agencies,15,Content Distribution,Newsletter Sponsorship,content-distribution-newsletter-sponsorship
IT Services & Agencies,it-services-agencies,30,Content Marketing & Editorial Agencies,content-marketing-editorial-agencies,1,Content Marketing Agencies,content-marketing-agencies,16,Content Distribution,Cross-Promotion,content-distribution-cross-promotion
IT Services & Agencies,it-services-agencies,30,Content Marketing & Editorial Agencies,content-marketing-editorial-agencies,2,B2B Content Marketing Agencies,b2b-content-marketing-agencies,,,,
IT Services & Agencies,it-services-agencies,30,Content Marketing & Editorial Agencies,content-marketing-editorial-agencies,3,SaaS Content Marketing Agencies,saas-content-marketing-agencies,,,,
IT Services & Agencies,it-services-agencies,30,Content Marketing & Editorial Agencies,content-marketing-editorial-agencies,4,Editorial Content Studios,editorial-content-studios,,,,
IT Services & Agencies,it-services-agencies,30,Content Marketing & Editorial Agencies,content-marketing-editorial-agencies,5,Branded Newsroom Services,branded-newsroom-services,,,,
IT Services & Agencies,it-services-agencies,30,Content Marketing & Editorial Agencies,content-marketing-editorial-agencies,6,Corporate Blogging Services,corporate-blogging-services,,,,
IT Services & Agencies,it-services-agencies,30,Content Marketing & Editorial Agencies,content-marketing-editorial-agencies,7,Thought Leadership Agencies,thought-leadership-agencies,,,,
IT Services & Agencies,it-services-agencies,30,Content Marketing & Editorial Agencies,content-marketing-editorial-agencies,8,Executive Ghostwriting Services,executive-ghostwriting-services,,,,
IT Services & Agencies,it-services-agencies,30,Content Marketing & Editorial Agencies,content-marketing-editorial-agencies,9,White Paper Production Services,white-paper-production-services,1,Content Creation Services,Video Production,content-creation-services-video-production
IT Services & Agencies,it-services-agencies,30,Content Marketing & Editorial Agencies,content-marketing-editorial-agencies,9,White Paper Production Services,white-paper-production-services,2,Content Creation Services,Podcast Production,content-creation-services-podcast-production
IT Services & Agencies,it-services-agencies,30,Content Marketing & Editorial Agencies,content-marketing-editorial-agencies,10,eBook Production Services,ebook-production-services,1,Content Creation Services,Ebook & Whitepaper,content-creation-services-ebook-whitepaper
IT Services & Agencies,it-services-agencies,30,Content Marketing & Editorial Agencies,content-marketing-editorial-agencies,11,Lead Magnet Production Services,lead-magnet-production-services,,,,
IT Services & Agencies,it-services-agencies,30,Content Marketing & Editorial Agencies,content-marketing-editorial-agencies,12,Email Newsletter Agencies,email-newsletter-agencies,,,,
IT Services & Agencies,it-services-agencies,30,Content Marketing & Editorial Agencies,content-marketing-editorial-agencies,13,Substack Growth Services,substack-growth-services,1,Growth Services,Growth Strategy,growth-services-growth-strategy
IT Services & Agencies,it-services-agencies,30,Content Marketing & Editorial Agencies,content-marketing-editorial-agencies,13,Substack Growth Services,substack-growth-services,2,Growth Services,Experimentation,growth-services-experimentation
IT Services & Agencies,it-services-agencies,30,Content Marketing & Editorial Agencies,content-marketing-editorial-agencies,13,Substack Growth Services,substack-growth-services,3,Growth Services,Funnel Optimization,growth-services-funnel-optimization
IT Services & Agencies,it-services-agencies,30,Content Marketing & Editorial Agencies,content-marketing-editorial-agencies,13,Substack Growth Services,substack-growth-services,4,Growth Services,Activation Strategy,growth-services-activation-strategy
IT Services & Agencies,it-services-agencies,30,Content Marketing & Editorial Agencies,content-marketing-editorial-agencies,13,Substack Growth Services,substack-growth-services,5,Growth Services,Retention Strategy,growth-services-retention-strategy
IT Services & Agencies,it-services-agencies,30,Content Marketing & Editorial Agencies,content-marketing-editorial-agencies,13,Substack Growth Services,substack-growth-services,6,Growth Services,Viral Growth,growth-services-viral-growth
IT Services & Agencies,it-services-agencies,30,Content Marketing & Editorial Agencies,content-marketing-editorial-agencies,13,Substack Growth Services,substack-growth-services,7,Growth Services,Product-Led Growth,growth-services-product-led-growth
IT Services & Agencies,it-services-agencies,30,Content Marketing & Editorial Agencies,content-marketing-editorial-agencies,13,Substack Growth Services,substack-growth-services,8,Growth Services,Community-Led Growth,growth-services-community-led-growth
IT Services & Agencies,it-services-agencies,30,Content Marketing & Editorial Agencies,content-marketing-editorial-agencies,13,Substack Growth Services,substack-growth-services,9,Growth Services,Content-Led Growth,growth-services-content-led-growth
IT Services & Agencies,it-services-agencies,30,Content Marketing & Editorial Agencies,content-marketing-editorial-agencies,13,Substack Growth Services,substack-growth-services,10,Growth Services,Partnership Growth,growth-services-partnership-growth
IT Services & Agencies,it-services-agencies,30,Content Marketing & Editorial Agencies,content-marketing-editorial-agencies,14,Beehiiv Growth Services,beehiiv-growth-services,,,,
IT Services & Agencies,it-services-agencies,30,Content Marketing & Editorial Agencies,content-marketing-editorial-agencies,15,Podcast Production for Brands,podcast-production-for-brands,,,,
IT Services & Agencies,it-services-agencies,30,Content Marketing & Editorial Agencies,content-marketing-editorial-agencies,16,Branded Podcast Studios,branded-podcast-studios,,,,
IT Services & Agencies,it-services-agencies,30,Content Marketing & Editorial Agencies,content-marketing-editorial-agencies,17,YouTube Channel Management Agencies,youtube-channel-management-agencies,1,Video Strategy,YouTube Channel Management,video-strategy-youtube-channel-management
IT Services & Agencies,it-services-agencies,30,Content Marketing & Editorial Agencies,content-marketing-editorial-agencies,18,Editorial Calendar Services,editorial-calendar-services,,,,
IT Services & Agencies,it-services-agencies,30,Content Marketing & Editorial Agencies,content-marketing-editorial-agencies,19,Content Repurposing Agencies,content-repurposing-agencies,,,,
IT Services & Agencies,it-services-agencies,30,Content Marketing & Editorial Agencies,content-marketing-editorial-agencies,20,Long-Form Content Agencies,long-form-content-agencies,,,,
IT Services & Agencies,it-services-agencies,30,Content Marketing & Editorial Agencies,content-marketing-editorial-agencies,21,Listicle Content Agencies,listicle-content-agencies,,,,
IT Services & Agencies,it-services-agencies,30,Content Marketing & Editorial Agencies,content-marketing-editorial-agencies,22,Content Localization Agencies,content-localization-agencies,,,,
IT Services & Agencies,it-services-agencies,31,Email & SMS Marketing Agencies,email-sms-marketing-agencies,1,Email Marketing Agencies,email-marketing-agencies,1,Email Strategy,Email Campaign Strategy,email-strategy-email-campaign-strategy
IT Services & Agencies,it-services-agencies,31,Email & SMS Marketing Agencies,email-sms-marketing-agencies,1,Email Marketing Agencies,email-marketing-agencies,2,Email Strategy,Automation Setup,email-strategy-automation-setup
IT Services & Agencies,it-services-agencies,31,Email & SMS Marketing Agencies,email-sms-marketing-agencies,1,Email Marketing Agencies,email-marketing-agencies,3,Email Strategy,List Building,email-strategy-list-building
IT Services & Agencies,it-services-agencies,31,Email & SMS Marketing Agencies,email-sms-marketing-agencies,1,Email Marketing Agencies,email-marketing-agencies,4,Email Strategy,Segmentation Strategy,email-strategy-segmentation-strategy
IT Services & Agencies,it-services-agencies,31,Email & SMS Marketing Agencies,email-sms-marketing-agencies,1,Email Marketing Agencies,email-marketing-agencies,5,Email Strategy,Personalization,email-strategy-personalization
IT Services & Agencies,it-services-agencies,31,Email & SMS Marketing Agencies,email-sms-marketing-agencies,1,Email Marketing Agencies,email-marketing-agencies,6,Email Strategy,A/B Testing Strategy,email-strategy-a-b-testing-strategy
IT Services & Agencies,it-services-agencies,31,Email & SMS Marketing Agencies,email-sms-marketing-agencies,1,Email Marketing Agencies,email-marketing-agencies,7,Email Strategy,Migration Services,email-strategy-migration-services
IT Services & Agencies,it-services-agencies,31,Email & SMS Marketing Agencies,email-sms-marketing-agencies,1,Email Marketing Agencies,email-marketing-agencies,8,Email Strategy,Compliance Setup,email-strategy-compliance-setup
IT Services & Agencies,it-services-agencies,31,Email & SMS Marketing Agencies,email-sms-marketing-agencies,2,Klaviyo Agencies,klaviyo-agencies,,,,
IT Services & Agencies,it-services-agencies,31,Email & SMS Marketing Agencies,email-sms-marketing-agencies,3,Mailchimp Partner Agencies,mailchimp-partner-agencies,,,,
IT Services & Agencies,it-services-agencies,31,Email & SMS Marketing Agencies,email-sms-marketing-agencies,4,ActiveCampaign Partner Agencies,activecampaign-partner-agencies,,,,
IT Services & Agencies,it-services-agencies,31,Email & SMS Marketing Agencies,email-sms-marketing-agencies,5,HubSpot Email Marketing Partners,hubspot-email-marketing-partners,,,,
IT Services & Agencies,it-services-agencies,31,Email & SMS Marketing Agencies,email-sms-marketing-agencies,6,Marketo Partner Agencies,marketo-partner-agencies,,,,
IT Services & Agencies,it-services-agencies,31,Email & SMS Marketing Agencies,email-sms-marketing-agencies,7,Iterable Implementation Partners,iterable-implementation-partners,,,,
IT Services & Agencies,it-services-agencies,31,Email & SMS Marketing Agencies,email-sms-marketing-agencies,8,Braze Implementation Partners,braze-implementation-partners,,,,
IT Services & Agencies,it-services-agencies,31,Email & SMS Marketing Agencies,email-sms-marketing-agencies,9,Customer.io Partner Agencies,customerio-partner-agencies,,,,
IT Services & Agencies,it-services-agencies,31,Email & SMS Marketing Agencies,email-sms-marketing-agencies,10,Drip Email Marketing Agencies,drip-email-marketing-agencies,,,,
IT Services & Agencies,it-services-agencies,31,Email & SMS Marketing Agencies,email-sms-marketing-agencies,11,E-Commerce Email Agencies,e-commerce-email-agencies,,,,
IT Services & Agencies,it-services-agencies,31,Email & SMS Marketing Agencies,email-sms-marketing-agencies,12,Shopify Email Marketing Agencies,shopify-email-marketing-agencies,,,,
IT Services & Agencies,it-services-agencies,31,Email & SMS Marketing Agencies,email-sms-marketing-agencies,13,Lifecycle Marketing Agencies,lifecycle-marketing-agencies,,,,
IT Services & Agencies,it-services-agencies,31,Email & SMS Marketing Agencies,email-sms-marketing-agencies,14,Cold Email Outreach Agencies,cold-email-outreach-agencies,,,,
IT Services & Agencies,it-services-agencies,31,Email & SMS Marketing Agencies,email-sms-marketing-agencies,15,Email Deliverability Consultants,email-deliverability-consultants,1,Email Strategy,Deliverability Optimization,email-strategy-deliverability-optimization
IT Services & Agencies,it-services-agencies,31,Email & SMS Marketing Agencies,email-sms-marketing-agencies,16,Email Template Design Studios,email-template-design-studios,1,Digital Creative,Website Design,digital-creative-website-design
IT Services & Agencies,it-services-agencies,31,Email & SMS Marketing Agencies,email-sms-marketing-agencies,16,Email Template Design Studios,email-template-design-studios,2,Digital Creative,App Design,digital-creative-app-design
IT Services & Agencies,it-services-agencies,31,Email & SMS Marketing Agencies,email-sms-marketing-agencies,16,Email Template Design Studios,email-template-design-studios,3,Digital Creative,Email Design,digital-creative-email-design
IT Services & Agencies,it-services-agencies,31,Email & SMS Marketing Agencies,email-sms-marketing-agencies,16,Email Template Design Studios,email-template-design-studios,4,Digital Creative,Banner Design,digital-creative-banner-design
IT Services & Agencies,it-services-agencies,31,Email & SMS Marketing Agencies,email-sms-marketing-agencies,16,Email Template Design Studios,email-template-design-studios,5,Digital Creative,Presentation Design,digital-creative-presentation-design
IT Services & Agencies,it-services-agencies,31,Email & SMS Marketing Agencies,email-sms-marketing-agencies,16,Email Template Design Studios,email-template-design-studios,6,Digital Creative,Interactive Design,digital-creative-interactive-design
IT Services & Agencies,it-services-agencies,31,Email & SMS Marketing Agencies,email-sms-marketing-agencies,16,Email Template Design Studios,email-template-design-studios,7,Email Strategy,Email Design,email-strategy-email-design
IT Services & Agencies,it-services-agencies,31,Email & SMS Marketing Agencies,email-sms-marketing-agencies,17,Newsletter Design Studios,newsletter-design-studios,,,,
IT Services & Agencies,it-services-agencies,31,Email & SMS Marketing Agencies,email-sms-marketing-agencies,18,Email Copywriting Agencies,email-copywriting-agencies,,,,
IT Services & Agencies,it-services-agencies,31,Email & SMS Marketing Agencies,email-sms-marketing-agencies,19,SMS Marketing Agencies,sms-marketing-agencies,,,,
IT Services & Agencies,it-services-agencies,31,Email & SMS Marketing Agencies,email-sms-marketing-agencies,20,Attentive Partner Agencies,attentive-partner-agencies,,,,
IT Services & Agencies,it-services-agencies,31,Email & SMS Marketing Agencies,email-sms-marketing-agencies,21,Postscript Partner Agencies,postscript-partner-agencies,,,,
IT Services & Agencies,it-services-agencies,31,Email & SMS Marketing Agencies,email-sms-marketing-agencies,22,WhatsApp Marketing Agencies,whatsapp-marketing-agencies,,,,
IT Services & Agencies,it-services-agencies,31,Email & SMS Marketing Agencies,email-sms-marketing-agencies,23,Push Notification Agencies,push-notification-agencies,,,,
IT Services & Agencies,it-services-agencies,32,PR & Communications Agencies,pr-communications-agencies,1,Public Relations Agencies,public-relations-agencies,1,Public Relations,Media Relations,public-relations-media-relations
IT Services & Agencies,it-services-agencies,32,PR & Communications Agencies,pr-communications-agencies,1,Public Relations Agencies,public-relations-agencies,2,Public Relations,Press Release Writing,public-relations-press-release-writing
IT Services & Agencies,it-services-agencies,32,PR & Communications Agencies,pr-communications-agencies,1,Public Relations Agencies,public-relations-agencies,3,Public Relations,Media Monitoring,public-relations-media-monitoring
IT Services & Agencies,it-services-agencies,32,PR & Communications Agencies,pr-communications-agencies,1,Public Relations Agencies,public-relations-agencies,4,Public Relations,Crisis PR,public-relations-crisis-pr
IT Services & Agencies,it-services-agencies,32,PR & Communications Agencies,pr-communications-agencies,1,Public Relations Agencies,public-relations-agencies,5,Public Relations,Thought Leadership,public-relations-thought-leadership
IT Services & Agencies,it-services-agencies,32,PR & Communications Agencies,pr-communications-agencies,1,Public Relations Agencies,public-relations-agencies,6,Public Relations,Event PR,public-relations-event-pr
IT Services & Agencies,it-services-agencies,32,PR & Communications Agencies,pr-communications-agencies,1,Public Relations Agencies,public-relations-agencies,7,Public Relations,Product Launch PR,public-relations-product-launch-pr
IT Services & Agencies,it-services-agencies,32,PR & Communications Agencies,pr-communications-agencies,1,Public Relations Agencies,public-relations-agencies,8,Public Relations,Corporate PR,public-relations-corporate-pr
IT Services & Agencies,it-services-agencies,32,PR & Communications Agencies,pr-communications-agencies,1,Public Relations Agencies,public-relations-agencies,9,Public Relations,Investor Relations PR,public-relations-investor-relations-pr
IT Services & Agencies,it-services-agencies,32,PR & Communications Agencies,pr-communications-agencies,1,Public Relations Agencies,public-relations-agencies,10,Public Relations,Social Media PR,public-relations-social-media-pr
IT Services & Agencies,it-services-agencies,32,PR & Communications Agencies,pr-communications-agencies,2,B2B PR Agencies,b2b-pr-agencies,,,,
IT Services & Agencies,it-services-agencies,32,PR & Communications Agencies,pr-communications-agencies,3,Tech PR Agencies,tech-pr-agencies,,,,
IT Services & Agencies,it-services-agencies,32,PR & Communications Agencies,pr-communications-agencies,4,Startup PR Agencies,startup-pr-agencies,,,,
IT Services & Agencies,it-services-agencies,32,PR & Communications Agencies,pr-communications-agencies,5,Healthcare PR Agencies,healthcare-pr-agencies,,,,
IT Services & Agencies,it-services-agencies,32,PR & Communications Agencies,pr-communications-agencies,6,Consumer PR Agencies,consumer-pr-agencies,,,,
IT Services & Agencies,it-services-agencies,32,PR & Communications Agencies,pr-communications-agencies,7,Lifestyle PR Agencies,lifestyle-pr-agencies,,,,
IT Services & Agencies,it-services-agencies,32,PR & Communications Agencies,pr-communications-agencies,8,Beauty PR Agencies,beauty-pr-agencies,,,,
IT Services & Agencies,it-services-agencies,32,PR & Communications Agencies,pr-communications-agencies,9,Fashion PR Agencies,fashion-pr-agencies,,,,
IT Services & Agencies,it-services-agencies,32,PR & Communications Agencies,pr-communications-agencies,10,Food & Beverage PR Agencies,food-beverage-pr-agencies,,,,
IT Services & Agencies,it-services-agencies,32,PR & Communications Agencies,pr-communications-agencies,11,Hospitality PR Agencies,hospitality-pr-agencies,,,,
IT Services & Agencies,it-services-agencies,32,PR & Communications Agencies,pr-communications-agencies,12,Travel PR Agencies,travel-pr-agencies,,,,
IT Services & Agencies,it-services-agencies,32,PR & Communications Agencies,pr-communications-agencies,13,Entertainment PR Agencies,entertainment-pr-agencies,,,,
IT Services & Agencies,it-services-agencies,32,PR & Communications Agencies,pr-communications-agencies,14,Music PR Agencies,music-pr-agencies,,,,
IT Services & Agencies,it-services-agencies,32,PR & Communications Agencies,pr-communications-agencies,15,Book PR Agencies,book-pr-agencies,,,,
IT Services & Agencies,it-services-agencies,32,PR & Communications Agencies,pr-communications-agencies,16,Author Publicity Services,author-publicity-services,,,,
IT Services & Agencies,it-services-agencies,32,PR & Communications Agencies,pr-communications-agencies,17,Crisis Communications Firms,crisis-communications-firms,,,,
IT Services & Agencies,it-services-agencies,32,PR & Communications Agencies,pr-communications-agencies,18,Reputation Management Firms,reputation-management-firms,,,,
IT Services & Agencies,it-services-agencies,32,PR & Communications Agencies,pr-communications-agencies,19,Executive Communications Coaches,executive-communications-coaches,,,,
IT Services & Agencies,it-services-agencies,32,PR & Communications Agencies,pr-communications-agencies,20,Speech Coaching Services,speech-coaching-services,,,,
IT Services & Agencies,it-services-agencies,32,PR & Communications Agencies,pr-communications-agencies,21,Media Training Services,media-training-services,,,,
IT Services & Agencies,it-services-agencies,32,PR & Communications Agencies,pr-communications-agencies,22,Press Release Distribution Services,press-release-distribution-services,,,,
IT Services & Agencies,it-services-agencies,32,PR & Communications Agencies,pr-communications-agencies,23,Wire Service Distribution,wire-service-distribution,,,,
IT Services & Agencies,it-services-agencies,32,PR & Communications Agencies,pr-communications-agencies,24,Media List Building Services,media-list-building-services,,,,
IT Services & Agencies,it-services-agencies,32,PR & Communications Agencies,pr-communications-agencies,25,Pitch Writing Services,pitch-writing-services,,,,
IT Services & Agencies,it-services-agencies,32,PR & Communications Agencies,pr-communications-agencies,26,Awards Submission Services,awards-submission-services,,,,
IT Services & Agencies,it-services-agencies,32,PR & Communications Agencies,pr-communications-agencies,27,Analyst Relations Firms,analyst-relations-firms,,,,
IT Services & Agencies,it-services-agencies,32,PR & Communications Agencies,pr-communications-agencies,28,Investor Relations Firms,investor-relations-firms,,,,
IT Services & Agencies,it-services-agencies,32,PR & Communications Agencies,pr-communications-agencies,29,Internal Communications Consultants,internal-communications-consultants,,,,
IT Services & Agencies,it-services-agencies,32,PR & Communications Agencies,pr-communications-agencies,30,ESG Communications Consultants,esg-communications-consultants,,,,
IT Services & Agencies,it-services-agencies,32,PR & Communications Agencies,pr-communications-agencies,31,Sustainability Reporting Consultants,sustainability-reporting-consultants,,,,
IT Services & Agencies,it-services-agencies,32,PR & Communications Agencies,pr-communications-agencies,32,Government Relations Firms,government-relations-firms,,,,
IT Services & Agencies,it-services-agencies,32,PR & Communications Agencies,pr-communications-agencies,33,Public Affairs Firms,public-affairs-firms,,,,
IT Services & Agencies,it-services-agencies,32,PR & Communications Agencies,pr-communications-agencies,34,Lobbying Firms,lobbying-firms,,,,
IT Services & Agencies,it-services-agencies,32,PR & Communications Agencies,pr-communications-agencies,35,Grassroots Campaign Agencies,grassroots-campaign-agencies,,,,
IT Services & Agencies,it-services-agencies,33,Conversion Optimization & Growth Agencies,conversion-optimization-growth-agencies,1,Conversion Rate Optimization Agencies,conversion-rate-optimization-agencies,,,,
IT Services & Agencies,it-services-agencies,33,Conversion Optimization & Growth Agencies,conversion-optimization-growth-agencies,2,Landing Page Optimization Services,landing-page-optimization-services,1,CRO Services,Landing Page Optimization,cro-services-landing-page-optimization
IT Services & Agencies,it-services-agencies,33,Conversion Optimization & Growth Agencies,conversion-optimization-growth-agencies,2,Landing Page Optimization Services,landing-page-optimization-services,2,CRO Services,Funnel Optimization,cro-services-funnel-optimization
IT Services & Agencies,it-services-agencies,33,Conversion Optimization & Growth Agencies,conversion-optimization-growth-agencies,2,Landing Page Optimization Services,landing-page-optimization-services,3,CRO Services,Form Optimization,cro-services-form-optimization
IT Services & Agencies,it-services-agencies,33,Conversion Optimization & Growth Agencies,conversion-optimization-growth-agencies,2,Landing Page Optimization Services,landing-page-optimization-services,4,CRO Services,Checkout Optimization,cro-services-checkout-optimization
IT Services & Agencies,it-services-agencies,33,Conversion Optimization & Growth Agencies,conversion-optimization-growth-agencies,3,CRO Audit Services,cro-audit-services,1,CRO Services,Conversion Audit,cro-services-conversion-audit
IT Services & Agencies,it-services-agencies,33,Conversion Optimization & Growth Agencies,conversion-optimization-growth-agencies,3,CRO Audit Services,cro-audit-services,2,CRO Services,A/B Testing,cro-services-a-b-testing
IT Services & Agencies,it-services-agencies,33,Conversion Optimization & Growth Agencies,conversion-optimization-growth-agencies,3,CRO Audit Services,cro-audit-services,3,CRO Services,User Testing,cro-services-user-testing
IT Services & Agencies,it-services-agencies,33,Conversion Optimization & Growth Agencies,conversion-optimization-growth-agencies,3,CRO Audit Services,cro-audit-services,4,CRO Services,Personalization,cro-services-personalization
IT Services & Agencies,it-services-agencies,33,Conversion Optimization & Growth Agencies,conversion-optimization-growth-agencies,4,Heatmap Analysis Services,heatmap-analysis-services,1,CRO Services,Heatmap Analysis,cro-services-heatmap-analysis
IT Services & Agencies,it-services-agencies,33,Conversion Optimization & Growth Agencies,conversion-optimization-growth-agencies,5,Session Replay Analysis Services,session-replay-analysis-services,,,,
IT Services & Agencies,it-services-agencies,33,Conversion Optimization & Growth Agencies,conversion-optimization-growth-agencies,6,Funnel Audit Services,funnel-audit-services,,,,
IT Services & Agencies,it-services-agencies,33,Conversion Optimization & Growth Agencies,conversion-optimization-growth-agencies,7,Checkout Optimization Agencies,checkout-optimization-agencies,,,,
IT Services & Agencies,it-services-agencies,33,Conversion Optimization & Growth Agencies,conversion-optimization-growth-agencies,8,Cart Recovery Setup Services,cart-recovery-setup-services,,,,
IT Services & Agencies,it-services-agencies,33,Conversion Optimization & Growth Agencies,conversion-optimization-growth-agencies,9,Onboarding Optimization Services,onboarding-optimization-services,,,,
IT Services & Agencies,it-services-agencies,33,Conversion Optimization & Growth Agencies,conversion-optimization-growth-agencies,10,Activation Rate Improvement Services,activation-rate-improvement-services,,,,
IT Services & Agencies,it-services-agencies,33,Conversion Optimization & Growth Agencies,conversion-optimization-growth-agencies,11,Retention Marketing Agencies,retention-marketing-agencies,,,,
IT Services & Agencies,it-services-agencies,33,Conversion Optimization & Growth Agencies,conversion-optimization-growth-agencies,12,Churn Reduction Consultants,churn-reduction-consultants,,,,
IT Services & Agencies,it-services-agencies,33,Conversion Optimization & Growth Agencies,conversion-optimization-growth-agencies,13,Growth Hacking Agencies,growth-hacking-agencies,,,,
IT Services & Agencies,it-services-agencies,33,Conversion Optimization & Growth Agencies,conversion-optimization-growth-agencies,14,Product-Led Growth Consultants,product-led-growth-consultants,,,,
IT Services & Agencies,it-services-agencies,33,Conversion Optimization & Growth Agencies,conversion-optimization-growth-agencies,15,Pricing Strategy Consultants,pricing-strategy-consultants,,,,
IT Services & Agencies,it-services-agencies,33,Conversion Optimization & Growth Agencies,conversion-optimization-growth-agencies,16,Packaging Strategy Consultants,packaging-strategy-consultants,,,,
IT Services & Agencies,it-services-agencies,33,Conversion Optimization & Growth Agencies,conversion-optimization-growth-agencies,17,Experimentation Program Consultants,experimentation-program-consultants,,,,
IT Services & Agencies,it-services-agencies,33,Conversion Optimization & Growth Agencies,conversion-optimization-growth-agencies,18,Statistical Significance Consultants,statistical-significance-consultants,,,,
IT Services & Agencies,it-services-agencies,33,Conversion Optimization & Growth Agencies,conversion-optimization-growth-agencies,19,A/B Test Design Services,ab-test-design-services,,,,
IT Services & Agencies,it-services-agencies,33,Conversion Optimization & Growth Agencies,conversion-optimization-growth-agencies,20,Multivariate Test Setup Services,multivariate-test-setup-services,1,CRO Services,Multivariate Testing,cro-services-multivariate-testing
IT Services & Agencies,it-services-agencies,33,Conversion Optimization & Growth Agencies,conversion-optimization-growth-agencies,21,Web Personalization Implementation,web-personalization-implementation,,,,
IT Services & Agencies,it-services-agencies,33,Conversion Optimization & Growth Agencies,conversion-optimization-growth-agencies,22,Loyalty Program Strategy Agencies,loyalty-program-strategy-agencies,,,,
IT Services & Agencies,it-services-agencies,33,Conversion Optimization & Growth Agencies,conversion-optimization-growth-agencies,23,Referral Program Strategy Agencies,referral-program-strategy-agencies,,,,
IT Services & Agencies,it-services-agencies,34,Marketing Automation & RevOps Implementation,marketing-automation-revops-implementation,1,Marketing Automation Implementation Partners,marketing-automation-implementation-partners,,,,
IT Services & Agencies,it-services-agencies,34,Marketing Automation & RevOps Implementation,marketing-automation-revops-implementation,2,Marketo Implementation Partners,marketo-implementation-partners,,,,
IT Services & Agencies,it-services-agencies,34,Marketing Automation & RevOps Implementation,marketing-automation-revops-implementation,3,Pardot Implementation Partners,pardot-implementation-partners,,,,
IT Services & Agencies,it-services-agencies,34,Marketing Automation & RevOps Implementation,marketing-automation-revops-implementation,4,Eloqua Implementation Partners,eloqua-implementation-partners,,,,
IT Services & Agencies,it-services-agencies,34,Marketing Automation & RevOps Implementation,marketing-automation-revops-implementation,5,Act-On Implementation Partners,act-on-implementation-partners,,,,
IT Services & Agencies,it-services-agencies,34,Marketing Automation & RevOps Implementation,marketing-automation-revops-implementation,6,HubSpot Implementation Agencies,hubspot-implementation-agencies,,,,
IT Services & Agencies,it-services-agencies,34,Marketing Automation & RevOps Implementation,marketing-automation-revops-implementation,7,RevOps Consulting Firms,revops-consulting-firms,,,,
IT Services & Agencies,it-services-agencies,34,Marketing Automation & RevOps Implementation,marketing-automation-revops-implementation,8,Marketing Operations Consultants,marketing-operations-consultants,,,,
IT Services & Agencies,it-services-agencies,34,Marketing Automation & RevOps Implementation,marketing-automation-revops-implementation,9,Sales Operations Consultants,sales-operations-consultants,,,,
IT Services & Agencies,it-services-agencies,34,Marketing Automation & RevOps Implementation,marketing-automation-revops-implementation,10,Customer Success Operations Consultants,customer-success-operations-consultants,,,,
IT Services & Agencies,it-services-agencies,34,Marketing Automation & RevOps Implementation,marketing-automation-revops-implementation,11,Lead Routing Setup Services,lead-routing-setup-services,,,,
IT Services & Agencies,it-services-agencies,34,Marketing Automation & RevOps Implementation,marketing-automation-revops-implementation,12,Lead Scoring Setup Services,lead-scoring-setup-services,,,,
IT Services & Agencies,it-services-agencies,34,Marketing Automation & RevOps Implementation,marketing-automation-revops-implementation,13,Account-Based Marketing Implementation,account-based-marketing-implementation,,,,
IT Services & Agencies,it-services-agencies,34,Marketing Automation & RevOps Implementation,marketing-automation-revops-implementation,14,Demandbase Implementation Partners,demandbase-implementation-partners,,,,
IT Services & Agencies,it-services-agencies,34,Marketing Automation & RevOps Implementation,marketing-automation-revops-implementation,15,6sense Implementation Partners,6sense-implementation-partners,,,,
IT Services & Agencies,it-services-agencies,34,Marketing Automation & RevOps Implementation,marketing-automation-revops-implementation,16,Clearbit Setup Services,clearbit-setup-services,,,,
IT Services & Agencies,it-services-agencies,34,Marketing Automation & RevOps Implementation,marketing-automation-revops-implementation,17,ZoomInfo Setup Services,zoominfo-setup-services,,,,
IT Services & Agencies,it-services-agencies,34,Marketing Automation & RevOps Implementation,marketing-automation-revops-implementation,18,LinkedIn Sales Navigator Implementation,linkedin-sales-navigator-implementation,,,,
IT Services & Agencies,it-services-agencies,34,Marketing Automation & RevOps Implementation,marketing-automation-revops-implementation,19,Outreach.io Implementation Partners,outreachio-implementation-partners,,,,
IT Services & Agencies,it-services-agencies,34,Marketing Automation & RevOps Implementation,marketing-automation-revops-implementation,20,Salesloft Implementation Partners,salesloft-implementation-partners,,,,
IT Services & Agencies,it-services-agencies,34,Marketing Automation & RevOps Implementation,marketing-automation-revops-implementation,21,Apollo.io Setup Services,apolloio-setup-services,,,,
IT Services & Agencies,it-services-agencies,34,Marketing Automation & RevOps Implementation,marketing-automation-revops-implementation,22,Gong Implementation Services,gong-implementation-services,,,,
IT Services & Agencies,it-services-agencies,34,Marketing Automation & RevOps Implementation,marketing-automation-revops-implementation,23,Chorus Implementation Services,chorus-implementation-services,,,,
IT Services & Agencies,it-services-agencies,35,CRM & ERP Implementation Partners,crm-erp-implementation-partners,1,Salesforce Consulting Partners,salesforce-consulting-partners,,,,
IT Services & Agencies,it-services-agencies,35,CRM & ERP Implementation Partners,crm-erp-implementation-partners,2,Salesforce Sales Cloud Partners,salesforce-sales-cloud-partners,,,,
IT Services & Agencies,it-services-agencies,35,CRM & ERP Implementation Partners,crm-erp-implementation-partners,3,Salesforce Service Cloud Partners,salesforce-service-cloud-partners,,,,
IT Services & Agencies,it-services-agencies,35,CRM & ERP Implementation Partners,crm-erp-implementation-partners,4,Salesforce Marketing Cloud Partners,salesforce-marketing-cloud-partners,,,,
IT Services & Agencies,it-services-agencies,35,CRM & ERP Implementation Partners,crm-erp-implementation-partners,5,Salesforce Experience Cloud Partners,salesforce-experience-cloud-partners,,,,
IT Services & Agencies,it-services-agencies,35,CRM & ERP Implementation Partners,crm-erp-implementation-partners,6,Salesforce CPQ Implementation Partners,salesforce-cpq-implementation-partners,,,,
IT Services & Agencies,it-services-agencies,35,CRM & ERP Implementation Partners,crm-erp-implementation-partners,7,Salesforce Field Service Partners,salesforce-field-service-partners,,,,
IT Services & Agencies,it-services-agencies,35,CRM & ERP Implementation Partners,crm-erp-implementation-partners,8,Salesforce Health Cloud Partners,salesforce-health-cloud-partners,,,,
IT Services & Agencies,it-services-agencies,35,CRM & ERP Implementation Partners,crm-erp-implementation-partners,9,Salesforce Financial Services Cloud Partners,salesforce-financial-services-cloud-partners,,,,
IT Services & Agencies,it-services-agencies,35,CRM & ERP Implementation Partners,crm-erp-implementation-partners,10,HubSpot Solutions Partners,hubspot-solutions-partners,,,,
IT Services & Agencies,it-services-agencies,35,CRM & ERP Implementation Partners,crm-erp-implementation-partners,11,HubSpot Sales Hub Partners,hubspot-sales-hub-partners,,,,
IT Services & Agencies,it-services-agencies,35,CRM & ERP Implementation Partners,crm-erp-implementation-partners,12,HubSpot Service Hub Partners,hubspot-service-hub-partners,,,,
IT Services & Agencies,it-services-agencies,35,CRM & ERP Implementation Partners,crm-erp-implementation-partners,13,HubSpot CMS Partners,hubspot-cms-partners,,,,
IT Services & Agencies,it-services-agencies,35,CRM & ERP Implementation Partners,crm-erp-implementation-partners,14,HubSpot CRM Migration Partners,hubspot-crm-migration-partners,,,,
IT Services & Agencies,it-services-agencies,35,CRM & ERP Implementation Partners,crm-erp-implementation-partners,15,Microsoft Dynamics 365 Partners,microsoft-dynamics-365-partners,,,,
IT Services & Agencies,it-services-agencies,35,CRM & ERP Implementation Partners,crm-erp-implementation-partners,16,Dynamics CRM Partners,dynamics-crm-partners,,,,
IT Services & Agencies,it-services-agencies,35,CRM & ERP Implementation Partners,crm-erp-implementation-partners,17,Dynamics ERP Partners,dynamics-erp-partners,1,ERP Implementation,Microsoft Dynamics,erp-implementation-microsoft-dynamics
IT Services & Agencies,it-services-agencies,35,CRM & ERP Implementation Partners,crm-erp-implementation-partners,18,SAP Implementation Partners,sap-implementation-partners,1,ERP Implementation,SAP Consulting,erp-implementation-sap-consulting
IT Services & Agencies,it-services-agencies,35,CRM & ERP Implementation Partners,crm-erp-implementation-partners,19,SAP S/4HANA Partners,sap-s4hana-partners,1,ERP Implementation,SAP S/4HANA Migration,erp-implementation-sap-s-4hana-migration
IT Services & Agencies,it-services-agencies,35,CRM & ERP Implementation Partners,crm-erp-implementation-partners,20,SAP SuccessFactors Partners,sap-successfactors-partners,,,,
IT Services & Agencies,it-services-agencies,35,CRM & ERP Implementation Partners,crm-erp-implementation-partners,21,Oracle Implementation Partners,oracle-implementation-partners,1,ERP Implementation,Oracle Consulting,erp-implementation-oracle-consulting
IT Services & Agencies,it-services-agencies,35,CRM & ERP Implementation Partners,crm-erp-implementation-partners,22,Oracle NetSuite Partners,oracle-netsuite-partners,,,,
IT Services & Agencies,it-services-agencies,35,CRM & ERP Implementation Partners,crm-erp-implementation-partners,23,NetSuite ERP Partners,netsuite-erp-partners,1,ERP Implementation,NetSuite Consulting,erp-implementation-netsuite-consulting
IT Services & Agencies,it-services-agencies,35,CRM & ERP Implementation Partners,crm-erp-implementation-partners,24,Oracle Fusion Cloud Partners,oracle-fusion-cloud-partners,,,,
IT Services & Agencies,it-services-agencies,35,CRM & ERP Implementation Partners,crm-erp-implementation-partners,25,Workday Implementation Partners,workday-implementation-partners,,,,
IT Services & Agencies,it-services-agencies,35,CRM & ERP Implementation Partners,crm-erp-implementation-partners,26,Workday HCM Partners,workday-hcm-partners,,,,
IT Services & Agencies,it-services-agencies,35,CRM & ERP Implementation Partners,crm-erp-implementation-partners,27,Workday Financials Partners,workday-financials-partners,,,,
IT Services & Agencies,it-services-agencies,35,CRM & ERP Implementation Partners,crm-erp-implementation-partners,28,ServiceNow Implementation Partners,servicenow-implementation-partners,,,,
IT Services & Agencies,it-services-agencies,35,CRM & ERP Implementation Partners,crm-erp-implementation-partners,29,ServiceNow ITSM Partners,servicenow-itsm-partners,,,,
IT Services & Agencies,it-services-agencies,35,CRM & ERP Implementation Partners,crm-erp-implementation-partners,30,ServiceNow CSM Partners,servicenow-csm-partners,,,,
IT Services & Agencies,it-services-agencies,35,CRM & ERP Implementation Partners,crm-erp-implementation-partners,31,ServiceNow HRSD Partners,servicenow-hrsd-partners,,,,
IT Services & Agencies,it-services-agencies,35,CRM & ERP Implementation Partners,crm-erp-implementation-partners,32,Zoho Authorized Partners,zoho-authorized-partners,,,,
IT Services & Agencies,it-services-agencies,35,CRM & ERP Implementation Partners,crm-erp-implementation-partners,33,Pipedrive Implementation Partners,pipedrive-implementation-partners,,,,
IT Services & Agencies,it-services-agencies,35,CRM & ERP Implementation Partners,crm-erp-implementation-partners,34,Monday CRM Partners,monday-crm-partners,,,,
IT Services & Agencies,it-services-agencies,35,CRM & ERP Implementation Partners,crm-erp-implementation-partners,35,Sugar CRM Partners,sugar-crm-partners,,,,
IT Services & Agencies,it-services-agencies,35,CRM & ERP Implementation Partners,crm-erp-implementation-partners,36,Acumatica Partners,acumatica-partners,,,,
IT Services & Agencies,it-services-agencies,35,CRM & ERP Implementation Partners,crm-erp-implementation-partners,37,Sage Intacct Partners,sage-intacct-partners,,,,
IT Services & Agencies,it-services-agencies,35,CRM & ERP Implementation Partners,crm-erp-implementation-partners,38,Sage X3 Partners,sage-x3-partners,,,,
IT Services & Agencies,it-services-agencies,35,CRM & ERP Implementation Partners,crm-erp-implementation-partners,39,Microsoft Business Central Partners,microsoft-business-central-partners,,,,
IT Services & Agencies,it-services-agencies,35,CRM & ERP Implementation Partners,crm-erp-implementation-partners,40,Odoo Partners,odoo-partners,,,,
IT Services & Agencies,it-services-agencies,35,CRM & ERP Implementation Partners,crm-erp-implementation-partners,41,Epicor Partners,epicor-partners,,,,
IT Services & Agencies,it-services-agencies,35,CRM & ERP Implementation Partners,crm-erp-implementation-partners,42,Infor Partners,infor-partners,,,,
IT Services & Agencies,it-services-agencies,35,CRM & ERP Implementation Partners,crm-erp-implementation-partners,43,IFS Partners,ifs-partners,,,,
IT Services & Agencies,it-services-agencies,35,CRM & ERP Implementation Partners,crm-erp-implementation-partners,44,Syspro Partners,syspro-partners,,,,
IT Services & Agencies,it-services-agencies,35,CRM & ERP Implementation Partners,crm-erp-implementation-partners,45,Plex Manufacturing Partners,plex-manufacturing-partners,,,,
IT Services & Agencies,it-services-agencies,35,CRM & ERP Implementation Partners,crm-erp-implementation-partners,46,Deltek Partners,deltek-partners,,,,
IT Services & Agencies,it-services-agencies,36,Cloud Platform Consulting Partners,cloud-platform-consulting-partners,1,AWS Premier Consulting Partners,aws-premier-consulting-partners,1,Platform Expertise,AWS Consulting,platform-expertise-aws-consulting
IT Services & Agencies,it-services-agencies,36,Cloud Platform Consulting Partners,cloud-platform-consulting-partners,1,AWS Premier Consulting Partners,aws-premier-consulting-partners,2,Platform Expertise,Azure Consulting,platform-expertise-azure-consulting
IT Services & Agencies,it-services-agencies,36,Cloud Platform Consulting Partners,cloud-platform-consulting-partners,1,AWS Premier Consulting Partners,aws-premier-consulting-partners,3,Platform Expertise,Digital Ocean,platform-expertise-digital-ocean
IT Services & Agencies,it-services-agencies,36,Cloud Platform Consulting Partners,cloud-platform-consulting-partners,1,AWS Premier Consulting Partners,aws-premier-consulting-partners,4,Platform Expertise,Vercel/Netlify,platform-expertise-vercel-netlify
IT Services & Agencies,it-services-agencies,36,Cloud Platform Consulting Partners,cloud-platform-consulting-partners,2,AWS Advanced Consulting Partners,aws-advanced-consulting-partners,,,,
IT Services & Agencies,it-services-agencies,36,Cloud Platform Consulting Partners,cloud-platform-consulting-partners,3,AWS Migration Competency Partners,aws-migration-competency-partners,1,Platform Expertise,Heroku Migration,platform-expertise-heroku-migration
IT Services & Agencies,it-services-agencies,36,Cloud Platform Consulting Partners,cloud-platform-consulting-partners,4,AWS Security Competency Partners,aws-security-competency-partners,,,,
IT Services & Agencies,it-services-agencies,36,Cloud Platform Consulting Partners,cloud-platform-consulting-partners,5,AWS Data & Analytics Competency Partners,aws-data-analytics-competency-partners,,,,
IT Services & Agencies,it-services-agencies,36,Cloud Platform Consulting Partners,cloud-platform-consulting-partners,6,AWS Machine Learning Competency Partners,aws-machine-learning-competency-partners,,,,
IT Services & Agencies,it-services-agencies,36,Cloud Platform Consulting Partners,cloud-platform-consulting-partners,7,AWS DevOps Competency Partners,aws-devops-competency-partners,,,,
IT Services & Agencies,it-services-agencies,36,Cloud Platform Consulting Partners,cloud-platform-consulting-partners,8,AWS Well-Architected Review Partners,aws-well-architected-review-partners,,,,
IT Services & Agencies,it-services-agencies,36,Cloud Platform Consulting Partners,cloud-platform-consulting-partners,9,Azure Solutions Partners,azure-solutions-partners,,,,
IT Services & Agencies,it-services-agencies,36,Cloud Platform Consulting Partners,cloud-platform-consulting-partners,10,Azure Expert MSP Partners,azure-expert-msp-partners,,,,
IT Services & Agencies,it-services-agencies,36,Cloud Platform Consulting Partners,cloud-platform-consulting-partners,11,Azure Data Solutions Partners,azure-data-solutions-partners,,,,
IT Services & Agencies,it-services-agencies,36,Cloud Platform Consulting Partners,cloud-platform-consulting-partners,12,Azure App Innovation Partners,azure-app-innovation-partners,1,Innovation Consulting,Innovation Lab Setup,innovation-consulting-innovation-lab-setup
IT Services & Agencies,it-services-agencies,36,Cloud Platform Consulting Partners,cloud-platform-consulting-partners,12,Azure App Innovation Partners,azure-app-innovation-partners,2,Innovation Consulting,Technology Scouting,innovation-consulting-technology-scouting
IT Services & Agencies,it-services-agencies,36,Cloud Platform Consulting Partners,cloud-platform-consulting-partners,12,Azure App Innovation Partners,azure-app-innovation-partners,3,Innovation Consulting,Startup Partnership,innovation-consulting-startup-partnership
IT Services & Agencies,it-services-agencies,36,Cloud Platform Consulting Partners,cloud-platform-consulting-partners,12,Azure App Innovation Partners,azure-app-innovation-partners,4,Innovation Consulting,Corporate Venture,innovation-consulting-corporate-venture
IT Services & Agencies,it-services-agencies,36,Cloud Platform Consulting Partners,cloud-platform-consulting-partners,12,Azure App Innovation Partners,azure-app-innovation-partners,5,Innovation Consulting,Open Innovation,innovation-consulting-open-innovation
IT Services & Agencies,it-services-agencies,36,Cloud Platform Consulting Partners,cloud-platform-consulting-partners,13,Azure Infrastructure Partners,azure-infrastructure-partners,,,,
IT Services & Agencies,it-services-agencies,36,Cloud Platform Consulting Partners,cloud-platform-consulting-partners,14,Azure Security Partners,azure-security-partners,,,,
IT Services & Agencies,it-services-agencies,36,Cloud Platform Consulting Partners,cloud-platform-consulting-partners,15,Google Cloud Premier Partners,google-cloud-premier-partners,1,Platform Expertise,Google Cloud Consulting,platform-expertise-google-cloud-consulting
IT Services & Agencies,it-services-agencies,36,Cloud Platform Consulting Partners,cloud-platform-consulting-partners,15,Google Cloud Premier Partners,google-cloud-premier-partners,2,Platform Expertise,Oracle Cloud,platform-expertise-oracle-cloud
IT Services & Agencies,it-services-agencies,36,Cloud Platform Consulting Partners,cloud-platform-consulting-partners,15,Google Cloud Premier Partners,google-cloud-premier-partners,3,Platform Expertise,IBM Cloud,platform-expertise-ibm-cloud
IT Services & Agencies,it-services-agencies,36,Cloud Platform Consulting Partners,cloud-platform-consulting-partners,15,Google Cloud Premier Partners,google-cloud-premier-partners,4,Platform Expertise,Alibaba Cloud,platform-expertise-alibaba-cloud
IT Services & Agencies,it-services-agencies,36,Cloud Platform Consulting Partners,cloud-platform-consulting-partners,16,Google Cloud Specialization Partners,google-cloud-specialization-partners,,,,
IT Services & Agencies,it-services-agencies,36,Cloud Platform Consulting Partners,cloud-platform-consulting-partners,17,GCP Data Analytics Partners,gcp-data-analytics-partners,,,,
IT Services & Agencies,it-services-agencies,36,Cloud Platform Consulting Partners,cloud-platform-consulting-partners,18,GCP Infrastructure Partners,gcp-infrastructure-partners,,,,
IT Services & Agencies,it-services-agencies,36,Cloud Platform Consulting Partners,cloud-platform-consulting-partners,19,GCP Application Development Partners,gcp-application-development-partners,,,,
IT Services & Agencies,it-services-agencies,36,Cloud Platform Consulting Partners,cloud-platform-consulting-partners,20,GCP Workspace Partners,gcp-workspace-partners,,,,
IT Services & Agencies,it-services-agencies,36,Cloud Platform Consulting Partners,cloud-platform-consulting-partners,21,DigitalOcean Solutions Partners,digitalocean-solutions-partners,,,,
IT Services & Agencies,it-services-agencies,36,Cloud Platform Consulting Partners,cloud-platform-consulting-partners,22,Linode Solutions Partners,linode-solutions-partners,,,,
IT Services & Agencies,it-services-agencies,36,Cloud Platform Consulting Partners,cloud-platform-consulting-partners,23,Hetzner Solutions Partners,hetzner-solutions-partners,,,,
IT Services & Agencies,it-services-agencies,36,Cloud Platform Consulting Partners,cloud-platform-consulting-partners,24,OVHcloud Partners,ovhcloud-partners,,,,
IT Services & Agencies,it-services-agencies,37,"DevOps, SRE & Platform Engineering Services",devops-sre-platform-engineering-services,1,DevOps Consulting Firms,devops-consulting-firms,,,,
IT Services & Agencies,it-services-agencies,37,"DevOps, SRE & Platform Engineering Services",devops-sre-platform-engineering-services,2,DevOps Implementation Services,devops-implementation-services,1,DevOps Implementation,Jenkins Setup,devops-implementation-jenkins-setup
IT Services & Agencies,it-services-agencies,37,"DevOps, SRE & Platform Engineering Services",devops-sre-platform-engineering-services,2,DevOps Implementation Services,devops-implementation-services,2,DevOps Implementation,ArgoCD Implementation,devops-implementation-argocd-implementation
IT Services & Agencies,it-services-agencies,37,"DevOps, SRE & Platform Engineering Services",devops-sre-platform-engineering-services,2,DevOps Implementation Services,devops-implementation-services,3,DevOps Implementation,Terraform Consulting,devops-implementation-terraform-consulting
IT Services & Agencies,it-services-agencies,37,"DevOps, SRE & Platform Engineering Services",devops-sre-platform-engineering-services,2,DevOps Implementation Services,devops-implementation-services,4,DevOps Implementation,Ansible Automation,devops-implementation-ansible-automation
IT Services & Agencies,it-services-agencies,37,"DevOps, SRE & Platform Engineering Services",devops-sre-platform-engineering-services,2,DevOps Implementation Services,devops-implementation-services,5,DevOps Implementation,Puppet Configuration,devops-implementation-puppet-configuration
IT Services & Agencies,it-services-agencies,37,"DevOps, SRE & Platform Engineering Services",devops-sre-platform-engineering-services,2,DevOps Implementation Services,devops-implementation-services,6,DevOps Implementation,Chef Automation,devops-implementation-chef-automation
IT Services & Agencies,it-services-agencies,37,"DevOps, SRE & Platform Engineering Services",devops-sre-platform-engineering-services,2,DevOps Implementation Services,devops-implementation-services,7,DevOps Implementation,Kubernetes Setup,devops-implementation-kubernetes-setup
IT Services & Agencies,it-services-agencies,37,"DevOps, SRE & Platform Engineering Services",devops-sre-platform-engineering-services,2,DevOps Implementation Services,devops-implementation-services,8,DevOps Implementation,Docker Implementation,devops-implementation-docker-implementation
IT Services & Agencies,it-services-agencies,37,"DevOps, SRE & Platform Engineering Services",devops-sre-platform-engineering-services,3,CI CD Pipeline Setup Services,ci-cd-pipeline-setup-services,,,,
IT Services & Agencies,it-services-agencies,37,"DevOps, SRE & Platform Engineering Services",devops-sre-platform-engineering-services,4,GitOps Implementation Services,gitops-implementation-services,,,,
IT Services & Agencies,it-services-agencies,37,"DevOps, SRE & Platform Engineering Services",devops-sre-platform-engineering-services,5,Platform Engineering Consultancies,platform-engineering-consultancies,,,,
IT Services & Agencies,it-services-agencies,37,"DevOps, SRE & Platform Engineering Services",devops-sre-platform-engineering-services,6,Internal Developer Platform Builders,internal-developer-platform-builders,,,,
IT Services & Agencies,it-services-agencies,37,"DevOps, SRE & Platform Engineering Services",devops-sre-platform-engineering-services,7,Backstage Implementation Services,backstage-implementation-services,,,,
IT Services & Agencies,it-services-agencies,37,"DevOps, SRE & Platform Engineering Services",devops-sre-platform-engineering-services,8,SRE Consulting Firms,sre-consulting-firms,,,,
IT Services & Agencies,it-services-agencies,37,"DevOps, SRE & Platform Engineering Services",devops-sre-platform-engineering-services,9,Site Reliability Engineering Services,site-reliability-engineering-services,,,,
IT Services & Agencies,it-services-agencies,37,"DevOps, SRE & Platform Engineering Services",devops-sre-platform-engineering-services,10,Observability Implementation Services,observability-implementation-services,,,,
IT Services & Agencies,it-services-agencies,37,"DevOps, SRE & Platform Engineering Services",devops-sre-platform-engineering-services,11,Datadog Implementation Partners,datadog-implementation-partners,,,,
IT Services & Agencies,it-services-agencies,37,"DevOps, SRE & Platform Engineering Services",devops-sre-platform-engineering-services,12,New Relic Implementation Partners,new-relic-implementation-partners,,,,
IT Services & Agencies,it-services-agencies,37,"DevOps, SRE & Platform Engineering Services",devops-sre-platform-engineering-services,13,Grafana Implementation Services,grafana-implementation-services,,,,
IT Services & Agencies,it-services-agencies,37,"DevOps, SRE & Platform Engineering Services",devops-sre-platform-engineering-services,14,Prometheus Implementation Services,prometheus-implementation-services,,,,
IT Services & Agencies,it-services-agencies,37,"DevOps, SRE & Platform Engineering Services",devops-sre-platform-engineering-services,15,Honeycomb Implementation Services,honeycomb-implementation-services,,,,
IT Services & Agencies,it-services-agencies,37,"DevOps, SRE & Platform Engineering Services",devops-sre-platform-engineering-services,16,Splunk Implementation Partners,splunk-implementation-partners,,,,
IT Services & Agencies,it-services-agencies,37,"DevOps, SRE & Platform Engineering Services",devops-sre-platform-engineering-services,17,Elastic Implementation Partners,elastic-implementation-partners,,,,
IT Services & Agencies,it-services-agencies,37,"DevOps, SRE & Platform Engineering Services",devops-sre-platform-engineering-services,18,ELK Stack Setup Services,elk-stack-setup-services,,,,
IT Services & Agencies,it-services-agencies,37,"DevOps, SRE & Platform Engineering Services",devops-sre-platform-engineering-services,19,Terraform Implementation Services,terraform-implementation-services,,,,
IT Services & Agencies,it-services-agencies,37,"DevOps, SRE & Platform Engineering Services",devops-sre-platform-engineering-services,20,Pulumi Implementation Services,pulumi-implementation-services,,,,
IT Services & Agencies,it-services-agencies,37,"DevOps, SRE & Platform Engineering Services",devops-sre-platform-engineering-services,21,Ansible Implementation Services,ansible-implementation-services,,,,
IT Services & Agencies,it-services-agencies,37,"DevOps, SRE & Platform Engineering Services",devops-sre-platform-engineering-services,22,Chef Implementation Services,chef-implementation-services,,,,
IT Services & Agencies,it-services-agencies,37,"DevOps, SRE & Platform Engineering Services",devops-sre-platform-engineering-services,23,Puppet Implementation Services,puppet-implementation-services,,,,
IT Services & Agencies,it-services-agencies,37,"DevOps, SRE & Platform Engineering Services",devops-sre-platform-engineering-services,24,Argo CD Setup Services,argo-cd-setup-services,,,,
IT Services & Agencies,it-services-agencies,37,"DevOps, SRE & Platform Engineering Services",devops-sre-platform-engineering-services,25,Flux CD Setup Services,flux-cd-setup-services,,,,
IT Services & Agencies,it-services-agencies,37,"DevOps, SRE & Platform Engineering Services",devops-sre-platform-engineering-services,26,Jenkins Setup Services,jenkins-setup-services,,,,
IT Services & Agencies,it-services-agencies,37,"DevOps, SRE & Platform Engineering Services",devops-sre-platform-engineering-services,27,GitHub Actions Setup Services,github-actions-setup-services,1,DevOps Implementation,GitHub Actions Setup,devops-implementation-github-actions-setup
IT Services & Agencies,it-services-agencies,37,"DevOps, SRE & Platform Engineering Services",devops-sre-platform-engineering-services,28,GitLab CI Setup Services,gitlab-ci-setup-services,1,DevOps Implementation,GitLab CI Setup,devops-implementation-gitlab-ci-setup
IT Services & Agencies,it-services-agencies,37,"DevOps, SRE & Platform Engineering Services",devops-sre-platform-engineering-services,29,CircleCI Setup Services,circleci-setup-services,,,,
IT Services & Agencies,it-services-agencies,37,"DevOps, SRE & Platform Engineering Services",devops-sre-platform-engineering-services,30,Bitbucket Pipelines Setup Services,bitbucket-pipelines-setup-services,,,,
IT Services & Agencies,it-services-agencies,37,"DevOps, SRE & Platform Engineering Services",devops-sre-platform-engineering-services,31,Cost Monitoring Implementation Services,cost-monitoring-implementation-services,,,,
IT Services & Agencies,it-services-agencies,37,"DevOps, SRE & Platform Engineering Services",devops-sre-platform-engineering-services,32,Cloud Carbon Footprint Services,cloud-carbon-footprint-services,,,,
IT Services & Agencies,it-services-agencies,38,"QA, Testing & Quality Assurance Services",qa-testing-quality-assurance-services,1,Manual QA Services,manual-qa-services,,,,
IT Services & Agencies,it-services-agencies,38,"QA, Testing & Quality Assurance Services",qa-testing-quality-assurance-services,2,Automated QA Services,automated-qa-services,,,,
IT Services & Agencies,it-services-agencies,38,"QA, Testing & Quality Assurance Services",qa-testing-quality-assurance-services,3,Test Automation Consultancies,test-automation-consultancies,,,,
IT Services & Agencies,it-services-agencies,38,"QA, Testing & Quality Assurance Services",qa-testing-quality-assurance-services,4,Selenium Test Automation Services,selenium-test-automation-services,1,Testing Services,Automated Testing,testing-services-automated-testing
IT Services & Agencies,it-services-agencies,38,"QA, Testing & Quality Assurance Services",qa-testing-quality-assurance-services,5,Cypress Test Automation Services,cypress-test-automation-services,,,,
IT Services & Agencies,it-services-agencies,38,"QA, Testing & Quality Assurance Services",qa-testing-quality-assurance-services,6,Playwright Test Automation Services,playwright-test-automation-services,,,,
IT Services & Agencies,it-services-agencies,38,"QA, Testing & Quality Assurance Services",qa-testing-quality-assurance-services,7,Appium Mobile Test Automation,appium-mobile-test-automation,,,,
IT Services & Agencies,it-services-agencies,38,"QA, Testing & Quality Assurance Services",qa-testing-quality-assurance-services,8,WebdriverIO Services,webdriverio-services,,,,
IT Services & Agencies,it-services-agencies,38,"QA, Testing & Quality Assurance Services",qa-testing-quality-assurance-services,9,Performance Testing Companies,performance-testing-companies,,,,
IT Services & Agencies,it-services-agencies,38,"QA, Testing & Quality Assurance Services",qa-testing-quality-assurance-services,10,Load Testing Companies,load-testing-companies,,,,
IT Services & Agencies,it-services-agencies,38,"QA, Testing & Quality Assurance Services",qa-testing-quality-assurance-services,11,Stress Testing Services,stress-testing-services,,,,
IT Services & Agencies,it-services-agencies,38,"QA, Testing & Quality Assurance Services",qa-testing-quality-assurance-services,12,Security Testing Companies,security-testing-companies,,,,
IT Services & Agencies,it-services-agencies,38,"QA, Testing & Quality Assurance Services",qa-testing-quality-assurance-services,13,Accessibility Testing Companies,accessibility-testing-companies,,,,
IT Services & Agencies,it-services-agencies,38,"QA, Testing & Quality Assurance Services",qa-testing-quality-assurance-services,14,WCAG Audit Companies,wcag-audit-companies,,,,
IT Services & Agencies,it-services-agencies,38,"QA, Testing & Quality Assurance Services",qa-testing-quality-assurance-services,15,Cross-Browser Testing Services,cross-browser-testing-services,,,,
IT Services & Agencies,it-services-agencies,38,"QA, Testing & Quality Assurance Services",qa-testing-quality-assurance-services,16,Cross-Device Testing Services,cross-device-testing-services,,,,
IT Services & Agencies,it-services-agencies,38,"QA, Testing & Quality Assurance Services",qa-testing-quality-assurance-services,17,Localization Testing Services,localization-testing-services,,,,
IT Services & Agencies,it-services-agencies,38,"QA, Testing & Quality Assurance Services",qa-testing-quality-assurance-services,18,Game Testing Companies,game-testing-companies,,,,
IT Services & Agencies,it-services-agencies,38,"QA, Testing & Quality Assurance Services",qa-testing-quality-assurance-services,19,Crowd Testing Companies,crowd-testing-companies,,,,
IT Services & Agencies,it-services-agencies,38,"QA, Testing & Quality Assurance Services",qa-testing-quality-assurance-services,20,Beta Testing Coordination Services,beta-testing-coordination-services,,,,
IT Services & Agencies,it-services-agencies,38,"QA, Testing & Quality Assurance Services",qa-testing-quality-assurance-services,21,Bug Bounty Program Management,bug-bounty-program-management,,,,
IT Services & Agencies,it-services-agencies,38,"QA, Testing & Quality Assurance Services",qa-testing-quality-assurance-services,22,Test Strategy Consulting,test-strategy-consulting,,,,
IT Services & Agencies,it-services-agencies,38,"QA, Testing & Quality Assurance Services",qa-testing-quality-assurance-services,23,Test Plan Development Services,test-plan-development-services,1,Testing Services,Manual Testing,testing-services-manual-testing
IT Services & Agencies,it-services-agencies,38,"QA, Testing & Quality Assurance Services",qa-testing-quality-assurance-services,23,Test Plan Development Services,test-plan-development-services,2,Testing Services,Performance Testing,testing-services-performance-testing
IT Services & Agencies,it-services-agencies,38,"QA, Testing & Quality Assurance Services",qa-testing-quality-assurance-services,23,Test Plan Development Services,test-plan-development-services,3,Testing Services,Security Testing,testing-services-security-testing
IT Services & Agencies,it-services-agencies,38,"QA, Testing & Quality Assurance Services",qa-testing-quality-assurance-services,23,Test Plan Development Services,test-plan-development-services,4,Testing Services,Compatibility Testing,testing-services-compatibility-testing
IT Services & Agencies,it-services-agencies,38,"QA, Testing & Quality Assurance Services",qa-testing-quality-assurance-services,23,Test Plan Development Services,test-plan-development-services,5,Testing Services,Regression Testing,testing-services-regression-testing
IT Services & Agencies,it-services-agencies,38,"QA, Testing & Quality Assurance Services",qa-testing-quality-assurance-services,23,Test Plan Development Services,test-plan-development-services,6,Testing Services,Usability Testing,testing-services-usability-testing
IT Services & Agencies,it-services-agencies,38,"QA, Testing & Quality Assurance Services",qa-testing-quality-assurance-services,23,Test Plan Development Services,test-plan-development-services,7,Testing Services,API Testing,testing-services-api-testing
IT Services & Agencies,it-services-agencies,38,"QA, Testing & Quality Assurance Services",qa-testing-quality-assurance-services,23,Test Plan Development Services,test-plan-development-services,8,Testing Services,Mobile Testing,testing-services-mobile-testing
IT Services & Agencies,it-services-agencies,38,"QA, Testing & Quality Assurance Services",qa-testing-quality-assurance-services,23,Test Plan Development Services,test-plan-development-services,9,Testing Services,Accessibility Testing,testing-services-accessibility-testing
IT Services & Agencies,it-services-agencies,38,"QA, Testing & Quality Assurance Services",qa-testing-quality-assurance-services,24,QA Outsourcing Companies,qa-outsourcing-companies,,,,
IT Services & Agencies,it-services-agencies,38,"QA, Testing & Quality Assurance Services",qa-testing-quality-assurance-services,25,QA Staffing Agencies,qa-staffing-agencies,,,,
IT Services & Agencies,it-services-agencies,39,IT Staffing & Talent Agencies,it-staffing-talent-agencies,1,IT Staffing Agencies,it-staffing-agencies,,,,
IT Services & Agencies,it-services-agencies,39,IT Staffing & Talent Agencies,it-staffing-talent-agencies,2,Tech Recruiting Agencies,tech-recruiting-agencies,,,,
IT Services & Agencies,it-services-agencies,39,IT Staffing & Talent Agencies,it-staffing-talent-agencies,3,Software Engineer Recruiters,software-engineer-recruiters,,,,
IT Services & Agencies,it-services-agencies,39,IT Staffing & Talent Agencies,it-staffing-talent-agencies,4,Frontend Developer Recruiters,frontend-developer-recruiters,,,,
IT Services & Agencies,it-services-agencies,39,IT Staffing & Talent Agencies,it-staffing-talent-agencies,5,Backend Developer Recruiters,backend-developer-recruiters,,,,
IT Services & Agencies,it-services-agencies,39,IT Staffing & Talent Agencies,it-staffing-talent-agencies,6,Full-Stack Developer Recruiters,full-stack-developer-recruiters,,,,
IT Services & Agencies,it-services-agencies,39,IT Staffing & Talent Agencies,it-staffing-talent-agencies,7,Mobile Developer Recruiters,mobile-developer-recruiters,,,,
IT Services & Agencies,it-services-agencies,39,IT Staffing & Talent Agencies,it-staffing-talent-agencies,8,DevOps Engineer Recruiters,devops-engineer-recruiters,,,,
IT Services & Agencies,it-services-agencies,39,IT Staffing & Talent Agencies,it-staffing-talent-agencies,9,SRE Recruiters,sre-recruiters,,,,
IT Services & Agencies,it-services-agencies,39,IT Staffing & Talent Agencies,it-staffing-talent-agencies,10,Data Engineer Recruiters,data-engineer-recruiters,,,,
IT Services & Agencies,it-services-agencies,39,IT Staffing & Talent Agencies,it-staffing-talent-agencies,11,Data Scientist Recruiters,data-scientist-recruiters,,,,
IT Services & Agencies,it-services-agencies,39,IT Staffing & Talent Agencies,it-staffing-talent-agencies,12,ML Engineer Recruiters,ml-engineer-recruiters,,,,
IT Services & Agencies,it-services-agencies,39,IT Staffing & Talent Agencies,it-staffing-talent-agencies,13,AI Engineer Recruiters,ai-engineer-recruiters,,,,
IT Services & Agencies,it-services-agencies,39,IT Staffing & Talent Agencies,it-staffing-talent-agencies,14,Security Engineer Recruiters,security-engineer-recruiters,,,,
IT Services & Agencies,it-services-agencies,39,IT Staffing & Talent Agencies,it-staffing-talent-agencies,15,Cloud Engineer Recruiters,cloud-engineer-recruiters,,,,
IT Services & Agencies,it-services-agencies,39,IT Staffing & Talent Agencies,it-staffing-talent-agencies,16,Salesforce Developer Recruiters,salesforce-developer-recruiters,,,,
IT Services & Agencies,it-services-agencies,39,IT Staffing & Talent Agencies,it-staffing-talent-agencies,17,SAP Consultant Recruiters,sap-consultant-recruiters,,,,
IT Services & Agencies,it-services-agencies,39,IT Staffing & Talent Agencies,it-staffing-talent-agencies,18,ERP Consultant Recruiters,erp-consultant-recruiters,1,ERP Implementation,Sage Consulting,erp-implementation-sage-consulting
IT Services & Agencies,it-services-agencies,39,IT Staffing & Talent Agencies,it-staffing-talent-agencies,18,ERP Consultant Recruiters,erp-consultant-recruiters,2,ERP Implementation,Epicor Consulting,erp-implementation-epicor-consulting
IT Services & Agencies,it-services-agencies,39,IT Staffing & Talent Agencies,it-staffing-talent-agencies,18,ERP Consultant Recruiters,erp-consultant-recruiters,3,ERP Implementation,Infor Consulting,erp-implementation-infor-consulting
IT Services & Agencies,it-services-agencies,39,IT Staffing & Talent Agencies,it-staffing-talent-agencies,18,ERP Consultant Recruiters,erp-consultant-recruiters,4,ERP Implementation,Odoo Consulting,erp-implementation-odoo-consulting
IT Services & Agencies,it-services-agencies,39,IT Staffing & Talent Agencies,it-staffing-talent-agencies,18,ERP Consultant Recruiters,erp-consultant-recruiters,5,ERP Implementation,ERPNext Consulting,erp-implementation-erpnext-consulting
IT Services & Agencies,it-services-agencies,39,IT Staffing & Talent Agencies,it-staffing-talent-agencies,19,Product Manager Recruiters,product-manager-recruiters,,,,
IT Services & Agencies,it-services-agencies,39,IT Staffing & Talent Agencies,it-staffing-talent-agencies,20,Product Designer Recruiters,product-designer-recruiters,,,,
IT Services & Agencies,it-services-agencies,39,IT Staffing & Talent Agencies,it-staffing-talent-agencies,21,UX Researcher Recruiters,ux-researcher-recruiters,,,,
IT Services & Agencies,it-services-agencies,39,IT Staffing & Talent Agencies,it-staffing-talent-agencies,22,QA Engineer Recruiters,qa-engineer-recruiters,,,,
IT Services & Agencies,it-services-agencies,39,IT Staffing & Talent Agencies,it-staffing-talent-agencies,23,Tech Executive Search Firms,tech-executive-search-firms,,,,
IT Services & Agencies,it-services-agencies,39,IT Staffing & Talent Agencies,it-staffing-talent-agencies,24,CTO Search Firms,cto-search-firms,,,,
IT Services & Agencies,it-services-agencies,39,IT Staffing & Talent Agencies,it-staffing-talent-agencies,25,CIO Search Firms,cio-search-firms,,,,
IT Services & Agencies,it-services-agencies,39,IT Staffing & Talent Agencies,it-staffing-talent-agencies,26,CISO Search Firms,ciso-search-firms,,,,
IT Services & Agencies,it-services-agencies,39,IT Staffing & Talent Agencies,it-staffing-talent-agencies,27,Head of Engineering Search,head-of-engineering-search,,,,
IT Services & Agencies,it-services-agencies,39,IT Staffing & Talent Agencies,it-staffing-talent-agencies,28,VP of Product Search,vp-of-product-search,,,,
IT Services & Agencies,it-services-agencies,39,IT Staffing & Talent Agencies,it-staffing-talent-agencies,29,Tech Contract Staffing Agencies,tech-contract-staffing-agencies,,,,
IT Services & Agencies,it-services-agencies,39,IT Staffing & Talent Agencies,it-staffing-talent-agencies,30,Nearshore Dev Team Providers,nearshore-dev-team-providers,,,,
IT Services & Agencies,it-services-agencies,39,IT Staffing & Talent Agencies,it-staffing-talent-agencies,31,Offshore Dev Team Providers,offshore-dev-team-providers,,,,
IT Services & Agencies,it-services-agencies,39,IT Staffing & Talent Agencies,it-staffing-talent-agencies,32,Latin America Nearshoring Providers,latin-america-nearshoring-providers,,,,
IT Services & Agencies,it-services-agencies,39,IT Staffing & Talent Agencies,it-staffing-talent-agencies,33,Eastern Europe Nearshoring Providers,eastern-europe-nearshoring-providers,,,,
IT Services & Agencies,it-services-agencies,39,IT Staffing & Talent Agencies,it-staffing-talent-agencies,34,India Offshoring Providers,india-offshoring-providers,,,,
IT Services & Agencies,it-services-agencies,39,IT Staffing & Talent Agencies,it-staffing-talent-agencies,35,Southeast Asia Offshoring Providers,southeast-asia-offshoring-providers,,,,
IT Services & Agencies,it-services-agencies,39,IT Staffing & Talent Agencies,it-staffing-talent-agencies,36,Africa Tech Talent Providers,africa-tech-talent-providers,,,,
IT Services & Agencies,it-services-agencies,39,IT Staffing & Talent Agencies,it-staffing-talent-agencies,37,Dedicated Development Team Services,dedicated-development-team-services,,,,
IT Services & Agencies,it-services-agencies,39,IT Staffing & Talent Agencies,it-staffing-talent-agencies,38,Staff Augmentation Services,staff-augmentation-services,,,,
IT Services & Agencies,it-services-agencies,39,IT Staffing & Talent Agencies,it-staffing-talent-agencies,39,Embedded Engineering Team Services,embedded-engineering-team-services,,,,
IT Services & Agencies,it-services-agencies,39,IT Staffing & Talent Agencies,it-staffing-talent-agencies,40,Fractional Engineering Leadership Services,fractional-engineering-leadership-services,1,Part-Time Executives,Fractional VP Engineering,part-time-executives-fractional-vp-engineering
IT Services & Agencies,it-services-agencies,39,IT Staffing & Talent Agencies,it-staffing-talent-agencies,41,Tech Resume Review Services,tech-resume-review-services,,,,
IT Services & Agencies,it-services-agencies,39,IT Staffing & Talent Agencies,it-staffing-talent-agencies,42,Tech Interview Coaching Services,tech-interview-coaching-services,,,,
IT Services & Agencies,it-services-agencies,40,"Network, Cabling & Telecom Installation Services",network-cabling-telecom-installation-services,1,Structured Cabling Companies,structured-cabling-companies,,,,
IT Services & Agencies,it-services-agencies,40,"Network, Cabling & Telecom Installation Services",network-cabling-telecom-installation-services,2,Cat 6 Cabling Installation,cat-6-cabling-installation,,,,
IT Services & Agencies,it-services-agencies,40,"Network, Cabling & Telecom Installation Services",network-cabling-telecom-installation-services,3,Cat 6A Cabling Installation,cat-6a-cabling-installation,,,,
IT Services & Agencies,it-services-agencies,40,"Network, Cabling & Telecom Installation Services",network-cabling-telecom-installation-services,4,Cat 7 Cabling Installation,cat-7-cabling-installation,,,,
IT Services & Agencies,it-services-agencies,40,"Network, Cabling & Telecom Installation Services",network-cabling-telecom-installation-services,5,Fiber Optic Cabling Installation,fiber-optic-cabling-installation,,,,
IT Services & Agencies,it-services-agencies,40,"Network, Cabling & Telecom Installation Services",network-cabling-telecom-installation-services,6,Fiber Splicing Services,fiber-splicing-services,,,,
IT Services & Agencies,it-services-agencies,40,"Network, Cabling & Telecom Installation Services",network-cabling-telecom-installation-services,7,Network Patch Panel Installation,network-patch-panel-installation,,,,
IT Services & Agencies,it-services-agencies,40,"Network, Cabling & Telecom Installation Services",network-cabling-telecom-installation-services,8,Server Rack Installation Services,server-rack-installation-services,,,,
IT Services & Agencies,it-services-agencies,40,"Network, Cabling & Telecom Installation Services",network-cabling-telecom-installation-services,9,Server Room Setup Services,server-room-setup-services,,,,
IT Services & Agencies,it-services-agencies,40,"Network, Cabling & Telecom Installation Services",network-cabling-telecom-installation-services,10,Data Center Cabling Services,data-center-cabling-services,,,,
IT Services & Agencies,it-services-agencies,40,"Network, Cabling & Telecom Installation Services",network-cabling-telecom-installation-services,11,Wifi Network Installation,wifi-network-installation,,,,
IT Services & Agencies,it-services-agencies,40,"Network, Cabling & Telecom Installation Services",network-cabling-telecom-installation-services,12,Enterprise Wifi Deployment Services,enterprise-wifi-deployment-services,,,,
IT Services & Agencies,it-services-agencies,40,"Network, Cabling & Telecom Installation Services",network-cabling-telecom-installation-services,13,Mesh Wifi Installation,mesh-wifi-installation,,,,
IT Services & Agencies,it-services-agencies,40,"Network, Cabling & Telecom Installation Services",network-cabling-telecom-installation-services,14,Outdoor Wifi Installation,outdoor-wifi-installation,,,,
IT Services & Agencies,it-services-agencies,40,"Network, Cabling & Telecom Installation Services",network-cabling-telecom-installation-services,15,Stadium Wifi Installation,stadium-wifi-installation,,,,
IT Services & Agencies,it-services-agencies,40,"Network, Cabling & Telecom Installation Services",network-cabling-telecom-installation-services,16,Hotel Wifi Installation,hotel-wifi-installation,,,,
IT Services & Agencies,it-services-agencies,40,"Network, Cabling & Telecom Installation Services",network-cabling-telecom-installation-services,17,Multi-Dwelling Unit Wifi,multi-dwelling-unit-wifi,,,,
IT Services & Agencies,it-services-agencies,40,"Network, Cabling & Telecom Installation Services",network-cabling-telecom-installation-services,18,Network Switch Installation,network-switch-installation,,,,
IT Services & Agencies,it-services-agencies,40,"Network, Cabling & Telecom Installation Services",network-cabling-telecom-installation-services,19,Network Router Installation,network-router-installation,,,,
IT Services & Agencies,it-services-agencies,40,"Network, Cabling & Telecom Installation Services",network-cabling-telecom-installation-services,20,Firewall Installation Services,firewall-installation-services,,,,
IT Services & Agencies,it-services-agencies,40,"Network, Cabling & Telecom Installation Services",network-cabling-telecom-installation-services,21,VPN Setup for Business,vpn-setup-for-business,,,,
IT Services & Agencies,it-services-agencies,40,"Network, Cabling & Telecom Installation Services",network-cabling-telecom-installation-services,22,Office Network Installation,office-network-installation,,,,
IT Services & Agencies,it-services-agencies,40,"Network, Cabling & Telecom Installation Services",network-cabling-telecom-installation-services,23,Warehouse Network Installation,warehouse-network-installation,,,,
IT Services & Agencies,it-services-agencies,40,"Network, Cabling & Telecom Installation Services",network-cabling-telecom-installation-services,24,Factory Network Installation,factory-network-installation,,,,
IT Services & Agencies,it-services-agencies,40,"Network, Cabling & Telecom Installation Services",network-cabling-telecom-installation-services,25,Construction Site Network Setup,construction-site-network-setup,,,,
IT Services & Agencies,it-services-agencies,40,"Network, Cabling & Telecom Installation Services",network-cabling-telecom-installation-services,26,Event Wifi Rental Services,event-wifi-rental-services,,,,
IT Services & Agencies,it-services-agencies,40,"Network, Cabling & Telecom Installation Services",network-cabling-telecom-installation-services,27,Pop-Up Network Services,pop-up-network-services,,,,
IT Services & Agencies,it-services-agencies,40,"Network, Cabling & Telecom Installation Services",network-cabling-telecom-installation-services,28,Phone System Installation,phone-system-installation,,,,
IT Services & Agencies,it-services-agencies,40,"Network, Cabling & Telecom Installation Services",network-cabling-telecom-installation-services,29,VoIP Phone System Installation,voip-phone-system-installation,,,,
IT Services & Agencies,it-services-agencies,40,"Network, Cabling & Telecom Installation Services",network-cabling-telecom-installation-services,30,PBX Installation Services,pbx-installation-services,,,,
IT Services & Agencies,it-services-agencies,40,"Network, Cabling & Telecom Installation Services",network-cabling-telecom-installation-services,31,Hosted PBX Setup Services,hosted-pbx-setup-services,,,,
IT Services & Agencies,it-services-agencies,40,"Network, Cabling & Telecom Installation Services",network-cabling-telecom-installation-services,32,SIP Trunking Setup Services,sip-trunking-setup-services,,,,
IT Services & Agencies,it-services-agencies,40,"Network, Cabling & Telecom Installation Services",network-cabling-telecom-installation-services,33,Conference Phone Installation,conference-phone-installation,,,,
IT Services & Agencies,it-services-agencies,40,"Network, Cabling & Telecom Installation Services",network-cabling-telecom-installation-services,34,Intercom System Installation,intercom-system-installation,,,,
IT Services & Agencies,it-services-agencies,40,"Network, Cabling & Telecom Installation Services",network-cabling-telecom-installation-services,35,Paging System Installation,paging-system-installation,,,,
IT Services & Agencies,it-services-agencies,40,"Network, Cabling & Telecom Installation Services",network-cabling-telecom-installation-services,36,Two-Way Radio Setup Services,two-way-radio-setup-services,,,,
IT Services & Agencies,it-services-agencies,41,"Smart Home, Security & Audio Visual Installation",smart-home-security-audio-visual-installation,1,Smart Home Installation Services,smart-home-installation-services,,,,
IT Services & Agencies,it-services-agencies,41,"Smart Home, Security & Audio Visual Installation",smart-home-security-audio-visual-installation,2,Home Automation Installation,home-automation-installation,,,,
IT Services & Agencies,it-services-agencies,41,"Smart Home, Security & Audio Visual Installation",smart-home-security-audio-visual-installation,3,Smart Lighting Installation,smart-lighting-installation,,,,
IT Services & Agencies,it-services-agencies,41,"Smart Home, Security & Audio Visual Installation",smart-home-security-audio-visual-installation,4,Smart Thermostat Installation,smart-thermostat-installation,,,,
IT Services & Agencies,it-services-agencies,41,"Smart Home, Security & Audio Visual Installation",smart-home-security-audio-visual-installation,5,Smart Lock Installation,smart-lock-installation,,,,
IT Services & Agencies,it-services-agencies,41,"Smart Home, Security & Audio Visual Installation",smart-home-security-audio-visual-installation,6,Smart Doorbell Installation,smart-doorbell-installation,,,,
IT Services & Agencies,it-services-agencies,41,"Smart Home, Security & Audio Visual Installation",smart-home-security-audio-visual-installation,7,Smart Garage Door Installation,smart-garage-door-installation,,,,
IT Services & Agencies,it-services-agencies,41,"Smart Home, Security & Audio Visual Installation",smart-home-security-audio-visual-installation,8,Smart Sprinkler Installation,smart-sprinkler-installation,,,,
IT Services & Agencies,it-services-agencies,41,"Smart Home, Security & Audio Visual Installation",smart-home-security-audio-visual-installation,9,Smart Blinds Installation,smart-blinds-installation,,,,
IT Services & Agencies,it-services-agencies,41,"Smart Home, Security & Audio Visual Installation",smart-home-security-audio-visual-installation,10,Whole-Home Audio Installation,whole-home-audio-installation,,,,
IT Services & Agencies,it-services-agencies,41,"Smart Home, Security & Audio Visual Installation",smart-home-security-audio-visual-installation,11,Home Theater Installation,home-theater-installation,,,,
IT Services & Agencies,it-services-agencies,41,"Smart Home, Security & Audio Visual Installation",smart-home-security-audio-visual-installation,12,Outdoor Theater Installation,outdoor-theater-installation,,,,
IT Services & Agencies,it-services-agencies,41,"Smart Home, Security & Audio Visual Installation",smart-home-security-audio-visual-installation,13,Projector Installation,projector-installation,,,,
IT Services & Agencies,it-services-agencies,41,"Smart Home, Security & Audio Visual Installation",smart-home-security-audio-visual-installation,14,Outdoor TV Installation,outdoor-tv-installation,,,,
IT Services & Agencies,it-services-agencies,41,"Smart Home, Security & Audio Visual Installation",smart-home-security-audio-visual-installation,15,Soundbar Installation Services,soundbar-installation-services,,,,
IT Services & Agencies,it-services-agencies,41,"Smart Home, Security & Audio Visual Installation",smart-home-security-audio-visual-installation,16,Surround Sound Installation,surround-sound-installation,,,,
IT Services & Agencies,it-services-agencies,41,"Smart Home, Security & Audio Visual Installation",smart-home-security-audio-visual-installation,17,Subwoofer Installation Services,subwoofer-installation-services,,,,
IT Services & Agencies,it-services-agencies,41,"Smart Home, Security & Audio Visual Installation",smart-home-security-audio-visual-installation,18,In-Wall Speaker Installation,in-wall-speaker-installation,,,,
IT Services & Agencies,it-services-agencies,41,"Smart Home, Security & Audio Visual Installation",smart-home-security-audio-visual-installation,19,In-Ceiling Speaker Installation,in-ceiling-speaker-installation,,,,
IT Services & Agencies,it-services-agencies,41,"Smart Home, Security & Audio Visual Installation",smart-home-security-audio-visual-installation,20,Patio Speaker Installation,patio-speaker-installation,,,,
IT Services & Agencies,it-services-agencies,41,"Smart Home, Security & Audio Visual Installation",smart-home-security-audio-visual-installation,21,Pool Audio Installation,pool-audio-installation,,,,
IT Services & Agencies,it-services-agencies,41,"Smart Home, Security & Audio Visual Installation",smart-home-security-audio-visual-installation,22,Karaoke Setup Services,karaoke-setup-services,,,,
IT Services & Agencies,it-services-agencies,41,"Smart Home, Security & Audio Visual Installation",smart-home-security-audio-visual-installation,23,Custom Media Room Builders,custom-media-room-builders,,,,
IT Services & Agencies,it-services-agencies,41,"Smart Home, Security & Audio Visual Installation",smart-home-security-audio-visual-installation,24,Home Theater Acoustic Treatment,home-theater-acoustic-treatment,,,,
IT Services & Agencies,it-services-agencies,41,"Smart Home, Security & Audio Visual Installation",smart-home-security-audio-visual-installation,25,Security Camera Installation,security-camera-installation,,,,
IT Services & Agencies,it-services-agencies,41,"Smart Home, Security & Audio Visual Installation",smart-home-security-audio-visual-installation,26,CCTV Installation,cctv-installation,,,,
IT Services & Agencies,it-services-agencies,41,"Smart Home, Security & Audio Visual Installation",smart-home-security-audio-visual-installation,27,Doorbell Camera Installation,doorbell-camera-installation,,,,
IT Services & Agencies,it-services-agencies,41,"Smart Home, Security & Audio Visual Installation",smart-home-security-audio-visual-installation,28,Driveway Camera Installation,driveway-camera-installation,,,,
IT Services & Agencies,it-services-agencies,41,"Smart Home, Security & Audio Visual Installation",smart-home-security-audio-visual-installation,29,Business Surveillance Installation,business-surveillance-installation,,,,
IT Services & Agencies,it-services-agencies,41,"Smart Home, Security & Audio Visual Installation",smart-home-security-audio-visual-installation,30,Retail Security Camera Installation,retail-security-camera-installation,,,,
IT Services & Agencies,it-services-agencies,41,"Smart Home, Security & Audio Visual Installation",smart-home-security-audio-visual-installation,31,License Plate Recognition Installation,license-plate-recognition-installation,,,,
IT Services & Agencies,it-services-agencies,41,"Smart Home, Security & Audio Visual Installation",smart-home-security-audio-visual-installation,32,Access Control Installation,access-control-installation,,,,
IT Services & Agencies,it-services-agencies,41,"Smart Home, Security & Audio Visual Installation",smart-home-security-audio-visual-installation,33,Keycard Access Installation,keycard-access-installation,,,,
IT Services & Agencies,it-services-agencies,41,"Smart Home, Security & Audio Visual Installation",smart-home-security-audio-visual-installation,34,Biometric Access Installation,biometric-access-installation,,,,
IT Services & Agencies,it-services-agencies,41,"Smart Home, Security & Audio Visual Installation",smart-home-security-audio-visual-installation,35,Alarm System Installation,alarm-system-installation,,,,
IT Services & Agencies,it-services-agencies,41,"Smart Home, Security & Audio Visual Installation",smart-home-security-audio-visual-installation,36,Burglar Alarm Installation,burglar-alarm-installation,,,,
IT Services & Agencies,it-services-agencies,41,"Smart Home, Security & Audio Visual Installation",smart-home-security-audio-visual-installation,37,Fire Alarm Installation,fire-alarm-installation,,,,
IT Services & Agencies,it-services-agencies,41,"Smart Home, Security & Audio Visual Installation",smart-home-security-audio-visual-installation,38,Smoke Detector Installation,smoke-detector-installation,,,,
IT Services & Agencies,it-services-agencies,41,"Smart Home, Security & Audio Visual Installation",smart-home-security-audio-visual-installation,39,Carbon Monoxide Detector Installation,carbon-monoxide-detector-installation,,,,
IT Services & Agencies,it-services-agencies,41,"Smart Home, Security & Audio Visual Installation",smart-home-security-audio-visual-installation,40,Smart Smoke Detector Installation,smart-smoke-detector-installation,,,,
IT Services & Agencies,it-services-agencies,41,"Smart Home, Security & Audio Visual Installation",smart-home-security-audio-visual-installation,41,Pet-Friendly Alarm Installation,pet-friendly-alarm-installation,,,,
IT Services & Agencies,it-services-agencies,42,"Internet, TV & Telecom Service Providers",internet-tv-telecom-service-providers,1,Local Internet Service Providers,local-internet-service-providers,,,,
IT Services & Agencies,it-services-agencies,42,"Internet, TV & Telecom Service Providers",internet-tv-telecom-service-providers,2,Fiber Internet Providers,fiber-internet-providers,,,,
IT Services & Agencies,it-services-agencies,42,"Internet, TV & Telecom Service Providers",internet-tv-telecom-service-providers,3,Cable Internet Providers,cable-internet-providers,,,,
IT Services & Agencies,it-services-agencies,42,"Internet, TV & Telecom Service Providers",internet-tv-telecom-service-providers,4,DSL Internet Providers,dsl-internet-providers,,,,
IT Services & Agencies,it-services-agencies,42,"Internet, TV & Telecom Service Providers",internet-tv-telecom-service-providers,5,Fixed Wireless Internet Providers,fixed-wireless-internet-providers,,,,
IT Services & Agencies,it-services-agencies,42,"Internet, TV & Telecom Service Providers",internet-tv-telecom-service-providers,6,Satellite Internet Providers,satellite-internet-providers,,,,
IT Services & Agencies,it-services-agencies,42,"Internet, TV & Telecom Service Providers",internet-tv-telecom-service-providers,7,Starlink Installation Services,starlink-installation-services,,,,
IT Services & Agencies,it-services-agencies,42,"Internet, TV & Telecom Service Providers",internet-tv-telecom-service-providers,8,5G Home Internet Providers,5g-home-internet-providers,,,,
IT Services & Agencies,it-services-agencies,42,"Internet, TV & Telecom Service Providers",internet-tv-telecom-service-providers,9,Rural Internet Providers,rural-internet-providers,,,,
IT Services & Agencies,it-services-agencies,42,"Internet, TV & Telecom Service Providers",internet-tv-telecom-service-providers,10,Business Internet Providers,business-internet-providers,,,,
IT Services & Agencies,it-services-agencies,42,"Internet, TV & Telecom Service Providers",internet-tv-telecom-service-providers,11,Dedicated Internet Access Providers,dedicated-internet-access-providers,,,,
IT Services & Agencies,it-services-agencies,42,"Internet, TV & Telecom Service Providers",internet-tv-telecom-service-providers,12,Ethernet Internet Providers,ethernet-internet-providers,,,,
IT Services & Agencies,it-services-agencies,42,"Internet, TV & Telecom Service Providers",internet-tv-telecom-service-providers,13,Backup Internet Providers,backup-internet-providers,,,,
IT Services & Agencies,it-services-agencies,42,"Internet, TV & Telecom Service Providers",internet-tv-telecom-service-providers,14,SD-WAN Service Providers,sd-wan-service-providers,,,,
IT Services & Agencies,it-services-agencies,42,"Internet, TV & Telecom Service Providers",internet-tv-telecom-service-providers,15,MPLS Service Providers,mpls-service-providers,,,,
IT Services & Agencies,it-services-agencies,42,"Internet, TV & Telecom Service Providers",internet-tv-telecom-service-providers,16,Cellular Carriers,cellular-carriers,,,,
IT Services & Agencies,it-services-agencies,42,"Internet, TV & Telecom Service Providers",internet-tv-telecom-service-providers,17,Cell Phone Plan Providers,cell-phone-plan-providers,,,,
IT Services & Agencies,it-services-agencies,42,"Internet, TV & Telecom Service Providers",internet-tv-telecom-service-providers,18,Prepaid Cell Phone Providers,prepaid-cell-phone-providers,,,,
IT Services & Agencies,it-services-agencies,42,"Internet, TV & Telecom Service Providers",internet-tv-telecom-service-providers,19,MVNO Providers,mvno-providers,,,,
IT Services & Agencies,it-services-agencies,42,"Internet, TV & Telecom Service Providers",internet-tv-telecom-service-providers,20,Family Cell Phone Plans,family-cell-phone-plans,,,,
IT Services & Agencies,it-services-agencies,42,"Internet, TV & Telecom Service Providers",internet-tv-telecom-service-providers,21,Senior Cell Phone Plans,senior-cell-phone-plans,,,,
IT Services & Agencies,it-services-agencies,42,"Internet, TV & Telecom Service Providers",internet-tv-telecom-service-providers,22,International SIM Card Providers,international-sim-card-providers,,,,
IT Services & Agencies,it-services-agencies,42,"Internet, TV & Telecom Service Providers",internet-tv-telecom-service-providers,23,TV Service Providers,tv-service-providers,,,,
IT Services & Agencies,it-services-agencies,42,"Internet, TV & Telecom Service Providers",internet-tv-telecom-service-providers,24,Cable TV Providers,cable-tv-providers,,,,
IT Services & Agencies,it-services-agencies,42,"Internet, TV & Telecom Service Providers",internet-tv-telecom-service-providers,25,Satellite TV Providers,satellite-tv-providers,,,,
IT Services & Agencies,it-services-agencies,42,"Internet, TV & Telecom Service Providers",internet-tv-telecom-service-providers,26,IPTV Providers,iptv-providers,,,,
IT Services & Agencies,it-services-agencies,42,"Internet, TV & Telecom Service Providers",internet-tv-telecom-service-providers,27,Streaming TV Bundles,streaming-tv-bundles,,,,
IT Services & Agencies,it-services-agencies,42,"Internet, TV & Telecom Service Providers",internet-tv-telecom-service-providers,28,Bundle Service Providers,bundle-service-providers,,,,
IT Services & Agencies,it-services-agencies,43,Industry-Specific Marketing Agencies,industry-specific-marketing-agencies,1,Healthcare Marketing Agencies,healthcare-marketing-agencies,,,,
IT Services & Agencies,it-services-agencies,43,Industry-Specific Marketing Agencies,industry-specific-marketing-agencies,2,Hospital Marketing Agencies,hospital-marketing-agencies,,,,
IT Services & Agencies,it-services-agencies,43,Industry-Specific Marketing Agencies,industry-specific-marketing-agencies,3,Doctor Marketing Agencies,doctor-marketing-agencies,,,,
IT Services & Agencies,it-services-agencies,43,Industry-Specific Marketing Agencies,industry-specific-marketing-agencies,4,Dentist Marketing Agencies,dentist-marketing-agencies,,,,
IT Services & Agencies,it-services-agencies,43,Industry-Specific Marketing Agencies,industry-specific-marketing-agencies,5,Orthodontist Marketing Agencies,orthodontist-marketing-agencies,,,,
IT Services & Agencies,it-services-agencies,43,Industry-Specific Marketing Agencies,industry-specific-marketing-agencies,6,Med Spa Marketing Agencies,med-spa-marketing-agencies,,,,
IT Services & Agencies,it-services-agencies,43,Industry-Specific Marketing Agencies,industry-specific-marketing-agencies,7,Plastic Surgery Marketing Agencies,plastic-surgery-marketing-agencies,,,,
IT Services & Agencies,it-services-agencies,43,Industry-Specific Marketing Agencies,industry-specific-marketing-agencies,8,Veterinarian Marketing Agencies,veterinarian-marketing-agencies,,,,
IT Services & Agencies,it-services-agencies,43,Industry-Specific Marketing Agencies,industry-specific-marketing-agencies,9,Chiropractor Marketing Agencies,chiropractor-marketing-agencies,,,,
IT Services & Agencies,it-services-agencies,43,Industry-Specific Marketing Agencies,industry-specific-marketing-agencies,10,Physical Therapy Marketing Agencies,physical-therapy-marketing-agencies,,,,
IT Services & Agencies,it-services-agencies,43,Industry-Specific Marketing Agencies,industry-specific-marketing-agencies,11,Mental Health Practice Marketing,mental-health-practice-marketing,,,,
IT Services & Agencies,it-services-agencies,43,Industry-Specific Marketing Agencies,industry-specific-marketing-agencies,12,Optometrist Marketing Agencies,optometrist-marketing-agencies,,,,
IT Services & Agencies,it-services-agencies,43,Industry-Specific Marketing Agencies,industry-specific-marketing-agencies,13,Law Firm Marketing Agencies,law-firm-marketing-agencies,,,,
IT Services & Agencies,it-services-agencies,43,Industry-Specific Marketing Agencies,industry-specific-marketing-agencies,14,Personal Injury Lawyer Marketing,personal-injury-lawyer-marketing,,,,
IT Services & Agencies,it-services-agencies,43,Industry-Specific Marketing Agencies,industry-specific-marketing-agencies,15,Family Lawyer Marketing Agencies,family-lawyer-marketing-agencies,,,,
IT Services & Agencies,it-services-agencies,43,Industry-Specific Marketing Agencies,industry-specific-marketing-agencies,16,Criminal Defense Attorney Marketing,criminal-defense-attorney-marketing,,,,
IT Services & Agencies,it-services-agencies,43,Industry-Specific Marketing Agencies,industry-specific-marketing-agencies,17,Immigration Attorney Marketing,immigration-attorney-marketing,,,,
IT Services & Agencies,it-services-agencies,43,Industry-Specific Marketing Agencies,industry-specific-marketing-agencies,18,Estate Planning Attorney Marketing,estate-planning-attorney-marketing,,,,
IT Services & Agencies,it-services-agencies,43,Industry-Specific Marketing Agencies,industry-specific-marketing-agencies,19,Real Estate Agent Marketing,real-estate-agent-marketing,,,,
IT Services & Agencies,it-services-agencies,43,Industry-Specific Marketing Agencies,industry-specific-marketing-agencies,20,Real Estate Brokerage Marketing,real-estate-brokerage-marketing,,,,
IT Services & Agencies,it-services-agencies,43,Industry-Specific Marketing Agencies,industry-specific-marketing-agencies,21,Mortgage Broker Marketing,mortgage-broker-marketing,,,,
IT Services & Agencies,it-services-agencies,43,Industry-Specific Marketing Agencies,industry-specific-marketing-agencies,22,Property Management Marketing,property-management-marketing,,,,
IT Services & Agencies,it-services-agencies,43,Industry-Specific Marketing Agencies,industry-specific-marketing-agencies,23,Home Builder Marketing,home-builder-marketing,,,,
IT Services & Agencies,it-services-agencies,43,Industry-Specific Marketing Agencies,industry-specific-marketing-agencies,24,Roofer Marketing Agencies,roofer-marketing-agencies,,,,
IT Services & Agencies,it-services-agencies,43,Industry-Specific Marketing Agencies,industry-specific-marketing-agencies,25,Plumber Marketing Agencies,plumber-marketing-agencies,,,,
IT Services & Agencies,it-services-agencies,43,Industry-Specific Marketing Agencies,industry-specific-marketing-agencies,26,HVAC Marketing Agencies,hvac-marketing-agencies,,,,
IT Services & Agencies,it-services-agencies,43,Industry-Specific Marketing Agencies,industry-specific-marketing-agencies,27,Electrician Marketing Agencies,electrician-marketing-agencies,,,,
IT Services & Agencies,it-services-agencies,43,Industry-Specific Marketing Agencies,industry-specific-marketing-agencies,28,Landscaper Marketing Agencies,landscaper-marketing-agencies,,,,
IT Services & Agencies,it-services-agencies,43,Industry-Specific Marketing Agencies,industry-specific-marketing-agencies,29,Pest Control Marketing Agencies,pest-control-marketing-agencies,,,,
IT Services & Agencies,it-services-agencies,43,Industry-Specific Marketing Agencies,industry-specific-marketing-agencies,30,Cleaning Service Marketing,cleaning-service-marketing,1,Amazon Services,Amazon PPC,amazon-services-amazon-ppc
IT Services & Agencies,it-services-agencies,43,Industry-Specific Marketing Agencies,industry-specific-marketing-agencies,30,Cleaning Service Marketing,cleaning-service-marketing,2,Amazon Services,Amazon SEO,amazon-services-amazon-seo
IT Services & Agencies,it-services-agencies,43,Industry-Specific Marketing Agencies,industry-specific-marketing-agencies,30,Cleaning Service Marketing,cleaning-service-marketing,3,Amazon Services,Amazon Storefront,amazon-services-amazon-storefront
IT Services & Agencies,it-services-agencies,43,Industry-Specific Marketing Agencies,industry-specific-marketing-agencies,30,Cleaning Service Marketing,cleaning-service-marketing,4,Amazon Services,Amazon Brand Registry,amazon-services-amazon-brand-registry
IT Services & Agencies,it-services-agencies,43,Industry-Specific Marketing Agencies,industry-specific-marketing-agencies,30,Cleaning Service Marketing,cleaning-service-marketing,5,Amazon Services,Amazon A+ Content,amazon-services-amazon-a-content
IT Services & Agencies,it-services-agencies,43,Industry-Specific Marketing Agencies,industry-specific-marketing-agencies,30,Cleaning Service Marketing,cleaning-service-marketing,6,Amazon Services,Amazon Sponsored Display,amazon-services-amazon-sponsored-display
IT Services & Agencies,it-services-agencies,43,Industry-Specific Marketing Agencies,industry-specific-marketing-agencies,30,Cleaning Service Marketing,cleaning-service-marketing,7,Amazon Services,Amazon DSP,amazon-services-amazon-dsp
IT Services & Agencies,it-services-agencies,43,Industry-Specific Marketing Agencies,industry-specific-marketing-agencies,30,Cleaning Service Marketing,cleaning-service-marketing,8,Amazon Services,Amazon Vendor Central,amazon-services-amazon-vendor-central
IT Services & Agencies,it-services-agencies,43,Industry-Specific Marketing Agencies,industry-specific-marketing-agencies,30,Cleaning Service Marketing,cleaning-service-marketing,9,Amazon Services,Amazon Seller Central,amazon-services-amazon-seller-central
IT Services & Agencies,it-services-agencies,43,Industry-Specific Marketing Agencies,industry-specific-marketing-agencies,30,Cleaning Service Marketing,cleaning-service-marketing,10,Amazon Services,Amazon Analytics,amazon-services-amazon-analytics
IT Services & Agencies,it-services-agencies,43,Industry-Specific Marketing Agencies,industry-specific-marketing-agencies,30,Cleaning Service Marketing,cleaning-service-marketing,11,Marketplace Services,Etsy Marketing,marketplace-services-etsy-marketing
IT Services & Agencies,it-services-agencies,43,Industry-Specific Marketing Agencies,industry-specific-marketing-agencies,30,Cleaning Service Marketing,cleaning-service-marketing,12,Marketplace Services,eBay Marketing,marketplace-services-ebay-marketing
IT Services & Agencies,it-services-agencies,43,Industry-Specific Marketing Agencies,industry-specific-marketing-agencies,30,Cleaning Service Marketing,cleaning-service-marketing,13,Marketplace Services,Walmart Marketplace,marketplace-services-walmart-marketplace
IT Services & Agencies,it-services-agencies,43,Industry-Specific Marketing Agencies,industry-specific-marketing-agencies,30,Cleaning Service Marketing,cleaning-service-marketing,14,Marketplace Services,Target Plus,marketplace-services-target-plus
IT Services & Agencies,it-services-agencies,43,Industry-Specific Marketing Agencies,industry-specific-marketing-agencies,30,Cleaning Service Marketing,cleaning-service-marketing,15,Marketplace Services,Alibaba Marketing,marketplace-services-alibaba-marketing
IT Services & Agencies,it-services-agencies,43,Industry-Specific Marketing Agencies,industry-specific-marketing-agencies,30,Cleaning Service Marketing,cleaning-service-marketing,16,Marketplace Services,Wish Marketing,marketplace-services-wish-marketing
IT Services & Agencies,it-services-agencies,43,Industry-Specific Marketing Agencies,industry-specific-marketing-agencies,30,Cleaning Service Marketing,cleaning-service-marketing,17,Marketplace Services,Mercado Libre,marketplace-services-mercado-libre
IT Services & Agencies,it-services-agencies,43,Industry-Specific Marketing Agencies,industry-specific-marketing-agencies,30,Cleaning Service Marketing,cleaning-service-marketing,18,Marketplace Services,Flipkart Marketing,marketplace-services-flipkart-marketing
IT Services & Agencies,it-services-agencies,43,Industry-Specific Marketing Agencies,industry-specific-marketing-agencies,30,Cleaning Service Marketing,cleaning-service-marketing,19,Marketplace Services,Rakuten Marketing,marketplace-services-rakuten-marketing
IT Services & Agencies,it-services-agencies,43,Industry-Specific Marketing Agencies,industry-specific-marketing-agencies,30,Cleaning Service Marketing,cleaning-service-marketing,20,Marketplace Services,Zalando Marketing,marketplace-services-zalando-marketing
IT Services & Agencies,it-services-agencies,43,Industry-Specific Marketing Agencies,industry-specific-marketing-agencies,31,Restaurant Marketing Agencies,restaurant-marketing-agencies,,,,
IT Services & Agencies,it-services-agencies,43,Industry-Specific Marketing Agencies,industry-specific-marketing-agencies,32,Bar Marketing Agencies,bar-marketing-agencies,,,,
IT Services & Agencies,it-services-agencies,43,Industry-Specific Marketing Agencies,industry-specific-marketing-agencies,33,Cafe Marketing Agencies,cafe-marketing-agencies,,,,
IT Services & Agencies,it-services-agencies,43,Industry-Specific Marketing Agencies,industry-specific-marketing-agencies,34,Food Truck Marketing Agencies,food-truck-marketing-agencies,,,,
IT Services & Agencies,it-services-agencies,43,Industry-Specific Marketing Agencies,industry-specific-marketing-agencies,35,Catering Marketing Agencies,catering-marketing-agencies,,,,
IT Services & Agencies,it-services-agencies,43,Industry-Specific Marketing Agencies,industry-specific-marketing-agencies,36,Hotel Marketing Agencies,hotel-marketing-agencies,,,,
IT Services & Agencies,it-services-agencies,43,Industry-Specific Marketing Agencies,industry-specific-marketing-agencies,37,Vacation Rental Marketing Agencies,vacation-rental-marketing-agencies,,,,
IT Services & Agencies,it-services-agencies,43,Industry-Specific Marketing Agencies,industry-specific-marketing-agencies,38,Tour Operator Marketing,tour-operator-marketing,,,,
IT Services & Agencies,it-services-agencies,43,Industry-Specific Marketing Agencies,industry-specific-marketing-agencies,39,Wedding Vendor Marketing,wedding-vendor-marketing,,,,
IT Services & Agencies,it-services-agencies,43,Industry-Specific Marketing Agencies,industry-specific-marketing-agencies,40,Event Planner Marketing,event-planner-marketing,1,Global Marketing,Global Event Marketing,global-marketing-global-event-marketing
IT Services & Agencies,it-services-agencies,43,Industry-Specific Marketing Agencies,industry-specific-marketing-agencies,41,Photographer Marketing Agencies,photographer-marketing-agencies,,,,
IT Services & Agencies,it-services-agencies,43,Industry-Specific Marketing Agencies,industry-specific-marketing-agencies,42,Auto Dealer Marketing Agencies,auto-dealer-marketing-agencies,,,,
IT Services & Agencies,it-services-agencies,43,Industry-Specific Marketing Agencies,industry-specific-marketing-agencies,43,Auto Repair Shop Marketing,auto-repair-shop-marketing,,,,
IT Services & Agencies,it-services-agencies,43,Industry-Specific Marketing Agencies,industry-specific-marketing-agencies,44,Insurance Agent Marketing,insurance-agent-marketing,,,,
IT Services & Agencies,it-services-agencies,43,Industry-Specific Marketing Agencies,industry-specific-marketing-agencies,45,Financial Advisor Marketing,financial-advisor-marketing,,,,
IT Services & Agencies,it-services-agencies,43,Industry-Specific Marketing Agencies,industry-specific-marketing-agencies,46,Accountant Marketing Agencies,accountant-marketing-agencies,,,,
IT Services & Agencies,it-services-agencies,43,Industry-Specific Marketing Agencies,industry-specific-marketing-agencies,47,Bookkeeper Marketing Agencies,bookkeeper-marketing-agencies,,,,
IT Services & Agencies,it-services-agencies,43,Industry-Specific Marketing Agencies,industry-specific-marketing-agencies,48,Gym Marketing Agencies,gym-marketing-agencies,,,,
IT Services & Agencies,it-services-agencies,43,Industry-Specific Marketing Agencies,industry-specific-marketing-agencies,49,CrossFit Marketing Agencies,crossfit-marketing-agencies,,,,
IT Services & Agencies,it-services-agencies,43,Industry-Specific Marketing Agencies,industry-specific-marketing-agencies,50,Yoga Studio Marketing,yoga-studio-marketing,,,,
IT Services & Agencies,it-services-agencies,43,Industry-Specific Marketing Agencies,industry-specific-marketing-agencies,51,Personal Trainer Marketing,personal-trainer-marketing,,,,
IT Services & Agencies,it-services-agencies,43,Industry-Specific Marketing Agencies,industry-specific-marketing-agencies,52,Salon Marketing Agencies,salon-marketing-agencies,,,,
IT Services & Agencies,it-services-agencies,43,Industry-Specific Marketing Agencies,industry-specific-marketing-agencies,53,Spa Marketing Agencies,spa-marketing-agencies,,,,
IT Services & Agencies,it-services-agencies,43,Industry-Specific Marketing Agencies,industry-specific-marketing-agencies,54,Tattoo Studio Marketing,tattoo-studio-marketing,,,,
IT Services & Agencies,it-services-agencies,43,Industry-Specific Marketing Agencies,industry-specific-marketing-agencies,55,Dance Studio Marketing,dance-studio-marketing,,,,
IT Services & Agencies,it-services-agencies,43,Industry-Specific Marketing Agencies,industry-specific-marketing-agencies,56,Music School Marketing,music-school-marketing,,,,
IT Services & Agencies,it-services-agencies,43,Industry-Specific Marketing Agencies,industry-specific-marketing-agencies,57,Tutor Marketing Agencies,tutor-marketing-agencies,,,,
IT Services & Agencies,it-services-agencies,43,Industry-Specific Marketing Agencies,industry-specific-marketing-agencies,58,Daycare Marketing Agencies,daycare-marketing-agencies,,,,
IT Services & Agencies,it-services-agencies,43,Industry-Specific Marketing Agencies,industry-specific-marketing-agencies,59,Private School Marketing,private-school-marketing,,,,
IT Services & Agencies,it-services-agencies,43,Industry-Specific Marketing Agencies,industry-specific-marketing-agencies,60,College Marketing Agencies,college-marketing-agencies,,,,
IT Services & Agencies,it-services-agencies,43,Industry-Specific Marketing Agencies,industry-specific-marketing-agencies,61,Church Marketing Agencies,church-marketing-agencies,,,,
IT Services & Agencies,it-services-agencies,43,Industry-Specific Marketing Agencies,industry-specific-marketing-agencies,62,Nonprofit Marketing Agencies,nonprofit-marketing-agencies,,,,
IT Services & Agencies,it-services-agencies,43,Industry-Specific Marketing Agencies,industry-specific-marketing-agencies,63,Political Campaign Agencies,political-campaign-agencies,,,,
IT Services & Agencies,it-services-agencies,43,Industry-Specific Marketing Agencies,industry-specific-marketing-agencies,64,Cannabis Marketing Agencies,cannabis-marketing-agencies,,,,
IT Services & Agencies,it-services-agencies,43,Industry-Specific Marketing Agencies,industry-specific-marketing-agencies,65,CBD Marketing Agencies,cbd-marketing-agencies,,,,
IT Services & Agencies,it-services-agencies,43,Industry-Specific Marketing Agencies,industry-specific-marketing-agencies,66,Adult Industry Marketing Agencies,adult-industry-marketing-agencies,,,,
IT Services & Agencies,it-services-agencies,43,Industry-Specific Marketing Agencies,industry-specific-marketing-agencies,67,Gambling & iGaming Marketing Agencies,gambling-igaming-marketing-agencies,,,,
IT Services & Agencies,it-services-agencies,43,Industry-Specific Marketing Agencies,industry-specific-marketing-agencies,68,Crypto Project Marketing Agencies,crypto-project-marketing-agencies,1,Crypto Marketing,Token Launch Marketing,crypto-marketing-token-launch-marketing
IT Services & Agencies,it-services-agencies,43,Industry-Specific Marketing Agencies,industry-specific-marketing-agencies,68,Crypto Project Marketing Agencies,crypto-project-marketing-agencies,2,Crypto Marketing,NFT Marketing,crypto-marketing-nft-marketing
IT Services & Agencies,it-services-agencies,43,Industry-Specific Marketing Agencies,industry-specific-marketing-agencies,68,Crypto Project Marketing Agencies,crypto-project-marketing-agencies,3,Crypto Marketing,DeFi Marketing,crypto-marketing-defi-marketing
IT Services & Agencies,it-services-agencies,43,Industry-Specific Marketing Agencies,industry-specific-marketing-agencies,68,Crypto Project Marketing Agencies,crypto-project-marketing-agencies,4,Crypto Marketing,DAO Community,crypto-marketing-dao-community
IT Services & Agencies,it-services-agencies,43,Industry-Specific Marketing Agencies,industry-specific-marketing-agencies,68,Crypto Project Marketing Agencies,crypto-project-marketing-agencies,5,Crypto Marketing,Web3 PR,crypto-marketing-web3-pr
IT Services & Agencies,it-services-agencies,43,Industry-Specific Marketing Agencies,industry-specific-marketing-agencies,68,Crypto Project Marketing Agencies,crypto-project-marketing-agencies,6,Crypto Marketing,Crypto Influencer,crypto-marketing-crypto-influencer
IT Services & Agencies,it-services-agencies,43,Industry-Specific Marketing Agencies,industry-specific-marketing-agencies,68,Crypto Project Marketing Agencies,crypto-project-marketing-agencies,7,Crypto Marketing,Blockchain Content,crypto-marketing-blockchain-content
IT Services & Agencies,it-services-agencies,43,Industry-Specific Marketing Agencies,industry-specific-marketing-agencies,68,Crypto Project Marketing Agencies,crypto-project-marketing-agencies,8,Crypto Marketing,Web3 Social Media,crypto-marketing-web3-social-media
IT Services & Agencies,it-services-agencies,43,Industry-Specific Marketing Agencies,industry-specific-marketing-agencies,68,Crypto Project Marketing Agencies,crypto-project-marketing-agencies,9,Crypto Marketing,Airdrop Marketing,crypto-marketing-airdrop-marketing
IT Services & Agencies,it-services-agencies,43,Industry-Specific Marketing Agencies,industry-specific-marketing-agencies,68,Crypto Project Marketing Agencies,crypto-project-marketing-agencies,10,Crypto Marketing,Tokenomics Advisory,crypto-marketing-tokenomics-advisory
IT Services & Agencies,it-services-agencies,43,Industry-Specific Marketing Agencies,industry-specific-marketing-agencies,69,NFT Project Marketing Agencies,nft-project-marketing-agencies,,,,
IT Services & Agencies,it-services-agencies,43,Industry-Specific Marketing Agencies,industry-specific-marketing-agencies,70,Gaming Studio Marketing,gaming-studio-marketing,,,,
IT Services & Agencies,it-services-agencies,43,Industry-Specific Marketing Agencies,industry-specific-marketing-agencies,71,SaaS Marketing Agencies,saas-marketing-agencies,,,,
IT Services & Agencies,it-services-agencies,43,Industry-Specific Marketing Agencies,industry-specific-marketing-agencies,72,FinTech Marketing Agencies,fintech-marketing-agencies,,,,
IT Services & Agencies,it-services-agencies,43,Industry-Specific Marketing Agencies,industry-specific-marketing-agencies,73,EdTech Marketing Agencies,edtech-marketing-agencies,,,,
IT Services & Agencies,it-services-agencies,43,Industry-Specific Marketing Agencies,industry-specific-marketing-agencies,74,HealthTech Marketing Agencies,healthtech-marketing-agencies,,,,
IT Services & Agencies,it-services-agencies,43,Industry-Specific Marketing Agencies,industry-specific-marketing-agencies,75,CleanTech Marketing Agencies,cleantech-marketing-agencies,,,,
IT Services & Agencies,it-services-agencies,43,Industry-Specific Marketing Agencies,industry-specific-marketing-agencies,76,DTC Brand Marketing Agencies,dtc-brand-marketing-agencies,,,,
IT Services & Agencies,it-services-agencies,43,Industry-Specific Marketing Agencies,industry-specific-marketing-agencies,77,Subscription Box Marketing,subscription-box-marketing,,,,
IT Services & Agencies,it-services-agencies,43,Industry-Specific Marketing Agencies,industry-specific-marketing-agencies,78,Beauty Brand Marketing Agencies,beauty-brand-marketing-agencies,,,,
IT Services & Agencies,it-services-agencies,43,Industry-Specific Marketing Agencies,industry-specific-marketing-agencies,79,Apparel Brand Marketing Agencies,apparel-brand-marketing-agencies,,,,
IT Services & Agencies,it-services-agencies,43,Industry-Specific Marketing Agencies,industry-specific-marketing-agencies,80,Jewelry Brand Marketing,jewelry-brand-marketing,,,,
IT Services & Agencies,it-services-agencies,43,Industry-Specific Marketing Agencies,industry-specific-marketing-agencies,81,Furniture Brand Marketing Agencies,furniture-brand-marketing-agencies,,,,
IT Services & Agencies,it-services-agencies,43,Industry-Specific Marketing Agencies,industry-specific-marketing-agencies,82,Pet Brand Marketing Agencies,pet-brand-marketing-agencies,,,,
IT Services & Agencies,it-services-agencies,43,Industry-Specific Marketing Agencies,industry-specific-marketing-agencies,83,Baby Brand Marketing Agencies,baby-brand-marketing-agencies,,,,
