L1,L1 Slug,L2 #,L2,L2 Slug,L3 #,L3,L3 Slug,L4 #,L4 Group,L4 Type,L4 Slug
Local Businesses,local-business,1,Active Life & Recreation,active-life-recreation,1,Yoga Studios,yoga-studios,1,Gyms & Studios,Full-Service Gym,gyms-studios-full-service-gym
Local Businesses,local-business,1,Active Life & Recreation,active-life-recreation,1,Yoga Studios,yoga-studios,2,Gyms & Studios,CrossFit Box,gyms-studios-crossfit-box
Local Businesses,local-business,1,Active Life & Recreation,active-life-recreation,1,Yoga Studios,yoga-studios,3,Gyms & Studios,Yoga Studio,gyms-studios-yoga-studio
Local Businesses,local-business,1,Active Life & Recreation,active-life-recreation,1,Yoga Studios,yoga-studios,4,Gyms & Studios,Pilates Studio,gyms-studios-pilates-studio
Local Businesses,local-business,1,Active Life & Recreation,active-life-recreation,1,Yoga Studios,yoga-studios,5,Gyms & Studios,Spin Class,gyms-studios-spin-class
Local Businesses,local-business,1,Active Life & Recreation,active-life-recreation,1,Yoga Studios,yoga-studios,6,Gyms & Studios,Boxing Gym,gyms-studios-boxing-gym
Local Businesses,local-business,1,Active Life & Recreation,active-life-recreation,1,Yoga Studios,yoga-studios,7,Gyms & Studios,Martial Arts Studio,gyms-studios-martial-arts-studio
Local Businesses,local-business,1,Active Life & Recreation,active-life-recreation,1,Yoga Studios,yoga-studios,8,Gyms & Studios,Swimming Pool,gyms-studios-swimming-pool
Local Businesses,local-business,1,Active Life & Recreation,active-life-recreation,1,Yoga Studios,yoga-studios,9,Gyms & Studios,Rock Climbing Gym,gyms-studios-rock-climbing-gym
Local Businesses,local-business,1,Active Life & Recreation,active-life-recreation,1,Yoga Studios,yoga-studios,10,Gyms & Studios,Barre Studio,gyms-studios-barre-studio
Local Businesses,local-business,1,Active Life & Recreation,active-life-recreation,1,Yoga Studios,yoga-studios,11,Personal Services,Personal Trainer,personal-services-personal-trainer
Local Businesses,local-business,1,Active Life & Recreation,active-life-recreation,1,Yoga Studios,yoga-studios,12,Personal Services,Group Fitness,personal-services-group-fitness
Local Businesses,local-business,1,Active Life & Recreation,active-life-recreation,1,Yoga Studios,yoga-studios,13,Personal Services,Outdoor Fitness,personal-services-outdoor-fitness
Local Businesses,local-business,1,Active Life & Recreation,active-life-recreation,1,Yoga Studios,yoga-studios,14,Personal Services,Virtual Fitness,personal-services-virtual-fitness
Local Businesses,local-business,1,Active Life & Recreation,active-life-recreation,1,Yoga Studios,yoga-studios,15,Personal Services,Senior Fitness,personal-services-senior-fitness
Local Businesses,local-business,1,Active Life & Recreation,active-life-recreation,1,Yoga Studios,yoga-studios,16,Personal Services,Pre/Post-Natal Fitness,personal-services-pre-post-natal-fitness
Local Businesses,local-business,1,Active Life & Recreation,active-life-recreation,1,Yoga Studios,yoga-studios,17,Personal Services,Weight Loss Program,personal-services-weight-loss-program
Local Businesses,local-business,1,Active Life & Recreation,active-life-recreation,1,Yoga Studios,yoga-studios,18,Personal Services,Athletic Training,personal-services-athletic-training
Local Businesses,local-business,1,Active Life & Recreation,active-life-recreation,1,Yoga Studios,yoga-studios,19,Personal Services,Boot Camp,personal-services-boot-camp
Local Businesses,local-business,1,Active Life & Recreation,active-life-recreation,1,Yoga Studios,yoga-studios,20,Personal Services,Functional Training,personal-services-functional-training
Local Businesses,local-business,1,Active Life & Recreation,active-life-recreation,2,Hot Yoga Studios,hot-yoga-studios,,,,
Local Businesses,local-business,1,Active Life & Recreation,active-life-recreation,3,Aerial Yoga Studios,aerial-yoga-studios,,,,
Local Businesses,local-business,1,Active Life & Recreation,active-life-recreation,4,Pilates Studios,pilates-studios,,,,
Local Businesses,local-business,1,Active Life & Recreation,active-life-recreation,5,Reformer Pilates Studios,reformer-pilates-studios,,,,
Local Businesses,local-business,1,Active Life & Recreation,active-life-recreation,6,Barre Studios,barre-studios,,,,
Local Businesses,local-business,1,Active Life & Recreation,active-life-recreation,7,Spin Studios,spin-studios,,,,
Local Businesses,local-business,1,Active Life & Recreation,active-life-recreation,8,Indoor Cycling Studios,indoor-cycling-studios,,,,
Local Businesses,local-business,1,Active Life & Recreation,active-life-recreation,9,Rowing Studios,rowing-studios,,,,
Local Businesses,local-business,1,Active Life & Recreation,active-life-recreation,10,Boxing Gyms,boxing-gyms,,,,
Local Businesses,local-business,1,Active Life & Recreation,active-life-recreation,11,Kickboxing Gyms,kickboxing-gyms,,,,
Local Businesses,local-business,1,Active Life & Recreation,active-life-recreation,12,MMA Gyms,mma-gyms,,,,
Local Businesses,local-business,1,Active Life & Recreation,active-life-recreation,13,Brazilian Jiu-Jitsu Schools,brazilian-jiu-jitsu-schools,,,,
Local Businesses,local-business,1,Active Life & Recreation,active-life-recreation,14,Krav Maga Schools,krav-maga-schools,,,,
Local Businesses,local-business,1,Active Life & Recreation,active-life-recreation,15,Karate Dojos,karate-dojos,,,,
Local Businesses,local-business,1,Active Life & Recreation,active-life-recreation,16,Taekwondo Schools,taekwondo-schools,,,,
Local Businesses,local-business,1,Active Life & Recreation,active-life-recreation,17,Kung Fu Schools,kung-fu-schools,,,,
Local Businesses,local-business,1,Active Life & Recreation,active-life-recreation,18,Aikido Dojos,aikido-dojos,,,,
Local Businesses,local-business,1,Active Life & Recreation,active-life-recreation,19,Judo Schools,judo-schools,,,,
Local Businesses,local-business,1,Active Life & Recreation,active-life-recreation,20,Capoeira Studios,capoeira-studios,,,,
Local Businesses,local-business,1,Active Life & Recreation,active-life-recreation,21,Fencing Clubs,fencing-clubs,,,,
Local Businesses,local-business,1,Active Life & Recreation,active-life-recreation,22,Archery Ranges,archery-ranges,,,,
Local Businesses,local-business,1,Active Life & Recreation,active-life-recreation,23,Indoor Archery Ranges,indoor-archery-ranges,,,,
Local Businesses,local-business,1,Active Life & Recreation,active-life-recreation,24,Shooting Ranges,shooting-ranges,,,,
Local Businesses,local-business,1,Active Life & Recreation,active-life-recreation,25,Gun Ranges,gun-ranges,,,,
Local Businesses,local-business,1,Active Life & Recreation,active-life-recreation,26,Axe Throwing Venues,axe-throwing-venues,,,,
Local Businesses,local-business,1,Active Life & Recreation,active-life-recreation,27,Knife Throwing Venues,knife-throwing-venues,,,,
Local Businesses,local-business,1,Active Life & Recreation,active-life-recreation,28,Bowling Alleys,bowling-alleys,,,,
Local Businesses,local-business,1,Active Life & Recreation,active-life-recreation,29,Duckpin Bowling Alleys,duckpin-bowling-alleys,,,,
Local Businesses,local-business,1,Active Life & Recreation,active-life-recreation,30,Cosmic Bowling Alleys,cosmic-bowling-alleys,,,,
Local Businesses,local-business,1,Active Life & Recreation,active-life-recreation,31,Mini Golf Courses,mini-golf-courses,,,,
Local Businesses,local-business,1,Active Life & Recreation,active-life-recreation,32,Putt Putt Courses,putt-putt-courses,,,,
Local Businesses,local-business,1,Active Life & Recreation,active-life-recreation,33,Indoor Mini Golf,indoor-mini-golf,,,,
Local Businesses,local-business,1,Active Life & Recreation,active-life-recreation,34,Glow-in-the-Dark Mini Golf,glow-in-the-dark-mini-golf,,,,
Local Businesses,local-business,1,Active Life & Recreation,active-life-recreation,35,Driving Ranges,driving-ranges,1,Driving Schools,Defensive Driving,driving-schools-defensive-driving
Local Businesses,local-business,1,Active Life & Recreation,active-life-recreation,36,Disc Golf Courses,disc-golf-courses,,,,
Local Businesses,local-business,1,Active Life & Recreation,active-life-recreation,37,Top Golf Locations,top-golf-locations,,,,
Local Businesses,local-business,1,Active Life & Recreation,active-life-recreation,38,Public Golf Courses,public-golf-courses,,,,
Local Businesses,local-business,1,Active Life & Recreation,active-life-recreation,39,Private Golf Clubs,private-golf-clubs,,,,
Local Businesses,local-business,1,Active Life & Recreation,active-life-recreation,40,Tennis Courts,tennis-courts,,,,
Local Businesses,local-business,1,Active Life & Recreation,active-life-recreation,41,Pickleball Courts,pickleball-courts,,,,
Local Businesses,local-business,1,Active Life & Recreation,active-life-recreation,42,Padel Courts,padel-courts,,,,
Local Businesses,local-business,1,Active Life & Recreation,active-life-recreation,43,Squash Courts,squash-courts,,,,
Local Businesses,local-business,1,Active Life & Recreation,active-life-recreation,44,Racquetball Courts,racquetball-courts,,,,
Local Businesses,local-business,1,Active Life & Recreation,active-life-recreation,45,Badminton Clubs,badminton-clubs,,,,
Local Businesses,local-business,1,Active Life & Recreation,active-life-recreation,46,Table Tennis Clubs,table-tennis-clubs,,,,
Local Businesses,local-business,1,Active Life & Recreation,active-life-recreation,47,Indoor Soccer Fields,indoor-soccer-fields,,,,
Local Businesses,local-business,1,Active Life & Recreation,active-life-recreation,48,Outdoor Soccer Fields,outdoor-soccer-fields,,,,
Local Businesses,local-business,1,Active Life & Recreation,active-life-recreation,49,Futsal Courts,futsal-courts,,,,
Local Businesses,local-business,1,Active Life & Recreation,active-life-recreation,50,Indoor Basketball Courts,indoor-basketball-courts,,,,
Local Businesses,local-business,1,Active Life & Recreation,active-life-recreation,51,Outdoor Basketball Courts,outdoor-basketball-courts,,,,
Local Businesses,local-business,1,Active Life & Recreation,active-life-recreation,52,Volleyball Courts,volleyball-courts,,,,
Local Businesses,local-business,1,Active Life & Recreation,active-life-recreation,53,Beach Volleyball Courts,beach-volleyball-courts,,,,
Local Businesses,local-business,1,Active Life & Recreation,active-life-recreation,54,Sand Volleyball Venues,sand-volleyball-venues,,,,
Local Businesses,local-business,1,Active Life & Recreation,active-life-recreation,55,Indoor Cricket Pitches,indoor-cricket-pitches,,,,
Local Businesses,local-business,1,Active Life & Recreation,active-life-recreation,56,Batting Cages,batting-cages,,,,
Local Businesses,local-business,1,Active Life & Recreation,active-life-recreation,57,Indoor Batting Cages,indoor-batting-cages,,,,
Local Businesses,local-business,1,Active Life & Recreation,active-life-recreation,58,Pitching Tunnels,pitching-tunnels,,,,
Local Businesses,local-business,1,Active Life & Recreation,active-life-recreation,59,Hitting Lessons,hitting-lessons,,,,
Local Businesses,local-business,1,Active Life & Recreation,active-life-recreation,60,Indoor Sports Complexes,indoor-sports-complexes,1,Sports Leagues,Adult Soccer League,sports-leagues-adult-soccer-league
Local Businesses,local-business,1,Active Life & Recreation,active-life-recreation,60,Indoor Sports Complexes,indoor-sports-complexes,2,Sports Leagues,Basketball League,sports-leagues-basketball-league
Local Businesses,local-business,1,Active Life & Recreation,active-life-recreation,60,Indoor Sports Complexes,indoor-sports-complexes,3,Sports Leagues,Softball League,sports-leagues-softball-league
Local Businesses,local-business,1,Active Life & Recreation,active-life-recreation,60,Indoor Sports Complexes,indoor-sports-complexes,4,Sports Leagues,Volleyball League,sports-leagues-volleyball-league
Local Businesses,local-business,1,Active Life & Recreation,active-life-recreation,60,Indoor Sports Complexes,indoor-sports-complexes,5,Sports Leagues,Tennis League,sports-leagues-tennis-league
Local Businesses,local-business,1,Active Life & Recreation,active-life-recreation,60,Indoor Sports Complexes,indoor-sports-complexes,6,Sports Leagues,Golf Tournament,sports-leagues-golf-tournament
Local Businesses,local-business,1,Active Life & Recreation,active-life-recreation,60,Indoor Sports Complexes,indoor-sports-complexes,7,Sports Leagues,Running Club,sports-leagues-running-club
Local Businesses,local-business,1,Active Life & Recreation,active-life-recreation,60,Indoor Sports Complexes,indoor-sports-complexes,8,Sports Leagues,Swimming Club,sports-leagues-swimming-club
Local Businesses,local-business,1,Active Life & Recreation,active-life-recreation,60,Indoor Sports Complexes,indoor-sports-complexes,9,Sports Leagues,Cycling Club,sports-leagues-cycling-club
Local Businesses,local-business,1,Active Life & Recreation,active-life-recreation,60,Indoor Sports Complexes,indoor-sports-complexes,10,Sports Leagues,Triathlon Club,sports-leagues-triathlon-club
Local Businesses,local-business,1,Active Life & Recreation,active-life-recreation,60,Indoor Sports Complexes,indoor-sports-complexes,11,Youth Sports,Youth Soccer,youth-sports-youth-soccer
Local Businesses,local-business,1,Active Life & Recreation,active-life-recreation,60,Indoor Sports Complexes,indoor-sports-complexes,12,Youth Sports,Youth Basketball,youth-sports-youth-basketball
Local Businesses,local-business,1,Active Life & Recreation,active-life-recreation,60,Indoor Sports Complexes,indoor-sports-complexes,13,Youth Sports,Youth Baseball,youth-sports-youth-baseball
Local Businesses,local-business,1,Active Life & Recreation,active-life-recreation,60,Indoor Sports Complexes,indoor-sports-complexes,14,Youth Sports,Youth Football,youth-sports-youth-football
Local Businesses,local-business,1,Active Life & Recreation,active-life-recreation,60,Indoor Sports Complexes,indoor-sports-complexes,15,Youth Sports,Youth Swimming,youth-sports-youth-swimming
Local Businesses,local-business,1,Active Life & Recreation,active-life-recreation,60,Indoor Sports Complexes,indoor-sports-complexes,16,Youth Sports,Youth Gymnastics,youth-sports-youth-gymnastics
Local Businesses,local-business,1,Active Life & Recreation,active-life-recreation,60,Indoor Sports Complexes,indoor-sports-complexes,17,Youth Sports,Youth Tennis,youth-sports-youth-tennis
Local Businesses,local-business,1,Active Life & Recreation,active-life-recreation,60,Indoor Sports Complexes,indoor-sports-complexes,18,Youth Sports,Youth Track,youth-sports-youth-track
Local Businesses,local-business,1,Active Life & Recreation,active-life-recreation,60,Indoor Sports Complexes,indoor-sports-complexes,19,Youth Sports,Youth Dance,youth-sports-youth-dance
Local Businesses,local-business,1,Active Life & Recreation,active-life-recreation,60,Indoor Sports Complexes,indoor-sports-complexes,20,Spectator Sports,Baseball Game,spectator-sports-baseball-game
Local Businesses,local-business,1,Active Life & Recreation,active-life-recreation,60,Indoor Sports Complexes,indoor-sports-complexes,21,Spectator Sports,Football Game,spectator-sports-football-game
Local Businesses,local-business,1,Active Life & Recreation,active-life-recreation,60,Indoor Sports Complexes,indoor-sports-complexes,22,Spectator Sports,Basketball Game,spectator-sports-basketball-game
Local Businesses,local-business,1,Active Life & Recreation,active-life-recreation,60,Indoor Sports Complexes,indoor-sports-complexes,23,Spectator Sports,Soccer Match,spectator-sports-soccer-match
Local Businesses,local-business,1,Active Life & Recreation,active-life-recreation,60,Indoor Sports Complexes,indoor-sports-complexes,24,Spectator Sports,Hockey Game,spectator-sports-hockey-game
Local Businesses,local-business,1,Active Life & Recreation,active-life-recreation,60,Indoor Sports Complexes,indoor-sports-complexes,25,Spectator Sports,Tennis Match,spectator-sports-tennis-match
Local Businesses,local-business,1,Active Life & Recreation,active-life-recreation,60,Indoor Sports Complexes,indoor-sports-complexes,26,Spectator Sports,Golf Tournament Spectator,spectator-sports-golf-tournament-spectator
Local Businesses,local-business,1,Active Life & Recreation,active-life-recreation,60,Indoor Sports Complexes,indoor-sports-complexes,27,Spectator Sports,Motor Racing,spectator-sports-motor-racing
Local Businesses,local-business,1,Active Life & Recreation,active-life-recreation,60,Indoor Sports Complexes,indoor-sports-complexes,28,Spectator Sports,Boxing Match,spectator-sports-boxing-match
Local Businesses,local-business,1,Active Life & Recreation,active-life-recreation,61,Sports Domes,sports-domes,,,,
Local Businesses,local-business,1,Active Life & Recreation,active-life-recreation,62,Field Houses,field-houses,,,,
Local Businesses,local-business,1,Active Life & Recreation,active-life-recreation,63,Trampoline Parks,trampoline-parks,1,Activities,Trampoline Park,activities-trampoline-park
Local Businesses,local-business,1,Active Life & Recreation,active-life-recreation,64,Indoor Trampoline Parks,indoor-trampoline-parks,,,,
Local Businesses,local-business,1,Active Life & Recreation,active-life-recreation,65,Bounce Houses,bounce-houses,,,,
Local Businesses,local-business,1,Active Life & Recreation,active-life-recreation,66,Inflatable Parks,inflatable-parks,,,,
Local Businesses,local-business,1,Active Life & Recreation,active-life-recreation,67,Indoor Playgrounds,indoor-playgrounds,,,,
Local Businesses,local-business,1,Active Life & Recreation,active-life-recreation,68,Soft Play Centers,soft-play-centers,,,,
Local Businesses,local-business,1,Active Life & Recreation,active-life-recreation,69,Ninja Warrior Gyms,ninja-warrior-gyms,,,,
Local Businesses,local-business,1,Active Life & Recreation,active-life-recreation,70,Kids Ninja Gyms,kids-ninja-gyms,,,,
Local Businesses,local-business,1,Active Life & Recreation,active-life-recreation,71,Indoor Climbing Gyms,indoor-climbing-gyms,,,,
Local Businesses,local-business,1,Active Life & Recreation,active-life-recreation,72,Outdoor Climbing Crags,outdoor-climbing-crags,,,,
Local Businesses,local-business,1,Active Life & Recreation,active-life-recreation,73,Bouldering Gyms,bouldering-gyms,,,,
Local Businesses,local-business,1,Active Life & Recreation,active-life-recreation,74,Top Rope Climbing Gyms,top-rope-climbing-gyms,,,,
Local Businesses,local-business,1,Active Life & Recreation,active-life-recreation,75,Lead Climbing Gyms,lead-climbing-gyms,,,,
Local Businesses,local-business,1,Active Life & Recreation,active-life-recreation,76,Aerial Silks Studios,aerial-silks-studios,,,,
Local Businesses,local-business,1,Active Life & Recreation,active-life-recreation,77,Pole Fitness Studios,pole-fitness-studios,,,,
Local Businesses,local-business,1,Active Life & Recreation,active-life-recreation,78,Pole Dance Studios,pole-dance-studios,,,,
Local Businesses,local-business,1,Active Life & Recreation,active-life-recreation,79,Skating Rinks,skating-rinks,,,,
Local Businesses,local-business,1,Active Life & Recreation,active-life-recreation,80,Ice Skating Rinks,ice-skating-rinks,,,,
Local Businesses,local-business,1,Active Life & Recreation,active-life-recreation,81,Roller Skating Rinks,roller-skating-rinks,,,,
Local Businesses,local-business,1,Active Life & Recreation,active-life-recreation,82,Inline Skating Rinks,inline-skating-rinks,,,,
Local Businesses,local-business,1,Active Life & Recreation,active-life-recreation,83,Skate Parks,skate-parks,,,,
Local Businesses,local-business,1,Active Life & Recreation,active-life-recreation,84,Indoor Skate Parks,indoor-skate-parks,,,,
Local Businesses,local-business,1,Active Life & Recreation,active-life-recreation,85,BMX Parks,bmx-parks,,,,
Local Businesses,local-business,1,Active Life & Recreation,active-life-recreation,86,Pump Tracks,pump-tracks,,,,
Local Businesses,local-business,1,Active Life & Recreation,active-life-recreation,87,Bike Parks,bike-parks,,,,
Local Businesses,local-business,1,Active Life & Recreation,active-life-recreation,88,Mountain Bike Trails,mountain-bike-trails,,,,
Local Businesses,local-business,1,Active Life & Recreation,active-life-recreation,89,Bike Rentals,bike-rentals,,,,
Local Businesses,local-business,1,Active Life & Recreation,active-life-recreation,90,E-Bike Rentals,e-bike-rentals,,,,
Local Businesses,local-business,1,Active Life & Recreation,active-life-recreation,91,Scooter Rentals,scooter-rentals,,,,
Local Businesses,local-business,1,Active Life & Recreation,active-life-recreation,92,Moped Rentals,moped-rentals,,,,
Local Businesses,local-business,1,Active Life & Recreation,active-life-recreation,93,Kayak Rentals,kayak-rentals,,,,
Local Businesses,local-business,1,Active Life & Recreation,active-life-recreation,94,Canoe Rentals,canoe-rentals,,,,
Local Businesses,local-business,1,Active Life & Recreation,active-life-recreation,95,Stand-Up Paddleboard Rentals,stand-up-paddleboard-rentals,,,,
Local Businesses,local-business,1,Active Life & Recreation,active-life-recreation,96,Jet Ski Rentals,jet-ski-rentals,,,,
Local Businesses,local-business,1,Active Life & Recreation,active-life-recreation,97,Boat Rentals,boat-rentals,,,,
Local Businesses,local-business,1,Active Life & Recreation,active-life-recreation,98,Pontoon Boat Rentals,pontoon-boat-rentals,,,,
Local Businesses,local-business,1,Active Life & Recreation,active-life-recreation,99,Sailing Lessons,sailing-lessons,,,,
Local Businesses,local-business,1,Active Life & Recreation,active-life-recreation,100,Sailing Clubs,sailing-clubs,,,,
Local Businesses,local-business,1,Active Life & Recreation,active-life-recreation,101,Yacht Clubs,yacht-clubs,,,,
Local Businesses,local-business,1,Active Life & Recreation,active-life-recreation,102,Boating Clubs,boating-clubs,,,,
Local Businesses,local-business,1,Active Life & Recreation,active-life-recreation,103,Surfing Lessons,surfing-lessons,,,,
Local Businesses,local-business,1,Active Life & Recreation,active-life-recreation,104,Surf Schools,surf-schools,,,,
Local Businesses,local-business,1,Active Life & Recreation,active-life-recreation,105,Bodyboarding Lessons,bodyboarding-lessons,,,,
Local Businesses,local-business,1,Active Life & Recreation,active-life-recreation,106,Wakeboarding Lessons,wakeboarding-lessons,,,,
Local Businesses,local-business,1,Active Life & Recreation,active-life-recreation,107,Water Skiing Lessons,water-skiing-lessons,1,Activities,Water Park,activities-water-park
Local Businesses,local-business,1,Active Life & Recreation,active-life-recreation,108,Wakesurfing Lessons,wakesurfing-lessons,,,,
Local Businesses,local-business,1,Active Life & Recreation,active-life-recreation,109,Scuba Diving Shops,scuba-diving-shops,1,Outdoor Recreation,Scuba Diving,outdoor-recreation-scuba-diving
Local Businesses,local-business,1,Active Life & Recreation,active-life-recreation,110,Scuba Certification Schools,scuba-certification-schools,,,,
Local Businesses,local-business,1,Active Life & Recreation,active-life-recreation,111,Free Diving Schools,free-diving-schools,,,,
Local Businesses,local-business,1,Active Life & Recreation,active-life-recreation,112,Snorkeling Tours,snorkeling-tours,,,,
Local Businesses,local-business,1,Active Life & Recreation,active-life-recreation,113,Skydiving Centers,skydiving-centers,,,,
Local Businesses,local-business,1,Active Life & Recreation,active-life-recreation,114,Indoor Skydiving,indoor-skydiving,,,,
Local Businesses,local-business,1,Active Life & Recreation,active-life-recreation,115,Wind Tunnels,wind-tunnels,,,,
Local Businesses,local-business,1,Active Life & Recreation,active-life-recreation,116,Hang Gliding Schools,hang-gliding-schools,,,,
Local Businesses,local-business,1,Active Life & Recreation,active-life-recreation,117,Paragliding Schools,paragliding-schools,,,,
Local Businesses,local-business,1,Active Life & Recreation,active-life-recreation,118,Hot Air Balloon Rides,hot-air-balloon-rides,,,,
Local Businesses,local-business,1,Active Life & Recreation,active-life-recreation,119,Zip Line Adventures,zip-line-adventures,1,Outdoor Recreation,Zip Line,outdoor-recreation-zip-line
Local Businesses,local-business,1,Active Life & Recreation,active-life-recreation,120,Aerial Adventure Parks,aerial-adventure-parks,,,,
Local Businesses,local-business,1,Active Life & Recreation,active-life-recreation,121,Ropes Courses,ropes-courses,,,,
Local Businesses,local-business,1,Active Life & Recreation,active-life-recreation,122,Tree Climbing Adventures,tree-climbing-adventures,,,,
Local Businesses,local-business,1,Active Life & Recreation,active-life-recreation,123,Caving Tours,caving-tours,,,,
Local Businesses,local-business,1,Active Life & Recreation,active-life-recreation,124,Spelunking Tours,spelunking-tours,,,,
Local Businesses,local-business,1,Active Life & Recreation,active-life-recreation,125,Off-Roading Tours,off-roading-tours,,,,
Local Businesses,local-business,1,Active Life & Recreation,active-life-recreation,126,ATV Tours,atv-tours,,,,
Local Businesses,local-business,1,Active Life & Recreation,active-life-recreation,127,UTV Tours,utv-tours,,,,
Local Businesses,local-business,1,Active Life & Recreation,active-life-recreation,128,Dune Buggy Tours,dune-buggy-tours,,,,
Local Businesses,local-business,1,Active Life & Recreation,active-life-recreation,129,Snowmobile Tours,snowmobile-tours,,,,
Local Businesses,local-business,1,Active Life & Recreation,active-life-recreation,130,Dog Sledding Tours,dog-sledding-tours,,,,
Local Businesses,local-business,1,Active Life & Recreation,active-life-recreation,131,Horseback Riding Stables,horseback-riding-stables,,,,
Local Businesses,local-business,1,Active Life & Recreation,active-life-recreation,132,Trail Riding Stables,trail-riding-stables,,,,
Local Businesses,local-business,1,Active Life & Recreation,active-life-recreation,133,Riding Lessons,riding-lessons,,,,
Local Businesses,local-business,1,Active Life & Recreation,active-life-recreation,134,Equestrian Centers,equestrian-centers,,,,
Local Businesses,local-business,1,Active Life & Recreation,active-life-recreation,135,Pony Rides,pony-rides,,,,
Local Businesses,local-business,1,Active Life & Recreation,active-life-recreation,136,Petting Zoos,petting-zoos,,,,
Local Businesses,local-business,1,Active Life & Recreation,active-life-recreation,137,Wildlife Sanctuaries,wildlife-sanctuaries,,,,
Local Businesses,local-business,1,Active Life & Recreation,active-life-recreation,138,Animal Encounters,animal-encounters,,,,
Local Businesses,local-business,1,Active Life & Recreation,active-life-recreation,139,Llama Walks,llama-walks,,,,
Local Businesses,local-business,1,Active Life & Recreation,active-life-recreation,140,Goat Yoga Venues,goat-yoga-venues,,,,
Local Businesses,local-business,1,Active Life & Recreation,active-life-recreation,141,Recreation Centers,recreation-centers,1,Activities,Zoo,activities-zoo
Local Businesses,local-business,1,Active Life & Recreation,active-life-recreation,141,Recreation Centers,recreation-centers,2,Activities,Aquarium,activities-aquarium
Local Businesses,local-business,1,Active Life & Recreation,active-life-recreation,141,Recreation Centers,recreation-centers,3,Activities,Museum,activities-museum
Local Businesses,local-business,1,Active Life & Recreation,active-life-recreation,141,Recreation Centers,recreation-centers,4,Activities,Art Gallery,activities-art-gallery
Local Businesses,local-business,1,Active Life & Recreation,active-life-recreation,141,Recreation Centers,recreation-centers,5,Activities,Movie Theater,activities-movie-theater
Local Businesses,local-business,1,Active Life & Recreation,active-life-recreation,141,Recreation Centers,recreation-centers,6,Outdoor Recreation,Hiking Tours,outdoor-recreation-hiking-tours
Local Businesses,local-business,1,Active Life & Recreation,active-life-recreation,141,Recreation Centers,recreation-centers,7,Outdoor Recreation,Kayak Rental,outdoor-recreation-kayak-rental
Local Businesses,local-business,1,Active Life & Recreation,active-life-recreation,141,Recreation Centers,recreation-centers,8,Outdoor Recreation,Ski Resort,outdoor-recreation-ski-resort
Local Businesses,local-business,1,Active Life & Recreation,active-life-recreation,141,Recreation Centers,recreation-centers,9,Outdoor Recreation,Golf Course,outdoor-recreation-golf-course
Local Businesses,local-business,1,Active Life & Recreation,active-life-recreation,141,Recreation Centers,recreation-centers,10,Outdoor Recreation,Horse Ranch,outdoor-recreation-horse-ranch
Local Businesses,local-business,1,Active Life & Recreation,active-life-recreation,142,Community Recreation Centers,community-recreation-centers,1,Public Recreation,Community Pool,public-recreation-community-pool
Local Businesses,local-business,1,Active Life & Recreation,active-life-recreation,142,Community Recreation Centers,community-recreation-centers,2,Public Recreation,Community Garden,public-recreation-community-garden
Local Businesses,local-business,1,Active Life & Recreation,active-life-recreation,143,Public Pools,public-pools,,,,
Local Businesses,local-business,1,Active Life & Recreation,active-life-recreation,144,Outdoor Swimming Pools,outdoor-swimming-pools,,,,
Local Businesses,local-business,1,Active Life & Recreation,active-life-recreation,145,Indoor Lap Pools,indoor-lap-pools,,,,
Local Businesses,local-business,1,Active Life & Recreation,active-life-recreation,146,Splash Pads,splash-pads,,,,
Local Businesses,local-business,1,Active Life & Recreation,active-life-recreation,147,Water Parks,water-parks,,,,
Local Businesses,local-business,1,Active Life & Recreation,active-life-recreation,148,Indoor Water Parks,indoor-water-parks,,,,
Local Businesses,local-business,1,Active Life & Recreation,active-life-recreation,149,Wave Pools,wave-pools,,,,
Local Businesses,local-business,1,Active Life & Recreation,active-life-recreation,150,Lazy Rivers,lazy-rivers,,,,
Local Businesses,local-business,1,Active Life & Recreation,active-life-recreation,151,Lakefront Beaches,lakefront-beaches,,,,
Local Businesses,local-business,1,Active Life & Recreation,active-life-recreation,152,Public Beaches,public-beaches,,,,
Local Businesses,local-business,1,Active Life & Recreation,active-life-recreation,153,Lifeguard-Staffed Beaches,lifeguard-staffed-beaches,,,,
Local Businesses,local-business,1,Active Life & Recreation,active-life-recreation,154,Hiking Trails,hiking-trails,,,,
Local Businesses,local-business,1,Active Life & Recreation,active-life-recreation,155,Nature Preserves,nature-preserves,,,,
Local Businesses,local-business,1,Active Life & Recreation,active-life-recreation,156,State Parks,state-parks,,,,
Local Businesses,local-business,1,Active Life & Recreation,active-life-recreation,157,National Park Entrances,national-park-entrances,1,Activities,Amusement Park,activities-amusement-park
Local Businesses,local-business,1,Active Life & Recreation,active-life-recreation,158,Botanical Gardens,botanical-gardens,1,Activities,Botanical Garden,activities-botanical-garden
Local Businesses,local-business,1,Active Life & Recreation,active-life-recreation,159,Arboretums,arboretums,,,,
Local Businesses,local-business,1,Active Life & Recreation,active-life-recreation,160,Sculpture Gardens,sculpture-gardens,,,,
Local Businesses,local-business,1,Active Life & Recreation,active-life-recreation,161,Camping Grounds,camping-grounds,,,,
Local Businesses,local-business,1,Active Life & Recreation,active-life-recreation,162,Tent Campgrounds,tent-campgrounds,,,,
Local Businesses,local-business,1,Active Life & Recreation,active-life-recreation,163,RV Parks,rv-parks,,,,
Local Businesses,local-business,1,Active Life & Recreation,active-life-recreation,164,Glamping Sites,glamping-sites,,,,
Local Businesses,local-business,1,Active Life & Recreation,active-life-recreation,165,Cabin Rentals,cabin-rentals,,,,
Local Businesses,local-business,1,Active Life & Recreation,active-life-recreation,166,Treehouse Rentals,treehouse-rentals,,,,
Local Businesses,local-business,1,Active Life & Recreation,active-life-recreation,167,Yurt Rentals,yurt-rentals,,,,
Local Businesses,local-business,1,Active Life & Recreation,active-life-recreation,168,Fishing Piers,fishing-piers,,,,
Local Businesses,local-business,1,Active Life & Recreation,active-life-recreation,169,Fishing Guides,fishing-guides,,,,
Local Businesses,local-business,1,Active Life & Recreation,active-life-recreation,170,Charter Fishing,charter-fishing,1,Outdoor Recreation,Fishing Charter,outdoor-recreation-fishing-charter
Local Businesses,local-business,1,Active Life & Recreation,active-life-recreation,171,Fly Fishing Guides,fly-fishing-guides,,,,
Local Businesses,local-business,1,Active Life & Recreation,active-life-recreation,172,Ice Fishing Guides,ice-fishing-guides,,,,
Local Businesses,local-business,1,Active Life & Recreation,active-life-recreation,173,Hunting Guides,hunting-guides,,,,
Local Businesses,local-business,1,Active Life & Recreation,active-life-recreation,174,Hunting Lodges,hunting-lodges,,,,
Local Businesses,local-business,1,Active Life & Recreation,active-life-recreation,175,Bird Watching Tours,bird-watching-tours,,,,
Local Businesses,local-business,1,Active Life & Recreation,active-life-recreation,176,Wildlife Tours,wildlife-tours,,,,
Local Businesses,local-business,1,Active Life & Recreation,active-life-recreation,177,Stargazing Tours,stargazing-tours,,,,
Local Businesses,local-business,1,Active Life & Recreation,active-life-recreation,178,Nighttime Nature Tours,nighttime-nature-tours,,,,
Local Businesses,local-business,2,Arts & Entertainment Venues,arts-entertainment-venues,1,Art Galleries,art-galleries,,,,
Local Businesses,local-business,2,Arts & Entertainment Venues,arts-entertainment-venues,2,Contemporary Art Galleries,contemporary-art-galleries,,,,
Local Businesses,local-business,2,Arts & Entertainment Venues,arts-entertainment-venues,3,Modern Art Galleries,modern-art-galleries,,,,
Local Businesses,local-business,2,Arts & Entertainment Venues,arts-entertainment-venues,4,Photography Galleries,photography-galleries,1,Portrait & Family,Newborn Photography,portrait-family-newborn-photography
Local Businesses,local-business,2,Arts & Entertainment Venues,arts-entertainment-venues,4,Photography Galleries,photography-galleries,2,Portrait & Family,Maternity Photography,portrait-family-maternity-photography
Local Businesses,local-business,2,Arts & Entertainment Venues,arts-entertainment-venues,4,Photography Galleries,photography-galleries,4,Portrait & Family,Couple Photography,portrait-family-couple-photography
Local Businesses,local-business,2,Arts & Entertainment Venues,arts-entertainment-venues,4,Photography Galleries,photography-galleries,5,Event Photography,Corporate Event Photography,event-photography-corporate-event-photography
Local Businesses,local-business,2,Arts & Entertainment Venues,arts-entertainment-venues,4,Photography Galleries,photography-galleries,6,Event Photography,Party Photography,event-photography-party-photography
Local Businesses,local-business,2,Arts & Entertainment Venues,arts-entertainment-venues,4,Photography Galleries,photography-galleries,7,Event Photography,Birthday Photography,event-photography-birthday-photography
Local Businesses,local-business,2,Arts & Entertainment Venues,arts-entertainment-venues,4,Photography Galleries,photography-galleries,8,Event Photography,Anniversary Photography,event-photography-anniversary-photography
Local Businesses,local-business,2,Arts & Entertainment Venues,arts-entertainment-venues,4,Photography Galleries,photography-galleries,9,Event Photography,Bar/Bat Mitzvah,event-photography-bar-bat-mitzvah
Local Businesses,local-business,2,Arts & Entertainment Venues,arts-entertainment-venues,4,Photography Galleries,photography-galleries,10,Event Photography,Quinceañera Photography,event-photography-quincea-era-photography
Local Businesses,local-business,2,Arts & Entertainment Venues,arts-entertainment-venues,4,Photography Galleries,photography-galleries,11,Event Photography,Reunion Photography,event-photography-reunion-photography
Local Businesses,local-business,2,Arts & Entertainment Venues,arts-entertainment-venues,4,Photography Galleries,photography-galleries,12,Event Photography,Holiday Photography,event-photography-holiday-photography
Local Businesses,local-business,2,Arts & Entertainment Venues,arts-entertainment-venues,4,Photography Galleries,photography-galleries,13,Event Photography,School Photography,event-photography-school-photography
Local Businesses,local-business,2,Arts & Entertainment Venues,arts-entertainment-venues,4,Photography Galleries,photography-galleries,14,Commercial Photography,Product Photography,commercial-photography-product-photography
Local Businesses,local-business,2,Arts & Entertainment Venues,arts-entertainment-venues,4,Photography Galleries,photography-galleries,15,Commercial Photography,Food Photography,commercial-photography-food-photography
Local Businesses,local-business,2,Arts & Entertainment Venues,arts-entertainment-venues,4,Photography Galleries,photography-galleries,16,Commercial Photography,Real Estate Photography,commercial-photography-real-estate-photography
Local Businesses,local-business,2,Arts & Entertainment Venues,arts-entertainment-venues,4,Photography Galleries,photography-galleries,17,Commercial Photography,Architectural Photography,commercial-photography-architectural-photography
Local Businesses,local-business,2,Arts & Entertainment Venues,arts-entertainment-venues,4,Photography Galleries,photography-galleries,18,Commercial Photography,Fashion Photography,commercial-photography-fashion-photography
Local Businesses,local-business,2,Arts & Entertainment Venues,arts-entertainment-venues,4,Photography Galleries,photography-galleries,19,Commercial Photography,Stock Photography,commercial-photography-stock-photography
Local Businesses,local-business,2,Arts & Entertainment Venues,arts-entertainment-venues,4,Photography Galleries,photography-galleries,20,Commercial Photography,Aerial/Drone Photography,commercial-photography-aerial-drone-photography
Local Businesses,local-business,2,Arts & Entertainment Venues,arts-entertainment-venues,4,Photography Galleries,photography-galleries,21,Commercial Photography,Lifestyle Photography,commercial-photography-lifestyle-photography
Local Businesses,local-business,2,Arts & Entertainment Venues,arts-entertainment-venues,4,Photography Galleries,photography-galleries,22,Commercial Photography,Industrial Photography,commercial-photography-industrial-photography
Local Businesses,local-business,2,Arts & Entertainment Venues,arts-entertainment-venues,5,Indigenous Art Galleries,indigenous-art-galleries,,,,
Local Businesses,local-business,2,Arts & Entertainment Venues,arts-entertainment-venues,6,Folk Art Galleries,folk-art-galleries,,,,
Local Businesses,local-business,2,Arts & Entertainment Venues,arts-entertainment-venues,7,Pop-Up Galleries,pop-up-galleries,,,,
Local Businesses,local-business,2,Arts & Entertainment Venues,arts-entertainment-venues,8,Sculpture Galleries,sculpture-galleries,,,,
Local Businesses,local-business,2,Arts & Entertainment Venues,arts-entertainment-venues,9,Glassblowing Studios,glassblowing-studios,,,,
Local Businesses,local-business,2,Arts & Entertainment Venues,arts-entertainment-venues,10,Pottery Studios,pottery-studios,,,,
Local Businesses,local-business,2,Arts & Entertainment Venues,arts-entertainment-venues,11,Ceramic Studios,ceramic-studios,,,,
Local Businesses,local-business,2,Arts & Entertainment Venues,arts-entertainment-venues,12,Open Pottery Studios,open-pottery-studios,,,,
Local Businesses,local-business,2,Arts & Entertainment Venues,arts-entertainment-venues,13,Art Museums,art-museums,,,,
Local Businesses,local-business,2,Arts & Entertainment Venues,arts-entertainment-venues,14,Natural History Museums,natural-history-museums,,,,
Local Businesses,local-business,2,Arts & Entertainment Venues,arts-entertainment-venues,15,Science Museums,science-museums,,,,
Local Businesses,local-business,2,Arts & Entertainment Venues,arts-entertainment-venues,17,Living History Museums,living-history-museums,,,,
Local Businesses,local-business,2,Arts & Entertainment Venues,arts-entertainment-venues,18,Maritime Museums,maritime-museums,,,,
Local Businesses,local-business,2,Arts & Entertainment Venues,arts-entertainment-venues,19,Aviation Museums,aviation-museums,,,,
Local Businesses,local-business,2,Arts & Entertainment Venues,arts-entertainment-venues,20,Auto Museums,auto-museums,,,,
Local Businesses,local-business,2,Arts & Entertainment Venues,arts-entertainment-venues,21,Wax Museums,wax-museums,,,,
Local Businesses,local-business,2,Arts & Entertainment Venues,arts-entertainment-venues,22,Holographic Museums,holographic-museums,,,,
Local Businesses,local-business,2,Arts & Entertainment Venues,arts-entertainment-venues,23,Immersive Art Experiences,immersive-art-experiences,,,,
Local Businesses,local-business,2,Arts & Entertainment Venues,arts-entertainment-venues,24,Interactive Art Exhibits,interactive-art-exhibits,,,,
Local Businesses,local-business,2,Arts & Entertainment Venues,arts-entertainment-venues,25,Selfie Museums,selfie-museums,,,,
Local Businesses,local-business,2,Arts & Entertainment Venues,arts-entertainment-venues,26,Pop-Up Museums,pop-up-museums,,,,
Local Businesses,local-business,2,Arts & Entertainment Venues,arts-entertainment-venues,27,Cultural Centers,cultural-centers,,,,
Local Businesses,local-business,2,Arts & Entertainment Venues,arts-entertainment-venues,28,Heritage Centers,heritage-centers,,,,
Local Businesses,local-business,2,Arts & Entertainment Venues,arts-entertainment-venues,29,Historical Sites,historical-sites,,,,
Local Businesses,local-business,2,Arts & Entertainment Venues,arts-entertainment-venues,30,Historic Mansions,historic-mansions,,,,
Local Businesses,local-business,2,Arts & Entertainment Venues,arts-entertainment-venues,31,Historic Battlefields,historic-battlefields,,,,
Local Businesses,local-business,2,Arts & Entertainment Venues,arts-entertainment-venues,32,Historic Forts,historic-forts,,,,
Local Businesses,local-business,2,Arts & Entertainment Venues,arts-entertainment-venues,33,Lighthouses,lighthouses,,,,
Local Businesses,local-business,2,Arts & Entertainment Venues,arts-entertainment-venues,34,Memorials,memorials,,,,
Local Businesses,local-business,2,Arts & Entertainment Venues,arts-entertainment-venues,35,War Memorials,war-memorials,,,,
Local Businesses,local-business,2,Arts & Entertainment Venues,arts-entertainment-venues,36,Veterans Memorials,veterans-memorials,,,,
Local Businesses,local-business,2,Arts & Entertainment Venues,arts-entertainment-venues,37,Public Art Walks,public-art-walks,,,,
Local Businesses,local-business,2,Arts & Entertainment Venues,arts-entertainment-venues,38,Street Art Tours,street-art-tours,1,Art Retail,Street Art Gallery,art-retail-street-art-gallery
Local Businesses,local-business,2,Arts & Entertainment Venues,arts-entertainment-venues,39,Mural Walks,mural-walks,,,,
Local Businesses,local-business,2,Arts & Entertainment Venues,arts-entertainment-venues,40,Sculpture Walks,sculpture-walks,,,,
Local Businesses,local-business,2,Arts & Entertainment Venues,arts-entertainment-venues,41,Performing Arts Venues,performing-arts-venues,1,Venue & Party,Event Venues,venue-party-event-venues
Local Businesses,local-business,2,Arts & Entertainment Venues,arts-entertainment-venues,41,Performing Arts Venues,performing-arts-venues,2,Venue & Party,Wedding Venues,venue-party-wedding-venues
Local Businesses,local-business,2,Arts & Entertainment Venues,arts-entertainment-venues,41,Performing Arts Venues,performing-arts-venues,3,Venue & Party,Rooftop Venues,venue-party-rooftop-venues
Local Businesses,local-business,2,Arts & Entertainment Venues,arts-entertainment-venues,41,Performing Arts Venues,performing-arts-venues,4,Venue & Party,Beach Venues,venue-party-beach-venues
Local Businesses,local-business,2,Arts & Entertainment Venues,arts-entertainment-venues,41,Performing Arts Venues,performing-arts-venues,5,Venue & Party,Museum Venues,venue-party-museum-venues
Local Businesses,local-business,2,Arts & Entertainment Venues,arts-entertainment-venues,41,Performing Arts Venues,performing-arts-venues,6,Venue & Party,Garden Venues,venue-party-garden-venues
Local Businesses,local-business,2,Arts & Entertainment Venues,arts-entertainment-venues,42,Concert Halls,concert-halls,1,Venue & Party,Banquet Halls,venue-party-banquet-halls
Local Businesses,local-business,2,Arts & Entertainment Venues,arts-entertainment-venues,43,Symphony Halls,symphony-halls,,,,
Local Businesses,local-business,2,Arts & Entertainment Venues,arts-entertainment-venues,44,Opera Houses,opera-houses,,,,
Local Businesses,local-business,2,Arts & Entertainment Venues,arts-entertainment-venues,45,Ballet Theaters,ballet-theaters,,,,
Local Businesses,local-business,2,Arts & Entertainment Venues,arts-entertainment-venues,46,Live Theaters,live-theaters,1,Live Entertainment,Live Band,live-entertainment-live-band
Local Businesses,local-business,2,Arts & Entertainment Venues,arts-entertainment-venues,47,Community Theaters,community-theaters,,,,
Local Businesses,local-business,2,Arts & Entertainment Venues,arts-entertainment-venues,48,Black Box Theaters,black-box-theaters,,,,
Local Businesses,local-business,2,Arts & Entertainment Venues,arts-entertainment-venues,49,Improv Theaters,improv-theaters,,,,
Local Businesses,local-business,2,Arts & Entertainment Venues,arts-entertainment-venues,50,Stand-Up Comedy Clubs,stand-up-comedy-clubs,,,,
Local Businesses,local-business,2,Arts & Entertainment Venues,arts-entertainment-venues,51,Open Mic Venues,open-mic-venues,,,,
Local Businesses,local-business,2,Arts & Entertainment Venues,arts-entertainment-venues,52,Storytelling Venues,storytelling-venues,,,,
Local Businesses,local-business,2,Arts & Entertainment Venues,arts-entertainment-venues,53,Magic Show Venues,magic-show-venues,,,,
Local Businesses,local-business,2,Arts & Entertainment Venues,arts-entertainment-venues,54,Burlesque Venues,burlesque-venues,,,,
Local Businesses,local-business,2,Arts & Entertainment Venues,arts-entertainment-venues,55,Drag Show Venues,drag-show-venues,,,,
Local Businesses,local-business,2,Arts & Entertainment Venues,arts-entertainment-venues,56,Cabaret Venues,cabaret-venues,,,,
Local Businesses,local-business,2,Arts & Entertainment Venues,arts-entertainment-venues,57,Movie Theaters,movie-theaters,,,,
Local Businesses,local-business,2,Arts & Entertainment Venues,arts-entertainment-venues,58,Independent Movie Theaters,independent-movie-theaters,,,,
Local Businesses,local-business,2,Arts & Entertainment Venues,arts-entertainment-venues,59,IMAX Theaters,imax-theaters,,,,
Local Businesses,local-business,2,Arts & Entertainment Venues,arts-entertainment-venues,60,Drive-In Theaters,drive-in-theaters,,,,
Local Businesses,local-business,2,Arts & Entertainment Venues,arts-entertainment-venues,61,Outdoor Movie Venues,outdoor-movie-venues,1,Venue & Party,Outdoor Event Spaces,venue-party-outdoor-event-spaces
Local Businesses,local-business,2,Arts & Entertainment Venues,arts-entertainment-venues,62,Dinner Theaters,dinner-theaters,,,,
Local Businesses,local-business,2,Arts & Entertainment Venues,arts-entertainment-venues,63,Cinema & Eatery Venues,cinema-eatery-venues,,,,
Local Businesses,local-business,2,Arts & Entertainment Venues,arts-entertainment-venues,64,Boutique Cinemas,boutique-cinemas,,,,
Local Businesses,local-business,2,Arts & Entertainment Venues,arts-entertainment-venues,65,Live Music Venues,live-music-venues,,,,
Local Businesses,local-business,2,Arts & Entertainment Venues,arts-entertainment-venues,66,Concert Venues,concert-venues,,,,
Local Businesses,local-business,2,Arts & Entertainment Venues,arts-entertainment-venues,67,Small Music Venues,small-music-venues,,,,
Local Businesses,local-business,2,Arts & Entertainment Venues,arts-entertainment-venues,68,Listening Rooms,listening-rooms,,,,
Local Businesses,local-business,2,Arts & Entertainment Venues,arts-entertainment-venues,69,Acoustic Venues,acoustic-venues,,,,
Local Businesses,local-business,2,Arts & Entertainment Venues,arts-entertainment-venues,70,Jazz Clubs,jazz-clubs,,,,
Local Businesses,local-business,2,Arts & Entertainment Venues,arts-entertainment-venues,71,Blues Clubs,blues-clubs,,,,
Local Businesses,local-business,2,Arts & Entertainment Venues,arts-entertainment-venues,72,Folk Music Venues,folk-music-venues,,,,
Local Businesses,local-business,2,Arts & Entertainment Venues,arts-entertainment-venues,73,Dance Halls,dance-halls,,,,
Local Businesses,local-business,2,Arts & Entertainment Venues,arts-entertainment-venues,74,Salsa Dance Venues,salsa-dance-venues,,,,
Local Businesses,local-business,2,Arts & Entertainment Venues,arts-entertainment-venues,75,Country Dance Halls,country-dance-halls,,,,
Local Businesses,local-business,2,Arts & Entertainment Venues,arts-entertainment-venues,76,Ballroom Dance Studios,ballroom-dance-studios,,,,
Local Businesses,local-business,2,Arts & Entertainment Venues,arts-entertainment-venues,77,Karaoke Bars,karaoke-bars,,,,
Local Businesses,local-business,2,Arts & Entertainment Venues,arts-entertainment-venues,78,Karaoke Rooms,karaoke-rooms,,,,
Local Businesses,local-business,2,Arts & Entertainment Venues,arts-entertainment-venues,79,Private Karaoke Rooms,private-karaoke-rooms,,,,
Local Businesses,local-business,2,Arts & Entertainment Venues,arts-entertainment-venues,80,Singing Bars,singing-bars,,,,
Local Businesses,local-business,2,Arts & Entertainment Venues,arts-entertainment-venues,81,Piano Bars,piano-bars,,,,
Local Businesses,local-business,2,Arts & Entertainment Venues,arts-entertainment-venues,82,Player Piano Lounges,player-piano-lounges,,,,
Local Businesses,local-business,2,Arts & Entertainment Venues,arts-entertainment-venues,83,Aquariums,aquariums,,,,
Local Businesses,local-business,2,Arts & Entertainment Venues,arts-entertainment-venues,84,Public Aquariums,public-aquariums,,,,
Local Businesses,local-business,2,Arts & Entertainment Venues,arts-entertainment-venues,85,Marine Aquariums,marine-aquariums,,,,
Local Businesses,local-business,2,Arts & Entertainment Venues,arts-entertainment-venues,86,Zoos,zoos,,,,
Local Businesses,local-business,2,Arts & Entertainment Venues,arts-entertainment-venues,87,Safari Parks,safari-parks,,,,
Local Businesses,local-business,2,Arts & Entertainment Venues,arts-entertainment-venues,88,Drive-Through Safaris,drive-through-safaris,1,Pharmacy,Drive-Through Pharmacy,pharmacy-drive-through-pharmacy
Local Businesses,local-business,2,Arts & Entertainment Venues,arts-entertainment-venues,89,Butterfly Conservatories,butterfly-conservatories,,,,
Local Businesses,local-business,2,Arts & Entertainment Venues,arts-entertainment-venues,90,Insectariums,insectariums,,,,
Local Businesses,local-business,2,Arts & Entertainment Venues,arts-entertainment-venues,91,Reptile Houses,reptile-houses,,,,
Local Businesses,local-business,2,Arts & Entertainment Venues,arts-entertainment-venues,92,Birds of Prey Centers,birds-of-prey-centers,,,,
Local Businesses,local-business,2,Arts & Entertainment Venues,arts-entertainment-venues,93,Planetariums,planetariums,,,,
Local Businesses,local-business,2,Arts & Entertainment Venues,arts-entertainment-venues,94,Observatories,observatories,,,,
Local Businesses,local-business,2,Arts & Entertainment Venues,arts-entertainment-venues,95,Public Observatories,public-observatories,,,,
Local Businesses,local-business,2,Arts & Entertainment Venues,arts-entertainment-venues,96,Amusement Parks,amusement-parks,,,,
Local Businesses,local-business,2,Arts & Entertainment Venues,arts-entertainment-venues,97,Theme Parks,theme-parks,,,,
Local Businesses,local-business,2,Arts & Entertainment Venues,arts-entertainment-venues,98,Family Entertainment Centers,family-entertainment-centers,1,Live Entertainment,DJ Services,live-entertainment-dj-services
Local Businesses,local-business,2,Arts & Entertainment Venues,arts-entertainment-venues,98,Family Entertainment Centers,family-entertainment-centers,2,Live Entertainment,Solo Musician,live-entertainment-solo-musician
Local Businesses,local-business,2,Arts & Entertainment Venues,arts-entertainment-venues,98,Family Entertainment Centers,family-entertainment-centers,3,Live Entertainment,String Quartet,live-entertainment-string-quartet
Local Businesses,local-business,2,Arts & Entertainment Venues,arts-entertainment-venues,98,Family Entertainment Centers,family-entertainment-centers,4,Live Entertainment,Jazz Band,live-entertainment-jazz-band
Local Businesses,local-business,2,Arts & Entertainment Venues,arts-entertainment-venues,98,Family Entertainment Centers,family-entertainment-centers,5,Live Entertainment,Cover Band,live-entertainment-cover-band
Local Businesses,local-business,2,Arts & Entertainment Venues,arts-entertainment-venues,98,Family Entertainment Centers,family-entertainment-centers,6,Live Entertainment,Acoustic Performer,live-entertainment-acoustic-performer
Local Businesses,local-business,2,Arts & Entertainment Venues,arts-entertainment-venues,98,Family Entertainment Centers,family-entertainment-centers,7,Live Entertainment,Magician,live-entertainment-magician
Local Businesses,local-business,2,Arts & Entertainment Venues,arts-entertainment-venues,98,Family Entertainment Centers,family-entertainment-centers,8,Live Entertainment,Comedian,live-entertainment-comedian
Local Businesses,local-business,2,Arts & Entertainment Venues,arts-entertainment-venues,98,Family Entertainment Centers,family-entertainment-centers,9,Live Entertainment,Caricature Artist,live-entertainment-caricature-artist
Local Businesses,local-business,2,Arts & Entertainment Venues,arts-entertainment-venues,98,Family Entertainment Centers,family-entertainment-centers,10,Venue & Party,Conference Centers,venue-party-conference-centers
Local Businesses,local-business,2,Arts & Entertainment Venues,arts-entertainment-venues,98,Family Entertainment Centers,family-entertainment-centers,11,Portrait & Family,Family Photography,portrait-family-family-photography
Local Businesses,local-business,2,Arts & Entertainment Venues,arts-entertainment-venues,98,Family Entertainment Centers,family-entertainment-centers,12,Portrait & Family,Senior Portraits,portrait-family-senior-portraits
Local Businesses,local-business,2,Arts & Entertainment Venues,arts-entertainment-venues,98,Family Entertainment Centers,family-entertainment-centers,13,Portrait & Family,Headshots,portrait-family-headshots
Local Businesses,local-business,2,Arts & Entertainment Venues,arts-entertainment-venues,98,Family Entertainment Centers,family-entertainment-centers,14,Portrait & Family,Graduation Photos,portrait-family-graduation-photos
Local Businesses,local-business,2,Arts & Entertainment Venues,arts-entertainment-venues,99,FECs,fecs,,,,
Local Businesses,local-business,2,Arts & Entertainment Venues,arts-entertainment-venues,100,Arcades,arcades,,,,
Local Businesses,local-business,2,Arts & Entertainment Venues,arts-entertainment-venues,101,Retro Arcades,retro-arcades,,,,
Local Businesses,local-business,2,Arts & Entertainment Venues,arts-entertainment-venues,102,Pinball Arcades,pinball-arcades,,,,
Local Businesses,local-business,2,Arts & Entertainment Venues,arts-entertainment-venues,103,Barcades,barcades,,,,
Local Businesses,local-business,2,Arts & Entertainment Venues,arts-entertainment-venues,104,Laser Tag Venues,laser-tag-venues,1,Outdoor Recreation,Laser Tag,outdoor-recreation-laser-tag
Local Businesses,local-business,2,Arts & Entertainment Venues,arts-entertainment-venues,105,Paintball Fields,paintball-fields,,,,
Local Businesses,local-business,2,Arts & Entertainment Venues,arts-entertainment-venues,106,Indoor Paintball,indoor-paintball,,,,
Local Businesses,local-business,2,Arts & Entertainment Venues,arts-entertainment-venues,107,Outdoor Paintball,outdoor-paintball,1,Outdoor Recreation,Paintball,outdoor-recreation-paintball
Local Businesses,local-business,2,Arts & Entertainment Venues,arts-entertainment-venues,108,Airsoft Fields,airsoft-fields,,,,
Local Businesses,local-business,2,Arts & Entertainment Venues,arts-entertainment-venues,109,Nerf Battle Arenas,nerf-battle-arenas,,,,
Local Businesses,local-business,2,Arts & Entertainment Venues,arts-entertainment-venues,110,Escape Rooms,escape-rooms,,,,
Local Businesses,local-business,2,Arts & Entertainment Venues,arts-entertainment-venues,111,Mystery Rooms,mystery-rooms,,,,
Local Businesses,local-business,2,Arts & Entertainment Venues,arts-entertainment-venues,112,Immersive Escape Experiences,immersive-escape-experiences,,,,
Local Businesses,local-business,2,Arts & Entertainment Venues,arts-entertainment-venues,113,Whodunit Theaters,whodunit-theaters,,,,
Local Businesses,local-business,2,Arts & Entertainment Venues,arts-entertainment-venues,114,Murder Mystery Dinners,murder-mystery-dinners,,,,
Local Businesses,local-business,2,Arts & Entertainment Venues,arts-entertainment-venues,115,VR Arcades,vr-arcades,,,,
Local Businesses,local-business,2,Arts & Entertainment Venues,arts-entertainment-venues,116,VR Experience Centers,vr-experience-centers,,,,
Local Businesses,local-business,2,Arts & Entertainment Venues,arts-entertainment-venues,117,Augmented Reality Experiences,augmented-reality-experiences,,,,
Local Businesses,local-business,2,Arts & Entertainment Venues,arts-entertainment-venues,118,Holographic Experiences,holographic-experiences,,,,
Local Businesses,local-business,2,Arts & Entertainment Venues,arts-entertainment-venues,119,Free Roam VR,free-roam-vr,,,,
Local Businesses,local-business,2,Arts & Entertainment Venues,arts-entertainment-venues,120,Indoor Go-Kart Tracks,indoor-go-kart-tracks,1,Activities,Go-Kart Racing,activities-go-kart-racing
Local Businesses,local-business,2,Arts & Entertainment Venues,arts-entertainment-venues,121,Outdoor Go-Kart Tracks,outdoor-go-kart-tracks,,,,
Local Businesses,local-business,2,Arts & Entertainment Venues,arts-entertainment-venues,122,Electric Go-Karting,electric-go-karting,,,,
Local Businesses,local-business,2,Arts & Entertainment Venues,arts-entertainment-venues,123,Drift Karting,drift-karting,,,,
Local Businesses,local-business,2,Arts & Entertainment Venues,arts-entertainment-venues,124,Race Car Experiences,race-car-experiences,,,,
Local Businesses,local-business,2,Arts & Entertainment Venues,arts-entertainment-venues,125,Driving Experiences,driving-experiences,,,,
Local Businesses,local-business,2,Arts & Entertainment Venues,arts-entertainment-venues,126,Stunt Driving Experiences,stunt-driving-experiences,,,,
Local Businesses,local-business,2,Arts & Entertainment Venues,arts-entertainment-venues,127,Race Tracks,race-tracks,,,,
Local Businesses,local-business,2,Arts & Entertainment Venues,arts-entertainment-venues,128,Drag Racing Strips,drag-racing-strips,,,,
Local Businesses,local-business,2,Arts & Entertainment Venues,arts-entertainment-venues,129,Motocross Tracks,motocross-tracks,,,,
Local Businesses,local-business,2,Arts & Entertainment Venues,arts-entertainment-venues,130,Casinos,casinos,,,,
Local Businesses,local-business,2,Arts & Entertainment Venues,arts-entertainment-venues,131,Indian Casinos,indian-casinos,,,,
Local Businesses,local-business,2,Arts & Entertainment Venues,arts-entertainment-venues,132,Riverboat Casinos,riverboat-casinos,,,,
Local Businesses,local-business,2,Arts & Entertainment Venues,arts-entertainment-venues,133,Card Rooms,card-rooms,,,,
Local Businesses,local-business,2,Arts & Entertainment Venues,arts-entertainment-venues,134,Poker Rooms,poker-rooms,,,,
Local Businesses,local-business,2,Arts & Entertainment Venues,arts-entertainment-venues,135,Bingo Halls,bingo-halls,,,,
Local Businesses,local-business,2,Arts & Entertainment Venues,arts-entertainment-venues,136,Off-Track Betting Parlors,off-track-betting-parlors,,,,
Local Businesses,local-business,2,Arts & Entertainment Venues,arts-entertainment-venues,137,Horse Racing Tracks,horse-racing-tracks,1,Spectator Sports,Horse Racing,spectator-sports-horse-racing
Local Businesses,local-business,2,Arts & Entertainment Venues,arts-entertainment-venues,138,Greyhound Tracks,greyhound-tracks,,,,
Local Businesses,local-business,2,Arts & Entertainment Venues,arts-entertainment-venues,139,Rodeo Venues,rodeo-venues,,,,
Local Businesses,local-business,2,Arts & Entertainment Venues,arts-entertainment-venues,140,Demolition Derby Venues,demolition-derby-venues,,,,
Local Businesses,local-business,2,Arts & Entertainment Venues,arts-entertainment-venues,141,Monster Truck Venues,monster-truck-venues,,,,
Local Businesses,local-business,2,Arts & Entertainment Venues,arts-entertainment-venues,142,Comic Book Conventions,comic-book-conventions,,,,
Local Businesses,local-business,2,Arts & Entertainment Venues,arts-entertainment-venues,143,Cosplay Events,cosplay-events,1,Holiday Events,Christmas Market,holiday-events-christmas-market
Local Businesses,local-business,2,Arts & Entertainment Venues,arts-entertainment-venues,143,Cosplay Events,cosplay-events,2,Holiday Events,Halloween Event,holiday-events-halloween-event
Local Businesses,local-business,2,Arts & Entertainment Venues,arts-entertainment-venues,143,Cosplay Events,cosplay-events,3,Holiday Events,Easter Event,holiday-events-easter-event
Local Businesses,local-business,2,Arts & Entertainment Venues,arts-entertainment-venues,143,Cosplay Events,cosplay-events,4,Holiday Events,Fourth of July,holiday-events-fourth-of-july
Local Businesses,local-business,2,Arts & Entertainment Venues,arts-entertainment-venues,143,Cosplay Events,cosplay-events,5,Holiday Events,New Year Event,holiday-events-new-year-event
Local Businesses,local-business,2,Arts & Entertainment Venues,arts-entertainment-venues,143,Cosplay Events,cosplay-events,6,Holiday Events,Valentine Event,holiday-events-valentine-event
Local Businesses,local-business,2,Arts & Entertainment Venues,arts-entertainment-venues,143,Cosplay Events,cosplay-events,7,Holiday Events,St Patrick Event,holiday-events-st-patrick-event
Local Businesses,local-business,2,Arts & Entertainment Venues,arts-entertainment-venues,143,Cosplay Events,cosplay-events,8,Holiday Events,Thanksgiving Event,holiday-events-thanksgiving-event
Local Businesses,local-business,2,Arts & Entertainment Venues,arts-entertainment-venues,143,Cosplay Events,cosplay-events,9,Holiday Events,Diwali Event,holiday-events-diwali-event
Local Businesses,local-business,2,Arts & Entertainment Venues,arts-entertainment-venues,143,Cosplay Events,cosplay-events,10,Holiday Events,Lunar New Year,holiday-events-lunar-new-year
Local Businesses,local-business,2,Arts & Entertainment Venues,arts-entertainment-venues,143,Cosplay Events,cosplay-events,11,Youth Sports,Youth Martial Arts,youth-sports-youth-martial-arts
Local Businesses,local-business,2,Arts & Entertainment Venues,arts-entertainment-venues,144,Anime Conventions,anime-conventions,,,,
Local Businesses,local-business,2,Arts & Entertainment Venues,arts-entertainment-venues,145,Renaissance Faires,renaissance-faires,,,,
Local Businesses,local-business,2,Arts & Entertainment Venues,arts-entertainment-venues,146,Medieval Times Venues,medieval-times-venues,,,,
Local Businesses,local-business,2,Arts & Entertainment Venues,arts-entertainment-venues,147,Historical Reenactments,historical-reenactments,,,,
Local Businesses,local-business,3,"Automotive Sales, Repair & Customization",automotive-sales-repair-customization,1,Used Car Dealers,used-car-dealers,1,Vehicle Sales,Used Car Dealer,vehicle-sales-used-car-dealer
Local Businesses,local-business,3,"Automotive Sales, Repair & Customization",automotive-sales-repair-customization,2,New Car Dealers,new-car-dealers,1,Vehicle Sales,New Car Dealer,vehicle-sales-new-car-dealer
Local Businesses,local-business,3,"Automotive Sales, Repair & Customization",automotive-sales-repair-customization,3,Certified Pre-Owned Dealers,certified-pre-owned-dealers,1,Vehicle Sales,Certified Pre-Owned,vehicle-sales-certified-pre-owned
Local Businesses,local-business,3,"Automotive Sales, Repair & Customization",automotive-sales-repair-customization,4,Luxury Car Dealers,luxury-car-dealers,,,,
Local Businesses,local-business,3,"Automotive Sales, Repair & Customization",automotive-sales-repair-customization,5,Exotic Car Dealers,exotic-car-dealers,,,,
Local Businesses,local-business,3,"Automotive Sales, Repair & Customization",automotive-sales-repair-customization,6,Sports Car Dealers,sports-car-dealers,,,,
Local Businesses,local-business,3,"Automotive Sales, Repair & Customization",automotive-sales-repair-customization,7,Truck Dealers,truck-dealers,,,,
Local Businesses,local-business,3,"Automotive Sales, Repair & Customization",automotive-sales-repair-customization,8,SUV Dealers,suv-dealers,,,,
Local Businesses,local-business,3,"Automotive Sales, Repair & Customization",automotive-sales-repair-customization,9,Crossover Dealers,crossover-dealers,,,,
Local Businesses,local-business,3,"Automotive Sales, Repair & Customization",automotive-sales-repair-customization,10,Minivan Dealers,minivan-dealers,,,,
Local Businesses,local-business,3,"Automotive Sales, Repair & Customization",automotive-sales-repair-customization,11,Hybrid Vehicle Dealers,hybrid-vehicle-dealers,,,,
Local Businesses,local-business,3,"Automotive Sales, Repair & Customization",automotive-sales-repair-customization,12,Plug-In Hybrid Dealers,plug-in-hybrid-dealers,,,,
Local Businesses,local-business,3,"Automotive Sales, Repair & Customization",automotive-sales-repair-customization,13,Electric Vehicle Dealers,electric-vehicle-dealers,,,,
Local Businesses,local-business,3,"Automotive Sales, Repair & Customization",automotive-sales-repair-customization,14,Tesla Showrooms,tesla-showrooms,,,,
Local Businesses,local-business,3,"Automotive Sales, Repair & Customization",automotive-sales-repair-customization,15,Rivian Showrooms,rivian-showrooms,,,,
Local Businesses,local-business,3,"Automotive Sales, Repair & Customization",automotive-sales-repair-customization,16,Lucid Showrooms,lucid-showrooms,,,,
Local Businesses,local-business,3,"Automotive Sales, Repair & Customization",automotive-sales-repair-customization,17,Diesel Truck Dealers,diesel-truck-dealers,,,,
Local Businesses,local-business,3,"Automotive Sales, Repair & Customization",automotive-sales-repair-customization,18,Lifted Truck Dealers,lifted-truck-dealers,,,,
Local Businesses,local-business,3,"Automotive Sales, Repair & Customization",automotive-sales-repair-customization,19,Off-Road Vehicle Dealers,off-road-vehicle-dealers,,,,
Local Businesses,local-business,3,"Automotive Sales, Repair & Customization",automotive-sales-repair-customization,20,Jeep Dealers,jeep-dealers,,,,
Local Businesses,local-business,3,"Automotive Sales, Repair & Customization",automotive-sales-repair-customization,21,Antique Car Dealers,antique-car-dealers,,,,
Local Businesses,local-business,3,"Automotive Sales, Repair & Customization",automotive-sales-repair-customization,22,Classic Car Dealers,classic-car-dealers,1,Specialty,Classic Car Restoration,specialty-classic-car-restoration
Local Businesses,local-business,3,"Automotive Sales, Repair & Customization",automotive-sales-repair-customization,23,Muscle Car Dealers,muscle-car-dealers,,,,
Local Businesses,local-business,3,"Automotive Sales, Repair & Customization",automotive-sales-repair-customization,24,Vintage Car Dealers,vintage-car-dealers,,,,
Local Businesses,local-business,3,"Automotive Sales, Repair & Customization",automotive-sales-repair-customization,25,Auto Auction Houses,auto-auction-houses,1,Vehicle Sales,Car Auction,vehicle-sales-car-auction
Local Businesses,local-business,3,"Automotive Sales, Repair & Customization",automotive-sales-repair-customization,26,Salvage Auto Auctions,salvage-auto-auctions,,,,
Local Businesses,local-business,3,"Automotive Sales, Repair & Customization",automotive-sales-repair-customization,27,Insurance Auto Auctions,insurance-auto-auctions,,,,
Local Businesses,local-business,3,"Automotive Sales, Repair & Customization",automotive-sales-repair-customization,28,Government Vehicle Auctions,government-vehicle-auctions,,,,
Local Businesses,local-business,3,"Automotive Sales, Repair & Customization",automotive-sales-repair-customization,29,Car Brokers,car-brokers,,,,
Local Businesses,local-business,3,"Automotive Sales, Repair & Customization",automotive-sales-repair-customization,30,Auto Buying Services,auto-buying-services,1,Weight Services,Meal Planning Service,weight-services-meal-planning-service
Local Businesses,local-business,3,"Automotive Sales, Repair & Customization",automotive-sales-repair-customization,31,Trade-In Specialists,trade-in-specialists,,,,
Local Businesses,local-business,3,"Automotive Sales, Repair & Customization",automotive-sales-repair-customization,32,Vehicle Appraisers,vehicle-appraisers,,,,
Local Businesses,local-business,3,"Automotive Sales, Repair & Customization",automotive-sales-repair-customization,33,Car Inspection Services,car-inspection-services,,,,
Local Businesses,local-business,3,"Automotive Sales, Repair & Customization",automotive-sales-repair-customization,34,Pre-Purchase Inspection Services,pre-purchase-inspection-services,,,,
Local Businesses,local-business,3,"Automotive Sales, Repair & Customization",automotive-sales-repair-customization,35,Smog Test Stations,smog-test-stations,,,,
Local Businesses,local-business,3,"Automotive Sales, Repair & Customization",automotive-sales-repair-customization,36,Emissions Test Stations,emissions-test-stations,,,,
Local Businesses,local-business,3,"Automotive Sales, Repair & Customization",automotive-sales-repair-customization,37,Vehicle Registration Services,vehicle-registration-services,1,Vehicle Sales,Online Car Sales,vehicle-sales-online-car-sales
Local Businesses,local-business,3,"Automotive Sales, Repair & Customization",automotive-sales-repair-customization,37,Vehicle Registration Services,vehicle-registration-services,2,Vehicle Sales,Car Subscription,vehicle-sales-car-subscription
Local Businesses,local-business,3,"Automotive Sales, Repair & Customization",automotive-sales-repair-customization,37,Vehicle Registration Services,vehicle-registration-services,3,Vehicle Sales,Car Lease,vehicle-sales-car-lease
Local Businesses,local-business,3,"Automotive Sales, Repair & Customization",automotive-sales-repair-customization,37,Vehicle Registration Services,vehicle-registration-services,4,Vehicle Sales,Car Finance,vehicle-sales-car-finance
Local Businesses,local-business,3,"Automotive Sales, Repair & Customization",automotive-sales-repair-customization,37,Vehicle Registration Services,vehicle-registration-services,5,Vehicle Sales,Trade-In Service,vehicle-sales-trade-in-service
Local Businesses,local-business,3,"Automotive Sales, Repair & Customization",automotive-sales-repair-customization,37,Vehicle Registration Services,vehicle-registration-services,6,Vehicle Sales,Vehicle Inspection,vehicle-sales-vehicle-inspection
Local Businesses,local-business,3,"Automotive Sales, Repair & Customization",automotive-sales-repair-customization,37,Vehicle Registration Services,vehicle-registration-services,7,Electric Vehicle,EV Battery Service,electric-vehicle-ev-battery-service
Local Businesses,local-business,3,"Automotive Sales, Repair & Customization",automotive-sales-repair-customization,37,Vehicle Registration Services,vehicle-registration-services,8,Electric Vehicle,Tesla Service Center,electric-vehicle-tesla-service-center
Local Businesses,local-business,3,"Automotive Sales, Repair & Customization",automotive-sales-repair-customization,37,Vehicle Registration Services,vehicle-registration-services,9,Electric Vehicle,EV Tire Service,electric-vehicle-ev-tire-service
Local Businesses,local-business,3,"Automotive Sales, Repair & Customization",automotive-sales-repair-customization,38,DMV Services,dmv-services,,,,
Local Businesses,local-business,3,"Automotive Sales, Repair & Customization",automotive-sales-repair-customization,39,Title & Tag Services,title-tag-services,,,,
Local Businesses,local-business,3,"Automotive Sales, Repair & Customization",automotive-sales-repair-customization,40,Vehicle Notary Services,vehicle-notary-services,,,,
Local Businesses,local-business,3,"Automotive Sales, Repair & Customization",automotive-sales-repair-customization,41,Auto Locksmiths,auto-locksmiths,,,,
Local Businesses,local-business,3,"Automotive Sales, Repair & Customization",automotive-sales-repair-customization,42,Car Key Replacement Shops,car-key-replacement-shops,,,,
Local Businesses,local-business,3,"Automotive Sales, Repair & Customization",automotive-sales-repair-customization,43,Transponder Key Programmers,transponder-key-programmers,,,,
Local Businesses,local-business,3,"Automotive Sales, Repair & Customization",automotive-sales-repair-customization,44,Lockout Services,lockout-services,,,,
Local Businesses,local-business,3,"Automotive Sales, Repair & Customization",automotive-sales-repair-customization,45,Mobile Mechanics,mobile-mechanics,,,,
Local Businesses,local-business,3,"Automotive Sales, Repair & Customization",automotive-sales-repair-customization,46,Mobile Tire Repair,mobile-tire-repair,,,,
Local Businesses,local-business,3,"Automotive Sales, Repair & Customization",automotive-sales-repair-customization,47,Mobile Oil Change Services,mobile-oil-change-services,1,Maintenance,Oil Change,maintenance-oil-change
Local Businesses,local-business,3,"Automotive Sales, Repair & Customization",automotive-sales-repair-customization,48,Roadside Assistance Services,roadside-assistance-services,,,,
Local Businesses,local-business,3,"Automotive Sales, Repair & Customization",automotive-sales-repair-customization,49,Tow Truck Services,tow-truck-services,,,,
Local Businesses,local-business,3,"Automotive Sales, Repair & Customization",automotive-sales-repair-customization,50,Heavy Duty Towing,heavy-duty-towing,1,Emergency Services,Heavy Duty Towing,emergency-services-heavy-duty-towing
Local Businesses,local-business,3,"Automotive Sales, Repair & Customization",automotive-sales-repair-customization,51,Long Distance Towing,long-distance-towing,1,Emergency Services,Long-Distance Towing,emergency-services-long-distance-towing
Local Businesses,local-business,3,"Automotive Sales, Repair & Customization",automotive-sales-repair-customization,52,Motorcycle Towing,motorcycle-towing,,,,
Local Businesses,local-business,3,"Automotive Sales, Repair & Customization",automotive-sales-repair-customization,53,Battery Jump Start Services,battery-jump-start-services,1,Emergency Services,Jump Start,emergency-services-jump-start
Local Businesses,local-business,3,"Automotive Sales, Repair & Customization",automotive-sales-repair-customization,54,Tire Change Services,tire-change-services,1,Tire Services,Tire Installation,tire-services-tire-installation
Local Businesses,local-business,3,"Automotive Sales, Repair & Customization",automotive-sales-repair-customization,54,Tire Change Services,tire-change-services,2,Tire Services,Tire Repair,tire-services-tire-repair
Local Businesses,local-business,3,"Automotive Sales, Repair & Customization",automotive-sales-repair-customization,54,Tire Change Services,tire-change-services,3,Tire Services,Tire Balancing,tire-services-tire-balancing
Local Businesses,local-business,3,"Automotive Sales, Repair & Customization",automotive-sales-repair-customization,54,Tire Change Services,tire-change-services,4,Tire Services,Custom Wheels,tire-services-custom-wheels
Local Businesses,local-business,3,"Automotive Sales, Repair & Customization",automotive-sales-repair-customization,54,Tire Change Services,tire-change-services,5,Tire Services,Wheel Repair,tire-services-wheel-repair
Local Businesses,local-business,3,"Automotive Sales, Repair & Customization",automotive-sales-repair-customization,54,Tire Change Services,tire-change-services,6,Tire Services,TPMS Service,tire-services-tpms-service
Local Businesses,local-business,3,"Automotive Sales, Repair & Customization",automotive-sales-repair-customization,54,Tire Change Services,tire-change-services,7,Tire Services,Winter Tire Swap,tire-services-winter-tire-swap
Local Businesses,local-business,3,"Automotive Sales, Repair & Customization",automotive-sales-repair-customization,54,Tire Change Services,tire-change-services,8,Tire Services,Run-Flat Tires,tire-services-run-flat-tires
Local Businesses,local-business,3,"Automotive Sales, Repair & Customization",automotive-sales-repair-customization,54,Tire Change Services,tire-change-services,9,Tire Services,Performance Tires,tire-services-performance-tires
Local Businesses,local-business,3,"Automotive Sales, Repair & Customization",automotive-sales-repair-customization,54,Tire Change Services,tire-change-services,10,Emergency Services,Tire Change,emergency-services-tire-change
Local Businesses,local-business,3,"Automotive Sales, Repair & Customization",automotive-sales-repair-customization,55,Auto Glass Repair Shops,auto-glass-repair-shops,1,Mechanical Repair,Engine Repair,mechanical-repair-engine-repair
Local Businesses,local-business,3,"Automotive Sales, Repair & Customization",automotive-sales-repair-customization,55,Auto Glass Repair Shops,auto-glass-repair-shops,2,Mechanical Repair,Transmission Repair,mechanical-repair-transmission-repair
Local Businesses,local-business,3,"Automotive Sales, Repair & Customization",automotive-sales-repair-customization,55,Auto Glass Repair Shops,auto-glass-repair-shops,3,Mechanical Repair,Brake Repair,mechanical-repair-brake-repair
Local Businesses,local-business,3,"Automotive Sales, Repair & Customization",automotive-sales-repair-customization,55,Auto Glass Repair Shops,auto-glass-repair-shops,4,Mechanical Repair,Suspension Repair,mechanical-repair-suspension-repair
Local Businesses,local-business,3,"Automotive Sales, Repair & Customization",automotive-sales-repair-customization,55,Auto Glass Repair Shops,auto-glass-repair-shops,5,Mechanical Repair,Exhaust Repair,mechanical-repair-exhaust-repair
Local Businesses,local-business,3,"Automotive Sales, Repair & Customization",automotive-sales-repair-customization,55,Auto Glass Repair Shops,auto-glass-repair-shops,6,Mechanical Repair,Steering Repair,mechanical-repair-steering-repair
Local Businesses,local-business,3,"Automotive Sales, Repair & Customization",automotive-sales-repair-customization,55,Auto Glass Repair Shops,auto-glass-repair-shops,7,Mechanical Repair,Cooling System,mechanical-repair-cooling-system
Local Businesses,local-business,3,"Automotive Sales, Repair & Customization",automotive-sales-repair-customization,55,Auto Glass Repair Shops,auto-glass-repair-shops,8,Mechanical Repair,Electrical System,mechanical-repair-electrical-system
Local Businesses,local-business,3,"Automotive Sales, Repair & Customization",automotive-sales-repair-customization,55,Auto Glass Repair Shops,auto-glass-repair-shops,9,Mechanical Repair,Fuel System,mechanical-repair-fuel-system
Local Businesses,local-business,3,"Automotive Sales, Repair & Customization",automotive-sales-repair-customization,55,Auto Glass Repair Shops,auto-glass-repair-shops,10,Mechanical Repair,Clutch Repair,mechanical-repair-clutch-repair
Local Businesses,local-business,3,"Automotive Sales, Repair & Customization",automotive-sales-repair-customization,55,Auto Glass Repair Shops,auto-glass-repair-shops,11,Maintenance,Timing Belt,maintenance-timing-belt
Local Businesses,local-business,3,"Automotive Sales, Repair & Customization",automotive-sales-repair-customization,55,Auto Glass Repair Shops,auto-glass-repair-shops,12,Maintenance,Fluid Check,maintenance-fluid-check
Local Businesses,local-business,3,"Automotive Sales, Repair & Customization",automotive-sales-repair-customization,55,Auto Glass Repair Shops,auto-glass-repair-shops,13,Maintenance,Tune-Up,maintenance-tune-up
Local Businesses,local-business,3,"Automotive Sales, Repair & Customization",automotive-sales-repair-customization,55,Auto Glass Repair Shops,auto-glass-repair-shops,14,Specialty,European Auto,specialty-european-auto
Local Businesses,local-business,3,"Automotive Sales, Repair & Customization",automotive-sales-repair-customization,55,Auto Glass Repair Shops,auto-glass-repair-shops,15,Specialty,Japanese Auto,specialty-japanese-auto
Local Businesses,local-business,3,"Automotive Sales, Repair & Customization",automotive-sales-repair-customization,55,Auto Glass Repair Shops,auto-glass-repair-shops,16,Specialty,German Auto,specialty-german-auto
Local Businesses,local-business,3,"Automotive Sales, Repair & Customization",automotive-sales-repair-customization,55,Auto Glass Repair Shops,auto-glass-repair-shops,17,Specialty,Hybrid Repair,specialty-hybrid-repair
Local Businesses,local-business,3,"Automotive Sales, Repair & Customization",automotive-sales-repair-customization,55,Auto Glass Repair Shops,auto-glass-repair-shops,18,Specialty,EV Repair,specialty-ev-repair
Local Businesses,local-business,3,"Automotive Sales, Repair & Customization",automotive-sales-repair-customization,55,Auto Glass Repair Shops,auto-glass-repair-shops,19,Specialty,Diesel Repair,specialty-diesel-repair
Local Businesses,local-business,3,"Automotive Sales, Repair & Customization",automotive-sales-repair-customization,55,Auto Glass Repair Shops,auto-glass-repair-shops,20,Specialty,Truck Repair,specialty-truck-repair
Local Businesses,local-business,3,"Automotive Sales, Repair & Customization",automotive-sales-repair-customization,55,Auto Glass Repair Shops,auto-glass-repair-shops,21,Specialty,RV Repair,specialty-rv-repair
Local Businesses,local-business,3,"Automotive Sales, Repair & Customization",automotive-sales-repair-customization,56,Mobile Windshield Repair,mobile-windshield-repair,,,,
Local Businesses,local-business,3,"Automotive Sales, Repair & Customization",automotive-sales-repair-customization,57,Windshield Replacement Shops,windshield-replacement-shops,,,,
Local Businesses,local-business,3,"Automotive Sales, Repair & Customization",automotive-sales-repair-customization,58,Window Tinting Shops,window-tinting-shops,,,,
Local Businesses,local-business,3,"Automotive Sales, Repair & Customization",automotive-sales-repair-customization,59,Automotive Window Tinting,automotive-window-tinting,,,,
Local Businesses,local-business,3,"Automotive Sales, Repair & Customization",automotive-sales-repair-customization,60,Ceramic Window Tinting,ceramic-window-tinting,,,,
Local Businesses,local-business,3,"Automotive Sales, Repair & Customization",automotive-sales-repair-customization,61,Car Wraps,car-wraps,,,,
Local Businesses,local-business,3,"Automotive Sales, Repair & Customization",automotive-sales-repair-customization,62,Vinyl Wrap Shops,vinyl-wrap-shops,,,,
Local Businesses,local-business,3,"Automotive Sales, Repair & Customization",automotive-sales-repair-customization,63,Color Change Wraps,color-change-wraps,,,,
Local Businesses,local-business,3,"Automotive Sales, Repair & Customization",automotive-sales-repair-customization,64,Paint Protection Film Installers,paint-protection-film-installers,,,,
Local Businesses,local-business,3,"Automotive Sales, Repair & Customization",automotive-sales-repair-customization,65,Ceramic Coating Shops,ceramic-coating-shops,,,,
Local Businesses,local-business,3,"Automotive Sales, Repair & Customization",automotive-sales-repair-customization,66,Auto Detailing Services,auto-detailing-services,1,Detailing Services,Full Detail,detailing-services-full-detail
Local Businesses,local-business,3,"Automotive Sales, Repair & Customization",automotive-sales-repair-customization,66,Auto Detailing Services,auto-detailing-services,2,Detailing Services,Interior Detail,detailing-services-interior-detail
Local Businesses,local-business,3,"Automotive Sales, Repair & Customization",automotive-sales-repair-customization,66,Auto Detailing Services,auto-detailing-services,3,Detailing Services,Exterior Detail,detailing-services-exterior-detail
Local Businesses,local-business,3,"Automotive Sales, Repair & Customization",automotive-sales-repair-customization,66,Auto Detailing Services,auto-detailing-services,4,Detailing Services,Paint Correction,detailing-services-paint-correction
Local Businesses,local-business,3,"Automotive Sales, Repair & Customization",automotive-sales-repair-customization,66,Auto Detailing Services,auto-detailing-services,5,Detailing Services,Ceramic Coating,detailing-services-ceramic-coating
Local Businesses,local-business,3,"Automotive Sales, Repair & Customization",automotive-sales-repair-customization,66,Auto Detailing Services,auto-detailing-services,6,Detailing Services,PPF Installation,detailing-services-ppf-installation
Local Businesses,local-business,3,"Automotive Sales, Repair & Customization",automotive-sales-repair-customization,66,Auto Detailing Services,auto-detailing-services,7,Detailing Services,Headlight Restoration,detailing-services-headlight-restoration
Local Businesses,local-business,3,"Automotive Sales, Repair & Customization",automotive-sales-repair-customization,66,Auto Detailing Services,auto-detailing-services,8,Detailing Services,Engine Cleaning,detailing-services-engine-cleaning
Local Businesses,local-business,3,"Automotive Sales, Repair & Customization",automotive-sales-repair-customization,66,Auto Detailing Services,auto-detailing-services,9,Detailing Services,Upholstery Cleaning,detailing-services-upholstery-cleaning
Local Businesses,local-business,3,"Automotive Sales, Repair & Customization",automotive-sales-repair-customization,66,Auto Detailing Services,auto-detailing-services,10,Detailing Services,Odor Removal,detailing-services-odor-removal
Local Businesses,local-business,3,"Automotive Sales, Repair & Customization",automotive-sales-repair-customization,67,Mobile Auto Detailing,mobile-auto-detailing,,,,
Local Businesses,local-business,3,"Automotive Sales, Repair & Customization",automotive-sales-repair-customization,68,Luxury Auto Detailing,luxury-auto-detailing,1,Specialty,Luxury Auto,specialty-luxury-auto
Local Businesses,local-business,3,"Automotive Sales, Repair & Customization",automotive-sales-repair-customization,69,Interior Detailing,interior-detailing,,,,
Local Businesses,local-business,3,"Automotive Sales, Repair & Customization",automotive-sales-repair-customization,70,Engine Detailing,engine-detailing,,,,
Local Businesses,local-business,3,"Automotive Sales, Repair & Customization",automotive-sales-repair-customization,71,Headlight Restoration,headlight-restoration,,,,
Local Businesses,local-business,3,"Automotive Sales, Repair & Customization",automotive-sales-repair-customization,72,Auto Paint Shops,auto-paint-shops,,,,
Local Businesses,local-business,3,"Automotive Sales, Repair & Customization",automotive-sales-repair-customization,73,Custom Paint Shops,custom-paint-shops,,,,
Local Businesses,local-business,3,"Automotive Sales, Repair & Customization",automotive-sales-repair-customization,74,Auto Body Shops,auto-body-shops,1,Collision Repair,Body Panel Repair,collision-repair-body-panel-repair
Local Businesses,local-business,3,"Automotive Sales, Repair & Customization",automotive-sales-repair-customization,74,Auto Body Shops,auto-body-shops,2,Collision Repair,Frame Straightening,collision-repair-frame-straightening
Local Businesses,local-business,3,"Automotive Sales, Repair & Customization",automotive-sales-repair-customization,74,Auto Body Shops,auto-body-shops,3,Collision Repair,Dent Removal,collision-repair-dent-removal
Local Businesses,local-business,3,"Automotive Sales, Repair & Customization",automotive-sales-repair-customization,75,Collision Repair Centers,collision-repair-centers,1,Collision Repair,Bumper Repair,collision-repair-bumper-repair
Local Businesses,local-business,3,"Automotive Sales, Repair & Customization",automotive-sales-repair-customization,75,Collision Repair Centers,collision-repair-centers,2,Collision Repair,Scratch Repair,collision-repair-scratch-repair
Local Businesses,local-business,3,"Automotive Sales, Repair & Customization",automotive-sales-repair-customization,75,Collision Repair Centers,collision-repair-centers,3,Collision Repair,Windshield Repair,collision-repair-windshield-repair
Local Businesses,local-business,3,"Automotive Sales, Repair & Customization",automotive-sales-repair-customization,75,Collision Repair Centers,collision-repair-centers,4,Collision Repair,Clear Coat Repair,collision-repair-clear-coat-repair
Local Businesses,local-business,3,"Automotive Sales, Repair & Customization",automotive-sales-repair-customization,76,Frame Straightening Shops,frame-straightening-shops,,,,
Local Businesses,local-business,3,"Automotive Sales, Repair & Customization",automotive-sales-repair-customization,77,Dent Removal Shops,dent-removal-shops,,,,
Local Businesses,local-business,3,"Automotive Sales, Repair & Customization",automotive-sales-repair-customization,78,Paintless Dent Repair,paintless-dent-repair,1,Collision Repair,Paintless Dent Repair,collision-repair-paintless-dent-repair
Local Businesses,local-business,3,"Automotive Sales, Repair & Customization",automotive-sales-repair-customization,79,Bumper Repair Shops,bumper-repair-shops,,,,
Local Businesses,local-business,3,"Automotive Sales, Repair & Customization",automotive-sales-repair-customization,80,Auto Upholstery Shops,auto-upholstery-shops,,,,
Local Businesses,local-business,3,"Automotive Sales, Repair & Customization",automotive-sales-repair-customization,81,Leather Seat Repair,leather-seat-repair,,,,
Local Businesses,local-business,3,"Automotive Sales, Repair & Customization",automotive-sales-repair-customization,82,Convertible Top Repair,convertible-top-repair,,,,
Local Businesses,local-business,3,"Automotive Sales, Repair & Customization",automotive-sales-repair-customization,83,Headliner Repair,headliner-repair,,,,
Local Businesses,local-business,3,"Automotive Sales, Repair & Customization",automotive-sales-repair-customization,84,Auto Carpet Shops,auto-carpet-shops,,,,
Local Businesses,local-business,3,"Automotive Sales, Repair & Customization",automotive-sales-repair-customization,85,Auto Stereo Installation,auto-stereo-installation,,,,
Local Businesses,local-business,3,"Automotive Sales, Repair & Customization",automotive-sales-repair-customization,86,Car Audio Shops,car-audio-shops,,,,
Local Businesses,local-business,3,"Automotive Sales, Repair & Customization",automotive-sales-repair-customization,87,Subwoofer Installation,subwoofer-installation,,,,
Local Businesses,local-business,3,"Automotive Sales, Repair & Customization",automotive-sales-repair-customization,88,Backup Camera Installation,backup-camera-installation,,,,
Local Businesses,local-business,3,"Automotive Sales, Repair & Customization",automotive-sales-repair-customization,89,Dash Cam Installation,dash-cam-installation,,,,
Local Businesses,local-business,3,"Automotive Sales, Repair & Customization",automotive-sales-repair-customization,90,Remote Start Installation,remote-start-installation,,,,
Local Businesses,local-business,3,"Automotive Sales, Repair & Customization",automotive-sales-repair-customization,91,Car Alarm Installation,car-alarm-installation,,,,
Local Businesses,local-business,3,"Automotive Sales, Repair & Customization",automotive-sales-repair-customization,92,GPS Tracking Installation,gps-tracking-installation,,,,
Local Businesses,local-business,3,"Automotive Sales, Repair & Customization",automotive-sales-repair-customization,93,Lift Kit Installation,lift-kit-installation,,,,
Local Businesses,local-business,3,"Automotive Sales, Repair & Customization",automotive-sales-repair-customization,94,Suspension Shops,suspension-shops,,,,
Local Businesses,local-business,3,"Automotive Sales, Repair & Customization",automotive-sales-repair-customization,95,Lowering Spring Shops,lowering-spring-shops,,,,
Local Businesses,local-business,3,"Automotive Sales, Repair & Customization",automotive-sales-repair-customization,96,Coilover Shops,coilover-shops,,,,
Local Businesses,local-business,3,"Automotive Sales, Repair & Customization",automotive-sales-repair-customization,97,Air Suspension Shops,air-suspension-shops,,,,
Local Businesses,local-business,3,"Automotive Sales, Repair & Customization",automotive-sales-repair-customization,98,Performance Shops,performance-shops,,,,
Local Businesses,local-business,3,"Automotive Sales, Repair & Customization",automotive-sales-repair-customization,99,Engine Tuning Shops,engine-tuning-shops,,,,
Local Businesses,local-business,3,"Automotive Sales, Repair & Customization",automotive-sales-repair-customization,100,Dyno Tuning Shops,dyno-tuning-shops,,,,
Local Businesses,local-business,3,"Automotive Sales, Repair & Customization",automotive-sales-repair-customization,101,ECU Tuning Shops,ecu-tuning-shops,,,,
Local Businesses,local-business,3,"Automotive Sales, Repair & Customization",automotive-sales-repair-customization,102,Turbo Installation Shops,turbo-installation-shops,,,,
Local Businesses,local-business,3,"Automotive Sales, Repair & Customization",automotive-sales-repair-customization,103,Supercharger Installation,supercharger-installation,,,,
Local Businesses,local-business,3,"Automotive Sales, Repair & Customization",automotive-sales-repair-customization,104,Cold Air Intake Installation,cold-air-intake-installation,,,,
Local Businesses,local-business,3,"Automotive Sales, Repair & Customization",automotive-sales-repair-customization,105,Exhaust Shops,exhaust-shops,,,,
Local Businesses,local-business,3,"Automotive Sales, Repair & Customization",automotive-sales-repair-customization,106,Custom Exhaust Shops,custom-exhaust-shops,,,,
Local Businesses,local-business,3,"Automotive Sales, Repair & Customization",automotive-sales-repair-customization,107,Muffler Shops,muffler-shops,,,,
Local Businesses,local-business,3,"Automotive Sales, Repair & Customization",automotive-sales-repair-customization,108,Catalytic Converter Shops,catalytic-converter-shops,,,,
Local Businesses,local-business,3,"Automotive Sales, Repair & Customization",automotive-sales-repair-customization,109,Brake Shops,brake-shops,,,,
Local Businesses,local-business,3,"Automotive Sales, Repair & Customization",automotive-sales-repair-customization,110,High Performance Brake Shops,high-performance-brake-shops,,,,
Local Businesses,local-business,3,"Automotive Sales, Repair & Customization",automotive-sales-repair-customization,111,Transmission Shops,transmission-shops,,,,
Local Businesses,local-business,3,"Automotive Sales, Repair & Customization",automotive-sales-repair-customization,112,Differential Repair,differential-repair,,,,
Local Businesses,local-business,3,"Automotive Sales, Repair & Customization",automotive-sales-repair-customization,113,Drivetrain Shops,drivetrain-shops,,,,
Local Businesses,local-business,3,"Automotive Sales, Repair & Customization",automotive-sales-repair-customization,114,Clutch Repair Shops,clutch-repair-shops,,,,
Local Businesses,local-business,3,"Automotive Sales, Repair & Customization",automotive-sales-repair-customization,115,Radiator Shops,radiator-shops,,,,
Local Businesses,local-business,3,"Automotive Sales, Repair & Customization",automotive-sales-repair-customization,116,Cooling System Shops,cooling-system-shops,,,,
Local Businesses,local-business,3,"Automotive Sales, Repair & Customization",automotive-sales-repair-customization,117,Auto Electrical Shops,auto-electrical-shops,1,Commercial Electrical,Office Electrical,commercial-electrical-office-electrical
Local Businesses,local-business,3,"Automotive Sales, Repair & Customization",automotive-sales-repair-customization,117,Auto Electrical Shops,auto-electrical-shops,2,Commercial Electrical,Retail Electrical,commercial-electrical-retail-electrical
Local Businesses,local-business,3,"Automotive Sales, Repair & Customization",automotive-sales-repair-customization,117,Auto Electrical Shops,auto-electrical-shops,3,Commercial Electrical,Industrial Electrical,commercial-electrical-industrial-electrical
Local Businesses,local-business,3,"Automotive Sales, Repair & Customization",automotive-sales-repair-customization,117,Auto Electrical Shops,auto-electrical-shops,4,Commercial Electrical,Electrical Maintenance,commercial-electrical-electrical-maintenance
Local Businesses,local-business,3,"Automotive Sales, Repair & Customization",automotive-sales-repair-customization,118,Auto Diagnostics,auto-diagnostics,,,,
Local Businesses,local-business,3,"Automotive Sales, Repair & Customization",automotive-sales-repair-customization,119,Check Engine Light Diagnosis,check-engine-light-diagnosis,,,,
Local Businesses,local-business,3,"Automotive Sales, Repair & Customization",automotive-sales-repair-customization,120,ABS Diagnostics,abs-diagnostics,,,,
Local Businesses,local-business,3,"Automotive Sales, Repair & Customization",automotive-sales-repair-customization,121,Airbag Diagnostics,airbag-diagnostics,,,,
Local Businesses,local-business,3,"Automotive Sales, Repair & Customization",automotive-sales-repair-customization,122,Hybrid Battery Repair,hybrid-battery-repair,,,,
Local Businesses,local-business,3,"Automotive Sales, Repair & Customization",automotive-sales-repair-customization,123,EV Charging Installation,ev-charging-installation,,,,
Local Businesses,local-business,3,"Automotive Sales, Repair & Customization",automotive-sales-repair-customization,124,Home EV Charger Installers,home-ev-charger-installers,,,,
Local Businesses,local-business,3,"Automotive Sales, Repair & Customization",automotive-sales-repair-customization,125,EV Battery Replacement Shops,ev-battery-replacement-shops,1,Maintenance,Battery Replacement,maintenance-battery-replacement
Local Businesses,local-business,3,"Automotive Sales, Repair & Customization",automotive-sales-repair-customization,126,Used Tire Shops,used-tire-shops,,,,
Local Businesses,local-business,3,"Automotive Sales, Repair & Customization",automotive-sales-repair-customization,127,Wheel Repair Shops,wheel-repair-shops,,,,
Local Businesses,local-business,3,"Automotive Sales, Repair & Customization",automotive-sales-repair-customization,128,Wheel Refinishing,wheel-refinishing,,,,
Local Businesses,local-business,3,"Automotive Sales, Repair & Customization",automotive-sales-repair-customization,129,Powder Coating Shops,powder-coating-shops,,,,
Local Businesses,local-business,3,"Automotive Sales, Repair & Customization",automotive-sales-repair-customization,130,Rim Repair Shops,rim-repair-shops,,,,
Local Businesses,local-business,3,"Automotive Sales, Repair & Customization",automotive-sales-repair-customization,131,Hubcap Stores,hubcap-stores,,,,
Local Businesses,local-business,3,"Automotive Sales, Repair & Customization",automotive-sales-repair-customization,132,Specialty Wheel Shops,specialty-wheel-shops,,,,
Local Businesses,local-business,3,"Automotive Sales, Repair & Customization",automotive-sales-repair-customization,133,Off-Road Wheel Shops,off-road-wheel-shops,,,,
Local Businesses,local-business,3,"Automotive Sales, Repair & Customization",automotive-sales-repair-customization,134,Tire Rotation Services,tire-rotation-services,1,Maintenance,Tire Rotation,maintenance-tire-rotation
Local Businesses,local-business,3,"Automotive Sales, Repair & Customization",automotive-sales-repair-customization,134,Tire Rotation Services,tire-rotation-services,2,Tire Services,Tire Rotation,tire-services-tire-rotation
Local Businesses,local-business,3,"Automotive Sales, Repair & Customization",automotive-sales-repair-customization,135,Wheel Alignment Shops,wheel-alignment-shops,1,Maintenance,Wheel Alignment,maintenance-wheel-alignment
Local Businesses,local-business,3,"Automotive Sales, Repair & Customization",automotive-sales-repair-customization,136,Suspension Alignment Shops,suspension-alignment-shops,,,,
Local Businesses,local-business,3,"Automotive Sales, Repair & Customization",automotive-sales-repair-customization,137,Lube Centers,lube-centers,,,,
Local Businesses,local-business,3,"Automotive Sales, Repair & Customization",automotive-sales-repair-customization,138,Quick Lube Stations,quick-lube-stations,,,,
Local Businesses,local-business,3,"Automotive Sales, Repair & Customization",automotive-sales-repair-customization,139,Drive-Thru Oil Change,drive-thru-oil-change,,,,
Local Businesses,local-business,3,"Automotive Sales, Repair & Customization",automotive-sales-repair-customization,140,Fluid Flush Services,fluid-flush-services,,,,
Local Businesses,local-business,3,"Automotive Sales, Repair & Customization",automotive-sales-repair-customization,141,Auto AC Repair,auto-ac-repair,,,,
Local Businesses,local-business,3,"Automotive Sales, Repair & Customization",automotive-sales-repair-customization,142,Auto Heater Repair,auto-heater-repair,,,,
Local Businesses,local-business,3,"Automotive Sales, Repair & Customization",automotive-sales-repair-customization,143,Power Window Repair,power-window-repair,,,,
Local Businesses,local-business,3,"Automotive Sales, Repair & Customization",automotive-sales-repair-customization,144,Power Lock Repair,power-lock-repair,,,,
Local Businesses,local-business,3,"Automotive Sales, Repair & Customization",automotive-sales-repair-customization,145,Sunroof Repair,sunroof-repair,,,,
Local Businesses,local-business,3,"Automotive Sales, Repair & Customization",automotive-sales-repair-customization,146,Car Wash Locations,car-wash-locations,,,,
Local Businesses,local-business,3,"Automotive Sales, Repair & Customization",automotive-sales-repair-customization,147,Hand Car Washes,hand-car-washes,,,,
Local Businesses,local-business,3,"Automotive Sales, Repair & Customization",automotive-sales-repair-customization,148,Touchless Car Washes,touchless-car-washes,,,,
Local Businesses,local-business,3,"Automotive Sales, Repair & Customization",automotive-sales-repair-customization,149,Self-Service Car Washes,self-service-car-washes,,,,
Local Businesses,local-business,3,"Automotive Sales, Repair & Customization",automotive-sales-repair-customization,150,Auto Spa Locations,auto-spa-locations,,,,
Local Businesses,local-business,3,"Automotive Sales, Repair & Customization",automotive-sales-repair-customization,151,Mobile Car Wash Services,mobile-car-wash-services,,,,
Local Businesses,local-business,3,"Automotive Sales, Repair & Customization",automotive-sales-repair-customization,152,Eco Car Washes,eco-car-washes,,,,
Local Businesses,local-business,3,"Automotive Sales, Repair & Customization",automotive-sales-repair-customization,153,Truck Wash Stations,truck-wash-stations,,,,
Local Businesses,local-business,3,"Automotive Sales, Repair & Customization",automotive-sales-repair-customization,154,RV Wash Stations,rv-wash-stations,,,,
Local Businesses,local-business,3,"Automotive Sales, Repair & Customization",automotive-sales-repair-customization,155,Boat Detailing,boat-detailing,1,Boat Services,Boat Detailing,boat-services-boat-detailing
Local Businesses,local-business,3,"Automotive Sales, Repair & Customization",automotive-sales-repair-customization,156,RV Detailing,rv-detailing,,,,
Local Businesses,local-business,3,"Automotive Sales, Repair & Customization",automotive-sales-repair-customization,157,Motorcycle Dealers,motorcycle-dealers,,,,
Local Businesses,local-business,3,"Automotive Sales, Repair & Customization",automotive-sales-repair-customization,158,Used Motorcycle Dealers,used-motorcycle-dealers,,,,
Local Businesses,local-business,3,"Automotive Sales, Repair & Customization",automotive-sales-repair-customization,159,Sport Bike Dealers,sport-bike-dealers,,,,
Local Businesses,local-business,3,"Automotive Sales, Repair & Customization",automotive-sales-repair-customization,160,Cruiser Dealers,cruiser-dealers,,,,
Local Businesses,local-business,3,"Automotive Sales, Repair & Customization",automotive-sales-repair-customization,161,Touring Bike Dealers,touring-bike-dealers,,,,
Local Businesses,local-business,3,"Automotive Sales, Repair & Customization",automotive-sales-repair-customization,162,Adventure Bike Dealers,adventure-bike-dealers,,,,
Local Businesses,local-business,3,"Automotive Sales, Repair & Customization",automotive-sales-repair-customization,163,Dirt Bike Dealers,dirt-bike-dealers,,,,
Local Businesses,local-business,3,"Automotive Sales, Repair & Customization",automotive-sales-repair-customization,164,Scooter Dealers,scooter-dealers,,,,
Local Businesses,local-business,3,"Automotive Sales, Repair & Customization",automotive-sales-repair-customization,165,Moped Dealers,moped-dealers,,,,
Local Businesses,local-business,3,"Automotive Sales, Repair & Customization",automotive-sales-repair-customization,166,Electric Scooter Stores,electric-scooter-stores,,,,
Local Businesses,local-business,3,"Automotive Sales, Repair & Customization",automotive-sales-repair-customization,167,Vintage Motorcycle Dealers,vintage-motorcycle-dealers,,,,
Local Businesses,local-business,3,"Automotive Sales, Repair & Customization",automotive-sales-repair-customization,168,Custom Motorcycle Builders,custom-motorcycle-builders,,,,
Local Businesses,local-business,3,"Automotive Sales, Repair & Customization",automotive-sales-repair-customization,169,Motorcycle Repair Shops,motorcycle-repair-shops,1,Motorcycle Services,Motorcycle Repair,motorcycle-services-motorcycle-repair
Local Businesses,local-business,3,"Automotive Sales, Repair & Customization",automotive-sales-repair-customization,170,Motorcycle Tire Shops,motorcycle-tire-shops,1,Motorcycle Services,Motorcycle Tire Service,motorcycle-services-motorcycle-tire-service
Local Businesses,local-business,3,"Automotive Sales, Repair & Customization",automotive-sales-repair-customization,171,Motorcycle Detailing,motorcycle-detailing,1,Motorcycle Services,Motorcycle Detailing,motorcycle-services-motorcycle-detailing
Local Businesses,local-business,3,"Automotive Sales, Repair & Customization",automotive-sales-repair-customization,172,Motorcycle Storage,motorcycle-storage,1,Motorcycle Services,Motorcycle Storage,motorcycle-services-motorcycle-storage
Local Businesses,local-business,3,"Automotive Sales, Repair & Customization",automotive-sales-repair-customization,173,RV Dealers,rv-dealers,,,,
Local Businesses,local-business,3,"Automotive Sales, Repair & Customization",automotive-sales-repair-customization,174,Travel Trailer Dealers,travel-trailer-dealers,,,,
Local Businesses,local-business,3,"Automotive Sales, Repair & Customization",automotive-sales-repair-customization,175,Fifth Wheel Dealers,fifth-wheel-dealers,,,,
Local Businesses,local-business,3,"Automotive Sales, Repair & Customization",automotive-sales-repair-customization,176,Class A Motorhome Dealers,class-a-motorhome-dealers,,,,
Local Businesses,local-business,3,"Automotive Sales, Repair & Customization",automotive-sales-repair-customization,177,Class B Motorhome Dealers,class-b-motorhome-dealers,,,,
Local Businesses,local-business,3,"Automotive Sales, Repair & Customization",automotive-sales-repair-customization,178,Class C Motorhome Dealers,class-c-motorhome-dealers,,,,
Local Businesses,local-business,3,"Automotive Sales, Repair & Customization",automotive-sales-repair-customization,179,Pop-Up Camper Dealers,pop-up-camper-dealers,,,,
Local Businesses,local-business,3,"Automotive Sales, Repair & Customization",automotive-sales-repair-customization,180,Truck Camper Dealers,truck-camper-dealers,,,,
Local Businesses,local-business,3,"Automotive Sales, Repair & Customization",automotive-sales-repair-customization,181,RV Repair Shops,rv-repair-shops,,,,
Local Businesses,local-business,3,"Automotive Sales, Repair & Customization",automotive-sales-repair-customization,182,RV Service Centers,rv-service-centers,,,,
Local Businesses,local-business,3,"Automotive Sales, Repair & Customization",automotive-sales-repair-customization,183,RV Storage Lots,rv-storage-lots,,,,
Local Businesses,local-business,3,"Automotive Sales, Repair & Customization",automotive-sales-repair-customization,184,Boat Dealers,boat-dealers,,,,
Local Businesses,local-business,3,"Automotive Sales, Repair & Customization",automotive-sales-repair-customization,185,Yacht Dealers,yacht-dealers,,,,
Local Businesses,local-business,3,"Automotive Sales, Repair & Customization",automotive-sales-repair-customization,186,Personal Watercraft Dealers,personal-watercraft-dealers,,,,
Local Businesses,local-business,3,"Automotive Sales, Repair & Customization",automotive-sales-repair-customization,187,Marine Service Centers,marine-service-centers,1,Boat Services,Marine Electronics,boat-services-marine-electronics
Local Businesses,local-business,3,"Automotive Sales, Repair & Customization",automotive-sales-repair-customization,187,Marine Service Centers,marine-service-centers,2,Boat Services,Boat Sales,boat-services-boat-sales
Local Businesses,local-business,3,"Automotive Sales, Repair & Customization",automotive-sales-repair-customization,187,Marine Service Centers,marine-service-centers,3,Boat Services,Jet Ski Repair,boat-services-jet-ski-repair
Local Businesses,local-business,3,"Automotive Sales, Repair & Customization",automotive-sales-repair-customization,187,Marine Service Centers,marine-service-centers,4,Boat Services,Yacht Services,boat-services-yacht-services
Local Businesses,local-business,3,"Automotive Sales, Repair & Customization",automotive-sales-repair-customization,187,Marine Service Centers,marine-service-centers,5,Boat Services,Marine Engine Repair,boat-services-marine-engine-repair
Local Businesses,local-business,3,"Automotive Sales, Repair & Customization",automotive-sales-repair-customization,188,Boat Repair Shops,boat-repair-shops,1,Boat Services,Boat Repair,boat-services-boat-repair
Local Businesses,local-business,3,"Automotive Sales, Repair & Customization",automotive-sales-repair-customization,189,Boat Storage,boat-storage,1,Boat Services,Boat Storage,boat-services-boat-storage
Local Businesses,local-business,3,"Automotive Sales, Repair & Customization",automotive-sales-repair-customization,190,Marina Services,marina-services,,,,
Local Businesses,local-business,4,"Beauty, Hair & Spa Services",beauty-hair-spa-services,1,Hair Salons,hair-salons,,,,
Local Businesses,local-business,4,"Beauty, Hair & Spa Services",beauty-hair-spa-services,4,Unisex Hair Salons,unisex-hair-salons,,,,
Local Businesses,local-business,4,"Beauty, Hair & Spa Services",beauty-hair-spa-services,5,Family Hair Salons,family-hair-salons,,,,
Local Businesses,local-business,4,"Beauty, Hair & Spa Services",beauty-hair-spa-services,7,Kid Cuts,kid-cuts,,,,
Local Businesses,local-business,4,"Beauty, Hair & Spa Services",beauty-hair-spa-services,9,Senior Hair Salons,senior-hair-salons,,,,
Local Businesses,local-business,4,"Beauty, Hair & Spa Services",beauty-hair-spa-services,10,African Hair Braiding,african-hair-braiding,,,,
Local Businesses,local-business,4,"Beauty, Hair & Spa Services",beauty-hair-spa-services,11,Black Hair Salons,black-hair-salons,,,,
Local Businesses,local-business,4,"Beauty, Hair & Spa Services",beauty-hair-spa-services,12,Curly Hair Specialists,curly-hair-specialists,,,,
Local Businesses,local-business,4,"Beauty, Hair & Spa Services",beauty-hair-spa-services,13,Natural Hair Salons,natural-hair-salons,,,,
Local Businesses,local-business,4,"Beauty, Hair & Spa Services",beauty-hair-spa-services,14,Afro Hair Salons,afro-hair-salons,,,,
Local Businesses,local-business,4,"Beauty, Hair & Spa Services",beauty-hair-spa-services,15,Latina Hair Salons,latina-hair-salons,,,,
Local Businesses,local-business,4,"Beauty, Hair & Spa Services",beauty-hair-spa-services,16,Asian Hair Salons,asian-hair-salons,,,,
Local Businesses,local-business,4,"Beauty, Hair & Spa Services",beauty-hair-spa-services,17,Japanese Hair Salons,japanese-hair-salons,,,,
Local Businesses,local-business,4,"Beauty, Hair & Spa Services",beauty-hair-spa-services,18,Korean Hair Salons,korean-hair-salons,,,,
Local Businesses,local-business,4,"Beauty, Hair & Spa Services",beauty-hair-spa-services,19,Vietnamese Hair Salons,vietnamese-hair-salons,,,,
Local Businesses,local-business,4,"Beauty, Hair & Spa Services",beauty-hair-spa-services,20,Bridal Hair Stylists,bridal-hair-stylists,,,,
Local Businesses,local-business,4,"Beauty, Hair & Spa Services",beauty-hair-spa-services,21,On-Location Hair Stylists,on-location-hair-stylists,,,,
Local Businesses,local-business,4,"Beauty, Hair & Spa Services",beauty-hair-spa-services,22,Hair Color Specialists,hair-color-specialists,,,,
Local Businesses,local-business,4,"Beauty, Hair & Spa Services",beauty-hair-spa-services,23,Balayage Specialists,balayage-specialists,,,,
Local Businesses,local-business,4,"Beauty, Hair & Spa Services",beauty-hair-spa-services,24,Highlights Specialists,highlights-specialists,,,,
Local Businesses,local-business,4,"Beauty, Hair & Spa Services",beauty-hair-spa-services,25,Lowlights Specialists,lowlights-specialists,,,,
Local Businesses,local-business,4,"Beauty, Hair & Spa Services",beauty-hair-spa-services,26,Ombre Hair Specialists,ombre-hair-specialists,,,,
Local Businesses,local-business,4,"Beauty, Hair & Spa Services",beauty-hair-spa-services,27,Color Correction Specialists,color-correction-specialists,,,,
Local Businesses,local-business,4,"Beauty, Hair & Spa Services",beauty-hair-spa-services,28,Gray Coverage Specialists,gray-coverage-specialists,,,,
Local Businesses,local-business,4,"Beauty, Hair & Spa Services",beauty-hair-spa-services,29,Hair Extension Salons,hair-extension-salons,,,,
Local Businesses,local-business,4,"Beauty, Hair & Spa Services",beauty-hair-spa-services,30,Tape-In Hair Extensions,tape-in-hair-extensions,,,,
Local Businesses,local-business,4,"Beauty, Hair & Spa Services",beauty-hair-spa-services,31,Sew-In Hair Extensions,sew-in-hair-extensions,,,,
Local Businesses,local-business,4,"Beauty, Hair & Spa Services",beauty-hair-spa-services,32,Fusion Hair Extensions,fusion-hair-extensions,,,,
Local Businesses,local-business,4,"Beauty, Hair & Spa Services",beauty-hair-spa-services,33,Microlink Hair Extensions,microlink-hair-extensions,,,,
Local Businesses,local-business,4,"Beauty, Hair & Spa Services",beauty-hair-spa-services,34,Hair Loss Specialists,hair-loss-specialists,,,,
Local Businesses,local-business,4,"Beauty, Hair & Spa Services",beauty-hair-spa-services,35,Trichologists,trichologists,,,,
Local Businesses,local-business,4,"Beauty, Hair & Spa Services",beauty-hair-spa-services,36,Scalp Treatment Salons,scalp-treatment-salons,1,Skin Care,Facial Treatment,skin-care-facial-treatment
Local Businesses,local-business,4,"Beauty, Hair & Spa Services",beauty-hair-spa-services,37,Hair Replacement Specialists,hair-replacement-specialists,,,,
Local Businesses,local-business,4,"Beauty, Hair & Spa Services",beauty-hair-spa-services,38,Wig Stores,wig-stores,,,,
Local Businesses,local-business,4,"Beauty, Hair & Spa Services",beauty-hair-spa-services,39,Custom Wig Makers,custom-wig-makers,,,,
Local Businesses,local-business,4,"Beauty, Hair & Spa Services",beauty-hair-spa-services,40,Lace Front Wig Stores,lace-front-wig-stores,,,,
Local Businesses,local-business,4,"Beauty, Hair & Spa Services",beauty-hair-spa-services,41,Cancer Wig Specialists,cancer-wig-specialists,,,,
Local Businesses,local-business,4,"Beauty, Hair & Spa Services",beauty-hair-spa-services,42,Toupee Stores,toupee-stores,,,,
Local Businesses,local-business,4,"Beauty, Hair & Spa Services",beauty-hair-spa-services,43,Barbershops,barbershops,,,,
Local Businesses,local-business,4,"Beauty, Hair & Spa Services",beauty-hair-spa-services,44,Old School Barbershops,old-school-barbershops,,,,
Local Businesses,local-business,4,"Beauty, Hair & Spa Services",beauty-hair-spa-services,45,Modern Barbershops,modern-barbershops,,,,
Local Businesses,local-business,4,"Beauty, Hair & Spa Services",beauty-hair-spa-services,46,Luxury Barbershops,luxury-barbershops,,,,
Local Businesses,local-business,4,"Beauty, Hair & Spa Services",beauty-hair-spa-services,47,Black Barbershops,black-barbershops,,,,
Local Businesses,local-business,4,"Beauty, Hair & Spa Services",beauty-hair-spa-services,48,Latino Barbershops,latino-barbershops,,,,
Local Businesses,local-business,4,"Beauty, Hair & Spa Services",beauty-hair-spa-services,49,Hot Shave Barbershops,hot-shave-barbershops,,,,
Local Businesses,local-business,4,"Beauty, Hair & Spa Services",beauty-hair-spa-services,50,Beard Trim Barbershops,beard-trim-barbershops,,,,
Local Businesses,local-business,4,"Beauty, Hair & Spa Services",beauty-hair-spa-services,51,Beard Grooming,beard-grooming,,,,
Local Businesses,local-business,4,"Beauty, Hair & Spa Services",beauty-hair-spa-services,52,Mustache Wax Shops,mustache-wax-shops,,,,
Local Businesses,local-business,4,"Beauty, Hair & Spa Services",beauty-hair-spa-services,53,Nail Salons,nail-salons,,,,
Local Businesses,local-business,4,"Beauty, Hair & Spa Services",beauty-hair-spa-services,54,Korean Nail Salons,korean-nail-salons,,,,
Local Businesses,local-business,4,"Beauty, Hair & Spa Services",beauty-hair-spa-services,55,Vietnamese Nail Salons,vietnamese-nail-salons,,,,
Local Businesses,local-business,4,"Beauty, Hair & Spa Services",beauty-hair-spa-services,56,Luxury Nail Salons,luxury-nail-salons,,,,
Local Businesses,local-business,4,"Beauty, Hair & Spa Services",beauty-hair-spa-services,57,Express Nail Salons,express-nail-salons,,,,
Local Businesses,local-business,4,"Beauty, Hair & Spa Services",beauty-hair-spa-services,58,Mobile Nail Technicians,mobile-nail-technicians,,,,
Local Businesses,local-business,4,"Beauty, Hair & Spa Services",beauty-hair-spa-services,59,Acrylic Nail Salons,acrylic-nail-salons,,,,
Local Businesses,local-business,4,"Beauty, Hair & Spa Services",beauty-hair-spa-services,60,Gel Nail Salons,gel-nail-salons,,,,
Local Businesses,local-business,4,"Beauty, Hair & Spa Services",beauty-hair-spa-services,61,Dip Powder Nail Salons,dip-powder-nail-salons,,,,
Local Businesses,local-business,4,"Beauty, Hair & Spa Services",beauty-hair-spa-services,62,Polygel Nail Salons,polygel-nail-salons,,,,
Local Businesses,local-business,4,"Beauty, Hair & Spa Services",beauty-hair-spa-services,63,Press-On Nail Studios,press-on-nail-studios,,,,
Local Businesses,local-business,4,"Beauty, Hair & Spa Services",beauty-hair-spa-services,64,Nail Art Studios,nail-art-studios,,,,
Local Businesses,local-business,4,"Beauty, Hair & Spa Services",beauty-hair-spa-services,65,Russian Manicure Studios,russian-manicure-studios,,,,
Local Businesses,local-business,4,"Beauty, Hair & Spa Services",beauty-hair-spa-services,66,Japanese Manicure Studios,japanese-manicure-studios,,,,
Local Businesses,local-business,4,"Beauty, Hair & Spa Services",beauty-hair-spa-services,67,Pedicure Spas,pedicure-spas,,,,
Local Businesses,local-business,4,"Beauty, Hair & Spa Services",beauty-hair-spa-services,68,Reflexology Pedicures,reflexology-pedicures,,,,
Local Businesses,local-business,4,"Beauty, Hair & Spa Services",beauty-hair-spa-services,69,Fish Pedicure Spas,fish-pedicure-spas,,,,
Local Businesses,local-business,4,"Beauty, Hair & Spa Services",beauty-hair-spa-services,71,Bridal Nail Services,bridal-nail-services,1,Prepared Meals,Meal Prep Service,prepared-meals-meal-prep-service
Local Businesses,local-business,4,"Beauty, Hair & Spa Services",beauty-hair-spa-services,71,Bridal Nail Services,bridal-nail-services,2,Prepared Meals,Cooking Classes,prepared-meals-cooking-classes
Local Businesses,local-business,4,"Beauty, Hair & Spa Services",beauty-hair-spa-services,71,Bridal Nail Services,bridal-nail-services,3,Prepared Meals,Chef Table,prepared-meals-chef-table
Local Businesses,local-business,4,"Beauty, Hair & Spa Services",beauty-hair-spa-services,71,Bridal Nail Services,bridal-nail-services,4,Prepared Meals,Supper Club,prepared-meals-supper-club
Local Businesses,local-business,4,"Beauty, Hair & Spa Services",beauty-hair-spa-services,72,Eyelash Extensions Studios,eyelash-extensions-studios,,,,
Local Businesses,local-business,4,"Beauty, Hair & Spa Services",beauty-hair-spa-services,73,Classic Lash Studios,classic-lash-studios,,,,
Local Businesses,local-business,4,"Beauty, Hair & Spa Services",beauty-hair-spa-services,74,Volume Lash Studios,volume-lash-studios,,,,
Local Businesses,local-business,4,"Beauty, Hair & Spa Services",beauty-hair-spa-services,75,Hybrid Lash Studios,hybrid-lash-studios,,,,
Local Businesses,local-business,4,"Beauty, Hair & Spa Services",beauty-hair-spa-services,76,Mega Volume Lash Studios,mega-volume-lash-studios,,,,
Local Businesses,local-business,4,"Beauty, Hair & Spa Services",beauty-hair-spa-services,77,Lash Lift Studios,lash-lift-studios,,,,
Local Businesses,local-business,4,"Beauty, Hair & Spa Services",beauty-hair-spa-services,78,Lash Tint Services,lash-tint-services,,,,
Local Businesses,local-business,4,"Beauty, Hair & Spa Services",beauty-hair-spa-services,79,Eyebrow Studios,eyebrow-studios,,,,
Local Businesses,local-business,4,"Beauty, Hair & Spa Services",beauty-hair-spa-services,80,Brow Threading Salons,brow-threading-salons,,,,
Local Businesses,local-business,4,"Beauty, Hair & Spa Services",beauty-hair-spa-services,81,Brow Waxing Salons,brow-waxing-salons,,,,
Local Businesses,local-business,4,"Beauty, Hair & Spa Services",beauty-hair-spa-services,82,Brow Tinting Studios,brow-tinting-studios,,,,
Local Businesses,local-business,4,"Beauty, Hair & Spa Services",beauty-hair-spa-services,83,Brow Lamination Studios,brow-lamination-studios,,,,
Local Businesses,local-business,4,"Beauty, Hair & Spa Services",beauty-hair-spa-services,84,Henna Brow Studios,henna-brow-studios,,,,
Local Businesses,local-business,4,"Beauty, Hair & Spa Services",beauty-hair-spa-services,85,Microblading Studios,microblading-studios,,,,
Local Businesses,local-business,4,"Beauty, Hair & Spa Services",beauty-hair-spa-services,86,Microshading Studios,microshading-studios,,,,
Local Businesses,local-business,4,"Beauty, Hair & Spa Services",beauty-hair-spa-services,87,Powder Brow Studios,powder-brow-studios,,,,
Local Businesses,local-business,4,"Beauty, Hair & Spa Services",beauty-hair-spa-services,88,Combo Brow Studios,combo-brow-studios,,,,
Local Businesses,local-business,4,"Beauty, Hair & Spa Services",beauty-hair-spa-services,89,Permanent Makeup Studios,permanent-makeup-studios,,,,
Local Businesses,local-business,4,"Beauty, Hair & Spa Services",beauty-hair-spa-services,90,Cosmetic Tattoo Studios,cosmetic-tattoo-studios,,,,
Local Businesses,local-business,4,"Beauty, Hair & Spa Services",beauty-hair-spa-services,91,Lip Blush Studios,lip-blush-studios,,,,
Local Businesses,local-business,4,"Beauty, Hair & Spa Services",beauty-hair-spa-services,92,Areola Tattoo Studios,areola-tattoo-studios,,,,
Local Businesses,local-business,4,"Beauty, Hair & Spa Services",beauty-hair-spa-services,93,Scalp Micropigmentation Studios,scalp-micropigmentation-studios,,,,
Local Businesses,local-business,4,"Beauty, Hair & Spa Services",beauty-hair-spa-services,94,Tattoo Cover-Up Studios,tattoo-cover-up-studios,,,,
Local Businesses,local-business,4,"Beauty, Hair & Spa Services",beauty-hair-spa-services,95,Tattoo Removal Studios,tattoo-removal-studios,,,,
Local Businesses,local-business,4,"Beauty, Hair & Spa Services",beauty-hair-spa-services,96,Laser Tattoo Removal,laser-tattoo-removal,,,,
Local Businesses,local-business,4,"Beauty, Hair & Spa Services",beauty-hair-spa-services,97,Henna Tattoo Artists,henna-tattoo-artists,,,,
Local Businesses,local-business,4,"Beauty, Hair & Spa Services",beauty-hair-spa-services,98,Bridal Henna Artists,bridal-henna-artists,,,,
Local Businesses,local-business,4,"Beauty, Hair & Spa Services",beauty-hair-spa-services,99,Body Art Studios,body-art-studios,,,,
Local Businesses,local-business,4,"Beauty, Hair & Spa Services",beauty-hair-spa-services,100,Body Painting Artists,body-painting-artists,1,Collision Repair,Paint Matching,collision-repair-paint-matching
Local Businesses,local-business,4,"Beauty, Hair & Spa Services",beauty-hair-spa-services,101,Body Piercing Studios,body-piercing-studios,,,,
Local Businesses,local-business,4,"Beauty, Hair & Spa Services",beauty-hair-spa-services,102,Ear Piercing Studios,ear-piercing-studios,,,,
Local Businesses,local-business,4,"Beauty, Hair & Spa Services",beauty-hair-spa-services,103,Nose Piercing Studios,nose-piercing-studios,,,,
Local Businesses,local-business,4,"Beauty, Hair & Spa Services",beauty-hair-spa-services,104,Dermal Piercing Studios,dermal-piercing-studios,,,,
Local Businesses,local-business,4,"Beauty, Hair & Spa Services",beauty-hair-spa-services,106,Tongue Piercing Studios,tongue-piercing-studios,,,,
Local Businesses,local-business,4,"Beauty, Hair & Spa Services",beauty-hair-spa-services,107,Surface Piercing Studios,surface-piercing-studios,,,,
Local Businesses,local-business,4,"Beauty, Hair & Spa Services",beauty-hair-spa-services,108,Tattoo Studios,tattoo-studios,,,,
Local Businesses,local-business,4,"Beauty, Hair & Spa Services",beauty-hair-spa-services,109,Custom Tattoo Studios,custom-tattoo-studios,,,,
Local Businesses,local-business,4,"Beauty, Hair & Spa Services",beauty-hair-spa-services,110,Realism Tattoo Studios,realism-tattoo-studios,,,,
Local Businesses,local-business,4,"Beauty, Hair & Spa Services",beauty-hair-spa-services,111,Black & Gray Tattoo Studios,black-gray-tattoo-studios,,,,
Local Businesses,local-business,4,"Beauty, Hair & Spa Services",beauty-hair-spa-services,112,Color Tattoo Studios,color-tattoo-studios,,,,
Local Businesses,local-business,4,"Beauty, Hair & Spa Services",beauty-hair-spa-services,113,Traditional Tattoo Studios,traditional-tattoo-studios,,,,
Local Businesses,local-business,4,"Beauty, Hair & Spa Services",beauty-hair-spa-services,114,Japanese Tattoo Studios,japanese-tattoo-studios,,,,
Local Businesses,local-business,4,"Beauty, Hair & Spa Services",beauty-hair-spa-services,115,Tribal Tattoo Studios,tribal-tattoo-studios,,,,
Local Businesses,local-business,4,"Beauty, Hair & Spa Services",beauty-hair-spa-services,116,Geometric Tattoo Studios,geometric-tattoo-studios,,,,
Local Businesses,local-business,4,"Beauty, Hair & Spa Services",beauty-hair-spa-services,117,Fine Line Tattoo Studios,fine-line-tattoo-studios,,,,
Local Businesses,local-business,4,"Beauty, Hair & Spa Services",beauty-hair-spa-services,118,White Ink Tattoo Studios,white-ink-tattoo-studios,,,,
Local Businesses,local-business,4,"Beauty, Hair & Spa Services",beauty-hair-spa-services,119,Watercolor Tattoo Studios,watercolor-tattoo-studios,,,,
Local Businesses,local-business,4,"Beauty, Hair & Spa Services",beauty-hair-spa-services,120,Pet Memorial Tattoos,pet-memorial-tattoos,1,Pharmacy,Pet Pharmacy,pharmacy-pet-pharmacy
Local Businesses,local-business,4,"Beauty, Hair & Spa Services",beauty-hair-spa-services,121,Makeup Artists,makeup-artists,,,,
Local Businesses,local-business,4,"Beauty, Hair & Spa Services",beauty-hair-spa-services,122,On-Location Makeup Artists,on-location-makeup-artists,,,,
Local Businesses,local-business,4,"Beauty, Hair & Spa Services",beauty-hair-spa-services,123,Bridal Makeup Artists,bridal-makeup-artists,,,,
Local Businesses,local-business,4,"Beauty, Hair & Spa Services",beauty-hair-spa-services,124,Special Occasion Makeup,special-occasion-makeup,,,,
Local Businesses,local-business,4,"Beauty, Hair & Spa Services",beauty-hair-spa-services,125,Theatrical Makeup Artists,theatrical-makeup-artists,,,,
Local Businesses,local-business,4,"Beauty, Hair & Spa Services",beauty-hair-spa-services,126,SFX Makeup Artists,sfx-makeup-artists,,,,
Local Businesses,local-business,4,"Beauty, Hair & Spa Services",beauty-hair-spa-services,127,Airbrush Makeup Studios,airbrush-makeup-studios,,,,
Local Businesses,local-business,4,"Beauty, Hair & Spa Services",beauty-hair-spa-services,128,Makeup Lessons,makeup-lessons,,,,
Local Businesses,local-business,4,"Beauty, Hair & Spa Services",beauty-hair-spa-services,129,Makeup Counters,makeup-counters,,,,
Local Businesses,local-business,4,"Beauty, Hair & Spa Services",beauty-hair-spa-services,130,Beauty Counters,beauty-counters,1,Skin Care,Skin Rejuvenation,skin-care-skin-rejuvenation
Local Businesses,local-business,4,"Beauty, Hair & Spa Services",beauty-hair-spa-services,130,Beauty Counters,beauty-counters,2,Pharmacy,Retail Pharmacy,pharmacy-retail-pharmacy
Local Businesses,local-business,4,"Beauty, Hair & Spa Services",beauty-hair-spa-services,130,Beauty Counters,beauty-counters,3,Pharmacy,Compounding Pharmacy,pharmacy-compounding-pharmacy
Local Businesses,local-business,4,"Beauty, Hair & Spa Services",beauty-hair-spa-services,130,Beauty Counters,beauty-counters,4,Pharmacy,Online Pharmacy,pharmacy-online-pharmacy
Local Businesses,local-business,4,"Beauty, Hair & Spa Services",beauty-hair-spa-services,130,Beauty Counters,beauty-counters,5,Pharmacy,Hospital Pharmacy,pharmacy-hospital-pharmacy
Local Businesses,local-business,4,"Beauty, Hair & Spa Services",beauty-hair-spa-services,130,Beauty Counters,beauty-counters,6,Beauty Retail,Cosmetics Store,beauty-retail-cosmetics-store
Local Businesses,local-business,4,"Beauty, Hair & Spa Services",beauty-hair-spa-services,130,Beauty Counters,beauty-counters,7,Beauty Retail,Skincare Shop,beauty-retail-skincare-shop
Local Businesses,local-business,4,"Beauty, Hair & Spa Services",beauty-hair-spa-services,130,Beauty Counters,beauty-counters,8,Beauty Retail,Perfume Store,beauty-retail-perfume-store
Local Businesses,local-business,4,"Beauty, Hair & Spa Services",beauty-hair-spa-services,130,Beauty Counters,beauty-counters,9,Beauty Retail,Beauty Supply,beauty-retail-beauty-supply
Local Businesses,local-business,4,"Beauty, Hair & Spa Services",beauty-hair-spa-services,130,Beauty Counters,beauty-counters,10,Beauty Retail,Natural Beauty,beauty-retail-natural-beauty
Local Businesses,local-business,4,"Beauty, Hair & Spa Services",beauty-hair-spa-services,130,Beauty Counters,beauty-counters,11,Beauty Retail,Hair Product Store,beauty-retail-hair-product-store
Local Businesses,local-business,4,"Beauty, Hair & Spa Services",beauty-hair-spa-services,130,Beauty Counters,beauty-counters,12,Beauty Retail,Nail Supply,beauty-retail-nail-supply
Local Businesses,local-business,4,"Beauty, Hair & Spa Services",beauty-hair-spa-services,130,Beauty Counters,beauty-counters,14,Beauty Retail,Organic Beauty,beauty-retail-organic-beauty
Local Businesses,local-business,4,"Beauty, Hair & Spa Services",beauty-hair-spa-services,130,Beauty Counters,beauty-counters,15,Beauty Retail,K-Beauty Store,beauty-retail-k-beauty-store
Local Businesses,local-business,4,"Beauty, Hair & Spa Services",beauty-hair-spa-services,131,Skincare Boutiques,skincare-boutiques,,,,
Local Businesses,local-business,4,"Beauty, Hair & Spa Services",beauty-hair-spa-services,132,Esthetician Studios,esthetician-studios,,,,
Local Businesses,local-business,4,"Beauty, Hair & Spa Services",beauty-hair-spa-services,133,Facial Studios,facial-studios,,,,
Local Businesses,local-business,4,"Beauty, Hair & Spa Services",beauty-hair-spa-services,134,HydraFacial Spas,hydrafacial-spas,,,,
Local Businesses,local-business,4,"Beauty, Hair & Spa Services",beauty-hair-spa-services,135,Microdermabrasion Studios,microdermabrasion-studios,1,Skin Care,Microdermabrasion,skin-care-microdermabrasion
Local Businesses,local-business,4,"Beauty, Hair & Spa Services",beauty-hair-spa-services,136,Chemical Peel Spas,chemical-peel-spas,1,Skin Care,Chemical Peel,skin-care-chemical-peel
Local Businesses,local-business,4,"Beauty, Hair & Spa Services",beauty-hair-spa-services,137,Dermaplaning Studios,dermaplaning-studios,,,,
Local Businesses,local-business,4,"Beauty, Hair & Spa Services",beauty-hair-spa-services,138,LED Light Therapy Studios,led-light-therapy-studios,1,Skin Care,LED Light Therapy,skin-care-led-light-therapy
Local Businesses,local-business,4,"Beauty, Hair & Spa Services",beauty-hair-spa-services,139,Microcurrent Facial Studios,microcurrent-facial-studios,,,,
Local Businesses,local-business,4,"Beauty, Hair & Spa Services",beauty-hair-spa-services,140,Microneedling Studios,microneedling-studios,,,,
Local Businesses,local-business,4,"Beauty, Hair & Spa Services",beauty-hair-spa-services,141,Skinpen Studios,skinpen-studios,,,,
Local Businesses,local-business,4,"Beauty, Hair & Spa Services",beauty-hair-spa-services,142,RF Microneedling Studios,rf-microneedling-studios,,,,
Local Businesses,local-business,4,"Beauty, Hair & Spa Services",beauty-hair-spa-services,143,Oxygen Facial Spas,oxygen-facial-spas,,,,
Local Businesses,local-business,4,"Beauty, Hair & Spa Services",beauty-hair-spa-services,144,Diamond Facial Spas,diamond-facial-spas,,,,
Local Businesses,local-business,4,"Beauty, Hair & Spa Services",beauty-hair-spa-services,145,24K Gold Facial Spas,24k-gold-facial-spas,,,,
Local Businesses,local-business,4,"Beauty, Hair & Spa Services",beauty-hair-spa-services,146,Acne Treatment Spas,acne-treatment-spas,1,Skin Care Medical,Acne Treatment Derma,skin-care-medical-acne-treatment-derma
Local Businesses,local-business,4,"Beauty, Hair & Spa Services",beauty-hair-spa-services,146,Acne Treatment Spas,acne-treatment-spas,2,Skin Care,Acne Treatment,skin-care-acne-treatment
Local Businesses,local-business,4,"Beauty, Hair & Spa Services",beauty-hair-spa-services,147,Anti-Aging Spas,anti-aging-spas,1,Skin Care,Anti-Aging Treatment,skin-care-anti-aging-treatment
Local Businesses,local-business,4,"Beauty, Hair & Spa Services",beauty-hair-spa-services,148,Med Spas,med-spas,,,,
Local Businesses,local-business,4,"Beauty, Hair & Spa Services",beauty-hair-spa-services,149,Medical Spas,medical-spas,,,,
Local Businesses,local-business,4,"Beauty, Hair & Spa Services",beauty-hair-spa-services,150,Botox Clinics,botox-clinics,1,Skin Care,Botox & Fillers,skin-care-botox-fillers
Local Businesses,local-business,4,"Beauty, Hair & Spa Services",beauty-hair-spa-services,151,Filler Clinics,filler-clinics,,,,
Local Businesses,local-business,4,"Beauty, Hair & Spa Services",beauty-hair-spa-services,152,Lip Filler Clinics,lip-filler-clinics,,,,
Local Businesses,local-business,4,"Beauty, Hair & Spa Services",beauty-hair-spa-services,153,Cheek Filler Clinics,cheek-filler-clinics,,,,
Local Businesses,local-business,4,"Beauty, Hair & Spa Services",beauty-hair-spa-services,154,Jawline Filler Clinics,jawline-filler-clinics,,,,
Local Businesses,local-business,4,"Beauty, Hair & Spa Services",beauty-hair-spa-services,155,Under-Eye Filler Clinics,under-eye-filler-clinics,,,,
Local Businesses,local-business,4,"Beauty, Hair & Spa Services",beauty-hair-spa-services,156,Dermal Filler Clinics,dermal-filler-clinics,,,,
Local Businesses,local-business,4,"Beauty, Hair & Spa Services",beauty-hair-spa-services,157,Sculptra Clinics,sculptra-clinics,,,,
Local Businesses,local-business,4,"Beauty, Hair & Spa Services",beauty-hair-spa-services,158,Kybella Clinics,kybella-clinics,,,,
Local Businesses,local-business,4,"Beauty, Hair & Spa Services",beauty-hair-spa-services,159,CoolSculpting Centers,coolsculpting-centers,,,,
Local Businesses,local-business,4,"Beauty, Hair & Spa Services",beauty-hair-spa-services,160,Fat Freezing Centers,fat-freezing-centers,,,,
Local Businesses,local-business,4,"Beauty, Hair & Spa Services",beauty-hair-spa-services,161,Body Contouring Studios,body-contouring-studios,1,Skin Care,Body Contouring,skin-care-body-contouring
Local Businesses,local-business,4,"Beauty, Hair & Spa Services",beauty-hair-spa-services,162,EmSculpt Studios,emsculpt-studios,,,,
Local Businesses,local-business,4,"Beauty, Hair & Spa Services",beauty-hair-spa-services,163,Cellulite Treatment Centers,cellulite-treatment-centers,,,,
Local Businesses,local-business,4,"Beauty, Hair & Spa Services",beauty-hair-spa-services,164,Laser Hair Removal Centers,laser-hair-removal-centers,1,Skin Care,Laser Hair Removal,skin-care-laser-hair-removal
Local Businesses,local-business,4,"Beauty, Hair & Spa Services",beauty-hair-spa-services,165,IPL Hair Removal Centers,ipl-hair-removal-centers,,,,
Local Businesses,local-business,4,"Beauty, Hair & Spa Services",beauty-hair-spa-services,166,Electrolysis Studios,electrolysis-studios,,,,
Local Businesses,local-business,4,"Beauty, Hair & Spa Services",beauty-hair-spa-services,167,Sugaring Studios,sugaring-studios,,,,
Local Businesses,local-business,4,"Beauty, Hair & Spa Services",beauty-hair-spa-services,168,Brazilian Wax Studios,brazilian-wax-studios,,,,
Local Businesses,local-business,4,"Beauty, Hair & Spa Services",beauty-hair-spa-services,169,Body Wax Studios,body-wax-studios,,,,
Local Businesses,local-business,4,"Beauty, Hair & Spa Services",beauty-hair-spa-services,170,Threading Salons,threading-salons,,,,
Local Businesses,local-business,4,"Beauty, Hair & Spa Services",beauty-hair-spa-services,171,Spray Tan Salons,spray-tan-salons,,,,
Local Businesses,local-business,4,"Beauty, Hair & Spa Services",beauty-hair-spa-services,172,Airbrush Tan Studios,airbrush-tan-studios,,,,
Local Businesses,local-business,4,"Beauty, Hair & Spa Services",beauty-hair-spa-services,173,Tanning Salons,tanning-salons,,,,
Local Businesses,local-business,4,"Beauty, Hair & Spa Services",beauty-hair-spa-services,174,UV Tanning Beds,uv-tanning-beds,,,,
Local Businesses,local-business,4,"Beauty, Hair & Spa Services",beauty-hair-spa-services,175,Stand-Up Tanning Booths,stand-up-tanning-booths,,,,
Local Businesses,local-business,4,"Beauty, Hair & Spa Services",beauty-hair-spa-services,176,Custom Bronzing Studios,custom-bronzing-studios,,,,
Local Businesses,local-business,4,"Beauty, Hair & Spa Services",beauty-hair-spa-services,177,Day Spas,day-spas,,,,
Local Businesses,local-business,4,"Beauty, Hair & Spa Services",beauty-hair-spa-services,178,Resort Spas,resort-spas,,,,
Local Businesses,local-business,4,"Beauty, Hair & Spa Services",beauty-hair-spa-services,179,Hotel Spas,hotel-spas,,,,
Local Businesses,local-business,4,"Beauty, Hair & Spa Services",beauty-hair-spa-services,180,Korean Day Spas,korean-day-spas,,,,
Local Businesses,local-business,4,"Beauty, Hair & Spa Services",beauty-hair-spa-services,181,Jjimjilbang,jjimjilbang,,,,
Local Businesses,local-business,4,"Beauty, Hair & Spa Services",beauty-hair-spa-services,182,Japanese Onsen,japanese-onsen,,,,
Local Businesses,local-business,4,"Beauty, Hair & Spa Services",beauty-hair-spa-services,183,Hammams,hammams,,,,
Local Businesses,local-business,4,"Beauty, Hair & Spa Services",beauty-hair-spa-services,184,Turkish Baths,turkish-baths,,,,
Local Businesses,local-business,4,"Beauty, Hair & Spa Services",beauty-hair-spa-services,185,Russian Bathhouses,russian-bathhouses,,,,
Local Businesses,local-business,4,"Beauty, Hair & Spa Services",beauty-hair-spa-services,186,Banya Bathhouses,banya-bathhouses,,,,
Local Businesses,local-business,4,"Beauty, Hair & Spa Services",beauty-hair-spa-services,187,Float Therapy Centers,float-therapy-centers,,,,
Local Businesses,local-business,4,"Beauty, Hair & Spa Services",beauty-hair-spa-services,188,Sensory Deprivation Tank Centers,sensory-deprivation-tank-centers,,,,
Local Businesses,local-business,4,"Beauty, Hair & Spa Services",beauty-hair-spa-services,189,Float Pods,float-pods,,,,
Local Businesses,local-business,4,"Beauty, Hair & Spa Services",beauty-hair-spa-services,190,Salt Therapy Caves,salt-therapy-caves,,,,
Local Businesses,local-business,4,"Beauty, Hair & Spa Services",beauty-hair-spa-services,191,Halotherapy Spas,halotherapy-spas,,,,
Local Businesses,local-business,4,"Beauty, Hair & Spa Services",beauty-hair-spa-services,192,Cryotherapy Spas,cryotherapy-spas,,,,
Local Businesses,local-business,4,"Beauty, Hair & Spa Services",beauty-hair-spa-services,193,Whole-Body Cryotherapy,whole-body-cryotherapy,,,,
Local Businesses,local-business,4,"Beauty, Hair & Spa Services",beauty-hair-spa-services,194,Localized Cryotherapy,localized-cryotherapy,,,,
Local Businesses,local-business,4,"Beauty, Hair & Spa Services",beauty-hair-spa-services,195,Infrared Sauna Studios,infrared-sauna-studios,,,,
Local Businesses,local-business,4,"Beauty, Hair & Spa Services",beauty-hair-spa-services,196,Traditional Sauna Spas,traditional-sauna-spas,,,,
Local Businesses,local-business,4,"Beauty, Hair & Spa Services",beauty-hair-spa-services,197,Steam Room Spas,steam-room-spas,,,,
Local Businesses,local-business,4,"Beauty, Hair & Spa Services",beauty-hair-spa-services,198,Hot Tub Spas,hot-tub-spas,,,,
Local Businesses,local-business,4,"Beauty, Hair & Spa Services",beauty-hair-spa-services,199,Hydrotherapy Spas,hydrotherapy-spas,,,,
Local Businesses,local-business,4,"Beauty, Hair & Spa Services",beauty-hair-spa-services,200,Body Wrap Studios,body-wrap-studios,,,,
Local Businesses,local-business,4,"Beauty, Hair & Spa Services",beauty-hair-spa-services,201,Mud Wrap Studios,mud-wrap-studios,,,,
Local Businesses,local-business,4,"Beauty, Hair & Spa Services",beauty-hair-spa-services,202,Seaweed Wrap Studios,seaweed-wrap-studios,,,,
Local Businesses,local-business,4,"Beauty, Hair & Spa Services",beauty-hair-spa-services,203,Detox Wrap Studios,detox-wrap-studios,,,,
Local Businesses,local-business,4,"Beauty, Hair & Spa Services",beauty-hair-spa-services,204,Massage Therapy Studios,massage-therapy-studios,,,,
Local Businesses,local-business,4,"Beauty, Hair & Spa Services",beauty-hair-spa-services,205,Swedish Massage Studios,swedish-massage-studios,,,,
Local Businesses,local-business,4,"Beauty, Hair & Spa Services",beauty-hair-spa-services,206,Deep Tissue Massage Studios,deep-tissue-massage-studios,1,Spa Services,Deep Tissue Massage,spa-services-deep-tissue-massage
Local Businesses,local-business,4,"Beauty, Hair & Spa Services",beauty-hair-spa-services,207,Sports Massage Studios,sports-massage-studios,,,,
Local Businesses,local-business,4,"Beauty, Hair & Spa Services",beauty-hair-spa-services,208,Thai Massage Studios,thai-massage-studios,,,,
Local Businesses,local-business,4,"Beauty, Hair & Spa Services",beauty-hair-spa-services,209,Shiatsu Massage Studios,shiatsu-massage-studios,,,,
Local Businesses,local-business,4,"Beauty, Hair & Spa Services",beauty-hair-spa-services,210,Lomi Lomi Massage Studios,lomi-lomi-massage-studios,,,,
Local Businesses,local-business,4,"Beauty, Hair & Spa Services",beauty-hair-spa-services,211,Hot Stone Massage Spas,hot-stone-massage-spas,1,Spa Services,Hot Stone Massage,spa-services-hot-stone-massage
Local Businesses,local-business,4,"Beauty, Hair & Spa Services",beauty-hair-spa-services,212,Aromatherapy Massage Studios,aromatherapy-massage-studios,,,,
Local Businesses,local-business,4,"Beauty, Hair & Spa Services",beauty-hair-spa-services,213,Prenatal Massage Studios,prenatal-massage-studios,,,,
Local Businesses,local-business,4,"Beauty, Hair & Spa Services",beauty-hair-spa-services,214,Couples Massage Spas,couples-massage-spas,,,,
Local Businesses,local-business,4,"Beauty, Hair & Spa Services",beauty-hair-spa-services,215,Chair Massage Services,chair-massage-services,,,,
Local Businesses,local-business,4,"Beauty, Hair & Spa Services",beauty-hair-spa-services,216,Mobile Massage Therapists,mobile-massage-therapists,,,,
Local Businesses,local-business,4,"Beauty, Hair & Spa Services",beauty-hair-spa-services,217,Lymphatic Drainage Studios,lymphatic-drainage-studios,,,,
Local Businesses,local-business,4,"Beauty, Hair & Spa Services",beauty-hair-spa-services,218,Manual Lymphatic Drainage,manual-lymphatic-drainage,,,,
Local Businesses,local-business,4,"Beauty, Hair & Spa Services",beauty-hair-spa-services,219,Cupping Therapy Studios,cupping-therapy-studios,,,,
Local Businesses,local-business,4,"Beauty, Hair & Spa Services",beauty-hair-spa-services,220,Gua Sha Studios,gua-sha-studios,,,,
Local Businesses,local-business,4,"Beauty, Hair & Spa Services",beauty-hair-spa-services,221,Reflexology Studios,reflexology-studios,,,,
Local Businesses,local-business,4,"Beauty, Hair & Spa Services",beauty-hair-spa-services,222,Foot Reflexology,foot-reflexology,,,,
Local Businesses,local-business,4,"Beauty, Hair & Spa Services",beauty-hair-spa-services,223,Hand Reflexology,hand-reflexology,,,,
Local Businesses,local-business,4,"Beauty, Hair & Spa Services",beauty-hair-spa-services,224,Korean Foot Massage,korean-foot-massage,,,,
Local Businesses,local-business,4,"Beauty, Hair & Spa Services",beauty-hair-spa-services,225,Reiki Studios,reiki-studios,,,,
Local Businesses,local-business,4,"Beauty, Hair & Spa Services",beauty-hair-spa-services,226,Energy Healing Studios,energy-healing-studios,,,,
Local Businesses,local-business,4,"Beauty, Hair & Spa Services",beauty-hair-spa-services,227,Crystal Healing Studios,crystal-healing-studios,,,,
Local Businesses,local-business,4,"Beauty, Hair & Spa Services",beauty-hair-spa-services,228,Sound Bath Studios,sound-bath-studios,,,,
Local Businesses,local-business,4,"Beauty, Hair & Spa Services",beauty-hair-spa-services,229,Tibetan Bowl Healing,tibetan-bowl-healing,,,,
Local Businesses,local-business,4,"Beauty, Hair & Spa Services",beauty-hair-spa-services,230,Ear Candling Studios,ear-candling-studios,,,,
Local Businesses,local-business,4,"Beauty, Hair & Spa Services",beauty-hair-spa-services,231,Mommy Spa Packages,mommy-spa-packages,,,,
Local Businesses,local-business,4,"Beauty, Hair & Spa Services",beauty-hair-spa-services,232,Postpartum Spa Services,postpartum-spa-services,1,Spa Services,Day Spa,spa-services-day-spa
Local Businesses,local-business,4,"Beauty, Hair & Spa Services",beauty-hair-spa-services,232,Postpartum Spa Services,postpartum-spa-services,2,Spa Services,Medical Spa,spa-services-medical-spa
Local Businesses,local-business,4,"Beauty, Hair & Spa Services",beauty-hair-spa-services,232,Postpartum Spa Services,postpartum-spa-services,3,Spa Services,Resort Spa,spa-services-resort-spa
Local Businesses,local-business,4,"Beauty, Hair & Spa Services",beauty-hair-spa-services,232,Postpartum Spa Services,postpartum-spa-services,4,Spa Services,Thai Massage,spa-services-thai-massage
Local Businesses,local-business,4,"Beauty, Hair & Spa Services",beauty-hair-spa-services,232,Postpartum Spa Services,postpartum-spa-services,5,Spa Services,Swedish Massage,spa-services-swedish-massage
Local Businesses,local-business,4,"Beauty, Hair & Spa Services",beauty-hair-spa-services,232,Postpartum Spa Services,postpartum-spa-services,6,Spa Services,Couples Massage,spa-services-couples-massage
Local Businesses,local-business,4,"Beauty, Hair & Spa Services",beauty-hair-spa-services,232,Postpartum Spa Services,postpartum-spa-services,7,Spa Services,Prenatal Massage,spa-services-prenatal-massage
Local Businesses,local-business,4,"Beauty, Hair & Spa Services",beauty-hair-spa-services,232,Postpartum Spa Services,postpartum-spa-services,8,Spa Services,Sports Massage,spa-services-sports-massage
Local Businesses,local-business,4,"Beauty, Hair & Spa Services",beauty-hair-spa-services,233,Pre-Wedding Spa Packages,pre-wedding-spa-packages,,,,
Local Businesses,local-business,4,"Beauty, Hair & Spa Services",beauty-hair-spa-services,234,Bachelorette Spa Parties,bachelorette-spa-parties,,,,
Local Businesses,local-business,4,"Beauty, Hair & Spa Services",beauty-hair-spa-services,235,Day-of-Wedding Beauty Services,day-of-wedding-beauty-services,1,Beauty Services,Hair Salon,beauty-services-hair-salon
Local Businesses,local-business,4,"Beauty, Hair & Spa Services",beauty-hair-spa-services,235,Day-of-Wedding Beauty Services,day-of-wedding-beauty-services,2,Beauty Services,Barbershop,beauty-services-barbershop
Local Businesses,local-business,4,"Beauty, Hair & Spa Services",beauty-hair-spa-services,235,Day-of-Wedding Beauty Services,day-of-wedding-beauty-services,3,Beauty Services,Nail Salon,beauty-services-nail-salon
Local Businesses,local-business,4,"Beauty, Hair & Spa Services",beauty-hair-spa-services,235,Day-of-Wedding Beauty Services,day-of-wedding-beauty-services,4,Beauty Services,Makeup Artist,beauty-services-makeup-artist
Local Businesses,local-business,4,"Beauty, Hair & Spa Services",beauty-hair-spa-services,235,Day-of-Wedding Beauty Services,day-of-wedding-beauty-services,5,Beauty Services,Eyebrow Threading,beauty-services-eyebrow-threading
Local Businesses,local-business,4,"Beauty, Hair & Spa Services",beauty-hair-spa-services,235,Day-of-Wedding Beauty Services,day-of-wedding-beauty-services,6,Beauty Services,Eyelash Extensions,beauty-services-eyelash-extensions
Local Businesses,local-business,4,"Beauty, Hair & Spa Services",beauty-hair-spa-services,235,Day-of-Wedding Beauty Services,day-of-wedding-beauty-services,7,Beauty Services,Waxing Studio,beauty-services-waxing-studio
Local Businesses,local-business,4,"Beauty, Hair & Spa Services",beauty-hair-spa-services,235,Day-of-Wedding Beauty Services,day-of-wedding-beauty-services,8,Beauty Services,Tattoo Parlor,beauty-services-tattoo-parlor
Local Businesses,local-business,4,"Beauty, Hair & Spa Services",beauty-hair-spa-services,235,Day-of-Wedding Beauty Services,day-of-wedding-beauty-services,9,Beauty Services,Body Piercing,beauty-services-body-piercing
Local Businesses,local-business,4,"Beauty, Hair & Spa Services",beauty-hair-spa-services,235,Day-of-Wedding Beauty Services,day-of-wedding-beauty-services,10,Beauty Services,Microblading,beauty-services-microblading
Local Businesses,local-business,5,Restaurants & Cuisines,restaurants-cuisines,1,American Diners,american-diners,,,,
Local Businesses,local-business,5,Restaurants & Cuisines,restaurants-cuisines,2,All-Day Breakfast Diners,all-day-breakfast-diners,1,Breakfast Spots,Pancake House,breakfast-spots-pancake-house
Local Businesses,local-business,5,Restaurants & Cuisines,restaurants-cuisines,2,All-Day Breakfast Diners,all-day-breakfast-diners,2,Breakfast Spots,Waffle House,breakfast-spots-waffle-house
Local Businesses,local-business,5,Restaurants & Cuisines,restaurants-cuisines,2,All-Day Breakfast Diners,all-day-breakfast-diners,3,Breakfast Spots,Diner,breakfast-spots-diner
Local Businesses,local-business,5,Restaurants & Cuisines,restaurants-cuisines,2,All-Day Breakfast Diners,all-day-breakfast-diners,4,Breakfast Spots,Breakfast Burrito,breakfast-spots-breakfast-burrito
Local Businesses,local-business,5,Restaurants & Cuisines,restaurants-cuisines,2,All-Day Breakfast Diners,all-day-breakfast-diners,5,Breakfast Spots,Bagel Shop Breakfast,breakfast-spots-bagel-shop-breakfast
Local Businesses,local-business,5,Restaurants & Cuisines,restaurants-cuisines,2,All-Day Breakfast Diners,all-day-breakfast-diners,6,Breakfast Spots,Cereal Bar,breakfast-spots-cereal-bar
Local Businesses,local-business,5,Restaurants & Cuisines,restaurants-cuisines,2,All-Day Breakfast Diners,all-day-breakfast-diners,7,Breakfast Spots,Egg Sandwich,breakfast-spots-egg-sandwich
Local Businesses,local-business,5,Restaurants & Cuisines,restaurants-cuisines,2,All-Day Breakfast Diners,all-day-breakfast-diners,8,Breakfast Spots,Smoothie Bowl,breakfast-spots-smoothie-bowl
Local Businesses,local-business,5,Restaurants & Cuisines,restaurants-cuisines,2,All-Day Breakfast Diners,all-day-breakfast-diners,9,Breakfast Spots,French Toast,breakfast-spots-french-toast
Local Businesses,local-business,5,Restaurants & Cuisines,restaurants-cuisines,3,Greasy Spoon Diners,greasy-spoon-diners,,,,
Local Businesses,local-business,5,Restaurants & Cuisines,restaurants-cuisines,4,Classic American Restaurants,classic-american-restaurants,1,By Cuisine,American,by-cuisine-american
Local Businesses,local-business,5,Restaurants & Cuisines,restaurants-cuisines,5,Modern American Restaurants,modern-american-restaurants,,,,
Local Businesses,local-business,5,Restaurants & Cuisines,restaurants-cuisines,6,New American Restaurants,new-american-restaurants,,,,
Local Businesses,local-business,5,Restaurants & Cuisines,restaurants-cuisines,7,Southern Cooking Restaurants,southern-cooking-restaurants,,,,
Local Businesses,local-business,5,Restaurants & Cuisines,restaurants-cuisines,8,Soul Food Restaurants,soul-food-restaurants,1,Asian Cuisine Specific,Teriyaki,asian-cuisine-specific-teriyaki
Local Businesses,local-business,5,Restaurants & Cuisines,restaurants-cuisines,8,Soul Food Restaurants,soul-food-restaurants,2,Asian Cuisine Specific,Szechuan Restaurant,asian-cuisine-specific-szechuan-restaurant
Local Businesses,local-business,5,Restaurants & Cuisines,restaurants-cuisines,8,Soul Food Restaurants,soul-food-restaurants,3,By Type,Fine Dining,by-type-fine-dining
Local Businesses,local-business,5,Restaurants & Cuisines,restaurants-cuisines,8,Soul Food Restaurants,soul-food-restaurants,4,By Type,Casual Dining,by-type-casual-dining
Local Businesses,local-business,5,Restaurants & Cuisines,restaurants-cuisines,8,Soul Food Restaurants,soul-food-restaurants,5,By Type,Fast Casual,by-type-fast-casual
Local Businesses,local-business,5,Restaurants & Cuisines,restaurants-cuisines,8,Soul Food Restaurants,soul-food-restaurants,6,By Type,Fast Food,by-type-fast-food
Local Businesses,local-business,5,Restaurants & Cuisines,restaurants-cuisines,8,Soul Food Restaurants,soul-food-restaurants,7,By Type,Brunch Spot,by-type-brunch-spot
Local Businesses,local-business,5,Restaurants & Cuisines,restaurants-cuisines,8,Soul Food Restaurants,soul-food-restaurants,8,By Type,Buffet,by-type-buffet
Local Businesses,local-business,5,Restaurants & Cuisines,restaurants-cuisines,8,Soul Food Restaurants,soul-food-restaurants,9,By Type,Food Court,by-type-food-court
Local Businesses,local-business,5,Restaurants & Cuisines,restaurants-cuisines,8,Soul Food Restaurants,soul-food-restaurants,10,By Type,Pop-Up Restaurant,by-type-pop-up-restaurant
Local Businesses,local-business,5,Restaurants & Cuisines,restaurants-cuisines,8,Soul Food Restaurants,soul-food-restaurants,11,By Type,Ghost Kitchen,by-type-ghost-kitchen
Local Businesses,local-business,5,Restaurants & Cuisines,restaurants-cuisines,8,Soul Food Restaurants,soul-food-restaurants,12,By Diet,Vegan Restaurant,by-diet-vegan-restaurant
Local Businesses,local-business,5,Restaurants & Cuisines,restaurants-cuisines,8,Soul Food Restaurants,soul-food-restaurants,13,By Diet,Gluten-Free,by-diet-gluten-free
Local Businesses,local-business,5,Restaurants & Cuisines,restaurants-cuisines,8,Soul Food Restaurants,soul-food-restaurants,14,By Diet,Organic Restaurant,by-diet-organic-restaurant
Local Businesses,local-business,5,Restaurants & Cuisines,restaurants-cuisines,8,Soul Food Restaurants,soul-food-restaurants,15,By Diet,Farm-to-Table,by-diet-farm-to-table
Local Businesses,local-business,5,Restaurants & Cuisines,restaurants-cuisines,8,Soul Food Restaurants,soul-food-restaurants,16,By Diet,Halal,by-diet-halal
Local Businesses,local-business,5,Restaurants & Cuisines,restaurants-cuisines,8,Soul Food Restaurants,soul-food-restaurants,17,By Diet,Paleo,by-diet-paleo
Local Businesses,local-business,5,Restaurants & Cuisines,restaurants-cuisines,8,Soul Food Restaurants,soul-food-restaurants,18,By Diet,Keto-Friendly,by-diet-keto-friendly
Local Businesses,local-business,5,Restaurants & Cuisines,restaurants-cuisines,8,Soul Food Restaurants,soul-food-restaurants,19,By Diet,Raw Food,by-diet-raw-food
Local Businesses,local-business,5,Restaurants & Cuisines,restaurants-cuisines,9,Comfort Food Restaurants,comfort-food-restaurants,,,,
Local Businesses,local-business,5,Restaurants & Cuisines,restaurants-cuisines,10,Family-Style Restaurants,family-style-restaurants,1,By Type,Family Restaurant,by-type-family-restaurant
Local Businesses,local-business,5,Restaurants & Cuisines,restaurants-cuisines,11,Cajun Restaurants,cajun-restaurants,,,,
Local Businesses,local-business,5,Restaurants & Cuisines,restaurants-cuisines,12,Creole Restaurants,creole-restaurants,,,,
Local Businesses,local-business,5,Restaurants & Cuisines,restaurants-cuisines,13,Tex-Mex Restaurants,tex-mex-restaurants,,,,
Local Businesses,local-business,5,Restaurants & Cuisines,restaurants-cuisines,14,Southwestern Restaurants,southwestern-restaurants,,,,
Local Businesses,local-business,5,Restaurants & Cuisines,restaurants-cuisines,15,Hawaiian Restaurants,hawaiian-restaurants,1,By Cuisine Extended,Hawaiian,by-cuisine-extended-hawaiian
Local Businesses,local-business,5,Restaurants & Cuisines,restaurants-cuisines,16,Hawaiian Plate Lunch,hawaiian-plate-lunch,,,,
Local Businesses,local-business,5,Restaurants & Cuisines,restaurants-cuisines,17,Poke Bowl Restaurants,poke-bowl-restaurants,,,,
Local Businesses,local-business,5,Restaurants & Cuisines,restaurants-cuisines,18,Loco Moco Restaurants,loco-moco-restaurants,,,,
Local Businesses,local-business,5,Restaurants & Cuisines,restaurants-cuisines,19,Spam Musubi Spots,spam-musubi-spots,,,,
Local Businesses,local-business,5,Restaurants & Cuisines,restaurants-cuisines,20,Polynesian Restaurants,polynesian-restaurants,,,,
Local Businesses,local-business,5,Restaurants & Cuisines,restaurants-cuisines,21,Pacific Islander Restaurants,pacific-islander-restaurants,,,,
Local Businesses,local-business,5,Restaurants & Cuisines,restaurants-cuisines,22,Filipino Restaurants,filipino-restaurants,1,World Cuisine,Filipino Restaurant,world-cuisine-filipino-restaurant
Local Businesses,local-business,5,Restaurants & Cuisines,restaurants-cuisines,23,Filipino Karinderya,filipino-karinderya,,,,
Local Businesses,local-business,5,Restaurants & Cuisines,restaurants-cuisines,24,Indonesian Restaurants,indonesian-restaurants,,,,
Local Businesses,local-business,5,Restaurants & Cuisines,restaurants-cuisines,25,Indonesian Warung,indonesian-warung,,,,
Local Businesses,local-business,5,Restaurants & Cuisines,restaurants-cuisines,26,Malaysian Restaurants,malaysian-restaurants,1,Asian Cuisine Specific,Malaysian Restaurant,asian-cuisine-specific-malaysian-restaurant
Local Businesses,local-business,5,Restaurants & Cuisines,restaurants-cuisines,27,Singaporean Restaurants,singaporean-restaurants,,,,
Local Businesses,local-business,5,Restaurants & Cuisines,restaurants-cuisines,28,Singaporean Hawker,singaporean-hawker,,,,
Local Businesses,local-business,5,Restaurants & Cuisines,restaurants-cuisines,29,Thai Restaurants,thai-restaurants,1,Asian Cuisine Specific,Pad Thai,asian-cuisine-specific-pad-thai
Local Businesses,local-business,5,Restaurants & Cuisines,restaurants-cuisines,29,Thai Restaurants,thai-restaurants,2,By Cuisine,Thai,by-cuisine-thai
Local Businesses,local-business,5,Restaurants & Cuisines,restaurants-cuisines,30,Thai Street Food,thai-street-food,,,,
Local Businesses,local-business,5,Restaurants & Cuisines,restaurants-cuisines,31,Northern Thai Restaurants,northern-thai-restaurants,,,,
Local Businesses,local-business,5,Restaurants & Cuisines,restaurants-cuisines,32,Isan Thai Restaurants,isan-thai-restaurants,,,,
Local Businesses,local-business,5,Restaurants & Cuisines,restaurants-cuisines,33,Vietnamese Restaurants,vietnamese-restaurants,1,By Cuisine,Vietnamese,by-cuisine-vietnamese
Local Businesses,local-business,5,Restaurants & Cuisines,restaurants-cuisines,34,Pho Restaurants,pho-restaurants,1,Asian Cuisine Specific,Pho Restaurant,asian-cuisine-specific-pho-restaurant
Local Businesses,local-business,5,Restaurants & Cuisines,restaurants-cuisines,35,Banh Mi Shops,banh-mi-shops,,,,
Local Businesses,local-business,5,Restaurants & Cuisines,restaurants-cuisines,36,Vietnamese Coffee Shops,vietnamese-coffee-shops,,,,
Local Businesses,local-business,5,Restaurants & Cuisines,restaurants-cuisines,37,Cambodian Restaurants,cambodian-restaurants,,,,
Local Businesses,local-business,5,Restaurants & Cuisines,restaurants-cuisines,38,Khmer Restaurants,khmer-restaurants,,,,
Local Businesses,local-business,5,Restaurants & Cuisines,restaurants-cuisines,39,Laotian Restaurants,laotian-restaurants,,,,
Local Businesses,local-business,5,Restaurants & Cuisines,restaurants-cuisines,40,Burmese Restaurants,burmese-restaurants,,,,
Local Businesses,local-business,5,Restaurants & Cuisines,restaurants-cuisines,41,Mongolian BBQ Restaurants,mongolian-bbq-restaurants,,,,
Local Businesses,local-business,5,Restaurants & Cuisines,restaurants-cuisines,42,Mongolian Hot Pot,mongolian-hot-pot,,,,
Local Businesses,local-business,5,Restaurants & Cuisines,restaurants-cuisines,43,Tibetan Restaurants,tibetan-restaurants,,,,
Local Businesses,local-business,5,Restaurants & Cuisines,restaurants-cuisines,44,Nepali Restaurants,nepali-restaurants,,,,
Local Businesses,local-business,5,Restaurants & Cuisines,restaurants-cuisines,45,Indian Restaurants,indian-restaurants,1,By Cuisine,Indian,by-cuisine-indian
Local Businesses,local-business,5,Restaurants & Cuisines,restaurants-cuisines,46,North Indian Restaurants,north-indian-restaurants,,,,
Local Businesses,local-business,5,Restaurants & Cuisines,restaurants-cuisines,47,South Indian Restaurants,south-indian-restaurants,,,,
Local Businesses,local-business,5,Restaurants & Cuisines,restaurants-cuisines,48,Gujarati Restaurants,gujarati-restaurants,,,,
Local Businesses,local-business,5,Restaurants & Cuisines,restaurants-cuisines,49,Punjabi Restaurants,punjabi-restaurants,,,,
Local Businesses,local-business,5,Restaurants & Cuisines,restaurants-cuisines,50,Bengali Restaurants,bengali-restaurants,,,,
Local Businesses,local-business,5,Restaurants & Cuisines,restaurants-cuisines,51,Hyderabadi Biryani Spots,hyderabadi-biryani-spots,,,,
Local Businesses,local-business,5,Restaurants & Cuisines,restaurants-cuisines,52,Indian Vegetarian Restaurants,indian-vegetarian-restaurants,1,By Diet,Vegetarian Restaurant,by-diet-vegetarian-restaurant
Local Businesses,local-business,5,Restaurants & Cuisines,restaurants-cuisines,53,Indo-Chinese Restaurants,indo-chinese-restaurants,1,By Cuisine,Chinese,by-cuisine-chinese
Local Businesses,local-business,5,Restaurants & Cuisines,restaurants-cuisines,54,Pakistani Restaurants,pakistani-restaurants,,,,
Local Businesses,local-business,5,Restaurants & Cuisines,restaurants-cuisines,55,Afghan Restaurants,afghan-restaurants,1,World Cuisine,Afghan Restaurant,world-cuisine-afghan-restaurant
Local Businesses,local-business,5,Restaurants & Cuisines,restaurants-cuisines,56,Bangladeshi Restaurants,bangladeshi-restaurants,,,,
Local Businesses,local-business,5,Restaurants & Cuisines,restaurants-cuisines,57,Sri Lankan Restaurants,sri-lankan-restaurants,,,,
Local Businesses,local-business,5,Restaurants & Cuisines,restaurants-cuisines,58,Chinese Restaurants,chinese-restaurants,,,,
Local Businesses,local-business,5,Restaurants & Cuisines,restaurants-cuisines,59,Cantonese Restaurants,cantonese-restaurants,1,Asian Cuisine Specific,Cantonese Restaurant,asian-cuisine-specific-cantonese-restaurant
Local Businesses,local-business,5,Restaurants & Cuisines,restaurants-cuisines,60,Sichuan Restaurants,sichuan-restaurants,,,,
Local Businesses,local-business,5,Restaurants & Cuisines,restaurants-cuisines,61,Hunan Restaurants,hunan-restaurants,,,,
Local Businesses,local-business,5,Restaurants & Cuisines,restaurants-cuisines,62,Shanghainese Restaurants,shanghainese-restaurants,,,,
Local Businesses,local-business,5,Restaurants & Cuisines,restaurants-cuisines,63,Northeastern Chinese Restaurants,northeastern-chinese-restaurants,,,,
Local Businesses,local-business,5,Restaurants & Cuisines,restaurants-cuisines,65,Hand-Pulled Noodle Shops,hand-pulled-noodle-shops,,,,
Local Businesses,local-business,5,Restaurants & Cuisines,restaurants-cuisines,66,Dumpling Houses,dumpling-houses,,,,
Local Businesses,local-business,5,Restaurants & Cuisines,restaurants-cuisines,67,Soup Dumpling Spots,soup-dumpling-spots,,,,
Local Businesses,local-business,5,Restaurants & Cuisines,restaurants-cuisines,68,Chinese BBQ Restaurants,chinese-bbq-restaurants,,,,
Local Businesses,local-business,5,Restaurants & Cuisines,restaurants-cuisines,69,Dim Sum Restaurants,dim-sum-restaurants,1,Asian Cuisine Specific,Dim Sum,asian-cuisine-specific-dim-sum
Local Businesses,local-business,5,Restaurants & Cuisines,restaurants-cuisines,70,Hot Pot Restaurants,hot-pot-restaurants,,,,
Local Businesses,local-business,5,Restaurants & Cuisines,restaurants-cuisines,71,Mala Hot Pot,mala-hot-pot,,,,
Local Businesses,local-business,5,Restaurants & Cuisines,restaurants-cuisines,72,Chinese American Restaurants,chinese-american-restaurants,,,,
Local Businesses,local-business,5,Restaurants & Cuisines,restaurants-cuisines,73,Taiwanese Restaurants,taiwanese-restaurants,,,,
Local Businesses,local-business,5,Restaurants & Cuisines,restaurants-cuisines,74,Bubble Tea Shops,bubble-tea-shops,,,,
Local Businesses,local-business,5,Restaurants & Cuisines,restaurants-cuisines,75,Boba Tea Shops,boba-tea-shops,,,,
Local Businesses,local-business,5,Restaurants & Cuisines,restaurants-cuisines,76,Taiwanese Beef Noodle Spots,taiwanese-beef-noodle-spots,,,,
Local Businesses,local-business,5,Restaurants & Cuisines,restaurants-cuisines,77,Hong Kong Style Cafes,hong-kong-style-cafes,,,,
Local Businesses,local-business,5,Restaurants & Cuisines,restaurants-cuisines,78,Cha Chaan Teng,cha-chaan-teng,,,,
Local Businesses,local-business,5,Restaurants & Cuisines,restaurants-cuisines,79,Japanese Restaurants,japanese-restaurants,1,By Cuisine,Japanese,by-cuisine-japanese
Local Businesses,local-business,5,Restaurants & Cuisines,restaurants-cuisines,80,Sushi Restaurants,sushi-restaurants,1,Asian Cuisine Specific,Sushi Bar,asian-cuisine-specific-sushi-bar
Local Businesses,local-business,5,Restaurants & Cuisines,restaurants-cuisines,81,Conveyor Belt Sushi,conveyor-belt-sushi,,,,
Local Businesses,local-business,5,Restaurants & Cuisines,restaurants-cuisines,82,Omakase Sushi,omakase-sushi,,,,
Local Businesses,local-business,5,Restaurants & Cuisines,restaurants-cuisines,83,Sushi Bars,sushi-bars,,,,
Local Businesses,local-business,5,Restaurants & Cuisines,restaurants-cuisines,84,Izakaya,izakaya,,,,
Local Businesses,local-business,5,Restaurants & Cuisines,restaurants-cuisines,85,Yakitori Restaurants,yakitori-restaurants,,,,
Local Businesses,local-business,5,Restaurants & Cuisines,restaurants-cuisines,86,Yakiniku Restaurants,yakiniku-restaurants,,,,
Local Businesses,local-business,5,Restaurants & Cuisines,restaurants-cuisines,87,Japanese BBQ,japanese-bbq,,,,
Local Businesses,local-business,5,Restaurants & Cuisines,restaurants-cuisines,88,Tonkatsu Restaurants,tonkatsu-restaurants,,,,
Local Businesses,local-business,5,Restaurants & Cuisines,restaurants-cuisines,89,Tempura Restaurants,tempura-restaurants,,,,
Local Businesses,local-business,5,Restaurants & Cuisines,restaurants-cuisines,90,Soba Noodle Houses,soba-noodle-houses,,,,
Local Businesses,local-business,5,Restaurants & Cuisines,restaurants-cuisines,91,Udon Noodle Houses,udon-noodle-houses,,,,
Local Businesses,local-business,5,Restaurants & Cuisines,restaurants-cuisines,92,Ramen Shops,ramen-shops,1,Asian Cuisine Specific,Ramen Shop,asian-cuisine-specific-ramen-shop
Local Businesses,local-business,5,Restaurants & Cuisines,restaurants-cuisines,93,Tonkotsu Ramen Shops,tonkotsu-ramen-shops,,,,
Local Businesses,local-business,5,Restaurants & Cuisines,restaurants-cuisines,94,Tsukemen Shops,tsukemen-shops,,,,
Local Businesses,local-business,5,Restaurants & Cuisines,restaurants-cuisines,95,Okonomiyaki Restaurants,okonomiyaki-restaurants,,,,
Local Businesses,local-business,5,Restaurants & Cuisines,restaurants-cuisines,96,Takoyaki Stands,takoyaki-stands,,,,
Local Businesses,local-business,5,Restaurants & Cuisines,restaurants-cuisines,97,Onigiri Shops,onigiri-shops,,,,
Local Businesses,local-business,5,Restaurants & Cuisines,restaurants-cuisines,98,Japanese Curry Houses,japanese-curry-houses,,,,
Local Businesses,local-business,5,Restaurants & Cuisines,restaurants-cuisines,99,Wagyu Steakhouses,wagyu-steakhouses,,,,
Local Businesses,local-business,5,Restaurants & Cuisines,restaurants-cuisines,100,Korean Restaurants,korean-restaurants,1,By Cuisine,Korean,by-cuisine-korean
Local Businesses,local-business,5,Restaurants & Cuisines,restaurants-cuisines,101,Korean BBQ Restaurants,korean-bbq-restaurants,1,Asian Cuisine Specific,Korean BBQ,asian-cuisine-specific-korean-bbq
Local Businesses,local-business,5,Restaurants & Cuisines,restaurants-cuisines,102,KBBQ All You Can Eat,kbbq-all-you-can-eat,,,,
Local Businesses,local-business,5,Restaurants & Cuisines,restaurants-cuisines,103,Korean Fried Chicken,korean-fried-chicken,,,,
Local Businesses,local-business,5,Restaurants & Cuisines,restaurants-cuisines,104,Bibimbap Restaurants,bibimbap-restaurants,,,,
Local Businesses,local-business,5,Restaurants & Cuisines,restaurants-cuisines,105,Bingsu Dessert Shops,bingsu-dessert-shops,1,Dessert Spots,Churro Shop,dessert-spots-churro-shop
Local Businesses,local-business,5,Restaurants & Cuisines,restaurants-cuisines,105,Bingsu Dessert Shops,bingsu-dessert-shops,2,Dessert Spots,Macaron Shop,dessert-spots-macaron-shop
Local Businesses,local-business,5,Restaurants & Cuisines,restaurants-cuisines,105,Bingsu Dessert Shops,bingsu-dessert-shops,3,Dessert Spots,Brownie Shop,dessert-spots-brownie-shop
Local Businesses,local-business,5,Restaurants & Cuisines,restaurants-cuisines,105,Bingsu Dessert Shops,bingsu-dessert-shops,4,Dessert Spots,Cookie Shop,dessert-spots-cookie-shop
Local Businesses,local-business,5,Restaurants & Cuisines,restaurants-cuisines,105,Bingsu Dessert Shops,bingsu-dessert-shops,5,Dessert Spots,Fudge Shop,dessert-spots-fudge-shop
Local Businesses,local-business,5,Restaurants & Cuisines,restaurants-cuisines,105,Bingsu Dessert Shops,bingsu-dessert-shops,6,Dessert Spots,Popsicle Shop,dessert-spots-popsicle-shop
Local Businesses,local-business,5,Restaurants & Cuisines,restaurants-cuisines,106,Korean Tofu Houses,korean-tofu-houses,,,,
Local Businesses,local-business,5,Restaurants & Cuisines,restaurants-cuisines,107,Korean Soft Tofu Restaurants,korean-soft-tofu-restaurants,,,,
Local Businesses,local-business,5,Restaurants & Cuisines,restaurants-cuisines,108,Naengmyeon Spots,naengmyeon-spots,,,,
Local Businesses,local-business,5,Restaurants & Cuisines,restaurants-cuisines,109,Mexican Restaurants,mexican-restaurants,1,By Cuisine,Mexican,by-cuisine-mexican
Local Businesses,local-business,5,Restaurants & Cuisines,restaurants-cuisines,110,Authentic Mexican Restaurants,authentic-mexican-restaurants,,,,
Local Businesses,local-business,5,Restaurants & Cuisines,restaurants-cuisines,111,Taquerias,taquerias,,,,
Local Businesses,local-business,5,Restaurants & Cuisines,restaurants-cuisines,112,Taco Stands,taco-stands,,,,
Local Businesses,local-business,5,Restaurants & Cuisines,restaurants-cuisines,113,Taco Trucks,taco-trucks,,,,
Local Businesses,local-business,5,Restaurants & Cuisines,restaurants-cuisines,114,Birria Taco Spots,birria-taco-spots,,,,
Local Businesses,local-business,5,Restaurants & Cuisines,restaurants-cuisines,115,Al Pastor Taco Spots,al-pastor-taco-spots,,,,
Local Businesses,local-business,5,Restaurants & Cuisines,restaurants-cuisines,116,Carnitas Restaurants,carnitas-restaurants,,,,
Local Businesses,local-business,5,Restaurants & Cuisines,restaurants-cuisines,117,Tortilleria Shops,tortilleria-shops,,,,
Local Businesses,local-business,5,Restaurants & Cuisines,restaurants-cuisines,118,Pupuserias,pupuserias,,,,
Local Businesses,local-business,5,Restaurants & Cuisines,restaurants-cuisines,119,Salvadoran Restaurants,salvadoran-restaurants,,,,
Local Businesses,local-business,5,Restaurants & Cuisines,restaurants-cuisines,120,Honduran Restaurants,honduran-restaurants,,,,
Local Businesses,local-business,5,Restaurants & Cuisines,restaurants-cuisines,121,Guatemalan Restaurants,guatemalan-restaurants,,,,
Local Businesses,local-business,5,Restaurants & Cuisines,restaurants-cuisines,122,Nicaraguan Restaurants,nicaraguan-restaurants,,,,
Local Businesses,local-business,5,Restaurants & Cuisines,restaurants-cuisines,123,Costa Rican Restaurants,costa-rican-restaurants,,,,
Local Businesses,local-business,5,Restaurants & Cuisines,restaurants-cuisines,124,Panamanian Restaurants,panamanian-restaurants,,,,
Local Businesses,local-business,5,Restaurants & Cuisines,restaurants-cuisines,125,Cuban Restaurants,cuban-restaurants,,,,
Local Businesses,local-business,5,Restaurants & Cuisines,restaurants-cuisines,126,Cuban Sandwich Shops,cuban-sandwich-shops,,,,
Local Businesses,local-business,5,Restaurants & Cuisines,restaurants-cuisines,127,Puerto Rican Restaurants,puerto-rican-restaurants,,,,
Local Businesses,local-business,5,Restaurants & Cuisines,restaurants-cuisines,128,Dominican Restaurants,dominican-restaurants,,,,
Local Businesses,local-business,5,Restaurants & Cuisines,restaurants-cuisines,129,Haitian Restaurants,haitian-restaurants,,,,
Local Businesses,local-business,5,Restaurants & Cuisines,restaurants-cuisines,130,Jamaican Restaurants,jamaican-restaurants,1,World Cuisine,Jamaican Restaurant,world-cuisine-jamaican-restaurant
Local Businesses,local-business,5,Restaurants & Cuisines,restaurants-cuisines,131,Caribbean Restaurants,caribbean-restaurants,1,By Cuisine Extended,Caribbean,by-cuisine-extended-caribbean
Local Businesses,local-business,5,Restaurants & Cuisines,restaurants-cuisines,132,Trinidad & Tobago Restaurants,trinidad-tobago-restaurants,,,,
Local Businesses,local-business,5,Restaurants & Cuisines,restaurants-cuisines,133,Barbadian Restaurants,barbadian-restaurants,,,,
Local Businesses,local-business,5,Restaurants & Cuisines,restaurants-cuisines,134,Brazilian Restaurants,brazilian-restaurants,1,By Cuisine Extended,Brazilian,by-cuisine-extended-brazilian
Local Businesses,local-business,5,Restaurants & Cuisines,restaurants-cuisines,135,Brazilian Steakhouses,brazilian-steakhouses,,,,
Local Businesses,local-business,5,Restaurants & Cuisines,restaurants-cuisines,136,Churrascarias,churrascarias,,,,
Local Businesses,local-business,5,Restaurants & Cuisines,restaurants-cuisines,137,Brazilian Buffets,brazilian-buffets,,,,
Local Businesses,local-business,5,Restaurants & Cuisines,restaurants-cuisines,138,Argentinian Restaurants,argentinian-restaurants,1,World Cuisine,Argentinian Restaurant,world-cuisine-argentinian-restaurant
Local Businesses,local-business,5,Restaurants & Cuisines,restaurants-cuisines,139,Argentinian Steakhouses,argentinian-steakhouses,,,,
Local Businesses,local-business,5,Restaurants & Cuisines,restaurants-cuisines,140,Empanada Shops,empanada-shops,,,,
Local Businesses,local-business,5,Restaurants & Cuisines,restaurants-cuisines,141,Peruvian Restaurants,peruvian-restaurants,1,By Cuisine Extended,Peruvian,by-cuisine-extended-peruvian
Local Businesses,local-business,5,Restaurants & Cuisines,restaurants-cuisines,142,Peruvian Chifa,peruvian-chifa,,,,
Local Businesses,local-business,5,Restaurants & Cuisines,restaurants-cuisines,143,Cevicherias,cevicherias,,,,
Local Businesses,local-business,5,Restaurants & Cuisines,restaurants-cuisines,144,Pollos a la Brasa,pollos-a-la-brasa,,,,
Local Businesses,local-business,5,Restaurants & Cuisines,restaurants-cuisines,145,Colombian Restaurants,colombian-restaurants,,,,
Local Businesses,local-business,5,Restaurants & Cuisines,restaurants-cuisines,146,Venezuelan Restaurants,venezuelan-restaurants,,,,
Local Businesses,local-business,5,Restaurants & Cuisines,restaurants-cuisines,147,Arepa Shops,arepa-shops,,,,
Local Businesses,local-business,5,Restaurants & Cuisines,restaurants-cuisines,148,Ecuadorian Restaurants,ecuadorian-restaurants,,,,
Local Businesses,local-business,5,Restaurants & Cuisines,restaurants-cuisines,149,Bolivian Restaurants,bolivian-restaurants,,,,
Local Businesses,local-business,5,Restaurants & Cuisines,restaurants-cuisines,150,Chilean Restaurants,chilean-restaurants,,,,
Local Businesses,local-business,5,Restaurants & Cuisines,restaurants-cuisines,151,Mediterranean Restaurants,mediterranean-restaurants,1,By Cuisine,Mediterranean,by-cuisine-mediterranean
Local Businesses,local-business,5,Restaurants & Cuisines,restaurants-cuisines,152,Greek Restaurants,greek-restaurants,1,By Cuisine Extended,Greek,by-cuisine-extended-greek
Local Businesses,local-business,5,Restaurants & Cuisines,restaurants-cuisines,153,Greek Tavernas,greek-tavernas,,,,
Local Businesses,local-business,5,Restaurants & Cuisines,restaurants-cuisines,154,Gyro Shops,gyro-shops,,,,
Local Businesses,local-business,5,Restaurants & Cuisines,restaurants-cuisines,155,Souvlaki Shops,souvlaki-shops,,,,
Local Businesses,local-business,5,Restaurants & Cuisines,restaurants-cuisines,156,Greek Bakeries,greek-bakeries,,,,
Local Businesses,local-business,5,Restaurants & Cuisines,restaurants-cuisines,157,Italian Restaurants,italian-restaurants,1,By Cuisine,Italian,by-cuisine-italian
Local Businesses,local-business,5,Restaurants & Cuisines,restaurants-cuisines,158,Italian Trattorias,italian-trattorias,,,,
Local Businesses,local-business,5,Restaurants & Cuisines,restaurants-cuisines,159,Italian Osterias,italian-osterias,,,,
Local Businesses,local-business,5,Restaurants & Cuisines,restaurants-cuisines,160,Italian Pizzerias,italian-pizzerias,,,,
Local Businesses,local-business,5,Restaurants & Cuisines,restaurants-cuisines,161,Neapolitan Pizza Shops,neapolitan-pizza-shops,,,,
Local Businesses,local-business,5,Restaurants & Cuisines,restaurants-cuisines,162,Sicilian Pizza Shops,sicilian-pizza-shops,,,,
Local Businesses,local-business,5,Restaurants & Cuisines,restaurants-cuisines,163,NY Style Pizza Shops,ny-style-pizza-shops,,,,
Local Businesses,local-business,5,Restaurants & Cuisines,restaurants-cuisines,164,Detroit Style Pizza,detroit-style-pizza,,,,
Local Businesses,local-business,5,Restaurants & Cuisines,restaurants-cuisines,165,Chicago Deep Dish Pizza,chicago-deep-dish-pizza,,,,
Local Businesses,local-business,5,Restaurants & Cuisines,restaurants-cuisines,166,Roman Style Pizza,roman-style-pizza,,,,
Local Businesses,local-business,5,Restaurants & Cuisines,restaurants-cuisines,167,Wood-Fired Pizza Shops,wood-fired-pizza-shops,,,,
Local Businesses,local-business,5,Restaurants & Cuisines,restaurants-cuisines,168,Pizza by the Slice,pizza-by-the-slice,,,,
Local Businesses,local-business,5,Restaurants & Cuisines,restaurants-cuisines,169,Pasta Houses,pasta-houses,,,,
Local Businesses,local-business,5,Restaurants & Cuisines,restaurants-cuisines,170,Fresh Pasta Shops,fresh-pasta-shops,,,,
Local Businesses,local-business,5,Restaurants & Cuisines,restaurants-cuisines,171,Italian Sandwich Shops,italian-sandwich-shops,,,,
Local Businesses,local-business,5,Restaurants & Cuisines,restaurants-cuisines,172,Italian Delis,italian-delis,,,,
Local Businesses,local-business,5,Restaurants & Cuisines,restaurants-cuisines,173,Italian Bakeries,italian-bakeries,,,,
Local Businesses,local-business,5,Restaurants & Cuisines,restaurants-cuisines,174,Cannoli Shops,cannoli-shops,,,,
Local Businesses,local-business,5,Restaurants & Cuisines,restaurants-cuisines,175,Gelaterias,gelaterias,,,,
Local Businesses,local-business,5,Restaurants & Cuisines,restaurants-cuisines,176,Authentic Gelato Shops,authentic-gelato-shops,,,,
Local Businesses,local-business,5,Restaurants & Cuisines,restaurants-cuisines,177,French Restaurants,french-restaurants,1,By Cuisine Extended,French,by-cuisine-extended-french
Local Businesses,local-business,5,Restaurants & Cuisines,restaurants-cuisines,178,French Bistros,french-bistros,,,,
Local Businesses,local-business,5,Restaurants & Cuisines,restaurants-cuisines,179,French Brasseries,french-brasseries,,,,
Local Businesses,local-business,5,Restaurants & Cuisines,restaurants-cuisines,180,French Cafes,french-cafes,,,,
Local Businesses,local-business,5,Restaurants & Cuisines,restaurants-cuisines,181,Crepe Shops,crepe-shops,,,,
Local Businesses,local-business,5,Restaurants & Cuisines,restaurants-cuisines,182,Galette Shops,galette-shops,,,,
Local Businesses,local-business,5,Restaurants & Cuisines,restaurants-cuisines,183,Patisseries,patisseries,,,,
Local Businesses,local-business,5,Restaurants & Cuisines,restaurants-cuisines,184,French Bakeries,french-bakeries,,,,
Local Businesses,local-business,5,Restaurants & Cuisines,restaurants-cuisines,185,Boulangeries,boulangeries,,,,
Local Businesses,local-business,5,Restaurants & Cuisines,restaurants-cuisines,186,Macaron Shops,macaron-shops,,,,
Local Businesses,local-business,5,Restaurants & Cuisines,restaurants-cuisines,187,Spanish Restaurants,spanish-restaurants,1,By Cuisine Extended,Spanish,by-cuisine-extended-spanish
Local Businesses,local-business,5,Restaurants & Cuisines,restaurants-cuisines,188,Spanish Tapas Bars,spanish-tapas-bars,,,,
Local Businesses,local-business,5,Restaurants & Cuisines,restaurants-cuisines,189,Spanish Paella Restaurants,spanish-paella-restaurants,,,,
Local Businesses,local-business,5,Restaurants & Cuisines,restaurants-cuisines,190,Basque Restaurants,basque-restaurants,,,,
Local Businesses,local-business,5,Restaurants & Cuisines,restaurants-cuisines,191,Catalan Restaurants,catalan-restaurants,,,,
Local Businesses,local-business,5,Restaurants & Cuisines,restaurants-cuisines,192,Portuguese Restaurants,portuguese-restaurants,1,World Cuisine,Portuguese Restaurant,world-cuisine-portuguese-restaurant
Local Businesses,local-business,5,Restaurants & Cuisines,restaurants-cuisines,193,British Restaurants,british-restaurants,,,,
Local Businesses,local-business,5,Restaurants & Cuisines,restaurants-cuisines,194,British Pubs,british-pubs,,,,
Local Businesses,local-business,5,Restaurants & Cuisines,restaurants-cuisines,195,Fish & Chips Shops,fish-chips-shops,,,,
Local Businesses,local-business,5,Restaurants & Cuisines,restaurants-cuisines,196,Sunday Roast Restaurants,sunday-roast-restaurants,,,,
Local Businesses,local-business,5,Restaurants & Cuisines,restaurants-cuisines,197,Pie & Mash Shops,pie-mash-shops,,,,
Local Businesses,local-business,5,Restaurants & Cuisines,restaurants-cuisines,198,Irish Restaurants,irish-restaurants,1,World Cuisine,Irish Pub,world-cuisine-irish-pub
Local Businesses,local-business,5,Restaurants & Cuisines,restaurants-cuisines,199,Irish Pubs,irish-pubs,,,,
Local Businesses,local-business,5,Restaurants & Cuisines,restaurants-cuisines,200,Scottish Restaurants,scottish-restaurants,1,World Cuisine,Scottish Restaurant,world-cuisine-scottish-restaurant
Local Businesses,local-business,5,Restaurants & Cuisines,restaurants-cuisines,201,German Restaurants,german-restaurants,,,,
Local Businesses,local-business,5,Restaurants & Cuisines,restaurants-cuisines,202,Bavarian Restaurants,bavarian-restaurants,,,,
Local Businesses,local-business,5,Restaurants & Cuisines,restaurants-cuisines,203,German Beer Halls,german-beer-halls,,,,
Local Businesses,local-business,5,Restaurants & Cuisines,restaurants-cuisines,204,Austrian Restaurants,austrian-restaurants,,,,
Local Businesses,local-business,5,Restaurants & Cuisines,restaurants-cuisines,205,Swiss Restaurants,swiss-restaurants,,,,
Local Businesses,local-business,5,Restaurants & Cuisines,restaurants-cuisines,206,Fondue Restaurants,fondue-restaurants,,,,
Local Businesses,local-business,5,Restaurants & Cuisines,restaurants-cuisines,207,Belgian Restaurants,belgian-restaurants,,,,
Local Businesses,local-business,5,Restaurants & Cuisines,restaurants-cuisines,208,Belgian Frites,belgian-frites,,,,
Local Businesses,local-business,5,Restaurants & Cuisines,restaurants-cuisines,209,Dutch Restaurants,dutch-restaurants,,,,
Local Businesses,local-business,5,Restaurants & Cuisines,restaurants-cuisines,210,Polish Restaurants,polish-restaurants,1,World Cuisine,Polish Restaurant,world-cuisine-polish-restaurant
Local Businesses,local-business,5,Restaurants & Cuisines,restaurants-cuisines,211,Pierogi Shops,pierogi-shops,,,,
Local Businesses,local-business,5,Restaurants & Cuisines,restaurants-cuisines,212,Russian Restaurants,russian-restaurants,1,World Cuisine,Russian Restaurant,world-cuisine-russian-restaurant
Local Businesses,local-business,5,Restaurants & Cuisines,restaurants-cuisines,213,Ukrainian Restaurants,ukrainian-restaurants,,,,
Local Businesses,local-business,5,Restaurants & Cuisines,restaurants-cuisines,214,Borscht Restaurants,borscht-restaurants,,,,
Local Businesses,local-business,5,Restaurants & Cuisines,restaurants-cuisines,215,Hungarian Restaurants,hungarian-restaurants,,,,
Local Businesses,local-business,5,Restaurants & Cuisines,restaurants-cuisines,216,Czech Restaurants,czech-restaurants,,,,
Local Businesses,local-business,5,Restaurants & Cuisines,restaurants-cuisines,217,Slovak Restaurants,slovak-restaurants,,,,
Local Businesses,local-business,5,Restaurants & Cuisines,restaurants-cuisines,218,Romanian Restaurants,romanian-restaurants,,,,
Local Businesses,local-business,5,Restaurants & Cuisines,restaurants-cuisines,219,Bulgarian Restaurants,bulgarian-restaurants,,,,
Local Businesses,local-business,5,Restaurants & Cuisines,restaurants-cuisines,220,Serbian Restaurants,serbian-restaurants,,,,
Local Businesses,local-business,5,Restaurants & Cuisines,restaurants-cuisines,221,Croatian Restaurants,croatian-restaurants,,,,
Local Businesses,local-business,5,Restaurants & Cuisines,restaurants-cuisines,222,Bosnian Restaurants,bosnian-restaurants,,,,
Local Businesses,local-business,5,Restaurants & Cuisines,restaurants-cuisines,223,Albanian Restaurants,albanian-restaurants,,,,
Local Businesses,local-business,5,Restaurants & Cuisines,restaurants-cuisines,224,Lebanese Restaurants,lebanese-restaurants,1,By Cuisine Extended,Lebanese,by-cuisine-extended-lebanese
Local Businesses,local-business,5,Restaurants & Cuisines,restaurants-cuisines,225,Syrian Restaurants,syrian-restaurants,,,,
Local Businesses,local-business,5,Restaurants & Cuisines,restaurants-cuisines,226,Palestinian Restaurants,palestinian-restaurants,,,,
Local Businesses,local-business,5,Restaurants & Cuisines,restaurants-cuisines,227,Jordanian Restaurants,jordanian-restaurants,,,,
Local Businesses,local-business,5,Restaurants & Cuisines,restaurants-cuisines,228,Iraqi Restaurants,iraqi-restaurants,,,,
Local Businesses,local-business,5,Restaurants & Cuisines,restaurants-cuisines,229,Kurdish Restaurants,kurdish-restaurants,,,,
Local Businesses,local-business,5,Restaurants & Cuisines,restaurants-cuisines,230,Iranian Restaurants,iranian-restaurants,,,,
Local Businesses,local-business,5,Restaurants & Cuisines,restaurants-cuisines,231,Persian Restaurants,persian-restaurants,,,,
Local Businesses,local-business,5,Restaurants & Cuisines,restaurants-cuisines,232,Persian Kebab Houses,persian-kebab-houses,,,,
Local Businesses,local-business,5,Restaurants & Cuisines,restaurants-cuisines,233,Israeli Restaurants,israeli-restaurants,,,,
Local Businesses,local-business,5,Restaurants & Cuisines,restaurants-cuisines,234,Falafel Shops,falafel-shops,,,,
Local Businesses,local-business,5,Restaurants & Cuisines,restaurants-cuisines,235,Shawarma Shops,shawarma-shops,,,,
Local Businesses,local-business,5,Restaurants & Cuisines,restaurants-cuisines,236,Hummus Bars,hummus-bars,,,,
Local Businesses,local-business,5,Restaurants & Cuisines,restaurants-cuisines,237,Kosher Restaurants,kosher-restaurants,1,By Diet,Kosher,by-diet-kosher
Local Businesses,local-business,5,Restaurants & Cuisines,restaurants-cuisines,238,Jewish Delis,jewish-delis,,,,
Local Businesses,local-business,5,Restaurants & Cuisines,restaurants-cuisines,239,Bagel Shops,bagel-shops,,,,
Local Businesses,local-business,5,Restaurants & Cuisines,restaurants-cuisines,240,Knish Shops,knish-shops,,,,
Local Businesses,local-business,5,Restaurants & Cuisines,restaurants-cuisines,241,Turkish Restaurants,turkish-restaurants,1,By Cuisine Extended,Turkish,by-cuisine-extended-turkish
Local Businesses,local-business,5,Restaurants & Cuisines,restaurants-cuisines,242,Turkish Kebab Houses,turkish-kebab-houses,,,,
Local Businesses,local-business,5,Restaurants & Cuisines,restaurants-cuisines,243,Doner Kebab Shops,doner-kebab-shops,,,,
Local Businesses,local-business,5,Restaurants & Cuisines,restaurants-cuisines,244,Egyptian Restaurants,egyptian-restaurants,,,,
Local Businesses,local-business,5,Restaurants & Cuisines,restaurants-cuisines,245,Moroccan Restaurants,moroccan-restaurants,1,World Cuisine,Moroccan Restaurant,world-cuisine-moroccan-restaurant
Local Businesses,local-business,5,Restaurants & Cuisines,restaurants-cuisines,246,Tagine Restaurants,tagine-restaurants,,,,
Local Businesses,local-business,5,Restaurants & Cuisines,restaurants-cuisines,247,Tunisian Restaurants,tunisian-restaurants,,,,
Local Businesses,local-business,5,Restaurants & Cuisines,restaurants-cuisines,248,Algerian Restaurants,algerian-restaurants,,,,
Local Businesses,local-business,5,Restaurants & Cuisines,restaurants-cuisines,249,Libyan Restaurants,libyan-restaurants,,,,
Local Businesses,local-business,5,Restaurants & Cuisines,restaurants-cuisines,250,Sudanese Restaurants,sudanese-restaurants,,,,
Local Businesses,local-business,5,Restaurants & Cuisines,restaurants-cuisines,251,Ethiopian Restaurants,ethiopian-restaurants,1,By Cuisine Extended,Ethiopian,by-cuisine-extended-ethiopian
Local Businesses,local-business,5,Restaurants & Cuisines,restaurants-cuisines,252,Eritrean Restaurants,eritrean-restaurants,,,,
Local Businesses,local-business,5,Restaurants & Cuisines,restaurants-cuisines,253,Somali Restaurants,somali-restaurants,,,,
Local Businesses,local-business,5,Restaurants & Cuisines,restaurants-cuisines,254,Kenyan Restaurants,kenyan-restaurants,,,,
Local Businesses,local-business,5,Restaurants & Cuisines,restaurants-cuisines,255,Tanzanian Restaurants,tanzanian-restaurants,,,,
Local Businesses,local-business,5,Restaurants & Cuisines,restaurants-cuisines,256,Ugandan Restaurants,ugandan-restaurants,,,,
Local Businesses,local-business,5,Restaurants & Cuisines,restaurants-cuisines,257,Nigerian Restaurants,nigerian-restaurants,,,,
Local Businesses,local-business,5,Restaurants & Cuisines,restaurants-cuisines,258,Ghanaian Restaurants,ghanaian-restaurants,,,,
Local Businesses,local-business,5,Restaurants & Cuisines,restaurants-cuisines,259,Senegalese Restaurants,senegalese-restaurants,,,,
Local Businesses,local-business,5,Restaurants & Cuisines,restaurants-cuisines,260,Ivorian Restaurants,ivorian-restaurants,,,,
Local Businesses,local-business,5,Restaurants & Cuisines,restaurants-cuisines,261,Cameroonian Restaurants,cameroonian-restaurants,,,,
Local Businesses,local-business,5,Restaurants & Cuisines,restaurants-cuisines,262,South African Restaurants,south-african-restaurants,,,,
Local Businesses,local-business,5,Restaurants & Cuisines,restaurants-cuisines,263,Zimbabwean Restaurants,zimbabwean-restaurants,,,,
Local Businesses,local-business,5,Restaurants & Cuisines,restaurants-cuisines,264,Australian Restaurants,australian-restaurants,,,,
Local Businesses,local-business,5,Restaurants & Cuisines,restaurants-cuisines,265,Aussie Pies,aussie-pies,,,,
Local Businesses,local-business,5,Restaurants & Cuisines,restaurants-cuisines,266,New Zealand Restaurants,new-zealand-restaurants,,,,
Local Businesses,local-business,5,Restaurants & Cuisines,restaurants-cuisines,267,Maori Restaurants,maori-restaurants,,,,
Local Businesses,local-business,5,Restaurants & Cuisines,restaurants-cuisines,268,Canadian Restaurants,canadian-restaurants,,,,
Local Businesses,local-business,5,Restaurants & Cuisines,restaurants-cuisines,269,Quebec Restaurants,quebec-restaurants,,,,
Local Businesses,local-business,5,Restaurants & Cuisines,restaurants-cuisines,270,Poutine Spots,poutine-spots,,,,
Local Businesses,local-business,5,Restaurants & Cuisines,restaurants-cuisines,271,Acadian Restaurants,acadian-restaurants,,,,
Local Businesses,local-business,6,Bakery & Sweet Shops,bakery-sweet-shops,1,Artisan Bakeries,artisan-bakeries,1,Bakery,Artisan Bakery,bakery-artisan-bakery
Local Businesses,local-business,6,Bakery & Sweet Shops,bakery-sweet-shops,2,German Bakeries,german-bakeries,,,,
Local Businesses,local-business,6,Bakery & Sweet Shops,bakery-sweet-shops,3,Mexican Bakeries,mexican-bakeries,,,,
Local Businesses,local-business,6,Bakery & Sweet Shops,bakery-sweet-shops,4,Filipino Bakeries,filipino-bakeries,,,,
Local Businesses,local-business,6,Bakery & Sweet Shops,bakery-sweet-shops,5,Vietnamese Bakeries,vietnamese-bakeries,,,,
Local Businesses,local-business,6,Bakery & Sweet Shops,bakery-sweet-shops,6,Korean Bakeries,korean-bakeries,,,,
Local Businesses,local-business,6,Bakery & Sweet Shops,bakery-sweet-shops,7,Japanese Bakeries,japanese-bakeries,,,,
Local Businesses,local-business,6,Bakery & Sweet Shops,bakery-sweet-shops,8,Chinese Bakeries,chinese-bakeries,,,,
Local Businesses,local-business,6,Bakery & Sweet Shops,bakery-sweet-shops,9,Russian Bakeries,russian-bakeries,,,,
Local Businesses,local-business,6,Bakery & Sweet Shops,bakery-sweet-shops,10,Polish Bakeries,polish-bakeries,,,,
Local Businesses,local-business,6,Bakery & Sweet Shops,bakery-sweet-shops,11,Eastern European Bakeries,eastern-european-bakeries,,,,
Local Businesses,local-business,6,Bakery & Sweet Shops,bakery-sweet-shops,12,Sourdough Bakeries,sourdough-bakeries,,,,
Local Businesses,local-business,6,Bakery & Sweet Shops,bakery-sweet-shops,13,Whole Grain Bakeries,whole-grain-bakeries,,,,
Local Businesses,local-business,6,Bakery & Sweet Shops,bakery-sweet-shops,14,Gluten-Free Bakeries,gluten-free-bakeries,1,Bakery,Gluten-Free Bakery,bakery-gluten-free-bakery
Local Businesses,local-business,6,Bakery & Sweet Shops,bakery-sweet-shops,15,Vegan Bakeries,vegan-bakeries,,,,
Local Businesses,local-business,6,Bakery & Sweet Shops,bakery-sweet-shops,16,Kosher Bakeries,kosher-bakeries,,,,
Local Businesses,local-business,6,Bakery & Sweet Shops,bakery-sweet-shops,17,Halal Bakeries,halal-bakeries,,,,
Local Businesses,local-business,6,Bakery & Sweet Shops,bakery-sweet-shops,18,Wedding Cake Bakers,wedding-cake-bakers,,,,
Local Businesses,local-business,6,Bakery & Sweet Shops,bakery-sweet-shops,19,Custom Cake Designers,custom-cake-designers,,,,
Local Businesses,local-business,6,Bakery & Sweet Shops,bakery-sweet-shops,20,Fondant Cake Bakers,fondant-cake-bakers,,,,
Local Businesses,local-business,6,Bakery & Sweet Shops,bakery-sweet-shops,21,Buttercream Cake Bakers,buttercream-cake-bakers,,,,
Local Businesses,local-business,6,Bakery & Sweet Shops,bakery-sweet-shops,22,Birthday Cake Shops,birthday-cake-shops,,,,
Local Businesses,local-business,6,Bakery & Sweet Shops,bakery-sweet-shops,23,Specialty Cake Shops,specialty-cake-shops,1,Bakery,Cake Shop,bakery-cake-shop
Local Businesses,local-business,6,Bakery & Sweet Shops,bakery-sweet-shops,24,Cake Pop Shops,cake-pop-shops,,,,
Local Businesses,local-business,6,Bakery & Sweet Shops,bakery-sweet-shops,25,Cupcake Shops,cupcake-shops,,,,
Local Businesses,local-business,6,Bakery & Sweet Shops,bakery-sweet-shops,26,Mini Cupcake Shops,mini-cupcake-shops,,,,
Local Businesses,local-business,6,Bakery & Sweet Shops,bakery-sweet-shops,27,Eclair Shops,eclair-shops,,,,
Local Businesses,local-business,6,Bakery & Sweet Shops,bakery-sweet-shops,28,Cream Puff Shops,cream-puff-shops,,,,
Local Businesses,local-business,6,Bakery & Sweet Shops,bakery-sweet-shops,29,Choux Pastry Shops,choux-pastry-shops,,,,
Local Businesses,local-business,6,Bakery & Sweet Shops,bakery-sweet-shops,30,Donut Shops,donut-shops,,,,
Local Businesses,local-business,6,Bakery & Sweet Shops,bakery-sweet-shops,31,Glazed Donut Shops,glazed-donut-shops,,,,
Local Businesses,local-business,6,Bakery & Sweet Shops,bakery-sweet-shops,32,Filled Donut Shops,filled-donut-shops,,,,
Local Businesses,local-business,6,Bakery & Sweet Shops,bakery-sweet-shops,33,Mochi Donut Shops,mochi-donut-shops,,,,
Local Businesses,local-business,6,Bakery & Sweet Shops,bakery-sweet-shops,34,Vegan Donut Shops,vegan-donut-shops,,,,
Local Businesses,local-business,6,Bakery & Sweet Shops,bakery-sweet-shops,35,Gourmet Donut Shops,gourmet-donut-shops,,,,
Local Businesses,local-business,6,Bakery & Sweet Shops,bakery-sweet-shops,36,Apple Cider Donut Stands,apple-cider-donut-stands,,,,
Local Businesses,local-business,6,Bakery & Sweet Shops,bakery-sweet-shops,37,Beignet Shops,beignet-shops,,,,
Local Businesses,local-business,6,Bakery & Sweet Shops,bakery-sweet-shops,38,Churro Stands,churro-stands,,,,
Local Businesses,local-business,6,Bakery & Sweet Shops,bakery-sweet-shops,39,Funnel Cake Stands,funnel-cake-stands,,,,
Local Businesses,local-business,6,Bakery & Sweet Shops,bakery-sweet-shops,40,Pretzel Shops,pretzel-shops,,,,
Local Businesses,local-business,6,Bakery & Sweet Shops,bakery-sweet-shops,41,Soft Pretzel Stands,soft-pretzel-stands,,,,
Local Businesses,local-business,6,Bakery & Sweet Shops,bakery-sweet-shops,42,Cookie Shops,cookie-shops,,,,
Local Businesses,local-business,6,Bakery & Sweet Shops,bakery-sweet-shops,43,Stuffed Cookie Shops,stuffed-cookie-shops,,,,
Local Businesses,local-business,6,Bakery & Sweet Shops,bakery-sweet-shops,44,Edible Cookie Dough Shops,edible-cookie-dough-shops,,,,
Local Businesses,local-business,6,Bakery & Sweet Shops,bakery-sweet-shops,45,Brownie Shops,brownie-shops,,,,
Local Businesses,local-business,6,Bakery & Sweet Shops,bakery-sweet-shops,46,Blondie Shops,blondie-shops,,,,
Local Businesses,local-business,6,Bakery & Sweet Shops,bakery-sweet-shops,47,Pie Shops,pie-shops,,,,
Local Businesses,local-business,6,Bakery & Sweet Shops,bakery-sweet-shops,48,Hand Pie Shops,hand-pie-shops,,,,
Local Businesses,local-business,6,Bakery & Sweet Shops,bakery-sweet-shops,49,Empanada Bakeries,empanada-bakeries,,,,
Local Businesses,local-business,6,Bakery & Sweet Shops,bakery-sweet-shops,50,Croissant Shops,croissant-shops,,,,
Local Businesses,local-business,6,Bakery & Sweet Shops,bakery-sweet-shops,51,Cruffin Shops,cruffin-shops,,,,
Local Businesses,local-business,6,Bakery & Sweet Shops,bakery-sweet-shops,52,Danish Pastry Shops,danish-pastry-shops,,,,
Local Businesses,local-business,6,Bakery & Sweet Shops,bakery-sweet-shops,53,Cinnamon Roll Shops,cinnamon-roll-shops,,,,
Local Businesses,local-business,6,Bakery & Sweet Shops,bakery-sweet-shops,54,Sticky Bun Shops,sticky-bun-shops,,,,
Local Businesses,local-business,6,Bakery & Sweet Shops,bakery-sweet-shops,55,Honey Bun Shops,honey-bun-shops,,,,
Local Businesses,local-business,6,Bakery & Sweet Shops,bakery-sweet-shops,56,Babka Bakeries,babka-bakeries,,,,
Local Businesses,local-business,6,Bakery & Sweet Shops,bakery-sweet-shops,57,Strudel Bakeries,strudel-bakeries,,,,
Local Businesses,local-business,6,Bakery & Sweet Shops,bakery-sweet-shops,58,Tart Shops,tart-shops,,,,
Local Businesses,local-business,6,Bakery & Sweet Shops,bakery-sweet-shops,59,Fruit Tart Shops,fruit-tart-shops,,,,
Local Businesses,local-business,6,Bakery & Sweet Shops,bakery-sweet-shops,60,Cheesecake Shops,cheesecake-shops,,,,
Local Businesses,local-business,6,Bakery & Sweet Shops,bakery-sweet-shops,61,NY Style Cheesecake Shops,ny-style-cheesecake-shops,,,,
Local Businesses,local-business,6,Bakery & Sweet Shops,bakery-sweet-shops,62,Japanese Cheesecake Shops,japanese-cheesecake-shops,,,,
Local Businesses,local-business,6,Bakery & Sweet Shops,bakery-sweet-shops,63,Tres Leches Bakeries,tres-leches-bakeries,,,,
Local Businesses,local-business,6,Bakery & Sweet Shops,bakery-sweet-shops,64,Flan Shops,flan-shops,,,,
Local Businesses,local-business,6,Bakery & Sweet Shops,bakery-sweet-shops,65,Custard Shops,custard-shops,,,,
Local Businesses,local-business,6,Bakery & Sweet Shops,bakery-sweet-shops,66,Pudding Shops,pudding-shops,,,,
Local Businesses,local-business,6,Bakery & Sweet Shops,bakery-sweet-shops,67,Bread Pudding Shops,bread-pudding-shops,,,,
Local Businesses,local-business,6,Bakery & Sweet Shops,bakery-sweet-shops,68,Mousse Shops,mousse-shops,,,,
Local Businesses,local-business,6,Bakery & Sweet Shops,bakery-sweet-shops,69,Crème Brûlée Shops,crme-brle-shops,,,,
Local Businesses,local-business,6,Bakery & Sweet Shops,bakery-sweet-shops,70,Ice Cream Parlors,ice-cream-parlors,,,,
Local Businesses,local-business,6,Bakery & Sweet Shops,bakery-sweet-shops,71,Hand-Dipped Ice Cream,hand-dipped-ice-cream,,,,
Local Businesses,local-business,6,Bakery & Sweet Shops,bakery-sweet-shops,72,Soft Serve Stands,soft-serve-stands,,,,
Local Businesses,local-business,6,Bakery & Sweet Shops,bakery-sweet-shops,73,Gelato Shops,gelato-shops,,,,
Local Businesses,local-business,6,Bakery & Sweet Shops,bakery-sweet-shops,74,Italian Ice Stands,italian-ice-stands,,,,
Local Businesses,local-business,6,Bakery & Sweet Shops,bakery-sweet-shops,75,Sorbet Shops,sorbet-shops,,,,
Local Businesses,local-business,6,Bakery & Sweet Shops,bakery-sweet-shops,76,Sherbet Shops,sherbet-shops,,,,
Local Businesses,local-business,6,Bakery & Sweet Shops,bakery-sweet-shops,77,Frozen Yogurt Shops,frozen-yogurt-shops,,,,
Local Businesses,local-business,6,Bakery & Sweet Shops,bakery-sweet-shops,78,Self-Serve Frozen Yogurt,self-serve-frozen-yogurt,,,,
Local Businesses,local-business,6,Bakery & Sweet Shops,bakery-sweet-shops,79,Rolled Ice Cream Shops,rolled-ice-cream-shops,,,,
Local Businesses,local-business,6,Bakery & Sweet Shops,bakery-sweet-shops,80,Liquid Nitrogen Ice Cream,liquid-nitrogen-ice-cream,,,,
Local Businesses,local-business,6,Bakery & Sweet Shops,bakery-sweet-shops,81,Vegan Ice Cream Shops,vegan-ice-cream-shops,,,,
Local Businesses,local-business,6,Bakery & Sweet Shops,bakery-sweet-shops,82,Dairy-Free Ice Cream Shops,dairy-free-ice-cream-shops,,,,
Local Businesses,local-business,6,Bakery & Sweet Shops,bakery-sweet-shops,83,Ice Cream Cake Shops,ice-cream-cake-shops,,,,
Local Businesses,local-business,6,Bakery & Sweet Shops,bakery-sweet-shops,84,Snow Cone Stands,snow-cone-stands,,,,
Local Businesses,local-business,6,Bakery & Sweet Shops,bakery-sweet-shops,85,Shaved Ice Stands,shaved-ice-stands,,,,
Local Businesses,local-business,6,Bakery & Sweet Shops,bakery-sweet-shops,86,Halo Halo Shops,halo-halo-shops,,,,
Local Businesses,local-business,6,Bakery & Sweet Shops,bakery-sweet-shops,87,Bingsu Shops,bingsu-shops,,,,
Local Businesses,local-business,6,Bakery & Sweet Shops,bakery-sweet-shops,88,Patbingsu Shops,patbingsu-shops,,,,
Local Businesses,local-business,6,Bakery & Sweet Shops,bakery-sweet-shops,89,Kakigori Shops,kakigori-shops,,,,
Local Businesses,local-business,6,Bakery & Sweet Shops,bakery-sweet-shops,90,Ice Pop Stands,ice-pop-stands,,,,
Local Businesses,local-business,6,Bakery & Sweet Shops,bakery-sweet-shops,91,Paleta Stands,paleta-stands,,,,
Local Businesses,local-business,6,Bakery & Sweet Shops,bakery-sweet-shops,92,Popsicle Shops,popsicle-shops,,,,
Local Businesses,local-business,6,Bakery & Sweet Shops,bakery-sweet-shops,93,Frozen Custard Stands,frozen-custard-stands,,,,
Local Businesses,local-business,6,Bakery & Sweet Shops,bakery-sweet-shops,94,Italian Bakery Cookies,italian-bakery-cookies,,,,
Local Businesses,local-business,6,Bakery & Sweet Shops,bakery-sweet-shops,95,Black & White Cookie Shops,black-white-cookie-shops,,,,
Local Businesses,local-business,6,Bakery & Sweet Shops,bakery-sweet-shops,96,Rainbow Cookie Shops,rainbow-cookie-shops,,,,
Local Businesses,local-business,6,Bakery & Sweet Shops,bakery-sweet-shops,97,Biscotti Shops,biscotti-shops,,,,
Local Businesses,local-business,6,Bakery & Sweet Shops,bakery-sweet-shops,98,Halva Shops,halva-shops,,,,
Local Businesses,local-business,6,Bakery & Sweet Shops,bakery-sweet-shops,99,Baklava Shops,baklava-shops,,,,
Local Businesses,local-business,6,Bakery & Sweet Shops,bakery-sweet-shops,100,Turkish Delight Shops,turkish-delight-shops,,,,
Local Businesses,local-business,6,Bakery & Sweet Shops,bakery-sweet-shops,101,Knafeh Shops,knafeh-shops,,,,
Local Businesses,local-business,6,Bakery & Sweet Shops,bakery-sweet-shops,102,Mochi Shops,mochi-shops,,,,
Local Businesses,local-business,6,Bakery & Sweet Shops,bakery-sweet-shops,103,Daifuku Shops,daifuku-shops,,,,
Local Businesses,local-business,6,Bakery & Sweet Shops,bakery-sweet-shops,104,Anko Sweet Shops,anko-sweet-shops,,,,
Local Businesses,local-business,6,Bakery & Sweet Shops,bakery-sweet-shops,105,Wagashi Shops,wagashi-shops,,,,
Local Businesses,local-business,6,Bakery & Sweet Shops,bakery-sweet-shops,106,Boba Dessert Shops,boba-dessert-shops,,,,
Local Businesses,local-business,6,Bakery & Sweet Shops,bakery-sweet-shops,107,Asian Dessert Cafes,asian-dessert-cafes,,,,
Local Businesses,local-business,6,Bakery & Sweet Shops,bakery-sweet-shops,108,Hong Kong Egg Tart Shops,hong-kong-egg-tart-shops,,,,
Local Businesses,local-business,6,Bakery & Sweet Shops,bakery-sweet-shops,109,Portuguese Egg Tart Shops,portuguese-egg-tart-shops,,,,
Local Businesses,local-business,6,Bakery & Sweet Shops,bakery-sweet-shops,110,Pastel de Nata Shops,pastel-de-nata-shops,,,,
Local Businesses,local-business,6,Bakery & Sweet Shops,bakery-sweet-shops,111,Conchas Bakeries,conchas-bakeries,,,,
Local Businesses,local-business,6,Bakery & Sweet Shops,bakery-sweet-shops,112,Pan Dulce Bakeries,pan-dulce-bakeries,,,,
Local Businesses,local-business,6,Bakery & Sweet Shops,bakery-sweet-shops,113,Concha Cafes,concha-cafes,,,,
Local Businesses,local-business,6,Bakery & Sweet Shops,bakery-sweet-shops,114,Telera Bakeries,telera-bakeries,,,,
Local Businesses,local-business,6,Bakery & Sweet Shops,bakery-sweet-shops,115,Bolillo Bakeries,bolillo-bakeries,,,,
Local Businesses,local-business,6,Bakery & Sweet Shops,bakery-sweet-shops,116,Bakery Cafes,bakery-cafes,,,,
Local Businesses,local-business,6,Bakery & Sweet Shops,bakery-sweet-shops,117,Coffee & Pastry Shops,coffee-pastry-shops,,,,
Local Businesses,local-business,7,"Coffee, Tea & Beverage Spots",coffee-tea-beverage-spots,1,Specialty Coffee Shops,specialty-coffee-shops,1,Coffee,Coffee Shop,coffee-coffee-shop
Local Businesses,local-business,7,"Coffee, Tea & Beverage Spots",coffee-tea-beverage-spots,1,Specialty Coffee Shops,specialty-coffee-shops,2,Coffee,Specialty Coffee,coffee-specialty-coffee
Local Businesses,local-business,7,"Coffee, Tea & Beverage Spots",coffee-tea-beverage-spots,2,Third Wave Coffee Shops,third-wave-coffee-shops,,,,
Local Businesses,local-business,7,"Coffee, Tea & Beverage Spots",coffee-tea-beverage-spots,3,Espresso Bars,espresso-bars,,,,
Local Businesses,local-business,7,"Coffee, Tea & Beverage Spots",coffee-tea-beverage-spots,4,Pour-Over Coffee Shops,pour-over-coffee-shops,,,,
Local Businesses,local-business,7,"Coffee, Tea & Beverage Spots",coffee-tea-beverage-spots,5,Cold Brew Coffee Shops,cold-brew-coffee-shops,1,Coffee,Cold Brew Bar,coffee-cold-brew-bar
Local Businesses,local-business,7,"Coffee, Tea & Beverage Spots",coffee-tea-beverage-spots,6,Nitro Coffee Bars,nitro-coffee-bars,,,,
Local Businesses,local-business,7,"Coffee, Tea & Beverage Spots",coffee-tea-beverage-spots,7,Coffee Roasters,coffee-roasters,,,,
Local Businesses,local-business,7,"Coffee, Tea & Beverage Spots",coffee-tea-beverage-spots,8,Roaster Cafes,roaster-cafes,,,,
Local Businesses,local-business,7,"Coffee, Tea & Beverage Spots",coffee-tea-beverage-spots,9,Direct Trade Coffee Shops,direct-trade-coffee-shops,,,,
Local Businesses,local-business,7,"Coffee, Tea & Beverage Spots",coffee-tea-beverage-spots,10,Single Origin Coffee Shops,single-origin-coffee-shops,,,,
Local Businesses,local-business,7,"Coffee, Tea & Beverage Spots",coffee-tea-beverage-spots,11,Latte Art Cafes,latte-art-cafes,,,,
Local Businesses,local-business,7,"Coffee, Tea & Beverage Spots",coffee-tea-beverage-spots,12,Drive-Thru Coffee Stands,drive-thru-coffee-stands,1,Coffee,Drive-Through Coffee,coffee-drive-through-coffee
Local Businesses,local-business,7,"Coffee, Tea & Beverage Spots",coffee-tea-beverage-spots,13,Coffee Trailers,coffee-trailers,,,,
Local Businesses,local-business,7,"Coffee, Tea & Beverage Spots",coffee-tea-beverage-spots,14,Mobile Coffee Carts,mobile-coffee-carts,,,,
Local Businesses,local-business,7,"Coffee, Tea & Beverage Spots",coffee-tea-beverage-spots,15,Coworking Coffee Shops,coworking-coffee-shops,1,Coffee,Coffee & Coworking,coffee-coffee-coworking
Local Businesses,local-business,7,"Coffee, Tea & Beverage Spots",coffee-tea-beverage-spots,16,Bookstore Cafes,bookstore-cafes,,,,
Local Businesses,local-business,7,"Coffee, Tea & Beverage Spots",coffee-tea-beverage-spots,17,Cat Cafes,cat-cafes,,,,
Local Businesses,local-business,7,"Coffee, Tea & Beverage Spots",coffee-tea-beverage-spots,18,Dog Cafes,dog-cafes,,,,
Local Businesses,local-business,7,"Coffee, Tea & Beverage Spots",coffee-tea-beverage-spots,19,Owl Cafes,owl-cafes,,,,
Local Businesses,local-business,7,"Coffee, Tea & Beverage Spots",coffee-tea-beverage-spots,20,Hedgehog Cafes,hedgehog-cafes,,,,
Local Businesses,local-business,7,"Coffee, Tea & Beverage Spots",coffee-tea-beverage-spots,21,Rabbit Cafes,rabbit-cafes,,,,
Local Businesses,local-business,7,"Coffee, Tea & Beverage Spots",coffee-tea-beverage-spots,22,Reptile Cafes,reptile-cafes,,,,
Local Businesses,local-business,7,"Coffee, Tea & Beverage Spots",coffee-tea-beverage-spots,23,Aquarium Cafes,aquarium-cafes,,,,
Local Businesses,local-business,7,"Coffee, Tea & Beverage Spots",coffee-tea-beverage-spots,24,Plant Cafes,plant-cafes,,,,
Local Businesses,local-business,7,"Coffee, Tea & Beverage Spots",coffee-tea-beverage-spots,25,Themed Cafes,themed-cafes,,,,
Local Businesses,local-business,7,"Coffee, Tea & Beverage Spots",coffee-tea-beverage-spots,26,Anime Cafes,anime-cafes,,,,
Local Businesses,local-business,7,"Coffee, Tea & Beverage Spots",coffee-tea-beverage-spots,27,Maid Cafes,maid-cafes,,,,
Local Businesses,local-business,7,"Coffee, Tea & Beverage Spots",coffee-tea-beverage-spots,28,Board Game Cafes,board-game-cafes,,,,
Local Businesses,local-business,7,"Coffee, Tea & Beverage Spots",coffee-tea-beverage-spots,29,Puzzle Cafes,puzzle-cafes,,,,
Local Businesses,local-business,7,"Coffee, Tea & Beverage Spots",coffee-tea-beverage-spots,30,Knitting Cafes,knitting-cafes,,,,
Local Businesses,local-business,7,"Coffee, Tea & Beverage Spots",coffee-tea-beverage-spots,31,Vinyl Record Cafes,vinyl-record-cafes,,,,
Local Businesses,local-business,7,"Coffee, Tea & Beverage Spots",coffee-tea-beverage-spots,32,Listening Bar Cafes,listening-bar-cafes,,,,
Local Businesses,local-business,7,"Coffee, Tea & Beverage Spots",coffee-tea-beverage-spots,33,Tea Houses,tea-houses,,,,
Local Businesses,local-business,7,"Coffee, Tea & Beverage Spots",coffee-tea-beverage-spots,34,British Tea Rooms,british-tea-rooms,,,,
Local Businesses,local-business,7,"Coffee, Tea & Beverage Spots",coffee-tea-beverage-spots,35,Afternoon Tea Spots,afternoon-tea-spots,,,,
Local Businesses,local-business,7,"Coffee, Tea & Beverage Spots",coffee-tea-beverage-spots,36,Japanese Tea Houses,japanese-tea-houses,,,,
Local Businesses,local-business,7,"Coffee, Tea & Beverage Spots",coffee-tea-beverage-spots,37,Matcha Cafes,matcha-cafes,,,,
Local Businesses,local-business,7,"Coffee, Tea & Beverage Spots",coffee-tea-beverage-spots,38,Matcha Latte Bars,matcha-latte-bars,,,,
Local Businesses,local-business,7,"Coffee, Tea & Beverage Spots",coffee-tea-beverage-spots,39,Hojicha Cafes,hojicha-cafes,,,,
Local Businesses,local-business,7,"Coffee, Tea & Beverage Spots",coffee-tea-beverage-spots,40,Chinese Tea Houses,chinese-tea-houses,,,,
Local Businesses,local-business,7,"Coffee, Tea & Beverage Spots",coffee-tea-beverage-spots,41,Gongfu Tea Houses,gongfu-tea-houses,,,,
Local Businesses,local-business,7,"Coffee, Tea & Beverage Spots",coffee-tea-beverage-spots,42,Boba Tea Cafes,boba-tea-cafes,1,Tea & Dessert,Tea House,tea-dessert-tea-house
Local Businesses,local-business,7,"Coffee, Tea & Beverage Spots",coffee-tea-beverage-spots,42,Boba Tea Cafes,boba-tea-cafes,2,Tea & Dessert,Bubble Tea,tea-dessert-bubble-tea
Local Businesses,local-business,7,"Coffee, Tea & Beverage Spots",coffee-tea-beverage-spots,42,Boba Tea Cafes,boba-tea-cafes,3,Tea & Dessert,Dessert Cafe,tea-dessert-dessert-cafe
Local Businesses,local-business,7,"Coffee, Tea & Beverage Spots",coffee-tea-beverage-spots,42,Boba Tea Cafes,boba-tea-cafes,4,Tea & Dessert,Gelato Shop,tea-dessert-gelato-shop
Local Businesses,local-business,7,"Coffee, Tea & Beverage Spots",coffee-tea-beverage-spots,42,Boba Tea Cafes,boba-tea-cafes,5,Tea & Dessert,Frozen Yogurt,tea-dessert-frozen-yogurt
Local Businesses,local-business,7,"Coffee, Tea & Beverage Spots",coffee-tea-beverage-spots,42,Boba Tea Cafes,boba-tea-cafes,6,Tea & Dessert,Donut Shop,tea-dessert-donut-shop
Local Businesses,local-business,7,"Coffee, Tea & Beverage Spots",coffee-tea-beverage-spots,42,Boba Tea Cafes,boba-tea-cafes,7,Tea & Dessert,Cupcake Shop,tea-dessert-cupcake-shop
Local Businesses,local-business,7,"Coffee, Tea & Beverage Spots",coffee-tea-beverage-spots,42,Boba Tea Cafes,boba-tea-cafes,8,Tea & Dessert,Creperie,tea-dessert-creperie
Local Businesses,local-business,7,"Coffee, Tea & Beverage Spots",coffee-tea-beverage-spots,43,Cheese Foam Tea Shops,cheese-foam-tea-shops,,,,
Local Businesses,local-business,7,"Coffee, Tea & Beverage Spots",coffee-tea-beverage-spots,44,Fruit Tea Shops,fruit-tea-shops,,,,
Local Businesses,local-business,7,"Coffee, Tea & Beverage Spots",coffee-tea-beverage-spots,45,Thai Tea Stands,thai-tea-stands,,,,
Local Businesses,local-business,7,"Coffee, Tea & Beverage Spots",coffee-tea-beverage-spots,46,Vietnamese Iced Coffee Stands,vietnamese-iced-coffee-stands,,,,
Local Businesses,local-business,7,"Coffee, Tea & Beverage Spots",coffee-tea-beverage-spots,47,Egg Coffee Cafes,egg-coffee-cafes,1,Coffee,Coffee Roaster Cafe,coffee-coffee-roaster-cafe
Local Businesses,local-business,7,"Coffee, Tea & Beverage Spots",coffee-tea-beverage-spots,47,Egg Coffee Cafes,egg-coffee-cafes,2,Coffee,Espresso Bar,coffee-espresso-bar
Local Businesses,local-business,7,"Coffee, Tea & Beverage Spots",coffee-tea-beverage-spots,47,Egg Coffee Cafes,egg-coffee-cafes,3,Coffee,Cat Cafe,coffee-cat-cafe
Local Businesses,local-business,7,"Coffee, Tea & Beverage Spots",coffee-tea-beverage-spots,47,Egg Coffee Cafes,egg-coffee-cafes,4,Coffee,Dog Cafe,coffee-dog-cafe
Local Businesses,local-business,7,"Coffee, Tea & Beverage Spots",coffee-tea-beverage-spots,47,Egg Coffee Cafes,egg-coffee-cafes,5,Coffee,Coffee Truck,coffee-coffee-truck
Local Businesses,local-business,7,"Coffee, Tea & Beverage Spots",coffee-tea-beverage-spots,48,Turkish Coffee Houses,turkish-coffee-houses,,,,
Local Businesses,local-business,7,"Coffee, Tea & Beverage Spots",coffee-tea-beverage-spots,49,Greek Coffee Houses,greek-coffee-houses,,,,
Local Businesses,local-business,7,"Coffee, Tea & Beverage Spots",coffee-tea-beverage-spots,50,Cuban Coffee Stands,cuban-coffee-stands,,,,
Local Businesses,local-business,7,"Coffee, Tea & Beverage Spots",coffee-tea-beverage-spots,51,Cafecito Stands,cafecito-stands,,,,
Local Businesses,local-business,7,"Coffee, Tea & Beverage Spots",coffee-tea-beverage-spots,52,Spanish Cafes,spanish-cafes,,,,
Local Businesses,local-business,7,"Coffee, Tea & Beverage Spots",coffee-tea-beverage-spots,53,Italian Espresso Bars,italian-espresso-bars,,,,
Local Businesses,local-business,7,"Coffee, Tea & Beverage Spots",coffee-tea-beverage-spots,54,Argentinian Cafes,argentinian-cafes,,,,
Local Businesses,local-business,7,"Coffee, Tea & Beverage Spots",coffee-tea-beverage-spots,55,Brazilian Coffee Bars,brazilian-coffee-bars,,,,
Local Businesses,local-business,7,"Coffee, Tea & Beverage Spots",coffee-tea-beverage-spots,56,Smoothie Bars,smoothie-bars,,,,
Local Businesses,local-business,7,"Coffee, Tea & Beverage Spots",coffee-tea-beverage-spots,57,Acai Bowl Shops,acai-bowl-shops,1,Breakfast Spots,Acai Bowl,breakfast-spots-acai-bowl
Local Businesses,local-business,7,"Coffee, Tea & Beverage Spots",coffee-tea-beverage-spots,58,Pitaya Bowl Shops,pitaya-bowl-shops,,,,
Local Businesses,local-business,7,"Coffee, Tea & Beverage Spots",coffee-tea-beverage-spots,59,Juice Bars,juice-bars,,,,
Local Businesses,local-business,7,"Coffee, Tea & Beverage Spots",coffee-tea-beverage-spots,60,Cold-Pressed Juice Bars,cold-pressed-juice-bars,,,,
Local Businesses,local-business,7,"Coffee, Tea & Beverage Spots",coffee-tea-beverage-spots,61,Wheatgrass Juice Bars,wheatgrass-juice-bars,,,,
Local Businesses,local-business,7,"Coffee, Tea & Beverage Spots",coffee-tea-beverage-spots,62,Celery Juice Bars,celery-juice-bars,,,,
Local Businesses,local-business,7,"Coffee, Tea & Beverage Spots",coffee-tea-beverage-spots,63,Coconut Water Stands,coconut-water-stands,,,,
Local Businesses,local-business,7,"Coffee, Tea & Beverage Spots",coffee-tea-beverage-spots,64,Aguas Frescas Stands,aguas-frescas-stands,,,,
Local Businesses,local-business,7,"Coffee, Tea & Beverage Spots",coffee-tea-beverage-spots,65,Horchata Stands,horchata-stands,,,,
Local Businesses,local-business,7,"Coffee, Tea & Beverage Spots",coffee-tea-beverage-spots,66,Tamarindo Stands,tamarindo-stands,,,,
Local Businesses,local-business,7,"Coffee, Tea & Beverage Spots",coffee-tea-beverage-spots,67,Lemonade Stands,lemonade-stands,,,,
Local Businesses,local-business,7,"Coffee, Tea & Beverage Spots",coffee-tea-beverage-spots,68,Strawberry Lemonade Stands,strawberry-lemonade-stands,,,,
Local Businesses,local-business,7,"Coffee, Tea & Beverage Spots",coffee-tea-beverage-spots,69,Honey Lemonade Stands,honey-lemonade-stands,,,,
Local Businesses,local-business,7,"Coffee, Tea & Beverage Spots",coffee-tea-beverage-spots,70,Italian Soda Bars,italian-soda-bars,,,,
Local Businesses,local-business,7,"Coffee, Tea & Beverage Spots",coffee-tea-beverage-spots,71,Egg Cream Soda Shops,egg-cream-soda-shops,1,Tea & Dessert,Ice Cream Shop,tea-dessert-ice-cream-shop
Local Businesses,local-business,7,"Coffee, Tea & Beverage Spots",coffee-tea-beverage-spots,72,Soda Fountains,soda-fountains,,,,
Local Businesses,local-business,7,"Coffee, Tea & Beverage Spots",coffee-tea-beverage-spots,73,Old-Fashioned Soda Shops,old-fashioned-soda-shops,,,,
Local Businesses,local-business,7,"Coffee, Tea & Beverage Spots",coffee-tea-beverage-spots,74,Phosphate Bars,phosphate-bars,,,,
Local Businesses,local-business,7,"Coffee, Tea & Beverage Spots",coffee-tea-beverage-spots,75,Float Spots,float-spots,,,,
Local Businesses,local-business,7,"Coffee, Tea & Beverage Spots",coffee-tea-beverage-spots,76,Root Beer Float Stands,root-beer-float-stands,,,,
Local Businesses,local-business,7,"Coffee, Tea & Beverage Spots",coffee-tea-beverage-spots,77,Hot Chocolate Cafes,hot-chocolate-cafes,1,Tea & Dessert,Chocolate Shop,tea-dessert-chocolate-shop
Local Businesses,local-business,7,"Coffee, Tea & Beverage Spots",coffee-tea-beverage-spots,78,Drinking Chocolate Bars,drinking-chocolate-bars,,,,
Local Businesses,local-business,7,"Coffee, Tea & Beverage Spots",coffee-tea-beverage-spots,79,Kombucha Bars,kombucha-bars,,,,
Local Businesses,local-business,7,"Coffee, Tea & Beverage Spots",coffee-tea-beverage-spots,80,On-Tap Kombucha,on-tap-kombucha,,,,
Local Businesses,local-business,7,"Coffee, Tea & Beverage Spots",coffee-tea-beverage-spots,81,Mead Tasting Rooms,mead-tasting-rooms,,,,
Local Businesses,local-business,7,"Coffee, Tea & Beverage Spots",coffee-tea-beverage-spots,82,Hard Cider Tasting Rooms,hard-cider-tasting-rooms,,,,
Local Businesses,local-business,8,Bars & Nightlife Venues,bars-nightlife-venues,1,Cocktail Bars,cocktail-bars,1,Bars,Cocktail Bar,bars-cocktail-bar
Local Businesses,local-business,8,Bars & Nightlife Venues,bars-nightlife-venues,1,Cocktail Bars,cocktail-bars,2,Bars,Karaoke Bar,bars-karaoke-bar
Local Businesses,local-business,8,Bars & Nightlife Venues,bars-nightlife-venues,1,Cocktail Bars,cocktail-bars,3,Bars,Hookah Lounge,bars-hookah-lounge
Local Businesses,local-business,8,Bars & Nightlife Venues,bars-nightlife-venues,1,Cocktail Bars,cocktail-bars,4,Bars,Piano Bar,bars-piano-bar
Local Businesses,local-business,8,Bars & Nightlife Venues,bars-nightlife-venues,1,Cocktail Bars,cocktail-bars,5,Entertainment,Bowling Alley,entertainment-bowling-alley
Local Businesses,local-business,8,Bars & Nightlife Venues,bars-nightlife-venues,1,Cocktail Bars,cocktail-bars,6,Entertainment,Escape Room,entertainment-escape-room
Local Businesses,local-business,8,Bars & Nightlife Venues,bars-nightlife-venues,2,Speakeasies,speakeasies,,,,
Local Businesses,local-business,8,Bars & Nightlife Venues,bars-nightlife-venues,3,Hidden Bars,hidden-bars,,,,
Local Businesses,local-business,8,Bars & Nightlife Venues,bars-nightlife-venues,4,Tiki Bars,tiki-bars,,,,
Local Businesses,local-business,8,Bars & Nightlife Venues,bars-nightlife-venues,5,Polynesian Bars,polynesian-bars,,,,
Local Businesses,local-business,8,Bars & Nightlife Venues,bars-nightlife-venues,6,Wine Bars,wine-bars,1,Bars,Wine Bar,bars-wine-bar
Local Businesses,local-business,8,Bars & Nightlife Venues,bars-nightlife-venues,7,Natural Wine Bars,natural-wine-bars,,,,
Local Businesses,local-business,8,Bars & Nightlife Venues,bars-nightlife-venues,8,Champagne Bars,champagne-bars,,,,
Local Businesses,local-business,8,Bars & Nightlife Venues,bars-nightlife-venues,9,Sparkling Wine Bars,sparkling-wine-bars,,,,
Local Businesses,local-business,8,Bars & Nightlife Venues,bars-nightlife-venues,10,Beer Halls,beer-halls,,,,
Local Businesses,local-business,8,Bars & Nightlife Venues,bars-nightlife-venues,11,Beer Gardens,beer-gardens,,,,
Local Businesses,local-business,8,Bars & Nightlife Venues,bars-nightlife-venues,12,Belgian Beer Bars,belgian-beer-bars,1,Bars,Beer Bar / Pub,bars-beer-bar-pub
Local Businesses,local-business,8,Bars & Nightlife Venues,bars-nightlife-venues,13,Craft Beer Bars,craft-beer-bars,,,,
Local Businesses,local-business,8,Bars & Nightlife Venues,bars-nightlife-venues,14,Brewpubs,brewpubs,,,,
Local Businesses,local-business,8,Bars & Nightlife Venues,bars-nightlife-venues,15,Microbrewery Tap Rooms,microbrewery-tap-rooms,,,,
Local Businesses,local-business,8,Bars & Nightlife Venues,bars-nightlife-venues,16,Nano Brewery Tap Rooms,nano-brewery-tap-rooms,,,,
Local Businesses,local-business,8,Bars & Nightlife Venues,bars-nightlife-venues,17,Cidery Tasting Rooms,cidery-tasting-rooms,,,,
Local Businesses,local-business,8,Bars & Nightlife Venues,bars-nightlife-venues,18,Meadery Tasting Rooms,meadery-tasting-rooms,,,,
Local Businesses,local-business,8,Bars & Nightlife Venues,bars-nightlife-venues,19,Sake Bars,sake-bars,,,,
Local Businesses,local-business,8,Bars & Nightlife Venues,bars-nightlife-venues,20,Soju Bars,soju-bars,,,,
Local Businesses,local-business,8,Bars & Nightlife Venues,bars-nightlife-venues,21,Japanese Whisky Bars,japanese-whisky-bars,,,,
Local Businesses,local-business,8,Bars & Nightlife Venues,bars-nightlife-venues,22,Bourbon Bars,bourbon-bars,,,,
Local Businesses,local-business,8,Bars & Nightlife Venues,bars-nightlife-venues,23,Scotch Whisky Bars,scotch-whisky-bars,,,,
Local Businesses,local-business,8,Bars & Nightlife Venues,bars-nightlife-venues,24,Irish Whiskey Bars,irish-whiskey-bars,,,,
Local Businesses,local-business,8,Bars & Nightlife Venues,bars-nightlife-venues,25,Rum Bars,rum-bars,,,,
Local Businesses,local-business,8,Bars & Nightlife Venues,bars-nightlife-venues,26,Tequila Bars,tequila-bars,,,,
Local Businesses,local-business,8,Bars & Nightlife Venues,bars-nightlife-venues,27,Mezcal Bars,mezcal-bars,,,,
Local Businesses,local-business,8,Bars & Nightlife Venues,bars-nightlife-venues,28,Gin Bars,gin-bars,,,,
Local Businesses,local-business,8,Bars & Nightlife Venues,bars-nightlife-venues,29,Vodka Bars,vodka-bars,,,,
Local Businesses,local-business,8,Bars & Nightlife Venues,bars-nightlife-venues,30,Cognac Bars,cognac-bars,,,,
Local Businesses,local-business,8,Bars & Nightlife Venues,bars-nightlife-venues,31,Absinthe Bars,absinthe-bars,,,,
Local Businesses,local-business,8,Bars & Nightlife Venues,bars-nightlife-venues,32,Pisco Bars,pisco-bars,,,,
Local Businesses,local-business,8,Bars & Nightlife Venues,bars-nightlife-venues,33,Cachaça Bars,cachaa-bars,,,,
Local Businesses,local-business,8,Bars & Nightlife Venues,bars-nightlife-venues,34,Sports Bars,sports-bars,1,Bars,Sports Bar,bars-sports-bar
Local Businesses,local-business,8,Bars & Nightlife Venues,bars-nightlife-venues,35,Indoor Sports Bars,indoor-sports-bars,,,,
Local Businesses,local-business,8,Bars & Nightlife Venues,bars-nightlife-venues,36,Patio Sports Bars,patio-sports-bars,,,,
Local Businesses,local-business,8,Bars & Nightlife Venues,bars-nightlife-venues,37,Dive Bars,dive-bars,1,Bars,Dive Bar,bars-dive-bar
Local Businesses,local-business,8,Bars & Nightlife Venues,bars-nightlife-venues,38,Neighborhood Pubs,neighborhood-pubs,,,,
Local Businesses,local-business,8,Bars & Nightlife Venues,bars-nightlife-venues,39,Hotel Bars,hotel-bars,,,,
Local Businesses,local-business,8,Bars & Nightlife Venues,bars-nightlife-venues,40,Rooftop Bars,rooftop-bars,1,Bars,Rooftop Bar,bars-rooftop-bar
Local Businesses,local-business,8,Bars & Nightlife Venues,bars-nightlife-venues,41,Beachfront Bars,beachfront-bars,,,,
Local Businesses,local-business,8,Bars & Nightlife Venues,bars-nightlife-venues,42,Lake Bars,lake-bars,,,,
Local Businesses,local-business,8,Bars & Nightlife Venues,bars-nightlife-venues,43,Marina Bars,marina-bars,,,,
Local Businesses,local-business,8,Bars & Nightlife Venues,bars-nightlife-venues,44,Outdoor Tiki Bars,outdoor-tiki-bars,,,,
Local Businesses,local-business,8,Bars & Nightlife Venues,bars-nightlife-venues,45,Cigar Bars,cigar-bars,1,Bars,Cigar Bar,bars-cigar-bar
Local Businesses,local-business,8,Bars & Nightlife Venues,bars-nightlife-venues,46,Cigar Lounges,cigar-lounges,,,,
Local Businesses,local-business,8,Bars & Nightlife Venues,bars-nightlife-venues,47,Hookah Lounges,hookah-lounges,,,,
Local Businesses,local-business,8,Bars & Nightlife Venues,bars-nightlife-venues,48,Shisha Cafes,shisha-cafes,,,,
Local Businesses,local-business,8,Bars & Nightlife Venues,bars-nightlife-venues,49,Pool Halls,pool-halls,1,Entertainment,Pool Hall,entertainment-pool-hall
Local Businesses,local-business,8,Bars & Nightlife Venues,bars-nightlife-venues,50,Billiards Halls,billiards-halls,,,,
Local Businesses,local-business,8,Bars & Nightlife Venues,bars-nightlife-venues,51,Snooker Halls,snooker-halls,,,,
Local Businesses,local-business,8,Bars & Nightlife Venues,bars-nightlife-venues,52,Dart Bars,dart-bars,,,,
Local Businesses,local-business,8,Bars & Nightlife Venues,bars-nightlife-venues,53,Shuffleboard Bars,shuffleboard-bars,,,,
Local Businesses,local-business,8,Bars & Nightlife Venues,bars-nightlife-venues,54,Pinball Bars,pinball-bars,,,,
Local Businesses,local-business,8,Bars & Nightlife Venues,bars-nightlife-venues,55,Arcade Bars,arcade-bars,1,Entertainment,Arcade Bar,entertainment-arcade-bar
Local Businesses,local-business,8,Bars & Nightlife Venues,bars-nightlife-venues,56,Cereal Bars,cereal-bars,,,,
Local Businesses,local-business,8,Bars & Nightlife Venues,bars-nightlife-venues,57,Ice Bars,ice-bars,,,,
Local Businesses,local-business,8,Bars & Nightlife Venues,bars-nightlife-venues,58,Comedy Clubs,comedy-clubs,1,Entertainment,Comedy Club,entertainment-comedy-club
Local Businesses,local-business,8,Bars & Nightlife Venues,bars-nightlife-venues,59,Improv Comedy Clubs,improv-comedy-clubs,,,,
Local Businesses,local-business,8,Bars & Nightlife Venues,bars-nightlife-venues,60,Private Karaoke Lounges,private-karaoke-lounges,,,,
Local Businesses,local-business,8,Bars & Nightlife Venues,bars-nightlife-venues,61,Jazz Bars,jazz-bars,1,Entertainment,Jazz Club,entertainment-jazz-club
Local Businesses,local-business,8,Bars & Nightlife Venues,bars-nightlife-venues,62,Blues Bars,blues-bars,,,,
Local Businesses,local-business,8,Bars & Nightlife Venues,bars-nightlife-venues,63,Live Music Bars,live-music-bars,1,Entertainment,Live Music Venue,entertainment-live-music-venue
Local Businesses,local-business,8,Bars & Nightlife Venues,bars-nightlife-venues,64,Salsa Dance Clubs,salsa-dance-clubs,1,Entertainment,Dance Club,entertainment-dance-club
Local Businesses,local-business,8,Bars & Nightlife Venues,bars-nightlife-venues,65,Bachata Dance Clubs,bachata-dance-clubs,,,,
Local Businesses,local-business,8,Bars & Nightlife Venues,bars-nightlife-venues,66,Country Dance Clubs,country-dance-clubs,,,,
Local Businesses,local-business,8,Bars & Nightlife Venues,bars-nightlife-venues,67,Line Dance Halls,line-dance-halls,,,,
Local Businesses,local-business,8,Bars & Nightlife Venues,bars-nightlife-venues,68,Latin Nightclubs,latin-nightclubs,,,,
Local Businesses,local-business,8,Bars & Nightlife Venues,bars-nightlife-venues,69,Hip Hop Clubs,hip-hop-clubs,,,,
Local Businesses,local-business,8,Bars & Nightlife Venues,bars-nightlife-venues,70,EDM Clubs,edm-clubs,,,,
Local Businesses,local-business,8,Bars & Nightlife Venues,bars-nightlife-venues,71,Techno Clubs,techno-clubs,,,,
Local Businesses,local-business,8,Bars & Nightlife Venues,bars-nightlife-venues,72,Goth Clubs,goth-clubs,,,,
Local Businesses,local-business,8,Bars & Nightlife Venues,bars-nightlife-venues,73,80s Night Clubs,80s-night-clubs,1,Entertainment,Night Club,entertainment-night-club
Local Businesses,local-business,8,Bars & Nightlife Venues,bars-nightlife-venues,74,90s Night Clubs,90s-night-clubs,,,,
Local Businesses,local-business,8,Bars & Nightlife Venues,bars-nightlife-venues,75,Drag Bars,drag-bars,,,,
Local Businesses,local-business,8,Bars & Nightlife Venues,bars-nightlife-venues,76,Burlesque Lounges,burlesque-lounges,,,,
Local Businesses,local-business,8,Bars & Nightlife Venues,bars-nightlife-venues,77,Cabaret Bars,cabaret-bars,,,,
Local Businesses,local-business,8,Bars & Nightlife Venues,bars-nightlife-venues,78,Speakeasy Lounges,speakeasy-lounges,1,Entertainment,Speakeasy,entertainment-speakeasy
Local Businesses,local-business,8,Bars & Nightlife Venues,bars-nightlife-venues,79,Underground Bars,underground-bars,,,,
Local Businesses,local-business,8,Bars & Nightlife Venues,bars-nightlife-venues,80,Members-Only Clubs,members-only-clubs,,,,
Local Businesses,local-business,8,Bars & Nightlife Venues,bars-nightlife-venues,81,Speakeasy Members Clubs,speakeasy-members-clubs,,,,
Local Businesses,local-business,8,Bars & Nightlife Venues,bars-nightlife-venues,82,Country Clubs,country-clubs,,,,
Local Businesses,local-business,9,"Food Trucks, Carts & Specialty",food-trucks-carts-specialty,1,Food Truck Parks,food-truck-parks,1,Specialty Food,Gourmet Food,specialty-food-gourmet-food
Local Businesses,local-business,9,"Food Trucks, Carts & Specialty",food-trucks-carts-specialty,1,Food Truck Parks,food-truck-parks,2,Specialty Food,Organic Market,specialty-food-organic-market
Local Businesses,local-business,9,"Food Trucks, Carts & Specialty",food-trucks-carts-specialty,1,Food Truck Parks,food-truck-parks,3,Specialty Food,Health Food,specialty-food-health-food
Local Businesses,local-business,9,"Food Trucks, Carts & Specialty",food-trucks-carts-specialty,1,Food Truck Parks,food-truck-parks,4,Specialty Food,Meal Prep Service,specialty-food-meal-prep-service
Local Businesses,local-business,9,"Food Trucks, Carts & Specialty",food-trucks-carts-specialty,1,Food Truck Parks,food-truck-parks,5,Mobile Food,Taco Truck,mobile-food-taco-truck
Local Businesses,local-business,9,"Food Trucks, Carts & Specialty",food-trucks-carts-specialty,1,Food Truck Parks,food-truck-parks,6,Mobile Food,BBQ Truck,mobile-food-bbq-truck
Local Businesses,local-business,9,"Food Trucks, Carts & Specialty",food-trucks-carts-specialty,1,Food Truck Parks,food-truck-parks,7,Mobile Food,Pizza Truck,mobile-food-pizza-truck
Local Businesses,local-business,9,"Food Trucks, Carts & Specialty",food-trucks-carts-specialty,1,Food Truck Parks,food-truck-parks,8,Mobile Food,Asian Food Truck,mobile-food-asian-food-truck
Local Businesses,local-business,9,"Food Trucks, Carts & Specialty",food-trucks-carts-specialty,1,Food Truck Parks,food-truck-parks,9,Mobile Food,Dessert Truck,mobile-food-dessert-truck
Local Businesses,local-business,9,"Food Trucks, Carts & Specialty",food-trucks-carts-specialty,1,Food Truck Parks,food-truck-parks,10,Mobile Food,Breakfast Truck,mobile-food-breakfast-truck
Local Businesses,local-business,9,"Food Trucks, Carts & Specialty",food-trucks-carts-specialty,1,Food Truck Parks,food-truck-parks,11,Mobile Food,Burger Truck,mobile-food-burger-truck
Local Businesses,local-business,9,"Food Trucks, Carts & Specialty",food-trucks-carts-specialty,1,Food Truck Parks,food-truck-parks,12,Mobile Food,Seafood Truck,mobile-food-seafood-truck
Local Businesses,local-business,9,"Food Trucks, Carts & Specialty",food-trucks-carts-specialty,1,Food Truck Parks,food-truck-parks,13,Mobile Food,Coffee Truck,mobile-food-coffee-truck
Local Businesses,local-business,9,"Food Trucks, Carts & Specialty",food-trucks-carts-specialty,1,Food Truck Parks,food-truck-parks,14,Healthy Dining,Salad Bar,healthy-dining-salad-bar
Local Businesses,local-business,9,"Food Trucks, Carts & Specialty",food-trucks-carts-specialty,1,Food Truck Parks,food-truck-parks,15,Healthy Dining,Poke Bowl,healthy-dining-poke-bowl
Local Businesses,local-business,9,"Food Trucks, Carts & Specialty",food-trucks-carts-specialty,1,Food Truck Parks,food-truck-parks,16,Healthy Dining,Acai Restaurant,healthy-dining-acai-restaurant
Local Businesses,local-business,9,"Food Trucks, Carts & Specialty",food-trucks-carts-specialty,1,Food Truck Parks,food-truck-parks,17,Healthy Dining,Grain Bowl,healthy-dining-grain-bowl
Local Businesses,local-business,9,"Food Trucks, Carts & Specialty",food-trucks-carts-specialty,1,Food Truck Parks,food-truck-parks,18,Healthy Dining,Raw Food Restaurant,healthy-dining-raw-food-restaurant
Local Businesses,local-business,9,"Food Trucks, Carts & Specialty",food-trucks-carts-specialty,1,Food Truck Parks,food-truck-parks,19,Healthy Dining,Macro-Friendly,healthy-dining-macro-friendly
Local Businesses,local-business,9,"Food Trucks, Carts & Specialty",food-trucks-carts-specialty,1,Food Truck Parks,food-truck-parks,20,Healthy Dining,Protein Bar,healthy-dining-protein-bar
Local Businesses,local-business,9,"Food Trucks, Carts & Specialty",food-trucks-carts-specialty,1,Food Truck Parks,food-truck-parks,21,Healthy Dining,Superfood Cafe,healthy-dining-superfood-cafe
Local Businesses,local-business,9,"Food Trucks, Carts & Specialty",food-trucks-carts-specialty,2,Food Truck Rallies,food-truck-rallies,,,,
Local Businesses,local-business,9,"Food Trucks, Carts & Specialty",food-trucks-carts-specialty,3,Food Cart Pods,food-cart-pods,,,,
Local Businesses,local-business,9,"Food Trucks, Carts & Specialty",food-trucks-carts-specialty,4,Hot Dog Carts,hot-dog-carts,,,,
Local Businesses,local-business,9,"Food Trucks, Carts & Specialty",food-trucks-carts-specialty,5,Hot Dog Stands,hot-dog-stands,,,,
Local Businesses,local-business,9,"Food Trucks, Carts & Specialty",food-trucks-carts-specialty,6,Chicago Hot Dog Stands,chicago-hot-dog-stands,,,,
Local Businesses,local-business,9,"Food Trucks, Carts & Specialty",food-trucks-carts-specialty,7,NY Hot Dog Carts,ny-hot-dog-carts,,,,
Local Businesses,local-business,9,"Food Trucks, Carts & Specialty",food-trucks-carts-specialty,8,Coney Island Hot Dog Stands,coney-island-hot-dog-stands,,,,
Local Businesses,local-business,9,"Food Trucks, Carts & Specialty",food-trucks-carts-specialty,9,Sausage Carts,sausage-carts,,,,
Local Businesses,local-business,9,"Food Trucks, Carts & Specialty",food-trucks-carts-specialty,10,Bratwurst Stands,bratwurst-stands,,,,
Local Businesses,local-business,9,"Food Trucks, Carts & Specialty",food-trucks-carts-specialty,11,Pretzel Carts,pretzel-carts,,,,
Local Businesses,local-business,9,"Food Trucks, Carts & Specialty",food-trucks-carts-specialty,12,Roasted Nut Carts,roasted-nut-carts,,,,
Local Businesses,local-business,9,"Food Trucks, Carts & Specialty",food-trucks-carts-specialty,13,Roasted Chestnut Carts,roasted-chestnut-carts,,,,
Local Businesses,local-business,9,"Food Trucks, Carts & Specialty",food-trucks-carts-specialty,14,Falafel Carts,falafel-carts,,,,
Local Businesses,local-business,9,"Food Trucks, Carts & Specialty",food-trucks-carts-specialty,15,Halal Carts,halal-carts,,,,
Local Businesses,local-business,9,"Food Trucks, Carts & Specialty",food-trucks-carts-specialty,16,Kebab Carts,kebab-carts,,,,
Local Businesses,local-business,9,"Food Trucks, Carts & Specialty",food-trucks-carts-specialty,17,Gyro Carts,gyro-carts,,,,
Local Businesses,local-business,9,"Food Trucks, Carts & Specialty",food-trucks-carts-specialty,18,Halal Cart Chicken Over Rice,halal-cart-chicken-over-rice,,,,
Local Businesses,local-business,9,"Food Trucks, Carts & Specialty",food-trucks-carts-specialty,19,Tamale Carts,tamale-carts,,,,
Local Businesses,local-business,9,"Food Trucks, Carts & Specialty",food-trucks-carts-specialty,20,Esquite Carts,esquite-carts,,,,
Local Businesses,local-business,9,"Food Trucks, Carts & Specialty",food-trucks-carts-specialty,21,Elote Carts,elote-carts,,,,
Local Businesses,local-business,9,"Food Trucks, Carts & Specialty",food-trucks-carts-specialty,22,Mango Cart Stands,mango-cart-stands,,,,
Local Businesses,local-business,9,"Food Trucks, Carts & Specialty",food-trucks-carts-specialty,23,Cut Fruit Stands,cut-fruit-stands,,,,
Local Businesses,local-business,9,"Food Trucks, Carts & Specialty",food-trucks-carts-specialty,24,Fruit Cup Stands,fruit-cup-stands,,,,
Local Businesses,local-business,9,"Food Trucks, Carts & Specialty",food-trucks-carts-specialty,25,Coconut Stands,coconut-stands,,,,
Local Businesses,local-business,9,"Food Trucks, Carts & Specialty",food-trucks-carts-specialty,26,Sugarcane Juice Carts,sugarcane-juice-carts,1,Healthy Dining,Juice Bar Restaurant,healthy-dining-juice-bar-restaurant
Local Businesses,local-business,9,"Food Trucks, Carts & Specialty",food-trucks-carts-specialty,27,Snow Cone Carts,snow-cone-carts,,,,
Local Businesses,local-business,9,"Food Trucks, Carts & Specialty",food-trucks-carts-specialty,28,Ice Cream Trucks,ice-cream-trucks,1,Dessert Spots,Ice Cream Parlor,dessert-spots-ice-cream-parlor
Local Businesses,local-business,9,"Food Trucks, Carts & Specialty",food-trucks-carts-specialty,29,Mr Softee Trucks,mr-softee-trucks,,,,
Local Businesses,local-business,9,"Food Trucks, Carts & Specialty",food-trucks-carts-specialty,30,Paleta Carts,paleta-carts,,,,
Local Businesses,local-business,9,"Food Trucks, Carts & Specialty",food-trucks-carts-specialty,31,Popsicle Carts,popsicle-carts,,,,
Local Businesses,local-business,9,"Food Trucks, Carts & Specialty",food-trucks-carts-specialty,32,Mexican Ice Cream Carts,mexican-ice-cream-carts,,,,
Local Businesses,local-business,9,"Food Trucks, Carts & Specialty",food-trucks-carts-specialty,33,Dessert Trucks,dessert-trucks,1,Dessert Spots,Frozen Yogurt,dessert-spots-frozen-yogurt
Local Businesses,local-business,9,"Food Trucks, Carts & Specialty",food-trucks-carts-specialty,33,Dessert Trucks,dessert-trucks,2,Dessert Spots,Candy Store,dessert-spots-candy-store
Local Businesses,local-business,9,"Food Trucks, Carts & Specialty",food-trucks-carts-specialty,33,Dessert Trucks,dessert-trucks,3,Dessert Spots,Shaved Ice,dessert-spots-shaved-ice
Local Businesses,local-business,9,"Food Trucks, Carts & Specialty",food-trucks-carts-specialty,34,Crepe Trucks,crepe-trucks,,,,
Local Businesses,local-business,9,"Food Trucks, Carts & Specialty",food-trucks-carts-specialty,35,Waffle Trucks,waffle-trucks,,,,
Local Businesses,local-business,9,"Food Trucks, Carts & Specialty",food-trucks-carts-specialty,36,Cookie Trucks,cookie-trucks,,,,
Local Businesses,local-business,9,"Food Trucks, Carts & Specialty",food-trucks-carts-specialty,37,Donut Trucks,donut-trucks,,,,
Local Businesses,local-business,9,"Food Trucks, Carts & Specialty",food-trucks-carts-specialty,38,Cupcake Trucks,cupcake-trucks,,,,
Local Businesses,local-business,9,"Food Trucks, Carts & Specialty",food-trucks-carts-specialty,39,BBQ Trucks,bbq-trucks,,,,
Local Businesses,local-business,9,"Food Trucks, Carts & Specialty",food-trucks-carts-specialty,40,Pulled Pork Trucks,pulled-pork-trucks,,,,
Local Businesses,local-business,9,"Food Trucks, Carts & Specialty",food-trucks-carts-specialty,41,Brisket Trucks,brisket-trucks,,,,
Local Businesses,local-business,9,"Food Trucks, Carts & Specialty",food-trucks-carts-specialty,42,Texas BBQ Trucks,texas-bbq-trucks,,,,
Local Businesses,local-business,9,"Food Trucks, Carts & Specialty",food-trucks-carts-specialty,43,Korean BBQ Trucks,korean-bbq-trucks,,,,
Local Businesses,local-business,9,"Food Trucks, Carts & Specialty",food-trucks-carts-specialty,44,Korean Taco Trucks,korean-taco-trucks,,,,
Local Businesses,local-business,9,"Food Trucks, Carts & Specialty",food-trucks-carts-specialty,45,Lobster Roll Trucks,lobster-roll-trucks,,,,
Local Businesses,local-business,9,"Food Trucks, Carts & Specialty",food-trucks-carts-specialty,46,Crab Cake Trucks,crab-cake-trucks,1,Bakery,Wedding Cake,bakery-wedding-cake
Local Businesses,local-business,9,"Food Trucks, Carts & Specialty",food-trucks-carts-specialty,47,Seafood Trucks,seafood-trucks,,,,
Local Businesses,local-business,9,"Food Trucks, Carts & Specialty",food-trucks-carts-specialty,49,Banh Mi Trucks,banh-mi-trucks,,,,
Local Businesses,local-business,9,"Food Trucks, Carts & Specialty",food-trucks-carts-specialty,50,Vietnamese Food Trucks,vietnamese-food-trucks,,,,
Local Businesses,local-business,9,"Food Trucks, Carts & Specialty",food-trucks-carts-specialty,51,Pho Trucks,pho-trucks,,,,
Local Businesses,local-business,9,"Food Trucks, Carts & Specialty",food-trucks-carts-specialty,52,Filipino Food Trucks,filipino-food-trucks,,,,
Local Businesses,local-business,9,"Food Trucks, Carts & Specialty",food-trucks-carts-specialty,53,Indian Food Trucks,indian-food-trucks,1,Gourmet & Ethnic,Indian Grocery,gourmet-ethnic-indian-grocery
Local Businesses,local-business,9,"Food Trucks, Carts & Specialty",food-trucks-carts-specialty,54,Thai Food Trucks,thai-food-trucks,,,,
Local Businesses,local-business,9,"Food Trucks, Carts & Specialty",food-trucks-carts-specialty,55,Greek Food Trucks,greek-food-trucks,,,,
Local Businesses,local-business,9,"Food Trucks, Carts & Specialty",food-trucks-carts-specialty,56,Mediterranean Food Trucks,mediterranean-food-trucks,,,,
Local Businesses,local-business,9,"Food Trucks, Carts & Specialty",food-trucks-carts-specialty,57,Latin American Food Trucks,latin-american-food-trucks,1,Gourmet & Ethnic,Latin American Market,gourmet-ethnic-latin-american-market
Local Businesses,local-business,9,"Food Trucks, Carts & Specialty",food-trucks-carts-specialty,58,Salvadoran Food Trucks,salvadoran-food-trucks,,,,
Local Businesses,local-business,9,"Food Trucks, Carts & Specialty",food-trucks-carts-specialty,59,Peruvian Food Trucks,peruvian-food-trucks,,,,
Local Businesses,local-business,9,"Food Trucks, Carts & Specialty",food-trucks-carts-specialty,60,Argentine Food Trucks,argentine-food-trucks,,,,
Local Businesses,local-business,9,"Food Trucks, Carts & Specialty",food-trucks-carts-specialty,61,Brazilian Food Trucks,brazilian-food-trucks,,,,
Local Businesses,local-business,9,"Food Trucks, Carts & Specialty",food-trucks-carts-specialty,62,Hawaiian Food Trucks,hawaiian-food-trucks,,,,
Local Businesses,local-business,9,"Food Trucks, Carts & Specialty",food-trucks-carts-specialty,63,Burger Trucks,burger-trucks,,,,
Local Businesses,local-business,9,"Food Trucks, Carts & Specialty",food-trucks-carts-specialty,64,Smash Burger Trucks,smash-burger-trucks,,,,
Local Businesses,local-business,9,"Food Trucks, Carts & Specialty",food-trucks-carts-specialty,65,Cheesesteak Trucks,cheesesteak-trucks,,,,
Local Businesses,local-business,9,"Food Trucks, Carts & Specialty",food-trucks-carts-specialty,66,Sandwich Trucks,sandwich-trucks,,,,
Local Businesses,local-business,9,"Food Trucks, Carts & Specialty",food-trucks-carts-specialty,67,Grilled Cheese Trucks,grilled-cheese-trucks,,,,
Local Businesses,local-business,9,"Food Trucks, Carts & Specialty",food-trucks-carts-specialty,68,Mac & Cheese Trucks,mac-cheese-trucks,,,,
Local Businesses,local-business,9,"Food Trucks, Carts & Specialty",food-trucks-carts-specialty,69,Pizza Trucks,pizza-trucks,,,,
Local Businesses,local-business,9,"Food Trucks, Carts & Specialty",food-trucks-carts-specialty,70,Wood-Fired Pizza Trucks,wood-fired-pizza-trucks,,,,
Local Businesses,local-business,9,"Food Trucks, Carts & Specialty",food-trucks-carts-specialty,71,Gourmet Pizza Trucks,gourmet-pizza-trucks,1,Gourmet & Ethnic,Asian Grocery,gourmet-ethnic-asian-grocery
Local Businesses,local-business,9,"Food Trucks, Carts & Specialty",food-trucks-carts-specialty,71,Gourmet Pizza Trucks,gourmet-pizza-trucks,2,Gourmet & Ethnic,Middle Eastern Market,gourmet-ethnic-middle-eastern-market
Local Businesses,local-business,9,"Food Trucks, Carts & Specialty",food-trucks-carts-specialty,71,Gourmet Pizza Trucks,gourmet-pizza-trucks,3,Gourmet & Ethnic,European Deli,gourmet-ethnic-european-deli
Local Businesses,local-business,9,"Food Trucks, Carts & Specialty",food-trucks-carts-specialty,71,Gourmet Pizza Trucks,gourmet-pizza-trucks,4,Gourmet & Ethnic,African Market,gourmet-ethnic-african-market
Local Businesses,local-business,9,"Food Trucks, Carts & Specialty",food-trucks-carts-specialty,71,Gourmet Pizza Trucks,gourmet-pizza-trucks,5,Gourmet & Ethnic,Japanese Market,gourmet-ethnic-japanese-market
Local Businesses,local-business,9,"Food Trucks, Carts & Specialty",food-trucks-carts-specialty,71,Gourmet Pizza Trucks,gourmet-pizza-trucks,6,Gourmet & Ethnic,Korean Market,gourmet-ethnic-korean-market
Local Businesses,local-business,9,"Food Trucks, Carts & Specialty",food-trucks-carts-specialty,71,Gourmet Pizza Trucks,gourmet-pizza-trucks,7,Gourmet & Ethnic,Halal Market,gourmet-ethnic-halal-market
Local Businesses,local-business,9,"Food Trucks, Carts & Specialty",food-trucks-carts-specialty,71,Gourmet Pizza Trucks,gourmet-pizza-trucks,8,Gourmet & Ethnic,Kosher Market,gourmet-ethnic-kosher-market
Local Businesses,local-business,9,"Food Trucks, Carts & Specialty",food-trucks-carts-specialty,72,Fried Chicken Trucks,fried-chicken-trucks,,,,
Local Businesses,local-business,9,"Food Trucks, Carts & Specialty",food-trucks-carts-specialty,73,Wing Trucks,wing-trucks,,,,
Local Businesses,local-business,9,"Food Trucks, Carts & Specialty",food-trucks-carts-specialty,74,Vegetarian Food Trucks,vegetarian-food-trucks,,,,
Local Businesses,local-business,9,"Food Trucks, Carts & Specialty",food-trucks-carts-specialty,75,Vegan Food Trucks,vegan-food-trucks,1,Bakery,Vegan Bakery,bakery-vegan-bakery
Local Businesses,local-business,9,"Food Trucks, Carts & Specialty",food-trucks-carts-specialty,75,Vegan Food Trucks,vegan-food-trucks,2,Specialty Food,Vegan Store,specialty-food-vegan-store
Local Businesses,local-business,9,"Food Trucks, Carts & Specialty",food-trucks-carts-specialty,75,Vegan Food Trucks,vegan-food-trucks,3,Mobile Food,Vegan Food Truck,mobile-food-vegan-food-truck
Local Businesses,local-business,9,"Food Trucks, Carts & Specialty",food-trucks-carts-specialty,76,Plant-Based Food Trucks,plant-based-food-trucks,,,,
Local Businesses,local-business,9,"Food Trucks, Carts & Specialty",food-trucks-carts-specialty,77,Coffee Trucks,coffee-trucks,,,,
Local Businesses,local-business,9,"Food Trucks, Carts & Specialty",food-trucks-carts-specialty,78,Espresso Trucks,espresso-trucks,,,,
Local Businesses,local-business,9,"Food Trucks, Carts & Specialty",food-trucks-carts-specialty,79,Tea Trucks,tea-trucks,,,,
Local Businesses,local-business,9,"Food Trucks, Carts & Specialty",food-trucks-carts-specialty,80,Boba Trucks,boba-trucks,,,,
Local Businesses,local-business,9,"Food Trucks, Carts & Specialty",food-trucks-carts-specialty,81,Smoothie Trucks,smoothie-trucks,1,Healthy Dining,Smoothie Bar,healthy-dining-smoothie-bar
Local Businesses,local-business,9,"Food Trucks, Carts & Specialty",food-trucks-carts-specialty,82,Juice Trucks,juice-trucks,,,,
Local Businesses,local-business,9,"Food Trucks, Carts & Specialty",food-trucks-carts-specialty,83,Lemonade Trucks,lemonade-trucks,,,,
Local Businesses,local-business,9,"Food Trucks, Carts & Specialty",food-trucks-carts-specialty,84,Slushie Trucks,slushie-trucks,,,,
Local Businesses,local-business,10,"Specialty Grocery, Markets & Delis",specialty-grocery-markets-delis,1,Asian Grocery Stores,asian-grocery-stores,1,Food Retail,Organic Grocery,food-retail-organic-grocery
Local Businesses,local-business,10,"Specialty Grocery, Markets & Delis",specialty-grocery-markets-delis,1,Asian Grocery Stores,asian-grocery-stores,2,Food Retail,Specialty Grocery,food-retail-specialty-grocery
Local Businesses,local-business,10,"Specialty Grocery, Markets & Delis",specialty-grocery-markets-delis,1,Asian Grocery Stores,asian-grocery-stores,3,Food Retail,Ethnic Grocery,food-retail-ethnic-grocery
Local Businesses,local-business,10,"Specialty Grocery, Markets & Delis",specialty-grocery-markets-delis,1,Asian Grocery Stores,asian-grocery-stores,4,Beverage,Specialty Drinks,beverage-specialty-drinks
Local Businesses,local-business,10,"Specialty Grocery, Markets & Delis",specialty-grocery-markets-delis,2,Chinese Grocery Stores,chinese-grocery-stores,,,,
Local Businesses,local-business,10,"Specialty Grocery, Markets & Delis",specialty-grocery-markets-delis,3,Japanese Grocery Stores,japanese-grocery-stores,,,,
Local Businesses,local-business,10,"Specialty Grocery, Markets & Delis",specialty-grocery-markets-delis,4,Korean Grocery Stores,korean-grocery-stores,,,,
Local Businesses,local-business,10,"Specialty Grocery, Markets & Delis",specialty-grocery-markets-delis,5,Vietnamese Grocery Stores,vietnamese-grocery-stores,,,,
Local Businesses,local-business,10,"Specialty Grocery, Markets & Delis",specialty-grocery-markets-delis,6,Thai Grocery Stores,thai-grocery-stores,,,,
Local Businesses,local-business,10,"Specialty Grocery, Markets & Delis",specialty-grocery-markets-delis,7,Filipino Grocery Stores,filipino-grocery-stores,,,,
Local Businesses,local-business,10,"Specialty Grocery, Markets & Delis",specialty-grocery-markets-delis,8,Indian Grocery Stores,indian-grocery-stores,,,,
Local Businesses,local-business,10,"Specialty Grocery, Markets & Delis",specialty-grocery-markets-delis,9,South Asian Grocery Stores,south-asian-grocery-stores,,,,
Local Businesses,local-business,10,"Specialty Grocery, Markets & Delis",specialty-grocery-markets-delis,10,Pakistani Grocery Stores,pakistani-grocery-stores,,,,
Local Businesses,local-business,10,"Specialty Grocery, Markets & Delis",specialty-grocery-markets-delis,11,Bangladeshi Grocery Stores,bangladeshi-grocery-stores,,,,
Local Businesses,local-business,10,"Specialty Grocery, Markets & Delis",specialty-grocery-markets-delis,12,Halal Grocery Stores,halal-grocery-stores,,,,
Local Businesses,local-business,10,"Specialty Grocery, Markets & Delis",specialty-grocery-markets-delis,13,Halal Butcher Shops,halal-butcher-shops,1,Beverage,Smoothie Shop,beverage-smoothie-shop
Local Businesses,local-business,10,"Specialty Grocery, Markets & Delis",specialty-grocery-markets-delis,14,Halal Meat Markets,halal-meat-markets,,,,
Local Businesses,local-business,10,"Specialty Grocery, Markets & Delis",specialty-grocery-markets-delis,15,Mediterranean Grocery Stores,mediterranean-grocery-stores,,,,
Local Businesses,local-business,10,"Specialty Grocery, Markets & Delis",specialty-grocery-markets-delis,16,Middle Eastern Grocery Stores,middle-eastern-grocery-stores,,,,
Local Businesses,local-business,10,"Specialty Grocery, Markets & Delis",specialty-grocery-markets-delis,17,Persian Grocery Stores,persian-grocery-stores,,,,
Local Businesses,local-business,10,"Specialty Grocery, Markets & Delis",specialty-grocery-markets-delis,18,Arab Grocery Stores,arab-grocery-stores,,,,
Local Businesses,local-business,10,"Specialty Grocery, Markets & Delis",specialty-grocery-markets-delis,19,Turkish Grocery Stores,turkish-grocery-stores,,,,
Local Businesses,local-business,10,"Specialty Grocery, Markets & Delis",specialty-grocery-markets-delis,20,Russian Grocery Stores,russian-grocery-stores,,,,
Local Businesses,local-business,10,"Specialty Grocery, Markets & Delis",specialty-grocery-markets-delis,21,Polish Grocery Stores,polish-grocery-stores,,,,
Local Businesses,local-business,10,"Specialty Grocery, Markets & Delis",specialty-grocery-markets-delis,22,European Grocery Stores,european-grocery-stores,,,,
Local Businesses,local-business,10,"Specialty Grocery, Markets & Delis",specialty-grocery-markets-delis,23,German Grocery Stores,german-grocery-stores,,,,
Local Businesses,local-business,10,"Specialty Grocery, Markets & Delis",specialty-grocery-markets-delis,24,Italian Grocery Stores,italian-grocery-stores,,,,
Local Businesses,local-business,10,"Specialty Grocery, Markets & Delis",specialty-grocery-markets-delis,25,French Grocery Stores,french-grocery-stores,,,,
Local Businesses,local-business,10,"Specialty Grocery, Markets & Delis",specialty-grocery-markets-delis,26,British Grocery Stores,british-grocery-stores,,,,
Local Businesses,local-business,10,"Specialty Grocery, Markets & Delis",specialty-grocery-markets-delis,27,Irish Grocery Stores,irish-grocery-stores,,,,
Local Businesses,local-business,10,"Specialty Grocery, Markets & Delis",specialty-grocery-markets-delis,28,Mexican Grocery Stores,mexican-grocery-stores,,,,
Local Businesses,local-business,10,"Specialty Grocery, Markets & Delis",specialty-grocery-markets-delis,29,Latin American Grocery Stores,latin-american-grocery-stores,,,,
Local Businesses,local-business,10,"Specialty Grocery, Markets & Delis",specialty-grocery-markets-delis,30,Caribbean Grocery Stores,caribbean-grocery-stores,,,,
Local Businesses,local-business,10,"Specialty Grocery, Markets & Delis",specialty-grocery-markets-delis,31,African Grocery Stores,african-grocery-stores,,,,
Local Businesses,local-business,10,"Specialty Grocery, Markets & Delis",specialty-grocery-markets-delis,32,Ethiopian Grocery Stores,ethiopian-grocery-stores,,,,
Local Businesses,local-business,10,"Specialty Grocery, Markets & Delis",specialty-grocery-markets-delis,33,Jewish Grocery Stores,jewish-grocery-stores,,,,
Local Businesses,local-business,10,"Specialty Grocery, Markets & Delis",specialty-grocery-markets-delis,34,Kosher Grocery Stores,kosher-grocery-stores,,,,
Local Businesses,local-business,10,"Specialty Grocery, Markets & Delis",specialty-grocery-markets-delis,35,Kosher Butcher Shops,kosher-butcher-shops,,,,
Local Businesses,local-business,10,"Specialty Grocery, Markets & Delis",specialty-grocery-markets-delis,36,Butcher Shops,butcher-shops,,,,
Local Businesses,local-business,10,"Specialty Grocery, Markets & Delis",specialty-grocery-markets-delis,37,Whole Animal Butchers,whole-animal-butchers,,,,
Local Businesses,local-business,10,"Specialty Grocery, Markets & Delis",specialty-grocery-markets-delis,38,Custom Cut Butchers,custom-cut-butchers,1,Bakery,Custom Cakes,bakery-custom-cakes
Local Businesses,local-business,10,"Specialty Grocery, Markets & Delis",specialty-grocery-markets-delis,39,Mobile Butchers,mobile-butchers,,,,
Local Businesses,local-business,10,"Specialty Grocery, Markets & Delis",specialty-grocery-markets-delis,40,Wild Game Butchers,wild-game-butchers,,,,
Local Businesses,local-business,10,"Specialty Grocery, Markets & Delis",specialty-grocery-markets-delis,41,Sausage Makers,sausage-makers,,,,
Local Businesses,local-business,10,"Specialty Grocery, Markets & Delis",specialty-grocery-markets-delis,42,Smokehouses,smokehouses,,,,
Local Businesses,local-business,10,"Specialty Grocery, Markets & Delis",specialty-grocery-markets-delis,43,Smoked Meat Shops,smoked-meat-shops,,,,
Local Businesses,local-business,10,"Specialty Grocery, Markets & Delis",specialty-grocery-markets-delis,44,Cured Meat Shops,cured-meat-shops,,,,
Local Businesses,local-business,10,"Specialty Grocery, Markets & Delis",specialty-grocery-markets-delis,45,Charcuterie Shops,charcuterie-shops,,,,
Local Businesses,local-business,10,"Specialty Grocery, Markets & Delis",specialty-grocery-markets-delis,46,Salumeria,salumeria,,,,
Local Businesses,local-business,10,"Specialty Grocery, Markets & Delis",specialty-grocery-markets-delis,47,Polish Delis,polish-delis,,,,
Local Businesses,local-business,10,"Specialty Grocery, Markets & Delis",specialty-grocery-markets-delis,48,German Delis,german-delis,,,,
Local Businesses,local-business,10,"Specialty Grocery, Markets & Delis",specialty-grocery-markets-delis,49,Greek Delis,greek-delis,,,,
Local Businesses,local-business,10,"Specialty Grocery, Markets & Delis",specialty-grocery-markets-delis,50,Russian Delis,russian-delis,,,,
Local Businesses,local-business,10,"Specialty Grocery, Markets & Delis",specialty-grocery-markets-delis,51,Cheese Shops,cheese-shops,,,,
Local Businesses,local-business,10,"Specialty Grocery, Markets & Delis",specialty-grocery-markets-delis,52,Cheesemongers,cheesemongers,,,,
Local Businesses,local-business,10,"Specialty Grocery, Markets & Delis",specialty-grocery-markets-delis,53,Cheese Caves,cheese-caves,,,,
Local Businesses,local-business,10,"Specialty Grocery, Markets & Delis",specialty-grocery-markets-delis,54,Artisan Cheese Shops,artisan-cheese-shops,,,,
Local Businesses,local-business,10,"Specialty Grocery, Markets & Delis",specialty-grocery-markets-delis,55,Fishmongers,fishmongers,,,,
Local Businesses,local-business,10,"Specialty Grocery, Markets & Delis",specialty-grocery-markets-delis,56,Seafood Markets,seafood-markets,,,,
Local Businesses,local-business,10,"Specialty Grocery, Markets & Delis",specialty-grocery-markets-delis,57,Live Seafood Markets,live-seafood-markets,,,,
Local Businesses,local-business,10,"Specialty Grocery, Markets & Delis",specialty-grocery-markets-delis,58,Lobster Pounds,lobster-pounds,,,,
Local Businesses,local-business,10,"Specialty Grocery, Markets & Delis",specialty-grocery-markets-delis,59,Crab Markets,crab-markets,,,,
Local Businesses,local-business,10,"Specialty Grocery, Markets & Delis",specialty-grocery-markets-delis,60,Oyster Bars,oyster-bars,,,,
Local Businesses,local-business,10,"Specialty Grocery, Markets & Delis",specialty-grocery-markets-delis,61,Sushi Grade Fish Markets,sushi-grade-fish-markets,,,,
Local Businesses,local-business,10,"Specialty Grocery, Markets & Delis",specialty-grocery-markets-delis,62,Smoked Fish Shops,smoked-fish-shops,,,,
Local Businesses,local-business,10,"Specialty Grocery, Markets & Delis",specialty-grocery-markets-delis,63,Caviar Shops,caviar-shops,,,,
Local Businesses,local-business,10,"Specialty Grocery, Markets & Delis",specialty-grocery-markets-delis,64,Wine Shops,wine-shops,1,Beverage,Wine Shop,beverage-wine-shop
Local Businesses,local-business,10,"Specialty Grocery, Markets & Delis",specialty-grocery-markets-delis,65,Boutique Wine Shops,boutique-wine-shops,,,,
Local Businesses,local-business,10,"Specialty Grocery, Markets & Delis",specialty-grocery-markets-delis,66,Natural Wine Shops,natural-wine-shops,,,,
Local Businesses,local-business,10,"Specialty Grocery, Markets & Delis",specialty-grocery-markets-delis,67,Organic Wine Shops,organic-wine-shops,,,,
Local Businesses,local-business,10,"Specialty Grocery, Markets & Delis",specialty-grocery-markets-delis,68,Wine Cellars,wine-cellars,,,,
Local Businesses,local-business,10,"Specialty Grocery, Markets & Delis",specialty-grocery-markets-delis,69,Wine Storage Lockers,wine-storage-lockers,,,,
Local Businesses,local-business,10,"Specialty Grocery, Markets & Delis",specialty-grocery-markets-delis,70,Beer Shops,beer-shops,,,,
Local Businesses,local-business,10,"Specialty Grocery, Markets & Delis",specialty-grocery-markets-delis,71,Bottle Shops,bottle-shops,,,,
Local Businesses,local-business,10,"Specialty Grocery, Markets & Delis",specialty-grocery-markets-delis,72,Craft Beer Stores,craft-beer-stores,1,Beverage,Beer Store,beverage-beer-store
Local Businesses,local-business,10,"Specialty Grocery, Markets & Delis",specialty-grocery-markets-delis,73,Growler Fill Stations,growler-fill-stations,,,,
Local Businesses,local-business,10,"Specialty Grocery, Markets & Delis",specialty-grocery-markets-delis,74,Liquor Stores,liquor-stores,1,Beverage,Liquor Store,beverage-liquor-store
Local Businesses,local-business,10,"Specialty Grocery, Markets & Delis",specialty-grocery-markets-delis,75,Specialty Liquor Stores,specialty-liquor-stores,1,Specialty Food,International Grocery,specialty-food-international-grocery
Local Businesses,local-business,10,"Specialty Grocery, Markets & Delis",specialty-grocery-markets-delis,75,Specialty Liquor Stores,specialty-liquor-stores,2,Specialty Food,Gluten-Free Store,specialty-food-gluten-free-store
Local Businesses,local-business,10,"Specialty Grocery, Markets & Delis",specialty-grocery-markets-delis,76,Whiskey Shops,whiskey-shops,,,,
Local Businesses,local-business,10,"Specialty Grocery, Markets & Delis",specialty-grocery-markets-delis,77,Bourbon Shops,bourbon-shops,,,,
Local Businesses,local-business,10,"Specialty Grocery, Markets & Delis",specialty-grocery-markets-delis,78,Tequila Shops,tequila-shops,,,,
Local Businesses,local-business,10,"Specialty Grocery, Markets & Delis",specialty-grocery-markets-delis,79,Sake Shops,sake-shops,,,,
Local Businesses,local-business,10,"Specialty Grocery, Markets & Delis",specialty-grocery-markets-delis,80,Soju Stores,soju-stores,,,,
Local Businesses,local-business,10,"Specialty Grocery, Markets & Delis",specialty-grocery-markets-delis,81,Champagne Boutiques,champagne-boutiques,,,,
Local Businesses,local-business,10,"Specialty Grocery, Markets & Delis",specialty-grocery-markets-delis,82,Cigar Shops,cigar-shops,,,,
Local Businesses,local-business,10,"Specialty Grocery, Markets & Delis",specialty-grocery-markets-delis,83,Tobacco Shops,tobacco-shops,1,Convenience Stores,Tobacco Shop,convenience-stores-tobacco-shop
Local Businesses,local-business,10,"Specialty Grocery, Markets & Delis",specialty-grocery-markets-delis,84,Pipe Tobacco Shops,pipe-tobacco-shops,,,,
Local Businesses,local-business,10,"Specialty Grocery, Markets & Delis",specialty-grocery-markets-delis,85,Vape Shops,vape-shops,,,,
Local Businesses,local-business,10,"Specialty Grocery, Markets & Delis",specialty-grocery-markets-delis,86,Hookah Shops,hookah-shops,,,,
Local Businesses,local-business,10,"Specialty Grocery, Markets & Delis",specialty-grocery-markets-delis,87,CBD Shops,cbd-shops,,,,
Local Businesses,local-business,10,"Specialty Grocery, Markets & Delis",specialty-grocery-markets-delis,88,Hemp Stores,hemp-stores,,,,
Local Businesses,local-business,10,"Specialty Grocery, Markets & Delis",specialty-grocery-markets-delis,89,Cannabis Dispensaries,cannabis-dispensaries,,,,
Local Businesses,local-business,10,"Specialty Grocery, Markets & Delis",specialty-grocery-markets-delis,90,Recreational Dispensaries,recreational-dispensaries,,,,
Local Businesses,local-business,10,"Specialty Grocery, Markets & Delis",specialty-grocery-markets-delis,91,Medical Dispensaries,medical-dispensaries,,,,
Local Businesses,local-business,10,"Specialty Grocery, Markets & Delis",specialty-grocery-markets-delis,92,Bakeries with Delivery,bakeries-with-delivery,1,Bakery,Bread Baker,bakery-bread-baker
Local Businesses,local-business,10,"Specialty Grocery, Markets & Delis",specialty-grocery-markets-delis,92,Bakeries with Delivery,bakeries-with-delivery,2,Beverage,Water Delivery,beverage-water-delivery
Local Businesses,local-business,10,"Specialty Grocery, Markets & Delis",specialty-grocery-markets-delis,93,Specialty Olive Oil Shops,specialty-olive-oil-shops,1,Bakery,Pastry Shop,bakery-pastry-shop
Local Businesses,local-business,10,"Specialty Grocery, Markets & Delis",specialty-grocery-markets-delis,93,Specialty Olive Oil Shops,specialty-olive-oil-shops,2,Bakery,Bagel Shop,bakery-bagel-shop
Local Businesses,local-business,10,"Specialty Grocery, Markets & Delis",specialty-grocery-markets-delis,93,Specialty Olive Oil Shops,specialty-olive-oil-shops,3,Bakery,Pie Shop,bakery-pie-shop
Local Businesses,local-business,10,"Specialty Grocery, Markets & Delis",specialty-grocery-markets-delis,93,Specialty Olive Oil Shops,specialty-olive-oil-shops,4,Specialty Food,Cheese Shop,specialty-food-cheese-shop
Local Businesses,local-business,10,"Specialty Grocery, Markets & Delis",specialty-grocery-markets-delis,93,Specialty Olive Oil Shops,specialty-olive-oil-shops,5,Specialty Food,Olive Oil Shop,specialty-food-olive-oil-shop
Local Businesses,local-business,10,"Specialty Grocery, Markets & Delis",specialty-grocery-markets-delis,93,Specialty Olive Oil Shops,specialty-olive-oil-shops,6,Specialty Food,Spice Shop,specialty-food-spice-shop
Local Businesses,local-business,10,"Specialty Grocery, Markets & Delis",specialty-grocery-markets-delis,94,Vinegar Shops,vinegar-shops,,,,
Local Businesses,local-business,10,"Specialty Grocery, Markets & Delis",specialty-grocery-markets-delis,95,Spice Shops,spice-shops,,,,
Local Businesses,local-business,10,"Specialty Grocery, Markets & Delis",specialty-grocery-markets-delis,96,Indian Spice Shops,indian-spice-shops,,,,
Local Businesses,local-business,10,"Specialty Grocery, Markets & Delis",specialty-grocery-markets-delis,97,Bulk Spice Shops,bulk-spice-shops,,,,
Local Businesses,local-business,10,"Specialty Grocery, Markets & Delis",specialty-grocery-markets-delis,98,Tea Shops,tea-shops,1,Beverage,Tea Shop,beverage-tea-shop
Local Businesses,local-business,10,"Specialty Grocery, Markets & Delis",specialty-grocery-markets-delis,99,Coffee Bean Shops,coffee-bean-shops,1,Beverage,Coffee Roaster,beverage-coffee-roaster
Local Businesses,local-business,10,"Specialty Grocery, Markets & Delis",specialty-grocery-markets-delis,100,Chocolate Shops,chocolate-shops,,,,
Local Businesses,local-business,10,"Specialty Grocery, Markets & Delis",specialty-grocery-markets-delis,101,Bean-to-Bar Chocolate Shops,bean-to-bar-chocolate-shops,1,Beverage,Juice Bar,beverage-juice-bar
Local Businesses,local-business,10,"Specialty Grocery, Markets & Delis",specialty-grocery-markets-delis,101,Bean-to-Bar Chocolate Shops,bean-to-bar-chocolate-shops,2,Beverage,Kombucha Bar,beverage-kombucha-bar
Local Businesses,local-business,10,"Specialty Grocery, Markets & Delis",specialty-grocery-markets-delis,102,Belgian Chocolate Shops,belgian-chocolate-shops,,,,
Local Businesses,local-business,10,"Specialty Grocery, Markets & Delis",specialty-grocery-markets-delis,103,Truffle Shops,truffle-shops,,,,
Local Businesses,local-business,10,"Specialty Grocery, Markets & Delis",specialty-grocery-markets-delis,104,Candy Stores,candy-stores,,,,
Local Businesses,local-business,10,"Specialty Grocery, Markets & Delis",specialty-grocery-markets-delis,105,Old-Fashioned Candy Stores,old-fashioned-candy-stores,,,,
Local Businesses,local-business,10,"Specialty Grocery, Markets & Delis",specialty-grocery-markets-delis,106,Sweet Shops,sweet-shops,,,,
Local Businesses,local-business,10,"Specialty Grocery, Markets & Delis",specialty-grocery-markets-delis,107,Penny Candy Shops,penny-candy-shops,,,,
Local Businesses,local-business,10,"Specialty Grocery, Markets & Delis",specialty-grocery-markets-delis,108,Saltwater Taffy Shops,saltwater-taffy-shops,,,,
Local Businesses,local-business,10,"Specialty Grocery, Markets & Delis",specialty-grocery-markets-delis,109,Fudge Shops,fudge-shops,,,,
Local Businesses,local-business,10,"Specialty Grocery, Markets & Delis",specialty-grocery-markets-delis,110,Caramel Shops,caramel-shops,,,,
Local Businesses,local-business,10,"Specialty Grocery, Markets & Delis",specialty-grocery-markets-delis,111,Popcorn Shops,popcorn-shops,,,,
Local Businesses,local-business,10,"Specialty Grocery, Markets & Delis",specialty-grocery-markets-delis,112,Gourmet Popcorn Shops,gourmet-popcorn-shops,,,,
Local Businesses,local-business,10,"Specialty Grocery, Markets & Delis",specialty-grocery-markets-delis,113,Beef Jerky Shops,beef-jerky-shops,,,,
Local Businesses,local-business,10,"Specialty Grocery, Markets & Delis",specialty-grocery-markets-delis,114,Pork Rinds Shops,pork-rinds-shops,,,,
Local Businesses,local-business,10,"Specialty Grocery, Markets & Delis",specialty-grocery-markets-delis,115,Pickle Shops,pickle-shops,,,,
Local Businesses,local-business,10,"Specialty Grocery, Markets & Delis",specialty-grocery-markets-delis,116,Fermented Food Shops,fermented-food-shops,1,Food Retail,Supermarkets,food-retail-supermarkets
Local Businesses,local-business,10,"Specialty Grocery, Markets & Delis",specialty-grocery-markets-delis,116,Fermented Food Shops,fermented-food-shops,2,Food Retail,Bulk Food Stores,food-retail-bulk-food-stores
Local Businesses,local-business,10,"Specialty Grocery, Markets & Delis",specialty-grocery-markets-delis,116,Fermented Food Shops,fermented-food-shops,3,Food Retail,Farmers Market,food-retail-farmers-market
Local Businesses,local-business,10,"Specialty Grocery, Markets & Delis",specialty-grocery-markets-delis,116,Fermented Food Shops,fermented-food-shops,4,Food Retail,Butcher Shop,food-retail-butcher-shop
Local Businesses,local-business,10,"Specialty Grocery, Markets & Delis",specialty-grocery-markets-delis,116,Fermented Food Shops,fermented-food-shops,5,Food Retail,Fish Market,food-retail-fish-market
Local Businesses,local-business,10,"Specialty Grocery, Markets & Delis",specialty-grocery-markets-delis,116,Fermented Food Shops,fermented-food-shops,6,Food Retail,Bakery,food-retail-bakery
Local Businesses,local-business,10,"Specialty Grocery, Markets & Delis",specialty-grocery-markets-delis,116,Fermented Food Shops,fermented-food-shops,7,Food Retail,Deli,food-retail-deli
Local Businesses,local-business,10,"Specialty Grocery, Markets & Delis",specialty-grocery-markets-delis,117,Pickled Veggie Shops,pickled-veggie-shops,,,,
Local Businesses,local-business,10,"Specialty Grocery, Markets & Delis",specialty-grocery-markets-delis,118,Kimchi Shops,kimchi-shops,,,,
Local Businesses,local-business,10,"Specialty Grocery, Markets & Delis",specialty-grocery-markets-delis,119,Honey Shops,honey-shops,,,,
Local Businesses,local-business,10,"Specialty Grocery, Markets & Delis",specialty-grocery-markets-delis,120,Local Honey Shops,local-honey-shops,,,,
Local Businesses,local-business,10,"Specialty Grocery, Markets & Delis",specialty-grocery-markets-delis,121,Maple Syrup Shops,maple-syrup-shops,,,,
Local Businesses,local-business,10,"Specialty Grocery, Markets & Delis",specialty-grocery-markets-delis,122,Olive Stands,olive-stands,,,,
Local Businesses,local-business,10,"Specialty Grocery, Markets & Delis",specialty-grocery-markets-delis,123,Farmers Markets,farmers-markets,,,,
Local Businesses,local-business,10,"Specialty Grocery, Markets & Delis",specialty-grocery-markets-delis,124,Sunday Farmers Markets,sunday-farmers-markets,,,,
Local Businesses,local-business,10,"Specialty Grocery, Markets & Delis",specialty-grocery-markets-delis,125,Saturday Farmers Markets,saturday-farmers-markets,,,,
Local Businesses,local-business,10,"Specialty Grocery, Markets & Delis",specialty-grocery-markets-delis,126,Weekly Farmers Markets,weekly-farmers-markets,,,,
Local Businesses,local-business,10,"Specialty Grocery, Markets & Delis",specialty-grocery-markets-delis,127,Year-Round Farmers Markets,year-round-farmers-markets,,,,
Local Businesses,local-business,10,"Specialty Grocery, Markets & Delis",specialty-grocery-markets-delis,128,Indoor Farmers Markets,indoor-farmers-markets,,,,
Local Businesses,local-business,10,"Specialty Grocery, Markets & Delis",specialty-grocery-markets-delis,129,Open-Air Markets,open-air-markets,,,,
Local Businesses,local-business,10,"Specialty Grocery, Markets & Delis",specialty-grocery-markets-delis,130,Bazaars,bazaars,,,,
Local Businesses,local-business,10,"Specialty Grocery, Markets & Delis",specialty-grocery-markets-delis,131,Flea Markets,flea-markets,,,,
Local Businesses,local-business,10,"Specialty Grocery, Markets & Delis",specialty-grocery-markets-delis,132,Indoor Flea Markets,indoor-flea-markets,,,,
Local Businesses,local-business,10,"Specialty Grocery, Markets & Delis",specialty-grocery-markets-delis,133,Antique Markets,antique-markets,,,,
Local Businesses,local-business,10,"Specialty Grocery, Markets & Delis",specialty-grocery-markets-delis,134,Vintage Markets,vintage-markets,,,,
Local Businesses,local-business,10,"Specialty Grocery, Markets & Delis",specialty-grocery-markets-delis,135,Night Markets,night-markets,,,,
Local Businesses,local-business,10,"Specialty Grocery, Markets & Delis",specialty-grocery-markets-delis,136,Asian Night Markets,asian-night-markets,,,,
Local Businesses,local-business,10,"Specialty Grocery, Markets & Delis",specialty-grocery-markets-delis,137,Christmas Markets,christmas-markets,,,,
Local Businesses,local-business,10,"Specialty Grocery, Markets & Delis",specialty-grocery-markets-delis,138,Holiday Markets,holiday-markets,1,Holiday & Seasonal,Christmas Store,holiday-seasonal-christmas-store
Local Businesses,local-business,10,"Specialty Grocery, Markets & Delis",specialty-grocery-markets-delis,138,Holiday Markets,holiday-markets,2,Holiday & Seasonal,Halloween Store,holiday-seasonal-halloween-store
Local Businesses,local-business,10,"Specialty Grocery, Markets & Delis",specialty-grocery-markets-delis,138,Holiday Markets,holiday-markets,3,Holiday & Seasonal,Party Supply,holiday-seasonal-party-supply
Local Businesses,local-business,10,"Specialty Grocery, Markets & Delis",specialty-grocery-markets-delis,138,Holiday Markets,holiday-markets,4,Holiday & Seasonal,Fireworks,holiday-seasonal-fireworks
Local Businesses,local-business,10,"Specialty Grocery, Markets & Delis",specialty-grocery-markets-delis,138,Holiday Markets,holiday-markets,5,Holiday & Seasonal,Costume Shop,holiday-seasonal-costume-shop
Local Businesses,local-business,10,"Specialty Grocery, Markets & Delis",specialty-grocery-markets-delis,138,Holiday Markets,holiday-markets,6,Holiday & Seasonal,Holiday Decor,holiday-seasonal-holiday-decor
Local Businesses,local-business,10,"Specialty Grocery, Markets & Delis",specialty-grocery-markets-delis,138,Holiday Markets,holiday-markets,7,Holiday & Seasonal,Gift Basket,holiday-seasonal-gift-basket
Local Businesses,local-business,10,"Specialty Grocery, Markets & Delis",specialty-grocery-markets-delis,138,Holiday Markets,holiday-markets,8,Holiday & Seasonal,Florist Seasonal,holiday-seasonal-florist-seasonal
Local Businesses,local-business,10,"Specialty Grocery, Markets & Delis",specialty-grocery-markets-delis,138,Holiday Markets,holiday-markets,9,Holiday & Seasonal,Garden Center Seasonal,holiday-seasonal-garden-center-seasonal
Local Businesses,local-business,10,"Specialty Grocery, Markets & Delis",specialty-grocery-markets-delis,138,Holiday Markets,holiday-markets,10,Holiday & Seasonal,Pool Supply Seasonal,holiday-seasonal-pool-supply-seasonal
Local Businesses,local-business,11,Doctors & Medical Specialists,doctors-medical-specialists,1,Family Medicine Doctors,family-medicine-doctors,1,Specialty Pharmacy Services,Compounding Pharmacy Local,specialty-pharmacy-services-compounding-pharmacy-local
Local Businesses,local-business,11,Doctors & Medical Specialists,doctors-medical-specialists,1,Family Medicine Doctors,family-medicine-doctors,2,Specialty Pharmacy Services,Specialty Medication,specialty-pharmacy-services-specialty-medication
Local Businesses,local-business,11,Doctors & Medical Specialists,doctors-medical-specialists,1,Family Medicine Doctors,family-medicine-doctors,3,Specialty Pharmacy Services,Immunization Services,specialty-pharmacy-services-immunization-services
Local Businesses,local-business,11,Doctors & Medical Specialists,doctors-medical-specialists,1,Family Medicine Doctors,family-medicine-doctors,4,Specialty Pharmacy Services,Health Screening,specialty-pharmacy-services-health-screening
Local Businesses,local-business,11,Doctors & Medical Specialists,doctors-medical-specialists,1,Family Medicine Doctors,family-medicine-doctors,5,Specialty Pharmacy Services,Medication Therapy,specialty-pharmacy-services-medication-therapy
Local Businesses,local-business,11,Doctors & Medical Specialists,doctors-medical-specialists,1,Family Medicine Doctors,family-medicine-doctors,6,Specialty Pharmacy Services,Prescription Delivery,specialty-pharmacy-services-prescription-delivery
Local Businesses,local-business,11,Doctors & Medical Specialists,doctors-medical-specialists,1,Family Medicine Doctors,family-medicine-doctors,7,Specialty Pharmacy Services,Pet Medication,specialty-pharmacy-services-pet-medication
Local Businesses,local-business,11,Doctors & Medical Specialists,doctors-medical-specialists,1,Family Medicine Doctors,family-medicine-doctors,8,Specialty Pharmacy Services,Diabetes Supplies,specialty-pharmacy-services-diabetes-supplies
Local Businesses,local-business,11,Doctors & Medical Specialists,doctors-medical-specialists,1,Family Medicine Doctors,family-medicine-doctors,9,Specialty Pharmacy Services,Medical Equipment Supply,specialty-pharmacy-services-medical-equipment-supply
Local Businesses,local-business,11,Doctors & Medical Specialists,doctors-medical-specialists,1,Family Medicine Doctors,family-medicine-doctors,10,Specialty Pharmacy Services,Wound Care Supply,specialty-pharmacy-services-wound-care-supply
Local Businesses,local-business,11,Doctors & Medical Specialists,doctors-medical-specialists,2,Primary Care Physicians,primary-care-physicians,1,Primary Care,Internal Medicine,primary-care-internal-medicine
Local Businesses,local-business,11,Doctors & Medical Specialists,doctors-medical-specialists,2,Primary Care Physicians,primary-care-physicians,2,Primary Care,Pediatrician,primary-care-pediatrician
Local Businesses,local-business,11,Doctors & Medical Specialists,doctors-medical-specialists,2,Primary Care Physicians,primary-care-physicians,3,Primary Care,Geriatric Care,primary-care-geriatric-care
Local Businesses,local-business,11,Doctors & Medical Specialists,doctors-medical-specialists,2,Primary Care Physicians,primary-care-physicians,4,Primary Care,Urgent Care,primary-care-urgent-care
Local Businesses,local-business,11,Doctors & Medical Specialists,doctors-medical-specialists,2,Primary Care Physicians,primary-care-physicians,5,Primary Care,Walk-In Clinic,primary-care-walk-in-clinic
Local Businesses,local-business,11,Doctors & Medical Specialists,doctors-medical-specialists,2,Primary Care Physicians,primary-care-physicians,6,Primary Care,Concierge Medicine,primary-care-concierge-medicine
Local Businesses,local-business,11,Doctors & Medical Specialists,doctors-medical-specialists,2,Primary Care Physicians,primary-care-physicians,7,Primary Care,Preventive Care,primary-care-preventive-care
Local Businesses,local-business,11,Doctors & Medical Specialists,doctors-medical-specialists,2,Primary Care Physicians,primary-care-physicians,8,Primary Care,Annual Physical,primary-care-annual-physical
Local Businesses,local-business,11,Doctors & Medical Specialists,doctors-medical-specialists,3,Internal Medicine Doctors,internal-medicine-doctors,,,,
Local Businesses,local-business,11,Doctors & Medical Specialists,doctors-medical-specialists,4,General Practitioners,general-practitioners,,,,
Local Businesses,local-business,11,Doctors & Medical Specialists,doctors-medical-specialists,5,Pediatricians,pediatricians,,,,
Local Businesses,local-business,11,Doctors & Medical Specialists,doctors-medical-specialists,6,Adolescent Medicine Doctors,adolescent-medicine-doctors,,,,
Local Businesses,local-business,11,Doctors & Medical Specialists,doctors-medical-specialists,7,Geriatricians,geriatricians,,,,
Local Businesses,local-business,11,Doctors & Medical Specialists,doctors-medical-specialists,8,Senior Care Doctors,senior-care-doctors,1,Elderly Services,Senior Day Care,elderly-services-senior-day-care
Local Businesses,local-business,11,Doctors & Medical Specialists,doctors-medical-specialists,9,OB-GYNs,ob-gyns,1,Maternity Services,OB/GYN,maternity-services-ob-gyn
Local Businesses,local-business,11,Doctors & Medical Specialists,doctors-medical-specialists,9,OB-GYNs,ob-gyns,2,Maternity Services,Midwife,maternity-services-midwife
Local Businesses,local-business,11,Doctors & Medical Specialists,doctors-medical-specialists,9,OB-GYNs,ob-gyns,3,Maternity Services,Doula,maternity-services-doula
Local Businesses,local-business,11,Doctors & Medical Specialists,doctors-medical-specialists,9,OB-GYNs,ob-gyns,4,Maternity Services,Birthing Center,maternity-services-birthing-center
Local Businesses,local-business,11,Doctors & Medical Specialists,doctors-medical-specialists,9,OB-GYNs,ob-gyns,5,Maternity Services,Prenatal Yoga,maternity-services-prenatal-yoga
Local Businesses,local-business,11,Doctors & Medical Specialists,doctors-medical-specialists,9,OB-GYNs,ob-gyns,6,Maternity Services,Lactation Consultant,maternity-services-lactation-consultant
Local Businesses,local-business,11,Doctors & Medical Specialists,doctors-medical-specialists,9,OB-GYNs,ob-gyns,7,Maternity Services,Postnatal Fitness,maternity-services-postnatal-fitness
Local Businesses,local-business,11,Doctors & Medical Specialists,doctors-medical-specialists,9,OB-GYNs,ob-gyns,8,Maternity Services,Pelvic Floor Therapy,maternity-services-pelvic-floor-therapy
Local Businesses,local-business,11,Doctors & Medical Specialists,doctors-medical-specialists,9,OB-GYNs,ob-gyns,9,Maternity Services,Prenatal Massage,maternity-services-prenatal-massage
Local Businesses,local-business,11,Doctors & Medical Specialists,doctors-medical-specialists,9,OB-GYNs,ob-gyns,10,Maternity Services,Childbirth Education,maternity-services-childbirth-education
Local Businesses,local-business,11,Doctors & Medical Specialists,doctors-medical-specialists,10,Maternal Fetal Medicine Specialists,maternal-fetal-medicine-specialists,1,Specialists,Cardiologist,specialists-cardiologist
Local Businesses,local-business,11,Doctors & Medical Specialists,doctors-medical-specialists,10,Maternal Fetal Medicine Specialists,maternal-fetal-medicine-specialists,2,Specialists,Dermatologist,specialists-dermatologist
Local Businesses,local-business,11,Doctors & Medical Specialists,doctors-medical-specialists,10,Maternal Fetal Medicine Specialists,maternal-fetal-medicine-specialists,3,Specialists,Neurologist,specialists-neurologist
Local Businesses,local-business,11,Doctors & Medical Specialists,doctors-medical-specialists,10,Maternal Fetal Medicine Specialists,maternal-fetal-medicine-specialists,4,Specialists,Gastroenterologist,specialists-gastroenterologist
Local Businesses,local-business,11,Doctors & Medical Specialists,doctors-medical-specialists,10,Maternal Fetal Medicine Specialists,maternal-fetal-medicine-specialists,5,Specialists,Urologist,specialists-urologist
Local Businesses,local-business,11,Doctors & Medical Specialists,doctors-medical-specialists,10,Maternal Fetal Medicine Specialists,maternal-fetal-medicine-specialists,6,Specialists,Pulmonologist,specialists-pulmonologist
Local Businesses,local-business,11,Doctors & Medical Specialists,doctors-medical-specialists,10,Maternal Fetal Medicine Specialists,maternal-fetal-medicine-specialists,7,Specialists,Endocrinologist,specialists-endocrinologist
Local Businesses,local-business,11,Doctors & Medical Specialists,doctors-medical-specialists,10,Maternal Fetal Medicine Specialists,maternal-fetal-medicine-specialists,8,Specialists,Rheumatologist,specialists-rheumatologist
Local Businesses,local-business,11,Doctors & Medical Specialists,doctors-medical-specialists,11,Reproductive Endocrinologists,reproductive-endocrinologists,,,,
Local Businesses,local-business,11,Doctors & Medical Specialists,doctors-medical-specialists,12,Fertility Specialists,fertility-specialists,,,,
Local Businesses,local-business,11,Doctors & Medical Specialists,doctors-medical-specialists,13,Urogynecologists,urogynecologists,,,,
Local Businesses,local-business,11,Doctors & Medical Specialists,doctors-medical-specialists,14,Pelvic Floor Specialists,pelvic-floor-specialists,,,,
Local Businesses,local-business,11,Doctors & Medical Specialists,doctors-medical-specialists,15,Urologists,urologists,,,,
Local Businesses,local-business,11,Doctors & Medical Specialists,doctors-medical-specialists,16,Male Fertility Specialists,male-fertility-specialists,,,,
Local Businesses,local-business,11,Doctors & Medical Specialists,doctors-medical-specialists,17,Andrologists,andrologists,,,,
Local Businesses,local-business,11,Doctors & Medical Specialists,doctors-medical-specialists,18,Cardiologists,cardiologists,,,,
Local Businesses,local-business,11,Doctors & Medical Specialists,doctors-medical-specialists,19,Pediatric Cardiologists,pediatric-cardiologists,,,,
Local Businesses,local-business,11,Doctors & Medical Specialists,doctors-medical-specialists,20,Interventional Cardiologists,interventional-cardiologists,,,,
Local Businesses,local-business,11,Doctors & Medical Specialists,doctors-medical-specialists,21,Electrophysiologists,electrophysiologists,,,,
Local Businesses,local-business,11,Doctors & Medical Specialists,doctors-medical-specialists,22,Vascular Surgeons,vascular-surgeons,,,,
Local Businesses,local-business,11,Doctors & Medical Specialists,doctors-medical-specialists,23,Cardiothoracic Surgeons,cardiothoracic-surgeons,,,,
Local Businesses,local-business,11,Doctors & Medical Specialists,doctors-medical-specialists,24,Pulmonologists,pulmonologists,,,,
Local Businesses,local-business,11,Doctors & Medical Specialists,doctors-medical-specialists,25,Sleep Medicine Doctors,sleep-medicine-doctors,,,,
Local Businesses,local-business,11,Doctors & Medical Specialists,doctors-medical-specialists,26,Allergists,allergists,,,,
Local Businesses,local-business,11,Doctors & Medical Specialists,doctors-medical-specialists,27,Immunologists,immunologists,,,,
Local Businesses,local-business,11,Doctors & Medical Specialists,doctors-medical-specialists,28,Rheumatologists,rheumatologists,,,,
Local Businesses,local-business,11,Doctors & Medical Specialists,doctors-medical-specialists,29,Endocrinologists,endocrinologists,,,,
Local Businesses,local-business,11,Doctors & Medical Specialists,doctors-medical-specialists,30,Diabetes Specialists,diabetes-specialists,,,,
Local Businesses,local-business,11,Doctors & Medical Specialists,doctors-medical-specialists,31,Thyroid Specialists,thyroid-specialists,,,,
Local Businesses,local-business,11,Doctors & Medical Specialists,doctors-medical-specialists,32,Nephrologists,nephrologists,,,,
Local Businesses,local-business,11,Doctors & Medical Specialists,doctors-medical-specialists,33,Gastroenterologists,gastroenterologists,,,,
Local Businesses,local-business,11,Doctors & Medical Specialists,doctors-medical-specialists,34,Hepatologists,hepatologists,,,,
Local Businesses,local-business,11,Doctors & Medical Specialists,doctors-medical-specialists,35,Colorectal Surgeons,colorectal-surgeons,,,,
Local Businesses,local-business,11,Doctors & Medical Specialists,doctors-medical-specialists,36,Bariatric Surgeons,bariatric-surgeons,,,,
Local Businesses,local-business,11,Doctors & Medical Specialists,doctors-medical-specialists,37,Weight Loss Surgeons,weight-loss-surgeons,1,Weight Services,Nutritionist,weight-services-nutritionist
Local Businesses,local-business,11,Doctors & Medical Specialists,doctors-medical-specialists,37,Weight Loss Surgeons,weight-loss-surgeons,2,Weight Services,Dietitian,weight-services-dietitian
Local Businesses,local-business,11,Doctors & Medical Specialists,doctors-medical-specialists,37,Weight Loss Surgeons,weight-loss-surgeons,3,Weight Services,Weight Loss Program,weight-services-weight-loss-program
Local Businesses,local-business,11,Doctors & Medical Specialists,doctors-medical-specialists,37,Weight Loss Surgeons,weight-loss-surgeons,4,Weight Services,Body Composition,weight-services-body-composition
Local Businesses,local-business,11,Doctors & Medical Specialists,doctors-medical-specialists,37,Weight Loss Surgeons,weight-loss-surgeons,5,Weight Services,Medically Supervised Weight Loss,weight-services-medically-supervised-weight-loss
Local Businesses,local-business,11,Doctors & Medical Specialists,doctors-medical-specialists,37,Weight Loss Surgeons,weight-loss-surgeons,6,Weight Services,Weight Maintenance,weight-services-weight-maintenance
Local Businesses,local-business,11,Doctors & Medical Specialists,doctors-medical-specialists,38,General Surgeons,general-surgeons,,,,
Local Businesses,local-business,11,Doctors & Medical Specialists,doctors-medical-specialists,39,Plastic Surgeons,plastic-surgeons,,,,
Local Businesses,local-business,11,Doctors & Medical Specialists,doctors-medical-specialists,40,Cosmetic Surgeons,cosmetic-surgeons,,,,
Local Businesses,local-business,11,Doctors & Medical Specialists,doctors-medical-specialists,41,Reconstructive Surgeons,reconstructive-surgeons,,,,
Local Businesses,local-business,11,Doctors & Medical Specialists,doctors-medical-specialists,42,Hand Surgeons,hand-surgeons,,,,
Local Businesses,local-business,11,Doctors & Medical Specialists,doctors-medical-specialists,43,Neurosurgeons,neurosurgeons,,,,
Local Businesses,local-business,11,Doctors & Medical Specialists,doctors-medical-specialists,44,Spine Surgeons,spine-surgeons,,,,
Local Businesses,local-business,11,Doctors & Medical Specialists,doctors-medical-specialists,45,Orthopedic Surgeons,orthopedic-surgeons,1,Specialists,Orthopedic,specialists-orthopedic
Local Businesses,local-business,11,Doctors & Medical Specialists,doctors-medical-specialists,46,Sports Medicine Doctors,sports-medicine-doctors,,,,
Local Businesses,local-business,11,Doctors & Medical Specialists,doctors-medical-specialists,47,Joint Replacement Surgeons,joint-replacement-surgeons,,,,
Local Businesses,local-business,11,Doctors & Medical Specialists,doctors-medical-specialists,48,Foot & Ankle Surgeons,foot-ankle-surgeons,,,,
Local Businesses,local-business,11,Doctors & Medical Specialists,doctors-medical-specialists,49,Pediatric Orthopedists,pediatric-orthopedists,,,,
Local Businesses,local-business,11,Doctors & Medical Specialists,doctors-medical-specialists,50,Oncologists,oncologists,,,,
Local Businesses,local-business,11,Doctors & Medical Specialists,doctors-medical-specialists,51,Hematologists,hematologists,,,,
Local Businesses,local-business,11,Doctors & Medical Specialists,doctors-medical-specialists,52,Radiation Oncologists,radiation-oncologists,,,,
Local Businesses,local-business,11,Doctors & Medical Specialists,doctors-medical-specialists,53,Surgical Oncologists,surgical-oncologists,1,Surgical,General Surgery,surgical-general-surgery
Local Businesses,local-business,11,Doctors & Medical Specialists,doctors-medical-specialists,53,Surgical Oncologists,surgical-oncologists,2,Surgical,Orthopedic Surgery,surgical-orthopedic-surgery
Local Businesses,local-business,11,Doctors & Medical Specialists,doctors-medical-specialists,53,Surgical Oncologists,surgical-oncologists,3,Surgical,Cardiac Surgery,surgical-cardiac-surgery
Local Businesses,local-business,11,Doctors & Medical Specialists,doctors-medical-specialists,53,Surgical Oncologists,surgical-oncologists,4,Surgical,Plastic Surgery,surgical-plastic-surgery
Local Businesses,local-business,11,Doctors & Medical Specialists,doctors-medical-specialists,53,Surgical Oncologists,surgical-oncologists,5,Surgical,Cosmetic Surgery,surgical-cosmetic-surgery
Local Businesses,local-business,11,Doctors & Medical Specialists,doctors-medical-specialists,53,Surgical Oncologists,surgical-oncologists,6,Surgical,Bariatric Surgery,surgical-bariatric-surgery
Local Businesses,local-business,11,Doctors & Medical Specialists,doctors-medical-specialists,53,Surgical Oncologists,surgical-oncologists,7,Surgical,Eye Surgery / LASIK,surgical-eye-surgery-lasik
Local Businesses,local-business,11,Doctors & Medical Specialists,doctors-medical-specialists,53,Surgical Oncologists,surgical-oncologists,8,Surgical,Dental Surgery,surgical-dental-surgery
Local Businesses,local-business,11,Doctors & Medical Specialists,doctors-medical-specialists,53,Surgical Oncologists,surgical-oncologists,9,Surgical,Spinal Surgery,surgical-spinal-surgery
Local Businesses,local-business,11,Doctors & Medical Specialists,doctors-medical-specialists,53,Surgical Oncologists,surgical-oncologists,10,Surgical,Outpatient Surgery Center,surgical-outpatient-surgery-center
Local Businesses,local-business,11,Doctors & Medical Specialists,doctors-medical-specialists,54,Dermatologists,dermatologists,,,,
Local Businesses,local-business,11,Doctors & Medical Specialists,doctors-medical-specialists,55,Cosmetic Dermatologists,cosmetic-dermatologists,,,,
Local Businesses,local-business,11,Doctors & Medical Specialists,doctors-medical-specialists,56,Pediatric Dermatologists,pediatric-dermatologists,,,,
Local Businesses,local-business,11,Doctors & Medical Specialists,doctors-medical-specialists,57,Mohs Surgeons,mohs-surgeons,,,,
Local Businesses,local-business,11,Doctors & Medical Specialists,doctors-medical-specialists,58,Ophthalmologists,ophthalmologists,1,Optical Services,Eyeglass Fitting,optical-services-eyeglass-fitting
Local Businesses,local-business,11,Doctors & Medical Specialists,doctors-medical-specialists,58,Ophthalmologists,ophthalmologists,2,Optical Services,Contact Lens,optical-services-contact-lens
Local Businesses,local-business,11,Doctors & Medical Specialists,doctors-medical-specialists,58,Ophthalmologists,ophthalmologists,3,Optical Services,Sunglasses,optical-services-sunglasses
Local Businesses,local-business,11,Doctors & Medical Specialists,doctors-medical-specialists,58,Ophthalmologists,ophthalmologists,5,Optical Services,Sports Eyewear,optical-services-sports-eyewear
Local Businesses,local-business,11,Doctors & Medical Specialists,doctors-medical-specialists,58,Ophthalmologists,ophthalmologists,6,Optical Services,Safety Eyewear,optical-services-safety-eyewear
Local Businesses,local-business,11,Doctors & Medical Specialists,doctors-medical-specialists,58,Ophthalmologists,ophthalmologists,7,Optical Services,Progressive Lenses,optical-services-progressive-lenses
Local Businesses,local-business,11,Doctors & Medical Specialists,doctors-medical-specialists,58,Ophthalmologists,ophthalmologists,8,Optical Services,Bifocal Lenses,optical-services-bifocal-lenses
Local Businesses,local-business,11,Doctors & Medical Specialists,doctors-medical-specialists,58,Ophthalmologists,ophthalmologists,9,Optical Services,Anti-Reflective Coating,optical-services-anti-reflective-coating
Local Businesses,local-business,11,Doctors & Medical Specialists,doctors-medical-specialists,58,Ophthalmologists,ophthalmologists,10,Optical Services,Blue Light Glasses,optical-services-blue-light-glasses
Local Businesses,local-business,11,Doctors & Medical Specialists,doctors-medical-specialists,59,Pediatric Ophthalmologists,pediatric-ophthalmologists,,,,
Local Businesses,local-business,11,Doctors & Medical Specialists,doctors-medical-specialists,60,Retina Specialists,retina-specialists,,,,
Local Businesses,local-business,11,Doctors & Medical Specialists,doctors-medical-specialists,61,Glaucoma Specialists,glaucoma-specialists,,,,
Local Businesses,local-business,11,Doctors & Medical Specialists,doctors-medical-specialists,62,LASIK Surgeons,lasik-surgeons,,,,
Local Businesses,local-business,11,Doctors & Medical Specialists,doctors-medical-specialists,63,Cataract Surgeons,cataract-surgeons,,,,
Local Businesses,local-business,11,Doctors & Medical Specialists,doctors-medical-specialists,64,Otolaryngologists (ENT),otolaryngologists-ent,1,Specialists,ENT Doctor,specialists-ent-doctor
Local Businesses,local-business,11,Doctors & Medical Specialists,doctors-medical-specialists,65,Pediatric ENT,pediatric-ent,,,,
Local Businesses,local-business,11,Doctors & Medical Specialists,doctors-medical-specialists,66,Sinus Specialists,sinus-specialists,,,,
Local Businesses,local-business,11,Doctors & Medical Specialists,doctors-medical-specialists,67,Audiologists,audiologists,1,Hearing Services,Hearing Test,hearing-services-hearing-test
Local Businesses,local-business,11,Doctors & Medical Specialists,doctors-medical-specialists,67,Audiologists,audiologists,2,Hearing Services,Hearing Aid Fitting,hearing-services-hearing-aid-fitting
Local Businesses,local-business,11,Doctors & Medical Specialists,doctors-medical-specialists,67,Audiologists,audiologists,3,Hearing Services,Hearing Aid Repair,hearing-services-hearing-aid-repair
Local Businesses,local-business,11,Doctors & Medical Specialists,doctors-medical-specialists,67,Audiologists,audiologists,4,Hearing Services,Tinnitus Treatment,hearing-services-tinnitus-treatment
Local Businesses,local-business,11,Doctors & Medical Specialists,doctors-medical-specialists,67,Audiologists,audiologists,5,Hearing Services,Pediatric Audiology,hearing-services-pediatric-audiology
Local Businesses,local-business,11,Doctors & Medical Specialists,doctors-medical-specialists,67,Audiologists,audiologists,6,Hearing Services,Industrial Audiology,hearing-services-industrial-audiology
Local Businesses,local-business,11,Doctors & Medical Specialists,doctors-medical-specialists,67,Audiologists,audiologists,7,Hearing Services,Custom Ear Protection,hearing-services-custom-ear-protection
Local Businesses,local-business,11,Doctors & Medical Specialists,doctors-medical-specialists,67,Audiologists,audiologists,8,Hearing Services,Cochlear Implant,hearing-services-cochlear-implant
Local Businesses,local-business,11,Doctors & Medical Specialists,doctors-medical-specialists,67,Audiologists,audiologists,9,Hearing Services,Balance Testing,hearing-services-balance-testing
Local Businesses,local-business,11,Doctors & Medical Specialists,doctors-medical-specialists,67,Audiologists,audiologists,10,Hearing Services,Ear Wax Removal,hearing-services-ear-wax-removal
Local Businesses,local-business,11,Doctors & Medical Specialists,doctors-medical-specialists,68,Vestibular Specialists,vestibular-specialists,,,,
Local Businesses,local-business,11,Doctors & Medical Specialists,doctors-medical-specialists,69,Neurologists,neurologists,,,,
Local Businesses,local-business,11,Doctors & Medical Specialists,doctors-medical-specialists,70,Pediatric Neurologists,pediatric-neurologists,,,,
Local Businesses,local-business,11,Doctors & Medical Specialists,doctors-medical-specialists,71,Movement Disorder Specialists,movement-disorder-specialists,,,,
Local Businesses,local-business,11,Doctors & Medical Specialists,doctors-medical-specialists,72,Headache Specialists,headache-specialists,,,,
Local Businesses,local-business,11,Doctors & Medical Specialists,doctors-medical-specialists,73,Epilepsy Specialists,epilepsy-specialists,,,,
Local Businesses,local-business,11,Doctors & Medical Specialists,doctors-medical-specialists,74,Stroke Specialists,stroke-specialists,,,,
Local Businesses,local-business,11,Doctors & Medical Specialists,doctors-medical-specialists,75,Psychiatrists,psychiatrists,,,,
Local Businesses,local-business,11,Doctors & Medical Specialists,doctors-medical-specialists,76,Child Psychiatrists,child-psychiatrists,,,,
Local Businesses,local-business,11,Doctors & Medical Specialists,doctors-medical-specialists,77,Addiction Psychiatrists,addiction-psychiatrists,,,,
Local Businesses,local-business,11,Doctors & Medical Specialists,doctors-medical-specialists,78,Geriatric Psychiatrists,geriatric-psychiatrists,,,,
Local Businesses,local-business,11,Doctors & Medical Specialists,doctors-medical-specialists,79,Forensic Psychiatrists,forensic-psychiatrists,,,,
Local Businesses,local-business,11,Doctors & Medical Specialists,doctors-medical-specialists,80,Pain Management Doctors,pain-management-doctors,1,Rehabilitation,Chronic Pain Management,rehabilitation-chronic-pain-management
Local Businesses,local-business,11,Doctors & Medical Specialists,doctors-medical-specialists,81,Interventional Pain Specialists,interventional-pain-specialists,,,,
Local Businesses,local-business,11,Doctors & Medical Specialists,doctors-medical-specialists,82,Physical Medicine & Rehab Doctors,physical-medicine-rehab-doctors,1,Rehabilitation,Post-Surgery Rehab,rehabilitation-post-surgery-rehab
Local Businesses,local-business,11,Doctors & Medical Specialists,doctors-medical-specialists,83,Sports Medicine Specialists,sports-medicine-specialists,,,,
Local Businesses,local-business,11,Doctors & Medical Specialists,doctors-medical-specialists,84,Concussion Specialists,concussion-specialists,,,,
Local Businesses,local-business,11,Doctors & Medical Specialists,doctors-medical-specialists,85,Infectious Disease Doctors,infectious-disease-doctors,,,,
Local Businesses,local-business,11,Doctors & Medical Specialists,doctors-medical-specialists,86,Travel Medicine Doctors,travel-medicine-doctors,,,,
Local Businesses,local-business,11,Doctors & Medical Specialists,doctors-medical-specialists,87,Tropical Medicine Doctors,tropical-medicine-doctors,,,,
Local Businesses,local-business,11,Doctors & Medical Specialists,doctors-medical-specialists,88,Wound Care Specialists,wound-care-specialists,1,Eye Care,Glaucoma Specialist,eye-care-glaucoma-specialist
Local Businesses,local-business,11,Doctors & Medical Specialists,doctors-medical-specialists,88,Wound Care Specialists,wound-care-specialists,2,Eye Care,Retina Specialist,eye-care-retina-specialist
Local Businesses,local-business,11,Doctors & Medical Specialists,doctors-medical-specialists,89,Hyperbaric Medicine Doctors,hyperbaric-medicine-doctors,,,,
Local Businesses,local-business,11,Doctors & Medical Specialists,doctors-medical-specialists,90,Hospice Doctors,hospice-doctors,,,,
Local Businesses,local-business,11,Doctors & Medical Specialists,doctors-medical-specialists,91,Palliative Care Doctors,palliative-care-doctors,,,,
Local Businesses,local-business,11,Doctors & Medical Specialists,doctors-medical-specialists,92,Occupational Medicine Doctors,occupational-medicine-doctors,,,,
Local Businesses,local-business,11,Doctors & Medical Specialists,doctors-medical-specialists,93,Workers Comp Doctors,workers-comp-doctors,,,,
Local Businesses,local-business,11,Doctors & Medical Specialists,doctors-medical-specialists,94,DOT Physical Doctors,dot-physical-doctors,,,,
Local Businesses,local-business,11,Doctors & Medical Specialists,doctors-medical-specialists,95,Independent Medical Examiners,independent-medical-examiners,,,,
Local Businesses,local-business,11,Doctors & Medical Specialists,doctors-medical-specialists,96,Concierge Doctors,concierge-doctors,,,,
Local Businesses,local-business,11,Doctors & Medical Specialists,doctors-medical-specialists,97,Direct Primary Care Doctors,direct-primary-care-doctors,1,Primary Care,Family Doctor,primary-care-family-doctor
Local Businesses,local-business,11,Doctors & Medical Specialists,doctors-medical-specialists,97,Direct Primary Care Doctors,direct-primary-care-doctors,2,Primary Care,Direct Primary Care,primary-care-direct-primary-care
Local Businesses,local-business,11,Doctors & Medical Specialists,doctors-medical-specialists,98,House Call Doctors,house-call-doctors,,,,
Local Businesses,local-business,11,Doctors & Medical Specialists,doctors-medical-specialists,99,Mobile Doctors,mobile-doctors,,,,
Local Businesses,local-business,11,Doctors & Medical Specialists,doctors-medical-specialists,100,Telehealth-First Practices,telehealth-first-practices,,,,
Local Businesses,local-business,11,Doctors & Medical Specialists,doctors-medical-specialists,101,Walk-In Clinics,walk-in-clinics,,,,
Local Businesses,local-business,11,Doctors & Medical Specialists,doctors-medical-specialists,102,Urgent Care Centers,urgent-care-centers,,,,
Local Businesses,local-business,11,Doctors & Medical Specialists,doctors-medical-specialists,103,After-Hours Urgent Care,after-hours-urgent-care,,,,
Local Businesses,local-business,11,Doctors & Medical Specialists,doctors-medical-specialists,104,24-Hour Urgent Care,24-hour-urgent-care,1,Convenience Stores,24-Hour Convenience,convenience-stores-24-hour-convenience
Local Businesses,local-business,11,Doctors & Medical Specialists,doctors-medical-specialists,104,24-Hour Urgent Care,24-hour-urgent-care,2,Pharmacy,24-Hour Pharmacy,pharmacy-24-hour-pharmacy
Local Businesses,local-business,11,Doctors & Medical Specialists,doctors-medical-specialists,105,Pediatric Urgent Care,pediatric-urgent-care,1,Pediatric Services,Pediatric Urgent Care,pediatric-services-pediatric-urgent-care
Local Businesses,local-business,11,Doctors & Medical Specialists,doctors-medical-specialists,105,Pediatric Urgent Care,pediatric-urgent-care,2,Skin Care Medical,Pediatric Dermatology,skin-care-medical-pediatric-dermatology
Local Businesses,local-business,11,Doctors & Medical Specialists,doctors-medical-specialists,105,Pediatric Urgent Care,pediatric-urgent-care,3,Foot Care,Pediatric Podiatry,foot-care-pediatric-podiatry
Local Businesses,local-business,11,Doctors & Medical Specialists,doctors-medical-specialists,105,Pediatric Urgent Care,pediatric-urgent-care,4,Eye Care,Pediatric Eye Care,eye-care-pediatric-eye-care
Local Businesses,local-business,11,Doctors & Medical Specialists,doctors-medical-specialists,106,Free Clinics,free-clinics,,,,
Local Businesses,local-business,11,Doctors & Medical Specialists,doctors-medical-specialists,107,Sliding Scale Clinics,sliding-scale-clinics,,,,
Local Businesses,local-business,11,Doctors & Medical Specialists,doctors-medical-specialists,108,Community Health Centers,community-health-centers,,,,
Local Businesses,local-business,11,Doctors & Medical Specialists,doctors-medical-specialists,109,Federally Qualified Health Centers,federally-qualified-health-centers,,,,
Local Businesses,local-business,11,Doctors & Medical Specialists,doctors-medical-specialists,110,Public Health Clinics,public-health-clinics,,,,
Local Businesses,local-business,11,Doctors & Medical Specialists,doctors-medical-specialists,111,Travel Clinics,travel-clinics,,,,
Local Businesses,local-business,11,Doctors & Medical Specialists,doctors-medical-specialists,112,Vaccine Clinics,vaccine-clinics,,,,
Local Businesses,local-business,11,Doctors & Medical Specialists,doctors-medical-specialists,113,Flu Shot Clinics,flu-shot-clinics,,,,
Local Businesses,local-business,11,Doctors & Medical Specialists,doctors-medical-specialists,114,COVID Testing Sites,covid-testing-sites,,,,
Local Businesses,local-business,11,Doctors & Medical Specialists,doctors-medical-specialists,115,Drive-Thru Testing Sites,drive-thru-testing-sites,,,,
Local Businesses,local-business,11,Doctors & Medical Specialists,doctors-medical-specialists,116,STD Testing Clinics,std-testing-clinics,,,,
Local Businesses,local-business,11,Doctors & Medical Specialists,doctors-medical-specialists,117,HIV Testing Centers,hiv-testing-centers,,,,
Local Businesses,local-business,11,Doctors & Medical Specialists,doctors-medical-specialists,118,Plan B Pharmacies,plan-b-pharmacies,1,Planning Services,Corporate Event Planner,planning-services-corporate-event-planner
Local Businesses,local-business,11,Doctors & Medical Specialists,doctors-medical-specialists,118,Plan B Pharmacies,plan-b-pharmacies,2,Planning Services,Birthday Party Planner,planning-services-birthday-party-planner
Local Businesses,local-business,11,Doctors & Medical Specialists,doctors-medical-specialists,118,Plan B Pharmacies,plan-b-pharmacies,3,Planning Services,Baby Shower Planner,planning-services-baby-shower-planner
Local Businesses,local-business,11,Doctors & Medical Specialists,doctors-medical-specialists,118,Plan B Pharmacies,plan-b-pharmacies,4,Planning Services,Reunion Planner,planning-services-reunion-planner
Local Businesses,local-business,11,Doctors & Medical Specialists,doctors-medical-specialists,118,Plan B Pharmacies,plan-b-pharmacies,5,Planning Services,Fundraiser Planner,planning-services-fundraiser-planner
Local Businesses,local-business,11,Doctors & Medical Specialists,doctors-medical-specialists,118,Plan B Pharmacies,plan-b-pharmacies,6,Planning Services,Holiday Party Planner,planning-services-holiday-party-planner
Local Businesses,local-business,11,Doctors & Medical Specialists,doctors-medical-specialists,118,Plan B Pharmacies,plan-b-pharmacies,7,Planning Services,Conference Planner,planning-services-conference-planner
Local Businesses,local-business,11,Doctors & Medical Specialists,doctors-medical-specialists,119,IV Therapy Lounges,iv-therapy-lounges,,,,
Local Businesses,local-business,11,Doctors & Medical Specialists,doctors-medical-specialists,120,B12 Shot Clinics,b12-shot-clinics,,,,
Local Businesses,local-business,11,Doctors & Medical Specialists,doctors-medical-specialists,121,Hormone Replacement Therapy Clinics,hormone-replacement-therapy-clinics,,,,
Local Businesses,local-business,11,Doctors & Medical Specialists,doctors-medical-specialists,122,Testosterone Therapy Clinics,testosterone-therapy-clinics,,,,
Local Businesses,local-business,11,Doctors & Medical Specialists,doctors-medical-specialists,123,Weight Loss Clinics,weight-loss-clinics,1,Weight Services,Weight Loss Clinic,weight-services-weight-loss-clinic
Local Businesses,local-business,11,Doctors & Medical Specialists,doctors-medical-specialists,123,Weight Loss Clinics,weight-loss-clinics,2,Weight Services,Bariatric Clinic,weight-services-bariatric-clinic
Local Businesses,local-business,11,Doctors & Medical Specialists,doctors-medical-specialists,124,Medical Weight Loss Clinics,medical-weight-loss-clinics,1,Skin Care Medical,Hair Loss Treatment,skin-care-medical-hair-loss-treatment
Local Businesses,local-business,11,Doctors & Medical Specialists,doctors-medical-specialists,125,Bioidentical Hormone Clinics,bioidentical-hormone-clinics,,,,
Local Businesses,local-business,11,Doctors & Medical Specialists,doctors-medical-specialists,126,Botox Doctors,botox-doctors,,,,
Local Businesses,local-business,11,Doctors & Medical Specialists,doctors-medical-specialists,127,Dermal Filler Doctors,dermal-filler-doctors,,,,
Local Businesses,local-business,11,Doctors & Medical Specialists,doctors-medical-specialists,128,CoolSculpting Doctors,coolsculpting-doctors,,,,
Local Businesses,local-business,12,Alternative & Holistic Medicine,alternative-holistic-medicine,1,Acupuncture Clinics,acupuncture-clinics,,,,
Local Businesses,local-business,12,Alternative & Holistic Medicine,alternative-holistic-medicine,2,Community Acupuncture,community-acupuncture,,,,
Local Businesses,local-business,12,Alternative & Holistic Medicine,alternative-holistic-medicine,3,Auricular Acupuncture,auricular-acupuncture,,,,
Local Businesses,local-business,12,Alternative & Holistic Medicine,alternative-holistic-medicine,4,Cosmetic Acupuncture,cosmetic-acupuncture,,,,
Local Businesses,local-business,12,Alternative & Holistic Medicine,alternative-holistic-medicine,5,Chinese Medicine Clinics,chinese-medicine-clinics,1,Holistic,Traditional Chinese Medicine,holistic-traditional-chinese-medicine
Local Businesses,local-business,12,Alternative & Holistic Medicine,alternative-holistic-medicine,6,Herbal Medicine Shops,herbal-medicine-shops,1,Holistic,Herbal Medicine,holistic-herbal-medicine
Local Businesses,local-business,12,Alternative & Holistic Medicine,alternative-holistic-medicine,7,Ayurvedic Centers,ayurvedic-centers,,,,
Local Businesses,local-business,12,Alternative & Holistic Medicine,alternative-holistic-medicine,8,Ayurvedic Clinics,ayurvedic-clinics,,,,
Local Businesses,local-business,12,Alternative & Holistic Medicine,alternative-holistic-medicine,9,Naturopathic Doctors,naturopathic-doctors,,,,
Local Businesses,local-business,12,Alternative & Holistic Medicine,alternative-holistic-medicine,10,Homeopathic Doctors,homeopathic-doctors,,,,
Local Businesses,local-business,12,Alternative & Holistic Medicine,alternative-holistic-medicine,11,Functional Medicine Clinics,functional-medicine-clinics,,,,
Local Businesses,local-business,12,Alternative & Holistic Medicine,alternative-holistic-medicine,12,Integrative Medicine Clinics,integrative-medicine-clinics,,,,
Local Businesses,local-business,12,Alternative & Holistic Medicine,alternative-holistic-medicine,13,Holistic Health Centers,holistic-health-centers,1,Holistic,Acupuncture,holistic-acupuncture
Local Businesses,local-business,12,Alternative & Holistic Medicine,alternative-holistic-medicine,13,Holistic Health Centers,holistic-health-centers,2,Holistic,Chiropractic,holistic-chiropractic
Local Businesses,local-business,12,Alternative & Holistic Medicine,alternative-holistic-medicine,13,Holistic Health Centers,holistic-health-centers,3,Holistic,Naturopathic,holistic-naturopathic
Local Businesses,local-business,12,Alternative & Holistic Medicine,alternative-holistic-medicine,13,Holistic Health Centers,holistic-health-centers,4,Holistic,Ayurvedic,holistic-ayurvedic
Local Businesses,local-business,12,Alternative & Holistic Medicine,alternative-holistic-medicine,13,Holistic Health Centers,holistic-health-centers,5,Holistic,Homeopathy,holistic-homeopathy
Local Businesses,local-business,12,Alternative & Holistic Medicine,alternative-holistic-medicine,13,Holistic Health Centers,holistic-health-centers,6,Holistic,Reiki,holistic-reiki
Local Businesses,local-business,12,Alternative & Holistic Medicine,alternative-holistic-medicine,13,Holistic Health Centers,holistic-health-centers,7,Holistic,Sound Therapy,holistic-sound-therapy
Local Businesses,local-business,12,Alternative & Holistic Medicine,alternative-holistic-medicine,13,Holistic Health Centers,holistic-health-centers,8,Chiropractic Services,Spinal Adjustment,chiropractic-services-spinal-adjustment
Local Businesses,local-business,12,Alternative & Holistic Medicine,alternative-holistic-medicine,13,Holistic Health Centers,holistic-health-centers,9,Chiropractic Services,Sports Chiropractic,chiropractic-services-sports-chiropractic
Local Businesses,local-business,12,Alternative & Holistic Medicine,alternative-holistic-medicine,13,Holistic Health Centers,holistic-health-centers,10,Chiropractic Services,Pediatric Chiropractic,chiropractic-services-pediatric-chiropractic
Local Businesses,local-business,12,Alternative & Holistic Medicine,alternative-holistic-medicine,13,Holistic Health Centers,holistic-health-centers,11,Chiropractic Services,Prenatal Chiropractic,chiropractic-services-prenatal-chiropractic
Local Businesses,local-business,12,Alternative & Holistic Medicine,alternative-holistic-medicine,13,Holistic Health Centers,holistic-health-centers,12,Chiropractic Services,Auto Injury Chiropractic,chiropractic-services-auto-injury-chiropractic
Local Businesses,local-business,12,Alternative & Holistic Medicine,alternative-holistic-medicine,13,Holistic Health Centers,holistic-health-centers,13,Chiropractic Services,Work Injury Chiropractic,chiropractic-services-work-injury-chiropractic
Local Businesses,local-business,12,Alternative & Holistic Medicine,alternative-holistic-medicine,13,Holistic Health Centers,holistic-health-centers,14,Chiropractic Services,Posture Correction,chiropractic-services-posture-correction
Local Businesses,local-business,12,Alternative & Holistic Medicine,alternative-holistic-medicine,13,Holistic Health Centers,holistic-health-centers,15,Chiropractic Services,Headache Treatment,chiropractic-services-headache-treatment
Local Businesses,local-business,12,Alternative & Holistic Medicine,alternative-holistic-medicine,13,Holistic Health Centers,holistic-health-centers,16,Chiropractic Services,Sciatica Treatment,chiropractic-services-sciatica-treatment
Local Businesses,local-business,12,Alternative & Holistic Medicine,alternative-holistic-medicine,13,Holistic Health Centers,holistic-health-centers,17,Chiropractic Services,Wellness Chiropractic,chiropractic-services-wellness-chiropractic
Local Businesses,local-business,12,Alternative & Holistic Medicine,alternative-holistic-medicine,14,Wellness Centers,wellness-centers,,,,
Local Businesses,local-business,12,Alternative & Holistic Medicine,alternative-holistic-medicine,15,Mind-Body Clinics,mind-body-clinics,,,,
Local Businesses,local-business,12,Alternative & Holistic Medicine,alternative-holistic-medicine,16,Energy Healing Centers,energy-healing-centers,1,Holistic,Energy Healing,holistic-energy-healing
Local Businesses,local-business,12,Alternative & Holistic Medicine,alternative-holistic-medicine,17,Reiki Practitioners,reiki-practitioners,,,,
Local Businesses,local-business,12,Alternative & Holistic Medicine,alternative-holistic-medicine,18,Qi Gong Practitioners,qi-gong-practitioners,,,,
Local Businesses,local-business,12,Alternative & Holistic Medicine,alternative-holistic-medicine,19,Tai Chi Instructors,tai-chi-instructors,,,,
Local Businesses,local-business,12,Alternative & Holistic Medicine,alternative-holistic-medicine,20,Pranic Healing Centers,pranic-healing-centers,,,,
Local Businesses,local-business,12,Alternative & Holistic Medicine,alternative-holistic-medicine,21,Crystal Healing Practitioners,crystal-healing-practitioners,,,,
Local Businesses,local-business,12,Alternative & Holistic Medicine,alternative-holistic-medicine,22,Sound Healing Practitioners,sound-healing-practitioners,,,,
Local Businesses,local-business,12,Alternative & Holistic Medicine,alternative-holistic-medicine,23,Breathwork Practitioners,breathwork-practitioners,,,,
Local Businesses,local-business,12,Alternative & Holistic Medicine,alternative-holistic-medicine,24,Hypnotherapists,hypnotherapists,,,,
Local Businesses,local-business,12,Alternative & Holistic Medicine,alternative-holistic-medicine,25,Past Life Regression Therapists,past-life-regression-therapists,,,,
Local Businesses,local-business,12,Alternative & Holistic Medicine,alternative-holistic-medicine,26,NLP Practitioners,nlp-practitioners,,,,
Local Businesses,local-business,12,Alternative & Holistic Medicine,alternative-holistic-medicine,27,EFT Tapping Practitioners,eft-tapping-practitioners,,,,
Local Businesses,local-business,12,Alternative & Holistic Medicine,alternative-holistic-medicine,28,Biofeedback Practitioners,biofeedback-practitioners,,,,
Local Businesses,local-business,12,Alternative & Holistic Medicine,alternative-holistic-medicine,29,Neurofeedback Centers,neurofeedback-centers,,,,
Local Businesses,local-business,12,Alternative & Holistic Medicine,alternative-holistic-medicine,30,Brain Mapping Centers,brain-mapping-centers,,,,
Local Businesses,local-business,12,Alternative & Holistic Medicine,alternative-holistic-medicine,31,Float Tank Centers,float-tank-centers,,,,
Local Businesses,local-business,12,Alternative & Holistic Medicine,alternative-holistic-medicine,32,Hyperbaric Oxygen Centers,hyperbaric-oxygen-centers,,,,
Local Businesses,local-business,12,Alternative & Holistic Medicine,alternative-holistic-medicine,33,Halotherapy Clinics,halotherapy-clinics,,,,
Local Businesses,local-business,12,Alternative & Holistic Medicine,alternative-holistic-medicine,34,Salt Cave Centers,salt-cave-centers,,,,
Local Businesses,local-business,12,Alternative & Holistic Medicine,alternative-holistic-medicine,35,Cryotherapy Clinics,cryotherapy-clinics,,,,
Local Businesses,local-business,12,Alternative & Holistic Medicine,alternative-holistic-medicine,36,Red Light Therapy Centers,red-light-therapy-centers,,,,
Local Businesses,local-business,12,Alternative & Holistic Medicine,alternative-holistic-medicine,37,Infrared Sauna Centers,infrared-sauna-centers,,,,
Local Businesses,local-business,12,Alternative & Holistic Medicine,alternative-holistic-medicine,38,Lymphatic Drainage Therapists,lymphatic-drainage-therapists,,,,
Local Businesses,local-business,12,Alternative & Holistic Medicine,alternative-holistic-medicine,39,Colon Hydrotherapy Centers,colon-hydrotherapy-centers,,,,
Local Businesses,local-business,12,Alternative & Holistic Medicine,alternative-holistic-medicine,40,Detox Foot Bath Centers,detox-foot-bath-centers,,,,
Local Businesses,local-business,12,Alternative & Holistic Medicine,alternative-holistic-medicine,41,Iridology Practitioners,iridology-practitioners,,,,
Local Businesses,local-business,12,Alternative & Holistic Medicine,alternative-holistic-medicine,42,Live Blood Analysis Centers,live-blood-analysis-centers,,,,
Local Businesses,local-business,12,Alternative & Holistic Medicine,alternative-holistic-medicine,43,Bach Flower Remedy Practitioners,bach-flower-remedy-practitioners,,,,
Local Businesses,local-business,12,Alternative & Holistic Medicine,alternative-holistic-medicine,44,Aromatherapy Practitioners,aromatherapy-practitioners,,,,
Local Businesses,local-business,12,Alternative & Holistic Medicine,alternative-holistic-medicine,45,Essential Oil Consultants,essential-oil-consultants,,,,
Local Businesses,local-business,12,Alternative & Holistic Medicine,alternative-holistic-medicine,46,Reflexology Foot Centers,reflexology-foot-centers,,,,
Local Businesses,local-business,12,Alternative & Holistic Medicine,alternative-holistic-medicine,47,Shiatsu Practitioners,shiatsu-practitioners,,,,
Local Businesses,local-business,12,Alternative & Holistic Medicine,alternative-holistic-medicine,48,Tui Na Practitioners,tui-na-practitioners,,,,
Local Businesses,local-business,12,Alternative & Holistic Medicine,alternative-holistic-medicine,49,Cranial Sacral Therapists,cranial-sacral-therapists,,,,
Local Businesses,local-business,12,Alternative & Holistic Medicine,alternative-holistic-medicine,50,Rolfing Practitioners,rolfing-practitioners,,,,
Local Businesses,local-business,12,Alternative & Holistic Medicine,alternative-holistic-medicine,51,Bowen Therapy Practitioners,bowen-therapy-practitioners,,,,
Local Businesses,local-business,12,Alternative & Holistic Medicine,alternative-holistic-medicine,52,Trager Approach Practitioners,trager-approach-practitioners,,,,
Local Businesses,local-business,12,Alternative & Holistic Medicine,alternative-holistic-medicine,53,Feldenkrais Practitioners,feldenkrais-practitioners,,,,
Local Businesses,local-business,12,Alternative & Holistic Medicine,alternative-holistic-medicine,54,Alexander Technique Teachers,alexander-technique-teachers,,,,
Local Businesses,local-business,12,Alternative & Holistic Medicine,alternative-holistic-medicine,55,Somatic Experiencing Therapists,somatic-experiencing-therapists,,,,
Local Businesses,local-business,12,Alternative & Holistic Medicine,alternative-holistic-medicine,56,Dance Movement Therapists,dance-movement-therapists,,,,
Local Businesses,local-business,13,Dental & Oral Care,dental-oral-care,1,General Dentists,general-dentists,1,General Dental,General Dentist,general-dental-general-dentist
Local Businesses,local-business,13,Dental & Oral Care,dental-oral-care,1,General Dentists,general-dentists,2,General Dental,Family Dentist,general-dental-family-dentist
Local Businesses,local-business,13,Dental & Oral Care,dental-oral-care,1,General Dentists,general-dentists,3,General Dental,Pediatric Dentist,general-dental-pediatric-dentist
Local Businesses,local-business,13,Dental & Oral Care,dental-oral-care,2,Family Dentists,family-dentists,,,,
Local Businesses,local-business,13,Dental & Oral Care,dental-oral-care,3,Pediatric Dentists,pediatric-dentists,,,,
Local Businesses,local-business,13,Dental & Oral Care,dental-oral-care,5,Geriatric Dentists,geriatric-dentists,,,,
Local Businesses,local-business,13,Dental & Oral Care,dental-oral-care,6,Cosmetic Dentists,cosmetic-dentists,1,Specialty Dental,Cosmetic Dentist,specialty-dental-cosmetic-dentist
Local Businesses,local-business,13,Dental & Oral Care,dental-oral-care,7,Smile Makeover Dentists,smile-makeover-dentists,,,,
Local Businesses,local-business,13,Dental & Oral Care,dental-oral-care,8,Veneer Dentists,veneer-dentists,,,,
Local Businesses,local-business,13,Dental & Oral Care,dental-oral-care,9,Teeth Whitening Specialists,teeth-whitening-specialists,1,Specialty Dental,Teeth Whitening,specialty-dental-teeth-whitening
Local Businesses,local-business,13,Dental & Oral Care,dental-oral-care,10,In-Office Whitening Centers,in-office-whitening-centers,,,,
Local Businesses,local-business,13,Dental & Oral Care,dental-oral-care,11,Take-Home Whitening Services,take-home-whitening-services,1,Elderly Services,Nursing Home,elderly-services-nursing-home
Local Businesses,local-business,13,Dental & Oral Care,dental-oral-care,11,Take-Home Whitening Services,take-home-whitening-services,2,Elderly Services,Home Health Aide,elderly-services-home-health-aide
Local Businesses,local-business,13,Dental & Oral Care,dental-oral-care,11,Take-Home Whitening Services,take-home-whitening-services,3,Elderly Services,Estate Sale Service,elderly-services-estate-sale-service
Local Businesses,local-business,13,Dental & Oral Care,dental-oral-care,12,Dental Bonding Specialists,dental-bonding-specialists,,,,
Local Businesses,local-business,13,Dental & Oral Care,dental-oral-care,13,Orthodontists,orthodontists,,,,
Local Businesses,local-business,13,Dental & Oral Care,dental-oral-care,15,Adult Orthodontists,adult-orthodontists,,,,
Local Businesses,local-business,13,Dental & Oral Care,dental-oral-care,16,Invisalign Providers,invisalign-providers,1,Specialty Dental,Invisalign Provider,specialty-dental-invisalign-provider
Local Businesses,local-business,13,Dental & Oral Care,dental-oral-care,17,Clear Aligner Providers,clear-aligner-providers,,,,
Local Businesses,local-business,13,Dental & Oral Care,dental-oral-care,18,Traditional Braces Orthodontists,traditional-braces-orthodontists,,,,
Local Businesses,local-business,13,Dental & Oral Care,dental-oral-care,19,Lingual Braces Orthodontists,lingual-braces-orthodontists,,,,
Local Businesses,local-business,13,Dental & Oral Care,dental-oral-care,20,Retainer Specialists,retainer-specialists,,,,
Local Businesses,local-business,13,Dental & Oral Care,dental-oral-care,21,Endodontists,endodontists,,,,
Local Businesses,local-business,13,Dental & Oral Care,dental-oral-care,22,Root Canal Specialists,root-canal-specialists,1,General Dental,Root Canal,general-dental-root-canal
Local Businesses,local-business,13,Dental & Oral Care,dental-oral-care,23,Periodontists,periodontists,,,,
Local Businesses,local-business,13,Dental & Oral Care,dental-oral-care,24,Gum Disease Specialists,gum-disease-specialists,,,,
Local Businesses,local-business,13,Dental & Oral Care,dental-oral-care,25,Gum Grafting Specialists,gum-grafting-specialists,,,,
Local Businesses,local-business,13,Dental & Oral Care,dental-oral-care,26,Prosthodontists,prosthodontists,,,,
Local Businesses,local-business,13,Dental & Oral Care,dental-oral-care,27,Full Mouth Reconstruction Dentists,full-mouth-reconstruction-dentists,,,,
Local Businesses,local-business,13,Dental & Oral Care,dental-oral-care,28,Implant Dentists,implant-dentists,,,,
Local Businesses,local-business,13,Dental & Oral Care,dental-oral-care,29,Dental Implant Centers,dental-implant-centers,1,Specialty Dental,Implant Dentist,specialty-dental-implant-dentist
Local Businesses,local-business,13,Dental & Oral Care,dental-oral-care,30,All-on-4 Implant Centers,all-on-4-implant-centers,,,,
Local Businesses,local-business,13,Dental & Oral Care,dental-oral-care,31,Mini Dental Implant Specialists,mini-dental-implant-specialists,,,,
Local Businesses,local-business,13,Dental & Oral Care,dental-oral-care,32,Dentures Specialists,dentures-specialists,,,,
Local Businesses,local-business,13,Dental & Oral Care,dental-oral-care,33,Same-Day Dentures Centers,same-day-dentures-centers,,,,
Local Businesses,local-business,13,Dental & Oral Care,dental-oral-care,34,Oral Surgeons,oral-surgeons,,,,
Local Businesses,local-business,13,Dental & Oral Care,dental-oral-care,35,Wisdom Teeth Specialists,wisdom-teeth-specialists,,,,
Local Businesses,local-business,13,Dental & Oral Care,dental-oral-care,36,Jaw Surgery Specialists,jaw-surgery-specialists,,,,
Local Businesses,local-business,13,Dental & Oral Care,dental-oral-care,37,TMJ Specialists,tmj-specialists,,,,
Local Businesses,local-business,13,Dental & Oral Care,dental-oral-care,38,Sleep Apnea Dentists,sleep-apnea-dentists,,,,
Local Businesses,local-business,13,Dental & Oral Care,dental-oral-care,39,Snoring Treatment Dentists,snoring-treatment-dentists,,,,
Local Businesses,local-business,13,Dental & Oral Care,dental-oral-care,40,Sedation Dentists,sedation-dentists,,,,
Local Businesses,local-business,13,Dental & Oral Care,dental-oral-care,41,IV Sedation Dentists,iv-sedation-dentists,,,,
Local Businesses,local-business,13,Dental & Oral Care,dental-oral-care,42,Laughing Gas Dentists,laughing-gas-dentists,,,,
Local Businesses,local-business,13,Dental & Oral Care,dental-oral-care,43,Dental Anxiety Specialists,dental-anxiety-specialists,,,,
Local Businesses,local-business,13,Dental & Oral Care,dental-oral-care,44,Holistic Dentists,holistic-dentists,,,,
Local Businesses,local-business,13,Dental & Oral Care,dental-oral-care,45,Biological Dentists,biological-dentists,,,,
Local Businesses,local-business,13,Dental & Oral Care,dental-oral-care,46,Mercury-Free Dentists,mercury-free-dentists,,,,
Local Businesses,local-business,13,Dental & Oral Care,dental-oral-care,47,Mouth Body Connection Dentists,mouth-body-connection-dentists,,,,
Local Businesses,local-business,13,Dental & Oral Care,dental-oral-care,48,Mobile Dental Services,mobile-dental-services,,,,
Local Businesses,local-business,13,Dental & Oral Care,dental-oral-care,49,Dental Hygienists,dental-hygienists,,,,
Local Businesses,local-business,13,Dental & Oral Care,dental-oral-care,50,Independent Dental Hygiene,independent-dental-hygiene,,,,
Local Businesses,local-business,13,Dental & Oral Care,dental-oral-care,51,Emergency Dental Clinics,emergency-dental-clinics,1,General Dental,Emergency Dentist,general-dental-emergency-dentist
Local Businesses,local-business,13,Dental & Oral Care,dental-oral-care,52,24-Hour Dental Clinics,24-hour-dental-clinics,,,,
Local Businesses,local-business,13,Dental & Oral Care,dental-oral-care,53,Walk-In Dental Clinics,walk-in-dental-clinics,,,,
Local Businesses,local-business,13,Dental & Oral Care,dental-oral-care,54,Affordable Dental Clinics,affordable-dental-clinics,,,,
Local Businesses,local-business,13,Dental & Oral Care,dental-oral-care,55,Sliding Scale Dental Clinics,sliding-scale-dental-clinics,,,,
Local Businesses,local-business,13,Dental & Oral Care,dental-oral-care,56,Dental Schools,dental-schools,,,,
Local Businesses,local-business,13,Dental & Oral Care,dental-oral-care,57,Dental Tourism Coordinators,dental-tourism-coordinators,,,,
Local Businesses,local-business,13,Dental & Oral Care,dental-oral-care,58,Dental Lab Technicians,dental-lab-technicians,,,,
Local Businesses,local-business,13,Dental & Oral Care,dental-oral-care,59,Denture Lab Services,denture-lab-services,,,,
Local Businesses,local-business,13,Dental & Oral Care,dental-oral-care,60,Dental Crown Labs,dental-crown-labs,,,,
Local Businesses,local-business,14,Mental Health & Counseling,mental-health-counseling,1,Psychologists,psychologists,,,,
Local Businesses,local-business,14,Mental Health & Counseling,mental-health-counseling,2,Clinical Psychologists,clinical-psychologists,,,,
Local Businesses,local-business,14,Mental Health & Counseling,mental-health-counseling,3,Licensed Therapists,licensed-therapists,1,Therapy,Licensed Therapist,therapy-licensed-therapist
Local Businesses,local-business,14,Mental Health & Counseling,mental-health-counseling,4,Marriage Counselors,marriage-counselors,1,Therapy,Marriage Counselor,therapy-marriage-counselor
Local Businesses,local-business,14,Mental Health & Counseling,mental-health-counseling,5,Couples Therapists,couples-therapists,,,,
Local Businesses,local-business,14,Mental Health & Counseling,mental-health-counseling,6,Family Therapists,family-therapists,1,Therapy,Family Therapist,therapy-family-therapist
Local Businesses,local-business,14,Mental Health & Counseling,mental-health-counseling,7,Child Therapists,child-therapists,1,Pediatric Services,Child Psychologist,pediatric-services-child-psychologist
Local Businesses,local-business,14,Mental Health & Counseling,mental-health-counseling,7,Child Therapists,child-therapists,2,Pediatric Services,Speech Therapy Child,pediatric-services-speech-therapy-child
Local Businesses,local-business,14,Mental Health & Counseling,mental-health-counseling,7,Child Therapists,child-therapists,3,Pediatric Services,Occupational Therapy Child,pediatric-services-occupational-therapy-child
Local Businesses,local-business,14,Mental Health & Counseling,mental-health-counseling,7,Child Therapists,child-therapists,4,Pediatric Services,Child Nutrition,pediatric-services-child-nutrition
Local Businesses,local-business,14,Mental Health & Counseling,mental-health-counseling,7,Child Therapists,child-therapists,5,Therapy,Child Therapist,therapy-child-therapist
Local Businesses,local-business,14,Mental Health & Counseling,mental-health-counseling,8,Teen Therapists,teen-therapists,,,,
Local Businesses,local-business,14,Mental Health & Counseling,mental-health-counseling,9,LGBTQ+ Affirming Therapists,lgbtq-affirming-therapists,,,,
Local Businesses,local-business,14,Mental Health & Counseling,mental-health-counseling,10,BIPOC Therapists,bipoc-therapists,,,,
Local Businesses,local-business,14,Mental Health & Counseling,mental-health-counseling,11,Trauma Therapists,trauma-therapists,1,Therapy,Trauma Therapist,therapy-trauma-therapist
Local Businesses,local-business,14,Mental Health & Counseling,mental-health-counseling,12,EMDR Therapists,emdr-therapists,,,,
Local Businesses,local-business,14,Mental Health & Counseling,mental-health-counseling,13,Somatic Therapists,somatic-therapists,,,,
Local Businesses,local-business,14,Mental Health & Counseling,mental-health-counseling,14,CBT Therapists,cbt-therapists,,,,
Local Businesses,local-business,14,Mental Health & Counseling,mental-health-counseling,15,DBT Therapists,dbt-therapists,,,,
Local Businesses,local-business,14,Mental Health & Counseling,mental-health-counseling,16,ACT Therapists,act-therapists,,,,
Local Businesses,local-business,14,Mental Health & Counseling,mental-health-counseling,17,IFS Therapists,ifs-therapists,,,,
Local Businesses,local-business,14,Mental Health & Counseling,mental-health-counseling,18,Schema Therapists,schema-therapists,,,,
Local Businesses,local-business,14,Mental Health & Counseling,mental-health-counseling,19,Gestalt Therapists,gestalt-therapists,,,,
Local Businesses,local-business,14,Mental Health & Counseling,mental-health-counseling,20,Existential Therapists,existential-therapists,,,,
Local Businesses,local-business,14,Mental Health & Counseling,mental-health-counseling,21,Jungian Therapists,jungian-therapists,,,,
Local Businesses,local-business,14,Mental Health & Counseling,mental-health-counseling,22,Psychoanalysts,psychoanalysts,,,,
Local Businesses,local-business,14,Mental Health & Counseling,mental-health-counseling,23,Group Therapy Centers,group-therapy-centers,1,Therapy,Psychologist,therapy-psychologist
Local Businesses,local-business,14,Mental Health & Counseling,mental-health-counseling,23,Group Therapy Centers,group-therapy-centers,2,Therapy,Psychiatrist,therapy-psychiatrist
Local Businesses,local-business,14,Mental Health & Counseling,mental-health-counseling,23,Group Therapy Centers,group-therapy-centers,3,Rehabilitation,Sports Rehabilitation,rehabilitation-sports-rehabilitation
Local Businesses,local-business,14,Mental Health & Counseling,mental-health-counseling,23,Group Therapy Centers,group-therapy-centers,4,Rehabilitation,Pediatric Therapy,rehabilitation-pediatric-therapy
Local Businesses,local-business,14,Mental Health & Counseling,mental-health-counseling,23,Group Therapy Centers,group-therapy-centers,5,Rehabilitation,Geriatric Therapy,rehabilitation-geriatric-therapy
Local Businesses,local-business,14,Mental Health & Counseling,mental-health-counseling,23,Group Therapy Centers,group-therapy-centers,6,Rehabilitation,Aquatic Therapy,rehabilitation-aquatic-therapy
Local Businesses,local-business,14,Mental Health & Counseling,mental-health-counseling,23,Group Therapy Centers,group-therapy-centers,7,Rehabilitation,Vestibular Therapy,rehabilitation-vestibular-therapy
Local Businesses,local-business,14,Mental Health & Counseling,mental-health-counseling,24,Support Group Meeting Locations,support-group-meeting-locations,1,Wellness,Support Group,wellness-support-group
Local Businesses,local-business,14,Mental Health & Counseling,mental-health-counseling,25,Grief Counselors,grief-counselors,1,Therapy,Grief Counselor,therapy-grief-counselor
Local Businesses,local-business,14,Mental Health & Counseling,mental-health-counseling,26,Bereavement Support,bereavement-support,,,,
Local Businesses,local-business,14,Mental Health & Counseling,mental-health-counseling,27,Pet Loss Counselors,pet-loss-counselors,,,,
Local Businesses,local-business,14,Mental Health & Counseling,mental-health-counseling,28,Divorce Counselors,divorce-counselors,,,,
Local Businesses,local-business,14,Mental Health & Counseling,mental-health-counseling,29,Infidelity Recovery Counselors,infidelity-recovery-counselors,1,Recovery Services,Addiction Treatment Center,recovery-services-addiction-treatment-center
Local Businesses,local-business,14,Mental Health & Counseling,mental-health-counseling,29,Infidelity Recovery Counselors,infidelity-recovery-counselors,2,Recovery Services,Detox Center,recovery-services-detox-center
Local Businesses,local-business,14,Mental Health & Counseling,mental-health-counseling,29,Infidelity Recovery Counselors,infidelity-recovery-counselors,3,Recovery Services,Outpatient Treatment,recovery-services-outpatient-treatment
Local Businesses,local-business,14,Mental Health & Counseling,mental-health-counseling,29,Infidelity Recovery Counselors,infidelity-recovery-counselors,4,Recovery Services,AA Meetings,recovery-services-aa-meetings
Local Businesses,local-business,14,Mental Health & Counseling,mental-health-counseling,29,Infidelity Recovery Counselors,infidelity-recovery-counselors,5,Recovery Services,NA Meetings,recovery-services-na-meetings
Local Businesses,local-business,14,Mental Health & Counseling,mental-health-counseling,29,Infidelity Recovery Counselors,infidelity-recovery-counselors,6,Recovery Services,Counseling Center,recovery-services-counseling-center
Local Businesses,local-business,14,Mental Health & Counseling,mental-health-counseling,29,Infidelity Recovery Counselors,infidelity-recovery-counselors,7,Recovery Services,Halfway House,recovery-services-halfway-house
Local Businesses,local-business,14,Mental Health & Counseling,mental-health-counseling,29,Infidelity Recovery Counselors,infidelity-recovery-counselors,8,Recovery Services,Intervention Service,recovery-services-intervention-service
Local Businesses,local-business,14,Mental Health & Counseling,mental-health-counseling,29,Infidelity Recovery Counselors,infidelity-recovery-counselors,9,Recovery Services,Family Support,recovery-services-family-support
Local Businesses,local-business,14,Mental Health & Counseling,mental-health-counseling,30,Relationship Coaches,relationship-coaches,,,,
Local Businesses,local-business,14,Mental Health & Counseling,mental-health-counseling,31,Premarital Counselors,premarital-counselors,,,,
Local Businesses,local-business,14,Mental Health & Counseling,mental-health-counseling,32,Sex Therapists,sex-therapists,,,,
Local Businesses,local-business,14,Mental Health & Counseling,mental-health-counseling,33,Sexologists,sexologists,,,,
Local Businesses,local-business,14,Mental Health & Counseling,mental-health-counseling,34,Kink-Friendly Therapists,kink-friendly-therapists,,,,
Local Businesses,local-business,14,Mental Health & Counseling,mental-health-counseling,35,Eating Disorder Therapists,eating-disorder-therapists,,,,
Local Businesses,local-business,14,Mental Health & Counseling,mental-health-counseling,36,Body Image Therapists,body-image-therapists,,,,
Local Businesses,local-business,14,Mental Health & Counseling,mental-health-counseling,37,Disordered Eating Counselors,disordered-eating-counselors,,,,
Local Businesses,local-business,14,Mental Health & Counseling,mental-health-counseling,38,Postpartum Therapists,postpartum-therapists,,,,
Local Businesses,local-business,14,Mental Health & Counseling,mental-health-counseling,39,Perinatal Therapists,perinatal-therapists,,,,
Local Businesses,local-business,14,Mental Health & Counseling,mental-health-counseling,40,Birth Trauma Therapists,birth-trauma-therapists,,,,
Local Businesses,local-business,14,Mental Health & Counseling,mental-health-counseling,41,PMDD Specialists,pmdd-specialists,,,,
Local Businesses,local-business,14,Mental Health & Counseling,mental-health-counseling,42,Maternal Mental Health Centers,maternal-mental-health-centers,1,Wellness,Life Coach,wellness-life-coach
Local Businesses,local-business,14,Mental Health & Counseling,mental-health-counseling,42,Maternal Mental Health Centers,maternal-mental-health-centers,2,Wellness,Wellness Coach,wellness-wellness-coach
Local Businesses,local-business,14,Mental Health & Counseling,mental-health-counseling,42,Maternal Mental Health Centers,maternal-mental-health-centers,3,Wellness,Executive Coach,wellness-executive-coach
Local Businesses,local-business,14,Mental Health & Counseling,mental-health-counseling,42,Maternal Mental Health Centers,maternal-mental-health-centers,4,Wellness,Meditation Center,wellness-meditation-center
Local Businesses,local-business,14,Mental Health & Counseling,mental-health-counseling,42,Maternal Mental Health Centers,maternal-mental-health-centers,5,Wellness,Mindfulness Training,wellness-mindfulness-training
Local Businesses,local-business,14,Mental Health & Counseling,mental-health-counseling,42,Maternal Mental Health Centers,maternal-mental-health-centers,6,Wellness,Rehabilitation Center,wellness-rehabilitation-center
Local Businesses,local-business,14,Mental Health & Counseling,mental-health-counseling,43,Pediatric Therapists,pediatric-therapists,1,Pediatric Services,Pediatric Clinic,pediatric-services-pediatric-clinic
Local Businesses,local-business,14,Mental Health & Counseling,mental-health-counseling,43,Pediatric Therapists,pediatric-therapists,2,Pediatric Services,Pediatric Dentist,pediatric-services-pediatric-dentist
Local Businesses,local-business,14,Mental Health & Counseling,mental-health-counseling,43,Pediatric Therapists,pediatric-therapists,3,Pediatric Services,Pediatric Optometrist,pediatric-services-pediatric-optometrist
Local Businesses,local-business,14,Mental Health & Counseling,mental-health-counseling,43,Pediatric Therapists,pediatric-therapists,4,Pediatric Services,Behavioral Therapy,pediatric-services-behavioral-therapy
Local Businesses,local-business,14,Mental Health & Counseling,mental-health-counseling,43,Pediatric Therapists,pediatric-therapists,5,Pediatric Services,Developmental Pediatrician,pediatric-services-developmental-pediatrician
Local Businesses,local-business,14,Mental Health & Counseling,mental-health-counseling,44,Play Therapists,play-therapists,,,,
Local Businesses,local-business,14,Mental Health & Counseling,mental-health-counseling,45,Art Therapists,art-therapists,1,Therapy,Art Therapist,therapy-art-therapist
Local Businesses,local-business,14,Mental Health & Counseling,mental-health-counseling,46,Music Therapists,music-therapists,,,,
Local Businesses,local-business,14,Mental Health & Counseling,mental-health-counseling,47,Dance Therapists,dance-therapists,,,,
Local Businesses,local-business,14,Mental Health & Counseling,mental-health-counseling,48,Drama Therapists,drama-therapists,,,,
Local Businesses,local-business,14,Mental Health & Counseling,mental-health-counseling,49,Equine Therapists,equine-therapists,,,,
Local Businesses,local-business,14,Mental Health & Counseling,mental-health-counseling,50,Animal-Assisted Therapists,animal-assisted-therapists,,,,
Local Businesses,local-business,14,Mental Health & Counseling,mental-health-counseling,51,Wilderness Therapy Programs,wilderness-therapy-programs,,,,
Local Businesses,local-business,14,Mental Health & Counseling,mental-health-counseling,52,Adventure Therapy Programs,adventure-therapy-programs,,,,
Local Businesses,local-business,14,Mental Health & Counseling,mental-health-counseling,53,Addiction Counselors,addiction-counselors,1,Therapy,Addiction Counselor,therapy-addiction-counselor
Local Businesses,local-business,14,Mental Health & Counseling,mental-health-counseling,54,Substance Abuse Counselors,substance-abuse-counselors,,,,
Local Businesses,local-business,14,Mental Health & Counseling,mental-health-counseling,55,Alcohol Counselors,alcohol-counselors,,,,
Local Businesses,local-business,14,Mental Health & Counseling,mental-health-counseling,56,Drug Counselors,drug-counselors,,,,
Local Businesses,local-business,14,Mental Health & Counseling,mental-health-counseling,57,Methadone Clinics,methadone-clinics,,,,
Local Businesses,local-business,14,Mental Health & Counseling,mental-health-counseling,58,Suboxone Clinics,suboxone-clinics,,,,
Local Businesses,local-business,14,Mental Health & Counseling,mental-health-counseling,59,Sober Living Houses,sober-living-houses,1,Recovery Services,Sober Living,recovery-services-sober-living
Local Businesses,local-business,14,Mental Health & Counseling,mental-health-counseling,59,Sober Living Houses,sober-living-houses,2,Wellness,Sober Living,wellness-sober-living
Local Businesses,local-business,14,Mental Health & Counseling,mental-health-counseling,60,Halfway Houses,halfway-houses,,,,
Local Businesses,local-business,14,Mental Health & Counseling,mental-health-counseling,61,Inpatient Rehab Centers,inpatient-rehab-centers,,,,
Local Businesses,local-business,14,Mental Health & Counseling,mental-health-counseling,62,Outpatient Rehab Centers,outpatient-rehab-centers,,,,
Local Businesses,local-business,14,Mental Health & Counseling,mental-health-counseling,63,Intensive Outpatient Programs,intensive-outpatient-programs,,,,
Local Businesses,local-business,14,Mental Health & Counseling,mental-health-counseling,64,Partial Hospitalization Programs,partial-hospitalization-programs,,,,
Local Businesses,local-business,14,Mental Health & Counseling,mental-health-counseling,65,Detox Centers,detox-centers,,,,
Local Businesses,local-business,14,Mental Health & Counseling,mental-health-counseling,66,Medical Detox Centers,medical-detox-centers,1,Skin Care Medical,General Dermatology,skin-care-medical-general-dermatology
Local Businesses,local-business,14,Mental Health & Counseling,mental-health-counseling,66,Medical Detox Centers,medical-detox-centers,2,Skin Care Medical,Cosmetic Dermatology,skin-care-medical-cosmetic-dermatology
Local Businesses,local-business,14,Mental Health & Counseling,mental-health-counseling,66,Medical Detox Centers,medical-detox-centers,3,Skin Care Medical,Surgical Dermatology,skin-care-medical-surgical-dermatology
Local Businesses,local-business,14,Mental Health & Counseling,mental-health-counseling,66,Medical Detox Centers,medical-detox-centers,4,Skin Care Medical,Psoriasis Treatment,skin-care-medical-psoriasis-treatment
Local Businesses,local-business,14,Mental Health & Counseling,mental-health-counseling,66,Medical Detox Centers,medical-detox-centers,5,Skin Care Medical,Eczema Treatment,skin-care-medical-eczema-treatment
Local Businesses,local-business,14,Mental Health & Counseling,mental-health-counseling,66,Medical Detox Centers,medical-detox-centers,6,Skin Care Medical,Skin Cancer Screening,skin-care-medical-skin-cancer-screening
Local Businesses,local-business,14,Mental Health & Counseling,mental-health-counseling,66,Medical Detox Centers,medical-detox-centers,7,Skin Care Medical,Mole Removal,skin-care-medical-mole-removal
Local Businesses,local-business,14,Mental Health & Counseling,mental-health-counseling,67,Holistic Detox Centers,holistic-detox-centers,,,,
Local Businesses,local-business,14,Mental Health & Counseling,mental-health-counseling,68,Mental Health Hospitals,mental-health-hospitals,,,,
Local Businesses,local-business,14,Mental Health & Counseling,mental-health-counseling,69,Psychiatric Urgent Care,psychiatric-urgent-care,1,Foot Care,Podiatrist,foot-care-podiatrist
Local Businesses,local-business,14,Mental Health & Counseling,mental-health-counseling,69,Psychiatric Urgent Care,psychiatric-urgent-care,2,Foot Care,Bunion Treatment,foot-care-bunion-treatment
Local Businesses,local-business,14,Mental Health & Counseling,mental-health-counseling,69,Psychiatric Urgent Care,psychiatric-urgent-care,3,Foot Care,Heel Pain,foot-care-heel-pain
Local Businesses,local-business,14,Mental Health & Counseling,mental-health-counseling,69,Psychiatric Urgent Care,psychiatric-urgent-care,4,Foot Care,Plantar Fasciitis,foot-care-plantar-fasciitis
Local Businesses,local-business,14,Mental Health & Counseling,mental-health-counseling,69,Psychiatric Urgent Care,psychiatric-urgent-care,5,Foot Care,Ingrown Toenail,foot-care-ingrown-toenail
Local Businesses,local-business,14,Mental Health & Counseling,mental-health-counseling,69,Psychiatric Urgent Care,psychiatric-urgent-care,6,Foot Care,Diabetic Foot Care,foot-care-diabetic-foot-care
Local Businesses,local-business,14,Mental Health & Counseling,mental-health-counseling,69,Psychiatric Urgent Care,psychiatric-urgent-care,7,Foot Care,Custom Orthotics,foot-care-custom-orthotics
Local Businesses,local-business,14,Mental Health & Counseling,mental-health-counseling,69,Psychiatric Urgent Care,psychiatric-urgent-care,8,Foot Care,Foot Surgery,foot-care-foot-surgery
Local Businesses,local-business,14,Mental Health & Counseling,mental-health-counseling,69,Psychiatric Urgent Care,psychiatric-urgent-care,9,Foot Care,Sports Podiatry,foot-care-sports-podiatry
Local Businesses,local-business,14,Mental Health & Counseling,mental-health-counseling,69,Psychiatric Urgent Care,psychiatric-urgent-care,10,Eye Care,Optometrist,eye-care-optometrist
Local Businesses,local-business,14,Mental Health & Counseling,mental-health-counseling,69,Psychiatric Urgent Care,psychiatric-urgent-care,11,Eye Care,Ophthalmologist,eye-care-ophthalmologist
Local Businesses,local-business,14,Mental Health & Counseling,mental-health-counseling,69,Psychiatric Urgent Care,psychiatric-urgent-care,12,Eye Care,LASIK Surgery,eye-care-lasik-surgery
Local Businesses,local-business,14,Mental Health & Counseling,mental-health-counseling,69,Psychiatric Urgent Care,psychiatric-urgent-care,13,Eye Care,Contact Lens Fitting,eye-care-contact-lens-fitting
Local Businesses,local-business,14,Mental Health & Counseling,mental-health-counseling,69,Psychiatric Urgent Care,psychiatric-urgent-care,14,Eye Care,Eye Exam,eye-care-eye-exam
Local Businesses,local-business,14,Mental Health & Counseling,mental-health-counseling,69,Psychiatric Urgent Care,psychiatric-urgent-care,15,Eye Care,Optical Shop,eye-care-optical-shop
Local Businesses,local-business,14,Mental Health & Counseling,mental-health-counseling,69,Psychiatric Urgent Care,psychiatric-urgent-care,16,Eye Care,Vision Therapy,eye-care-vision-therapy
Local Businesses,local-business,14,Mental Health & Counseling,mental-health-counseling,70,Crisis Walk-In Centers,crisis-walk-in-centers,,,,
Local Businesses,local-business,14,Mental Health & Counseling,mental-health-counseling,71,Mobile Crisis Teams,mobile-crisis-teams,,,,
Local Businesses,local-business,14,Mental Health & Counseling,mental-health-counseling,72,988 Crisis Centers,988-crisis-centers,,,,
Local Businesses,local-business,14,Mental Health & Counseling,mental-health-counseling,73,Anger Management Counselors,anger-management-counselors,1,Wellness,Anger Management,wellness-anger-management
Local Businesses,local-business,14,Mental Health & Counseling,mental-health-counseling,74,Stress Management Counselors,stress-management-counselors,1,Wellness,Stress Management,wellness-stress-management
Local Businesses,local-business,14,Mental Health & Counseling,mental-health-counseling,75,Burnout Recovery Coaches,burnout-recovery-coaches,,,,
Local Businesses,local-business,14,Mental Health & Counseling,mental-health-counseling,76,Career Counselors,career-counselors,,,,
Local Businesses,local-business,14,Mental Health & Counseling,mental-health-counseling,77,Life Coaches,life-coaches,,,,
Local Businesses,local-business,14,Mental Health & Counseling,mental-health-counseling,78,Executive Coaches,executive-coaches,,,,
Local Businesses,local-business,14,Mental Health & Counseling,mental-health-counseling,79,ADHD Coaches,adhd-coaches,,,,
Local Businesses,local-business,14,Mental Health & Counseling,mental-health-counseling,80,Autism Coaches,autism-coaches,,,,
Local Businesses,local-business,14,Mental Health & Counseling,mental-health-counseling,81,Hoarding Disorder Specialists,hoarding-disorder-specialists,,,,
Local Businesses,local-business,14,Mental Health & Counseling,mental-health-counseling,82,OCD Specialists,ocd-specialists,,,,
Local Businesses,local-business,14,Mental Health & Counseling,mental-health-counseling,83,Anxiety Disorder Specialists,anxiety-disorder-specialists,,,,
Local Businesses,local-business,14,Mental Health & Counseling,mental-health-counseling,84,Panic Disorder Specialists,panic-disorder-specialists,,,,
Local Businesses,local-business,14,Mental Health & Counseling,mental-health-counseling,85,PTSD Specialists,ptsd-specialists,,,,
Local Businesses,local-business,14,Mental Health & Counseling,mental-health-counseling,86,Combat Veteran Therapists,combat-veteran-therapists,,,,
Local Businesses,local-business,14,Mental Health & Counseling,mental-health-counseling,87,First Responder Therapists,first-responder-therapists,,,,
Local Businesses,local-business,15,Home Repair & Improvement Services,home-repair-improvement-services,1,General Contractors,general-contractors,1,Commercial Electrical,Power Distribution,commercial-electrical-power-distribution
Local Businesses,local-business,15,Home Repair & Improvement Services,home-repair-improvement-services,1,General Contractors,general-contractors,2,Commercial Electrical,High Voltage Work,commercial-electrical-high-voltage-work
Local Businesses,local-business,15,Home Repair & Improvement Services,home-repair-improvement-services,1,General Contractors,general-contractors,3,General Handyman,Furniture Assembly,general-handyman-furniture-assembly
Local Businesses,local-business,15,Home Repair & Improvement Services,home-repair-improvement-services,1,General Contractors,general-contractors,4,General Handyman,Drywall Repair,general-handyman-drywall-repair
Local Businesses,local-business,15,Home Repair & Improvement Services,home-repair-improvement-services,1,General Contractors,general-contractors,5,General Handyman,Door Installation,general-handyman-door-installation
Local Businesses,local-business,15,Home Repair & Improvement Services,home-repair-improvement-services,1,General Contractors,general-contractors,6,General Handyman,Shelf Installation,general-handyman-shelf-installation
Local Businesses,local-business,15,Home Repair & Improvement Services,home-repair-improvement-services,1,General Contractors,general-contractors,7,General Handyman,TV Mounting,general-handyman-tv-mounting
Local Businesses,local-business,15,Home Repair & Improvement Services,home-repair-improvement-services,1,General Contractors,general-contractors,8,General Handyman,Picture Hanging,general-handyman-picture-hanging
Local Businesses,local-business,15,Home Repair & Improvement Services,home-repair-improvement-services,1,General Contractors,general-contractors,9,General Handyman,Caulking & Sealing,general-handyman-caulking-sealing
Local Businesses,local-business,15,Home Repair & Improvement Services,home-repair-improvement-services,1,General Contractors,general-contractors,10,General Handyman,Weather Stripping,general-handyman-weather-stripping
Local Businesses,local-business,15,Home Repair & Improvement Services,home-repair-improvement-services,1,General Contractors,general-contractors,11,General Handyman,Minor Carpentry,general-handyman-minor-carpentry
Local Businesses,local-business,15,Home Repair & Improvement Services,home-repair-improvement-services,1,General Contractors,general-contractors,12,Heating,Radiant Heating,heating-radiant-heating
Local Businesses,local-business,15,Home Repair & Improvement Services,home-repair-improvement-services,1,General Contractors,general-contractors,13,Heating,Duct Heating,heating-duct-heating
Local Businesses,local-business,15,Home Repair & Improvement Services,home-repair-improvement-services,1,General Contractors,general-contractors,14,Heating,Geothermal Heating,heating-geothermal-heating
Local Businesses,local-business,15,Home Repair & Improvement Services,home-repair-improvement-services,1,General Contractors,general-contractors,15,Air Conditioning,Ductless Mini-Split,air-conditioning-ductless-mini-split
Local Businesses,local-business,15,Home Repair & Improvement Services,home-repair-improvement-services,1,General Contractors,general-contractors,16,Air Conditioning,AC Maintenance,air-conditioning-ac-maintenance
Local Businesses,local-business,15,Home Repair & Improvement Services,home-repair-improvement-services,1,General Contractors,general-contractors,17,Air Conditioning,Refrigerant Recharge,air-conditioning-refrigerant-recharge
Local Businesses,local-business,15,Home Repair & Improvement Services,home-repair-improvement-services,1,General Contractors,general-contractors,18,Air Conditioning,Smart Thermostat,air-conditioning-smart-thermostat
Local Businesses,local-business,15,Home Repair & Improvement Services,home-repair-improvement-services,1,General Contractors,general-contractors,19,Air Conditioning,Zoning Systems,air-conditioning-zoning-systems
Local Businesses,local-business,15,Home Repair & Improvement Services,home-repair-improvement-services,1,General Contractors,general-contractors,20,Air Quality,Ventilation,air-quality-ventilation
Local Businesses,local-business,15,Home Repair & Improvement Services,home-repair-improvement-services,1,General Contractors,general-contractors,21,Commercial Plumbing,Office Plumbing,commercial-plumbing-office-plumbing
Local Businesses,local-business,15,Home Repair & Improvement Services,home-repair-improvement-services,1,General Contractors,general-contractors,22,Commercial Plumbing,Restaurant Plumbing,commercial-plumbing-restaurant-plumbing
Local Businesses,local-business,15,Home Repair & Improvement Services,home-repair-improvement-services,1,General Contractors,general-contractors,23,Commercial Plumbing,Industrial Plumbing,commercial-plumbing-industrial-plumbing
Local Businesses,local-business,15,Home Repair & Improvement Services,home-repair-improvement-services,2,Design-Build Contractors,design-build-contractors,1,Carpentry Services,Stair Building,carpentry-services-stair-building
Local Businesses,local-business,15,Home Repair & Improvement Services,home-repair-improvement-services,2,Design-Build Contractors,design-build-contractors,2,Carpentry Services,Pergola Building,carpentry-services-pergola-building
Local Businesses,local-business,15,Home Repair & Improvement Services,home-repair-improvement-services,2,Design-Build Contractors,design-build-contractors,3,Exterior,Porch Building,exterior-porch-building
Local Businesses,local-business,15,Home Repair & Improvement Services,home-repair-improvement-services,2,Design-Build Contractors,design-build-contractors,4,Exterior,Deck Building,exterior-deck-building
Local Businesses,local-business,15,Home Repair & Improvement Services,home-repair-improvement-services,2,Design-Build Contractors,design-build-contractors,5,TV & Media,Media Room Design,tv-media-media-room-design
Local Businesses,local-business,15,Home Repair & Improvement Services,home-repair-improvement-services,2,Design-Build Contractors,design-build-contractors,6,Masonry Services,Fireplace Build,masonry-services-fireplace-build
Local Businesses,local-business,15,Home Repair & Improvement Services,home-repair-improvement-services,3,Custom Home Builders,custom-home-builders,1,Carpentry Services,Custom Cabinets,carpentry-services-custom-cabinets
Local Businesses,local-business,15,Home Repair & Improvement Services,home-repair-improvement-services,3,Custom Home Builders,custom-home-builders,2,Carpentry Services,Custom Closets,carpentry-services-custom-closets
Local Businesses,local-business,15,Home Repair & Improvement Services,home-repair-improvement-services,3,Custom Home Builders,custom-home-builders,3,Room & Structure,Home Extension,room-structure-home-extension
Local Businesses,local-business,15,Home Repair & Improvement Services,home-repair-improvement-services,3,Custom Home Builders,custom-home-builders,4,Exterior,Masonry,exterior-masonry
Local Businesses,local-business,15,Home Repair & Improvement Services,home-repair-improvement-services,3,Custom Home Builders,custom-home-builders,5,Smart Home,Smart Home Installation,smart-home-smart-home-installation
Local Businesses,local-business,15,Home Repair & Improvement Services,home-repair-improvement-services,3,Custom Home Builders,custom-home-builders,6,Smart Home,Home Automation,smart-home-home-automation
Local Businesses,local-business,15,Home Repair & Improvement Services,home-repair-improvement-services,3,Custom Home Builders,custom-home-builders,7,Smart Home,Home Theater,smart-home-home-theater
Local Businesses,local-business,15,Home Repair & Improvement Services,home-repair-improvement-services,3,Custom Home Builders,custom-home-builders,8,Smart Home,Whole-Home Audio,smart-home-whole-home-audio
Local Businesses,local-business,15,Home Repair & Improvement Services,home-repair-improvement-services,3,Custom Home Builders,custom-home-builders,9,Smart Home,Network Installation,smart-home-network-installation
Local Businesses,local-business,15,Home Repair & Improvement Services,home-repair-improvement-services,3,Custom Home Builders,custom-home-builders,10,Smart Home,WiFi Setup,smart-home-wifi-setup
Local Businesses,local-business,15,Home Repair & Improvement Services,home-repair-improvement-services,3,Custom Home Builders,custom-home-builders,11,Smart Home,Smart Thermostat,smart-home-smart-thermostat
Local Businesses,local-business,15,Home Repair & Improvement Services,home-repair-improvement-services,3,Custom Home Builders,custom-home-builders,12,Smart Home,Smart Lighting,smart-home-smart-lighting
Local Businesses,local-business,15,Home Repair & Improvement Services,home-repair-improvement-services,3,Custom Home Builders,custom-home-builders,13,Smart Home,Smart Lock Install,smart-home-smart-lock-install
Local Businesses,local-business,15,Home Repair & Improvement Services,home-repair-improvement-services,3,Custom Home Builders,custom-home-builders,14,TV & Media,TV Mounting,tv-media-tv-mounting
Local Businesses,local-business,15,Home Repair & Improvement Services,home-repair-improvement-services,3,Custom Home Builders,custom-home-builders,15,TV & Media,Home Theater Design,tv-media-home-theater-design
Local Businesses,local-business,15,Home Repair & Improvement Services,home-repair-improvement-services,3,Custom Home Builders,custom-home-builders,16,TV & Media,Gaming Setup,tv-media-gaming-setup
Local Businesses,local-business,15,Home Repair & Improvement Services,home-repair-improvement-services,3,Custom Home Builders,custom-home-builders,17,Welding Services,Custom Metal Work,welding-services-custom-metal-work
Local Businesses,local-business,15,Home Repair & Improvement Services,home-repair-improvement-services,3,Custom Home Builders,custom-home-builders,18,Home Decor,Interior Decor Shop,home-decor-interior-decor-shop
Local Businesses,local-business,15,Home Repair & Improvement Services,home-repair-improvement-services,3,Custom Home Builders,custom-home-builders,19,Home Decor,Art Gallery Retail,home-decor-art-gallery-retail
Local Businesses,local-business,15,Home Repair & Improvement Services,home-repair-improvement-services,3,Custom Home Builders,custom-home-builders,20,Home Decor,Plant Shop,home-decor-plant-shop
Local Businesses,local-business,15,Home Repair & Improvement Services,home-repair-improvement-services,3,Custom Home Builders,custom-home-builders,21,Home Decor,Nursery,home-decor-nursery
Local Businesses,local-business,15,Home Repair & Improvement Services,home-repair-improvement-services,3,Custom Home Builders,custom-home-builders,22,Home Decor,Gift Shop,home-decor-gift-shop
Local Businesses,local-business,15,Home Repair & Improvement Services,home-repair-improvement-services,3,Custom Home Builders,custom-home-builders,23,Home Decor,Souvenir Shop,home-decor-souvenir-shop
Local Businesses,local-business,15,Home Repair & Improvement Services,home-repair-improvement-services,3,Custom Home Builders,custom-home-builders,24,Home Decor,Home Textile,home-decor-home-textile
Local Businesses,local-business,15,Home Repair & Improvement Services,home-repair-improvement-services,4,Spec Home Builders,spec-home-builders,,,,
Local Businesses,local-business,15,Home Repair & Improvement Services,home-repair-improvement-services,5,Modular Home Builders,modular-home-builders,,,,
Local Businesses,local-business,15,Home Repair & Improvement Services,home-repair-improvement-services,6,Tiny House Builders,tiny-house-builders,,,,
Local Businesses,local-business,15,Home Repair & Improvement Services,home-repair-improvement-services,7,Container Home Builders,container-home-builders,,,,
Local Businesses,local-business,15,Home Repair & Improvement Services,home-repair-improvement-services,8,ADU Builders,adu-builders,,,,
Local Businesses,local-business,15,Home Repair & Improvement Services,home-repair-improvement-services,9,Garage Conversion Contractors,garage-conversion-contractors,1,Garage Door,Garage Door Repair,garage-door-garage-door-repair
Local Businesses,local-business,15,Home Repair & Improvement Services,home-repair-improvement-services,9,Garage Conversion Contractors,garage-conversion-contractors,2,Garage Door,Garage Door Installation,garage-door-garage-door-installation
Local Businesses,local-business,15,Home Repair & Improvement Services,home-repair-improvement-services,9,Garage Conversion Contractors,garage-conversion-contractors,3,Garage Door,Garage Door Opener,garage-door-garage-door-opener
Local Businesses,local-business,15,Home Repair & Improvement Services,home-repair-improvement-services,9,Garage Conversion Contractors,garage-conversion-contractors,4,Garage Door,Spring Replacement,garage-door-spring-replacement
Local Businesses,local-business,15,Home Repair & Improvement Services,home-repair-improvement-services,9,Garage Conversion Contractors,garage-conversion-contractors,5,Garage Door,Panel Replacement,garage-door-panel-replacement
Local Businesses,local-business,15,Home Repair & Improvement Services,home-repair-improvement-services,9,Garage Conversion Contractors,garage-conversion-contractors,6,Garage Door,Garage Door Insulation,garage-door-garage-door-insulation
Local Businesses,local-business,15,Home Repair & Improvement Services,home-repair-improvement-services,9,Garage Conversion Contractors,garage-conversion-contractors,7,Garage Door,Commercial Garage Door,garage-door-commercial-garage-door
Local Businesses,local-business,15,Home Repair & Improvement Services,home-repair-improvement-services,9,Garage Conversion Contractors,garage-conversion-contractors,8,Garage Door,Overhead Door,garage-door-overhead-door
Local Businesses,local-business,15,Home Repair & Improvement Services,home-repair-improvement-services,9,Garage Conversion Contractors,garage-conversion-contractors,9,Garage Door,Roll-Up Door,garage-door-roll-up-door
Local Businesses,local-business,15,Home Repair & Improvement Services,home-repair-improvement-services,9,Garage Conversion Contractors,garage-conversion-contractors,10,Garage Door,Smart Garage Door,garage-door-smart-garage-door
Local Businesses,local-business,15,Home Repair & Improvement Services,home-repair-improvement-services,9,Garage Conversion Contractors,garage-conversion-contractors,11,Room & Structure,Garage Conversion,room-structure-garage-conversion
Local Businesses,local-business,15,Home Repair & Improvement Services,home-repair-improvement-services,9,Garage Conversion Contractors,garage-conversion-contractors,12,Exterior,Garage Door Install,exterior-garage-door-install
Local Businesses,local-business,15,Home Repair & Improvement Services,home-repair-improvement-services,10,Basement Finishing Contractors,basement-finishing-contractors,1,Room & Structure,Basement Finishing,room-structure-basement-finishing
Local Businesses,local-business,15,Home Repair & Improvement Services,home-repair-improvement-services,11,Attic Conversion Contractors,attic-conversion-contractors,1,Room & Structure,Attic Conversion,room-structure-attic-conversion
Local Businesses,local-business,15,Home Repair & Improvement Services,home-repair-improvement-services,12,Loft Conversion Contractors,loft-conversion-contractors,,,,
Local Businesses,local-business,15,Home Repair & Improvement Services,home-repair-improvement-services,13,Home Addition Contractors,home-addition-contractors,1,Room & Structure,Sunroom Addition,room-structure-sunroom-addition
Local Businesses,local-business,15,Home Repair & Improvement Services,home-repair-improvement-services,14,Sunroom Builders,sunroom-builders,,,,
Local Businesses,local-business,15,Home Repair & Improvement Services,home-repair-improvement-services,15,Screened-In Porch Builders,screened-in-porch-builders,,,,
Local Businesses,local-business,15,Home Repair & Improvement Services,home-repair-improvement-services,16,Three-Season Room Builders,three-season-room-builders,1,Room & Structure,Room Addition,room-structure-room-addition
Local Businesses,local-business,15,Home Repair & Improvement Services,home-repair-improvement-services,16,Three-Season Room Builders,three-season-room-builders,2,Room & Structure,Porch Enclosure,room-structure-porch-enclosure
Local Businesses,local-business,15,Home Repair & Improvement Services,home-repair-improvement-services,16,Three-Season Room Builders,three-season-room-builders,3,Room & Structure,Demolition,room-structure-demolition
Local Businesses,local-business,15,Home Repair & Improvement Services,home-repair-improvement-services,16,Three-Season Room Builders,three-season-room-builders,4,Room & Structure,Structural Repair,room-structure-structural-repair
Local Businesses,local-business,15,Home Repair & Improvement Services,home-repair-improvement-services,17,Deck Builders,deck-builders,,,,
Local Businesses,local-business,15,Home Repair & Improvement Services,home-repair-improvement-services,18,Composite Deck Builders,composite-deck-builders,,,,
Local Businesses,local-business,15,Home Repair & Improvement Services,home-repair-improvement-services,19,Wood Deck Builders,wood-deck-builders,,,,
Local Businesses,local-business,15,Home Repair & Improvement Services,home-repair-improvement-services,20,Trex Deck Installers,trex-deck-installers,1,Carpentry Services,Baseboard Installation,carpentry-services-baseboard-installation
Local Businesses,local-business,15,Home Repair & Improvement Services,home-repair-improvement-services,20,Trex Deck Installers,trex-deck-installers,2,Commercial Electrical,Transformer Install,commercial-electrical-transformer-install
Local Businesses,local-business,15,Home Repair & Improvement Services,home-repair-improvement-services,20,Trex Deck Installers,trex-deck-installers,3,Floor Installation,Laminate Flooring,floor-installation-laminate-flooring
Local Businesses,local-business,15,Home Repair & Improvement Services,home-repair-improvement-services,20,Trex Deck Installers,trex-deck-installers,4,Floor Installation,Tile Flooring,floor-installation-tile-flooring
Local Businesses,local-business,15,Home Repair & Improvement Services,home-repair-improvement-services,20,Trex Deck Installers,trex-deck-installers,5,Floor Installation,Carpet Installation,floor-installation-carpet-installation
Local Businesses,local-business,15,Home Repair & Improvement Services,home-repair-improvement-services,20,Trex Deck Installers,trex-deck-installers,6,Floor Installation,Bamboo Flooring,floor-installation-bamboo-flooring
Local Businesses,local-business,15,Home Repair & Improvement Services,home-repair-improvement-services,20,Trex Deck Installers,trex-deck-installers,7,Exterior,Siding Installation,exterior-siding-installation
Local Businesses,local-business,15,Home Repair & Improvement Services,home-repair-improvement-services,20,Trex Deck Installers,trex-deck-installers,8,Exterior,Pergola Installation,exterior-pergola-installation
Local Businesses,local-business,15,Home Repair & Improvement Services,home-repair-improvement-services,20,Trex Deck Installers,trex-deck-installers,9,TV & Media,Satellite Installation,tv-media-satellite-installation
Local Businesses,local-business,15,Home Repair & Improvement Services,home-repair-improvement-services,20,Trex Deck Installers,trex-deck-installers,10,TV & Media,Cable Installation,tv-media-cable-installation
Local Businesses,local-business,15,Home Repair & Improvement Services,home-repair-improvement-services,20,Trex Deck Installers,trex-deck-installers,11,TV & Media,Antenna Installation,tv-media-antenna-installation
Local Businesses,local-business,15,Home Repair & Improvement Services,home-repair-improvement-services,20,Trex Deck Installers,trex-deck-installers,12,TV & Media,Projector Installation,tv-media-projector-installation
Local Businesses,local-business,15,Home Repair & Improvement Services,home-repair-improvement-services,20,Trex Deck Installers,trex-deck-installers,13,TV & Media,Speaker Installation,tv-media-speaker-installation
Local Businesses,local-business,15,Home Repair & Improvement Services,home-repair-improvement-services,20,Trex Deck Installers,trex-deck-installers,14,TV & Media,Soundbar Install,tv-media-soundbar-install
Local Businesses,local-business,15,Home Repair & Improvement Services,home-repair-improvement-services,20,Trex Deck Installers,trex-deck-installers,15,Heating,Furnace Installation,heating-furnace-installation
Local Businesses,local-business,15,Home Repair & Improvement Services,home-repair-improvement-services,20,Trex Deck Installers,trex-deck-installers,16,Heating,Space Heater Installation,heating-space-heater-installation
Local Businesses,local-business,15,Home Repair & Improvement Services,home-repair-improvement-services,20,Trex Deck Installers,trex-deck-installers,17,Air Conditioning,AC Installation,air-conditioning-ac-installation
Local Businesses,local-business,15,Home Repair & Improvement Services,home-repair-improvement-services,20,Trex Deck Installers,trex-deck-installers,18,Air Conditioning,Thermostat Install,air-conditioning-thermostat-install
Local Businesses,local-business,15,Home Repair & Improvement Services,home-repair-improvement-services,20,Trex Deck Installers,trex-deck-installers,19,Air Quality,Air Purifier Install,air-quality-air-purifier-install
Local Businesses,local-business,15,Home Repair & Improvement Services,home-repair-improvement-services,20,Trex Deck Installers,trex-deck-installers,20,Air Quality,Humidifier Install,air-quality-humidifier-install
Local Businesses,local-business,15,Home Repair & Improvement Services,home-repair-improvement-services,20,Trex Deck Installers,trex-deck-installers,21,Air Quality,Dehumidifier Install,air-quality-dehumidifier-install
Local Businesses,local-business,15,Home Repair & Improvement Services,home-repair-improvement-services,20,Trex Deck Installers,trex-deck-installers,22,Masonry Services,Veneer Installation,masonry-services-veneer-installation
Local Businesses,local-business,15,Home Repair & Improvement Services,home-repair-improvement-services,21,Pergola Builders,pergola-builders,,,,
Local Businesses,local-business,15,Home Repair & Improvement Services,home-repair-improvement-services,22,Gazebo Builders,gazebo-builders,,,,
Local Businesses,local-business,15,Home Repair & Improvement Services,home-repair-improvement-services,23,Pavilion Builders,pavilion-builders,,,,
Local Businesses,local-business,15,Home Repair & Improvement Services,home-repair-improvement-services,24,Outdoor Kitchen Builders,outdoor-kitchen-builders,1,Kitchen & Bath,Kitchen Remodeling,kitchen-bath-kitchen-remodeling
Local Businesses,local-business,15,Home Repair & Improvement Services,home-repair-improvement-services,24,Outdoor Kitchen Builders,outdoor-kitchen-builders,2,Kitchen & Bath,Bathroom Remodeling,kitchen-bath-bathroom-remodeling
Local Businesses,local-business,15,Home Repair & Improvement Services,home-repair-improvement-services,24,Outdoor Kitchen Builders,outdoor-kitchen-builders,3,Kitchen & Bath,Cabinet Installation,kitchen-bath-cabinet-installation
Local Businesses,local-business,15,Home Repair & Improvement Services,home-repair-improvement-services,24,Outdoor Kitchen Builders,outdoor-kitchen-builders,4,Kitchen & Bath,Countertop Install,kitchen-bath-countertop-install
Local Businesses,local-business,15,Home Repair & Improvement Services,home-repair-improvement-services,24,Outdoor Kitchen Builders,outdoor-kitchen-builders,5,Kitchen & Bath,Tile Backsplash,kitchen-bath-tile-backsplash
Local Businesses,local-business,15,Home Repair & Improvement Services,home-repair-improvement-services,24,Outdoor Kitchen Builders,outdoor-kitchen-builders,6,Kitchen & Bath,Shower Installation,kitchen-bath-shower-installation
Local Businesses,local-business,15,Home Repair & Improvement Services,home-repair-improvement-services,24,Outdoor Kitchen Builders,outdoor-kitchen-builders,7,Kitchen & Bath,Bathtub Installation,kitchen-bath-bathtub-installation
Local Businesses,local-business,15,Home Repair & Improvement Services,home-repair-improvement-services,24,Outdoor Kitchen Builders,outdoor-kitchen-builders,8,Kitchen & Bath,Kitchen Island,kitchen-bath-kitchen-island
Local Businesses,local-business,15,Home Repair & Improvement Services,home-repair-improvement-services,24,Outdoor Kitchen Builders,outdoor-kitchen-builders,9,Kitchen & Bath,Vanity Installation,kitchen-bath-vanity-installation
Local Businesses,local-business,15,Home Repair & Improvement Services,home-repair-improvement-services,24,Outdoor Kitchen Builders,outdoor-kitchen-builders,10,Kitchen & Bath,Hardware Replacement,kitchen-bath-hardware-replacement
Local Businesses,local-business,15,Home Repair & Improvement Services,home-repair-improvement-services,25,Outdoor Fireplace Builders,outdoor-fireplace-builders,1,Masonry Services,Outdoor Fireplace,masonry-services-outdoor-fireplace
Local Businesses,local-business,15,Home Repair & Improvement Services,home-repair-improvement-services,26,Outdoor Pizza Oven Installers,outdoor-pizza-oven-installers,,,,
Local Businesses,local-business,15,Home Repair & Improvement Services,home-repair-improvement-services,27,Patio Cover Installers,patio-cover-installers,,,,
Local Businesses,local-business,15,Home Repair & Improvement Services,home-repair-improvement-services,28,Sunshade Installers,sunshade-installers,,,,
Local Businesses,local-business,15,Home Repair & Improvement Services,home-repair-improvement-services,29,Awning Installers,awning-installers,,,,
Local Businesses,local-business,15,Home Repair & Improvement Services,home-repair-improvement-services,30,Retractable Awning Companies,retractable-awning-companies,,,,
Local Businesses,local-business,15,Home Repair & Improvement Services,home-repair-improvement-services,31,Patio Builders,patio-builders,,,,
Local Businesses,local-business,15,Home Repair & Improvement Services,home-repair-improvement-services,32,Concrete Patio Contractors,concrete-patio-contractors,1,Concrete Services,Concrete Patio,concrete-services-concrete-patio
Local Businesses,local-business,15,Home Repair & Improvement Services,home-repair-improvement-services,32,Concrete Patio Contractors,concrete-patio-contractors,2,Exterior,Concrete Work,exterior-concrete-work
Local Businesses,local-business,15,Home Repair & Improvement Services,home-repair-improvement-services,33,Stamped Concrete Contractors,stamped-concrete-contractors,1,Concrete Services,Stamped Concrete,concrete-services-stamped-concrete
Local Businesses,local-business,15,Home Repair & Improvement Services,home-repair-improvement-services,34,Brick Patio Installers,brick-patio-installers,,,,
Local Businesses,local-business,15,Home Repair & Improvement Services,home-repair-improvement-services,35,Paver Patio Installers,paver-patio-installers,1,Masonry Services,Paver Installation,masonry-services-paver-installation
Local Businesses,local-business,15,Home Repair & Improvement Services,home-repair-improvement-services,36,Stone Patio Installers,stone-patio-installers,1,Floor Installation,Stone Flooring,floor-installation-stone-flooring
Local Businesses,local-business,15,Home Repair & Improvement Services,home-repair-improvement-services,36,Stone Patio Installers,stone-patio-installers,2,Masonry Services,Stone Work,masonry-services-stone-work
Local Businesses,local-business,15,Home Repair & Improvement Services,home-repair-improvement-services,37,Driveway Pavers,driveway-pavers,1,Exterior,Driveway Paving,exterior-driveway-paving
Local Businesses,local-business,15,Home Repair & Improvement Services,home-repair-improvement-services,38,Asphalt Paving Companies,asphalt-paving-companies,,,,
Local Businesses,local-business,15,Home Repair & Improvement Services,home-repair-improvement-services,39,Concrete Driveway Contractors,concrete-driveway-contractors,1,Concrete Services,Concrete Driveway,concrete-services-concrete-driveway
Local Businesses,local-business,15,Home Repair & Improvement Services,home-repair-improvement-services,40,Driveway Sealing Services,driveway-sealing-services,1,Carpentry Services,Built-In Shelving,carpentry-services-built-in-shelving
Local Businesses,local-business,15,Home Repair & Improvement Services,home-repair-improvement-services,40,Driveway Sealing Services,driveway-sealing-services,2,Carpentry Services,Crown Molding,carpentry-services-crown-molding
Local Businesses,local-business,15,Home Repair & Improvement Services,home-repair-improvement-services,40,Driveway Sealing Services,driveway-sealing-services,3,Carpentry Services,Wainscoting,carpentry-services-wainscoting
Local Businesses,local-business,15,Home Repair & Improvement Services,home-repair-improvement-services,40,Driveway Sealing Services,driveway-sealing-services,4,Carpentry Services,Trim Carpentry,carpentry-services-trim-carpentry
Local Businesses,local-business,15,Home Repair & Improvement Services,home-repair-improvement-services,40,Driveway Sealing Services,driveway-sealing-services,5,Insulation Services,Spray Foam,insulation-services-spray-foam
Local Businesses,local-business,15,Home Repair & Improvement Services,home-repair-improvement-services,40,Driveway Sealing Services,driveway-sealing-services,6,Insulation Services,Blown-In Insulation,insulation-services-blown-in-insulation
Local Businesses,local-business,15,Home Repair & Improvement Services,home-repair-improvement-services,40,Driveway Sealing Services,driveway-sealing-services,7,Insulation Services,Batt Insulation,insulation-services-batt-insulation
Local Businesses,local-business,15,Home Repair & Improvement Services,home-repair-improvement-services,40,Driveway Sealing Services,driveway-sealing-services,8,Insulation Services,Rigid Foam,insulation-services-rigid-foam
Local Businesses,local-business,15,Home Repair & Improvement Services,home-repair-improvement-services,40,Driveway Sealing Services,driveway-sealing-services,9,Insulation Services,Energy Audit Insulation,insulation-services-energy-audit-insulation
Local Businesses,local-business,15,Home Repair & Improvement Services,home-repair-improvement-services,40,Driveway Sealing Services,driveway-sealing-services,10,Insulation Services,Soundproofing,insulation-services-soundproofing
Local Businesses,local-business,15,Home Repair & Improvement Services,home-repair-improvement-services,40,Driveway Sealing Services,driveway-sealing-services,11,Masonry Services,Tuckpointing,masonry-services-tuckpointing
Local Businesses,local-business,15,Home Repair & Improvement Services,home-repair-improvement-services,40,Driveway Sealing Services,driveway-sealing-services,12,Commercial Plumbing,Septic Services,commercial-plumbing-septic-services
Local Businesses,local-business,15,Home Repair & Improvement Services,home-repair-improvement-services,40,Driveway Sealing Services,driveway-sealing-services,13,Welding Services,Structural Welding,welding-services-structural-welding
Local Businesses,local-business,15,Home Repair & Improvement Services,home-repair-improvement-services,40,Driveway Sealing Services,driveway-sealing-services,14,Welding Services,Pipe Welding,welding-services-pipe-welding
Local Businesses,local-business,15,Home Repair & Improvement Services,home-repair-improvement-services,40,Driveway Sealing Services,driveway-sealing-services,15,Welding Services,Stainless Steel Welding,welding-services-stainless-steel-welding
Local Businesses,local-business,15,Home Repair & Improvement Services,home-repair-improvement-services,40,Driveway Sealing Services,driveway-sealing-services,16,Welding Services,Gate Fabrication,welding-services-gate-fabrication
Local Businesses,local-business,15,Home Repair & Improvement Services,home-repair-improvement-services,40,Driveway Sealing Services,driveway-sealing-services,17,Welding Services,Railing Fabrication,welding-services-railing-fabrication
Local Businesses,local-business,15,Home Repair & Improvement Services,home-repair-improvement-services,40,Driveway Sealing Services,driveway-sealing-services,18,Welding Services,Ornamental Iron,welding-services-ornamental-iron
Local Businesses,local-business,15,Home Repair & Improvement Services,home-repair-improvement-services,40,Driveway Sealing Services,driveway-sealing-services,19,Welding Services,Mobile Welding,welding-services-mobile-welding
Local Businesses,local-business,15,Home Repair & Improvement Services,home-repair-improvement-services,41,Driveway Crack Repair,driveway-crack-repair,1,Floor Repair,Tile Repair,floor-repair-tile-repair
Local Businesses,local-business,15,Home Repair & Improvement Services,home-repair-improvement-services,41,Driveway Crack Repair,driveway-crack-repair,2,Floor Repair,Carpet Repair,floor-repair-carpet-repair
Local Businesses,local-business,15,Home Repair & Improvement Services,home-repair-improvement-services,41,Driveway Crack Repair,driveway-crack-repair,3,Floor Repair,Subfloor Repair,floor-repair-subfloor-repair
Local Businesses,local-business,15,Home Repair & Improvement Services,home-repair-improvement-services,41,Driveway Crack Repair,driveway-crack-repair,4,Floor Repair,Grout Repair,floor-repair-grout-repair
Local Businesses,local-business,15,Home Repair & Improvement Services,home-repair-improvement-services,41,Driveway Crack Repair,driveway-crack-repair,5,Floor Repair,Floor Sanding,floor-repair-floor-sanding
Local Businesses,local-business,15,Home Repair & Improvement Services,home-repair-improvement-services,41,Driveway Crack Repair,driveway-crack-repair,6,Floor Repair,Stair Refinishing,floor-repair-stair-refinishing
Local Businesses,local-business,15,Home Repair & Improvement Services,home-repair-improvement-services,41,Driveway Crack Repair,driveway-crack-repair,7,Floor Repair,Floor Staining,floor-repair-floor-staining
Local Businesses,local-business,15,Home Repair & Improvement Services,home-repair-improvement-services,41,Driveway Crack Repair,driveway-crack-repair,8,Heating,Furnace Repair,heating-furnace-repair
Local Businesses,local-business,15,Home Repair & Improvement Services,home-repair-improvement-services,41,Driveway Crack Repair,driveway-crack-repair,9,Heating,Boiler Repair,heating-boiler-repair
Local Businesses,local-business,15,Home Repair & Improvement Services,home-repair-improvement-services,41,Driveway Crack Repair,driveway-crack-repair,10,Air Conditioning,AC Repair,air-conditioning-ac-repair
Local Businesses,local-business,15,Home Repair & Improvement Services,home-repair-improvement-services,42,Sidewalk Repair Services,sidewalk-repair-services,1,Electric Vehicle,EV Repair Shop,electric-vehicle-ev-repair-shop
Local Businesses,local-business,15,Home Repair & Improvement Services,home-repair-improvement-services,42,Sidewalk Repair Services,sidewalk-repair-services,2,Masonry Services,Brick Repair,masonry-services-brick-repair
Local Businesses,local-business,15,Home Repair & Improvement Services,home-repair-improvement-services,42,Sidewalk Repair Services,sidewalk-repair-services,3,Masonry Services,Stucco Repair,masonry-services-stucco-repair
Local Businesses,local-business,15,Home Repair & Improvement Services,home-repair-improvement-services,42,Sidewalk Repair Services,sidewalk-repair-services,4,Wall Services,Drywall Repair,wall-services-drywall-repair
Local Businesses,local-business,15,Home Repair & Improvement Services,home-repair-improvement-services,42,Sidewalk Repair Services,sidewalk-repair-services,5,Wall Services,Ceiling Repair,wall-services-ceiling-repair
Local Businesses,local-business,15,Home Repair & Improvement Services,home-repair-improvement-services,42,Sidewalk Repair Services,sidewalk-repair-services,6,Septic Services,Septic Repair,septic-services-septic-repair
Local Businesses,local-business,15,Home Repair & Improvement Services,home-repair-improvement-services,42,Sidewalk Repair Services,sidewalk-repair-services,7,Septic Services,Drain Field Repair,septic-services-drain-field-repair
Local Businesses,local-business,15,Home Repair & Improvement Services,home-repair-improvement-services,42,Sidewalk Repair Services,sidewalk-repair-services,8,Septic Services,Septic Line Repair,septic-services-septic-line-repair
Local Businesses,local-business,15,Home Repair & Improvement Services,home-repair-improvement-services,43,Curb Repair Services,curb-repair-services,,,,
Local Businesses,local-business,15,Home Repair & Improvement Services,home-repair-improvement-services,44,Retaining Wall Builders,retaining-wall-builders,1,Insulation Services,Wall Insulation,insulation-services-wall-insulation
Local Businesses,local-business,15,Home Repair & Improvement Services,home-repair-improvement-services,44,Retaining Wall Builders,retaining-wall-builders,2,Masonry Services,Block Wall,masonry-services-block-wall
Local Businesses,local-business,15,Home Repair & Improvement Services,home-repair-improvement-services,44,Retaining Wall Builders,retaining-wall-builders,3,Wall Services,Drywall Installation,wall-services-drywall-installation
Local Businesses,local-business,15,Home Repair & Improvement Services,home-repair-improvement-services,44,Retaining Wall Builders,retaining-wall-builders,4,Wall Services,Plastering,wall-services-plastering
Local Businesses,local-business,15,Home Repair & Improvement Services,home-repair-improvement-services,44,Retaining Wall Builders,retaining-wall-builders,5,Wall Services,Skim Coating,wall-services-skim-coating
Local Businesses,local-business,15,Home Repair & Improvement Services,home-repair-improvement-services,44,Retaining Wall Builders,retaining-wall-builders,6,Wall Services,Texture Matching,wall-services-texture-matching
Local Businesses,local-business,15,Home Repair & Improvement Services,home-repair-improvement-services,44,Retaining Wall Builders,retaining-wall-builders,7,Wall Services,Water Damage Wall,wall-services-water-damage-wall
Local Businesses,local-business,15,Home Repair & Improvement Services,home-repair-improvement-services,44,Retaining Wall Builders,retaining-wall-builders,8,Wall Services,Mold Damage Wall,wall-services-mold-damage-wall
Local Businesses,local-business,15,Home Repair & Improvement Services,home-repair-improvement-services,44,Retaining Wall Builders,retaining-wall-builders,9,Wall Services,Soundproof Wall,wall-services-soundproof-wall
Local Businesses,local-business,15,Home Repair & Improvement Services,home-repair-improvement-services,45,Stone Retaining Walls,stone-retaining-walls,,,,
Local Businesses,local-business,15,Home Repair & Improvement Services,home-repair-improvement-services,46,Block Retaining Walls,block-retaining-walls,,,,
Local Businesses,local-business,15,Home Repair & Improvement Services,home-repair-improvement-services,47,Wood Retaining Walls,wood-retaining-walls,,,,
Local Businesses,local-business,15,Home Repair & Improvement Services,home-repair-improvement-services,48,Erosion Control Contractors,erosion-control-contractors,,,,
Local Businesses,local-business,15,Home Repair & Improvement Services,home-repair-improvement-services,49,Drainage Contractors,drainage-contractors,,,,
Local Businesses,local-business,15,Home Repair & Improvement Services,home-repair-improvement-services,50,French Drain Installers,french-drain-installers,1,Waterproofing Services,French Drain,waterproofing-services-french-drain
Local Businesses,local-business,15,Home Repair & Improvement Services,home-repair-improvement-services,51,Sump Pump Installers,sump-pump-installers,1,Heating,Heat Pump Installation,heating-heat-pump-installation
Local Businesses,local-business,15,Home Repair & Improvement Services,home-repair-improvement-services,51,Sump Pump Installers,sump-pump-installers,2,Residential Plumbing,Sump Pump,residential-plumbing-sump-pump
Local Businesses,local-business,15,Home Repair & Improvement Services,home-repair-improvement-services,51,Sump Pump Installers,sump-pump-installers,3,Energy Services,Heat Pump Installation,energy-services-heat-pump-installation
Local Businesses,local-business,15,Home Repair & Improvement Services,home-repair-improvement-services,51,Sump Pump Installers,sump-pump-installers,4,Waterproofing Services,Sump Pump Install,waterproofing-services-sump-pump-install
Local Businesses,local-business,15,Home Repair & Improvement Services,home-repair-improvement-services,52,Waterproofing Contractors,waterproofing-contractors,1,Waterproofing Services,Foundation Waterproofing,waterproofing-services-foundation-waterproofing
Local Businesses,local-business,15,Home Repair & Improvement Services,home-repair-improvement-services,52,Waterproofing Contractors,waterproofing-contractors,2,Waterproofing Services,Crawl Space Waterproofing,waterproofing-services-crawl-space-waterproofing
Local Businesses,local-business,15,Home Repair & Improvement Services,home-repair-improvement-services,52,Waterproofing Contractors,waterproofing-contractors,3,Waterproofing Services,Exterior Waterproofing,waterproofing-services-exterior-waterproofing
Local Businesses,local-business,15,Home Repair & Improvement Services,home-repair-improvement-services,52,Waterproofing Contractors,waterproofing-contractors,4,Waterproofing Services,Interior Waterproofing,waterproofing-services-interior-waterproofing
Local Businesses,local-business,15,Home Repair & Improvement Services,home-repair-improvement-services,52,Waterproofing Contractors,waterproofing-contractors,5,Waterproofing Services,Vapor Barrier,waterproofing-services-vapor-barrier
Local Businesses,local-business,15,Home Repair & Improvement Services,home-repair-improvement-services,52,Waterproofing Contractors,waterproofing-contractors,6,Waterproofing Services,Crack Injection,waterproofing-services-crack-injection
Local Businesses,local-business,15,Home Repair & Improvement Services,home-repair-improvement-services,52,Waterproofing Contractors,waterproofing-contractors,7,Waterproofing Services,Grading & Drainage,waterproofing-services-grading-drainage
Local Businesses,local-business,15,Home Repair & Improvement Services,home-repair-improvement-services,53,Basement Waterproofing,basement-waterproofing,1,Waterproofing Services,Basement Waterproofing,waterproofing-services-basement-waterproofing
Local Businesses,local-business,15,Home Repair & Improvement Services,home-repair-improvement-services,54,Crawl Space Encapsulation,crawl-space-encapsulation,1,Insulation Services,Crawl Space Insulation,insulation-services-crawl-space-insulation
Local Businesses,local-business,15,Home Repair & Improvement Services,home-repair-improvement-services,55,Foundation Repair Specialists,foundation-repair-specialists,1,Room & Structure,Foundation Repair,room-structure-foundation-repair
Local Businesses,local-business,15,Home Repair & Improvement Services,home-repair-improvement-services,56,Foundation Crack Repair,foundation-crack-repair,,,,
Local Businesses,local-business,15,Home Repair & Improvement Services,home-repair-improvement-services,57,Pier & Beam Foundation Repair,pier-beam-foundation-repair,,,,
Local Businesses,local-business,15,Home Repair & Improvement Services,home-repair-improvement-services,58,Slab Foundation Repair,slab-foundation-repair,,,,
Local Businesses,local-business,15,Home Repair & Improvement Services,home-repair-improvement-services,59,House Leveling Services,house-leveling-services,1,Floor Repair,Floor Leveling,floor-repair-floor-leveling
Local Businesses,local-business,15,Home Repair & Improvement Services,home-repair-improvement-services,60,Mudjacking Services,mudjacking-services,,,,
Local Businesses,local-business,15,Home Repair & Improvement Services,home-repair-improvement-services,61,Polyjacking Services,polyjacking-services,,,,
Local Businesses,local-business,15,Home Repair & Improvement Services,home-repair-improvement-services,62,Concrete Lifting Services,concrete-lifting-services,1,Concrete Services,Concrete Foundation,concrete-services-concrete-foundation
Local Businesses,local-business,15,Home Repair & Improvement Services,home-repair-improvement-services,62,Concrete Lifting Services,concrete-lifting-services,2,Concrete Services,Concrete Sidewalk,concrete-services-concrete-sidewalk
Local Businesses,local-business,15,Home Repair & Improvement Services,home-repair-improvement-services,62,Concrete Lifting Services,concrete-lifting-services,3,Concrete Services,Concrete Repair,concrete-services-concrete-repair
Local Businesses,local-business,15,Home Repair & Improvement Services,home-repair-improvement-services,62,Concrete Lifting Services,concrete-lifting-services,4,Concrete Services,Concrete Resurfacing,concrete-services-concrete-resurfacing
Local Businesses,local-business,15,Home Repair & Improvement Services,home-repair-improvement-services,62,Concrete Lifting Services,concrete-lifting-services,5,Concrete Services,Concrete Staining,concrete-services-concrete-staining
Local Businesses,local-business,15,Home Repair & Improvement Services,home-repair-improvement-services,62,Concrete Lifting Services,concrete-lifting-services,6,Concrete Services,Concrete Sealing,concrete-services-concrete-sealing
Local Businesses,local-business,15,Home Repair & Improvement Services,home-repair-improvement-services,62,Concrete Lifting Services,concrete-lifting-services,7,Concrete Services,Retaining Wall Concrete,concrete-services-retaining-wall-concrete
Local Businesses,local-business,15,Home Repair & Improvement Services,home-repair-improvement-services,63,Earthquake Retrofitting,earthquake-retrofitting,,,,
Local Businesses,local-business,15,Home Repair & Improvement Services,home-repair-improvement-services,64,Seismic Retrofitting Contractors,seismic-retrofitting-contractors,,,,
Local Businesses,local-business,15,Home Repair & Improvement Services,home-repair-improvement-services,65,Mold Removal Companies,mold-removal-companies,1,Air Quality,Mold Remediation,air-quality-mold-remediation
Local Businesses,local-business,15,Home Repair & Improvement Services,home-repair-improvement-services,65,Mold Removal Companies,mold-removal-companies,2,Restoration Services,Mold Removal,restoration-services-mold-removal
Local Businesses,local-business,15,Home Repair & Improvement Services,home-repair-improvement-services,66,Mold Inspection Services,mold-inspection-services,1,Maintenance,State Inspection,maintenance-state-inspection
Local Businesses,local-business,15,Home Repair & Improvement Services,home-repair-improvement-services,66,Mold Inspection Services,mold-inspection-services,2,Commercial Plumbing,Plumbing Inspection,commercial-plumbing-plumbing-inspection
Local Businesses,local-business,15,Home Repair & Improvement Services,home-repair-improvement-services,67,Mold Testing Companies,mold-testing-companies,1,Air Quality,Carbon Monoxide Testing,air-quality-carbon-monoxide-testing
Local Businesses,local-business,15,Home Repair & Improvement Services,home-repair-improvement-services,67,Mold Testing Companies,mold-testing-companies,2,Air Quality,Indoor Air Quality Testing,air-quality-indoor-air-quality-testing
Local Businesses,local-business,15,Home Repair & Improvement Services,home-repair-improvement-services,67,Mold Testing Companies,mold-testing-companies,3,Commercial Plumbing,Backflow Testing,commercial-plumbing-backflow-testing
Local Businesses,local-business,15,Home Repair & Improvement Services,home-repair-improvement-services,68,Asbestos Abatement Companies,asbestos-abatement-companies,,,,
Local Businesses,local-business,15,Home Repair & Improvement Services,home-repair-improvement-services,69,Asbestos Testing Companies,asbestos-testing-companies,,,,
Local Businesses,local-business,15,Home Repair & Improvement Services,home-repair-improvement-services,70,Lead Paint Removal,lead-paint-removal,1,Interior Painting,Room Painting,interior-painting-room-painting
Local Businesses,local-business,15,Home Repair & Improvement Services,home-repair-improvement-services,70,Lead Paint Removal,lead-paint-removal,2,Interior Painting,Cabinet Painting,interior-painting-cabinet-painting
Local Businesses,local-business,15,Home Repair & Improvement Services,home-repair-improvement-services,70,Lead Paint Removal,lead-paint-removal,3,Interior Painting,Trim Painting,interior-painting-trim-painting
Local Businesses,local-business,15,Home Repair & Improvement Services,home-repair-improvement-services,70,Lead Paint Removal,lead-paint-removal,4,Interior Painting,Ceiling Painting,interior-painting-ceiling-painting
Local Businesses,local-business,15,Home Repair & Improvement Services,home-repair-improvement-services,70,Lead Paint Removal,lead-paint-removal,5,Interior Painting,Wallpaper Removal,interior-painting-wallpaper-removal
Local Businesses,local-business,15,Home Repair & Improvement Services,home-repair-improvement-services,70,Lead Paint Removal,lead-paint-removal,6,Interior Painting,Wallpaper Installation,interior-painting-wallpaper-installation
Local Businesses,local-business,15,Home Repair & Improvement Services,home-repair-improvement-services,70,Lead Paint Removal,lead-paint-removal,7,Interior Painting,Faux Finish,interior-painting-faux-finish
Local Businesses,local-business,15,Home Repair & Improvement Services,home-repair-improvement-services,70,Lead Paint Removal,lead-paint-removal,8,Interior Painting,Accent Wall,interior-painting-accent-wall
Local Businesses,local-business,15,Home Repair & Improvement Services,home-repair-improvement-services,70,Lead Paint Removal,lead-paint-removal,9,Interior Painting,Texture Painting,interior-painting-texture-painting
Local Businesses,local-business,15,Home Repair & Improvement Services,home-repair-improvement-services,70,Lead Paint Removal,lead-paint-removal,10,Interior Painting,Garage Painting,interior-painting-garage-painting
Local Businesses,local-business,15,Home Repair & Improvement Services,home-repair-improvement-services,70,Lead Paint Removal,lead-paint-removal,11,Exterior Painting,House Painting,exterior-painting-house-painting
Local Businesses,local-business,15,Home Repair & Improvement Services,home-repair-improvement-services,70,Lead Paint Removal,lead-paint-removal,12,Exterior Painting,Deck Staining,exterior-painting-deck-staining
Local Businesses,local-business,15,Home Repair & Improvement Services,home-repair-improvement-services,70,Lead Paint Removal,lead-paint-removal,13,Exterior Painting,Fence Painting,exterior-painting-fence-painting
Local Businesses,local-business,15,Home Repair & Improvement Services,home-repair-improvement-services,70,Lead Paint Removal,lead-paint-removal,14,Exterior Painting,Brick Painting,exterior-painting-brick-painting
Local Businesses,local-business,15,Home Repair & Improvement Services,home-repair-improvement-services,70,Lead Paint Removal,lead-paint-removal,15,Exterior Painting,Stucco Painting,exterior-painting-stucco-painting
Local Businesses,local-business,15,Home Repair & Improvement Services,home-repair-improvement-services,70,Lead Paint Removal,lead-paint-removal,16,Exterior Painting,Siding Painting,exterior-painting-siding-painting
Local Businesses,local-business,15,Home Repair & Improvement Services,home-repair-improvement-services,70,Lead Paint Removal,lead-paint-removal,17,Exterior Painting,Trim Painting Exterior,exterior-painting-trim-painting-exterior
Local Businesses,local-business,15,Home Repair & Improvement Services,home-repair-improvement-services,70,Lead Paint Removal,lead-paint-removal,18,Exterior Painting,Door Painting,exterior-painting-door-painting
Local Businesses,local-business,15,Home Repair & Improvement Services,home-repair-improvement-services,70,Lead Paint Removal,lead-paint-removal,19,Exterior Painting,Shutter Painting,exterior-painting-shutter-painting
Local Businesses,local-business,15,Home Repair & Improvement Services,home-repair-improvement-services,70,Lead Paint Removal,lead-paint-removal,20,Exterior Painting,Commercial Exterior,exterior-painting-commercial-exterior
Local Businesses,local-business,15,Home Repair & Improvement Services,home-repair-improvement-services,71,Lead Testing Services,lead-testing-services,1,Weight Services,Metabolic Testing,weight-services-metabolic-testing
Local Businesses,local-business,15,Home Repair & Improvement Services,home-repair-improvement-services,72,Radon Testing Services,radon-testing-services,,,,
Local Businesses,local-business,15,Home Repair & Improvement Services,home-repair-improvement-services,73,Radon Mitigation Companies,radon-mitigation-companies,1,Air Quality,Radon Mitigation,air-quality-radon-mitigation
Local Businesses,local-business,15,Home Repair & Improvement Services,home-repair-improvement-services,74,Termite Inspectors,termite-inspectors,,,,
Local Businesses,local-business,15,Home Repair & Improvement Services,home-repair-improvement-services,75,Termite Treatment Companies,termite-treatment-companies,1,Commercial Plumbing,Water Treatment,commercial-plumbing-water-treatment
Local Businesses,local-business,15,Home Repair & Improvement Services,home-repair-improvement-services,76,Bed Bug Exterminators,bed-bug-exterminators,,,,
Local Businesses,local-business,15,Home Repair & Improvement Services,home-repair-improvement-services,77,Bed Bug Heat Treatment,bed-bug-heat-treatment,1,Residential Pest,Bed Bug Treatment,residential-pest-bed-bug-treatment
Local Businesses,local-business,15,Home Repair & Improvement Services,home-repair-improvement-services,78,Cockroach Exterminators,cockroach-exterminators,,,,
Local Businesses,local-business,15,Home Repair & Improvement Services,home-repair-improvement-services,79,Ant Exterminators,ant-exterminators,,,,
Local Businesses,local-business,15,Home Repair & Improvement Services,home-repair-improvement-services,80,Spider Exterminators,spider-exterminators,,,,
Local Businesses,local-business,15,Home Repair & Improvement Services,home-repair-improvement-services,81,Bee Removal Services,bee-removal-services,1,Insulation Services,Insulation Removal,insulation-services-insulation-removal
Local Businesses,local-business,15,Home Repair & Improvement Services,home-repair-improvement-services,81,Bee Removal Services,bee-removal-services,2,Wall Services,Popcorn Ceiling Removal,wall-services-popcorn-ceiling-removal
Local Businesses,local-business,15,Home Repair & Improvement Services,home-repair-improvement-services,82,Wasp Nest Removal,wasp-nest-removal,,,,
Local Businesses,local-business,15,Home Repair & Improvement Services,home-repair-improvement-services,83,Hornet Removal,hornet-removal,,,,
Local Businesses,local-business,15,Home Repair & Improvement Services,home-repair-improvement-services,84,Yellow Jacket Removal,yellow-jacket-removal,,,,
Local Businesses,local-business,15,Home Repair & Improvement Services,home-repair-improvement-services,85,Bird Control Services,bird-control-services,,,,
Local Businesses,local-business,15,Home Repair & Improvement Services,home-repair-improvement-services,86,Bird Spike Installation,bird-spike-installation,,,,
Local Businesses,local-business,15,Home Repair & Improvement Services,home-repair-improvement-services,87,Bat Removal Services,bat-removal-services,,,,
Local Businesses,local-business,15,Home Repair & Improvement Services,home-repair-improvement-services,88,Squirrel Removal Services,squirrel-removal-services,,,,
Local Businesses,local-business,15,Home Repair & Improvement Services,home-repair-improvement-services,89,Raccoon Removal Services,raccoon-removal-services,,,,
Local Businesses,local-business,15,Home Repair & Improvement Services,home-repair-improvement-services,90,Skunk Removal Services,skunk-removal-services,,,,
Local Businesses,local-business,15,Home Repair & Improvement Services,home-repair-improvement-services,91,Possum Removal Services,possum-removal-services,,,,
Local Businesses,local-business,15,Home Repair & Improvement Services,home-repair-improvement-services,92,Snake Removal Services,snake-removal-services,,,,
Local Businesses,local-business,15,Home Repair & Improvement Services,home-repair-improvement-services,93,Wildlife Trapping Services,wildlife-trapping-services,,,,
Local Businesses,local-business,15,Home Repair & Improvement Services,home-repair-improvement-services,94,Animal Damage Repair,animal-damage-repair,1,Floor Repair,Water Damage Floor Repair,floor-repair-water-damage-floor-repair
Local Businesses,local-business,15,Home Repair & Improvement Services,home-repair-improvement-services,95,Mosquito Control Services,mosquito-control-services,,,,
Local Businesses,local-business,15,Home Repair & Improvement Services,home-repair-improvement-services,96,Tick Control Services,tick-control-services,,,,
Local Businesses,local-business,15,Home Repair & Improvement Services,home-repair-improvement-services,97,Rodent Exclusion Services,rodent-exclusion-services,,,,
Local Businesses,local-business,15,Home Repair & Improvement Services,home-repair-improvement-services,98,Mice Removal Services,mice-removal-services,,,,
Local Businesses,local-business,15,Home Repair & Improvement Services,home-repair-improvement-services,99,Rat Removal Services,rat-removal-services,,,,
Local Businesses,local-business,15,Home Repair & Improvement Services,home-repair-improvement-services,100,Gopher Control Services,gopher-control-services,,,,
Local Businesses,local-business,15,Home Repair & Improvement Services,home-repair-improvement-services,101,Mole Control Services,mole-control-services,,,,
Local Businesses,local-business,15,Home Repair & Improvement Services,home-repair-improvement-services,102,Vole Control Services,vole-control-services,,,,
Local Businesses,local-business,15,Home Repair & Improvement Services,home-repair-improvement-services,103,Window Installers,window-installers,1,Air Conditioning,Window AC Install,air-conditioning-window-ac-install
Local Businesses,local-business,15,Home Repair & Improvement Services,home-repair-improvement-services,103,Window Installers,window-installers,2,Energy Services,Window Installation,energy-services-window-installation
Local Businesses,local-business,15,Home Repair & Improvement Services,home-repair-improvement-services,104,Replacement Window Companies,replacement-window-companies,1,Maintenance,Spark Plug Replacement,maintenance-spark-plug-replacement
Local Businesses,local-business,15,Home Repair & Improvement Services,home-repair-improvement-services,104,Replacement Window Companies,replacement-window-companies,2,Maintenance,Filter Replacement,maintenance-filter-replacement
Local Businesses,local-business,15,Home Repair & Improvement Services,home-repair-improvement-services,104,Replacement Window Companies,replacement-window-companies,3,Exterior,Window Replacement,exterior-window-replacement
Local Businesses,local-business,15,Home Repair & Improvement Services,home-repair-improvement-services,104,Replacement Window Companies,replacement-window-companies,4,Exterior,Door Replacement,exterior-door-replacement
Local Businesses,local-business,15,Home Repair & Improvement Services,home-repair-improvement-services,105,Vinyl Window Installers,vinyl-window-installers,1,Floor Installation,Vinyl Flooring,floor-installation-vinyl-flooring
Local Businesses,local-business,15,Home Repair & Improvement Services,home-repair-improvement-services,106,Wood Window Installers,wood-window-installers,1,Floor Installation,Engineered Wood,floor-installation-engineered-wood
Local Businesses,local-business,15,Home Repair & Improvement Services,home-repair-improvement-services,107,Aluminum Window Installers,aluminum-window-installers,1,Welding Services,Aluminum Welding,welding-services-aluminum-welding
Local Businesses,local-business,15,Home Repair & Improvement Services,home-repair-improvement-services,108,Bay Window Installers,bay-window-installers,,,,
Local Businesses,local-business,15,Home Repair & Improvement Services,home-repair-improvement-services,109,Bow Window Installers,bow-window-installers,,,,
Local Businesses,local-business,15,Home Repair & Improvement Services,home-repair-improvement-services,110,Casement Window Installers,casement-window-installers,,,,
Local Businesses,local-business,15,Home Repair & Improvement Services,home-repair-improvement-services,111,Double-Hung Window Installers,double-hung-window-installers,,,,
Local Businesses,local-business,15,Home Repair & Improvement Services,home-repair-improvement-services,112,Egress Window Installers,egress-window-installers,,,,
Local Businesses,local-business,15,Home Repair & Improvement Services,home-repair-improvement-services,113,Skylight Installers,skylight-installers,,,,
Local Businesses,local-business,15,Home Repair & Improvement Services,home-repair-improvement-services,114,Solar Tube Installers,solar-tube-installers,1,Solar Services,Solar Panel Installation,solar-services-solar-panel-installation
Local Businesses,local-business,15,Home Repair & Improvement Services,home-repair-improvement-services,114,Solar Tube Installers,solar-tube-installers,2,Solar Services,Solar Panel Repair,solar-services-solar-panel-repair
Local Businesses,local-business,15,Home Repair & Improvement Services,home-repair-improvement-services,114,Solar Tube Installers,solar-tube-installers,3,Solar Services,Solar Battery Storage,solar-services-solar-battery-storage
Local Businesses,local-business,15,Home Repair & Improvement Services,home-repair-improvement-services,114,Solar Tube Installers,solar-tube-installers,4,Solar Services,Solar Consultation,solar-services-solar-consultation
Local Businesses,local-business,15,Home Repair & Improvement Services,home-repair-improvement-services,114,Solar Tube Installers,solar-tube-installers,5,Solar Services,Solar Financing,solar-services-solar-financing
Local Businesses,local-business,15,Home Repair & Improvement Services,home-repair-improvement-services,114,Solar Tube Installers,solar-tube-installers,6,Solar Services,Solar Monitoring,solar-services-solar-monitoring
Local Businesses,local-business,15,Home Repair & Improvement Services,home-repair-improvement-services,114,Solar Tube Installers,solar-tube-installers,7,Solar Services,Solar Panel Cleaning,solar-services-solar-panel-cleaning
Local Businesses,local-business,15,Home Repair & Improvement Services,home-repair-improvement-services,114,Solar Tube Installers,solar-tube-installers,8,Solar Services,Commercial Solar,solar-services-commercial-solar
Local Businesses,local-business,15,Home Repair & Improvement Services,home-repair-improvement-services,114,Solar Tube Installers,solar-tube-installers,9,Solar Services,Residential Solar,solar-services-residential-solar
Local Businesses,local-business,15,Home Repair & Improvement Services,home-repair-improvement-services,114,Solar Tube Installers,solar-tube-installers,10,Solar Services,Solar Pool Heating,solar-services-solar-pool-heating
Local Businesses,local-business,15,Home Repair & Improvement Services,home-repair-improvement-services,114,Solar Tube Installers,solar-tube-installers,11,Energy Services,Home Energy Audit,energy-services-home-energy-audit
Local Businesses,local-business,15,Home Repair & Improvement Services,home-repair-improvement-services,114,Solar Tube Installers,solar-tube-installers,12,Energy Services,Insulation Installation,energy-services-insulation-installation
Local Businesses,local-business,15,Home Repair & Improvement Services,home-repair-improvement-services,114,Solar Tube Installers,solar-tube-installers,13,Energy Services,Weatherization,energy-services-weatherization
Local Businesses,local-business,15,Home Repair & Improvement Services,home-repair-improvement-services,114,Solar Tube Installers,solar-tube-installers,14,Energy Services,Smart Home Installation,energy-services-smart-home-installation
Local Businesses,local-business,15,Home Repair & Improvement Services,home-repair-improvement-services,114,Solar Tube Installers,solar-tube-installers,15,Energy Services,EV Charger Installation,energy-services-ev-charger-installation
Local Businesses,local-business,15,Home Repair & Improvement Services,home-repair-improvement-services,114,Solar Tube Installers,solar-tube-installers,16,Energy Services,Generator Installation,energy-services-generator-installation
Local Businesses,local-business,15,Home Repair & Improvement Services,home-repair-improvement-services,114,Solar Tube Installers,solar-tube-installers,17,Energy Services,Electrical Panel Upgrade,energy-services-electrical-panel-upgrade
Local Businesses,local-business,15,Home Repair & Improvement Services,home-repair-improvement-services,114,Solar Tube Installers,solar-tube-installers,18,Energy Services,Energy Monitoring,energy-services-energy-monitoring
Local Businesses,local-business,15,Home Repair & Improvement Services,home-repair-improvement-services,115,Window Tinting for Homes,window-tinting-for-homes,1,Collision Repair,Window Tinting,collision-repair-window-tinting
Local Businesses,local-business,15,Home Repair & Improvement Services,home-repair-improvement-services,116,Residential Window Tinting,residential-window-tinting,1,Residential Electrical,Outlet Installation,residential-electrical-outlet-installation
Local Businesses,local-business,15,Home Repair & Improvement Services,home-repair-improvement-services,116,Residential Window Tinting,residential-window-tinting,2,Residential Electrical,Circuit Breaker Repair,residential-electrical-circuit-breaker-repair
Local Businesses,local-business,15,Home Repair & Improvement Services,home-repair-improvement-services,116,Residential Window Tinting,residential-window-tinting,3,Residential Electrical,Electrical Panel Upgrade,residential-electrical-electrical-panel-upgrade
Local Businesses,local-business,15,Home Repair & Improvement Services,home-repair-improvement-services,116,Residential Window Tinting,residential-window-tinting,4,Residential Electrical,Ceiling Fan Installation,residential-electrical-ceiling-fan-installation
Local Businesses,local-business,15,Home Repair & Improvement Services,home-repair-improvement-services,116,Residential Window Tinting,residential-window-tinting,5,Residential Electrical,Smoke Detector Install,residential-electrical-smoke-detector-install
Local Businesses,local-business,15,Home Repair & Improvement Services,home-repair-improvement-services,116,Residential Window Tinting,residential-window-tinting,6,Residential Electrical,Home Rewiring,residential-electrical-home-rewiring
Local Businesses,local-business,15,Home Repair & Improvement Services,home-repair-improvement-services,116,Residential Window Tinting,residential-window-tinting,7,Residential Electrical,Generator Installation,residential-electrical-generator-installation
Local Businesses,local-business,15,Home Repair & Improvement Services,home-repair-improvement-services,116,Residential Window Tinting,residential-window-tinting,8,Residential Electrical,EV Charger Install,residential-electrical-ev-charger-install
Local Businesses,local-business,15,Home Repair & Improvement Services,home-repair-improvement-services,116,Residential Window Tinting,residential-window-tinting,9,Residential Electrical,Smart Home Wiring,residential-electrical-smart-home-wiring
Local Businesses,local-business,15,Home Repair & Improvement Services,home-repair-improvement-services,116,Residential Window Tinting,residential-window-tinting,10,Residential Moving,Local Moving,residential-moving-local-moving
Local Businesses,local-business,15,Home Repair & Improvement Services,home-repair-improvement-services,116,Residential Window Tinting,residential-window-tinting,11,Residential Moving,Long Distance Moving,residential-moving-long-distance-moving
Local Businesses,local-business,15,Home Repair & Improvement Services,home-repair-improvement-services,116,Residential Window Tinting,residential-window-tinting,12,Residential Moving,Interstate Moving,residential-moving-interstate-moving
Local Businesses,local-business,15,Home Repair & Improvement Services,home-repair-improvement-services,116,Residential Window Tinting,residential-window-tinting,13,Residential Moving,International Moving,residential-moving-international-moving
Local Businesses,local-business,15,Home Repair & Improvement Services,home-repair-improvement-services,116,Residential Window Tinting,residential-window-tinting,14,Residential Moving,Senior Moving,residential-moving-senior-moving
Local Businesses,local-business,15,Home Repair & Improvement Services,home-repair-improvement-services,116,Residential Window Tinting,residential-window-tinting,15,Residential Moving,Student Moving,residential-moving-student-moving
Local Businesses,local-business,15,Home Repair & Improvement Services,home-repair-improvement-services,116,Residential Window Tinting,residential-window-tinting,16,Residential Moving,Military Moving,residential-moving-military-moving
Local Businesses,local-business,15,Home Repair & Improvement Services,home-repair-improvement-services,116,Residential Window Tinting,residential-window-tinting,17,Residential Moving,Same-Day Moving,residential-moving-same-day-moving
Local Businesses,local-business,15,Home Repair & Improvement Services,home-repair-improvement-services,116,Residential Window Tinting,residential-window-tinting,18,Residential Moving,Furniture Moving,residential-moving-furniture-moving
Local Businesses,local-business,15,Home Repair & Improvement Services,home-repair-improvement-services,116,Residential Window Tinting,residential-window-tinting,19,Residential Moving,Piano Moving,residential-moving-piano-moving
Local Businesses,local-business,15,Home Repair & Improvement Services,home-repair-improvement-services,116,Residential Window Tinting,residential-window-tinting,20,Residential Plumbing,Emergency Plumber,residential-plumbing-emergency-plumber
Local Businesses,local-business,15,Home Repair & Improvement Services,home-repair-improvement-services,116,Residential Window Tinting,residential-window-tinting,21,Residential Plumbing,Drain Cleaning,residential-plumbing-drain-cleaning
Local Businesses,local-business,15,Home Repair & Improvement Services,home-repair-improvement-services,116,Residential Window Tinting,residential-window-tinting,22,Residential Plumbing,Pipe Repair,residential-plumbing-pipe-repair
Local Businesses,local-business,15,Home Repair & Improvement Services,home-repair-improvement-services,116,Residential Window Tinting,residential-window-tinting,23,Residential Plumbing,Water Heater Install,residential-plumbing-water-heater-install
Local Businesses,local-business,15,Home Repair & Improvement Services,home-repair-improvement-services,116,Residential Window Tinting,residential-window-tinting,24,Residential Plumbing,Toilet Repair,residential-plumbing-toilet-repair
Local Businesses,local-business,15,Home Repair & Improvement Services,home-repair-improvement-services,116,Residential Window Tinting,residential-window-tinting,25,Residential Plumbing,Faucet Install,residential-plumbing-faucet-install
Local Businesses,local-business,15,Home Repair & Improvement Services,home-repair-improvement-services,116,Residential Window Tinting,residential-window-tinting,26,Residential Plumbing,Garbage Disposal,residential-plumbing-garbage-disposal
Local Businesses,local-business,15,Home Repair & Improvement Services,home-repair-improvement-services,116,Residential Window Tinting,residential-window-tinting,27,Residential Plumbing,Water Line Repair,residential-plumbing-water-line-repair
Local Businesses,local-business,15,Home Repair & Improvement Services,home-repair-improvement-services,116,Residential Window Tinting,residential-window-tinting,28,Residential Plumbing,Gas Line Repair,residential-plumbing-gas-line-repair
Local Businesses,local-business,15,Home Repair & Improvement Services,home-repair-improvement-services,117,Storm Window Installers,storm-window-installers,,,,
Local Businesses,local-business,15,Home Repair & Improvement Services,home-repair-improvement-services,118,Hurricane Shutter Installers,hurricane-shutter-installers,,,,
Local Businesses,local-business,15,Home Repair & Improvement Services,home-repair-improvement-services,119,Window Screen Repair,window-screen-repair,1,General Handyman,Window Repair,general-handyman-window-repair
Local Businesses,local-business,15,Home Repair & Improvement Services,home-repair-improvement-services,120,Window Cleaning Services,window-cleaning-services,1,Residential Cleaning,Spring Cleaning,residential-cleaning-spring-cleaning
Local Businesses,local-business,15,Home Repair & Improvement Services,home-repair-improvement-services,120,Window Cleaning Services,window-cleaning-services,2,Residential Cleaning,Holiday Cleaning,residential-cleaning-holiday-cleaning
Local Businesses,local-business,15,Home Repair & Improvement Services,home-repair-improvement-services,120,Window Cleaning Services,window-cleaning-services,3,Residential Cleaning,Mansion Cleaning,residential-cleaning-mansion-cleaning
Local Businesses,local-business,15,Home Repair & Improvement Services,home-repair-improvement-services,120,Window Cleaning Services,window-cleaning-services,4,Specialized Cleaning,Window Cleaning,specialized-cleaning-window-cleaning
Local Businesses,local-business,15,Home Repair & Improvement Services,home-repair-improvement-services,120,Window Cleaning Services,window-cleaning-services,5,Specialized Cleaning,Pool Cleaning,specialized-cleaning-pool-cleaning
Local Businesses,local-business,15,Home Repair & Improvement Services,home-repair-improvement-services,120,Window Cleaning Services,window-cleaning-services,6,Specialized Cleaning,Chimney Cleaning,specialized-cleaning-chimney-cleaning
Local Businesses,local-business,15,Home Repair & Improvement Services,home-repair-improvement-services,120,Window Cleaning Services,window-cleaning-services,7,Commercial Cleaning,Office Cleaning,commercial-cleaning-office-cleaning
Local Businesses,local-business,15,Home Repair & Improvement Services,home-repair-improvement-services,120,Window Cleaning Services,window-cleaning-services,8,Commercial Cleaning,Janitorial Services,commercial-cleaning-janitorial-services
Local Businesses,local-business,15,Home Repair & Improvement Services,home-repair-improvement-services,120,Window Cleaning Services,window-cleaning-services,9,Commercial Cleaning,Medical Facility Cleaning,commercial-cleaning-medical-facility-cleaning
Local Businesses,local-business,15,Home Repair & Improvement Services,home-repair-improvement-services,120,Window Cleaning Services,window-cleaning-services,10,Commercial Cleaning,Industrial Cleaning,commercial-cleaning-industrial-cleaning
Local Businesses,local-business,15,Home Repair & Improvement Services,home-repair-improvement-services,120,Window Cleaning Services,window-cleaning-services,11,Commercial Cleaning,Restaurant Cleaning,commercial-cleaning-restaurant-cleaning
Local Businesses,local-business,15,Home Repair & Improvement Services,home-repair-improvement-services,120,Window Cleaning Services,window-cleaning-services,12,Commercial Cleaning,Retail Cleaning,commercial-cleaning-retail-cleaning
Local Businesses,local-business,15,Home Repair & Improvement Services,home-repair-improvement-services,120,Window Cleaning Services,window-cleaning-services,13,Commercial Cleaning,School Cleaning,commercial-cleaning-school-cleaning
Local Businesses,local-business,15,Home Repair & Improvement Services,home-repair-improvement-services,120,Window Cleaning Services,window-cleaning-services,14,Commercial Cleaning,Gym Cleaning,commercial-cleaning-gym-cleaning
Local Businesses,local-business,15,Home Repair & Improvement Services,home-repair-improvement-services,120,Window Cleaning Services,window-cleaning-services,15,Commercial Cleaning,Church Cleaning,commercial-cleaning-church-cleaning
Local Businesses,local-business,15,Home Repair & Improvement Services,home-repair-improvement-services,121,Pressure Washing Services,pressure-washing-services,1,Specialized Cleaning,Pressure Washing,specialized-cleaning-pressure-washing
Local Businesses,local-business,15,Home Repair & Improvement Services,home-repair-improvement-services,122,Soft Washing Services,soft-washing-services,,,,
Local Businesses,local-business,15,Home Repair & Improvement Services,home-repair-improvement-services,123,House Washing Services,house-washing-services,,,,
Local Businesses,local-business,15,Home Repair & Improvement Services,home-repair-improvement-services,124,Roof Cleaning Services,roof-cleaning-services,1,Roof Services,Roof Repair,roof-services-roof-repair
Local Businesses,local-business,15,Home Repair & Improvement Services,home-repair-improvement-services,124,Roof Cleaning Services,roof-cleaning-services,2,Roof Services,Roof Replacement,roof-services-roof-replacement
Local Businesses,local-business,15,Home Repair & Improvement Services,home-repair-improvement-services,124,Roof Cleaning Services,roof-cleaning-services,3,Roof Services,Emergency Roof Repair,roof-services-emergency-roof-repair
Local Businesses,local-business,15,Home Repair & Improvement Services,home-repair-improvement-services,124,Roof Cleaning Services,roof-cleaning-services,4,Gutter & Related,Roof Ventilation,gutter-related-roof-ventilation
Local Businesses,local-business,15,Home Repair & Improvement Services,home-repair-improvement-services,125,Driveway Cleaning Services,driveway-cleaning-services,,,,
Local Businesses,local-business,15,Home Repair & Improvement Services,home-repair-improvement-services,126,Deck Cleaning Services,deck-cleaning-services,1,Carpentry Services,Deck Repair,carpentry-services-deck-repair
Local Businesses,local-business,15,Home Repair & Improvement Services,home-repair-improvement-services,127,Fence Cleaning Services,fence-cleaning-services,1,Fence Services,Wood Fence,fence-services-wood-fence
Local Businesses,local-business,15,Home Repair & Improvement Services,home-repair-improvement-services,127,Fence Cleaning Services,fence-cleaning-services,2,Fence Services,Vinyl Fence,fence-services-vinyl-fence
Local Businesses,local-business,15,Home Repair & Improvement Services,home-repair-improvement-services,127,Fence Cleaning Services,fence-cleaning-services,3,Fence Services,Chain Link Fence,fence-services-chain-link-fence
Local Businesses,local-business,15,Home Repair & Improvement Services,home-repair-improvement-services,127,Fence Cleaning Services,fence-cleaning-services,4,Fence Services,Iron Fence,fence-services-iron-fence
Local Businesses,local-business,15,Home Repair & Improvement Services,home-repair-improvement-services,127,Fence Cleaning Services,fence-cleaning-services,5,Fence Services,Aluminum Fence,fence-services-aluminum-fence
Local Businesses,local-business,15,Home Repair & Improvement Services,home-repair-improvement-services,127,Fence Cleaning Services,fence-cleaning-services,6,Fence Services,Privacy Fence,fence-services-privacy-fence
Local Businesses,local-business,15,Home Repair & Improvement Services,home-repair-improvement-services,127,Fence Cleaning Services,fence-cleaning-services,7,Fence Services,Pool Fence Installation,fence-services-pool-fence-installation
Local Businesses,local-business,15,Home Repair & Improvement Services,home-repair-improvement-services,127,Fence Cleaning Services,fence-cleaning-services,8,Fence Services,Farm Fence,fence-services-farm-fence
Local Businesses,local-business,15,Home Repair & Improvement Services,home-repair-improvement-services,127,Fence Cleaning Services,fence-cleaning-services,9,Fence Services,Commercial Fencing,fence-services-commercial-fencing
Local Businesses,local-business,15,Home Repair & Improvement Services,home-repair-improvement-services,127,Fence Cleaning Services,fence-cleaning-services,10,Fence Services,Gate Installation,fence-services-gate-installation
Local Businesses,local-business,15,Home Repair & Improvement Services,home-repair-improvement-services,128,Graffiti Removal Services,graffiti-removal-services,,,,
Local Businesses,local-business,15,Home Repair & Improvement Services,home-repair-improvement-services,129,Gutter Cleaning Services,gutter-cleaning-services,1,Specialized Cleaning,Gutter Cleaning,specialized-cleaning-gutter-cleaning
Local Businesses,local-business,15,Home Repair & Improvement Services,home-repair-improvement-services,129,Gutter Cleaning Services,gutter-cleaning-services,2,Gutter & Related,Attic Insulation,gutter-related-attic-insulation
Local Businesses,local-business,15,Home Repair & Improvement Services,home-repair-improvement-services,130,Gutter Installation,gutter-installation,1,Gutter & Related,Gutter Installation,gutter-related-gutter-installation
Local Businesses,local-business,15,Home Repair & Improvement Services,home-repair-improvement-services,130,Gutter Installation,gutter-installation,2,Gutter & Related,Skylight Installation,gutter-related-skylight-installation
Local Businesses,local-business,15,Home Repair & Improvement Services,home-repair-improvement-services,131,Gutter Guard Installers,gutter-guard-installers,1,Gutter & Related,Gutter Guard Install,gutter-related-gutter-guard-install
Local Businesses,local-business,15,Home Repair & Improvement Services,home-repair-improvement-services,132,Seamless Gutter Installers,seamless-gutter-installers,,,,
Local Businesses,local-business,15,Home Repair & Improvement Services,home-repair-improvement-services,133,Gutter Repair Services,gutter-repair-services,1,Gutter & Related,Gutter Repair,gutter-related-gutter-repair
Local Businesses,local-business,15,Home Repair & Improvement Services,home-repair-improvement-services,133,Gutter Repair Services,gutter-repair-services,2,Gutter & Related,Downspout Repair,gutter-related-downspout-repair
Local Businesses,local-business,15,Home Repair & Improvement Services,home-repair-improvement-services,133,Gutter Repair Services,gutter-repair-services,3,Gutter & Related,Fascia Board Repair,gutter-related-fascia-board-repair
Local Businesses,local-business,15,Home Repair & Improvement Services,home-repair-improvement-services,133,Gutter Repair Services,gutter-repair-services,4,Gutter & Related,Soffit Repair,gutter-related-soffit-repair
Local Businesses,local-business,15,Home Repair & Improvement Services,home-repair-improvement-services,134,Downspout Repair Services,downspout-repair-services,,,,
Local Businesses,local-business,15,Home Repair & Improvement Services,home-repair-improvement-services,135,Roof Inspection Services,roof-inspection-services,1,Roof Services,Roof Inspection,roof-services-roof-inspection
Local Businesses,local-business,15,Home Repair & Improvement Services,home-repair-improvement-services,136,Roof Repair Companies,roof-repair-companies,,,,
Local Businesses,local-business,15,Home Repair & Improvement Services,home-repair-improvement-services,137,Asphalt Shingle Roofers,asphalt-shingle-roofers,1,Roof Services,Shingle Roofing,roof-services-shingle-roofing
Local Businesses,local-business,15,Home Repair & Improvement Services,home-repair-improvement-services,138,Metal Roofers,metal-roofers,1,Roof Services,Metal Roofing,roof-services-metal-roofing
Local Businesses,local-business,15,Home Repair & Improvement Services,home-repair-improvement-services,138,Metal Roofers,metal-roofers,2,Welding Services,Metal Fabrication,welding-services-metal-fabrication
Local Businesses,local-business,15,Home Repair & Improvement Services,home-repair-improvement-services,139,Tile Roofers,tile-roofers,1,Roof Services,Tile Roofing,roof-services-tile-roofing
Local Businesses,local-business,15,Home Repair & Improvement Services,home-repair-improvement-services,140,Slate Roofers,slate-roofers,1,Roof Services,Slate Roofing,roof-services-slate-roofing
Local Businesses,local-business,15,Home Repair & Improvement Services,home-repair-improvement-services,141,Wood Shake Roofers,wood-shake-roofers,,,,
Local Businesses,local-business,15,Home Repair & Improvement Services,home-repair-improvement-services,142,Cedar Shake Roofers,cedar-shake-roofers,,,,
Local Businesses,local-business,15,Home Repair & Improvement Services,home-repair-improvement-services,143,Flat Roof Specialists,flat-roof-specialists,1,Roof Services,Flat Roof Repair,roof-services-flat-roof-repair
Local Businesses,local-business,15,Home Repair & Improvement Services,home-repair-improvement-services,144,TPO Roofers,tpo-roofers,,,,
Local Businesses,local-business,15,Home Repair & Improvement Services,home-repair-improvement-services,145,EPDM Roofers,epdm-roofers,,,,
Local Businesses,local-business,15,Home Repair & Improvement Services,home-repair-improvement-services,146,Modified Bitumen Roofers,modified-bitumen-roofers,,,,
Local Businesses,local-business,15,Home Repair & Improvement Services,home-repair-improvement-services,147,Cool Roof Installers,cool-roof-installers,1,Roof Services,New Roof Installation,roof-services-new-roof-installation
Local Businesses,local-business,15,Home Repair & Improvement Services,home-repair-improvement-services,148,Solar Roof Installers,solar-roof-installers,,,,
Local Businesses,local-business,15,Home Repair & Improvement Services,home-repair-improvement-services,149,Roof Coating Companies,roof-coating-companies,,,,
Local Businesses,local-business,15,Home Repair & Improvement Services,home-repair-improvement-services,150,Roof Sealing Services,roof-sealing-services,,,,
Local Businesses,local-business,15,Home Repair & Improvement Services,home-repair-improvement-services,151,Skylight Repair Services,skylight-repair-services,,,,
Local Businesses,local-business,15,Home Repair & Improvement Services,home-repair-improvement-services,152,Chimney Sweeps,chimney-sweeps,,,,
Local Businesses,local-business,15,Home Repair & Improvement Services,home-repair-improvement-services,153,Chimney Repair Services,chimney-repair-services,1,Heating,Chimney Repair,heating-chimney-repair
Local Businesses,local-business,15,Home Repair & Improvement Services,home-repair-improvement-services,153,Chimney Repair Services,chimney-repair-services,2,Masonry Services,Chimney Repair Masonry,masonry-services-chimney-repair-masonry
Local Businesses,local-business,15,Home Repair & Improvement Services,home-repair-improvement-services,154,Chimney Cap Installers,chimney-cap-installers,,,,
Local Businesses,local-business,15,Home Repair & Improvement Services,home-repair-improvement-services,155,Chimney Liner Installers,chimney-liner-installers,,,,
Local Businesses,local-business,15,Home Repair & Improvement Services,home-repair-improvement-services,156,Fireplace Installers,fireplace-installers,1,Heating,Fireplace Installation,heating-fireplace-installation
Local Businesses,local-business,15,Home Repair & Improvement Services,home-repair-improvement-services,157,Wood Stove Installers,wood-stove-installers,,,,
Local Businesses,local-business,15,Home Repair & Improvement Services,home-repair-improvement-services,158,Pellet Stove Installers,pellet-stove-installers,,,,
Local Businesses,local-business,15,Home Repair & Improvement Services,home-repair-improvement-services,159,Gas Fireplace Installers,gas-fireplace-installers,,,,
Local Businesses,local-business,15,Home Repair & Improvement Services,home-repair-improvement-services,160,Electric Fireplace Installers,electric-fireplace-installers,1,Electric Vehicle,EV Charging Station,electric-vehicle-ev-charging-station
Local Businesses,local-business,15,Home Repair & Improvement Services,home-repair-improvement-services,160,Electric Fireplace Installers,electric-fireplace-installers,2,Electric Vehicle,EV Conversion,electric-vehicle-ev-conversion
Local Businesses,local-business,15,Home Repair & Improvement Services,home-repair-improvement-services,160,Electric Fireplace Installers,electric-fireplace-installers,3,Electric Vehicle,EV Detailing,electric-vehicle-ev-detailing
Local Businesses,local-business,15,Home Repair & Improvement Services,home-repair-improvement-services,160,Electric Fireplace Installers,electric-fireplace-installers,4,Electric Vehicle,EV Accessory Shop,electric-vehicle-ev-accessory-shop
Local Businesses,local-business,15,Home Repair & Improvement Services,home-repair-improvement-services,160,Electric Fireplace Installers,electric-fireplace-installers,5,Electric Vehicle,EV Charging Installation,electric-vehicle-ev-charging-installation
Local Businesses,local-business,15,Home Repair & Improvement Services,home-repair-improvement-services,161,Outdoor Lighting Installers,outdoor-lighting-installers,1,Commercial Electrical,Parking Lot Lighting,commercial-electrical-parking-lot-lighting
Local Businesses,local-business,15,Home Repair & Improvement Services,home-repair-improvement-services,161,Outdoor Lighting Installers,outdoor-lighting-installers,2,Commercial Electrical,Emergency Lighting,commercial-electrical-emergency-lighting
Local Businesses,local-business,15,Home Repair & Improvement Services,home-repair-improvement-services,162,Landscape Lighting Designers,landscape-lighting-designers,,,,
Local Businesses,local-business,15,Home Repair & Improvement Services,home-repair-improvement-services,163,Path Lighting Installers,path-lighting-installers,,,,
Local Businesses,local-business,15,Home Repair & Improvement Services,home-repair-improvement-services,164,Security Lighting Installers,security-lighting-installers,1,Commercial Electrical,Security Lighting,commercial-electrical-security-lighting
Local Businesses,local-business,15,Home Repair & Improvement Services,home-repair-improvement-services,164,Security Lighting Installers,security-lighting-installers,2,Smart Home,Security Camera Install,smart-home-security-camera-install
Local Businesses,local-business,15,Home Repair & Improvement Services,home-repair-improvement-services,164,Security Lighting Installers,security-lighting-installers,3,Home Security,Security System Install,home-security-security-system-install
Local Businesses,local-business,15,Home Repair & Improvement Services,home-repair-improvement-services,164,Security Lighting Installers,security-lighting-installers,4,Home Security,Camera Installation,home-security-camera-installation
Local Businesses,local-business,15,Home Repair & Improvement Services,home-repair-improvement-services,164,Security Lighting Installers,security-lighting-installers,5,Home Security,Alarm System,home-security-alarm-system
Local Businesses,local-business,15,Home Repair & Improvement Services,home-repair-improvement-services,164,Security Lighting Installers,security-lighting-installers,6,Home Security,Smart Lock Install,home-security-smart-lock-install
Local Businesses,local-business,15,Home Repair & Improvement Services,home-repair-improvement-services,164,Security Lighting Installers,security-lighting-installers,7,Home Security,Video Doorbell,home-security-video-doorbell
Local Businesses,local-business,15,Home Repair & Improvement Services,home-repair-improvement-services,164,Security Lighting Installers,security-lighting-installers,8,Home Security,Motion Sensor Install,home-security-motion-sensor-install
Local Businesses,local-business,15,Home Repair & Improvement Services,home-repair-improvement-services,164,Security Lighting Installers,security-lighting-installers,9,Home Security,Safe Installation,home-security-safe-installation
Local Businesses,local-business,15,Home Repair & Improvement Services,home-repair-improvement-services,164,Security Lighting Installers,security-lighting-installers,10,Home Security,Security Lighting,home-security-security-lighting
Local Businesses,local-business,15,Home Repair & Improvement Services,home-repair-improvement-services,164,Security Lighting Installers,security-lighting-installers,11,Home Security,Gate Installation,home-security-gate-installation
Local Businesses,local-business,15,Home Repair & Improvement Services,home-repair-improvement-services,164,Security Lighting Installers,security-lighting-installers,12,Home Security,Intercom System,home-security-intercom-system
Local Businesses,local-business,15,Home Repair & Improvement Services,home-repair-improvement-services,165,Holiday Light Installers,holiday-light-installers,1,Residential Electrical,Light Fixture Install,residential-electrical-light-fixture-install
Local Businesses,local-business,15,Home Repair & Improvement Services,home-repair-improvement-services,166,Christmas Light Installers,christmas-light-installers,,,,
Local Businesses,local-business,15,Home Repair & Improvement Services,home-repair-improvement-services,167,Halloween Light Installers,halloween-light-installers,,,,
Local Businesses,local-business,15,Home Repair & Improvement Services,home-repair-improvement-services,168,Permanent Holiday Light Installers,permanent-holiday-light-installers,,,,
Local Businesses,local-business,15,Home Repair & Improvement Services,home-repair-improvement-services,169,Tree Service Companies,tree-service-companies,1,Tree Services,Tree Health Assessment,tree-services-tree-health-assessment
Local Businesses,local-business,15,Home Repair & Improvement Services,home-repair-improvement-services,169,Tree Service Companies,tree-service-companies,2,Tree Services,Arborist Services,tree-services-arborist-services
Local Businesses,local-business,15,Home Repair & Improvement Services,home-repair-improvement-services,169,Tree Service Companies,tree-service-companies,3,Tree Services,Land Clearing,tree-services-land-clearing
Local Businesses,local-business,15,Home Repair & Improvement Services,home-repair-improvement-services,170,Tree Removal Services,tree-removal-services,1,Tree Services,Tree Removal,tree-services-tree-removal
Local Businesses,local-business,15,Home Repair & Improvement Services,home-repair-improvement-services,171,Tree Trimming Services,tree-trimming-services,1,Tree Services,Tree Trimming,tree-services-tree-trimming
Local Businesses,local-business,15,Home Repair & Improvement Services,home-repair-improvement-services,171,Tree Trimming Services,tree-trimming-services,2,Tree Services,Palm Tree Trimming,tree-services-palm-tree-trimming
Local Businesses,local-business,15,Home Repair & Improvement Services,home-repair-improvement-services,171,Tree Trimming Services,tree-trimming-services,3,Tree Services,Hedge Trimming,tree-services-hedge-trimming
Local Businesses,local-business,15,Home Repair & Improvement Services,home-repair-improvement-services,172,Stump Grinding Services,stump-grinding-services,1,Tree Services,Stump Grinding,tree-services-stump-grinding
Local Businesses,local-business,15,Home Repair & Improvement Services,home-repair-improvement-services,173,Stump Removal Services,stump-removal-services,,,,
Local Businesses,local-business,15,Home Repair & Improvement Services,home-repair-improvement-services,174,Arborist Services,arborist-services,,,,
Local Businesses,local-business,15,Home Repair & Improvement Services,home-repair-improvement-services,175,Certified Arborists,certified-arborists,,,,
Local Businesses,local-business,15,Home Repair & Improvement Services,home-repair-improvement-services,176,Tree Disease Treatment,tree-disease-treatment,,,,
Local Businesses,local-business,15,Home Repair & Improvement Services,home-repair-improvement-services,177,Emergency Tree Service,emergency-tree-service,1,Emergency Services,Flatbed Towing,emergency-services-flatbed-towing
Local Businesses,local-business,15,Home Repair & Improvement Services,home-repair-improvement-services,177,Emergency Tree Service,emergency-tree-service,2,Emergency Services,Motorcycle Towing,emergency-services-motorcycle-towing
Local Businesses,local-business,15,Home Repair & Improvement Services,home-repair-improvement-services,177,Emergency Tree Service,emergency-tree-service,3,Emergency Services,Lockout Service,emergency-services-lockout-service
Local Businesses,local-business,15,Home Repair & Improvement Services,home-repair-improvement-services,177,Emergency Tree Service,emergency-tree-service,4,Emergency Services,Fuel Delivery,emergency-services-fuel-delivery
Local Businesses,local-business,15,Home Repair & Improvement Services,home-repair-improvement-services,177,Emergency Tree Service,emergency-tree-service,5,Emergency Services,Winch Out,emergency-services-winch-out
Local Businesses,local-business,15,Home Repair & Improvement Services,home-repair-improvement-services,177,Emergency Tree Service,emergency-tree-service,6,Emergency Services,Accident Recovery,emergency-services-accident-recovery
Local Businesses,local-business,15,Home Repair & Improvement Services,home-repair-improvement-services,177,Emergency Tree Service,emergency-tree-service,7,Tree Services,Emergency Tree Service,tree-services-emergency-tree-service
Local Businesses,local-business,15,Home Repair & Improvement Services,home-repair-improvement-services,178,Storm Damage Tree Removal,storm-damage-tree-removal,1,Restoration Services,Storm Damage,restoration-services-storm-damage
Local Businesses,local-business,15,Home Repair & Improvement Services,home-repair-improvement-services,178,Storm Damage Tree Removal,storm-damage-tree-removal,2,Restoration Services,Asbestos Removal,restoration-services-asbestos-removal
Local Businesses,local-business,15,Home Repair & Improvement Services,home-repair-improvement-services,179,Tree Cabling Services,tree-cabling-services,,,,
Local Businesses,local-business,15,Home Repair & Improvement Services,home-repair-improvement-services,180,Tree Bracing Services,tree-bracing-services,,,,
Local Businesses,local-business,15,Home Repair & Improvement Services,home-repair-improvement-services,181,Lawn Care Services,lawn-care-services,1,Elderly Services,Memory Care,elderly-services-memory-care
Local Businesses,local-business,15,Home Repair & Improvement Services,home-repair-improvement-services,181,Lawn Care Services,lawn-care-services,2,Elderly Services,Geriatric Care Manager,elderly-services-geriatric-care-manager
Local Businesses,local-business,15,Home Repair & Improvement Services,home-repair-improvement-services,181,Lawn Care Services,lawn-care-services,3,Lawn Care,Lawn Mowing,lawn-care-lawn-mowing
Local Businesses,local-business,15,Home Repair & Improvement Services,home-repair-improvement-services,181,Lawn Care Services,lawn-care-services,4,Lawn Care,Fertilization,lawn-care-fertilization
Local Businesses,local-business,15,Home Repair & Improvement Services,home-repair-improvement-services,181,Lawn Care Services,lawn-care-services,5,Lawn Care,Weed Control,lawn-care-weed-control
Local Businesses,local-business,15,Home Repair & Improvement Services,home-repair-improvement-services,181,Lawn Care Services,lawn-care-services,6,Lawn Care,Aeration & Seeding,lawn-care-aeration-seeding
Local Businesses,local-business,15,Home Repair & Improvement Services,home-repair-improvement-services,181,Lawn Care Services,lawn-care-services,7,Lawn Care,Sod Installation,lawn-care-sod-installation
Local Businesses,local-business,15,Home Repair & Improvement Services,home-repair-improvement-services,181,Lawn Care Services,lawn-care-services,8,Lawn Care,Irrigation Install,lawn-care-irrigation-install
Local Businesses,local-business,15,Home Repair & Improvement Services,home-repair-improvement-services,181,Lawn Care Services,lawn-care-services,9,Lawn Care,Sprinkler Repair,lawn-care-sprinkler-repair
Local Businesses,local-business,15,Home Repair & Improvement Services,home-repair-improvement-services,181,Lawn Care Services,lawn-care-services,10,Lawn Care,Leaf Removal,lawn-care-leaf-removal
Local Businesses,local-business,15,Home Repair & Improvement Services,home-repair-improvement-services,181,Lawn Care Services,lawn-care-services,11,Lawn Care,Snow Removal,lawn-care-snow-removal
Local Businesses,local-business,15,Home Repair & Improvement Services,home-repair-improvement-services,182,Lawn Mowing Services,lawn-mowing-services,,,,
Local Businesses,local-business,15,Home Repair & Improvement Services,home-repair-improvement-services,183,Lawn Edging Services,lawn-edging-services,,,,
Local Businesses,local-business,15,Home Repair & Improvement Services,home-repair-improvement-services,184,Lawn Aeration Services,lawn-aeration-services,,,,
Local Businesses,local-business,15,Home Repair & Improvement Services,home-repair-improvement-services,185,Lawn Dethatching Services,lawn-dethatching-services,,,,
Local Businesses,local-business,15,Home Repair & Improvement Services,home-repair-improvement-services,186,Lawn Overseeding Services,lawn-overseeding-services,,,,
Local Businesses,local-business,15,Home Repair & Improvement Services,home-repair-improvement-services,187,Lawn Fertilization Services,lawn-fertilization-services,,,,
Local Businesses,local-business,15,Home Repair & Improvement Services,home-repair-improvement-services,188,Weed Control Services,weed-control-services,,,,
Local Businesses,local-business,15,Home Repair & Improvement Services,home-repair-improvement-services,189,Crabgrass Treatment,crabgrass-treatment,,,,
Local Businesses,local-business,15,Home Repair & Improvement Services,home-repair-improvement-services,190,Lawn Disease Treatment,lawn-disease-treatment,,,,
Local Businesses,local-business,15,Home Repair & Improvement Services,home-repair-improvement-services,191,Lawn Pest Control,lawn-pest-control,1,Lawn Care,Lawn Pest Control,lawn-care-lawn-pest-control
Local Businesses,local-business,15,Home Repair & Improvement Services,home-repair-improvement-services,191,Lawn Pest Control,lawn-pest-control,2,Residential Pest,Ant Control,residential-pest-ant-control
Local Businesses,local-business,15,Home Repair & Improvement Services,home-repair-improvement-services,191,Lawn Pest Control,lawn-pest-control,3,Residential Pest,Termite Treatment,residential-pest-termite-treatment
Local Businesses,local-business,15,Home Repair & Improvement Services,home-repair-improvement-services,191,Lawn Pest Control,lawn-pest-control,4,Residential Pest,Rodent Control,residential-pest-rodent-control
Local Businesses,local-business,15,Home Repair & Improvement Services,home-repair-improvement-services,191,Lawn Pest Control,lawn-pest-control,5,Residential Pest,Cockroach Control,residential-pest-cockroach-control
Local Businesses,local-business,15,Home Repair & Improvement Services,home-repair-improvement-services,191,Lawn Pest Control,lawn-pest-control,6,Residential Pest,Mosquito Control,residential-pest-mosquito-control
Local Businesses,local-business,15,Home Repair & Improvement Services,home-repair-improvement-services,191,Lawn Pest Control,lawn-pest-control,7,Residential Pest,Spider Control,residential-pest-spider-control
Local Businesses,local-business,15,Home Repair & Improvement Services,home-repair-improvement-services,191,Lawn Pest Control,lawn-pest-control,8,Residential Pest,Wasp & Bee Removal,residential-pest-wasp-bee-removal
Local Businesses,local-business,15,Home Repair & Improvement Services,home-repair-improvement-services,191,Lawn Pest Control,lawn-pest-control,9,Residential Pest,Flea Treatment,residential-pest-flea-treatment
Local Businesses,local-business,15,Home Repair & Improvement Services,home-repair-improvement-services,191,Lawn Pest Control,lawn-pest-control,10,Residential Pest,Wildlife Removal,residential-pest-wildlife-removal
Local Businesses,local-business,15,Home Repair & Improvement Services,home-repair-improvement-services,191,Lawn Pest Control,lawn-pest-control,11,Commercial Pest,Restaurant Pest Control,commercial-pest-restaurant-pest-control
Local Businesses,local-business,15,Home Repair & Improvement Services,home-repair-improvement-services,191,Lawn Pest Control,lawn-pest-control,12,Commercial Pest,Hotel Pest Control,commercial-pest-hotel-pest-control
Local Businesses,local-business,15,Home Repair & Improvement Services,home-repair-improvement-services,191,Lawn Pest Control,lawn-pest-control,13,Commercial Pest,Office Pest Control,commercial-pest-office-pest-control
Local Businesses,local-business,15,Home Repair & Improvement Services,home-repair-improvement-services,191,Lawn Pest Control,lawn-pest-control,14,Commercial Pest,Warehouse Pest Control,commercial-pest-warehouse-pest-control
Local Businesses,local-business,15,Home Repair & Improvement Services,home-repair-improvement-services,191,Lawn Pest Control,lawn-pest-control,15,Commercial Pest,Food Processing Pest,commercial-pest-food-processing-pest
Local Businesses,local-business,15,Home Repair & Improvement Services,home-repair-improvement-services,191,Lawn Pest Control,lawn-pest-control,16,Commercial Pest,Hospital Pest Control,commercial-pest-hospital-pest-control
Local Businesses,local-business,15,Home Repair & Improvement Services,home-repair-improvement-services,191,Lawn Pest Control,lawn-pest-control,17,Commercial Pest,School Pest Control,commercial-pest-school-pest-control
Local Businesses,local-business,15,Home Repair & Improvement Services,home-repair-improvement-services,191,Lawn Pest Control,lawn-pest-control,18,Commercial Pest,Retail Pest Control,commercial-pest-retail-pest-control
Local Businesses,local-business,15,Home Repair & Improvement Services,home-repair-improvement-services,191,Lawn Pest Control,lawn-pest-control,19,Commercial Pest,Property Management Pest,commercial-pest-property-management-pest
Local Businesses,local-business,15,Home Repair & Improvement Services,home-repair-improvement-services,191,Lawn Pest Control,lawn-pest-control,20,Commercial Pest,Industrial Pest Control,commercial-pest-industrial-pest-control
Local Businesses,local-business,15,Home Repair & Improvement Services,home-repair-improvement-services,192,Grub Control Services,grub-control-services,,,,
Local Businesses,local-business,15,Home Repair & Improvement Services,home-repair-improvement-services,193,Mole Cricket Control,mole-cricket-control,,,,
Local Businesses,local-business,15,Home Repair & Improvement Services,home-repair-improvement-services,194,Sod Installation Companies,sod-installation-companies,,,,
Local Businesses,local-business,15,Home Repair & Improvement Services,home-repair-improvement-services,195,Hydroseeding Services,hydroseeding-services,,,,
Local Businesses,local-business,15,Home Repair & Improvement Services,home-repair-improvement-services,196,Artificial Turf Installers,artificial-turf-installers,,,,
Local Businesses,local-business,15,Home Repair & Improvement Services,home-repair-improvement-services,197,Putting Green Installers,putting-green-installers,,,,
Local Businesses,local-business,15,Home Repair & Improvement Services,home-repair-improvement-services,198,Pet Turf Installers,pet-turf-installers,,,,
Local Businesses,local-business,15,Home Repair & Improvement Services,home-repair-improvement-services,199,Playground Turf Installers,playground-turf-installers,,,,
Local Businesses,local-business,15,Home Repair & Improvement Services,home-repair-improvement-services,200,Synthetic Grass Companies,synthetic-grass-companies,,,,
Local Businesses,local-business,15,Home Repair & Improvement Services,home-repair-improvement-services,201,Landscaping Companies,landscaping-companies,,,,
Local Businesses,local-business,15,Home Repair & Improvement Services,home-repair-improvement-services,202,Landscape Designers,landscape-designers,,,,
Local Businesses,local-business,15,Home Repair & Improvement Services,home-repair-improvement-services,203,Landscape Architects,landscape-architects,,,,
Local Businesses,local-business,15,Home Repair & Improvement Services,home-repair-improvement-services,204,Garden Designers,garden-designers,1,Garden & Design,Landscape Design,garden-design-landscape-design
Local Businesses,local-business,15,Home Repair & Improvement Services,home-repair-improvement-services,204,Garden Designers,garden-designers,2,Garden & Design,Garden Installation,garden-design-garden-installation
Local Businesses,local-business,15,Home Repair & Improvement Services,home-repair-improvement-services,204,Garden Designers,garden-designers,3,Garden & Design,Hardscaping,garden-design-hardscaping
Local Businesses,local-business,15,Home Repair & Improvement Services,home-repair-improvement-services,204,Garden Designers,garden-designers,4,Garden & Design,Patio Installation,garden-design-patio-installation
Local Businesses,local-business,15,Home Repair & Improvement Services,home-repair-improvement-services,204,Garden Designers,garden-designers,5,Garden & Design,Retaining Walls,garden-design-retaining-walls
Local Businesses,local-business,15,Home Repair & Improvement Services,home-repair-improvement-services,204,Garden Designers,garden-designers,6,Garden & Design,Outdoor Kitchen,garden-design-outdoor-kitchen
Local Businesses,local-business,15,Home Repair & Improvement Services,home-repair-improvement-services,204,Garden Designers,garden-designers,7,Garden & Design,Fire Pit Installation,garden-design-fire-pit-installation
Local Businesses,local-business,15,Home Repair & Improvement Services,home-repair-improvement-services,204,Garden Designers,garden-designers,8,Garden & Design,Water Features,garden-design-water-features
Local Businesses,local-business,15,Home Repair & Improvement Services,home-repair-improvement-services,204,Garden Designers,garden-designers,9,Garden & Design,Fence Installation,garden-design-fence-installation
Local Businesses,local-business,15,Home Repair & Improvement Services,home-repair-improvement-services,204,Garden Designers,garden-designers,10,Garden & Design,Deck Building,garden-design-deck-building
Local Businesses,local-business,15,Home Repair & Improvement Services,home-repair-improvement-services,204,Garden Designers,garden-designers,11,Garden Retail,Garden Center,garden-retail-garden-center
Local Businesses,local-business,15,Home Repair & Improvement Services,home-repair-improvement-services,204,Garden Designers,garden-designers,12,Garden Retail,Plant Nursery,garden-retail-plant-nursery
Local Businesses,local-business,15,Home Repair & Improvement Services,home-repair-improvement-services,204,Garden Designers,garden-designers,13,Garden Retail,Seed Store,garden-retail-seed-store
Local Businesses,local-business,15,Home Repair & Improvement Services,home-repair-improvement-services,204,Garden Designers,garden-designers,14,Garden Retail,Garden Tool Store,garden-retail-garden-tool-store
Local Businesses,local-business,15,Home Repair & Improvement Services,home-repair-improvement-services,204,Garden Designers,garden-designers,15,Garden Retail,Landscape Supply,garden-retail-landscape-supply
Local Businesses,local-business,15,Home Repair & Improvement Services,home-repair-improvement-services,204,Garden Designers,garden-designers,16,Garden Retail,Outdoor Living,garden-retail-outdoor-living
Local Businesses,local-business,15,Home Repair & Improvement Services,home-repair-improvement-services,204,Garden Designers,garden-designers,17,Garden Retail,Irrigation Supply,garden-retail-irrigation-supply
Local Businesses,local-business,15,Home Repair & Improvement Services,home-repair-improvement-services,204,Garden Designers,garden-designers,18,Garden Retail,Pond Supply,garden-retail-pond-supply
Local Businesses,local-business,15,Home Repair & Improvement Services,home-repair-improvement-services,204,Garden Designers,garden-designers,19,Home Decor,Garden Center,home-decor-garden-center
Local Businesses,local-business,15,Home Repair & Improvement Services,home-repair-improvement-services,205,English Garden Designers,english-garden-designers,,,,
Local Businesses,local-business,15,Home Repair & Improvement Services,home-repair-improvement-services,206,Japanese Garden Designers,japanese-garden-designers,,,,
Local Businesses,local-business,15,Home Repair & Improvement Services,home-repair-improvement-services,207,Drought-Tolerant Landscapers,drought-tolerant-landscapers,,,,
Local Businesses,local-business,15,Home Repair & Improvement Services,home-repair-improvement-services,208,Xeriscape Designers,xeriscape-designers,,,,
Local Businesses,local-business,15,Home Repair & Improvement Services,home-repair-improvement-services,209,Native Plant Landscapers,native-plant-landscapers,,,,
Local Businesses,local-business,15,Home Repair & Improvement Services,home-repair-improvement-services,210,Pollinator Garden Designers,pollinator-garden-designers,,,,
Local Businesses,local-business,15,Home Repair & Improvement Services,home-repair-improvement-services,211,Vegetable Garden Designers,vegetable-garden-designers,,,,
Local Businesses,local-business,15,Home Repair & Improvement Services,home-repair-improvement-services,212,Edible Landscape Designers,edible-landscape-designers,,,,
Local Businesses,local-business,15,Home Repair & Improvement Services,home-repair-improvement-services,213,Permaculture Designers,permaculture-designers,,,,
Local Businesses,local-business,15,Home Repair & Improvement Services,home-repair-improvement-services,214,Hardscape Contractors,hardscape-contractors,,,,
Local Businesses,local-business,15,Home Repair & Improvement Services,home-repair-improvement-services,215,Stonework Contractors,stonework-contractors,,,,
Local Businesses,local-business,15,Home Repair & Improvement Services,home-repair-improvement-services,216,Boulder Placement Services,boulder-placement-services,,,,
Local Businesses,local-business,15,Home Repair & Improvement Services,home-repair-improvement-services,217,Garden Wall Builders,garden-wall-builders,,,,
Local Businesses,local-business,15,Home Repair & Improvement Services,home-repair-improvement-services,218,Garden Path Installers,garden-path-installers,,,,
Local Businesses,local-business,15,Home Repair & Improvement Services,home-repair-improvement-services,219,Stepping Stone Installers,stepping-stone-installers,,,,
Local Businesses,local-business,15,Home Repair & Improvement Services,home-repair-improvement-services,220,Mulch Delivery Services,mulch-delivery-services,1,Delivery Services,Restaurant Delivery,delivery-services-restaurant-delivery
Local Businesses,local-business,15,Home Repair & Improvement Services,home-repair-improvement-services,220,Mulch Delivery Services,mulch-delivery-services,2,Delivery Services,Grocery Delivery,delivery-services-grocery-delivery
Local Businesses,local-business,15,Home Repair & Improvement Services,home-repair-improvement-services,220,Mulch Delivery Services,mulch-delivery-services,3,Delivery Services,Meal Kit Delivery,delivery-services-meal-kit-delivery
Local Businesses,local-business,15,Home Repair & Improvement Services,home-repair-improvement-services,220,Mulch Delivery Services,mulch-delivery-services,4,Delivery Services,Prepared Meal Delivery,delivery-services-prepared-meal-delivery
Local Businesses,local-business,15,Home Repair & Improvement Services,home-repair-improvement-services,220,Mulch Delivery Services,mulch-delivery-services,5,Delivery Services,Specialty Food Delivery,delivery-services-specialty-food-delivery
Local Businesses,local-business,15,Home Repair & Improvement Services,home-repair-improvement-services,220,Mulch Delivery Services,mulch-delivery-services,6,Delivery Services,Alcohol Delivery,delivery-services-alcohol-delivery
Local Businesses,local-business,15,Home Repair & Improvement Services,home-repair-improvement-services,220,Mulch Delivery Services,mulch-delivery-services,7,Delivery Services,Bakery Delivery,delivery-services-bakery-delivery
Local Businesses,local-business,15,Home Repair & Improvement Services,home-repair-improvement-services,220,Mulch Delivery Services,mulch-delivery-services,8,Delivery Services,Fruit & Vegetable Delivery,delivery-services-fruit-vegetable-delivery
Local Businesses,local-business,15,Home Repair & Improvement Services,home-repair-improvement-services,220,Mulch Delivery Services,mulch-delivery-services,9,Delivery Services,Organic Delivery,delivery-services-organic-delivery
Local Businesses,local-business,15,Home Repair & Improvement Services,home-repair-improvement-services,220,Mulch Delivery Services,mulch-delivery-services,10,Delivery Services,Corporate Lunch Delivery,delivery-services-corporate-lunch-delivery
Local Businesses,local-business,15,Home Repair & Improvement Services,home-repair-improvement-services,221,Topsoil Delivery Services,topsoil-delivery-services,,,,
Local Businesses,local-business,15,Home Repair & Improvement Services,home-repair-improvement-services,222,Compost Delivery Services,compost-delivery-services,,,,
Local Businesses,local-business,15,Home Repair & Improvement Services,home-repair-improvement-services,223,Gravel Delivery Services,gravel-delivery-services,,,,
Local Businesses,local-business,15,Home Repair & Improvement Services,home-repair-improvement-services,224,Sod Delivery Services,sod-delivery-services,,,,
Local Businesses,local-business,15,Home Repair & Improvement Services,home-repair-improvement-services,225,Plant Delivery Services,plant-delivery-services,,,,
Local Businesses,local-business,15,Home Repair & Improvement Services,home-repair-improvement-services,226,Tree Planting Services,tree-planting-services,1,Tree Services,Tree Planting,tree-services-tree-planting
Local Businesses,local-business,15,Home Repair & Improvement Services,home-repair-improvement-services,227,Shrub Planting Services,shrub-planting-services,,,,
Local Businesses,local-business,15,Home Repair & Improvement Services,home-repair-improvement-services,228,Hedge Trimming Services,hedge-trimming-services,,,,
Local Businesses,local-business,15,Home Repair & Improvement Services,home-repair-improvement-services,229,Topiary Services,topiary-services,,,,
Local Businesses,local-business,15,Home Repair & Improvement Services,home-repair-improvement-services,230,Bush Trimming Services,bush-trimming-services,,,,
Local Businesses,local-business,15,Home Repair & Improvement Services,home-repair-improvement-services,231,Pruning Services,pruning-services,,,,
Local Businesses,local-business,15,Home Repair & Improvement Services,home-repair-improvement-services,232,Spring Cleanup Services,spring-cleanup-services,1,Restoration Services,Flood Cleanup,restoration-services-flood-cleanup
Local Businesses,local-business,15,Home Repair & Improvement Services,home-repair-improvement-services,232,Spring Cleanup Services,spring-cleanup-services,2,Restoration Services,Sewage Cleanup,restoration-services-sewage-cleanup
Local Businesses,local-business,15,Home Repair & Improvement Services,home-repair-improvement-services,232,Spring Cleanup Services,spring-cleanup-services,3,Restoration Services,Biohazard Cleanup,restoration-services-biohazard-cleanup
Local Businesses,local-business,15,Home Repair & Improvement Services,home-repair-improvement-services,232,Spring Cleanup Services,spring-cleanup-services,4,Restoration Services,Hoarding Cleanup,restoration-services-hoarding-cleanup
Local Businesses,local-business,15,Home Repair & Improvement Services,home-repair-improvement-services,233,Fall Cleanup Services,fall-cleanup-services,,,,
Local Businesses,local-business,15,Home Repair & Improvement Services,home-repair-improvement-services,234,Leaf Removal Services,leaf-removal-services,,,,
Local Businesses,local-business,15,Home Repair & Improvement Services,home-repair-improvement-services,235,Leaf Mulching Services,leaf-mulching-services,,,,
Local Businesses,local-business,15,Home Repair & Improvement Services,home-repair-improvement-services,236,Snow Removal Services,snow-removal-services,,,,
Local Businesses,local-business,15,Home Repair & Improvement Services,home-repair-improvement-services,237,Snow Plowing Services,snow-plowing-services,,,,
Local Businesses,local-business,15,Home Repair & Improvement Services,home-repair-improvement-services,238,Snow Shoveling Services,snow-shoveling-services,,,,
Local Businesses,local-business,15,Home Repair & Improvement Services,home-repair-improvement-services,239,Driveway Snow Removal,driveway-snow-removal,,,,
Local Businesses,local-business,15,Home Repair & Improvement Services,home-repair-improvement-services,240,Sidewalk Snow Removal,sidewalk-snow-removal,,,,
Local Businesses,local-business,15,Home Repair & Improvement Services,home-repair-improvement-services,241,Ice Dam Removal Services,ice-dam-removal-services,1,Gutter & Related,Ice Dam Removal,gutter-related-ice-dam-removal
Local Businesses,local-business,15,Home Repair & Improvement Services,home-repair-improvement-services,242,Roof Snow Removal,roof-snow-removal,,,,
Local Businesses,local-business,15,Home Repair & Improvement Services,home-repair-improvement-services,243,Salt & Sand Application,salt-sand-application,,,,
Local Businesses,local-business,15,Home Repair & Improvement Services,home-repair-improvement-services,244,Ice Melt Application,ice-melt-application,,,,
Local Businesses,local-business,15,Home Repair & Improvement Services,home-repair-improvement-services,245,Junk Removal Companies,junk-removal-companies,,,,
Local Businesses,local-business,15,Home Repair & Improvement Services,home-repair-improvement-services,246,Hauling Services,hauling-services,,,,
Local Businesses,local-business,15,Home Repair & Improvement Services,home-repair-improvement-services,247,Bulk Trash Pickup,bulk-trash-pickup,,,,
Local Businesses,local-business,15,Home Repair & Improvement Services,home-repair-improvement-services,248,Mattress Removal Services,mattress-removal-services,,,,
Local Businesses,local-business,15,Home Repair & Improvement Services,home-repair-improvement-services,249,Furniture Removal Services,furniture-removal-services,1,Furniture,Used Furniture,furniture-used-furniture
Local Businesses,local-business,15,Home Repair & Improvement Services,home-repair-improvement-services,249,Furniture Removal Services,furniture-removal-services,2,Furniture,Bedroom Furniture,furniture-bedroom-furniture
Local Businesses,local-business,15,Home Repair & Improvement Services,home-repair-improvement-services,249,Furniture Removal Services,furniture-removal-services,3,Furniture,Living Room Furniture,furniture-living-room-furniture
Local Businesses,local-business,15,Home Repair & Improvement Services,home-repair-improvement-services,249,Furniture Removal Services,furniture-removal-services,4,Furniture,Dining Furniture,furniture-dining-furniture
Local Businesses,local-business,15,Home Repair & Improvement Services,home-repair-improvement-services,250,Appliance Removal Services,appliance-removal-services,1,Appliance Services,Refrigerator Repair,appliance-services-refrigerator-repair
Local Businesses,local-business,15,Home Repair & Improvement Services,home-repair-improvement-services,250,Appliance Removal Services,appliance-removal-services,2,Appliance Services,Washing Machine Repair,appliance-services-washing-machine-repair
Local Businesses,local-business,15,Home Repair & Improvement Services,home-repair-improvement-services,250,Appliance Removal Services,appliance-removal-services,3,Appliance Services,Dryer Repair,appliance-services-dryer-repair
Local Businesses,local-business,15,Home Repair & Improvement Services,home-repair-improvement-services,250,Appliance Removal Services,appliance-removal-services,4,Appliance Services,Dishwasher Repair,appliance-services-dishwasher-repair
Local Businesses,local-business,15,Home Repair & Improvement Services,home-repair-improvement-services,250,Appliance Removal Services,appliance-removal-services,5,Appliance Services,Oven Repair,appliance-services-oven-repair
Local Businesses,local-business,15,Home Repair & Improvement Services,home-repair-improvement-services,250,Appliance Removal Services,appliance-removal-services,6,Appliance Services,Microwave Repair,appliance-services-microwave-repair
Local Businesses,local-business,15,Home Repair & Improvement Services,home-repair-improvement-services,250,Appliance Removal Services,appliance-removal-services,7,Appliance Services,Garbage Disposal Repair,appliance-services-garbage-disposal-repair
Local Businesses,local-business,15,Home Repair & Improvement Services,home-repair-improvement-services,250,Appliance Removal Services,appliance-removal-services,8,Appliance Services,Ice Maker Repair,appliance-services-ice-maker-repair
Local Businesses,local-business,15,Home Repair & Improvement Services,home-repair-improvement-services,250,Appliance Removal Services,appliance-removal-services,9,Appliance Services,Range Hood Repair,appliance-services-range-hood-repair
Local Businesses,local-business,15,Home Repair & Improvement Services,home-repair-improvement-services,250,Appliance Removal Services,appliance-removal-services,10,Appliance Services,Appliance Installation,appliance-services-appliance-installation
Local Businesses,local-business,15,Home Repair & Improvement Services,home-repair-improvement-services,251,Hot Tub Removal Services,hot-tub-removal-services,1,Pool Services,Hot Tub Installation,pool-services-hot-tub-installation
Local Businesses,local-business,15,Home Repair & Improvement Services,home-repair-improvement-services,251,Hot Tub Removal Services,hot-tub-removal-services,2,Pool Services,Hot Tub Repair,pool-services-hot-tub-repair
Local Businesses,local-business,15,Home Repair & Improvement Services,home-repair-improvement-services,252,Shed Removal Services,shed-removal-services,,,,
Local Businesses,local-business,15,Home Repair & Improvement Services,home-repair-improvement-services,253,Fence Removal Services,fence-removal-services,,,,
Local Businesses,local-business,15,Home Repair & Improvement Services,home-repair-improvement-services,254,Deck Removal Services,deck-removal-services,,,,
Local Businesses,local-business,15,Home Repair & Improvement Services,home-repair-improvement-services,255,Pool Removal Services,pool-removal-services,1,Pool Services,Pool Cleaning,pool-services-pool-cleaning
Local Businesses,local-business,15,Home Repair & Improvement Services,home-repair-improvement-services,255,Pool Removal Services,pool-removal-services,2,Pool Services,Pool Repair,pool-services-pool-repair
Local Businesses,local-business,15,Home Repair & Improvement Services,home-repair-improvement-services,255,Pool Removal Services,pool-removal-services,3,Pool Services,Pool Installation,pool-services-pool-installation
Local Businesses,local-business,15,Home Repair & Improvement Services,home-repair-improvement-services,255,Pool Removal Services,pool-removal-services,4,Pool Services,Pool Resurfacing,pool-services-pool-resurfacing
Local Businesses,local-business,15,Home Repair & Improvement Services,home-repair-improvement-services,255,Pool Removal Services,pool-removal-services,5,Pool Services,Pool Equipment,pool-services-pool-equipment
Local Businesses,local-business,15,Home Repair & Improvement Services,home-repair-improvement-services,255,Pool Removal Services,pool-removal-services,6,Pool Services,Pool Fence,pool-services-pool-fence
Local Businesses,local-business,15,Home Repair & Improvement Services,home-repair-improvement-services,255,Pool Removal Services,pool-removal-services,7,Pool Services,Pool Deck,pool-services-pool-deck
Local Businesses,local-business,15,Home Repair & Improvement Services,home-repair-improvement-services,255,Pool Removal Services,pool-removal-services,8,Pool Services,Pool Enclosure,pool-services-pool-enclosure
Local Businesses,local-business,15,Home Repair & Improvement Services,home-repair-improvement-services,256,Trampoline Removal Services,trampoline-removal-services,,,,
Local Businesses,local-business,15,Home Repair & Improvement Services,home-repair-improvement-services,257,Swing Set Removal Services,swing-set-removal-services,,,,
Local Businesses,local-business,15,Home Repair & Improvement Services,home-repair-improvement-services,258,Estate Cleanout Services,estate-cleanout-services,,,,
Local Businesses,local-business,15,Home Repair & Improvement Services,home-repair-improvement-services,259,Foreclosure Cleanout Services,foreclosure-cleanout-services,,,,
Local Businesses,local-business,15,Home Repair & Improvement Services,home-repair-improvement-services,260,Hoarder Cleanout Services,hoarder-cleanout-services,,,,
Local Businesses,local-business,15,Home Repair & Improvement Services,home-repair-improvement-services,261,Construction Debris Removal,construction-debris-removal,,,,
Local Businesses,local-business,15,Home Repair & Improvement Services,home-repair-improvement-services,262,Yard Waste Removal,yard-waste-removal,,,,
Local Businesses,local-business,15,Home Repair & Improvement Services,home-repair-improvement-services,263,Garage Cleanout Services,garage-cleanout-services,,,,
Local Businesses,local-business,15,Home Repair & Improvement Services,home-repair-improvement-services,264,Attic Cleanout Services,attic-cleanout-services,1,Insulation Services,Attic Insulation,insulation-services-attic-insulation
Local Businesses,local-business,15,Home Repair & Improvement Services,home-repair-improvement-services,265,Basement Cleanout Services,basement-cleanout-services,,,,
Local Businesses,local-business,15,Home Repair & Improvement Services,home-repair-improvement-services,266,Storage Unit Cleanout,storage-unit-cleanout,1,Storage & Packing,Self-Storage,storage-packing-self-storage
Local Businesses,local-business,15,Home Repair & Improvement Services,home-repair-improvement-services,266,Storage Unit Cleanout,storage-unit-cleanout,2,Storage & Packing,Climate-Controlled Storage,storage-packing-climate-controlled-storage
Local Businesses,local-business,15,Home Repair & Improvement Services,home-repair-improvement-services,266,Storage Unit Cleanout,storage-unit-cleanout,3,Storage & Packing,Vehicle Storage,storage-packing-vehicle-storage
Local Businesses,local-business,15,Home Repair & Improvement Services,home-repair-improvement-services,266,Storage Unit Cleanout,storage-unit-cleanout,4,Storage & Packing,Boat Storage,storage-packing-boat-storage
Local Businesses,local-business,15,Home Repair & Improvement Services,home-repair-improvement-services,266,Storage Unit Cleanout,storage-unit-cleanout,5,Storage & Packing,RV Storage,storage-packing-rv-storage
Local Businesses,local-business,15,Home Repair & Improvement Services,home-repair-improvement-services,266,Storage Unit Cleanout,storage-unit-cleanout,6,Storage & Packing,Packing Services,storage-packing-packing-services
Local Businesses,local-business,15,Home Repair & Improvement Services,home-repair-improvement-services,266,Storage Unit Cleanout,storage-unit-cleanout,7,Storage & Packing,Unpacking Services,storage-packing-unpacking-services
Local Businesses,local-business,15,Home Repair & Improvement Services,home-repair-improvement-services,266,Storage Unit Cleanout,storage-unit-cleanout,8,Storage & Packing,Moving Supplies,storage-packing-moving-supplies
Local Businesses,local-business,15,Home Repair & Improvement Services,home-repair-improvement-services,266,Storage Unit Cleanout,storage-unit-cleanout,9,Storage & Packing,Storage Unit Rental,storage-packing-storage-unit-rental
Local Businesses,local-business,15,Home Repair & Improvement Services,home-repair-improvement-services,266,Storage Unit Cleanout,storage-unit-cleanout,10,Storage & Packing,Portable Storage Containers,storage-packing-portable-storage-containers
Local Businesses,local-business,15,Home Repair & Improvement Services,home-repair-improvement-services,267,Dumpster Rental Services,dumpster-rental-services,1,Rental Services,Daily Car Rental,rental-services-daily-car-rental
Local Businesses,local-business,15,Home Repair & Improvement Services,home-repair-improvement-services,267,Dumpster Rental Services,dumpster-rental-services,2,Rental Services,Weekly Car Rental,rental-services-weekly-car-rental
Local Businesses,local-business,15,Home Repair & Improvement Services,home-repair-improvement-services,267,Dumpster Rental Services,dumpster-rental-services,3,Rental Services,Monthly Car Rental,rental-services-monthly-car-rental
Local Businesses,local-business,15,Home Repair & Improvement Services,home-repair-improvement-services,267,Dumpster Rental Services,dumpster-rental-services,4,Rental Services,Luxury Car Rental,rental-services-luxury-car-rental
Local Businesses,local-business,15,Home Repair & Improvement Services,home-repair-improvement-services,267,Dumpster Rental Services,dumpster-rental-services,5,Rental Services,Economy Car Rental,rental-services-economy-car-rental
Local Businesses,local-business,15,Home Repair & Improvement Services,home-repair-improvement-services,267,Dumpster Rental Services,dumpster-rental-services,6,Rental Services,Van Rental,rental-services-van-rental
Local Businesses,local-business,15,Home Repair & Improvement Services,home-repair-improvement-services,267,Dumpster Rental Services,dumpster-rental-services,7,Rental Services,Truck Rental,rental-services-truck-rental
Local Businesses,local-business,15,Home Repair & Improvement Services,home-repair-improvement-services,267,Dumpster Rental Services,dumpster-rental-services,8,Rental Services,SUV Rental,rental-services-suv-rental
Local Businesses,local-business,15,Home Repair & Improvement Services,home-repair-improvement-services,267,Dumpster Rental Services,dumpster-rental-services,9,Rental Services,Convertible Rental,rental-services-convertible-rental
Local Businesses,local-business,15,Home Repair & Improvement Services,home-repair-improvement-services,267,Dumpster Rental Services,dumpster-rental-services,10,Rental Services,Electric Car Rental,rental-services-electric-car-rental
Local Businesses,local-business,15,Home Repair & Improvement Services,home-repair-improvement-services,267,Dumpster Rental Services,dumpster-rental-services,11,Electric Vehicle,EV Rental,electric-vehicle-ev-rental
Local Businesses,local-business,15,Home Repair & Improvement Services,home-repair-improvement-services,267,Dumpster Rental Services,dumpster-rental-services,12,Equipment Rental,Party Equipment Rental,equipment-rental-party-equipment-rental
Local Businesses,local-business,15,Home Repair & Improvement Services,home-repair-improvement-services,267,Dumpster Rental Services,dumpster-rental-services,13,Equipment Rental,Construction Equipment Rental,equipment-rental-construction-equipment-rental
Local Businesses,local-business,15,Home Repair & Improvement Services,home-repair-improvement-services,267,Dumpster Rental Services,dumpster-rental-services,14,Equipment Rental,Tool Rental,equipment-rental-tool-rental
Local Businesses,local-business,15,Home Repair & Improvement Services,home-repair-improvement-services,267,Dumpster Rental Services,dumpster-rental-services,15,Equipment Rental,Camera Equipment Rental,equipment-rental-camera-equipment-rental
Local Businesses,local-business,15,Home Repair & Improvement Services,home-repair-improvement-services,267,Dumpster Rental Services,dumpster-rental-services,16,Equipment Rental,Audio Equipment Rental,equipment-rental-audio-equipment-rental
Local Businesses,local-business,15,Home Repair & Improvement Services,home-repair-improvement-services,267,Dumpster Rental Services,dumpster-rental-services,17,Equipment Rental,Lighting Rental Local,equipment-rental-lighting-rental-local
Local Businesses,local-business,15,Home Repair & Improvement Services,home-repair-improvement-services,267,Dumpster Rental Services,dumpster-rental-services,18,Equipment Rental,Bounce House Rental,equipment-rental-bounce-house-rental
Local Businesses,local-business,15,Home Repair & Improvement Services,home-repair-improvement-services,267,Dumpster Rental Services,dumpster-rental-services,19,Equipment Rental,Generator Rental,equipment-rental-generator-rental
Local Businesses,local-business,15,Home Repair & Improvement Services,home-repair-improvement-services,267,Dumpster Rental Services,dumpster-rental-services,20,Equipment Rental,Trailer Rental,equipment-rental-trailer-rental
Local Businesses,local-business,15,Home Repair & Improvement Services,home-repair-improvement-services,267,Dumpster Rental Services,dumpster-rental-services,21,Equipment Rental,Forklift Rental,equipment-rental-forklift-rental
Local Businesses,local-business,15,Home Repair & Improvement Services,home-repair-improvement-services,268,Roll-Off Dumpster Rentals,roll-off-dumpster-rentals,,,,
Local Businesses,local-business,15,Home Repair & Improvement Services,home-repair-improvement-services,269,Portable Toilet Rentals,portable-toilet-rentals,,,,
Local Businesses,local-business,15,Home Repair & Improvement Services,home-repair-improvement-services,270,Porta Potty Rentals,porta-potty-rentals,,,,
Local Businesses,local-business,15,Home Repair & Improvement Services,home-repair-improvement-services,271,Construction Toilet Rentals,construction-toilet-rentals,,,,
Local Businesses,local-business,16,"Cleaning, Restoration & Pest Services",cleaning-restoration-pest-services,1,House Cleaning Services,house-cleaning-services,1,Residential Cleaning,House Cleaning,residential-cleaning-house-cleaning
Local Businesses,local-business,16,"Cleaning, Restoration & Pest Services",cleaning-restoration-pest-services,2,Maid Services,maid-services,,,,
Local Businesses,local-business,16,"Cleaning, Restoration & Pest Services",cleaning-restoration-pest-services,3,Move-In Cleaning Services,move-in-cleaning-services,,,,
Local Businesses,local-business,16,"Cleaning, Restoration & Pest Services",cleaning-restoration-pest-services,4,Move-Out Cleaning Services,move-out-cleaning-services,1,Residential Cleaning,Move-In/Move-Out Cleaning,residential-cleaning-move-in-move-out-cleaning
Local Businesses,local-business,16,"Cleaning, Restoration & Pest Services",cleaning-restoration-pest-services,5,Deep Cleaning Services,deep-cleaning-services,1,Residential Cleaning,Deep Cleaning,residential-cleaning-deep-cleaning
Local Businesses,local-business,16,"Cleaning, Restoration & Pest Services",cleaning-restoration-pest-services,6,One-Time Cleaning Services,one-time-cleaning-services,,,,
Local Businesses,local-business,16,"Cleaning, Restoration & Pest Services",cleaning-restoration-pest-services,7,Recurring Cleaning Services,recurring-cleaning-services,,,,
Local Businesses,local-business,16,"Cleaning, Restoration & Pest Services",cleaning-restoration-pest-services,8,Eco-Friendly Cleaning Services,eco-friendly-cleaning-services,1,Residential Cleaning,Eco-Friendly Cleaning,residential-cleaning-eco-friendly-cleaning
Local Businesses,local-business,16,"Cleaning, Restoration & Pest Services",cleaning-restoration-pest-services,9,Green Cleaning Services,green-cleaning-services,,,,
Local Businesses,local-business,16,"Cleaning, Restoration & Pest Services",cleaning-restoration-pest-services,10,Allergy-Friendly Cleaning Services,allergy-friendly-cleaning-services,1,Allergy Services,Allergy Testing,allergy-services-allergy-testing
Local Businesses,local-business,16,"Cleaning, Restoration & Pest Services",cleaning-restoration-pest-services,10,Allergy-Friendly Cleaning Services,allergy-friendly-cleaning-services,2,Allergy Services,Allergy Shots,allergy-services-allergy-shots
Local Businesses,local-business,16,"Cleaning, Restoration & Pest Services",cleaning-restoration-pest-services,10,Allergy-Friendly Cleaning Services,allergy-friendly-cleaning-services,3,Allergy Services,Food Allergy,allergy-services-food-allergy
Local Businesses,local-business,16,"Cleaning, Restoration & Pest Services",cleaning-restoration-pest-services,10,Allergy-Friendly Cleaning Services,allergy-friendly-cleaning-services,4,Allergy Services,Environmental Allergy,allergy-services-environmental-allergy
Local Businesses,local-business,16,"Cleaning, Restoration & Pest Services",cleaning-restoration-pest-services,10,Allergy-Friendly Cleaning Services,allergy-friendly-cleaning-services,5,Allergy Services,Asthma Treatment,allergy-services-asthma-treatment
Local Businesses,local-business,16,"Cleaning, Restoration & Pest Services",cleaning-restoration-pest-services,10,Allergy-Friendly Cleaning Services,allergy-friendly-cleaning-services,6,Allergy Services,Immunotherapy,allergy-services-immunotherapy
Local Businesses,local-business,16,"Cleaning, Restoration & Pest Services",cleaning-restoration-pest-services,10,Allergy-Friendly Cleaning Services,allergy-friendly-cleaning-services,7,Allergy Services,Patch Testing,allergy-services-patch-testing
Local Businesses,local-business,16,"Cleaning, Restoration & Pest Services",cleaning-restoration-pest-services,10,Allergy-Friendly Cleaning Services,allergy-friendly-cleaning-services,8,Allergy Services,Drug Allergy,allergy-services-drug-allergy
Local Businesses,local-business,16,"Cleaning, Restoration & Pest Services",cleaning-restoration-pest-services,10,Allergy-Friendly Cleaning Services,allergy-friendly-cleaning-services,9,Allergy Services,Insect Allergy,allergy-services-insect-allergy
Local Businesses,local-business,16,"Cleaning, Restoration & Pest Services",cleaning-restoration-pest-services,10,Allergy-Friendly Cleaning Services,allergy-friendly-cleaning-services,10,Allergy Services,Latex Allergy,allergy-services-latex-allergy
Local Businesses,local-business,16,"Cleaning, Restoration & Pest Services",cleaning-restoration-pest-services,11,Post-Construction Cleaning,post-construction-cleaning,1,Residential Cleaning,Post-Construction Cleaning,residential-cleaning-post-construction-cleaning
Local Businesses,local-business,16,"Cleaning, Restoration & Pest Services",cleaning-restoration-pest-services,11,Post-Construction Cleaning,post-construction-cleaning,2,Commercial Cleaning,Post-Event Cleaning,commercial-cleaning-post-event-cleaning
Local Businesses,local-business,16,"Cleaning, Restoration & Pest Services",cleaning-restoration-pest-services,12,Post-Renovation Cleaning,post-renovation-cleaning,,,,
Local Businesses,local-business,16,"Cleaning, Restoration & Pest Services",cleaning-restoration-pest-services,13,Airbnb Cleaning Services,airbnb-cleaning-services,,,,
Local Businesses,local-business,16,"Cleaning, Restoration & Pest Services",cleaning-restoration-pest-services,14,Vacation Rental Cleaning,vacation-rental-cleaning,,,,
Local Businesses,local-business,16,"Cleaning, Restoration & Pest Services",cleaning-restoration-pest-services,15,Apartment Cleaning Services,apartment-cleaning-services,1,Residential Cleaning,Apartment Cleaning,residential-cleaning-apartment-cleaning
Local Businesses,local-business,16,"Cleaning, Restoration & Pest Services",cleaning-restoration-pest-services,16,Condo Cleaning Services,condo-cleaning-services,1,Residential Cleaning,Condo Cleaning,residential-cleaning-condo-cleaning
Local Businesses,local-business,16,"Cleaning, Restoration & Pest Services",cleaning-restoration-pest-services,17,House Sitting Services,house-sitting-services,,,,
Local Businesses,local-business,16,"Cleaning, Restoration & Pest Services",cleaning-restoration-pest-services,18,Refrigerator Cleaning Services,refrigerator-cleaning-services,,,,
Local Businesses,local-business,16,"Cleaning, Restoration & Pest Services",cleaning-restoration-pest-services,19,Oven Cleaning Services,oven-cleaning-services,,,,
Local Businesses,local-business,16,"Cleaning, Restoration & Pest Services",cleaning-restoration-pest-services,20,Window Track Cleaning Services,window-track-cleaning-services,,,,
Local Businesses,local-business,16,"Cleaning, Restoration & Pest Services",cleaning-restoration-pest-services,21,Blind Cleaning Services,blind-cleaning-services,,,,
Local Businesses,local-business,16,"Cleaning, Restoration & Pest Services",cleaning-restoration-pest-services,22,Curtain Cleaning Services,curtain-cleaning-services,,,,
Local Businesses,local-business,16,"Cleaning, Restoration & Pest Services",cleaning-restoration-pest-services,23,Drape Cleaning Services,drape-cleaning-services,,,,
Local Businesses,local-business,16,"Cleaning, Restoration & Pest Services",cleaning-restoration-pest-services,24,Upholstery Cleaning Services,upholstery-cleaning-services,1,Specialized Cleaning,Upholstery Cleaning,specialized-cleaning-upholstery-cleaning
Local Businesses,local-business,16,"Cleaning, Restoration & Pest Services",cleaning-restoration-pest-services,25,Sofa Cleaning Services,sofa-cleaning-services,,,,
Local Businesses,local-business,16,"Cleaning, Restoration & Pest Services",cleaning-restoration-pest-services,26,Mattress Cleaning Services,mattress-cleaning-services,,,,
Local Businesses,local-business,16,"Cleaning, Restoration & Pest Services",cleaning-restoration-pest-services,27,Mattress Sanitizing Services,mattress-sanitizing-services,,,,
Local Businesses,local-business,16,"Cleaning, Restoration & Pest Services",cleaning-restoration-pest-services,28,Carpet Cleaning Companies,carpet-cleaning-companies,1,Specialized Cleaning,Carpet Cleaning,specialized-cleaning-carpet-cleaning
Local Businesses,local-business,16,"Cleaning, Restoration & Pest Services",cleaning-restoration-pest-services,29,Steam Cleaning Services,steam-cleaning-services,,,,
Local Businesses,local-business,16,"Cleaning, Restoration & Pest Services",cleaning-restoration-pest-services,30,Dry Carpet Cleaning,dry-carpet-cleaning,,,,
Local Businesses,local-business,16,"Cleaning, Restoration & Pest Services",cleaning-restoration-pest-services,31,Encapsulation Cleaning,encapsulation-cleaning,,,,
Local Businesses,local-business,16,"Cleaning, Restoration & Pest Services",cleaning-restoration-pest-services,32,Pet Stain Removal Services,pet-stain-removal-services,,,,
Local Businesses,local-business,16,"Cleaning, Restoration & Pest Services",cleaning-restoration-pest-services,33,Pet Odor Removal Services,pet-odor-removal-services,,,,
Local Businesses,local-business,16,"Cleaning, Restoration & Pest Services",cleaning-restoration-pest-services,34,Wine Stain Removal Services,wine-stain-removal-services,1,Prepared Meals,Wine Tasting,prepared-meals-wine-tasting
Local Businesses,local-business,16,"Cleaning, Restoration & Pest Services",cleaning-restoration-pest-services,35,Coffee Stain Removal Services,coffee-stain-removal-services,,,,
Local Businesses,local-business,16,"Cleaning, Restoration & Pest Services",cleaning-restoration-pest-services,36,Area Rug Cleaning Services,area-rug-cleaning-services,,,,
Local Businesses,local-business,16,"Cleaning, Restoration & Pest Services",cleaning-restoration-pest-services,37,Oriental Rug Cleaning,oriental-rug-cleaning,,,,
Local Businesses,local-business,16,"Cleaning, Restoration & Pest Services",cleaning-restoration-pest-services,38,Persian Rug Cleaning,persian-rug-cleaning,,,,
Local Businesses,local-business,16,"Cleaning, Restoration & Pest Services",cleaning-restoration-pest-services,39,Antique Rug Cleaning,antique-rug-cleaning,,,,
Local Businesses,local-business,16,"Cleaning, Restoration & Pest Services",cleaning-restoration-pest-services,40,Tile & Grout Cleaning Services,tile-grout-cleaning-services,1,Specialized Cleaning,Tile & Grout Cleaning,specialized-cleaning-tile-grout-cleaning
Local Businesses,local-business,16,"Cleaning, Restoration & Pest Services",cleaning-restoration-pest-services,41,Grout Sealing Services,grout-sealing-services,,,,
Local Businesses,local-business,16,"Cleaning, Restoration & Pest Services",cleaning-restoration-pest-services,42,Hardwood Floor Cleaning,hardwood-floor-cleaning,1,Specialized Cleaning,Hardwood Floor Cleaning,specialized-cleaning-hardwood-floor-cleaning
Local Businesses,local-business,16,"Cleaning, Restoration & Pest Services",cleaning-restoration-pest-services,42,Hardwood Floor Cleaning,hardwood-floor-cleaning,2,Floor Installation,Hardwood Flooring,floor-installation-hardwood-flooring
Local Businesses,local-business,16,"Cleaning, Restoration & Pest Services",cleaning-restoration-pest-services,43,Hardwood Floor Refinishing,hardwood-floor-refinishing,1,Floor Repair,Hardwood Refinishing,floor-repair-hardwood-refinishing
Local Businesses,local-business,16,"Cleaning, Restoration & Pest Services",cleaning-restoration-pest-services,44,Hardwood Floor Buffing,hardwood-floor-buffing,,,,
Local Businesses,local-business,16,"Cleaning, Restoration & Pest Services",cleaning-restoration-pest-services,45,Floor Waxing Services,floor-waxing-services,,,,
Local Businesses,local-business,16,"Cleaning, Restoration & Pest Services",cleaning-restoration-pest-services,46,Marble Floor Polishing,marble-floor-polishing,,,,
Local Businesses,local-business,16,"Cleaning, Restoration & Pest Services",cleaning-restoration-pest-services,47,Stone Floor Cleaning,stone-floor-cleaning,,,,
Local Businesses,local-business,16,"Cleaning, Restoration & Pest Services",cleaning-restoration-pest-services,48,Concrete Floor Polishing,concrete-floor-polishing,1,Floor Installation,Concrete Polishing,floor-installation-concrete-polishing
Local Businesses,local-business,16,"Cleaning, Restoration & Pest Services",cleaning-restoration-pest-services,49,Garage Floor Coating,garage-floor-coating,,,,
Local Businesses,local-business,16,"Cleaning, Restoration & Pest Services",cleaning-restoration-pest-services,50,Epoxy Garage Floor Coatings,epoxy-garage-floor-coatings,1,Floor Installation,Epoxy Flooring,floor-installation-epoxy-flooring
Local Businesses,local-business,16,"Cleaning, Restoration & Pest Services",cleaning-restoration-pest-services,51,Polyaspartic Floor Coatings,polyaspartic-floor-coatings,,,,
Local Businesses,local-business,16,"Cleaning, Restoration & Pest Services",cleaning-restoration-pest-services,52,Concrete Sealing Services,concrete-sealing-services,,,,
Local Businesses,local-business,16,"Cleaning, Restoration & Pest Services",cleaning-restoration-pest-services,53,Air Duct Cleaning Services,air-duct-cleaning-services,1,Air Conditioning,Central Air,air-conditioning-central-air
Local Businesses,local-business,16,"Cleaning, Restoration & Pest Services",cleaning-restoration-pest-services,53,Air Duct Cleaning Services,air-duct-cleaning-services,2,Air Quality,Duct Cleaning,air-quality-duct-cleaning
Local Businesses,local-business,16,"Cleaning, Restoration & Pest Services",cleaning-restoration-pest-services,53,Air Duct Cleaning Services,air-duct-cleaning-services,3,Air Quality,Air Filter Service,air-quality-air-filter-service
Local Businesses,local-business,16,"Cleaning, Restoration & Pest Services",cleaning-restoration-pest-services,54,Dryer Vent Cleaning Services,dryer-vent-cleaning-services,1,Specialized Cleaning,Dryer Vent Cleaning,specialized-cleaning-dryer-vent-cleaning
Local Businesses,local-business,16,"Cleaning, Restoration & Pest Services",cleaning-restoration-pest-services,55,HVAC Cleaning Services,hvac-cleaning-services,,,,
Local Businesses,local-business,16,"Cleaning, Restoration & Pest Services",cleaning-restoration-pest-services,56,UV Light Installation HVAC,uv-light-installation-hvac,,,,
Local Businesses,local-business,16,"Cleaning, Restoration & Pest Services",cleaning-restoration-pest-services,57,Drain Cleaning Services,drain-cleaning-services,,,,
Local Businesses,local-business,16,"Cleaning, Restoration & Pest Services",cleaning-restoration-pest-services,58,Sewer Line Cleaning,sewer-line-cleaning,,,,
Local Businesses,local-business,16,"Cleaning, Restoration & Pest Services",cleaning-restoration-pest-services,59,Hydro Jetting Services,hydro-jetting-services,1,Commercial Plumbing,Hydro Jetting,commercial-plumbing-hydro-jetting
Local Businesses,local-business,16,"Cleaning, Restoration & Pest Services",cleaning-restoration-pest-services,60,Sewer Camera Inspection,sewer-camera-inspection,1,Commercial Plumbing,Sewer Camera Inspection,commercial-plumbing-sewer-camera-inspection
Local Businesses,local-business,16,"Cleaning, Restoration & Pest Services",cleaning-restoration-pest-services,61,Septic Pumping Services,septic-pumping-services,1,Septic Services,Septic Pumping,septic-services-septic-pumping
Local Businesses,local-business,16,"Cleaning, Restoration & Pest Services",cleaning-restoration-pest-services,61,Septic Pumping Services,septic-pumping-services,2,Septic Services,Septic Installation,septic-services-septic-installation
Local Businesses,local-business,16,"Cleaning, Restoration & Pest Services",cleaning-restoration-pest-services,61,Septic Pumping Services,septic-pumping-services,3,Septic Services,Septic System Design,septic-services-septic-system-design
Local Businesses,local-business,16,"Cleaning, Restoration & Pest Services",cleaning-restoration-pest-services,61,Septic Pumping Services,septic-pumping-services,4,Septic Services,Grease Trap Pumping,septic-services-grease-trap-pumping
Local Businesses,local-business,16,"Cleaning, Restoration & Pest Services",cleaning-restoration-pest-services,61,Septic Pumping Services,septic-pumping-services,5,Septic Services,Cesspool Service,septic-services-cesspool-service
Local Businesses,local-business,16,"Cleaning, Restoration & Pest Services",cleaning-restoration-pest-services,62,Septic Inspection Services,septic-inspection-services,1,Septic Services,Septic Inspection,septic-services-septic-inspection
Local Businesses,local-business,16,"Cleaning, Restoration & Pest Services",cleaning-restoration-pest-services,63,Septic Tank Cleaning,septic-tank-cleaning,1,Septic Services,Septic Tank Cleaning,septic-services-septic-tank-cleaning
Local Businesses,local-business,16,"Cleaning, Restoration & Pest Services",cleaning-restoration-pest-services,64,Grease Trap Cleaning Services,grease-trap-cleaning-services,1,Commercial Plumbing,Grease Trap,commercial-plumbing-grease-trap
Local Businesses,local-business,16,"Cleaning, Restoration & Pest Services",cleaning-restoration-pest-services,65,Crime Scene Cleanup Services,crime-scene-cleanup-services,,,,
Local Businesses,local-business,16,"Cleaning, Restoration & Pest Services",cleaning-restoration-pest-services,66,Trauma Cleanup Services,trauma-cleanup-services,,,,
Local Businesses,local-business,16,"Cleaning, Restoration & Pest Services",cleaning-restoration-pest-services,67,Biohazard Cleanup Services,biohazard-cleanup-services,,,,
Local Businesses,local-business,16,"Cleaning, Restoration & Pest Services",cleaning-restoration-pest-services,68,Hoarding Cleanup Services,hoarding-cleanup-services,,,,
Local Businesses,local-business,16,"Cleaning, Restoration & Pest Services",cleaning-restoration-pest-services,69,Sewage Cleanup Services,sewage-cleanup-services,,,,
Local Businesses,local-business,16,"Cleaning, Restoration & Pest Services",cleaning-restoration-pest-services,70,Flood Damage Cleanup,flood-damage-cleanup,,,,
Local Businesses,local-business,16,"Cleaning, Restoration & Pest Services",cleaning-restoration-pest-services,71,Water Damage Restoration,water-damage-restoration,1,Restoration Services,Water Damage Restoration,restoration-services-water-damage-restoration
Local Businesses,local-business,16,"Cleaning, Restoration & Pest Services",cleaning-restoration-pest-services,71,Water Damage Restoration,water-damage-restoration,2,Restoration Services,Fire Damage Restoration,restoration-services-fire-damage-restoration
Local Businesses,local-business,16,"Cleaning, Restoration & Pest Services",cleaning-restoration-pest-services,71,Water Damage Restoration,water-damage-restoration,3,Restoration Services,Smoke Damage,restoration-services-smoke-damage
Local Businesses,local-business,16,"Cleaning, Restoration & Pest Services",cleaning-restoration-pest-services,72,Fire Damage Restoration,fire-damage-restoration,,,,
Local Businesses,local-business,16,"Cleaning, Restoration & Pest Services",cleaning-restoration-pest-services,73,Smoke Damage Restoration,smoke-damage-restoration,,,,
Local Businesses,local-business,16,"Cleaning, Restoration & Pest Services",cleaning-restoration-pest-services,74,Soot Cleanup Services,soot-cleanup-services,,,,
Local Businesses,local-business,16,"Cleaning, Restoration & Pest Services",cleaning-restoration-pest-services,75,Wind Damage Restoration,wind-damage-restoration,,,,
Local Businesses,local-business,16,"Cleaning, Restoration & Pest Services",cleaning-restoration-pest-services,76,Storm Damage Cleanup,storm-damage-cleanup,,,,
Local Businesses,local-business,16,"Cleaning, Restoration & Pest Services",cleaning-restoration-pest-services,77,Hurricane Damage Restoration,hurricane-damage-restoration,,,,
Local Businesses,local-business,16,"Cleaning, Restoration & Pest Services",cleaning-restoration-pest-services,78,Tornado Damage Restoration,tornado-damage-restoration,,,,
Local Businesses,local-business,16,"Cleaning, Restoration & Pest Services",cleaning-restoration-pest-services,79,Hail Damage Inspection,hail-damage-inspection,,,,
Local Businesses,local-business,16,"Cleaning, Restoration & Pest Services",cleaning-restoration-pest-services,80,Earthquake Damage Repair,earthquake-damage-repair,,,,
Local Businesses,local-business,16,"Cleaning, Restoration & Pest Services",cleaning-restoration-pest-services,81,Mold Remediation Services,mold-remediation-services,,,,
Local Businesses,local-business,16,"Cleaning, Restoration & Pest Services",cleaning-restoration-pest-services,82,Black Mold Removal,black-mold-removal,,,,
Local Businesses,local-business,16,"Cleaning, Restoration & Pest Services",cleaning-restoration-pest-services,83,Mildew Removal Services,mildew-removal-services,,,,
Local Businesses,local-business,16,"Cleaning, Restoration & Pest Services",cleaning-restoration-pest-services,84,Odor Removal Services,odor-removal-services,,,,
Local Businesses,local-business,16,"Cleaning, Restoration & Pest Services",cleaning-restoration-pest-services,85,Pet Odor Removal,pet-odor-removal,,,,
Local Businesses,local-business,16,"Cleaning, Restoration & Pest Services",cleaning-restoration-pest-services,86,Smoke Odor Removal,smoke-odor-removal,,,,
Local Businesses,local-business,16,"Cleaning, Restoration & Pest Services",cleaning-restoration-pest-services,87,Skunk Odor Removal,skunk-odor-removal,,,,
Local Businesses,local-business,16,"Cleaning, Restoration & Pest Services",cleaning-restoration-pest-services,88,Decontamination Services,decontamination-services,,,,
Local Businesses,local-business,16,"Cleaning, Restoration & Pest Services",cleaning-restoration-pest-services,89,Disinfection Services,disinfection-services,,,,
Local Businesses,local-business,16,"Cleaning, Restoration & Pest Services",cleaning-restoration-pest-services,90,COVID Disinfection Services,covid-disinfection-services,,,,
Local Businesses,local-business,16,"Cleaning, Restoration & Pest Services",cleaning-restoration-pest-services,91,Coronavirus Sanitization,coronavirus-sanitization,,,,
Local Businesses,local-business,16,"Cleaning, Restoration & Pest Services",cleaning-restoration-pest-services,92,Hospital-Grade Disinfection,hospital-grade-disinfection,,,,
Local Businesses,local-business,17,Pet Services & Pet Care,pet-services-pet-care,1,Veterinarians,veterinarians,,,,
Local Businesses,local-business,17,Pet Services & Pet Care,pet-services-pet-care,2,Family Veterinarians,family-veterinarians,,,,
Local Businesses,local-business,17,Pet Services & Pet Care,pet-services-pet-care,3,Mobile Veterinarians,mobile-veterinarians,1,Veterinary,Mobile Vet,veterinary-mobile-vet
Local Businesses,local-business,17,Pet Services & Pet Care,pet-services-pet-care,4,Holistic Veterinarians,holistic-veterinarians,1,Veterinary,Holistic Vet,veterinary-holistic-vet
Local Businesses,local-business,17,Pet Services & Pet Care,pet-services-pet-care,5,Integrative Veterinarians,integrative-veterinarians,,,,
Local Businesses,local-business,17,Pet Services & Pet Care,pet-services-pet-care,6,Emergency Veterinarians,emergency-veterinarians,1,Veterinary,Emergency Vet,veterinary-emergency-vet
Local Businesses,local-business,17,Pet Services & Pet Care,pet-services-pet-care,7,24-Hour Animal Hospitals,24-hour-animal-hospitals,,,,
Local Businesses,local-business,17,Pet Services & Pet Care,pet-services-pet-care,8,Animal ER,animal-er,,,,
Local Businesses,local-business,17,Pet Services & Pet Care,pet-services-pet-care,9,Specialty Animal Hospitals,specialty-animal-hospitals,1,Pet Specialty,Animal Rescue,pet-specialty-animal-rescue
Local Businesses,local-business,17,Pet Services & Pet Care,pet-services-pet-care,10,Veterinary Cardiologists,veterinary-cardiologists,,,,
Local Businesses,local-business,17,Pet Services & Pet Care,pet-services-pet-care,11,Veterinary Oncologists,veterinary-oncologists,,,,
Local Businesses,local-business,17,Pet Services & Pet Care,pet-services-pet-care,12,Veterinary Dermatologists,veterinary-dermatologists,,,,
Local Businesses,local-business,17,Pet Services & Pet Care,pet-services-pet-care,13,Veterinary Ophthalmologists,veterinary-ophthalmologists,,,,
Local Businesses,local-business,17,Pet Services & Pet Care,pet-services-pet-care,14,Veterinary Dentists,veterinary-dentists,,,,
Local Businesses,local-business,17,Pet Services & Pet Care,pet-services-pet-care,15,Veterinary Surgeons,veterinary-surgeons,,,,
Local Businesses,local-business,17,Pet Services & Pet Care,pet-services-pet-care,16,Veterinary Neurologists,veterinary-neurologists,,,,
Local Businesses,local-business,17,Pet Services & Pet Care,pet-services-pet-care,17,Equine Veterinarians,equine-veterinarians,1,Veterinary,Equine Vet,veterinary-equine-vet
Local Businesses,local-business,17,Pet Services & Pet Care,pet-services-pet-care,18,Large Animal Veterinarians,large-animal-veterinarians,1,Veterinary,Large Animal Vet,veterinary-large-animal-vet
Local Businesses,local-business,17,Pet Services & Pet Care,pet-services-pet-care,19,Farm Animal Veterinarians,farm-animal-veterinarians,,,,
Local Businesses,local-business,17,Pet Services & Pet Care,pet-services-pet-care,20,Exotic Pet Veterinarians,exotic-pet-veterinarians,1,Veterinary,General Vet,veterinary-general-vet
Local Businesses,local-business,17,Pet Services & Pet Care,pet-services-pet-care,20,Exotic Pet Veterinarians,exotic-pet-veterinarians,2,Veterinary,Specialty Vet,veterinary-specialty-vet
Local Businesses,local-business,17,Pet Services & Pet Care,pet-services-pet-care,20,Exotic Pet Veterinarians,exotic-pet-veterinarians,3,Veterinary,Dental Vet,veterinary-dental-vet
Local Businesses,local-business,17,Pet Services & Pet Care,pet-services-pet-care,20,Exotic Pet Veterinarians,exotic-pet-veterinarians,4,Veterinary,Surgical Vet,veterinary-surgical-vet
Local Businesses,local-business,17,Pet Services & Pet Care,pet-services-pet-care,20,Exotic Pet Veterinarians,exotic-pet-veterinarians,5,Veterinary,Exotic Pet Vet,veterinary-exotic-pet-vet
Local Businesses,local-business,17,Pet Services & Pet Care,pet-services-pet-care,21,Reptile Veterinarians,reptile-veterinarians,,,,
Local Businesses,local-business,17,Pet Services & Pet Care,pet-services-pet-care,22,Bird Veterinarians,bird-veterinarians,,,,
Local Businesses,local-business,17,Pet Services & Pet Care,pet-services-pet-care,23,Avian Vets,avian-vets,,,,
Local Businesses,local-business,17,Pet Services & Pet Care,pet-services-pet-care,24,Small Mammal Veterinarians,small-mammal-veterinarians,,,,
Local Businesses,local-business,17,Pet Services & Pet Care,pet-services-pet-care,25,Pocket Pet Veterinarians,pocket-pet-veterinarians,,,,
Local Businesses,local-business,17,Pet Services & Pet Care,pet-services-pet-care,26,Fish Veterinarians,fish-veterinarians,,,,
Local Businesses,local-business,17,Pet Services & Pet Care,pet-services-pet-care,27,Aquatic Veterinarians,aquatic-veterinarians,,,,
Local Businesses,local-business,17,Pet Services & Pet Care,pet-services-pet-care,28,Wildlife Rehabilitators,wildlife-rehabilitators,,,,
Local Businesses,local-business,17,Pet Services & Pet Care,pet-services-pet-care,29,Pet Acupuncturists,pet-acupuncturists,,,,
Local Businesses,local-business,17,Pet Services & Pet Care,pet-services-pet-care,30,Pet Chiropractors,pet-chiropractors,,,,
Local Businesses,local-business,17,Pet Services & Pet Care,pet-services-pet-care,31,Pet Physical Therapists,pet-physical-therapists,1,Rehabilitation,Physical Therapist,rehabilitation-physical-therapist
Local Businesses,local-business,17,Pet Services & Pet Care,pet-services-pet-care,31,Pet Physical Therapists,pet-physical-therapists,2,Rehabilitation,Occupational Therapist,rehabilitation-occupational-therapist
Local Businesses,local-business,17,Pet Services & Pet Care,pet-services-pet-care,31,Pet Physical Therapists,pet-physical-therapists,3,Rehabilitation,Speech Therapist,rehabilitation-speech-therapist
Local Businesses,local-business,17,Pet Services & Pet Care,pet-services-pet-care,32,Pet Hydrotherapy Centers,pet-hydrotherapy-centers,,,,
Local Businesses,local-business,17,Pet Services & Pet Care,pet-services-pet-care,33,Pet Rehab Centers,pet-rehab-centers,,,,
Local Businesses,local-business,17,Pet Services & Pet Care,pet-services-pet-care,34,Pet Hospice Services,pet-hospice-services,1,Pet Specialty,Pet Bakery,pet-specialty-pet-bakery
Local Businesses,local-business,17,Pet Services & Pet Care,pet-services-pet-care,34,Pet Hospice Services,pet-hospice-services,2,Pet Specialty,Pet Spa,pet-specialty-pet-spa
Local Businesses,local-business,17,Pet Services & Pet Care,pet-services-pet-care,34,Pet Hospice Services,pet-hospice-services,3,Pet Specialty,Pet Funeral,pet-specialty-pet-funeral
Local Businesses,local-business,17,Pet Services & Pet Care,pet-services-pet-care,34,Pet Hospice Services,pet-hospice-services,4,Pet Specialty,Aquarium Maintenance,pet-specialty-aquarium-maintenance
Local Businesses,local-business,17,Pet Services & Pet Care,pet-services-pet-care,34,Pet Hospice Services,pet-hospice-services,5,Pet Specialty,Dog Park,pet-specialty-dog-park
Local Businesses,local-business,17,Pet Services & Pet Care,pet-services-pet-care,35,In-Home Pet Euthanasia,in-home-pet-euthanasia,,,,
Local Businesses,local-business,17,Pet Services & Pet Care,pet-services-pet-care,36,Pet Cremation Services,pet-cremation-services,,,,
Local Businesses,local-business,17,Pet Services & Pet Care,pet-services-pet-care,37,Pet Memorial Services,pet-memorial-services,,,,
Local Businesses,local-business,17,Pet Services & Pet Care,pet-services-pet-care,38,Pet Burial Services,pet-burial-services,,,,
Local Businesses,local-business,17,Pet Services & Pet Care,pet-services-pet-care,39,Pet Cemeteries,pet-cemeteries,,,,
Local Businesses,local-business,17,Pet Services & Pet Care,pet-services-pet-care,40,Pet Taxidermy Services,pet-taxidermy-services,,,,
Local Businesses,local-business,17,Pet Services & Pet Care,pet-services-pet-care,41,Pet Groomers,pet-groomers,1,Pet Care,Pet Grooming,pet-care-pet-grooming
Local Businesses,local-business,17,Pet Services & Pet Care,pet-services-pet-care,41,Pet Groomers,pet-groomers,2,Pet Supplies,Pet Grooming Supplies,pet-supplies-pet-grooming-supplies
Local Businesses,local-business,17,Pet Services & Pet Care,pet-services-pet-care,42,Mobile Pet Groomers,mobile-pet-groomers,,,,
Local Businesses,local-business,17,Pet Services & Pet Care,pet-services-pet-care,43,Self-Service Dog Wash,self-service-dog-wash,,,,
Local Businesses,local-business,17,Pet Services & Pet Care,pet-services-pet-care,44,Cat Groomers,cat-groomers,,,,
Local Businesses,local-business,17,Pet Services & Pet Care,pet-services-pet-care,45,Dog Spa Services,dog-spa-services,,,,
Local Businesses,local-business,17,Pet Services & Pet Care,pet-services-pet-care,46,Show Dog Groomers,show-dog-groomers,,,,
Local Businesses,local-business,17,Pet Services & Pet Care,pet-services-pet-care,47,Hand Stripping Groomers,hand-stripping-groomers,,,,
Local Businesses,local-business,17,Pet Services & Pet Care,pet-services-pet-care,48,Asian Fusion Pet Grooming,asian-fusion-pet-grooming,,,,
Local Businesses,local-business,17,Pet Services & Pet Care,pet-services-pet-care,49,Express Pet Grooming,express-pet-grooming,,,,
Local Businesses,local-business,17,Pet Services & Pet Care,pet-services-pet-care,50,Senior Pet Grooming,senior-pet-grooming,1,Elderly Services,Assisted Living,elderly-services-assisted-living
Local Businesses,local-business,17,Pet Services & Pet Care,pet-services-pet-care,50,Senior Pet Grooming,senior-pet-grooming,2,Elderly Services,Meals on Wheels,elderly-services-meals-on-wheels
Local Businesses,local-business,17,Pet Services & Pet Care,pet-services-pet-care,50,Senior Pet Grooming,senior-pet-grooming,3,Elderly Services,Senior Transport,elderly-services-senior-transport
Local Businesses,local-business,17,Pet Services & Pet Care,pet-services-pet-care,50,Senior Pet Grooming,senior-pet-grooming,4,Elderly Services,Senior Fitness,elderly-services-senior-fitness
Local Businesses,local-business,17,Pet Services & Pet Care,pet-services-pet-care,51,Anxiety-Free Pet Grooming,anxiety-free-pet-grooming,,,,
Local Businesses,local-business,17,Pet Services & Pet Care,pet-services-pet-care,52,Pet Daycare,pet-daycare,1,Pet Care,Dog Daycare,pet-care-dog-daycare
Local Businesses,local-business,17,Pet Services & Pet Care,pet-services-pet-care,53,Doggy Daycare Centers,doggy-daycare-centers,,,,
Local Businesses,local-business,17,Pet Services & Pet Care,pet-services-pet-care,54,Cat Daycare,cat-daycare,,,,
Local Businesses,local-business,17,Pet Services & Pet Care,pet-services-pet-care,55,Cage-Free Dog Boarding,cage-free-dog-boarding,,,,
Local Businesses,local-business,17,Pet Services & Pet Care,pet-services-pet-care,56,Luxury Pet Boarding,luxury-pet-boarding,1,Pet Care,Dog Boarding,pet-care-dog-boarding
Local Businesses,local-business,17,Pet Services & Pet Care,pet-services-pet-care,56,Luxury Pet Boarding,luxury-pet-boarding,2,Pet Care,Cat Boarding,pet-care-cat-boarding
Local Businesses,local-business,17,Pet Services & Pet Care,pet-services-pet-care,57,Pet Hotels,pet-hotels,,,,
Local Businesses,local-business,17,Pet Services & Pet Care,pet-services-pet-care,58,Pet Resorts,pet-resorts,,,,
Local Businesses,local-business,17,Pet Services & Pet Care,pet-services-pet-care,59,Cat Boarding,cat-boarding,,,,
Local Businesses,local-business,17,Pet Services & Pet Care,pet-services-pet-care,60,Dog Boarding Kennels,dog-boarding-kennels,,,,
Local Businesses,local-business,17,Pet Services & Pet Care,pet-services-pet-care,61,In-Home Pet Boarding,in-home-pet-boarding,,,,
Local Businesses,local-business,17,Pet Services & Pet Care,pet-services-pet-care,62,Pet Sitting Services,pet-sitting-services,1,Pet Care,Pet Sitting,pet-care-pet-sitting
Local Businesses,local-business,17,Pet Services & Pet Care,pet-services-pet-care,63,Cat Sitting Services,cat-sitting-services,,,,
Local Businesses,local-business,17,Pet Services & Pet Care,pet-services-pet-care,64,Pet Visit Services,pet-visit-services,,,,
Local Businesses,local-business,17,Pet Services & Pet Care,pet-services-pet-care,65,Pet Drop-In Services,pet-drop-in-services,,,,
Local Businesses,local-business,17,Pet Services & Pet Care,pet-services-pet-care,66,Overnight Pet Sitting,overnight-pet-sitting,,,,
Local Businesses,local-business,17,Pet Services & Pet Care,pet-services-pet-care,67,Vacation Pet Care,vacation-pet-care,1,Pet Care,Pet Training,pet-care-pet-training
Local Businesses,local-business,17,Pet Services & Pet Care,pet-services-pet-care,67,Vacation Pet Care,vacation-pet-care,2,Pet Care,Dog Obedience,pet-care-dog-obedience
Local Businesses,local-business,17,Pet Services & Pet Care,pet-services-pet-care,67,Vacation Pet Care,vacation-pet-care,3,Pet Care,Puppy Training,pet-care-puppy-training
Local Businesses,local-business,17,Pet Services & Pet Care,pet-services-pet-care,67,Vacation Pet Care,vacation-pet-care,4,Pet Care,Behavioral Training,pet-care-behavioral-training
Local Businesses,local-business,17,Pet Services & Pet Care,pet-services-pet-care,68,Dog Walking Services,dog-walking-services,1,Pet Care,Dog Walking,pet-care-dog-walking
Local Businesses,local-business,17,Pet Services & Pet Care,pet-services-pet-care,69,Group Dog Walking,group-dog-walking,,,,
Local Businesses,local-business,17,Pet Services & Pet Care,pet-services-pet-care,70,Solo Dog Walking,solo-dog-walking,,,,
Local Businesses,local-business,17,Pet Services & Pet Care,pet-services-pet-care,71,Senior Dog Walking,senior-dog-walking,,,,
Local Businesses,local-business,17,Pet Services & Pet Care,pet-services-pet-care,72,Puppy Walking Services,puppy-walking-services,,,,
Local Businesses,local-business,17,Pet Services & Pet Care,pet-services-pet-care,73,Reactive Dog Walking,reactive-dog-walking,,,,
Local Businesses,local-business,17,Pet Services & Pet Care,pet-services-pet-care,74,Dog Hiking Adventures,dog-hiking-adventures,,,,
Local Businesses,local-business,17,Pet Services & Pet Care,pet-services-pet-care,75,Dog Park Field Trips,dog-park-field-trips,,,,
Local Businesses,local-business,17,Pet Services & Pet Care,pet-services-pet-care,76,Pet Taxi Services,pet-taxi-services,1,Pet Specialty,Pet Taxi,pet-specialty-pet-taxi
Local Businesses,local-business,17,Pet Services & Pet Care,pet-services-pet-care,77,Pet Transportation Services,pet-transportation-services,,,,
Local Businesses,local-business,17,Pet Services & Pet Care,pet-services-pet-care,78,Long-Distance Pet Transport,long-distance-pet-transport,,,,
Local Businesses,local-business,17,Pet Services & Pet Care,pet-services-pet-care,79,Pet Relocation Services,pet-relocation-services,,,,
Local Businesses,local-business,17,Pet Services & Pet Care,pet-services-pet-care,80,Pet Air Travel Services,pet-air-travel-services,,,,
Local Businesses,local-business,17,Pet Services & Pet Care,pet-services-pet-care,81,Dog Trainers,dog-trainers,,,,
Local Businesses,local-business,17,Pet Services & Pet Care,pet-services-pet-care,82,Puppy Trainers,puppy-trainers,,,,
Local Businesses,local-business,17,Pet Services & Pet Care,pet-services-pet-care,83,Reactive Dog Trainers,reactive-dog-trainers,,,,
Local Businesses,local-business,17,Pet Services & Pet Care,pet-services-pet-care,84,Aggressive Dog Trainers,aggressive-dog-trainers,,,,
Local Businesses,local-business,17,Pet Services & Pet Care,pet-services-pet-care,85,Service Dog Trainers,service-dog-trainers,,,,
Local Businesses,local-business,17,Pet Services & Pet Care,pet-services-pet-care,86,Therapy Dog Trainers,therapy-dog-trainers,,,,
Local Businesses,local-business,17,Pet Services & Pet Care,pet-services-pet-care,87,Emotional Support Animal Trainers,emotional-support-animal-trainers,,,,
Local Businesses,local-business,17,Pet Services & Pet Care,pet-services-pet-care,88,Cat Trainers,cat-trainers,,,,
Local Businesses,local-business,17,Pet Services & Pet Care,pet-services-pet-care,89,Bird Trainers,bird-trainers,,,,
Local Businesses,local-business,17,Pet Services & Pet Care,pet-services-pet-care,90,In-Home Dog Training,in-home-dog-training,,,,
Local Businesses,local-business,17,Pet Services & Pet Care,pet-services-pet-care,91,Group Dog Training,group-dog-training,,,,
Local Businesses,local-business,17,Pet Services & Pet Care,pet-services-pet-care,92,Board & Train Programs,board-train-programs,,,,
Local Businesses,local-business,17,Pet Services & Pet Care,pet-services-pet-care,93,Dog Behaviorists,dog-behaviorists,,,,
Local Businesses,local-business,17,Pet Services & Pet Care,pet-services-pet-care,94,Cat Behaviorists,cat-behaviorists,,,,
Local Businesses,local-business,17,Pet Services & Pet Care,pet-services-pet-care,95,Pet Photographers,pet-photographers,1,Portrait & Family,Pet Photography,portrait-family-pet-photography
Local Businesses,local-business,17,Pet Services & Pet Care,pet-services-pet-care,95,Pet Photographers,pet-photographers,2,Pet Specialty,Pet Photography,pet-specialty-pet-photography
Local Businesses,local-business,17,Pet Services & Pet Care,pet-services-pet-care,96,Pet Portrait Studios,pet-portrait-studios,,,,
Local Businesses,local-business,17,Pet Services & Pet Care,pet-services-pet-care,97,Pet Holiday Photos,pet-holiday-photos,,,,
Local Businesses,local-business,17,Pet Services & Pet Care,pet-services-pet-care,98,Pet Stores,pet-stores,,,,
Local Businesses,local-business,17,Pet Services & Pet Care,pet-services-pet-care,99,Independent Pet Stores,independent-pet-stores,,,,
Local Businesses,local-business,17,Pet Services & Pet Care,pet-services-pet-care,100,Aquarium Stores,aquarium-stores,,,,
Local Businesses,local-business,17,Pet Services & Pet Care,pet-services-pet-care,101,Tropical Fish Stores,tropical-fish-stores,,,,
Local Businesses,local-business,17,Pet Services & Pet Care,pet-services-pet-care,102,Reptile Stores,reptile-stores,,,,
Local Businesses,local-business,17,Pet Services & Pet Care,pet-services-pet-care,103,Bird Stores,bird-stores,,,,
Local Businesses,local-business,17,Pet Services & Pet Care,pet-services-pet-care,104,Small Animal Stores,small-animal-stores,,,,
Local Businesses,local-business,17,Pet Services & Pet Care,pet-services-pet-care,105,Pet Supply Stores,pet-supply-stores,,,,
Local Businesses,local-business,17,Pet Services & Pet Care,pet-services-pet-care,106,Holistic Pet Food Stores,holistic-pet-food-stores,1,Prepared Meals,Food Tour,prepared-meals-food-tour
Local Businesses,local-business,17,Pet Services & Pet Care,pet-services-pet-care,107,Raw Pet Food Stores,raw-pet-food-stores,1,Pet Supplies,Raw Pet Food,pet-supplies-raw-pet-food
Local Businesses,local-business,17,Pet Services & Pet Care,pet-services-pet-care,108,Natural Pet Food Stores,natural-pet-food-stores,,,,
Local Businesses,local-business,17,Pet Services & Pet Care,pet-services-pet-care,109,Pet Bakeries,pet-bakeries,,,,
Local Businesses,local-business,17,Pet Services & Pet Care,pet-services-pet-care,110,Dog Treat Bakeries,dog-treat-bakeries,,,,
Local Businesses,local-business,17,Pet Services & Pet Care,pet-services-pet-care,111,Pet Birthday Cake Shops,pet-birthday-cake-shops,,,,
Local Businesses,local-business,17,Pet Services & Pet Care,pet-services-pet-care,112,Pet Adoption Centers,pet-adoption-centers,1,Pet Specialty,Pet Adoption,pet-specialty-pet-adoption
Local Businesses,local-business,17,Pet Services & Pet Care,pet-services-pet-care,113,Animal Shelters,animal-shelters,,,,
Local Businesses,local-business,17,Pet Services & Pet Care,pet-services-pet-care,114,Humane Societies,humane-societies,,,,
Local Businesses,local-business,17,Pet Services & Pet Care,pet-services-pet-care,115,Cat Rescues,cat-rescues,,,,
Local Businesses,local-business,17,Pet Services & Pet Care,pet-services-pet-care,116,Dog Rescues,dog-rescues,,,,
Local Businesses,local-business,17,Pet Services & Pet Care,pet-services-pet-care,117,Breed-Specific Rescues,breed-specific-rescues,,,,
Local Businesses,local-business,17,Pet Services & Pet Care,pet-services-pet-care,118,Senior Pet Rescues,senior-pet-rescues,,,,
Local Businesses,local-business,17,Pet Services & Pet Care,pet-services-pet-care,119,Special Needs Pet Rescues,special-needs-pet-rescues,,,,
Local Businesses,local-business,17,Pet Services & Pet Care,pet-services-pet-care,120,Wildlife Rescues,wildlife-rescues,,,,
Local Businesses,local-business,17,Pet Services & Pet Care,pet-services-pet-care,121,Farm Animal Sanctuaries,farm-animal-sanctuaries,,,,
Local Businesses,local-business,17,Pet Services & Pet Care,pet-services-pet-care,122,Pet Insurance Agents,pet-insurance-agents,1,Pet Specialty,Pet Insurance Agent,pet-specialty-pet-insurance-agent
Local Businesses,local-business,17,Pet Services & Pet Care,pet-services-pet-care,123,Pet Dental Cleaning Services,pet-dental-cleaning-services,1,General Dental,Dental Cleaning,general-dental-dental-cleaning
Local Businesses,local-business,17,Pet Services & Pet Care,pet-services-pet-care,124,Anesthesia-Free Pet Dental,anesthesia-free-pet-dental,,,,
Local Businesses,local-business,17,Pet Services & Pet Care,pet-services-pet-care,125,Pet Microchipping Services,pet-microchipping-services,,,,
Local Businesses,local-business,17,Pet Services & Pet Care,pet-services-pet-care,126,Pet Nail Trimming Services,pet-nail-trimming-services,,,,
Local Businesses,local-business,17,Pet Services & Pet Care,pet-services-pet-care,127,Pet Bath Services,pet-bath-services,,,,
Local Businesses,local-business,17,Pet Services & Pet Care,pet-services-pet-care,128,Flea Bath Services,flea-bath-services,,,,
Local Businesses,local-business,17,Pet Services & Pet Care,pet-services-pet-care,129,Pet Pickup Service,pet-pickup-service,,,,
Local Businesses,local-business,18,"Schools, Tutoring & Test Prep",schools-tutoring-test-prep,1,Private Elementary Schools,private-elementary-schools,,,,
Local Businesses,local-business,18,"Schools, Tutoring & Test Prep",schools-tutoring-test-prep,2,Private Middle Schools,private-middle-schools,,,,
Local Businesses,local-business,18,"Schools, Tutoring & Test Prep",schools-tutoring-test-prep,3,Private High Schools,private-high-schools,,,,
Local Businesses,local-business,18,"Schools, Tutoring & Test Prep",schools-tutoring-test-prep,4,Catholic Schools,catholic-schools,,,,
Local Businesses,local-business,18,"Schools, Tutoring & Test Prep",schools-tutoring-test-prep,5,Christian Schools,christian-schools,,,,
Local Businesses,local-business,18,"Schools, Tutoring & Test Prep",schools-tutoring-test-prep,6,Jewish Day Schools,jewish-day-schools,,,,
Local Businesses,local-business,18,"Schools, Tutoring & Test Prep",schools-tutoring-test-prep,7,Islamic Schools,islamic-schools,,,,
Local Businesses,local-business,18,"Schools, Tutoring & Test Prep",schools-tutoring-test-prep,8,Quaker Schools,quaker-schools,,,,
Local Businesses,local-business,18,"Schools, Tutoring & Test Prep",schools-tutoring-test-prep,9,Waldorf Schools,waldorf-schools,,,,
Local Businesses,local-business,18,"Schools, Tutoring & Test Prep",schools-tutoring-test-prep,10,Montessori Schools,montessori-schools,,,,
Local Businesses,local-business,18,"Schools, Tutoring & Test Prep",schools-tutoring-test-prep,11,Reggio Emilia Schools,reggio-emilia-schools,,,,
Local Businesses,local-business,18,"Schools, Tutoring & Test Prep",schools-tutoring-test-prep,12,Charter Schools,charter-schools,,,,
Local Businesses,local-business,18,"Schools, Tutoring & Test Prep",schools-tutoring-test-prep,13,Magnet Schools,magnet-schools,,,,
Local Businesses,local-business,18,"Schools, Tutoring & Test Prep",schools-tutoring-test-prep,14,International Baccalaureate Schools,international-baccalaureate-schools,1,Driving Schools,International License,driving-schools-international-license
Local Businesses,local-business,18,"Schools, Tutoring & Test Prep",schools-tutoring-test-prep,15,STEM Schools,stem-schools,,,,
Local Businesses,local-business,18,"Schools, Tutoring & Test Prep",schools-tutoring-test-prep,16,Arts Magnet Schools,arts-magnet-schools,,,,
Local Businesses,local-business,18,"Schools, Tutoring & Test Prep",schools-tutoring-test-prep,17,Performing Arts Schools,performing-arts-schools,,,,
Local Businesses,local-business,18,"Schools, Tutoring & Test Prep",schools-tutoring-test-prep,18,Boarding Schools,boarding-schools,,,,
Local Businesses,local-business,18,"Schools, Tutoring & Test Prep",schools-tutoring-test-prep,19,Therapeutic Boarding Schools,therapeutic-boarding-schools,,,,
Local Businesses,local-business,18,"Schools, Tutoring & Test Prep",schools-tutoring-test-prep,20,Military Schools,military-schools,,,,
Local Businesses,local-business,18,"Schools, Tutoring & Test Prep",schools-tutoring-test-prep,21,Military Academies,military-academies,,,,
Local Businesses,local-business,18,"Schools, Tutoring & Test Prep",schools-tutoring-test-prep,22,Special Education Schools,special-education-schools,1,Public Education,Special Education School,public-education-special-education-school
Local Businesses,local-business,18,"Schools, Tutoring & Test Prep",schools-tutoring-test-prep,22,Special Education Schools,special-education-schools,2,Continuing Education,Trade School,continuing-education-trade-school
Local Businesses,local-business,18,"Schools, Tutoring & Test Prep",schools-tutoring-test-prep,22,Special Education Schools,special-education-schools,3,Specialized Education,Art School,specialized-education-art-school
Local Businesses,local-business,18,"Schools, Tutoring & Test Prep",schools-tutoring-test-prep,22,Special Education Schools,special-education-schools,4,Specialized Education,Music School,specialized-education-music-school
Local Businesses,local-business,18,"Schools, Tutoring & Test Prep",schools-tutoring-test-prep,22,Special Education Schools,special-education-schools,5,Specialized Education,Culinary School,specialized-education-culinary-school
Local Businesses,local-business,18,"Schools, Tutoring & Test Prep",schools-tutoring-test-prep,22,Special Education Schools,special-education-schools,6,Specialized Education,Flight School,specialized-education-flight-school
Local Businesses,local-business,18,"Schools, Tutoring & Test Prep",schools-tutoring-test-prep,22,Special Education Schools,special-education-schools,7,Specialized Education,Language School,specialized-education-language-school
Local Businesses,local-business,18,"Schools, Tutoring & Test Prep",schools-tutoring-test-prep,22,Special Education Schools,special-education-schools,8,Specialized Education,Acting School,specialized-education-acting-school
Local Businesses,local-business,18,"Schools, Tutoring & Test Prep",schools-tutoring-test-prep,22,Special Education Schools,special-education-schools,9,Specialized Education,Photography School,specialized-education-photography-school
Local Businesses,local-business,18,"Schools, Tutoring & Test Prep",schools-tutoring-test-prep,22,Special Education Schools,special-education-schools,10,Specialized Education,Fashion School,specialized-education-fashion-school
Local Businesses,local-business,18,"Schools, Tutoring & Test Prep",schools-tutoring-test-prep,22,Special Education Schools,special-education-schools,11,Specialized Education,Beauty School,specialized-education-beauty-school
Local Businesses,local-business,18,"Schools, Tutoring & Test Prep",schools-tutoring-test-prep,22,Special Education Schools,special-education-schools,12,Specialized Education,Barber School,specialized-education-barber-school
Local Businesses,local-business,18,"Schools, Tutoring & Test Prep",schools-tutoring-test-prep,23,Schools for Dyslexia,schools-for-dyslexia,,,,
Local Businesses,local-business,18,"Schools, Tutoring & Test Prep",schools-tutoring-test-prep,24,Schools for Autism,schools-for-autism,,,,
Local Businesses,local-business,18,"Schools, Tutoring & Test Prep",schools-tutoring-test-prep,25,Schools for Gifted Children,schools-for-gifted-children,,,,
Local Businesses,local-business,18,"Schools, Tutoring & Test Prep",schools-tutoring-test-prep,26,Twice-Exceptional Schools,twice-exceptional-schools,,,,
Local Businesses,local-business,18,"Schools, Tutoring & Test Prep",schools-tutoring-test-prep,27,Online K-12 Schools,online-k-12-schools,,,,
Local Businesses,local-business,18,"Schools, Tutoring & Test Prep",schools-tutoring-test-prep,28,Virtual Schools,virtual-schools,,,,
Local Businesses,local-business,18,"Schools, Tutoring & Test Prep",schools-tutoring-test-prep,29,Hybrid Schools,hybrid-schools,,,,
Local Businesses,local-business,18,"Schools, Tutoring & Test Prep",schools-tutoring-test-prep,30,Microschools,microschools,,,,
Local Businesses,local-business,18,"Schools, Tutoring & Test Prep",schools-tutoring-test-prep,31,Learning Pods,learning-pods,,,,
Local Businesses,local-business,18,"Schools, Tutoring & Test Prep",schools-tutoring-test-prep,32,Homeschool Co-ops,homeschool-co-ops,,,,
Local Businesses,local-business,18,"Schools, Tutoring & Test Prep",schools-tutoring-test-prep,33,Homeschool Resource Centers,homeschool-resource-centers,,,,
Local Businesses,local-business,18,"Schools, Tutoring & Test Prep",schools-tutoring-test-prep,34,Tutoring Centers,tutoring-centers,1,Academic Tutoring,English Tutoring,academic-tutoring-english-tutoring
Local Businesses,local-business,18,"Schools, Tutoring & Test Prep",schools-tutoring-test-prep,34,Tutoring Centers,tutoring-centers,2,Academic Tutoring,History Tutoring,academic-tutoring-history-tutoring
Local Businesses,local-business,18,"Schools, Tutoring & Test Prep",schools-tutoring-test-prep,34,Tutoring Centers,tutoring-centers,3,Academic Tutoring,IB Program Tutoring,academic-tutoring-ib-program-tutoring
Local Businesses,local-business,18,"Schools, Tutoring & Test Prep",schools-tutoring-test-prep,34,Tutoring Centers,tutoring-centers,4,Academic Tutoring,Homeschool Support,academic-tutoring-homeschool-support
Local Businesses,local-business,18,"Schools, Tutoring & Test Prep",schools-tutoring-test-prep,35,Math Tutoring Centers,math-tutoring-centers,1,Academic Tutoring,Math Tutoring,academic-tutoring-math-tutoring
Local Businesses,local-business,18,"Schools, Tutoring & Test Prep",schools-tutoring-test-prep,36,Reading Tutoring Centers,reading-tutoring-centers,1,Academic Tutoring,Reading Tutoring,academic-tutoring-reading-tutoring
Local Businesses,local-business,18,"Schools, Tutoring & Test Prep",schools-tutoring-test-prep,37,Writing Tutoring Centers,writing-tutoring-centers,1,Academic Tutoring,Writing Tutoring,academic-tutoring-writing-tutoring
Local Businesses,local-business,18,"Schools, Tutoring & Test Prep",schools-tutoring-test-prep,38,Science Tutoring Centers,science-tutoring-centers,1,Academic Tutoring,Science Tutoring,academic-tutoring-science-tutoring
Local Businesses,local-business,18,"Schools, Tutoring & Test Prep",schools-tutoring-test-prep,39,Language Tutoring Centers,language-tutoring-centers,1,Academic Tutoring,Foreign Language Tutoring,academic-tutoring-foreign-language-tutoring
Local Businesses,local-business,18,"Schools, Tutoring & Test Prep",schools-tutoring-test-prep,40,ESL Tutoring,esl-tutoring,,,,
Local Businesses,local-business,18,"Schools, Tutoring & Test Prep",schools-tutoring-test-prep,41,Online Tutoring Services,online-tutoring-services,,,,
Local Businesses,local-business,18,"Schools, Tutoring & Test Prep",schools-tutoring-test-prep,42,In-Home Tutors,in-home-tutors,,,,
Local Businesses,local-business,18,"Schools, Tutoring & Test Prep",schools-tutoring-test-prep,43,Private Tutors,private-tutors,,,,
Local Businesses,local-business,18,"Schools, Tutoring & Test Prep",schools-tutoring-test-prep,44,Group Tutoring,group-tutoring,,,,
Local Businesses,local-business,18,"Schools, Tutoring & Test Prep",schools-tutoring-test-prep,45,Peer Tutoring Programs,peer-tutoring-programs,,,,
Local Businesses,local-business,18,"Schools, Tutoring & Test Prep",schools-tutoring-test-prep,46,Math Olympiad Coaches,math-olympiad-coaches,,,,
Local Businesses,local-business,18,"Schools, Tutoring & Test Prep",schools-tutoring-test-prep,47,Science Olympiad Coaches,science-olympiad-coaches,,,,
Local Businesses,local-business,18,"Schools, Tutoring & Test Prep",schools-tutoring-test-prep,48,Debate Coaches,debate-coaches,,,,
Local Businesses,local-business,18,"Schools, Tutoring & Test Prep",schools-tutoring-test-prep,49,Mock Trial Coaches,mock-trial-coaches,,,,
Local Businesses,local-business,18,"Schools, Tutoring & Test Prep",schools-tutoring-test-prep,50,Speech Coaches,speech-coaches,,,,
Local Businesses,local-business,18,"Schools, Tutoring & Test Prep",schools-tutoring-test-prep,51,Reading Specialists,reading-specialists,,,,
Local Businesses,local-business,18,"Schools, Tutoring & Test Prep",schools-tutoring-test-prep,52,Dyslexia Tutors,dyslexia-tutors,,,,
Local Businesses,local-business,18,"Schools, Tutoring & Test Prep",schools-tutoring-test-prep,53,Orton-Gillingham Tutors,orton-gillingham-tutors,,,,
Local Businesses,local-business,18,"Schools, Tutoring & Test Prep",schools-tutoring-test-prep,54,Wilson Reading Tutors,wilson-reading-tutors,,,,
Local Businesses,local-business,18,"Schools, Tutoring & Test Prep",schools-tutoring-test-prep,55,Lindamood-Bell Centers,lindamood-bell-centers,,,,
Local Businesses,local-business,18,"Schools, Tutoring & Test Prep",schools-tutoring-test-prep,56,Educational Therapists,educational-therapists,,,,
Local Businesses,local-business,18,"Schools, Tutoring & Test Prep",schools-tutoring-test-prep,57,Learning Disability Specialists,learning-disability-specialists,,,,
Local Businesses,local-business,18,"Schools, Tutoring & Test Prep",schools-tutoring-test-prep,58,Executive Function Coaches,executive-function-coaches,,,,
Local Businesses,local-business,18,"Schools, Tutoring & Test Prep",schools-tutoring-test-prep,59,ADHD Coaches for Students,adhd-coaches-for-students,,,,
Local Businesses,local-business,18,"Schools, Tutoring & Test Prep",schools-tutoring-test-prep,60,Study Skills Coaches,study-skills-coaches,,,,
Local Businesses,local-business,18,"Schools, Tutoring & Test Prep",schools-tutoring-test-prep,61,SAT Prep Centers,sat-prep-centers,,,,
Local Businesses,local-business,18,"Schools, Tutoring & Test Prep",schools-tutoring-test-prep,62,ACT Prep Centers,act-prep-centers,1,Test Prep,ACT Prep,test-prep-act-prep
Local Businesses,local-business,18,"Schools, Tutoring & Test Prep",schools-tutoring-test-prep,63,PSAT Prep,psat-prep,,,,
Local Businesses,local-business,18,"Schools, Tutoring & Test Prep",schools-tutoring-test-prep,64,AP Exam Prep,ap-exam-prep,1,Academic Tutoring,AP Exam Prep,academic-tutoring-ap-exam-prep
Local Businesses,local-business,18,"Schools, Tutoring & Test Prep",schools-tutoring-test-prep,65,IB Exam Prep,ib-exam-prep,,,,
Local Businesses,local-business,18,"Schools, Tutoring & Test Prep",schools-tutoring-test-prep,66,ISEE Prep,isee-prep,,,,
Local Businesses,local-business,18,"Schools, Tutoring & Test Prep",schools-tutoring-test-prep,67,SSAT Prep,ssat-prep,,,,
Local Businesses,local-business,18,"Schools, Tutoring & Test Prep",schools-tutoring-test-prep,68,HSPT Prep,hspt-prep,,,,
Local Businesses,local-business,18,"Schools, Tutoring & Test Prep",schools-tutoring-test-prep,69,TOEFL Prep,toefl-prep,1,Test Prep,TOEFL Prep,test-prep-toefl-prep
Local Businesses,local-business,18,"Schools, Tutoring & Test Prep",schools-tutoring-test-prep,70,IELTS Prep,ielts-prep,1,Test Prep,IELTS Prep,test-prep-ielts-prep
Local Businesses,local-business,18,"Schools, Tutoring & Test Prep",schools-tutoring-test-prep,71,TOEIC Prep,toeic-prep,,,,
Local Businesses,local-business,18,"Schools, Tutoring & Test Prep",schools-tutoring-test-prep,72,Cambridge English Prep,cambridge-english-prep,,,,
Local Businesses,local-business,18,"Schools, Tutoring & Test Prep",schools-tutoring-test-prep,73,Citizenship Test Prep,citizenship-test-prep,1,Test Prep,GRE Prep,test-prep-gre-prep
Local Businesses,local-business,18,"Schools, Tutoring & Test Prep",schools-tutoring-test-prep,73,Citizenship Test Prep,citizenship-test-prep,2,Test Prep,GMAT Prep,test-prep-gmat-prep
Local Businesses,local-business,18,"Schools, Tutoring & Test Prep",schools-tutoring-test-prep,73,Citizenship Test Prep,citizenship-test-prep,3,Test Prep,LSAT Prep,test-prep-lsat-prep
Local Businesses,local-business,18,"Schools, Tutoring & Test Prep",schools-tutoring-test-prep,73,Citizenship Test Prep,citizenship-test-prep,4,Test Prep,MCAT Prep,test-prep-mcat-prep
Local Businesses,local-business,18,"Schools, Tutoring & Test Prep",schools-tutoring-test-prep,73,Citizenship Test Prep,citizenship-test-prep,5,Test Prep,GED Prep,test-prep-ged-prep
Local Businesses,local-business,18,"Schools, Tutoring & Test Prep",schools-tutoring-test-prep,73,Citizenship Test Prep,citizenship-test-prep,6,Test Prep,Professional Certification Prep,test-prep-professional-certification-prep
Local Businesses,local-business,18,"Schools, Tutoring & Test Prep",schools-tutoring-test-prep,74,DMV Test Prep,dmv-test-prep,,,,
Local Businesses,local-business,18,"Schools, Tutoring & Test Prep",schools-tutoring-test-prep,75,SAT II Subject Test Prep,sat-ii-subject-test-prep,1,Test Prep,SAT Prep,test-prep-sat-prep
Local Businesses,local-business,18,"Schools, Tutoring & Test Prep",schools-tutoring-test-prep,76,Pre-K Test Prep,pre-k-test-prep,,,,
Local Businesses,local-business,18,"Schools, Tutoring & Test Prep",schools-tutoring-test-prep,77,Kindergarten Readiness Programs,kindergarten-readiness-programs,,,,
Local Businesses,local-business,18,"Schools, Tutoring & Test Prep",schools-tutoring-test-prep,78,College Admissions Consultants,college-admissions-consultants,,,,
Local Businesses,local-business,18,"Schools, Tutoring & Test Prep",schools-tutoring-test-prep,79,Independent College Counselors,independent-college-counselors,,,,
Local Businesses,local-business,18,"Schools, Tutoring & Test Prep",schools-tutoring-test-prep,80,Application Essay Coaches,application-essay-coaches,,,,
Local Businesses,local-business,18,"Schools, Tutoring & Test Prep",schools-tutoring-test-prep,81,Scholarship Search Services,scholarship-search-services,,,,
Local Businesses,local-business,18,"Schools, Tutoring & Test Prep",schools-tutoring-test-prep,82,College Tour Services,college-tour-services,1,Prepared Meals,Brewery Tour,prepared-meals-brewery-tour
Local Businesses,local-business,18,"Schools, Tutoring & Test Prep",schools-tutoring-test-prep,83,BS/MD Application Consultants,bsmd-application-consultants,,,,
Local Businesses,local-business,18,"Schools, Tutoring & Test Prep",schools-tutoring-test-prep,84,Athletic Recruiting Consultants,athletic-recruiting-consultants,,,,
Local Businesses,local-business,18,"Schools, Tutoring & Test Prep",schools-tutoring-test-prep,85,Music Conservatory Consultants,music-conservatory-consultants,,,,
Local Businesses,local-business,18,"Schools, Tutoring & Test Prep",schools-tutoring-test-prep,86,Arts Portfolio Consultants,arts-portfolio-consultants,,,,
Local Businesses,local-business,19,Childcare & Early Childhood,childcare-early-childhood,1,Daycare Centers,daycare-centers,1,Daycare,Preschool,daycare-preschool
Local Businesses,local-business,19,Childcare & Early Childhood,childcare-early-childhood,1,Daycare Centers,daycare-centers,2,Daycare,After-School Care,daycare-after-school-care
Local Businesses,local-business,19,Childcare & Early Childhood,childcare-early-childhood,1,Daycare Centers,daycare-centers,3,Daycare,Summer Camp,daycare-summer-camp
Local Businesses,local-business,19,Childcare & Early Childhood,childcare-early-childhood,1,Daycare Centers,daycare-centers,4,Daycare,Babysitting,daycare-babysitting
Local Businesses,local-business,19,Childcare & Early Childhood,childcare-early-childhood,2,In-Home Daycare,in-home-daycare,,,,
Local Businesses,local-business,19,Childcare & Early Childhood,childcare-early-childhood,3,Licensed Family Daycare,licensed-family-daycare,,,,
Local Businesses,local-business,19,Childcare & Early Childhood,childcare-early-childhood,4,Home Daycare Providers,home-daycare-providers,,,,
Local Businesses,local-business,19,Childcare & Early Childhood,childcare-early-childhood,5,Infant Daycare,infant-daycare,1,Daycare,Infant Daycare,daycare-infant-daycare
Local Businesses,local-business,19,Childcare & Early Childhood,childcare-early-childhood,6,Toddler Daycare,toddler-daycare,1,Daycare,Toddler Daycare,daycare-toddler-daycare
Local Businesses,local-business,19,Childcare & Early Childhood,childcare-early-childhood,7,Drop-In Daycare,drop-in-daycare,1,Daycare,Drop-In Childcare,daycare-drop-in-childcare
Local Businesses,local-business,19,Childcare & Early Childhood,childcare-early-childhood,8,Hourly Childcare,hourly-childcare,1,Child Development,Montessori,child-development-montessori
Local Businesses,local-business,19,Childcare & Early Childhood,childcare-early-childhood,8,Hourly Childcare,hourly-childcare,2,Child Development,Waldorf,child-development-waldorf
Local Businesses,local-business,19,Childcare & Early Childhood,childcare-early-childhood,8,Hourly Childcare,hourly-childcare,3,Child Development,Reggio Emilia,child-development-reggio-emilia
Local Businesses,local-business,19,Childcare & Early Childhood,childcare-early-childhood,8,Hourly Childcare,hourly-childcare,4,Child Development,STEM Preschool,child-development-stem-preschool
Local Businesses,local-business,19,Childcare & Early Childhood,childcare-early-childhood,9,Date Night Childcare,date-night-childcare,,,,
Local Businesses,local-business,19,Childcare & Early Childhood,childcare-early-childhood,10,24-Hour Daycare,24-hour-daycare,,,,
Local Businesses,local-business,19,Childcare & Early Childhood,childcare-early-childhood,11,Evening Daycare,evening-daycare,,,,
Local Businesses,local-business,19,Childcare & Early Childhood,childcare-early-childhood,12,Weekend Childcare,weekend-childcare,,,,
Local Businesses,local-business,19,Childcare & Early Childhood,childcare-early-childhood,13,Backup Childcare Services,backup-childcare-services,,,,
Local Businesses,local-business,19,Childcare & Early Childhood,childcare-early-childhood,14,Sick Childcare,sick-childcare,,,,
Local Businesses,local-business,19,Childcare & Early Childhood,childcare-early-childhood,15,Mildly Ill Childcare,mildly-ill-childcare,,,,
Local Businesses,local-business,19,Childcare & Early Childhood,childcare-early-childhood,16,Special Needs Childcare,special-needs-childcare,1,Child Development,Special Needs Childcare,child-development-special-needs-childcare
Local Businesses,local-business,19,Childcare & Early Childhood,childcare-early-childhood,17,Bilingual Daycare,bilingual-daycare,,,,
Local Businesses,local-business,19,Childcare & Early Childhood,childcare-early-childhood,18,Spanish Immersion Daycare,spanish-immersion-daycare,1,Child Development,Language Immersion,child-development-language-immersion
Local Businesses,local-business,19,Childcare & Early Childhood,childcare-early-childhood,19,Mandarin Immersion Daycare,mandarin-immersion-daycare,,,,
Local Businesses,local-business,19,Childcare & Early Childhood,childcare-early-childhood,20,French Immersion Daycare,french-immersion-daycare,,,,
Local Businesses,local-business,19,Childcare & Early Childhood,childcare-early-childhood,21,Forest Schools,forest-schools,1,Driving Schools,Teen Driving School,driving-schools-teen-driving-school
Local Businesses,local-business,19,Childcare & Early Childhood,childcare-early-childhood,21,Forest Schools,forest-schools,2,Driving Schools,Adult Driving School,driving-schools-adult-driving-school
Local Businesses,local-business,19,Childcare & Early Childhood,childcare-early-childhood,21,Forest Schools,forest-schools,3,Driving Schools,Commercial Driver Training,driving-schools-commercial-driver-training
Local Businesses,local-business,19,Childcare & Early Childhood,childcare-early-childhood,21,Forest Schools,forest-schools,4,Driving Schools,Motorcycle Training,driving-schools-motorcycle-training
Local Businesses,local-business,19,Childcare & Early Childhood,childcare-early-childhood,21,Forest Schools,forest-schools,5,Driving Schools,CDL Training,driving-schools-cdl-training
Local Businesses,local-business,19,Childcare & Early Childhood,childcare-early-childhood,21,Forest Schools,forest-schools,6,Driving Schools,Truck Driving School,driving-schools-truck-driving-school
Local Businesses,local-business,19,Childcare & Early Childhood,childcare-early-childhood,21,Forest Schools,forest-schools,7,Driving Schools,Refresher Course,driving-schools-refresher-course
Local Businesses,local-business,19,Childcare & Early Childhood,childcare-early-childhood,21,Forest Schools,forest-schools,8,Driving Schools,Behind-the-Wheel Training,driving-schools-behind-the-wheel-training
Local Businesses,local-business,19,Childcare & Early Childhood,childcare-early-childhood,22,Nature-Based Preschools,nature-based-preschools,1,Child Development,Nature Preschool,child-development-nature-preschool
Local Businesses,local-business,19,Childcare & Early Childhood,childcare-early-childhood,23,Outdoor Preschools,outdoor-preschools,1,Child Development,Outdoor Education,child-development-outdoor-education
Local Businesses,local-business,19,Childcare & Early Childhood,childcare-early-childhood,24,Faith-Based Preschools,faith-based-preschools,,,,
Local Businesses,local-business,19,Childcare & Early Childhood,childcare-early-childhood,25,Christian Preschools,christian-preschools,,,,
Local Businesses,local-business,19,Childcare & Early Childhood,childcare-early-childhood,26,Jewish Preschools,jewish-preschools,,,,
Local Businesses,local-business,19,Childcare & Early Childhood,childcare-early-childhood,27,Islamic Preschools,islamic-preschools,,,,
Local Businesses,local-business,19,Childcare & Early Childhood,childcare-early-childhood,28,Hindu Preschools,hindu-preschools,,,,
Local Businesses,local-business,19,Childcare & Early Childhood,childcare-early-childhood,29,Cooperative Preschools,cooperative-preschools,1,Child Development,Cooperative Preschool,child-development-cooperative-preschool
Local Businesses,local-business,19,Childcare & Early Childhood,childcare-early-childhood,30,Co-Op Preschools,co-op-preschools,,,,
Local Businesses,local-business,19,Childcare & Early Childhood,childcare-early-childhood,31,Parent Participation Preschools,parent-participation-preschools,,,,
Local Businesses,local-business,19,Childcare & Early Childhood,childcare-early-childhood,32,Pre-K Programs,pre-k-programs,1,Daycare,Pre-K Programs,daycare-pre-k-programs
Local Businesses,local-business,19,Childcare & Early Childhood,childcare-early-childhood,32,Pre-K Programs,pre-k-programs,2,Child Development,Gifted Programs,child-development-gifted-programs
Local Businesses,local-business,19,Childcare & Early Childhood,childcare-early-childhood,33,Universal Pre-K Programs,universal-pre-k-programs,,,,
Local Businesses,local-business,19,Childcare & Early Childhood,childcare-early-childhood,34,Head Start Programs,head-start-programs,,,,
Local Businesses,local-business,19,Childcare & Early Childhood,childcare-early-childhood,35,Early Head Start,early-head-start,,,,
Local Businesses,local-business,19,Childcare & Early Childhood,childcare-early-childhood,36,Special Education Preschools,special-education-preschools,1,Continuing Education,Adult Literacy,continuing-education-adult-literacy
Local Businesses,local-business,19,Childcare & Early Childhood,childcare-early-childhood,36,Special Education Preschools,special-education-preschools,2,Continuing Education,GED Programs,continuing-education-ged-programs
Local Businesses,local-business,19,Childcare & Early Childhood,childcare-early-childhood,36,Special Education Preschools,special-education-preschools,3,Continuing Education,ESL Classes,continuing-education-esl-classes
Local Businesses,local-business,19,Childcare & Early Childhood,childcare-early-childhood,36,Special Education Preschools,special-education-preschools,4,Continuing Education,Computer Classes,continuing-education-computer-classes
Local Businesses,local-business,19,Childcare & Early Childhood,childcare-early-childhood,36,Special Education Preschools,special-education-preschools,5,Continuing Education,Financial Literacy,continuing-education-financial-literacy
Local Businesses,local-business,19,Childcare & Early Childhood,childcare-early-childhood,36,Special Education Preschools,special-education-preschools,6,Continuing Education,Vocational Training,continuing-education-vocational-training
Local Businesses,local-business,19,Childcare & Early Childhood,childcare-early-childhood,36,Special Education Preschools,special-education-preschools,7,Continuing Education,Certificate Programs,continuing-education-certificate-programs
Local Businesses,local-business,19,Childcare & Early Childhood,childcare-early-childhood,36,Special Education Preschools,special-education-preschools,8,Continuing Education,Professional Development,continuing-education-professional-development
Local Businesses,local-business,19,Childcare & Early Childhood,childcare-early-childhood,36,Special Education Preschools,special-education-preschools,9,Continuing Education,Online Learning,continuing-education-online-learning
Local Businesses,local-business,19,Childcare & Early Childhood,childcare-early-childhood,36,Special Education Preschools,special-education-preschools,10,Tech Education,Coding Classes Kids,tech-education-coding-classes-kids
Local Businesses,local-business,19,Childcare & Early Childhood,childcare-early-childhood,36,Special Education Preschools,special-education-preschools,11,Tech Education,Robotics Classes,tech-education-robotics-classes
Local Businesses,local-business,19,Childcare & Early Childhood,childcare-early-childhood,36,Special Education Preschools,special-education-preschools,12,Tech Education,3D Printing Classes,tech-education-3d-printing-classes
Local Businesses,local-business,19,Childcare & Early Childhood,childcare-early-childhood,36,Special Education Preschools,special-education-preschools,13,Tech Education,Game Development Classes,tech-education-game-development-classes
Local Businesses,local-business,19,Childcare & Early Childhood,childcare-early-childhood,36,Special Education Preschools,special-education-preschools,14,Tech Education,App Development Classes,tech-education-app-development-classes
Local Businesses,local-business,19,Childcare & Early Childhood,childcare-early-childhood,36,Special Education Preschools,special-education-preschools,15,Tech Education,Cybersecurity Classes,tech-education-cybersecurity-classes
Local Businesses,local-business,19,Childcare & Early Childhood,childcare-early-childhood,36,Special Education Preschools,special-education-preschools,16,Tech Education,Data Science Classes,tech-education-data-science-classes
Local Businesses,local-business,19,Childcare & Early Childhood,childcare-early-childhood,36,Special Education Preschools,special-education-preschools,17,Tech Education,AI Classes,tech-education-ai-classes
Local Businesses,local-business,19,Childcare & Early Childhood,childcare-early-childhood,36,Special Education Preschools,special-education-preschools,18,Tech Education,Web Development Classes,tech-education-web-development-classes
Local Businesses,local-business,19,Childcare & Early Childhood,childcare-early-childhood,36,Special Education Preschools,special-education-preschools,19,Tech Education,Drone Flying Classes,tech-education-drone-flying-classes
Local Businesses,local-business,19,Childcare & Early Childhood,childcare-early-childhood,37,Therapeutic Preschools,therapeutic-preschools,,,,
Local Businesses,local-business,19,Childcare & Early Childhood,childcare-early-childhood,38,Babysitter Services,babysitter-services,,,,
Local Businesses,local-business,19,Childcare & Early Childhood,childcare-early-childhood,39,Date Night Sitters,date-night-sitters,,,,
Local Businesses,local-business,19,Childcare & Early Childhood,childcare-early-childhood,40,Overnight Babysitters,overnight-babysitters,,,,
Local Businesses,local-business,19,Childcare & Early Childhood,childcare-early-childhood,41,Nanny Agencies,nanny-agencies,,,,
Local Businesses,local-business,19,Childcare & Early Childhood,childcare-early-childhood,42,Nanny Placement Services,nanny-placement-services,1,Daycare,Nanny Service,daycare-nanny-service
Local Businesses,local-business,19,Childcare & Early Childhood,childcare-early-childhood,43,Live-In Nanny Services,live-in-nanny-services,,,,
Local Businesses,local-business,19,Childcare & Early Childhood,childcare-early-childhood,44,Live-Out Nanny Services,live-out-nanny-services,,,,
Local Businesses,local-business,19,Childcare & Early Childhood,childcare-early-childhood,45,Au Pair Agencies,au-pair-agencies,1,Daycare,Au Pair,daycare-au-pair
Local Businesses,local-business,19,Childcare & Early Childhood,childcare-early-childhood,46,Newborn Care Specialists,newborn-care-specialists,,,,
Local Businesses,local-business,19,Childcare & Early Childhood,childcare-early-childhood,47,Postpartum Doulas,postpartum-doulas,,,,
Local Businesses,local-business,19,Childcare & Early Childhood,childcare-early-childhood,48,Night Nurses,night-nurses,,,,
Local Businesses,local-business,19,Childcare & Early Childhood,childcare-early-childhood,49,Sleep Consultants,sleep-consultants,,,,
Local Businesses,local-business,19,Childcare & Early Childhood,childcare-early-childhood,50,Sleep Training Services,sleep-training-services,,,,
Local Businesses,local-business,19,Childcare & Early Childhood,childcare-early-childhood,51,Lactation Consultants,lactation-consultants,,,,
Local Businesses,local-business,19,Childcare & Early Childhood,childcare-early-childhood,52,Breastfeeding Support,breastfeeding-support,,,,
Local Businesses,local-business,19,Childcare & Early Childhood,childcare-early-childhood,54,Mommy & Me Classes,mommy-me-classes,,,,
Local Businesses,local-business,19,Childcare & Early Childhood,childcare-early-childhood,55,Daddy & Me Classes,daddy-me-classes,,,,
Local Businesses,local-business,19,Childcare & Early Childhood,childcare-early-childhood,56,Caregiver & Me Classes,caregiver-me-classes,,,,
Local Businesses,local-business,19,Childcare & Early Childhood,childcare-early-childhood,57,Music Together Classes,music-together-classes,,,,
Local Businesses,local-business,19,Childcare & Early Childhood,childcare-early-childhood,58,Gymboree Classes,gymboree-classes,,,,
Local Businesses,local-business,19,Childcare & Early Childhood,childcare-early-childhood,59,Kindermusik Classes,kindermusik-classes,,,,
Local Businesses,local-business,19,Childcare & Early Childhood,childcare-early-childhood,60,Stroller Strides Classes,stroller-strides-classes,,,,
Local Businesses,local-business,19,Childcare & Early Childhood,childcare-early-childhood,61,Baby Sign Language Classes,baby-sign-language-classes,1,Language Education,Spanish Classes,language-education-spanish-classes
Local Businesses,local-business,19,Childcare & Early Childhood,childcare-early-childhood,61,Baby Sign Language Classes,baby-sign-language-classes,2,Language Education,French Classes,language-education-french-classes
Local Businesses,local-business,19,Childcare & Early Childhood,childcare-early-childhood,61,Baby Sign Language Classes,baby-sign-language-classes,3,Language Education,Mandarin Classes,language-education-mandarin-classes
Local Businesses,local-business,19,Childcare & Early Childhood,childcare-early-childhood,61,Baby Sign Language Classes,baby-sign-language-classes,4,Language Education,German Classes,language-education-german-classes
Local Businesses,local-business,19,Childcare & Early Childhood,childcare-early-childhood,61,Baby Sign Language Classes,baby-sign-language-classes,5,Language Education,Japanese Classes,language-education-japanese-classes
Local Businesses,local-business,19,Childcare & Early Childhood,childcare-early-childhood,61,Baby Sign Language Classes,baby-sign-language-classes,6,Language Education,Korean Classes,language-education-korean-classes
Local Businesses,local-business,19,Childcare & Early Childhood,childcare-early-childhood,61,Baby Sign Language Classes,baby-sign-language-classes,7,Language Education,Arabic Classes,language-education-arabic-classes
Local Businesses,local-business,19,Childcare & Early Childhood,childcare-early-childhood,61,Baby Sign Language Classes,baby-sign-language-classes,8,Language Education,Hindi Classes,language-education-hindi-classes
Local Businesses,local-business,19,Childcare & Early Childhood,childcare-early-childhood,61,Baby Sign Language Classes,baby-sign-language-classes,9,Language Education,Portuguese Classes,language-education-portuguese-classes
Local Businesses,local-business,19,Childcare & Early Childhood,childcare-early-childhood,61,Baby Sign Language Classes,baby-sign-language-classes,10,Language Education,Italian Classes,language-education-italian-classes
Local Businesses,local-business,19,Childcare & Early Childhood,childcare-early-childhood,62,Baby Yoga Classes,baby-yoga-classes,,,,
Local Businesses,local-business,19,Childcare & Early Childhood,childcare-early-childhood,63,Baby Swim Classes,baby-swim-classes,,,,
Local Businesses,local-business,19,Childcare & Early Childhood,childcare-early-childhood,64,Tot Tumbling Classes,tot-tumbling-classes,,,,
Local Businesses,local-business,19,Childcare & Early Childhood,childcare-early-childhood,65,Mommy & Me Yoga,mommy-me-yoga,,,,
Local Businesses,local-business,19,Childcare & Early Childhood,childcare-early-childhood,66,Stroller Yoga Classes,stroller-yoga-classes,,,,
Local Businesses,local-business,19,Childcare & Early Childhood,childcare-early-childhood,67,Birthday Party Venues for Kids,birthday-party-venues-for-kids,,,,
Local Businesses,local-business,19,Childcare & Early Childhood,childcare-early-childhood,68,Birthday Party Entertainers,birthday-party-entertainers,,,,
Local Businesses,local-business,19,Childcare & Early Childhood,childcare-early-childhood,69,Princess Party Services,princess-party-services,1,Prepared Meals,Cooking Party,prepared-meals-cooking-party
Local Businesses,local-business,19,Childcare & Early Childhood,childcare-early-childhood,70,Superhero Party Services,superhero-party-services,,,,
Local Businesses,local-business,19,Childcare & Early Childhood,childcare-early-childhood,71,Magician Party Services,magician-party-services,,,,
Local Businesses,local-business,19,Childcare & Early Childhood,childcare-early-childhood,72,Balloon Twister Services,balloon-twister-services,,,,
Local Businesses,local-business,19,Childcare & Early Childhood,childcare-early-childhood,73,Face Painters,face-painters,,,,
Local Businesses,local-business,19,Childcare & Early Childhood,childcare-early-childhood,74,Bounce House Rentals,bounce-house-rentals,,,,
Local Businesses,local-business,19,Childcare & Early Childhood,childcare-early-childhood,75,Soft Play Rentals,soft-play-rentals,,,,
Local Businesses,local-business,19,Childcare & Early Childhood,childcare-early-childhood,76,Petting Zoo Party Services,petting-zoo-party-services,,,,
Local Businesses,local-business,19,Childcare & Early Childhood,childcare-early-childhood,77,Pony Party Services,pony-party-services,,,,
Local Businesses,local-business,19,Childcare & Early Childhood,childcare-early-childhood,78,Mobile Spa Party Services,mobile-spa-party-services,,,,
Local Businesses,local-business,19,Childcare & Early Childhood,childcare-early-childhood,79,Mobile Slime Party Services,mobile-slime-party-services,,,,
Local Businesses,local-business,19,Childcare & Early Childhood,childcare-early-childhood,80,Mobile Pottery Party Services,mobile-pottery-party-services,,,,
Local Businesses,local-business,20,Wedding & Event Vendors,wedding-event-vendors,1,Wedding Venues,wedding-venues,1,Wedding Retail,Bridal Shop,wedding-retail-bridal-shop
Local Businesses,local-business,20,Wedding & Event Vendors,wedding-event-vendors,1,Wedding Venues,wedding-venues,2,Wedding Retail,Wedding Decoration,wedding-retail-wedding-decoration
Local Businesses,local-business,20,Wedding & Event Vendors,wedding-event-vendors,1,Wedding Venues,wedding-venues,3,Wedding Retail,Bridal Accessory,wedding-retail-bridal-accessory
Local Businesses,local-business,20,Wedding & Event Vendors,wedding-event-vendors,1,Wedding Venues,wedding-venues,4,Wedding Retail,Mother of Bride,wedding-retail-mother-of-bride
Local Businesses,local-business,20,Wedding & Event Vendors,wedding-event-vendors,2,Barn Wedding Venues,barn-wedding-venues,1,Venue & Party,Barn Wedding Venues,venue-party-barn-wedding-venues
Local Businesses,local-business,20,Wedding & Event Vendors,wedding-event-vendors,3,Vineyard Wedding Venues,vineyard-wedding-venues,,,,
Local Businesses,local-business,20,Wedding & Event Vendors,wedding-event-vendors,4,Beach Wedding Venues,beach-wedding-venues,,,,
Local Businesses,local-business,20,Wedding & Event Vendors,wedding-event-vendors,5,Garden Wedding Venues,garden-wedding-venues,,,,
Local Businesses,local-business,20,Wedding & Event Vendors,wedding-event-vendors,6,Mansion Wedding Venues,mansion-wedding-venues,,,,
Local Businesses,local-business,20,Wedding & Event Vendors,wedding-event-vendors,7,Historic Wedding Venues,historic-wedding-venues,,,,
Local Businesses,local-business,20,Wedding & Event Vendors,wedding-event-vendors,8,Modern Wedding Venues,modern-wedding-venues,,,,
Local Businesses,local-business,20,Wedding & Event Vendors,wedding-event-vendors,9,Industrial Wedding Venues,industrial-wedding-venues,,,,
Local Businesses,local-business,20,Wedding & Event Vendors,wedding-event-vendors,10,Loft Wedding Venues,loft-wedding-venues,,,,
Local Businesses,local-business,20,Wedding & Event Vendors,wedding-event-vendors,11,Rooftop Wedding Venues,rooftop-wedding-venues,,,,
Local Businesses,local-business,20,Wedding & Event Vendors,wedding-event-vendors,12,Backyard Wedding Specialists,backyard-wedding-specialists,,,,
Local Businesses,local-business,20,Wedding & Event Vendors,wedding-event-vendors,13,Destination Wedding Planners,destination-wedding-planners,,,,
Local Businesses,local-business,20,Wedding & Event Vendors,wedding-event-vendors,14,Elopement Planners,elopement-planners,,,,
Local Businesses,local-business,20,Wedding & Event Vendors,wedding-event-vendors,15,Microwedding Planners,microwedding-planners,,,,
Local Businesses,local-business,20,Wedding & Event Vendors,wedding-event-vendors,16,Day-of Wedding Coordinators,day-of-wedding-coordinators,,,,
Local Businesses,local-business,20,Wedding & Event Vendors,wedding-event-vendors,17,Full-Service Wedding Planners,full-service-wedding-planners,1,Planning Services,Wedding Planner,planning-services-wedding-planner
Local Businesses,local-business,20,Wedding & Event Vendors,wedding-event-vendors,17,Full-Service Wedding Planners,full-service-wedding-planners,2,Planning Services,Festival Organizer,planning-services-festival-organizer
Local Businesses,local-business,20,Wedding & Event Vendors,wedding-event-vendors,17,Full-Service Wedding Planners,full-service-wedding-planners,3,Planning Services,Trade Show Organizer,planning-services-trade-show-organizer
Local Businesses,local-business,20,Wedding & Event Vendors,wedding-event-vendors,17,Full-Service Wedding Planners,full-service-wedding-planners,4,Event Services,Event Decoration,event-services-event-decoration
Local Businesses,local-business,20,Wedding & Event Vendors,wedding-event-vendors,17,Full-Service Wedding Planners,full-service-wedding-planners,5,Event Services,Balloon Artist,event-services-balloon-artist
Local Businesses,local-business,20,Wedding & Event Vendors,wedding-event-vendors,17,Full-Service Wedding Planners,full-service-wedding-planners,6,Event Services,Florist,event-services-florist
Local Businesses,local-business,20,Wedding & Event Vendors,wedding-event-vendors,17,Full-Service Wedding Planners,full-service-wedding-planners,7,Event Services,Event Rentals,event-services-event-rentals
Local Businesses,local-business,20,Wedding & Event Vendors,wedding-event-vendors,17,Full-Service Wedding Planners,full-service-wedding-planners,8,Event Services,Table & Chair Rental,event-services-table-chair-rental
Local Businesses,local-business,20,Wedding & Event Vendors,wedding-event-vendors,17,Full-Service Wedding Planners,full-service-wedding-planners,9,Event Services,Photo Booth Rental,event-services-photo-booth-rental
Local Businesses,local-business,20,Wedding & Event Vendors,wedding-event-vendors,17,Full-Service Wedding Planners,full-service-wedding-planners,10,Event Services,AV Equipment Rental,event-services-av-equipment-rental
Local Businesses,local-business,20,Wedding & Event Vendors,wedding-event-vendors,17,Full-Service Wedding Planners,full-service-wedding-planners,11,Event Services,Lighting Rental,event-services-lighting-rental
Local Businesses,local-business,20,Wedding & Event Vendors,wedding-event-vendors,17,Full-Service Wedding Planners,full-service-wedding-planners,12,Event Services,Stage Rental,event-services-stage-rental
Local Businesses,local-business,20,Wedding & Event Vendors,wedding-event-vendors,18,LGBTQ+ Wedding Planners,lgbtq-wedding-planners,,,,
Local Businesses,local-business,20,Wedding & Event Vendors,wedding-event-vendors,19,Hindu Wedding Planners,hindu-wedding-planners,,,,
Local Businesses,local-business,20,Wedding & Event Vendors,wedding-event-vendors,20,Indian Wedding Planners,indian-wedding-planners,,,,
Local Businesses,local-business,20,Wedding & Event Vendors,wedding-event-vendors,21,Jewish Wedding Planners,jewish-wedding-planners,,,,
Local Businesses,local-business,20,Wedding & Event Vendors,wedding-event-vendors,22,Muslim Wedding Planners,muslim-wedding-planners,,,,
Local Businesses,local-business,20,Wedding & Event Vendors,wedding-event-vendors,23,Filipino Wedding Planners,filipino-wedding-planners,,,,
Local Businesses,local-business,20,Wedding & Event Vendors,wedding-event-vendors,24,Chinese Wedding Planners,chinese-wedding-planners,,,,
Local Businesses,local-business,20,Wedding & Event Vendors,wedding-event-vendors,25,Korean Wedding Planners,korean-wedding-planners,,,,
Local Businesses,local-business,20,Wedding & Event Vendors,wedding-event-vendors,26,Persian Wedding Planners,persian-wedding-planners,,,,
Local Businesses,local-business,20,Wedding & Event Vendors,wedding-event-vendors,27,Wedding Officiants,wedding-officiants,,,,
Local Businesses,local-business,20,Wedding & Event Vendors,wedding-event-vendors,28,Civil Ceremony Officiants,civil-ceremony-officiants,,,,
Local Businesses,local-business,20,Wedding & Event Vendors,wedding-event-vendors,29,Religious Wedding Officiants,religious-wedding-officiants,,,,
Local Businesses,local-business,20,Wedding & Event Vendors,wedding-event-vendors,30,Interfaith Officiants,interfaith-officiants,,,,
Local Businesses,local-business,20,Wedding & Event Vendors,wedding-event-vendors,31,LGBTQ+ Wedding Officiants,lgbtq-wedding-officiants,,,,
Local Businesses,local-business,20,Wedding & Event Vendors,wedding-event-vendors,32,Wedding Florists,wedding-florists,,,,
Local Businesses,local-business,20,Wedding & Event Vendors,wedding-event-vendors,33,Bridal Bouquet Designers,bridal-bouquet-designers,,,,
Local Businesses,local-business,20,Wedding & Event Vendors,wedding-event-vendors,34,Boutonniere Designers,boutonniere-designers,,,,
Local Businesses,local-business,20,Wedding & Event Vendors,wedding-event-vendors,35,Floral Arch Designers,floral-arch-designers,,,,
Local Businesses,local-business,20,Wedding & Event Vendors,wedding-event-vendors,36,Floral Installation Artists,floral-installation-artists,,,,
Local Businesses,local-business,20,Wedding & Event Vendors,wedding-event-vendors,37,Custom Wedding Cake Designers,custom-wedding-cake-designers,1,Wedding Retail,Wedding Cake Shop,wedding-retail-wedding-cake-shop
Local Businesses,local-business,20,Wedding & Event Vendors,wedding-event-vendors,38,Naked Cake Bakers,naked-cake-bakers,,,,
Local Businesses,local-business,20,Wedding & Event Vendors,wedding-event-vendors,39,Drip Cake Bakers,drip-cake-bakers,,,,
Local Businesses,local-business,20,Wedding & Event Vendors,wedding-event-vendors,40,Buttercream Wedding Cakes,buttercream-wedding-cakes,,,,
Local Businesses,local-business,20,Wedding & Event Vendors,wedding-event-vendors,41,Fondant Wedding Cakes,fondant-wedding-cakes,,,,
Local Businesses,local-business,20,Wedding & Event Vendors,wedding-event-vendors,42,Wedding Cupcake Towers,wedding-cupcake-towers,,,,
Local Businesses,local-business,20,Wedding & Event Vendors,wedding-event-vendors,43,Wedding Donut Walls,wedding-donut-walls,,,,
Local Businesses,local-business,20,Wedding & Event Vendors,wedding-event-vendors,44,Wedding Dessert Tables,wedding-dessert-tables,,,,
Local Businesses,local-business,20,Wedding & Event Vendors,wedding-event-vendors,45,Wedding Macaron Towers,wedding-macaron-towers,,,,
Local Businesses,local-business,20,Wedding & Event Vendors,wedding-event-vendors,46,Wedding Caterers,wedding-caterers,,,,
Local Businesses,local-business,20,Wedding & Event Vendors,wedding-event-vendors,47,Plated Dinner Caterers,plated-dinner-caterers,1,Event Catering,Plated Service,event-catering-plated-service
Local Businesses,local-business,20,Wedding & Event Vendors,wedding-event-vendors,48,Buffet Wedding Caterers,buffet-wedding-caterers,1,Event Catering,Buffet Catering,event-catering-buffet-catering
Local Businesses,local-business,20,Wedding & Event Vendors,wedding-event-vendors,49,Family-Style Wedding Caterers,family-style-wedding-caterers,,,,
Local Businesses,local-business,20,Wedding & Event Vendors,wedding-event-vendors,50,Food Truck Wedding Caterers,food-truck-wedding-caterers,1,Event Catering,Wedding Catering,event-catering-wedding-catering
Local Businesses,local-business,20,Wedding & Event Vendors,wedding-event-vendors,50,Food Truck Wedding Caterers,food-truck-wedding-caterers,2,Event Catering,Corporate Catering,event-catering-corporate-catering
Local Businesses,local-business,20,Wedding & Event Vendors,wedding-event-vendors,50,Food Truck Wedding Caterers,food-truck-wedding-caterers,3,Event Catering,Party Catering,event-catering-party-catering
Local Businesses,local-business,20,Wedding & Event Vendors,wedding-event-vendors,50,Food Truck Wedding Caterers,food-truck-wedding-caterers,4,Event Catering,BBQ Catering,event-catering-bbq-catering
Local Businesses,local-business,20,Wedding & Event Vendors,wedding-event-vendors,50,Food Truck Wedding Caterers,food-truck-wedding-caterers,5,Event Catering,Breakfast Catering,event-catering-breakfast-catering
Local Businesses,local-business,20,Wedding & Event Vendors,wedding-event-vendors,50,Food Truck Wedding Caterers,food-truck-wedding-caterers,6,Event Catering,Lunch Catering,event-catering-lunch-catering
Local Businesses,local-business,20,Wedding & Event Vendors,wedding-event-vendors,50,Food Truck Wedding Caterers,food-truck-wedding-caterers,7,Event Catering,Food Truck Catering,event-catering-food-truck-catering
Local Businesses,local-business,20,Wedding & Event Vendors,wedding-event-vendors,50,Food Truck Wedding Caterers,food-truck-wedding-caterers,8,Event Catering,Drop-Off Catering,event-catering-drop-off-catering
Local Businesses,local-business,20,Wedding & Event Vendors,wedding-event-vendors,51,Cocktail Hour Caterers,cocktail-hour-caterers,,,,
Local Businesses,local-business,20,Wedding & Event Vendors,wedding-event-vendors,52,Late Night Snack Caterers,late-night-snack-caterers,,,,
Local Businesses,local-business,20,Wedding & Event Vendors,wedding-event-vendors,53,Wedding Bartenders,wedding-bartenders,,,,
Local Businesses,local-business,20,Wedding & Event Vendors,wedding-event-vendors,54,Mobile Bar Services,mobile-bar-services,,,,
Local Businesses,local-business,20,Wedding & Event Vendors,wedding-event-vendors,55,Champagne Tower Services,champagne-tower-services,,,,
Local Businesses,local-business,20,Wedding & Event Vendors,wedding-event-vendors,56,Wedding Photographers,wedding-event-vendors-wedding-photographers,,,,
Local Businesses,local-business,20,Wedding & Event Vendors,wedding-event-vendors,57,Documentary Wedding Photographers,documentary-wedding-photographers,,,,
Local Businesses,local-business,20,Wedding & Event Vendors,wedding-event-vendors,58,Editorial Wedding Photographers,editorial-wedding-photographers,,,,
Local Businesses,local-business,20,Wedding & Event Vendors,wedding-event-vendors,59,Film Wedding Photographers,film-wedding-photographers,,,,
Local Businesses,local-business,20,Wedding & Event Vendors,wedding-event-vendors,60,Adventure Wedding Photographers,adventure-wedding-photographers,,,,
Local Businesses,local-business,20,Wedding & Event Vendors,wedding-event-vendors,61,Engagement Photographers,wedding-event-vendors-engagement-photographers,,,,
Local Businesses,local-business,20,Wedding & Event Vendors,wedding-event-vendors,62,Bridal Boudoir Photographers,wedding-event-vendors-bridal-boudoir-photographers,,,,
Local Businesses,local-business,20,Wedding & Event Vendors,wedding-event-vendors,63,Wedding Videographers,wedding-event-vendors-wedding-videographers,,,,
Local Businesses,local-business,20,Wedding & Event Vendors,wedding-event-vendors,64,Cinematic Wedding Videographers,cinematic-wedding-videographers,,,,
Local Businesses,local-business,20,Wedding & Event Vendors,wedding-event-vendors,65,Drone Wedding Videographers,drone-wedding-videographers,,,,
Local Businesses,local-business,20,Wedding & Event Vendors,wedding-event-vendors,66,Wedding Photo Booths,wedding-photo-booths,,,,
Local Businesses,local-business,20,Wedding & Event Vendors,wedding-event-vendors,67,Mirror Photo Booths,mirror-photo-booths,,,,
Local Businesses,local-business,20,Wedding & Event Vendors,wedding-event-vendors,68,GIF Photo Booths,gif-photo-booths,,,,
Local Businesses,local-business,20,Wedding & Event Vendors,wedding-event-vendors,69,360 Photo Booths,360-photo-booths,1,Commercial Photography,360 Photography,commercial-photography-360-photography
Local Businesses,local-business,20,Wedding & Event Vendors,wedding-event-vendors,70,Roaming Photo Booths,roaming-photo-booths,,,,
Local Businesses,local-business,20,Wedding & Event Vendors,wedding-event-vendors,71,Wedding DJs,wedding-djs,,,,
Local Businesses,local-business,20,Wedding & Event Vendors,wedding-event-vendors,72,Indian Wedding DJs,indian-wedding-djs,,,,
Local Businesses,local-business,20,Wedding & Event Vendors,wedding-event-vendors,73,Latin Wedding DJs,latin-wedding-djs,,,,
Local Businesses,local-business,20,Wedding & Event Vendors,wedding-event-vendors,74,Wedding Bands,wedding-bands,,,,
Local Businesses,local-business,20,Wedding & Event Vendors,wedding-event-vendors,75,Wedding String Quartets,wedding-string-quartets,,,,
Local Businesses,local-business,20,Wedding & Event Vendors,wedding-event-vendors,76,Wedding Pianists,wedding-pianists,,,,
Local Businesses,local-business,20,Wedding & Event Vendors,wedding-event-vendors,77,Wedding Harpists,wedding-harpists,,,,
Local Businesses,local-business,20,Wedding & Event Vendors,wedding-event-vendors,78,Wedding Mariachi Bands,wedding-mariachi-bands,,,,
Local Businesses,local-business,20,Wedding & Event Vendors,wedding-event-vendors,79,Wedding Steel Drum Bands,wedding-steel-drum-bands,,,,
Local Businesses,local-business,20,Wedding & Event Vendors,wedding-event-vendors,80,Wedding Cellists,wedding-cellists,,,,
Local Businesses,local-business,20,Wedding & Event Vendors,wedding-event-vendors,81,Ceremony Musicians,ceremony-musicians,,,,
Local Businesses,local-business,20,Wedding & Event Vendors,wedding-event-vendors,82,On-Location Bridal Glam,on-location-bridal-glam,,,,
Local Businesses,local-business,20,Wedding & Event Vendors,wedding-event-vendors,83,Wedding Dress Boutiques,wedding-dress-boutiques,,,,
Local Businesses,local-business,20,Wedding & Event Vendors,wedding-event-vendors,84,Bridal Boutiques,bridal-boutiques,,,,
Local Businesses,local-business,20,Wedding & Event Vendors,wedding-event-vendors,85,Plus-Size Bridal Boutiques,plus-size-bridal-boutiques,,,,
Local Businesses,local-business,20,Wedding & Event Vendors,wedding-event-vendors,86,Modest Bridal Boutiques,modest-bridal-boutiques,,,,
Local Businesses,local-business,20,Wedding & Event Vendors,wedding-event-vendors,87,Sample Sale Bridal Boutiques,sample-sale-bridal-boutiques,,,,
Local Businesses,local-business,20,Wedding & Event Vendors,wedding-event-vendors,88,Used Wedding Dress Stores,used-wedding-dress-stores,1,Wedding Retail,Wedding Ring Store,wedding-retail-wedding-ring-store
Local Businesses,local-business,20,Wedding & Event Vendors,wedding-event-vendors,89,Wedding Dress Alterations,wedding-dress-alterations,,,,
Local Businesses,local-business,20,Wedding & Event Vendors,wedding-event-vendors,90,Bridesmaid Dress Boutiques,bridesmaid-dress-boutiques,,,,
Local Businesses,local-business,20,Wedding & Event Vendors,wedding-event-vendors,91,Flower Girl Dress Stores,flower-girl-dress-stores,1,Wedding Retail,Flower Girl Dress,wedding-retail-flower-girl-dress
Local Businesses,local-business,20,Wedding & Event Vendors,wedding-event-vendors,92,Tuxedo Rental Shops,tuxedo-rental-shops,1,Wedding Retail,Tuxedo Rental,wedding-retail-tuxedo-rental
Local Businesses,local-business,20,Wedding & Event Vendors,wedding-event-vendors,93,Suit Rental Shops,suit-rental-shops,,,,
Local Businesses,local-business,20,Wedding & Event Vendors,wedding-event-vendors,94,Custom Suit Tailors,custom-suit-tailors,,,,
Local Businesses,local-business,20,Wedding & Event Vendors,wedding-event-vendors,95,Wedding Invitation Designers,wedding-event-vendors-wedding-invitation-designers,,,,
Local Businesses,local-business,20,Wedding & Event Vendors,wedding-event-vendors,96,Wedding Stationery Designers,wedding-stationery-designers,,,,
Local Businesses,local-business,20,Wedding & Event Vendors,wedding-event-vendors,97,Custom Wedding Signage,custom-wedding-signage,,,,
Local Businesses,local-business,20,Wedding & Event Vendors,wedding-event-vendors,98,Wedding Calligraphy Services,wedding-calligraphy-services,,,,
Local Businesses,local-business,20,Wedding & Event Vendors,wedding-event-vendors,99,Wedding Save-the-Date Designers,wedding-save-the-date-designers,,,,
Local Businesses,local-business,20,Wedding & Event Vendors,wedding-event-vendors,100,Wedding Programs Designers,wedding-programs-designers,,,,
Local Businesses,local-business,20,Wedding & Event Vendors,wedding-event-vendors,101,Wedding Menu Card Designers,wedding-menu-card-designers,,,,
Local Businesses,local-business,20,Wedding & Event Vendors,wedding-event-vendors,102,Wedding Place Card Designers,wedding-place-card-designers,,,,
Local Businesses,local-business,20,Wedding & Event Vendors,wedding-event-vendors,103,Wedding Favor Designers,wedding-favor-designers,1,Wedding Retail,Wedding Favor,wedding-retail-wedding-favor
Local Businesses,local-business,20,Wedding & Event Vendors,wedding-event-vendors,104,Custom Wedding Favors,custom-wedding-favors,,,,
Local Businesses,local-business,20,Wedding & Event Vendors,wedding-event-vendors,105,Wedding Welcome Bag Stylists,wedding-welcome-bag-stylists,,,,
Local Businesses,local-business,20,Wedding & Event Vendors,wedding-event-vendors,106,Wedding Rentals,wedding-rentals,,,,
Local Businesses,local-business,20,Wedding & Event Vendors,wedding-event-vendors,107,Tent Rental Companies,tent-rental-companies,1,Event Services,Tent Rental,event-services-tent-rental
Local Businesses,local-business,20,Wedding & Event Vendors,wedding-event-vendors,108,Wedding Table Rentals,wedding-table-rentals,,,,
Local Businesses,local-business,20,Wedding & Event Vendors,wedding-event-vendors,109,Wedding Chair Rentals,wedding-chair-rentals,,,,
Local Businesses,local-business,20,Wedding & Event Vendors,wedding-event-vendors,110,Wedding Linen Rentals,wedding-linen-rentals,,,,
Local Businesses,local-business,20,Wedding & Event Vendors,wedding-event-vendors,111,Wedding China Rentals,wedding-china-rentals,,,,
Local Businesses,local-business,20,Wedding & Event Vendors,wedding-event-vendors,112,Wedding Glassware Rentals,wedding-glassware-rentals,,,,
Local Businesses,local-business,20,Wedding & Event Vendors,wedding-event-vendors,113,Wedding Flatware Rentals,wedding-flatware-rentals,,,,
Local Businesses,local-business,20,Wedding & Event Vendors,wedding-event-vendors,114,Wedding Lounge Furniture Rentals,wedding-lounge-furniture-rentals,,,,
Local Businesses,local-business,20,Wedding & Event Vendors,wedding-event-vendors,115,Wedding Decor Rentals,wedding-decor-rentals,,,,
Local Businesses,local-business,20,Wedding & Event Vendors,wedding-event-vendors,116,Wedding Lighting Designers,wedding-lighting-designers,,,,
Local Businesses,local-business,20,Wedding & Event Vendors,wedding-event-vendors,117,Uplighting Services,uplighting-services,,,,
Local Businesses,local-business,20,Wedding & Event Vendors,wedding-event-vendors,118,String Light Installers,string-light-installers,,,,
Local Businesses,local-business,20,Wedding & Event Vendors,wedding-event-vendors,119,Bistro Light Installers,bistro-light-installers,,,,
Local Businesses,local-business,20,Wedding & Event Vendors,wedding-event-vendors,120,Chandelier Rentals,chandelier-rentals,,,,
Local Businesses,local-business,20,Wedding & Event Vendors,wedding-event-vendors,121,Marquee Letter Rentals,marquee-letter-rentals,,,,
Local Businesses,local-business,20,Wedding & Event Vendors,wedding-event-vendors,122,Wedding Backdrop Rentals,wedding-backdrop-rentals,,,,
Local Businesses,local-business,20,Wedding & Event Vendors,wedding-event-vendors,123,Wedding Arch Rentals,wedding-arch-rentals,,,,
Local Businesses,local-business,20,Wedding & Event Vendors,wedding-event-vendors,124,Wedding Aisle Runner Rentals,wedding-aisle-runner-rentals,,,,
Local Businesses,local-business,20,Wedding & Event Vendors,wedding-event-vendors,125,Wedding Ceremony Decor,wedding-ceremony-decor,,,,
Local Businesses,local-business,20,Wedding & Event Vendors,wedding-event-vendors,126,Wedding Reception Decor,wedding-reception-decor,,,,
Local Businesses,local-business,20,Wedding & Event Vendors,wedding-event-vendors,127,Wedding Sweetheart Tables,wedding-sweetheart-tables,,,,
Local Businesses,local-business,20,Wedding & Event Vendors,wedding-event-vendors,128,Wedding Cake Stands,wedding-cake-stands,,,,
Local Businesses,local-business,20,Wedding & Event Vendors,wedding-event-vendors,129,Wedding Cake Cutting Services,wedding-cake-cutting-services,,,,
Local Businesses,local-business,20,Wedding & Event Vendors,wedding-event-vendors,130,Wedding Day Transportation,wedding-day-transportation,,,,
Local Businesses,local-business,20,Wedding & Event Vendors,wedding-event-vendors,131,Limo Services for Weddings,limo-services-for-weddings,,,,
Local Businesses,local-business,20,Wedding & Event Vendors,wedding-event-vendors,132,Vintage Car Rentals for Weddings,vintage-car-rentals-for-weddings,,,,
Local Businesses,local-business,20,Wedding & Event Vendors,wedding-event-vendors,133,Party Bus for Weddings,party-bus-for-weddings,,,,
Local Businesses,local-business,20,Wedding & Event Vendors,wedding-event-vendors,134,Trolley Rentals for Weddings,trolley-rentals-for-weddings,,,,
Local Businesses,local-business,20,Wedding & Event Vendors,wedding-event-vendors,135,Bridal Suite Rentals,bridal-suite-rentals,,,,
Local Businesses,local-business,20,Wedding & Event Vendors,wedding-event-vendors,136,Get-Ready Rooms,get-ready-rooms,,,,
Local Businesses,local-business,20,Wedding & Event Vendors,wedding-event-vendors,137,Honeymoon Travel Agents,honeymoon-travel-agents,,,,
Local Businesses,local-business,20,Wedding & Event Vendors,wedding-event-vendors,138,Bachelor Party Planners,bachelor-party-planners,,,,
Local Businesses,local-business,20,Wedding & Event Vendors,wedding-event-vendors,139,Bachelorette Party Planners,bachelorette-party-planners,,,,
Local Businesses,local-business,20,Wedding & Event Vendors,wedding-event-vendors,140,Bridal Shower Venues,bridal-shower-venues,,,,
Local Businesses,local-business,20,Wedding & Event Vendors,wedding-event-vendors,141,Engagement Party Venues,engagement-party-venues,,,,
Local Businesses,local-business,20,Wedding & Event Vendors,wedding-event-vendors,142,Rehearsal Dinner Venues,rehearsal-dinner-venues,,,,
Local Businesses,local-business,20,Wedding & Event Vendors,wedding-event-vendors,143,Welcome Party Venues,welcome-party-venues,,,,
Local Businesses,local-business,20,Wedding & Event Vendors,wedding-event-vendors,144,Day-After Brunch Venues,day-after-brunch-venues,,,,
Local Businesses,local-business,21,Specialty Retail & Boutiques,specialty-retail-boutiques,1,Independent Bookstores,independent-bookstores,1,Pharmacy,Specialty Pharmacy,pharmacy-specialty-pharmacy
Local Businesses,local-business,21,Specialty Retail & Boutiques,specialty-retail-boutiques,1,Independent Bookstores,independent-bookstores,2,Pet Supplies,Pet Pharmacy,pet-supplies-pet-pharmacy
Local Businesses,local-business,21,Specialty Retail & Boutiques,specialty-retail-boutiques,1,Independent Bookstores,independent-bookstores,3,Pet Supplies,Pet Accessories,pet-supplies-pet-accessories
Local Businesses,local-business,21,Specialty Retail & Boutiques,specialty-retail-boutiques,1,Independent Bookstores,independent-bookstores,4,Books & Media,Bookstore,books-media-bookstore
Local Businesses,local-business,21,Specialty Retail & Boutiques,specialty-retail-boutiques,1,Independent Bookstores,independent-bookstores,5,Auto Parts,Performance Parts,auto-parts-performance-parts
Local Businesses,local-business,21,Specialty Retail & Boutiques,specialty-retail-boutiques,1,Independent Bookstores,independent-bookstores,6,Auto Parts,Truck Accessories,auto-parts-truck-accessories
Local Businesses,local-business,21,Specialty Retail & Boutiques,specialty-retail-boutiques,1,Independent Bookstores,independent-bookstores,7,Auto Parts,Motorcycle Parts,auto-parts-motorcycle-parts
Local Businesses,local-business,21,Specialty Retail & Boutiques,specialty-retail-boutiques,1,Independent Bookstores,independent-bookstores,8,Auto Parts,Marine Parts,auto-parts-marine-parts
Local Businesses,local-business,21,Specialty Retail & Boutiques,specialty-retail-boutiques,1,Independent Bookstores,independent-bookstores,9,Auto Parts,RV Parts,auto-parts-rv-parts
Local Businesses,local-business,21,Specialty Retail & Boutiques,specialty-retail-boutiques,1,Independent Bookstores,independent-bookstores,10,Auto Parts,ATV Parts,auto-parts-atv-parts
Local Businesses,local-business,21,Specialty Retail & Boutiques,specialty-retail-boutiques,2,Used Bookstores,used-bookstores,1,Auto Parts,Used Parts,auto-parts-used-parts
Local Businesses,local-business,21,Specialty Retail & Boutiques,specialty-retail-boutiques,3,Rare Book Dealers,rare-book-dealers,,,,
Local Businesses,local-business,21,Specialty Retail & Boutiques,specialty-retail-boutiques,5,Comic Book Shops,comic-book-shops,1,Pharmacy,Supplement Shop,pharmacy-supplement-shop
Local Businesses,local-business,21,Specialty Retail & Boutiques,specialty-retail-boutiques,5,Comic Book Shops,comic-book-shops,2,Pet Supplies,Pet Food Shop,pet-supplies-pet-food-shop
Local Businesses,local-business,21,Specialty Retail & Boutiques,specialty-retail-boutiques,5,Comic Book Shops,comic-book-shops,3,Books & Media,Comic Book Store,books-media-comic-book-store
Local Businesses,local-business,21,Specialty Retail & Boutiques,specialty-retail-boutiques,6,Graphic Novel Shops,graphic-novel-shops,,,,
Local Businesses,local-business,21,Specialty Retail & Boutiques,specialty-retail-boutiques,7,Manga Shops,manga-shops,,,,
Local Businesses,local-business,21,Specialty Retail & Boutiques,specialty-retail-boutiques,8,Sci-Fi Bookstores,sci-fi-bookstores,,,,
Local Businesses,local-business,21,Specialty Retail & Boutiques,specialty-retail-boutiques,9,Mystery Bookstores,mystery-bookstores,,,,
Local Businesses,local-business,21,Specialty Retail & Boutiques,specialty-retail-boutiques,10,Romance Bookstores,romance-bookstores,,,,
Local Businesses,local-business,21,Specialty Retail & Boutiques,specialty-retail-boutiques,11,Religious Bookstores,religious-bookstores,,,,
Local Businesses,local-business,21,Specialty Retail & Boutiques,specialty-retail-boutiques,12,Christian Bookstores,christian-bookstores,,,,
Local Businesses,local-business,21,Specialty Retail & Boutiques,specialty-retail-boutiques,13,Jewish Bookstores,jewish-bookstores,,,,
Local Businesses,local-business,21,Specialty Retail & Boutiques,specialty-retail-boutiques,14,Islamic Bookstores,islamic-bookstores,,,,
Local Businesses,local-business,21,Specialty Retail & Boutiques,specialty-retail-boutiques,15,Spiritual Bookstores,spiritual-bookstores,,,,
Local Businesses,local-business,21,Specialty Retail & Boutiques,specialty-retail-boutiques,16,New Age Bookstores,new-age-bookstores,,,,
Local Businesses,local-business,21,Specialty Retail & Boutiques,specialty-retail-boutiques,17,Metaphysical Shops,metaphysical-shops,,,,
Local Businesses,local-business,21,Specialty Retail & Boutiques,specialty-retail-boutiques,18,Crystal Shops,crystal-shops,,,,
Local Businesses,local-business,21,Specialty Retail & Boutiques,specialty-retail-boutiques,19,Tarot Card Shops,tarot-card-shops,,,,
Local Businesses,local-business,21,Specialty Retail & Boutiques,specialty-retail-boutiques,20,Witchcraft Supply Stores,witchcraft-supply-stores,1,Convenience Stores,Gas Station Store,convenience-stores-gas-station-store
Local Businesses,local-business,21,Specialty Retail & Boutiques,specialty-retail-boutiques,20,Witchcraft Supply Stores,witchcraft-supply-stores,2,Convenience Stores,Corner Store,convenience-stores-corner-store
Local Businesses,local-business,21,Specialty Retail & Boutiques,specialty-retail-boutiques,20,Witchcraft Supply Stores,witchcraft-supply-stores,3,Convenience Stores,Mini Mart,convenience-stores-mini-mart
Local Businesses,local-business,21,Specialty Retail & Boutiques,specialty-retail-boutiques,20,Witchcraft Supply Stores,witchcraft-supply-stores,4,Convenience Stores,Bodega,convenience-stores-bodega
Local Businesses,local-business,21,Specialty Retail & Boutiques,specialty-retail-boutiques,20,Witchcraft Supply Stores,witchcraft-supply-stores,5,Convenience Stores,Neighborhood Market,convenience-stores-neighborhood-market
Local Businesses,local-business,21,Specialty Retail & Boutiques,specialty-retail-boutiques,20,Witchcraft Supply Stores,witchcraft-supply-stores,6,Convenience Stores,Snack Shop,convenience-stores-snack-shop
Local Businesses,local-business,21,Specialty Retail & Boutiques,specialty-retail-boutiques,20,Witchcraft Supply Stores,witchcraft-supply-stores,7,Convenience Stores,Lottery Retailer,convenience-stores-lottery-retailer
Local Businesses,local-business,21,Specialty Retail & Boutiques,specialty-retail-boutiques,20,Witchcraft Supply Stores,witchcraft-supply-stores,8,Convenience Stores,ATM Location,convenience-stores-atm-location
Local Businesses,local-business,21,Specialty Retail & Boutiques,specialty-retail-boutiques,20,Witchcraft Supply Stores,witchcraft-supply-stores,9,Pharmacy,Wellness Store,pharmacy-wellness-store
Local Businesses,local-business,21,Specialty Retail & Boutiques,specialty-retail-boutiques,20,Witchcraft Supply Stores,witchcraft-supply-stores,10,Pet Supplies,Pet Store,pet-supplies-pet-store
Local Businesses,local-business,21,Specialty Retail & Boutiques,specialty-retail-boutiques,20,Witchcraft Supply Stores,witchcraft-supply-stores,11,Pet Supplies,Aquarium Store,pet-supplies-aquarium-store
Local Businesses,local-business,21,Specialty Retail & Boutiques,specialty-retail-boutiques,20,Witchcraft Supply Stores,witchcraft-supply-stores,12,Pet Supplies,Reptile Store,pet-supplies-reptile-store
Local Businesses,local-business,21,Specialty Retail & Boutiques,specialty-retail-boutiques,20,Witchcraft Supply Stores,witchcraft-supply-stores,13,Pet Supplies,Bird Supply,pet-supplies-bird-supply
Local Businesses,local-business,21,Specialty Retail & Boutiques,specialty-retail-boutiques,20,Witchcraft Supply Stores,witchcraft-supply-stores,14,Pet Supplies,Horse Supply,pet-supplies-horse-supply
Local Businesses,local-business,21,Specialty Retail & Boutiques,specialty-retail-boutiques,20,Witchcraft Supply Stores,witchcraft-supply-stores,15,Books & Media,Record Store,books-media-record-store
Local Businesses,local-business,21,Specialty Retail & Boutiques,specialty-retail-boutiques,20,Witchcraft Supply Stores,witchcraft-supply-stores,16,Books & Media,Craft Store,books-media-craft-store
Local Businesses,local-business,21,Specialty Retail & Boutiques,specialty-retail-boutiques,20,Witchcraft Supply Stores,witchcraft-supply-stores,17,Books & Media,Toy Store,books-media-toy-store
Local Businesses,local-business,21,Specialty Retail & Boutiques,specialty-retail-boutiques,20,Witchcraft Supply Stores,witchcraft-supply-stores,18,Books & Media,Stationery Store,books-media-stationery-store
Local Businesses,local-business,21,Specialty Retail & Boutiques,specialty-retail-boutiques,20,Witchcraft Supply Stores,witchcraft-supply-stores,19,Auto Parts,Auto Parts Store,auto-parts-auto-parts-store
Local Businesses,local-business,21,Specialty Retail & Boutiques,specialty-retail-boutiques,20,Witchcraft Supply Stores,witchcraft-supply-stores,20,Auto Parts,Tire Store,auto-parts-tire-store
Local Businesses,local-business,21,Specialty Retail & Boutiques,specialty-retail-boutiques,21,Pagan Supply Stores,pagan-supply-stores,,,,
Local Businesses,local-business,21,Specialty Retail & Boutiques,specialty-retail-boutiques,22,Botanica Stores,botanica-stores,,,,
Local Businesses,local-business,21,Specialty Retail & Boutiques,specialty-retail-boutiques,23,Hoodoo Supply Stores,hoodoo-supply-stores,,,,
Local Businesses,local-business,21,Specialty Retail & Boutiques,specialty-retail-boutiques,24,Voodoo Shops,voodoo-shops,,,,
Local Businesses,local-business,21,Specialty Retail & Boutiques,specialty-retail-boutiques,25,Incense Shops,incense-shops,,,,
Local Businesses,local-business,21,Specialty Retail & Boutiques,specialty-retail-boutiques,26,Candle Shops,candle-shops,1,Home Decor,Candle Shop,home-decor-candle-shop
Local Businesses,local-business,21,Specialty Retail & Boutiques,specialty-retail-boutiques,27,Hand-Poured Candle Shops,hand-poured-candle-shops,1,Second-Hand,Thrift Store,second-hand-thrift-store
Local Businesses,local-business,21,Specialty Retail & Boutiques,specialty-retail-boutiques,27,Hand-Poured Candle Shops,hand-poured-candle-shops,2,Second-Hand,Consignment Shop,second-hand-consignment-shop
Local Businesses,local-business,21,Specialty Retail & Boutiques,specialty-retail-boutiques,27,Hand-Poured Candle Shops,hand-poured-candle-shops,3,Second-Hand,Antique Shop,second-hand-antique-shop
Local Businesses,local-business,21,Specialty Retail & Boutiques,specialty-retail-boutiques,27,Hand-Poured Candle Shops,hand-poured-candle-shops,4,Second-Hand,Pawn Shop,second-hand-pawn-shop
Local Businesses,local-business,21,Specialty Retail & Boutiques,specialty-retail-boutiques,27,Hand-Poured Candle Shops,hand-poured-candle-shops,5,Second-Hand,Used Bookstore,second-hand-used-bookstore
Local Businesses,local-business,21,Specialty Retail & Boutiques,specialty-retail-boutiques,27,Hand-Poured Candle Shops,hand-poured-candle-shops,6,Second-Hand,Record Exchange,second-hand-record-exchange
Local Businesses,local-business,21,Specialty Retail & Boutiques,specialty-retail-boutiques,27,Hand-Poured Candle Shops,hand-poured-candle-shops,7,Second-Hand,Resale Clothing,second-hand-resale-clothing
Local Businesses,local-business,21,Specialty Retail & Boutiques,specialty-retail-boutiques,27,Hand-Poured Candle Shops,hand-poured-candle-shops,8,Second-Hand,Furniture Resale,second-hand-furniture-resale
Local Businesses,local-business,21,Specialty Retail & Boutiques,specialty-retail-boutiques,27,Hand-Poured Candle Shops,hand-poured-candle-shops,9,Second-Hand,Electronics Resale,second-hand-electronics-resale
Local Businesses,local-business,21,Specialty Retail & Boutiques,specialty-retail-boutiques,28,Soy Candle Shops,soy-candle-shops,,,,
Local Businesses,local-business,21,Specialty Retail & Boutiques,specialty-retail-boutiques,29,Beeswax Candle Shops,beeswax-candle-shops,,,,
Local Businesses,local-business,21,Specialty Retail & Boutiques,specialty-retail-boutiques,30,Game Stores,game-stores,1,Books & Media,Board Game Store,books-media-board-game-store
Local Businesses,local-business,21,Specialty Retail & Boutiques,specialty-retail-boutiques,31,Tabletop Game Shops,tabletop-game-shops,,,,
Local Businesses,local-business,21,Specialty Retail & Boutiques,specialty-retail-boutiques,32,RPG Game Shops,rpg-game-shops,,,,
Local Businesses,local-business,21,Specialty Retail & Boutiques,specialty-retail-boutiques,33,Trading Card Game Shops,trading-card-game-shops,,,,
Local Businesses,local-business,21,Specialty Retail & Boutiques,specialty-retail-boutiques,34,Pokemon Card Shops,pokemon-card-shops,,,,
Local Businesses,local-business,21,Specialty Retail & Boutiques,specialty-retail-boutiques,35,Magic the Gathering Shops,magic-the-gathering-shops,,,,
Local Businesses,local-business,21,Specialty Retail & Boutiques,specialty-retail-boutiques,36,Yu-Gi-Oh Shops,yu-gi-oh-shops,,,,
Local Businesses,local-business,21,Specialty Retail & Boutiques,specialty-retail-boutiques,37,Sports Card Shops,sports-card-shops,1,Sports & Outdoors,Sporting Goods,sports-outdoors-sporting-goods
Local Businesses,local-business,21,Specialty Retail & Boutiques,specialty-retail-boutiques,37,Sports Card Shops,sports-card-shops,2,Sports & Outdoors,Bike Shop,sports-outdoors-bike-shop
Local Businesses,local-business,21,Specialty Retail & Boutiques,specialty-retail-boutiques,37,Sports Card Shops,sports-card-shops,3,Sports & Outdoors,Ski Shop,sports-outdoors-ski-shop
Local Businesses,local-business,21,Specialty Retail & Boutiques,specialty-retail-boutiques,37,Sports Card Shops,sports-card-shops,4,Sports & Outdoors,Surf Shop,sports-outdoors-surf-shop
Local Businesses,local-business,21,Specialty Retail & Boutiques,specialty-retail-boutiques,37,Sports Card Shops,sports-card-shops,5,Sports & Outdoors,Fishing Tackle,sports-outdoors-fishing-tackle
Local Businesses,local-business,21,Specialty Retail & Boutiques,specialty-retail-boutiques,37,Sports Card Shops,sports-card-shops,6,Sports & Outdoors,Golf Shop,sports-outdoors-golf-shop
Local Businesses,local-business,21,Specialty Retail & Boutiques,specialty-retail-boutiques,37,Sports Card Shops,sports-card-shops,7,Sports & Outdoors,Running Store,sports-outdoors-running-store
Local Businesses,local-business,21,Specialty Retail & Boutiques,specialty-retail-boutiques,37,Sports Card Shops,sports-card-shops,8,Sports & Outdoors,Climbing Gear,sports-outdoors-climbing-gear
Local Businesses,local-business,21,Specialty Retail & Boutiques,specialty-retail-boutiques,37,Sports Card Shops,sports-card-shops,9,Sports & Outdoors,Camping Store,sports-outdoors-camping-store
Local Businesses,local-business,21,Specialty Retail & Boutiques,specialty-retail-boutiques,37,Sports Card Shops,sports-card-shops,10,Sports & Outdoors,Hunting & Firearms,sports-outdoors-hunting-firearms
Local Businesses,local-business,21,Specialty Retail & Boutiques,specialty-retail-boutiques,38,Vintage Card Shops,vintage-card-shops,,,,
Local Businesses,local-business,21,Specialty Retail & Boutiques,specialty-retail-boutiques,39,Coin Shops,coin-shops,,,,
Local Businesses,local-business,21,Specialty Retail & Boutiques,specialty-retail-boutiques,40,Coin Collectors,coin-collectors,,,,
Local Businesses,local-business,21,Specialty Retail & Boutiques,specialty-retail-boutiques,41,Stamp Shops,stamp-shops,,,,
Local Businesses,local-business,21,Specialty Retail & Boutiques,specialty-retail-boutiques,42,Stamp Collectors,stamp-collectors,,,,
Local Businesses,local-business,21,Specialty Retail & Boutiques,specialty-retail-boutiques,43,Antique Coin Dealers,antique-coin-dealers,,,,
Local Businesses,local-business,21,Specialty Retail & Boutiques,specialty-retail-boutiques,44,Bullion Dealers,bullion-dealers,,,,
Local Businesses,local-business,21,Specialty Retail & Boutiques,specialty-retail-boutiques,45,Precious Metals Dealers,precious-metals-dealers,,,,
Local Businesses,local-business,21,Specialty Retail & Boutiques,specialty-retail-boutiques,46,Gold Buyers,gold-buyers,,,,
Local Businesses,local-business,21,Specialty Retail & Boutiques,specialty-retail-boutiques,47,Silver Buyers,silver-buyers,,,,
Local Businesses,local-business,21,Specialty Retail & Boutiques,specialty-retail-boutiques,48,Diamond Buyers,diamond-buyers,,,,
Local Businesses,local-business,21,Specialty Retail & Boutiques,specialty-retail-boutiques,49,Watch Buyers,watch-buyers,,,,
Local Businesses,local-business,21,Specialty Retail & Boutiques,specialty-retail-boutiques,50,Estate Jewelry Buyers,estate-jewelry-buyers,,,,
Local Businesses,local-business,21,Specialty Retail & Boutiques,specialty-retail-boutiques,51,Pawn Shops,pawn-shops,,,,
Local Businesses,local-business,21,Specialty Retail & Boutiques,specialty-retail-boutiques,52,Music Stores,music-stores,,,,
Local Businesses,local-business,21,Specialty Retail & Boutiques,specialty-retail-boutiques,53,Independent Music Stores,independent-music-stores,,,,
Local Businesses,local-business,21,Specialty Retail & Boutiques,specialty-retail-boutiques,54,Vinyl Record Shops,vinyl-record-shops,,,,
Local Businesses,local-business,21,Specialty Retail & Boutiques,specialty-retail-boutiques,55,Used Record Shops,used-record-shops,,,,
Local Businesses,local-business,21,Specialty Retail & Boutiques,specialty-retail-boutiques,56,Cassette Tape Shops,cassette-tape-shops,,,,
Local Businesses,local-business,21,Specialty Retail & Boutiques,specialty-retail-boutiques,57,CD Shops,cd-shops,,,,
Local Businesses,local-business,21,Specialty Retail & Boutiques,specialty-retail-boutiques,58,Sheet Music Stores,sheet-music-stores,,,,
Local Businesses,local-business,21,Specialty Retail & Boutiques,specialty-retail-boutiques,59,Musical Instrument Stores,musical-instrument-stores,1,Books & Media,Musical Instrument,books-media-musical-instrument
Local Businesses,local-business,21,Specialty Retail & Boutiques,specialty-retail-boutiques,60,Guitar Shops,guitar-shops,,,,
Local Businesses,local-business,21,Specialty Retail & Boutiques,specialty-retail-boutiques,61,Vintage Guitar Shops,vintage-guitar-shops,,,,
Local Businesses,local-business,21,Specialty Retail & Boutiques,specialty-retail-boutiques,62,Drum Shops,drum-shops,,,,
Local Businesses,local-business,21,Specialty Retail & Boutiques,specialty-retail-boutiques,63,Piano Stores,piano-stores,,,,
Local Businesses,local-business,21,Specialty Retail & Boutiques,specialty-retail-boutiques,64,Used Piano Stores,used-piano-stores,,,,
Local Businesses,local-business,21,Specialty Retail & Boutiques,specialty-retail-boutiques,65,Brass Instrument Shops,brass-instrument-shops,,,,
Local Businesses,local-business,21,Specialty Retail & Boutiques,specialty-retail-boutiques,66,Wind Instrument Shops,wind-instrument-shops,,,,
Local Businesses,local-business,21,Specialty Retail & Boutiques,specialty-retail-boutiques,67,Violin Shops,violin-shops,,,,
Local Businesses,local-business,21,Specialty Retail & Boutiques,specialty-retail-boutiques,68,String Instrument Shops,string-instrument-shops,,,,
Local Businesses,local-business,21,Specialty Retail & Boutiques,specialty-retail-boutiques,69,DJ Equipment Shops,dj-equipment-shops,,,,
Local Businesses,local-business,21,Specialty Retail & Boutiques,specialty-retail-boutiques,70,Pro Audio Stores,pro-audio-stores,1,Auto Parts,Car Audio,auto-parts-car-audio
Local Businesses,local-business,21,Specialty Retail & Boutiques,specialty-retail-boutiques,71,Recording Equipment Stores,recording-equipment-stores,,,,
Local Businesses,local-business,21,Specialty Retail & Boutiques,specialty-retail-boutiques,72,Pedalboard Shops,pedalboard-shops,,,,
Local Businesses,local-business,21,Specialty Retail & Boutiques,specialty-retail-boutiques,73,Keyboard Shops,keyboard-shops,,,,
Local Businesses,local-business,21,Specialty Retail & Boutiques,specialty-retail-boutiques,74,Synthesizer Shops,synthesizer-shops,,,,
Local Businesses,local-business,21,Specialty Retail & Boutiques,specialty-retail-boutiques,75,Music Gear Stores,music-gear-stores,,,,
Local Businesses,local-business,21,Specialty Retail & Boutiques,specialty-retail-boutiques,76,Hobby Shops,hobby-shops,1,Consumer Electronics,Phone Store,consumer-electronics-phone-store
Local Businesses,local-business,21,Specialty Retail & Boutiques,specialty-retail-boutiques,76,Hobby Shops,hobby-shops,2,Consumer Electronics,Computer Store,consumer-electronics-computer-store
Local Businesses,local-business,21,Specialty Retail & Boutiques,specialty-retail-boutiques,76,Hobby Shops,hobby-shops,3,Consumer Electronics,TV & Audio,consumer-electronics-tv-audio
Local Businesses,local-business,21,Specialty Retail & Boutiques,specialty-retail-boutiques,76,Hobby Shops,hobby-shops,4,Consumer Electronics,Camera Store,consumer-electronics-camera-store
Local Businesses,local-business,21,Specialty Retail & Boutiques,specialty-retail-boutiques,76,Hobby Shops,hobby-shops,5,Consumer Electronics,Gaming Store,consumer-electronics-gaming-store
Local Businesses,local-business,21,Specialty Retail & Boutiques,specialty-retail-boutiques,76,Hobby Shops,hobby-shops,6,Consumer Electronics,Smart Home Store,consumer-electronics-smart-home-store
Local Businesses,local-business,21,Specialty Retail & Boutiques,specialty-retail-boutiques,76,Hobby Shops,hobby-shops,7,Consumer Electronics,Drone Shop,consumer-electronics-drone-shop
Local Businesses,local-business,21,Specialty Retail & Boutiques,specialty-retail-boutiques,76,Hobby Shops,hobby-shops,8,Consumer Electronics,Wearable Tech,consumer-electronics-wearable-tech
Local Businesses,local-business,21,Specialty Retail & Boutiques,specialty-retail-boutiques,76,Hobby Shops,hobby-shops,9,Consumer Electronics,VR Headset Store,consumer-electronics-vr-headset-store
Local Businesses,local-business,21,Specialty Retail & Boutiques,specialty-retail-boutiques,76,Hobby Shops,hobby-shops,10,Consumer Electronics,E-Reader Store,consumer-electronics-e-reader-store
Local Businesses,local-business,21,Specialty Retail & Boutiques,specialty-retail-boutiques,76,Hobby Shops,hobby-shops,11,Repair Services,Phone Repair,repair-services-phone-repair
Local Businesses,local-business,21,Specialty Retail & Boutiques,specialty-retail-boutiques,76,Hobby Shops,hobby-shops,12,Repair Services,Computer Repair,repair-services-computer-repair
Local Businesses,local-business,21,Specialty Retail & Boutiques,specialty-retail-boutiques,76,Hobby Shops,hobby-shops,13,Repair Services,Laptop Repair,repair-services-laptop-repair
Local Businesses,local-business,21,Specialty Retail & Boutiques,specialty-retail-boutiques,76,Hobby Shops,hobby-shops,14,Repair Services,Tablet Repair,repair-services-tablet-repair
Local Businesses,local-business,21,Specialty Retail & Boutiques,specialty-retail-boutiques,76,Hobby Shops,hobby-shops,15,Repair Services,Game Console Repair,repair-services-game-console-repair
Local Businesses,local-business,21,Specialty Retail & Boutiques,specialty-retail-boutiques,76,Hobby Shops,hobby-shops,16,Repair Services,TV Repair,repair-services-tv-repair
Local Businesses,local-business,21,Specialty Retail & Boutiques,specialty-retail-boutiques,76,Hobby Shops,hobby-shops,17,Repair Services,Audio Repair,repair-services-audio-repair
Local Businesses,local-business,21,Specialty Retail & Boutiques,specialty-retail-boutiques,76,Hobby Shops,hobby-shops,18,Repair Services,Drone Repair,repair-services-drone-repair
Local Businesses,local-business,21,Specialty Retail & Boutiques,specialty-retail-boutiques,76,Hobby Shops,hobby-shops,19,Repair Services,Smartwatch Repair,repair-services-smartwatch-repair
Local Businesses,local-business,21,Specialty Retail & Boutiques,specialty-retail-boutiques,76,Hobby Shops,hobby-shops,20,Repair Services,Data Recovery,repair-services-data-recovery
Local Businesses,local-business,21,Specialty Retail & Boutiques,specialty-retail-boutiques,76,Hobby Shops,hobby-shops,21,Books & Media,Hobby Shop,books-media-hobby-shop
Local Businesses,local-business,21,Specialty Retail & Boutiques,specialty-retail-boutiques,77,Model Train Shops,model-train-shops,,,,
Local Businesses,local-business,21,Specialty Retail & Boutiques,specialty-retail-boutiques,78,Model Car Shops,model-car-shops,,,,
Local Businesses,local-business,21,Specialty Retail & Boutiques,specialty-retail-boutiques,79,Model Airplane Shops,model-airplane-shops,,,,
Local Businesses,local-business,21,Specialty Retail & Boutiques,specialty-retail-boutiques,80,Model Rocket Shops,model-rocket-shops,,,,
Local Businesses,local-business,21,Specialty Retail & Boutiques,specialty-retail-boutiques,81,RC Car Shops,rc-car-shops,,,,
Local Businesses,local-business,21,Specialty Retail & Boutiques,specialty-retail-boutiques,82,RC Helicopter Shops,rc-helicopter-shops,,,,
Local Businesses,local-business,21,Specialty Retail & Boutiques,specialty-retail-boutiques,83,RC Boat Shops,rc-boat-shops,,,,
Local Businesses,local-business,21,Specialty Retail & Boutiques,specialty-retail-boutiques,84,Drone Shops,drone-shops,,,,
Local Businesses,local-business,21,Specialty Retail & Boutiques,specialty-retail-boutiques,85,Quadcopter Shops,quadcopter-shops,,,,
Local Businesses,local-business,21,Specialty Retail & Boutiques,specialty-retail-boutiques,86,Telescope Shops,telescope-shops,,,,
Local Businesses,local-business,21,Specialty Retail & Boutiques,specialty-retail-boutiques,87,Astronomy Supply Stores,astronomy-supply-stores,,,,
Local Businesses,local-business,21,Specialty Retail & Boutiques,specialty-retail-boutiques,88,Microscope Shops,microscope-shops,,,,
Local Businesses,local-business,21,Specialty Retail & Boutiques,specialty-retail-boutiques,89,Mineral & Fossil Shops,mineral-fossil-shops,,,,
Local Businesses,local-business,21,Specialty Retail & Boutiques,specialty-retail-boutiques,90,Rock Shops,rock-shops,,,,
Local Businesses,local-business,21,Specialty Retail & Boutiques,specialty-retail-boutiques,91,Geode Shops,geode-shops,,,,
Local Businesses,local-business,21,Specialty Retail & Boutiques,specialty-retail-boutiques,92,Yarn Shops,yarn-shops,,,,
Local Businesses,local-business,21,Specialty Retail & Boutiques,specialty-retail-boutiques,93,Knitting Supply Shops,knitting-supply-shops,,,,
Local Businesses,local-business,21,Specialty Retail & Boutiques,specialty-retail-boutiques,94,Crochet Supply Shops,crochet-supply-shops,,,,
Local Businesses,local-business,21,Specialty Retail & Boutiques,specialty-retail-boutiques,95,Cross Stitch Supply Shops,cross-stitch-supply-shops,,,,
Local Businesses,local-business,21,Specialty Retail & Boutiques,specialty-retail-boutiques,96,Embroidery Shops,embroidery-shops,,,,
Local Businesses,local-business,21,Specialty Retail & Boutiques,specialty-retail-boutiques,97,Quilting Shops,quilting-shops,,,,
Local Businesses,local-business,21,Specialty Retail & Boutiques,specialty-retail-boutiques,98,Fabric Stores,fabric-stores,,,,
Local Businesses,local-business,21,Specialty Retail & Boutiques,specialty-retail-boutiques,99,Bridal Fabric Stores,bridal-fabric-stores,,,,
Local Businesses,local-business,21,Specialty Retail & Boutiques,specialty-retail-boutiques,100,Designer Fabric Stores,designer-fabric-stores,,,,
Local Businesses,local-business,21,Specialty Retail & Boutiques,specialty-retail-boutiques,101,Sewing Machine Stores,sewing-machine-stores,,,,
Local Businesses,local-business,21,Specialty Retail & Boutiques,specialty-retail-boutiques,102,Vacuum Stores,vacuum-stores,,,,
Local Businesses,local-business,21,Specialty Retail & Boutiques,specialty-retail-boutiques,103,Bead Shops,bead-shops,,,,
Local Businesses,local-business,21,Specialty Retail & Boutiques,specialty-retail-boutiques,104,Jewelry Making Supply Stores,jewelry-making-supply-stores,,,,
Local Businesses,local-business,21,Specialty Retail & Boutiques,specialty-retail-boutiques,105,Polymer Clay Shops,polymer-clay-shops,,,,
Local Businesses,local-business,21,Specialty Retail & Boutiques,specialty-retail-boutiques,106,Resin Art Supply Shops,resin-art-supply-shops,1,Art Retail,Art Gallery Sales,art-retail-art-gallery-sales
Local Businesses,local-business,21,Specialty Retail & Boutiques,specialty-retail-boutiques,106,Resin Art Supply Shops,resin-art-supply-shops,2,Art Retail,Art Print Shop,art-retail-art-print-shop
Local Businesses,local-business,21,Specialty Retail & Boutiques,specialty-retail-boutiques,106,Resin Art Supply Shops,resin-art-supply-shops,3,Art Retail,Art Supplies,art-retail-art-supplies
Local Businesses,local-business,21,Specialty Retail & Boutiques,specialty-retail-boutiques,106,Resin Art Supply Shops,resin-art-supply-shops,4,Art Retail,Sculpture Gallery,art-retail-sculpture-gallery
Local Businesses,local-business,21,Specialty Retail & Boutiques,specialty-retail-boutiques,106,Resin Art Supply Shops,resin-art-supply-shops,5,Art Retail,Photography Gallery,art-retail-photography-gallery
Local Businesses,local-business,21,Specialty Retail & Boutiques,specialty-retail-boutiques,106,Resin Art Supply Shops,resin-art-supply-shops,6,Art Retail,Mixed Media Art,art-retail-mixed-media-art
Local Businesses,local-business,21,Specialty Retail & Boutiques,specialty-retail-boutiques,106,Resin Art Supply Shops,resin-art-supply-shops,7,Art Retail,Digital Art Gallery,art-retail-digital-art-gallery
Local Businesses,local-business,21,Specialty Retail & Boutiques,specialty-retail-boutiques,106,Resin Art Supply Shops,resin-art-supply-shops,8,Art Retail,Art Auction,art-retail-art-auction
Local Businesses,local-business,21,Specialty Retail & Boutiques,specialty-retail-boutiques,107,Soap Making Supply Shops,soap-making-supply-shops,,,,
Local Businesses,local-business,21,Specialty Retail & Boutiques,specialty-retail-boutiques,108,Candle Making Supply Shops,candle-making-supply-shops,,,,
Local Businesses,local-business,21,Specialty Retail & Boutiques,specialty-retail-boutiques,109,Art Supply Stores,art-supply-stores,1,Music,Piano Lessons,music-piano-lessons
Local Businesses,local-business,21,Specialty Retail & Boutiques,specialty-retail-boutiques,109,Art Supply Stores,art-supply-stores,2,Music,Guitar Lessons,music-guitar-lessons
Local Businesses,local-business,21,Specialty Retail & Boutiques,specialty-retail-boutiques,109,Art Supply Stores,art-supply-stores,3,Music,Violin Lessons,music-violin-lessons
Local Businesses,local-business,21,Specialty Retail & Boutiques,specialty-retail-boutiques,109,Art Supply Stores,art-supply-stores,4,Music,Drum Lessons,music-drum-lessons
Local Businesses,local-business,21,Specialty Retail & Boutiques,specialty-retail-boutiques,109,Art Supply Stores,art-supply-stores,5,Music,Singing Lessons,music-singing-lessons
Local Businesses,local-business,21,Specialty Retail & Boutiques,specialty-retail-boutiques,109,Art Supply Stores,art-supply-stores,6,Music,Music Theory,music-music-theory
Local Businesses,local-business,21,Specialty Retail & Boutiques,specialty-retail-boutiques,109,Art Supply Stores,art-supply-stores,7,Music,Band Coaching,music-band-coaching
Local Businesses,local-business,21,Specialty Retail & Boutiques,specialty-retail-boutiques,109,Art Supply Stores,art-supply-stores,8,Music,Orchestra Training,music-orchestra-training
Local Businesses,local-business,21,Specialty Retail & Boutiques,specialty-retail-boutiques,109,Art Supply Stores,art-supply-stores,9,Music,DJ Lessons,music-dj-lessons
Local Businesses,local-business,21,Specialty Retail & Boutiques,specialty-retail-boutiques,109,Art Supply Stores,art-supply-stores,10,Music,Music Production,music-music-production
Local Businesses,local-business,21,Specialty Retail & Boutiques,specialty-retail-boutiques,109,Art Supply Stores,art-supply-stores,11,Arts & Crafts,Drawing Classes,arts-crafts-drawing-classes
Local Businesses,local-business,21,Specialty Retail & Boutiques,specialty-retail-boutiques,109,Art Supply Stores,art-supply-stores,12,Arts & Crafts,Painting Classes,arts-crafts-painting-classes
Local Businesses,local-business,21,Specialty Retail & Boutiques,specialty-retail-boutiques,109,Art Supply Stores,art-supply-stores,13,Arts & Crafts,Pottery Classes,arts-crafts-pottery-classes
Local Businesses,local-business,21,Specialty Retail & Boutiques,specialty-retail-boutiques,109,Art Supply Stores,art-supply-stores,14,Arts & Crafts,Sculpture,arts-crafts-sculpture
Local Businesses,local-business,21,Specialty Retail & Boutiques,specialty-retail-boutiques,109,Art Supply Stores,art-supply-stores,15,Arts & Crafts,Photography Classes,arts-crafts-photography-classes
Local Businesses,local-business,21,Specialty Retail & Boutiques,specialty-retail-boutiques,109,Art Supply Stores,art-supply-stores,16,Arts & Crafts,Calligraphy,arts-crafts-calligraphy
Local Businesses,local-business,21,Specialty Retail & Boutiques,specialty-retail-boutiques,109,Art Supply Stores,art-supply-stores,17,Arts & Crafts,Sewing & Quilting,arts-crafts-sewing-quilting
Local Businesses,local-business,21,Specialty Retail & Boutiques,specialty-retail-boutiques,109,Art Supply Stores,art-supply-stores,18,Arts & Crafts,Knitting,arts-crafts-knitting
Local Businesses,local-business,21,Specialty Retail & Boutiques,specialty-retail-boutiques,109,Art Supply Stores,art-supply-stores,19,Arts & Crafts,Woodworking,arts-crafts-woodworking
Local Businesses,local-business,21,Specialty Retail & Boutiques,specialty-retail-boutiques,109,Art Supply Stores,art-supply-stores,20,Arts & Crafts,Jewelry Making,arts-crafts-jewelry-making
Local Businesses,local-business,21,Specialty Retail & Boutiques,specialty-retail-boutiques,109,Art Supply Stores,art-supply-stores,21,Dance,Ballet,dance-ballet
Local Businesses,local-business,21,Specialty Retail & Boutiques,specialty-retail-boutiques,109,Art Supply Stores,art-supply-stores,22,Dance,Jazz Dance,dance-jazz-dance
Local Businesses,local-business,21,Specialty Retail & Boutiques,specialty-retail-boutiques,109,Art Supply Stores,art-supply-stores,23,Dance,Hip Hop Dance,dance-hip-hop-dance
Local Businesses,local-business,21,Specialty Retail & Boutiques,specialty-retail-boutiques,109,Art Supply Stores,art-supply-stores,24,Dance,Contemporary Dance,dance-contemporary-dance
Local Businesses,local-business,21,Specialty Retail & Boutiques,specialty-retail-boutiques,109,Art Supply Stores,art-supply-stores,25,Dance,Ballroom Dancing,dance-ballroom-dancing
Local Businesses,local-business,21,Specialty Retail & Boutiques,specialty-retail-boutiques,109,Art Supply Stores,art-supply-stores,26,Dance,Salsa Dancing,dance-salsa-dancing
Local Businesses,local-business,21,Specialty Retail & Boutiques,specialty-retail-boutiques,109,Art Supply Stores,art-supply-stores,27,Dance,Tap Dance,dance-tap-dance
Local Businesses,local-business,21,Specialty Retail & Boutiques,specialty-retail-boutiques,109,Art Supply Stores,art-supply-stores,28,Dance,Swing Dance,dance-swing-dance
Local Businesses,local-business,21,Specialty Retail & Boutiques,specialty-retail-boutiques,109,Art Supply Stores,art-supply-stores,29,Dance,Folk Dance,dance-folk-dance
Local Businesses,local-business,21,Specialty Retail & Boutiques,specialty-retail-boutiques,109,Art Supply Stores,art-supply-stores,30,Dance,Belly Dance,dance-belly-dance
Local Businesses,local-business,21,Specialty Retail & Boutiques,specialty-retail-boutiques,109,Art Supply Stores,art-supply-stores,31,Sports,Swimming Lessons,sports-swimming-lessons
Local Businesses,local-business,21,Specialty Retail & Boutiques,specialty-retail-boutiques,109,Art Supply Stores,art-supply-stores,32,Sports,Tennis Lessons,sports-tennis-lessons
Local Businesses,local-business,21,Specialty Retail & Boutiques,specialty-retail-boutiques,109,Art Supply Stores,art-supply-stores,33,Sports,Golf Lessons,sports-golf-lessons
Local Businesses,local-business,21,Specialty Retail & Boutiques,specialty-retail-boutiques,109,Art Supply Stores,art-supply-stores,34,Sports,Martial Arts Classes,sports-martial-arts-classes
Local Businesses,local-business,21,Specialty Retail & Boutiques,specialty-retail-boutiques,109,Art Supply Stores,art-supply-stores,35,Sports,Gymnastics,sports-gymnastics
Local Businesses,local-business,21,Specialty Retail & Boutiques,specialty-retail-boutiques,109,Art Supply Stores,art-supply-stores,36,Sports,Soccer Coaching,sports-soccer-coaching
Local Businesses,local-business,21,Specialty Retail & Boutiques,specialty-retail-boutiques,109,Art Supply Stores,art-supply-stores,37,Sports,Basketball Training,sports-basketball-training
Local Businesses,local-business,21,Specialty Retail & Boutiques,specialty-retail-boutiques,109,Art Supply Stores,art-supply-stores,38,Sports,Baseball Coaching,sports-baseball-coaching
Local Businesses,local-business,21,Specialty Retail & Boutiques,specialty-retail-boutiques,109,Art Supply Stores,art-supply-stores,39,Sports,Horseback Riding,sports-horseback-riding
Local Businesses,local-business,21,Specialty Retail & Boutiques,specialty-retail-boutiques,109,Art Supply Stores,art-supply-stores,40,Sports,Skateboarding,sports-skateboarding
Local Businesses,local-business,21,Specialty Retail & Boutiques,specialty-retail-boutiques,109,Art Supply Stores,art-supply-stores,41,Books & Media,Art Supply Store,books-media-art-supply-store
Local Businesses,local-business,21,Specialty Retail & Boutiques,specialty-retail-boutiques,110,Fine Art Supply Stores,fine-art-supply-stores,,,,
Local Businesses,local-business,21,Specialty Retail & Boutiques,specialty-retail-boutiques,111,Calligraphy Supply Stores,calligraphy-supply-stores,,,,
Local Businesses,local-business,21,Specialty Retail & Boutiques,specialty-retail-boutiques,112,Watercolor Supply Stores,watercolor-supply-stores,,,,
Local Businesses,local-business,21,Specialty Retail & Boutiques,specialty-retail-boutiques,113,Acrylic Paint Stores,acrylic-paint-stores,,,,
Local Businesses,local-business,21,Specialty Retail & Boutiques,specialty-retail-boutiques,114,Oil Paint Stores,oil-paint-stores,,,,
Local Businesses,local-business,21,Specialty Retail & Boutiques,specialty-retail-boutiques,115,Drawing Supply Stores,drawing-supply-stores,,,,
Local Businesses,local-business,21,Specialty Retail & Boutiques,specialty-retail-boutiques,116,Comic Art Supply Stores,comic-art-supply-stores,,,,
Local Businesses,local-business,21,Specialty Retail & Boutiques,specialty-retail-boutiques,117,Anime Art Supply Stores,anime-art-supply-stores,,,,
Local Businesses,local-business,21,Specialty Retail & Boutiques,specialty-retail-boutiques,118,Camera Stores,camera-stores,,,,
Local Businesses,local-business,21,Specialty Retail & Boutiques,specialty-retail-boutiques,119,Used Camera Shops,used-camera-shops,,,,
Local Businesses,local-business,21,Specialty Retail & Boutiques,specialty-retail-boutiques,120,Vintage Camera Shops,vintage-camera-shops,,,,
Local Businesses,local-business,21,Specialty Retail & Boutiques,specialty-retail-boutiques,121,Film Camera Shops,film-camera-shops,,,,
Local Businesses,local-business,21,Specialty Retail & Boutiques,specialty-retail-boutiques,122,Camera Repair Shops,camera-repair-shops,,,,
Local Businesses,local-business,21,Specialty Retail & Boutiques,specialty-retail-boutiques,123,Photo Lab Stores,photo-lab-stores,,,,
Local Businesses,local-business,21,Specialty Retail & Boutiques,specialty-retail-boutiques,124,Frame Shops,frame-shops,1,Home Decor,Frame Shop,home-decor-frame-shop
Local Businesses,local-business,21,Specialty Retail & Boutiques,specialty-retail-boutiques,125,Custom Picture Framing,custom-picture-framing,1,Art Retail,Custom Framing,art-retail-custom-framing
Local Businesses,local-business,21,Specialty Retail & Boutiques,specialty-retail-boutiques,126,Gallery-Style Framing,gallery-style-framing,,,,
Local Businesses,local-business,21,Specialty Retail & Boutiques,specialty-retail-boutiques,127,Conservation Framing,conservation-framing,,,,
Local Businesses,local-business,21,Specialty Retail & Boutiques,specialty-retail-boutiques,128,Furniture Stores,furniture-stores,1,Furniture,Furniture Store,furniture-furniture-store
Local Businesses,local-business,21,Specialty Retail & Boutiques,specialty-retail-boutiques,129,Modern Furniture Stores,modern-furniture-stores,,,,
Local Businesses,local-business,21,Specialty Retail & Boutiques,specialty-retail-boutiques,130,Mid-Century Modern Furniture,mid-century-modern-furniture,,,,
Local Businesses,local-business,21,Specialty Retail & Boutiques,specialty-retail-boutiques,131,Industrial Furniture Stores,industrial-furniture-stores,,,,
Local Businesses,local-business,21,Specialty Retail & Boutiques,specialty-retail-boutiques,132,Rustic Furniture Stores,rustic-furniture-stores,,,,
Local Businesses,local-business,21,Specialty Retail & Boutiques,specialty-retail-boutiques,133,Antique Furniture Stores,antique-furniture-stores,1,Furniture,Antique Furniture,furniture-antique-furniture
Local Businesses,local-business,21,Specialty Retail & Boutiques,specialty-retail-boutiques,134,Vintage Furniture Stores,vintage-furniture-stores,1,Second-Hand,Vintage Store,second-hand-vintage-store
Local Businesses,local-business,21,Specialty Retail & Boutiques,specialty-retail-boutiques,135,Custom Furniture Makers,custom-furniture-makers,1,Furniture,Custom Furniture,furniture-custom-furniture
Local Businesses,local-business,21,Specialty Retail & Boutiques,specialty-retail-boutiques,136,Reclaimed Wood Furniture Stores,reclaimed-wood-furniture-stores,,,,
Local Businesses,local-business,21,Specialty Retail & Boutiques,specialty-retail-boutiques,137,Outdoor Furniture Stores,outdoor-furniture-stores,1,Furniture,Outdoor Furniture,furniture-outdoor-furniture
Local Businesses,local-business,21,Specialty Retail & Boutiques,specialty-retail-boutiques,138,Patio Furniture Stores,patio-furniture-stores,1,Garden Retail,Patio Furniture,garden-retail-patio-furniture
Local Businesses,local-business,21,Specialty Retail & Boutiques,specialty-retail-boutiques,139,Wicker Furniture Stores,wicker-furniture-stores,,,,
Local Businesses,local-business,21,Specialty Retail & Boutiques,specialty-retail-boutiques,140,Office Furniture Stores,office-furniture-stores,1,Furniture,Office Furniture,furniture-office-furniture
Local Businesses,local-business,21,Specialty Retail & Boutiques,specialty-retail-boutiques,140,Office Furniture Stores,office-furniture-stores,2,Office Retail,Office Supply Store,office-retail-office-supply-store
Local Businesses,local-business,21,Specialty Retail & Boutiques,specialty-retail-boutiques,140,Office Furniture Stores,office-furniture-stores,3,Office Retail,Printing Service,office-retail-printing-service
Local Businesses,local-business,21,Specialty Retail & Boutiques,specialty-retail-boutiques,140,Office Furniture Stores,office-furniture-stores,4,Office Retail,Shipping Store,office-retail-shipping-store
Local Businesses,local-business,21,Specialty Retail & Boutiques,specialty-retail-boutiques,140,Office Furniture Stores,office-furniture-stores,5,Office Retail,Copy Center,office-retail-copy-center
Local Businesses,local-business,21,Specialty Retail & Boutiques,specialty-retail-boutiques,140,Office Furniture Stores,office-furniture-stores,6,Office Retail,Mailbox Rental,office-retail-mailbox-rental
Local Businesses,local-business,21,Specialty Retail & Boutiques,specialty-retail-boutiques,140,Office Furniture Stores,office-furniture-stores,7,Office Retail,Notary,office-retail-notary
Local Businesses,local-business,21,Specialty Retail & Boutiques,specialty-retail-boutiques,140,Office Furniture Stores,office-furniture-stores,8,Office Retail,FedEx Location,office-retail-fedex-location
Local Businesses,local-business,21,Specialty Retail & Boutiques,specialty-retail-boutiques,140,Office Furniture Stores,office-furniture-stores,9,Office Retail,UPS Store,office-retail-ups-store
Local Businesses,local-business,21,Specialty Retail & Boutiques,specialty-retail-boutiques,140,Office Furniture Stores,office-furniture-stores,10,Office Retail,Office Furniture Store,office-retail-office-furniture-store
Local Businesses,local-business,21,Specialty Retail & Boutiques,specialty-retail-boutiques,140,Office Furniture Stores,office-furniture-stores,11,Office Retail,Technology Store,office-retail-technology-store
Local Businesses,local-business,21,Specialty Retail & Boutiques,specialty-retail-boutiques,141,Dorm Furniture Stores,dorm-furniture-stores,,,,
Local Businesses,local-business,21,Specialty Retail & Boutiques,specialty-retail-boutiques,143,Baby Furniture Stores,baby-furniture-stores,,,,
Local Businesses,local-business,21,Specialty Retail & Boutiques,specialty-retail-boutiques,144,Mattress Stores,mattress-stores,,,,
Local Businesses,local-business,21,Specialty Retail & Boutiques,specialty-retail-boutiques,145,Memory Foam Mattress Stores,memory-foam-mattress-stores,,,,
Local Businesses,local-business,21,Specialty Retail & Boutiques,specialty-retail-boutiques,146,Hybrid Mattress Stores,hybrid-mattress-stores,,,,
Local Businesses,local-business,21,Specialty Retail & Boutiques,specialty-retail-boutiques,147,Latex Mattress Stores,latex-mattress-stores,,,,
Local Businesses,local-business,21,Specialty Retail & Boutiques,specialty-retail-boutiques,148,Adjustable Bed Stores,adjustable-bed-stores,,,,
Local Businesses,local-business,21,Specialty Retail & Boutiques,specialty-retail-boutiques,149,Sleep Number Stores,sleep-number-stores,,,,
Local Businesses,local-business,21,Specialty Retail & Boutiques,specialty-retail-boutiques,150,Tempur-Pedic Stores,tempur-pedic-stores,,,,
Local Businesses,local-business,21,Specialty Retail & Boutiques,specialty-retail-boutiques,151,Custom Bedding Stores,custom-bedding-stores,,,,
Local Businesses,local-business,21,Specialty Retail & Boutiques,specialty-retail-boutiques,152,Bed & Bath Stores,bed-bath-stores,,,,
Local Businesses,local-business,21,Specialty Retail & Boutiques,specialty-retail-boutiques,153,Linen Stores,linen-stores,,,,
Local Businesses,local-business,21,Specialty Retail & Boutiques,specialty-retail-boutiques,154,Luxury Sheet Stores,luxury-sheet-stores,1,Luxury Retail,Luxury Watches,luxury-retail-luxury-watches
Local Businesses,local-business,21,Specialty Retail & Boutiques,specialty-retail-boutiques,154,Luxury Sheet Stores,luxury-sheet-stores,2,Luxury Retail,Luxury Jewelry,luxury-retail-luxury-jewelry
Local Businesses,local-business,21,Specialty Retail & Boutiques,specialty-retail-boutiques,154,Luxury Sheet Stores,luxury-sheet-stores,3,Luxury Retail,Luxury Cars,luxury-retail-luxury-cars
Local Businesses,local-business,21,Specialty Retail & Boutiques,specialty-retail-boutiques,154,Luxury Sheet Stores,luxury-sheet-stores,4,Luxury Retail,Luxury Home Decor,luxury-retail-luxury-home-decor
Local Businesses,local-business,21,Specialty Retail & Boutiques,specialty-retail-boutiques,154,Luxury Sheet Stores,luxury-sheet-stores,5,Luxury Retail,Luxury Beauty,luxury-retail-luxury-beauty
Local Businesses,local-business,21,Specialty Retail & Boutiques,specialty-retail-boutiques,154,Luxury Sheet Stores,luxury-sheet-stores,6,Luxury Retail,Luxury Travel,luxury-retail-luxury-travel
Local Businesses,local-business,21,Specialty Retail & Boutiques,specialty-retail-boutiques,154,Luxury Sheet Stores,luxury-sheet-stores,7,Luxury Retail,Luxury Gifts,luxury-retail-luxury-gifts
Local Businesses,local-business,21,Specialty Retail & Boutiques,specialty-retail-boutiques,154,Luxury Sheet Stores,luxury-sheet-stores,8,Luxury Retail,Luxury Bags,luxury-retail-luxury-bags
Local Businesses,local-business,21,Specialty Retail & Boutiques,specialty-retail-boutiques,154,Luxury Sheet Stores,luxury-sheet-stores,9,Luxury Retail,Luxury Shoes,luxury-retail-luxury-shoes
Local Businesses,local-business,21,Specialty Retail & Boutiques,specialty-retail-boutiques,155,Down Comforter Stores,down-comforter-stores,,,,
Local Businesses,local-business,21,Specialty Retail & Boutiques,specialty-retail-boutiques,156,Pillow Stores,pillow-stores,,,,
Local Businesses,local-business,21,Specialty Retail & Boutiques,specialty-retail-boutiques,157,Towel Stores,towel-stores,,,,
Local Businesses,local-business,21,Specialty Retail & Boutiques,specialty-retail-boutiques,158,Rug Stores,rug-stores,,,,
Local Businesses,local-business,21,Specialty Retail & Boutiques,specialty-retail-boutiques,159,Oriental Rug Stores,oriental-rug-stores,,,,
Local Businesses,local-business,21,Specialty Retail & Boutiques,specialty-retail-boutiques,160,Persian Rug Stores,persian-rug-stores,,,,
Local Businesses,local-business,21,Specialty Retail & Boutiques,specialty-retail-boutiques,161,Modern Rug Stores,modern-rug-stores,,,,
Local Businesses,local-business,21,Specialty Retail & Boutiques,specialty-retail-boutiques,162,Custom Area Rugs,custom-area-rugs,,,,
Local Businesses,local-business,21,Specialty Retail & Boutiques,specialty-retail-boutiques,163,Carpet Stores,carpet-stores,,,,
Local Businesses,local-business,21,Specialty Retail & Boutiques,specialty-retail-boutiques,164,Hardwood Flooring Stores,hardwood-flooring-stores,,,,
Local Businesses,local-business,21,Specialty Retail & Boutiques,specialty-retail-boutiques,165,Engineered Wood Flooring,engineered-wood-flooring,,,,
Local Businesses,local-business,21,Specialty Retail & Boutiques,specialty-retail-boutiques,166,Luxury Vinyl Plank Stores,luxury-vinyl-plank-stores,,,,
Local Businesses,local-business,21,Specialty Retail & Boutiques,specialty-retail-boutiques,167,Laminate Flooring Stores,laminate-flooring-stores,,,,
Local Businesses,local-business,21,Specialty Retail & Boutiques,specialty-retail-boutiques,168,Tile Stores,tile-stores,,,,
Local Businesses,local-business,21,Specialty Retail & Boutiques,specialty-retail-boutiques,169,Ceramic Tile Stores,ceramic-tile-stores,,,,
Local Businesses,local-business,21,Specialty Retail & Boutiques,specialty-retail-boutiques,170,Porcelain Tile Stores,porcelain-tile-stores,,,,
Local Businesses,local-business,21,Specialty Retail & Boutiques,specialty-retail-boutiques,171,Mosaic Tile Stores,mosaic-tile-stores,,,,
Local Businesses,local-business,21,Specialty Retail & Boutiques,specialty-retail-boutiques,172,Stone Tile Stores,stone-tile-stores,,,,
Local Businesses,local-business,21,Specialty Retail & Boutiques,specialty-retail-boutiques,173,Marble Stores,marble-stores,,,,
Local Businesses,local-business,21,Specialty Retail & Boutiques,specialty-retail-boutiques,174,Granite Stores,granite-stores,,,,
Local Businesses,local-business,21,Specialty Retail & Boutiques,specialty-retail-boutiques,175,Quartz Countertop Stores,quartz-countertop-stores,,,,
Local Businesses,local-business,21,Specialty Retail & Boutiques,specialty-retail-boutiques,176,Butcher Block Stores,butcher-block-stores,,,,
Local Businesses,local-business,21,Specialty Retail & Boutiques,specialty-retail-boutiques,177,Concrete Countertop Makers,concrete-countertop-makers,,,,
Local Businesses,local-business,21,Specialty Retail & Boutiques,specialty-retail-boutiques,178,Cabinet Stores,cabinet-stores,,,,
Local Businesses,local-business,21,Specialty Retail & Boutiques,specialty-retail-boutiques,179,Custom Cabinet Makers,custom-cabinet-makers,,,,
Local Businesses,local-business,21,Specialty Retail & Boutiques,specialty-retail-boutiques,180,Kitchen Cabinet Stores,kitchen-cabinet-stores,,,,
Local Businesses,local-business,21,Specialty Retail & Boutiques,specialty-retail-boutiques,181,Bathroom Cabinet Stores,bathroom-cabinet-stores,,,,
Local Businesses,local-business,21,Specialty Retail & Boutiques,specialty-retail-boutiques,182,Closet System Stores,closet-system-stores,,,,
Local Businesses,local-business,21,Specialty Retail & Boutiques,specialty-retail-boutiques,183,Custom Closets,custom-closets,,,,
Local Businesses,local-business,21,Specialty Retail & Boutiques,specialty-retail-boutiques,184,Garage Storage Systems,garage-storage-systems,,,,
Local Businesses,local-business,21,Specialty Retail & Boutiques,specialty-retail-boutiques,185,Hardware Stores,hardware-stores,,,,
Local Businesses,local-business,21,Specialty Retail & Boutiques,specialty-retail-boutiques,186,True Value Hardware,true-value-hardware,,,,
Local Businesses,local-business,21,Specialty Retail & Boutiques,specialty-retail-boutiques,187,Ace Hardware Locations,ace-hardware-locations,,,,
Local Businesses,local-business,21,Specialty Retail & Boutiques,specialty-retail-boutiques,188,Lumber Yards,lumber-yards,,,,
Local Businesses,local-business,21,Specialty Retail & Boutiques,specialty-retail-boutiques,189,Building Supply Stores,building-supply-stores,,,,
Local Businesses,local-business,21,Specialty Retail & Boutiques,specialty-retail-boutiques,190,Paint Stores,paint-stores,,,,
Local Businesses,local-business,21,Specialty Retail & Boutiques,specialty-retail-boutiques,191,Sherwin-Williams Locations,sherwin-williams-locations,,,,
Local Businesses,local-business,21,Specialty Retail & Boutiques,specialty-retail-boutiques,192,Benjamin Moore Locations,benjamin-moore-locations,,,,
Local Businesses,local-business,21,Specialty Retail & Boutiques,specialty-retail-boutiques,193,Wallpaper Stores,wallpaper-stores,,,,
Local Businesses,local-business,21,Specialty Retail & Boutiques,specialty-retail-boutiques,194,Window Treatment Stores,window-treatment-stores,,,,
Local Businesses,local-business,21,Specialty Retail & Boutiques,specialty-retail-boutiques,195,Custom Drapery Shops,custom-drapery-shops,,,,
Local Businesses,local-business,21,Specialty Retail & Boutiques,specialty-retail-boutiques,196,Blind Stores,blind-stores,,,,
Local Businesses,local-business,21,Specialty Retail & Boutiques,specialty-retail-boutiques,197,Shutter Stores,shutter-stores,,,,
Local Businesses,local-business,21,Specialty Retail & Boutiques,specialty-retail-boutiques,198,Plantation Shutter Stores,plantation-shutter-stores,,,,
Local Businesses,local-business,21,Specialty Retail & Boutiques,specialty-retail-boutiques,199,Window Film Stores,window-film-stores,,,,
Local Businesses,local-business,21,Specialty Retail & Boutiques,specialty-retail-boutiques,200,Lighting Stores,lighting-stores,,,,
Local Businesses,local-business,21,Specialty Retail & Boutiques,specialty-retail-boutiques,201,Chandelier Stores,chandelier-stores,,,,
Local Businesses,local-business,21,Specialty Retail & Boutiques,specialty-retail-boutiques,202,Lamp Stores,lamp-stores,,,,
Local Businesses,local-business,21,Specialty Retail & Boutiques,specialty-retail-boutiques,203,Outdoor Lighting Stores,outdoor-lighting-stores,1,Garden Retail,Outdoor Lighting,garden-retail-outdoor-lighting
Local Businesses,local-business,21,Specialty Retail & Boutiques,specialty-retail-boutiques,204,Antique Lighting Stores,antique-lighting-stores,,,,
Local Businesses,local-business,21,Specialty Retail & Boutiques,specialty-retail-boutiques,205,Restoration Hardware Locations,restoration-hardware-locations,,,,
Local Businesses,local-business,21,Specialty Retail & Boutiques,specialty-retail-boutiques,206,Jewelry Stores,jewelry-stores,,,,
Local Businesses,local-business,21,Specialty Retail & Boutiques,specialty-retail-boutiques,207,Independent Jewelers,independent-jewelers,,,,
Local Businesses,local-business,21,Specialty Retail & Boutiques,specialty-retail-boutiques,208,Custom Jewelers,custom-jewelers,,,,
Local Businesses,local-business,21,Specialty Retail & Boutiques,specialty-retail-boutiques,209,Engagement Ring Stores,engagement-ring-stores,,,,
Local Businesses,local-business,21,Specialty Retail & Boutiques,specialty-retail-boutiques,210,Bridal Jewelry Stores,bridal-jewelry-stores,,,,
Local Businesses,local-business,21,Specialty Retail & Boutiques,specialty-retail-boutiques,211,Wedding Band Stores,wedding-band-stores,,,,
Local Businesses,local-business,21,Specialty Retail & Boutiques,specialty-retail-boutiques,212,Estate Jewelry Stores,estate-jewelry-stores,,,,
Local Businesses,local-business,21,Specialty Retail & Boutiques,specialty-retail-boutiques,213,Antique Jewelry Stores,antique-jewelry-stores,,,,
Local Businesses,local-business,21,Specialty Retail & Boutiques,specialty-retail-boutiques,214,Vintage Jewelry Stores,vintage-jewelry-stores,,,,
Local Businesses,local-business,21,Specialty Retail & Boutiques,specialty-retail-boutiques,215,Diamond Stores,diamond-stores,,,,
Local Businesses,local-business,21,Specialty Retail & Boutiques,specialty-retail-boutiques,216,Loose Diamond Dealers,loose-diamond-dealers,,,,
Local Businesses,local-business,21,Specialty Retail & Boutiques,specialty-retail-boutiques,217,Lab-Grown Diamond Stores,lab-grown-diamond-stores,,,,
Local Businesses,local-business,21,Specialty Retail & Boutiques,specialty-retail-boutiques,218,Pearl Stores,pearl-stores,,,,
Local Businesses,local-business,21,Specialty Retail & Boutiques,specialty-retail-boutiques,219,Watch Stores,watch-stores,,,,
Local Businesses,local-business,21,Specialty Retail & Boutiques,specialty-retail-boutiques,220,Luxury Watch Stores,luxury-watch-stores,,,,
Local Businesses,local-business,21,Specialty Retail & Boutiques,specialty-retail-boutiques,221,Vintage Watch Stores,vintage-watch-stores,,,,
Local Businesses,local-business,21,Specialty Retail & Boutiques,specialty-retail-boutiques,222,Swiss Watch Dealers,swiss-watch-dealers,,,,
Local Businesses,local-business,21,Specialty Retail & Boutiques,specialty-retail-boutiques,223,Watch Repair Shops,watch-repair-shops,1,Accessories,Watch Shop,accessories-watch-shop
Local Businesses,local-business,21,Specialty Retail & Boutiques,specialty-retail-boutiques,224,Eyewear Boutiques,eyewear-boutiques,,,,
Local Businesses,local-business,21,Specialty Retail & Boutiques,specialty-retail-boutiques,225,Independent Optical Shops,independent-optical-shops,,,,
Local Businesses,local-business,21,Specialty Retail & Boutiques,specialty-retail-boutiques,226,Designer Eyewear Stores,designer-eyewear-stores,,,,
Local Businesses,local-business,21,Specialty Retail & Boutiques,specialty-retail-boutiques,227,Sunglass Shops,sunglass-shops,,,,
Local Businesses,local-business,21,Specialty Retail & Boutiques,specialty-retail-boutiques,228,Vintage Eyewear Stores,vintage-eyewear-stores,,,,
Local Businesses,local-business,22,"Apparel, Footwear & Accessories Boutiques",apparel-footwear-accessories-boutiques,3,Unisex Clothing Boutiques,unisex-clothing-boutiques,,,,
Local Businesses,local-business,22,"Apparel, Footwear & Accessories Boutiques",apparel-footwear-accessories-boutiques,5,Baby Clothing Stores,baby-clothing-stores,4,Clothing Stores,Plus Size,clothing-stores-plus-size
Local Businesses,local-business,22,"Apparel, Footwear & Accessories Boutiques",apparel-footwear-accessories-boutiques,5,Baby Clothing Stores,baby-clothing-stores,5,Clothing Stores,Consignment,clothing-stores-consignment
Local Businesses,local-business,22,"Apparel, Footwear & Accessories Boutiques",apparel-footwear-accessories-boutiques,5,Baby Clothing Stores,baby-clothing-stores,6,Clothing Stores,Boutiques,clothing-stores-boutiques
Local Businesses,local-business,22,"Apparel, Footwear & Accessories Boutiques",apparel-footwear-accessories-boutiques,5,Baby Clothing Stores,baby-clothing-stores,7,Clothing Stores,Formal Wear,clothing-stores-formal-wear
Local Businesses,local-business,22,"Apparel, Footwear & Accessories Boutiques",apparel-footwear-accessories-boutiques,6,Maternity Clothing Stores,maternity-clothing-stores,1,Clothing Stores,Maternity,clothing-stores-maternity
Local Businesses,local-business,22,"Apparel, Footwear & Accessories Boutiques",apparel-footwear-accessories-boutiques,7,Plus Size Boutiques,plus-size-boutiques,,,,
Local Businesses,local-business,22,"Apparel, Footwear & Accessories Boutiques",apparel-footwear-accessories-boutiques,8,Petite Clothing Stores,petite-clothing-stores,,,,
Local Businesses,local-business,22,"Apparel, Footwear & Accessories Boutiques",apparel-footwear-accessories-boutiques,9,Tall Clothing Stores,tall-clothing-stores,,,,
Local Businesses,local-business,22,"Apparel, Footwear & Accessories Boutiques",apparel-footwear-accessories-boutiques,10,Big & Tall Stores,big-tall-stores,,,,
Local Businesses,local-business,22,"Apparel, Footwear & Accessories Boutiques",apparel-footwear-accessories-boutiques,11,Modest Fashion Boutiques,modest-fashion-boutiques,1,Accessories,Eyewear Shop,accessories-eyewear-shop
Local Businesses,local-business,22,"Apparel, Footwear & Accessories Boutiques",apparel-footwear-accessories-boutiques,11,Modest Fashion Boutiques,modest-fashion-boutiques,2,Accessories,Hat Shop,accessories-hat-shop
Local Businesses,local-business,22,"Apparel, Footwear & Accessories Boutiques",apparel-footwear-accessories-boutiques,11,Modest Fashion Boutiques,modest-fashion-boutiques,3,Accessories,Scarf & Accessories,accessories-scarf-accessories
Local Businesses,local-business,22,"Apparel, Footwear & Accessories Boutiques",apparel-footwear-accessories-boutiques,11,Modest Fashion Boutiques,modest-fashion-boutiques,4,Accessories,Tie Shop,accessories-tie-shop
Local Businesses,local-business,22,"Apparel, Footwear & Accessories Boutiques",apparel-footwear-accessories-boutiques,11,Modest Fashion Boutiques,modest-fashion-boutiques,5,Accessories,Belt & Leather Goods,accessories-belt-leather-goods
Local Businesses,local-business,22,"Apparel, Footwear & Accessories Boutiques",apparel-footwear-accessories-boutiques,12,Hijab Boutiques,hijab-boutiques,,,,
Local Businesses,local-business,22,"Apparel, Footwear & Accessories Boutiques",apparel-footwear-accessories-boutiques,13,Abaya Boutiques,abaya-boutiques,,,,
Local Businesses,local-business,22,"Apparel, Footwear & Accessories Boutiques",apparel-footwear-accessories-boutiques,14,Sari Stores,sari-stores,,,,
Local Businesses,local-business,22,"Apparel, Footwear & Accessories Boutiques",apparel-footwear-accessories-boutiques,15,Indian Fashion Boutiques,indian-fashion-boutiques,,,,
Local Businesses,local-business,22,"Apparel, Footwear & Accessories Boutiques",apparel-footwear-accessories-boutiques,16,Pakistani Fashion Boutiques,pakistani-fashion-boutiques,,,,
Local Businesses,local-business,22,"Apparel, Footwear & Accessories Boutiques",apparel-footwear-accessories-boutiques,17,Cheongsam Stores,cheongsam-stores,,,,
Local Businesses,local-business,22,"Apparel, Footwear & Accessories Boutiques",apparel-footwear-accessories-boutiques,18,Kimono Boutiques,kimono-boutiques,,,,
Local Businesses,local-business,22,"Apparel, Footwear & Accessories Boutiques",apparel-footwear-accessories-boutiques,19,African Fashion Boutiques,african-fashion-boutiques,,,,
Local Businesses,local-business,22,"Apparel, Footwear & Accessories Boutiques",apparel-footwear-accessories-boutiques,20,Ankara Fabric Boutiques,ankara-fabric-boutiques,,,,
Local Businesses,local-business,22,"Apparel, Footwear & Accessories Boutiques",apparel-footwear-accessories-boutiques,21,Designer Clothing Boutiques,designer-clothing-boutiques,,,,
Local Businesses,local-business,22,"Apparel, Footwear & Accessories Boutiques",apparel-footwear-accessories-boutiques,22,Luxury Fashion Boutiques,luxury-fashion-boutiques,1,Luxury Retail,Luxury Fashion,luxury-retail-luxury-fashion
Local Businesses,local-business,22,"Apparel, Footwear & Accessories Boutiques",apparel-footwear-accessories-boutiques,23,Streetwear Boutiques,streetwear-boutiques,,,,
Local Businesses,local-business,22,"Apparel, Footwear & Accessories Boutiques",apparel-footwear-accessories-boutiques,24,Hypebeast Stores,hypebeast-stores,,,,
Local Businesses,local-business,22,"Apparel, Footwear & Accessories Boutiques",apparel-footwear-accessories-boutiques,25,Skate Apparel Stores,skate-apparel-stores,,,,
Local Businesses,local-business,22,"Apparel, Footwear & Accessories Boutiques",apparel-footwear-accessories-boutiques,26,Surf Apparel Stores,surf-apparel-stores,,,,
Local Businesses,local-business,22,"Apparel, Footwear & Accessories Boutiques",apparel-footwear-accessories-boutiques,27,Hip Hop Clothing Stores,hip-hop-clothing-stores,,,,
Local Businesses,local-business,22,"Apparel, Footwear & Accessories Boutiques",apparel-footwear-accessories-boutiques,28,Western Wear Stores,western-wear-stores,,,,
Local Businesses,local-business,22,"Apparel, Footwear & Accessories Boutiques",apparel-footwear-accessories-boutiques,29,Cowboy Boot Stores,cowboy-boot-stores,,,,
Local Businesses,local-business,22,"Apparel, Footwear & Accessories Boutiques",apparel-footwear-accessories-boutiques,30,Ranch Wear Stores,ranch-wear-stores,,,,
Local Businesses,local-business,22,"Apparel, Footwear & Accessories Boutiques",apparel-footwear-accessories-boutiques,31,Workwear Stores,workwear-stores,,,,
Local Businesses,local-business,22,"Apparel, Footwear & Accessories Boutiques",apparel-footwear-accessories-boutiques,32,Carhartt Stores,carhartt-stores,,,,
Local Businesses,local-business,22,"Apparel, Footwear & Accessories Boutiques",apparel-footwear-accessories-boutiques,33,Uniform Stores,uniform-stores,,,,
Local Businesses,local-business,22,"Apparel, Footwear & Accessories Boutiques",apparel-footwear-accessories-boutiques,34,Medical Uniform Stores,medical-uniform-stores,,,,
Local Businesses,local-business,22,"Apparel, Footwear & Accessories Boutiques",apparel-footwear-accessories-boutiques,35,Chef Uniform Stores,chef-uniform-stores,,,,
Local Businesses,local-business,22,"Apparel, Footwear & Accessories Boutiques",apparel-footwear-accessories-boutiques,36,Restaurant Uniform Stores,restaurant-uniform-stores,,,,
Local Businesses,local-business,22,"Apparel, Footwear & Accessories Boutiques",apparel-footwear-accessories-boutiques,37,School Uniform Stores,school-uniform-stores,,,,
Local Businesses,local-business,22,"Apparel, Footwear & Accessories Boutiques",apparel-footwear-accessories-boutiques,38,Boy Scout Uniform Stores,boy-scout-uniform-stores,,,,
Local Businesses,local-business,22,"Apparel, Footwear & Accessories Boutiques",apparel-footwear-accessories-boutiques,39,Military Uniform Stores,military-uniform-stores,,,,
Local Businesses,local-business,22,"Apparel, Footwear & Accessories Boutiques",apparel-footwear-accessories-boutiques,40,Police Uniform Stores,police-uniform-stores,,,,
Local Businesses,local-business,22,"Apparel, Footwear & Accessories Boutiques",apparel-footwear-accessories-boutiques,41,Firefighter Uniform Stores,firefighter-uniform-stores,,,,
Local Businesses,local-business,22,"Apparel, Footwear & Accessories Boutiques",apparel-footwear-accessories-boutiques,42,Sportswear Stores,sportswear-stores,,,,
Local Businesses,local-business,22,"Apparel, Footwear & Accessories Boutiques",apparel-footwear-accessories-boutiques,43,Athletic Apparel Stores,athletic-apparel-stores,1,Clothing Stores,Athletic Wear,clothing-stores-athletic-wear
Local Businesses,local-business,22,"Apparel, Footwear & Accessories Boutiques",apparel-footwear-accessories-boutiques,44,Yoga Apparel Stores,yoga-apparel-stores,,,,
Local Businesses,local-business,22,"Apparel, Footwear & Accessories Boutiques",apparel-footwear-accessories-boutiques,45,Running Apparel Stores,running-apparel-stores,,,,
Local Businesses,local-business,22,"Apparel, Footwear & Accessories Boutiques",apparel-footwear-accessories-boutiques,46,Cycling Apparel Stores,cycling-apparel-stores,,,,
Local Businesses,local-business,22,"Apparel, Footwear & Accessories Boutiques",apparel-footwear-accessories-boutiques,47,Hiking Apparel Stores,hiking-apparel-stores,,,,
Local Businesses,local-business,22,"Apparel, Footwear & Accessories Boutiques",apparel-footwear-accessories-boutiques,48,Outdoor Apparel Stores,outdoor-apparel-stores,,,,
Local Businesses,local-business,22,"Apparel, Footwear & Accessories Boutiques",apparel-footwear-accessories-boutiques,49,Ski Apparel Stores,ski-apparel-stores,,,,
Local Businesses,local-business,22,"Apparel, Footwear & Accessories Boutiques",apparel-footwear-accessories-boutiques,50,Snowboard Apparel Stores,snowboard-apparel-stores,,,,
Local Businesses,local-business,22,"Apparel, Footwear & Accessories Boutiques",apparel-footwear-accessories-boutiques,51,Hunting Apparel Stores,hunting-apparel-stores,,,,
Local Businesses,local-business,22,"Apparel, Footwear & Accessories Boutiques",apparel-footwear-accessories-boutiques,52,Fishing Apparel Stores,fishing-apparel-stores,,,,
Local Businesses,local-business,22,"Apparel, Footwear & Accessories Boutiques",apparel-footwear-accessories-boutiques,53,Vintage Clothing Stores,vintage-clothing-stores,1,Clothing Stores,Vintage Clothing,clothing-stores-vintage-clothing
Local Businesses,local-business,22,"Apparel, Footwear & Accessories Boutiques",apparel-footwear-accessories-boutiques,54,Retro Clothing Stores,retro-clothing-stores,,,,
Local Businesses,local-business,22,"Apparel, Footwear & Accessories Boutiques",apparel-footwear-accessories-boutiques,55,Y2K Fashion Stores,y2k-fashion-stores,1,Accessories,Jewelry Store,accessories-jewelry-store
Local Businesses,local-business,22,"Apparel, Footwear & Accessories Boutiques",apparel-footwear-accessories-boutiques,55,Y2K Fashion Stores,y2k-fashion-stores,2,Accessories,Handbag Store,accessories-handbag-store
Local Businesses,local-business,22,"Apparel, Footwear & Accessories Boutiques",apparel-footwear-accessories-boutiques,55,Y2K Fashion Stores,y2k-fashion-stores,3,Accessories,Shoe Store,accessories-shoe-store
Local Businesses,local-business,22,"Apparel, Footwear & Accessories Boutiques",apparel-footwear-accessories-boutiques,55,Y2K Fashion Stores,y2k-fashion-stores,4,Accessories,Luggage Store,accessories-luggage-store
Local Businesses,local-business,22,"Apparel, Footwear & Accessories Boutiques",apparel-footwear-accessories-boutiques,56,90s Fashion Stores,90s-fashion-stores,,,,
Local Businesses,local-business,22,"Apparel, Footwear & Accessories Boutiques",apparel-footwear-accessories-boutiques,57,80s Fashion Stores,80s-fashion-stores,,,,
Local Businesses,local-business,22,"Apparel, Footwear & Accessories Boutiques",apparel-footwear-accessories-boutiques,58,70s Fashion Stores,70s-fashion-stores,,,,
Local Businesses,local-business,22,"Apparel, Footwear & Accessories Boutiques",apparel-footwear-accessories-boutiques,59,60s Fashion Stores,60s-fashion-stores,,,,
Local Businesses,local-business,22,"Apparel, Footwear & Accessories Boutiques",apparel-footwear-accessories-boutiques,60,Costume Shops,costume-shops,,,,
Local Businesses,local-business,22,"Apparel, Footwear & Accessories Boutiques",apparel-footwear-accessories-boutiques,61,Halloween Costume Shops,halloween-costume-shops,,,,
Local Businesses,local-business,22,"Apparel, Footwear & Accessories Boutiques",apparel-footwear-accessories-boutiques,62,Theatrical Costume Shops,theatrical-costume-shops,,,,
Local Businesses,local-business,22,"Apparel, Footwear & Accessories Boutiques",apparel-footwear-accessories-boutiques,63,Cosplay Stores,cosplay-stores,,,,
Local Businesses,local-business,22,"Apparel, Footwear & Accessories Boutiques",apparel-footwear-accessories-boutiques,64,Mascot Costume Stores,mascot-costume-stores,,,,
Local Businesses,local-business,22,"Apparel, Footwear & Accessories Boutiques",apparel-footwear-accessories-boutiques,65,Dance Costume Stores,dance-costume-stores,,,,
Local Businesses,local-business,22,"Apparel, Footwear & Accessories Boutiques",apparel-footwear-accessories-boutiques,66,Cheerleading Uniform Stores,cheerleading-uniform-stores,,,,
Local Businesses,local-business,22,"Apparel, Footwear & Accessories Boutiques",apparel-footwear-accessories-boutiques,67,Pageant Dress Boutiques,pageant-dress-boutiques,,,,
Local Businesses,local-business,22,"Apparel, Footwear & Accessories Boutiques",apparel-footwear-accessories-boutiques,68,Quinceañera Dress Stores,quinceaera-dress-stores,,,,
Local Businesses,local-business,22,"Apparel, Footwear & Accessories Boutiques",apparel-footwear-accessories-boutiques,69,Sweet 16 Dress Stores,sweet-16-dress-stores,,,,
Local Businesses,local-business,22,"Apparel, Footwear & Accessories Boutiques",apparel-footwear-accessories-boutiques,70,Prom Dress Boutiques,prom-dress-boutiques,,,,
Local Businesses,local-business,22,"Apparel, Footwear & Accessories Boutiques",apparel-footwear-accessories-boutiques,71,Tuxedo Stores,tuxedo-stores,,,,
Local Businesses,local-business,22,"Apparel, Footwear & Accessories Boutiques",apparel-footwear-accessories-boutiques,72,Suit Stores,suit-stores,,,,
Local Businesses,local-business,22,"Apparel, Footwear & Accessories Boutiques",apparel-footwear-accessories-boutiques,73,Custom Suit Stores,custom-suit-stores,,,,
Local Businesses,local-business,22,"Apparel, Footwear & Accessories Boutiques",apparel-footwear-accessories-boutiques,74,Made-to-Measure Suit Stores,made-to-measure-suit-stores,,,,
Local Businesses,local-business,22,"Apparel, Footwear & Accessories Boutiques",apparel-footwear-accessories-boutiques,75,Bespoke Tailors,bespoke-tailors,,,,
Local Businesses,local-business,22,"Apparel, Footwear & Accessories Boutiques",apparel-footwear-accessories-boutiques,76,Alteration Shops,alteration-shops,,,,
Local Businesses,local-business,22,"Apparel, Footwear & Accessories Boutiques",apparel-footwear-accessories-boutiques,77,Tailoring Services,tailoring-services,,,,
Local Businesses,local-business,22,"Apparel, Footwear & Accessories Boutiques",apparel-footwear-accessories-boutiques,78,Custom Shirt Makers,custom-shirt-makers,,,,
Local Businesses,local-business,22,"Apparel, Footwear & Accessories Boutiques",apparel-footwear-accessories-boutiques,79,Embroidery Services,embroidery-services,,,,
Local Businesses,local-business,22,"Apparel, Footwear & Accessories Boutiques",apparel-footwear-accessories-boutiques,80,Monogramming Services,monogramming-services,,,,
Local Businesses,local-business,22,"Apparel, Footwear & Accessories Boutiques",apparel-footwear-accessories-boutiques,81,Screen Printing Stores,screen-printing-stores,,,,
Local Businesses,local-business,22,"Apparel, Footwear & Accessories Boutiques",apparel-footwear-accessories-boutiques,82,T-Shirt Printing Shops,t-shirt-printing-shops,,,,
Local Businesses,local-business,22,"Apparel, Footwear & Accessories Boutiques",apparel-footwear-accessories-boutiques,83,Custom Hoodie Shops,custom-hoodie-shops,,,,
Local Businesses,local-business,22,"Apparel, Footwear & Accessories Boutiques",apparel-footwear-accessories-boutiques,84,Jersey Shops,jersey-shops,,,,
Local Businesses,local-business,22,"Apparel, Footwear & Accessories Boutiques",apparel-footwear-accessories-boutiques,85,Custom Jersey Shops,custom-jersey-shops,,,,
Local Businesses,local-business,22,"Apparel, Footwear & Accessories Boutiques",apparel-footwear-accessories-boutiques,86,Sports Memorabilia Stores,sports-memorabilia-stores,,,,
Local Businesses,local-business,22,"Apparel, Footwear & Accessories Boutiques",apparel-footwear-accessories-boutiques,87,Sneaker Stores,sneaker-stores,,,,
Local Businesses,local-business,22,"Apparel, Footwear & Accessories Boutiques",apparel-footwear-accessories-boutiques,88,Sneakerhead Stores,sneakerhead-stores,,,,
Local Businesses,local-business,22,"Apparel, Footwear & Accessories Boutiques",apparel-footwear-accessories-boutiques,89,Used Sneaker Stores,used-sneaker-stores,,,,
Local Businesses,local-business,22,"Apparel, Footwear & Accessories Boutiques",apparel-footwear-accessories-boutiques,90,Limited Edition Sneaker Stores,limited-edition-sneaker-stores,,,,
Local Businesses,local-business,22,"Apparel, Footwear & Accessories Boutiques",apparel-footwear-accessories-boutiques,91,Athletic Shoe Stores,athletic-shoe-stores,,,,
Local Businesses,local-business,22,"Apparel, Footwear & Accessories Boutiques",apparel-footwear-accessories-boutiques,92,Running Shoe Stores,running-shoe-stores,,,,
Local Businesses,local-business,22,"Apparel, Footwear & Accessories Boutiques",apparel-footwear-accessories-boutiques,93,Walking Shoe Stores,walking-shoe-stores,,,,
Local Businesses,local-business,22,"Apparel, Footwear & Accessories Boutiques",apparel-footwear-accessories-boutiques,94,Comfort Shoe Stores,comfort-shoe-stores,,,,
Local Businesses,local-business,22,"Apparel, Footwear & Accessories Boutiques",apparel-footwear-accessories-boutiques,95,Orthotic Shoe Stores,orthotic-shoe-stores,,,,
Local Businesses,local-business,22,"Apparel, Footwear & Accessories Boutiques",apparel-footwear-accessories-boutiques,96,Diabetic Shoe Stores,diabetic-shoe-stores,,,,
Local Businesses,local-business,22,"Apparel, Footwear & Accessories Boutiques",apparel-footwear-accessories-boutiques,97,Wide Shoe Stores,wide-shoe-stores,,,,
Local Businesses,local-business,22,"Apparel, Footwear & Accessories Boutiques",apparel-footwear-accessories-boutiques,99,Baby Shoe Stores,baby-shoe-stores,,,,
Local Businesses,local-business,22,"Apparel, Footwear & Accessories Boutiques",apparel-footwear-accessories-boutiques,100,Designer Shoe Stores,designer-shoe-stores,,,,
Local Businesses,local-business,22,"Apparel, Footwear & Accessories Boutiques",apparel-footwear-accessories-boutiques,101,Boot Stores,boot-stores,,,,
Local Businesses,local-business,22,"Apparel, Footwear & Accessories Boutiques",apparel-footwear-accessories-boutiques,102,Western Boot Stores,western-boot-stores,,,,
Local Businesses,local-business,22,"Apparel, Footwear & Accessories Boutiques",apparel-footwear-accessories-boutiques,103,Work Boot Stores,work-boot-stores,,,,
Local Businesses,local-business,22,"Apparel, Footwear & Accessories Boutiques",apparel-footwear-accessories-boutiques,104,Hiking Boot Stores,hiking-boot-stores,,,,
Local Businesses,local-business,22,"Apparel, Footwear & Accessories Boutiques",apparel-footwear-accessories-boutiques,105,Snow Boot Stores,snow-boot-stores,,,,
Local Businesses,local-business,22,"Apparel, Footwear & Accessories Boutiques",apparel-footwear-accessories-boutiques,106,Rain Boot Stores,rain-boot-stores,,,,
Local Businesses,local-business,22,"Apparel, Footwear & Accessories Boutiques",apparel-footwear-accessories-boutiques,107,Ski Boot Stores,ski-boot-stores,,,,
Local Businesses,local-business,22,"Apparel, Footwear & Accessories Boutiques",apparel-footwear-accessories-boutiques,108,Dance Shoe Stores,dance-shoe-stores,,,,
Local Businesses,local-business,22,"Apparel, Footwear & Accessories Boutiques",apparel-footwear-accessories-boutiques,109,Ballet Shoe Stores,ballet-shoe-stores,,,,
Local Businesses,local-business,22,"Apparel, Footwear & Accessories Boutiques",apparel-footwear-accessories-boutiques,110,Tap Shoe Stores,tap-shoe-stores,,,,
Local Businesses,local-business,22,"Apparel, Footwear & Accessories Boutiques",apparel-footwear-accessories-boutiques,111,Pointe Shoe Fitters,pointe-shoe-fitters,,,,
Local Businesses,local-business,22,"Apparel, Footwear & Accessories Boutiques",apparel-footwear-accessories-boutiques,112,Tango Shoe Stores,tango-shoe-stores,,,,
Local Businesses,local-business,22,"Apparel, Footwear & Accessories Boutiques",apparel-footwear-accessories-boutiques,113,Salsa Shoe Stores,salsa-shoe-stores,,,,
Local Businesses,local-business,22,"Apparel, Footwear & Accessories Boutiques",apparel-footwear-accessories-boutiques,114,Handbag Stores,handbag-stores,,,,
Local Businesses,local-business,22,"Apparel, Footwear & Accessories Boutiques",apparel-footwear-accessories-boutiques,115,Designer Handbag Stores,designer-handbag-stores,,,,
Local Businesses,local-business,22,"Apparel, Footwear & Accessories Boutiques",apparel-footwear-accessories-boutiques,116,Luxury Handbag Boutiques,luxury-handbag-boutiques,,,,
Local Businesses,local-business,22,"Apparel, Footwear & Accessories Boutiques",apparel-footwear-accessories-boutiques,117,Hat Stores,hat-stores,,,,
Local Businesses,local-business,22,"Apparel, Footwear & Accessories Boutiques",apparel-footwear-accessories-boutiques,118,Custom Hat Makers,custom-hat-makers,,,,
Local Businesses,local-business,22,"Apparel, Footwear & Accessories Boutiques",apparel-footwear-accessories-boutiques,119,Cowboy Hat Stores,cowboy-hat-stores,,,,
Local Businesses,local-business,22,"Apparel, Footwear & Accessories Boutiques",apparel-footwear-accessories-boutiques,120,Fedora Stores,fedora-stores,,,,
Local Businesses,local-business,22,"Apparel, Footwear & Accessories Boutiques",apparel-footwear-accessories-boutiques,121,Beret Stores,beret-stores,,,,
Local Businesses,local-business,22,"Apparel, Footwear & Accessories Boutiques",apparel-footwear-accessories-boutiques,122,Headwear Boutiques,headwear-boutiques,,,,
Local Businesses,local-business,22,"Apparel, Footwear & Accessories Boutiques",apparel-footwear-accessories-boutiques,123,Wig Boutiques,wig-boutiques,,,,
Local Businesses,local-business,22,"Apparel, Footwear & Accessories Boutiques",apparel-footwear-accessories-boutiques,125,Lingerie Boutiques,lingerie-boutiques,,,,
Local Businesses,local-business,22,"Apparel, Footwear & Accessories Boutiques",apparel-footwear-accessories-boutiques,126,Bra Fitting Boutiques,bra-fitting-boutiques,,,,
Local Businesses,local-business,22,"Apparel, Footwear & Accessories Boutiques",apparel-footwear-accessories-boutiques,127,Custom Bra Boutiques,custom-bra-boutiques,,,,
Local Businesses,local-business,22,"Apparel, Footwear & Accessories Boutiques",apparel-footwear-accessories-boutiques,128,Mastectomy Bra Boutiques,mastectomy-bra-boutiques,,,,
Local Businesses,local-business,22,"Apparel, Footwear & Accessories Boutiques",apparel-footwear-accessories-boutiques,129,Sleepwear Stores,sleepwear-stores,,,,
Local Businesses,local-business,22,"Apparel, Footwear & Accessories Boutiques",apparel-footwear-accessories-boutiques,130,Robe Boutiques,robe-boutiques,,,,
Local Businesses,local-business,22,"Apparel, Footwear & Accessories Boutiques",apparel-footwear-accessories-boutiques,131,Loungewear Boutiques,loungewear-boutiques,,,,
Local Businesses,local-business,22,"Apparel, Footwear & Accessories Boutiques",apparel-footwear-accessories-boutiques,132,Activewear Boutiques,activewear-boutiques,,,,
Local Businesses,local-business,22,"Apparel, Footwear & Accessories Boutiques",apparel-footwear-accessories-boutiques,133,Swimwear Boutiques,swimwear-boutiques,,,,
Local Businesses,local-business,22,"Apparel, Footwear & Accessories Boutiques",apparel-footwear-accessories-boutiques,134,Bikini Boutiques,bikini-boutiques,,,,
Local Businesses,local-business,22,"Apparel, Footwear & Accessories Boutiques",apparel-footwear-accessories-boutiques,135,Modest Swimwear Stores,modest-swimwear-stores,,,,
Local Businesses,local-business,22,"Apparel, Footwear & Accessories Boutiques",apparel-footwear-accessories-boutiques,136,Swim Cap Stores,swim-cap-stores,,,,
Local Businesses,local-business,22,"Apparel, Footwear & Accessories Boutiques",apparel-footwear-accessories-boutiques,137,Resort Wear Boutiques,resort-wear-boutiques,,,,
Local Businesses,local-business,23,Local Financial & Insurance Services,local-financial-insurance-services,1,Local Banks,local-banks,,,,
Local Businesses,local-business,23,Local Financial & Insurance Services,local-financial-insurance-services,2,Credit Unions,credit-unions,,,,
Local Businesses,local-business,23,Local Financial & Insurance Services,local-financial-insurance-services,3,Community Banks,community-banks,,,,
Local Businesses,local-business,23,Local Financial & Insurance Services,local-financial-insurance-services,4,Online-Only Bank Branches,online-only-bank-branches,,,,
Local Businesses,local-business,23,Local Financial & Insurance Services,local-financial-insurance-services,5,ATM Locations,atm-locations,,,,
Local Businesses,local-business,23,Local Financial & Insurance Services,local-financial-insurance-services,6,Drive-Thru Banks,drive-thru-banks,,,,
Local Businesses,local-business,23,Local Financial & Insurance Services,local-financial-insurance-services,7,Walk-In Banks,walk-in-banks,,,,
Local Businesses,local-business,23,Local Financial & Insurance Services,local-financial-insurance-services,8,Cash Advance Locations,cash-advance-locations,,,,
Local Businesses,local-business,23,Local Financial & Insurance Services,local-financial-insurance-services,9,Check Cashing Stores,check-cashing-stores,,,,
Local Businesses,local-business,23,Local Financial & Insurance Services,local-financial-insurance-services,10,Money Order Locations,money-order-locations,,,,
Local Businesses,local-business,23,Local Financial & Insurance Services,local-financial-insurance-services,11,Money Transfer Locations,money-transfer-locations,,,,
Local Businesses,local-business,23,Local Financial & Insurance Services,local-financial-insurance-services,12,Western Union Locations,western-union-locations,,,,
Local Businesses,local-business,23,Local Financial & Insurance Services,local-financial-insurance-services,13,MoneyGram Locations,moneygram-locations,,,,
Local Businesses,local-business,23,Local Financial & Insurance Services,local-financial-insurance-services,14,Currency Exchange Locations,currency-exchange-locations,,,,
Local Businesses,local-business,23,Local Financial & Insurance Services,local-financial-insurance-services,15,Foreign Currency Exchange,foreign-currency-exchange,,,,
Local Businesses,local-business,23,Local Financial & Insurance Services,local-financial-insurance-services,16,Crypto ATM Locations,crypto-atm-locations,,,,
Local Businesses,local-business,23,Local Financial & Insurance Services,local-financial-insurance-services,17,Bitcoin ATM Locations,bitcoin-atm-locations,,,,
Local Businesses,local-business,23,Local Financial & Insurance Services,local-financial-insurance-services,18,Coin Counting Machines,coin-counting-machines,,,,
Local Businesses,local-business,23,Local Financial & Insurance Services,local-financial-insurance-services,19,Coinstar Locations,coinstar-locations,,,,
Local Businesses,local-business,23,Local Financial & Insurance Services,local-financial-insurance-services,20,Tax Preparation Services,tax-preparation-services,,,,
Local Businesses,local-business,23,Local Financial & Insurance Services,local-financial-insurance-services,21,Independent Tax Preparers,independent-tax-preparers,,,,
Local Businesses,local-business,23,Local Financial & Insurance Services,local-financial-insurance-services,22,Family Tax Preparers,family-tax-preparers,,,,
Local Businesses,local-business,23,Local Financial & Insurance Services,local-financial-insurance-services,23,H&R Block Locations,hr-block-locations,,,,
Local Businesses,local-business,23,Local Financial & Insurance Services,local-financial-insurance-services,24,Liberty Tax Locations,liberty-tax-locations,,,,
Local Businesses,local-business,23,Local Financial & Insurance Services,local-financial-insurance-services,25,Jackson Hewitt Locations,jackson-hewitt-locations,,,,
Local Businesses,local-business,23,Local Financial & Insurance Services,local-financial-insurance-services,26,CPA Firms,cpa-firms,,,,
Local Businesses,local-business,23,Local Financial & Insurance Services,local-financial-insurance-services,27,Accounting Firms,accounting-firms,,,,
Local Businesses,local-business,23,Local Financial & Insurance Services,local-financial-insurance-services,28,Bookkeeping Services,bookkeeping-services,,,,
Local Businesses,local-business,23,Local Financial & Insurance Services,local-financial-insurance-services,29,QuickBooks Bookkeepers,quickbooks-bookkeepers,,,,
Local Businesses,local-business,23,Local Financial & Insurance Services,local-financial-insurance-services,30,Independent Bookkeepers,independent-bookkeepers,,,,
Local Businesses,local-business,23,Local Financial & Insurance Services,local-financial-insurance-services,31,Payroll Service Providers,payroll-service-providers,,,,
Local Businesses,local-business,23,Local Financial & Insurance Services,local-financial-insurance-services,32,Local Payroll Services,local-payroll-services,,,,
Local Businesses,local-business,23,Local Financial & Insurance Services,local-financial-insurance-services,33,Auto Insurance Agents,auto-insurance-agents,,,,
Local Businesses,local-business,23,Local Financial & Insurance Services,local-financial-insurance-services,34,Home Insurance Agents,home-insurance-agents,,,,
Local Businesses,local-business,23,Local Financial & Insurance Services,local-financial-insurance-services,35,Renters Insurance Agents,renters-insurance-agents,,,,
Local Businesses,local-business,23,Local Financial & Insurance Services,local-financial-insurance-services,36,Life Insurance Agents,life-insurance-agents,,,,
Local Businesses,local-business,23,Local Financial & Insurance Services,local-financial-insurance-services,37,Health Insurance Agents,health-insurance-agents,,,,
Local Businesses,local-business,23,Local Financial & Insurance Services,local-financial-insurance-services,38,Medicare Insurance Agents,medicare-insurance-agents,,,,
Local Businesses,local-business,23,Local Financial & Insurance Services,local-financial-insurance-services,39,Long-Term Care Insurance Agents,long-term-care-insurance-agents,,,,
Local Businesses,local-business,23,Local Financial & Insurance Services,local-financial-insurance-services,40,Travel Insurance Agents,travel-insurance-agents,,,,
Local Businesses,local-business,23,Local Financial & Insurance Services,local-financial-insurance-services,41,RV Insurance Agents,rv-insurance-agents,,,,
Local Businesses,local-business,23,Local Financial & Insurance Services,local-financial-insurance-services,42,Boat Insurance Agents,boat-insurance-agents,1,Boat Services,Boat Transport,boat-services-boat-transport
Local Businesses,local-business,23,Local Financial & Insurance Services,local-financial-insurance-services,42,Boat Insurance Agents,boat-insurance-agents,2,Boat Services,Boat Insurance,boat-services-boat-insurance
Local Businesses,local-business,23,Local Financial & Insurance Services,local-financial-insurance-services,43,Motorcycle Insurance Agents,motorcycle-insurance-agents,1,Motorcycle Services,Motorcycle Customization,motorcycle-services-motorcycle-customization
Local Businesses,local-business,23,Local Financial & Insurance Services,local-financial-insurance-services,43,Motorcycle Insurance Agents,motorcycle-insurance-agents,2,Motorcycle Services,Motorcycle Insurance,motorcycle-services-motorcycle-insurance
Local Businesses,local-business,23,Local Financial & Insurance Services,local-financial-insurance-services,43,Motorcycle Insurance Agents,motorcycle-insurance-agents,3,Motorcycle Services,Motorcycle Accessories,motorcycle-services-motorcycle-accessories
Local Businesses,local-business,23,Local Financial & Insurance Services,local-financial-insurance-services,43,Motorcycle Insurance Agents,motorcycle-insurance-agents,4,Motorcycle Services,Motorcycle Training,motorcycle-services-motorcycle-training
Local Businesses,local-business,23,Local Financial & Insurance Services,local-financial-insurance-services,43,Motorcycle Insurance Agents,motorcycle-insurance-agents,5,Motorcycle Services,Motorcycle Transport,motorcycle-services-motorcycle-transport
Local Businesses,local-business,23,Local Financial & Insurance Services,local-financial-insurance-services,43,Motorcycle Insurance Agents,motorcycle-insurance-agents,6,Motorcycle Services,Motorcycle Appraisal,motorcycle-services-motorcycle-appraisal
Local Businesses,local-business,23,Local Financial & Insurance Services,local-financial-insurance-services,44,Business Insurance Agents,business-insurance-agents,,,,
Local Businesses,local-business,23,Local Financial & Insurance Services,local-financial-insurance-services,45,Workers Comp Insurance Agents,workers-comp-insurance-agents,,,,
Local Businesses,local-business,23,Local Financial & Insurance Services,local-financial-insurance-services,46,Liability Insurance Agents,liability-insurance-agents,,,,
Local Businesses,local-business,23,Local Financial & Insurance Services,local-financial-insurance-services,47,Independent Insurance Brokers,independent-insurance-brokers,,,,
Local Businesses,local-business,23,Local Financial & Insurance Services,local-financial-insurance-services,48,Captive Insurance Agents,captive-insurance-agents,,,,
Local Businesses,local-business,23,Local Financial & Insurance Services,local-financial-insurance-services,49,Insurance Claim Adjusters,insurance-claim-adjusters,,,,
Local Businesses,local-business,23,Local Financial & Insurance Services,local-financial-insurance-services,50,Public Insurance Adjusters,public-insurance-adjusters,,,,
Local Businesses,local-business,23,Local Financial & Insurance Services,local-financial-insurance-services,51,Mortgage Brokers,mortgage-brokers,,,,
Local Businesses,local-business,23,Local Financial & Insurance Services,local-financial-insurance-services,52,Mortgage Loan Officers,mortgage-loan-officers,,,,
Local Businesses,local-business,23,Local Financial & Insurance Services,local-financial-insurance-services,53,Reverse Mortgage Specialists,reverse-mortgage-specialists,,,,
Local Businesses,local-business,23,Local Financial & Insurance Services,local-financial-insurance-services,54,FHA Loan Specialists,fha-loan-specialists,,,,
Local Businesses,local-business,23,Local Financial & Insurance Services,local-financial-insurance-services,55,VA Loan Specialists,va-loan-specialists,,,,
Local Businesses,local-business,23,Local Financial & Insurance Services,local-financial-insurance-services,56,USDA Loan Specialists,usda-loan-specialists,,,,
Local Businesses,local-business,23,Local Financial & Insurance Services,local-financial-insurance-services,57,Hard Money Lenders,hard-money-lenders,,,,
Local Businesses,local-business,23,Local Financial & Insurance Services,local-financial-insurance-services,58,Private Money Lenders,private-money-lenders,1,Prepared Meals,Private Dining,prepared-meals-private-dining
Local Businesses,local-business,23,Local Financial & Insurance Services,local-financial-insurance-services,59,Bridge Loan Lenders,bridge-loan-lenders,,,,
Local Businesses,local-business,23,Local Financial & Insurance Services,local-financial-insurance-services,60,Refinance Specialists,refinance-specialists,,,,
Local Businesses,local-business,23,Local Financial & Insurance Services,local-financial-insurance-services,61,Cash Out Refinance Specialists,cash-out-refinance-specialists,,,,
Local Businesses,local-business,23,Local Financial & Insurance Services,local-financial-insurance-services,62,Home Equity Loan Officers,home-equity-loan-officers,,,,
Local Businesses,local-business,23,Local Financial & Insurance Services,local-financial-insurance-services,63,HELOC Specialists,heloc-specialists,,,,
Local Businesses,local-business,23,Local Financial & Insurance Services,local-financial-insurance-services,64,Auto Loan Brokers,auto-loan-brokers,,,,
Local Businesses,local-business,23,Local Financial & Insurance Services,local-financial-insurance-services,65,Boat Loan Brokers,boat-loan-brokers,,,,
Local Businesses,local-business,23,Local Financial & Insurance Services,local-financial-insurance-services,66,RV Loan Brokers,rv-loan-brokers,,,,
Local Businesses,local-business,23,Local Financial & Insurance Services,local-financial-insurance-services,67,Motorcycle Loan Brokers,motorcycle-loan-brokers,,,,
Local Businesses,local-business,23,Local Financial & Insurance Services,local-financial-insurance-services,68,Personal Loan Officers,personal-loan-officers,1,Prepared Meals,Personal Chef,prepared-meals-personal-chef
Local Businesses,local-business,23,Local Financial & Insurance Services,local-financial-insurance-services,69,Debt Consolidation Services,debt-consolidation-services,,,,
Local Businesses,local-business,23,Local Financial & Insurance Services,local-financial-insurance-services,70,Credit Repair Services,credit-repair-services,,,,
Local Businesses,local-business,23,Local Financial & Insurance Services,local-financial-insurance-services,71,Credit Counselors,credit-counselors,,,,
Local Businesses,local-business,23,Local Financial & Insurance Services,local-financial-insurance-services,72,Bankruptcy Counselors,bankruptcy-counselors,,,,
Local Businesses,local-business,23,Local Financial & Insurance Services,local-financial-insurance-services,73,Financial Planners,financial-planners,,,,
Local Businesses,local-business,23,Local Financial & Insurance Services,local-financial-insurance-services,74,Local Financial Advisors,local-financial-advisors,,,,
Local Businesses,local-business,23,Local Financial & Insurance Services,local-financial-insurance-services,75,Retirement Planners,retirement-planners,,,,
Local Businesses,local-business,23,Local Financial & Insurance Services,local-financial-insurance-services,76,Estate Planners,estate-planners,,,,
Local Businesses,local-business,23,Local Financial & Insurance Services,local-financial-insurance-services,77,College Savings Planners,college-savings-planners,,,,
Local Businesses,local-business,23,Local Financial & Insurance Services,local-financial-insurance-services,78,Financial Coaches,financial-coaches,,,,
Local Businesses,local-business,23,Local Financial & Insurance Services,local-financial-insurance-services,79,Money Coaches,money-coaches,,,,
Local Businesses,local-business,23,Local Financial & Insurance Services,local-financial-insurance-services,80,Investment Advisors,investment-advisors,,,,
Local Businesses,local-business,23,Local Financial & Insurance Services,local-financial-insurance-services,81,Stock Brokers,stock-brokers,,,,
Local Businesses,local-business,23,Local Financial & Insurance Services,local-financial-insurance-services,82,Day Trading Coaches,day-trading-coaches,,,,
Local Businesses,local-business,23,Local Financial & Insurance Services,local-financial-insurance-services,83,Title Loan Lenders,title-loan-lenders,,,,
Local Businesses,local-business,23,Local Financial & Insurance Services,local-financial-insurance-services,84,Payday Loan Stores,payday-loan-stores,,,,
Local Businesses,local-business,23,Local Financial & Insurance Services,local-financial-insurance-services,85,Check Cashing Plus Stores,check-cashing-plus-stores,,,,
Local Businesses,local-business,23,Local Financial & Insurance Services,local-financial-insurance-services,86,Bail Bond Agents,bail-bond-agents,,,,
Local Businesses,local-business,23,Local Financial & Insurance Services,local-financial-insurance-services,87,24-Hour Bail Bondsmen,24-hour-bail-bondsmen,,,,
Local Businesses,local-business,23,Local Financial & Insurance Services,local-financial-insurance-services,88,Federal Bail Bond Agents,federal-bail-bond-agents,,,,
Local Businesses,local-business,23,Local Financial & Insurance Services,local-financial-insurance-services,89,Immigration Bond Agents,immigration-bond-agents,,,,
Local Businesses,local-business,23,Local Financial & Insurance Services,local-financial-insurance-services,90,Notary Services,notary-services,,,,
Local Businesses,local-business,23,Local Financial & Insurance Services,local-financial-insurance-services,91,Mobile Notary Services,mobile-notary-services,,,,
Local Businesses,local-business,23,Local Financial & Insurance Services,local-financial-insurance-services,92,Loan Signing Notaries,loan-signing-notaries,,,,
Local Businesses,local-business,23,Local Financial & Insurance Services,local-financial-insurance-services,93,Apostille Notary Services,apostille-notary-services,,,,
Local Businesses,local-business,23,Local Financial & Insurance Services,local-financial-insurance-services,94,Notary Public Locations,notary-public-locations,,,,
Local Businesses,local-business,24,"Hotels, Lodging & Local Travel",hotels-lodging-local-travel,1,Boutique Hotels,boutique-hotels,,,,
Local Businesses,local-business,24,"Hotels, Lodging & Local Travel",hotels-lodging-local-travel,2,Independent Hotels,independent-hotels,,,,
Local Businesses,local-business,24,"Hotels, Lodging & Local Travel",hotels-lodging-local-travel,3,Local Bed and Breakfasts,local-bed-and-breakfasts,,,,
Local Businesses,local-business,24,"Hotels, Lodging & Local Travel",hotels-lodging-local-travel,4,Inns,inns,,,,
Local Businesses,local-business,24,"Hotels, Lodging & Local Travel",hotels-lodging-local-travel,5,Country Inns,country-inns,,,,
Local Businesses,local-business,24,"Hotels, Lodging & Local Travel",hotels-lodging-local-travel,6,Historic Inns,historic-inns,,,,
Local Businesses,local-business,24,"Hotels, Lodging & Local Travel",hotels-lodging-local-travel,7,Lake House Rentals,lake-house-rentals,,,,
Local Businesses,local-business,24,"Hotels, Lodging & Local Travel",hotels-lodging-local-travel,8,Mountain Cabin Rentals,mountain-cabin-rentals,,,,
Local Businesses,local-business,24,"Hotels, Lodging & Local Travel",hotels-lodging-local-travel,9,Beach House Rentals,beach-house-rentals,,,,
Local Businesses,local-business,24,"Hotels, Lodging & Local Travel",hotels-lodging-local-travel,10,Vacation Rentals,vacation-rentals,,,,
Local Businesses,local-business,24,"Hotels, Lodging & Local Travel",hotels-lodging-local-travel,11,Short-Term Apartment Rentals,short-term-apartment-rentals,,,,
Local Businesses,local-business,24,"Hotels, Lodging & Local Travel",hotels-lodging-local-travel,12,Extended Stay Hotels,extended-stay-hotels,,,,
Local Businesses,local-business,24,"Hotels, Lodging & Local Travel",hotels-lodging-local-travel,13,Suite Hotels,suite-hotels,,,,
Local Businesses,local-business,24,"Hotels, Lodging & Local Travel",hotels-lodging-local-travel,14,Family Hotels,family-hotels,,,,
Local Businesses,local-business,24,"Hotels, Lodging & Local Travel",hotels-lodging-local-travel,15,Pet-Friendly Hotels,pet-friendly-hotels,,,,
Local Businesses,local-business,24,"Hotels, Lodging & Local Travel",hotels-lodging-local-travel,16,All-Inclusive Local Resorts,all-inclusive-local-resorts,,,,
Local Businesses,local-business,24,"Hotels, Lodging & Local Travel",hotels-lodging-local-travel,17,Spa Resorts,spa-resorts,,,,
Local Businesses,local-business,24,"Hotels, Lodging & Local Travel",hotels-lodging-local-travel,18,Mountain Resorts,mountain-resorts,,,,
Local Businesses,local-business,24,"Hotels, Lodging & Local Travel",hotels-lodging-local-travel,19,Ski Resorts,ski-resorts,,,,
Local Businesses,local-business,24,"Hotels, Lodging & Local Travel",hotels-lodging-local-travel,20,Lake Resorts,lake-resorts,,,,
Local Businesses,local-business,24,"Hotels, Lodging & Local Travel",hotels-lodging-local-travel,21,River Resorts,river-resorts,,,,
Local Businesses,local-business,24,"Hotels, Lodging & Local Travel",hotels-lodging-local-travel,22,Eco Lodges,eco-lodges,,,,
Local Businesses,local-business,24,"Hotels, Lodging & Local Travel",hotels-lodging-local-travel,23,Treehouse Stays,treehouse-stays,,,,
Local Businesses,local-business,24,"Hotels, Lodging & Local Travel",hotels-lodging-local-travel,24,Tiny House Rentals,tiny-house-rentals,,,,
Local Businesses,local-business,24,"Hotels, Lodging & Local Travel",hotels-lodging-local-travel,25,Houseboat Rentals,houseboat-rentals,,,,
Local Businesses,local-business,24,"Hotels, Lodging & Local Travel",hotels-lodging-local-travel,26,Sailboat Charters,sailboat-charters,,,,
Local Businesses,local-business,24,"Hotels, Lodging & Local Travel",hotels-lodging-local-travel,27,Hostel Locations,hostel-locations,,,,
Local Businesses,local-business,24,"Hotels, Lodging & Local Travel",hotels-lodging-local-travel,28,Capsule Hotels,capsule-hotels,,,,
Local Businesses,local-business,24,"Hotels, Lodging & Local Travel",hotels-lodging-local-travel,29,Pod Hotels,pod-hotels,,,,
Local Businesses,local-business,24,"Hotels, Lodging & Local Travel",hotels-lodging-local-travel,30,Airport Hotels,airport-hotels,,,,
Local Businesses,local-business,24,"Hotels, Lodging & Local Travel",hotels-lodging-local-travel,31,Highway Hotels,highway-hotels,,,,
Local Businesses,local-business,24,"Hotels, Lodging & Local Travel",hotels-lodging-local-travel,32,Roadside Motels,roadside-motels,,,,
Local Businesses,local-business,24,"Hotels, Lodging & Local Travel",hotels-lodging-local-travel,33,RV Park Cabins,rv-park-cabins,,,,
Local Businesses,local-business,24,"Hotels, Lodging & Local Travel",hotels-lodging-local-travel,34,Campground Cabins,campground-cabins,,,,
Local Businesses,local-business,24,"Hotels, Lodging & Local Travel",hotels-lodging-local-travel,35,Cottage Rentals,cottage-rentals,,,,
Local Businesses,local-business,24,"Hotels, Lodging & Local Travel",hotels-lodging-local-travel,36,Villa Rentals,villa-rentals,,,,
Local Businesses,local-business,24,"Hotels, Lodging & Local Travel",hotels-lodging-local-travel,37,Local Travel Agents,local-travel-agents,,,,
Local Businesses,local-business,24,"Hotels, Lodging & Local Travel",hotels-lodging-local-travel,38,Independent Travel Agents,independent-travel-agents,,,,
Local Businesses,local-business,24,"Hotels, Lodging & Local Travel",hotels-lodging-local-travel,39,Group Tour Operators,group-tour-operators,,,,
Local Businesses,local-business,24,"Hotels, Lodging & Local Travel",hotels-lodging-local-travel,40,Day Tour Companies,day-tour-companies,,,,
Local Businesses,local-business,24,"Hotels, Lodging & Local Travel",hotels-lodging-local-travel,41,City Tour Companies,city-tour-companies,,,,
Local Businesses,local-business,24,"Hotels, Lodging & Local Travel",hotels-lodging-local-travel,42,Walking Tour Guides,walking-tour-guides,,,,
Local Businesses,local-business,24,"Hotels, Lodging & Local Travel",hotels-lodging-local-travel,43,Bike Tour Companies,bike-tour-companies,,,,
Local Businesses,local-business,24,"Hotels, Lodging & Local Travel",hotels-lodging-local-travel,44,Segway Tour Operators,segway-tour-operators,,,,
Local Businesses,local-business,24,"Hotels, Lodging & Local Travel",hotels-lodging-local-travel,45,Boat Tour Companies,boat-tour-companies,,,,
Local Businesses,local-business,24,"Hotels, Lodging & Local Travel",hotels-lodging-local-travel,46,Brewery Tour Operators,brewery-tour-operators,,,,
Local Businesses,local-business,24,"Hotels, Lodging & Local Travel",hotels-lodging-local-travel,47,Winery Tour Operators,winery-tour-operators,,,,
Local Businesses,local-business,24,"Hotels, Lodging & Local Travel",hotels-lodging-local-travel,48,Distillery Tour Operators,distillery-tour-operators,,,,
Local Businesses,local-business,24,"Hotels, Lodging & Local Travel",hotels-lodging-local-travel,49,Food Tour Operators,food-tour-operators,,,,
Local Businesses,local-business,24,"Hotels, Lodging & Local Travel",hotels-lodging-local-travel,50,Cultural Tour Operators,cultural-tour-operators,,,,
Local Businesses,local-business,24,"Hotels, Lodging & Local Travel",hotels-lodging-local-travel,51,Historical Tour Operators,historical-tour-operators,,,,
Local Businesses,local-business,24,"Hotels, Lodging & Local Travel",hotels-lodging-local-travel,52,Ghost Tour Operators,ghost-tour-operators,,,,
Local Businesses,local-business,24,"Hotels, Lodging & Local Travel",hotels-lodging-local-travel,53,Haunted Tour Operators,haunted-tour-operators,,,,
Local Businesses,local-business,24,"Hotels, Lodging & Local Travel",hotels-lodging-local-travel,54,Pub Crawl Operators,pub-crawl-operators,,,,
Local Businesses,local-business,24,"Hotels, Lodging & Local Travel",hotels-lodging-local-travel,55,Limousine Services,limousine-services,,,,
Local Businesses,local-business,24,"Hotels, Lodging & Local Travel",hotels-lodging-local-travel,56,Local Limo Services,local-limo-services,,,,
Local Businesses,local-business,24,"Hotels, Lodging & Local Travel",hotels-lodging-local-travel,57,Wedding Limousine Services,wedding-limousine-services,,,,
Local Businesses,local-business,24,"Hotels, Lodging & Local Travel",hotels-lodging-local-travel,58,Airport Limo Services,airport-limo-services,,,,
Local Businesses,local-business,24,"Hotels, Lodging & Local Travel",hotels-lodging-local-travel,59,Black Car Services,black-car-services,,,,
Local Businesses,local-business,24,"Hotels, Lodging & Local Travel",hotels-lodging-local-travel,60,Town Car Services,town-car-services,,,,
Local Businesses,local-business,24,"Hotels, Lodging & Local Travel",hotels-lodging-local-travel,61,Party Bus Services,party-bus-services,,,,
Local Businesses,local-business,24,"Hotels, Lodging & Local Travel",hotels-lodging-local-travel,62,Wine Tour Limo Services,wine-tour-limo-services,,,,
Local Businesses,local-business,24,"Hotels, Lodging & Local Travel",hotels-lodging-local-travel,63,Stretch Hummer Rentals,stretch-hummer-rentals,,,,
Local Businesses,local-business,24,"Hotels, Lodging & Local Travel",hotels-lodging-local-travel,64,Local Taxi Companies,local-taxi-companies,,,,
Local Businesses,local-business,24,"Hotels, Lodging & Local Travel",hotels-lodging-local-travel,65,Cab Companies,cab-companies,,,,
Local Businesses,local-business,24,"Hotels, Lodging & Local Travel",hotels-lodging-local-travel,66,Shuttle Bus Services,shuttle-bus-services,,,,
Local Businesses,local-business,24,"Hotels, Lodging & Local Travel",hotels-lodging-local-travel,67,Airport Shuttle Services,airport-shuttle-services,,,,
Local Businesses,local-business,24,"Hotels, Lodging & Local Travel",hotels-lodging-local-travel,68,Hotel Shuttle Services,hotel-shuttle-services,,,,
Local Businesses,local-business,24,"Hotels, Lodging & Local Travel",hotels-lodging-local-travel,69,Wedding Shuttle Services,wedding-shuttle-services,,,,
Local Businesses,local-business,24,"Hotels, Lodging & Local Travel",hotels-lodging-local-travel,70,Charter Bus Services,charter-bus-services,,,,
Local Businesses,local-business,24,"Hotels, Lodging & Local Travel",hotels-lodging-local-travel,71,Mini Bus Charter Services,mini-bus-charter-services,,,,
Local Businesses,local-business,24,"Hotels, Lodging & Local Travel",hotels-lodging-local-travel,72,Coach Bus Charter,coach-bus-charter,,,,
Local Businesses,local-business,24,"Hotels, Lodging & Local Travel",hotels-lodging-local-travel,73,School Bus Charter Services,school-bus-charter-services,,,,
Local Businesses,local-business,25,"Religious, Civic & Community Centers",religious-civic-community-centers,1,Catholic Churches,catholic-churches,1,Places of Worship,Church,places-of-worship-church
Local Businesses,local-business,25,"Religious, Civic & Community Centers",religious-civic-community-centers,2,Protestant Churches,protestant-churches,,,,
Local Businesses,local-business,25,"Religious, Civic & Community Centers",religious-civic-community-centers,3,Baptist Churches,baptist-churches,,,,
Local Businesses,local-business,25,"Religious, Civic & Community Centers",religious-civic-community-centers,4,Methodist Churches,methodist-churches,,,,
Local Businesses,local-business,25,"Religious, Civic & Community Centers",religious-civic-community-centers,5,Lutheran Churches,lutheran-churches,,,,
Local Businesses,local-business,25,"Religious, Civic & Community Centers",religious-civic-community-centers,6,Presbyterian Churches,presbyterian-churches,,,,
Local Businesses,local-business,25,"Religious, Civic & Community Centers",religious-civic-community-centers,7,Episcopal Churches,episcopal-churches,,,,
Local Businesses,local-business,25,"Religious, Civic & Community Centers",religious-civic-community-centers,8,Pentecostal Churches,pentecostal-churches,,,,
Local Businesses,local-business,25,"Religious, Civic & Community Centers",religious-civic-community-centers,9,Evangelical Churches,evangelical-churches,,,,
Local Businesses,local-business,25,"Religious, Civic & Community Centers",religious-civic-community-centers,10,Non-Denominational Churches,non-denominational-churches,1,Places of Worship,Non-Denominational Church,places-of-worship-non-denominational-church
Local Businesses,local-business,25,"Religious, Civic & Community Centers",religious-civic-community-centers,11,Mega Churches,mega-churches,,,,
Local Businesses,local-business,25,"Religious, Civic & Community Centers",religious-civic-community-centers,12,Greek Orthodox Churches,greek-orthodox-churches,,,,
Local Businesses,local-business,25,"Religious, Civic & Community Centers",religious-civic-community-centers,13,Russian Orthodox Churches,russian-orthodox-churches,,,,
Local Businesses,local-business,25,"Religious, Civic & Community Centers",religious-civic-community-centers,14,Coptic Orthodox Churches,coptic-orthodox-churches,,,,
Local Businesses,local-business,25,"Religious, Civic & Community Centers",religious-civic-community-centers,15,Mormon Churches,mormon-churches,,,,
Local Businesses,local-business,25,"Religious, Civic & Community Centers",religious-civic-community-centers,16,LDS Wards,lds-wards,,,,
Local Businesses,local-business,25,"Religious, Civic & Community Centers",religious-civic-community-centers,18,Seventh-Day Adventist Churches,seventh-day-adventist-churches,,,,
Local Businesses,local-business,25,"Religious, Civic & Community Centers",religious-civic-community-centers,19,Quaker Meetings,quaker-meetings,1,Places of Worship,Quaker Meeting,places-of-worship-quaker-meeting
Local Businesses,local-business,25,"Religious, Civic & Community Centers",religious-civic-community-centers,20,Unitarian Universalist Churches,unitarian-universalist-churches,1,Places of Worship,Unitarian Church,places-of-worship-unitarian-church
Local Businesses,local-business,25,"Religious, Civic & Community Centers",religious-civic-community-centers,21,Bilingual Churches,bilingual-churches,,,,
Local Businesses,local-business,25,"Religious, Civic & Community Centers",religious-civic-community-centers,22,Spanish-Language Churches,spanish-language-churches,,,,
Local Businesses,local-business,25,"Religious, Civic & Community Centers",religious-civic-community-centers,23,Korean Churches,korean-churches,,,,
Local Businesses,local-business,25,"Religious, Civic & Community Centers",religious-civic-community-centers,24,Chinese Churches,chinese-churches,,,,
Local Businesses,local-business,25,"Religious, Civic & Community Centers",religious-civic-community-centers,25,Vietnamese Churches,vietnamese-churches,,,,
Local Businesses,local-business,25,"Religious, Civic & Community Centers",religious-civic-community-centers,26,Filipino Churches,filipino-churches,,,,
Local Businesses,local-business,25,"Religious, Civic & Community Centers",religious-civic-community-centers,27,African American Churches,african-american-churches,,,,
Local Businesses,local-business,25,"Religious, Civic & Community Centers",religious-civic-community-centers,28,Black Churches,black-churches,,,,
Local Businesses,local-business,25,"Religious, Civic & Community Centers",religious-civic-community-centers,29,Synagogues,synagogues,,,,
Local Businesses,local-business,25,"Religious, Civic & Community Centers",religious-civic-community-centers,30,Orthodox Synagogues,orthodox-synagogues,,,,
Local Businesses,local-business,25,"Religious, Civic & Community Centers",religious-civic-community-centers,31,Conservative Synagogues,conservative-synagogues,,,,
Local Businesses,local-business,25,"Religious, Civic & Community Centers",religious-civic-community-centers,32,Reform Synagogues,reform-synagogues,,,,
Local Businesses,local-business,25,"Religious, Civic & Community Centers",religious-civic-community-centers,33,Reconstructionist Synagogues,reconstructionist-synagogues,,,,
Local Businesses,local-business,25,"Religious, Civic & Community Centers",religious-civic-community-centers,34,Chabad Centers,chabad-centers,,,,
Local Businesses,local-business,25,"Religious, Civic & Community Centers",religious-civic-community-centers,35,Jewish Community Centers,jewish-community-centers,1,Organizations,Community Center,organizations-community-center
Local Businesses,local-business,25,"Religious, Civic & Community Centers",religious-civic-community-centers,35,Jewish Community Centers,jewish-community-centers,2,Organizations,Civic Club,organizations-civic-club
Local Businesses,local-business,25,"Religious, Civic & Community Centers",religious-civic-community-centers,35,Jewish Community Centers,jewish-community-centers,3,Organizations,Fraternal Organization,organizations-fraternal-organization
Local Businesses,local-business,25,"Religious, Civic & Community Centers",religious-civic-community-centers,35,Jewish Community Centers,jewish-community-centers,4,Organizations,Community Garden,organizations-community-garden
Local Businesses,local-business,25,"Religious, Civic & Community Centers",religious-civic-community-centers,35,Jewish Community Centers,jewish-community-centers,5,Organizations,Food Bank,organizations-food-bank
Local Businesses,local-business,25,"Religious, Civic & Community Centers",religious-civic-community-centers,35,Jewish Community Centers,jewish-community-centers,6,Civic Services,Community Health Center,civic-services-community-health-center
Local Businesses,local-business,25,"Religious, Civic & Community Centers",religious-civic-community-centers,35,Jewish Community Centers,jewish-community-centers,7,Places of Worship,Community Chapel,places-of-worship-community-chapel
Local Businesses,local-business,25,"Religious, Civic & Community Centers",religious-civic-community-centers,36,Mosques,mosques,,,,
Local Businesses,local-business,25,"Religious, Civic & Community Centers",religious-civic-community-centers,37,Sunni Mosques,sunni-mosques,,,,
Local Businesses,local-business,25,"Religious, Civic & Community Centers",religious-civic-community-centers,38,Shia Mosques,shia-mosques,,,,
Local Businesses,local-business,25,"Religious, Civic & Community Centers",religious-civic-community-centers,39,Ahmadiyya Mosques,ahmadiyya-mosques,,,,
Local Businesses,local-business,25,"Religious, Civic & Community Centers",religious-civic-community-centers,40,Islamic Centers,islamic-centers,,,,
Local Businesses,local-business,25,"Religious, Civic & Community Centers",religious-civic-community-centers,41,Hindu Temples,hindu-temples,1,Places of Worship,Hindu Temple,places-of-worship-hindu-temple
Local Businesses,local-business,25,"Religious, Civic & Community Centers",religious-civic-community-centers,42,Sikh Gurdwaras,sikh-gurdwaras,1,Places of Worship,Sikh Gurdwara,places-of-worship-sikh-gurdwara
Local Businesses,local-business,25,"Religious, Civic & Community Centers",religious-civic-community-centers,43,Buddhist Temples,buddhist-temples,1,Places of Worship,Buddhist Temple,places-of-worship-buddhist-temple
Local Businesses,local-business,25,"Religious, Civic & Community Centers",religious-civic-community-centers,44,Theravada Temples,theravada-temples,,,,
Local Businesses,local-business,25,"Religious, Civic & Community Centers",religious-civic-community-centers,45,Mahayana Temples,mahayana-temples,,,,
Local Businesses,local-business,25,"Religious, Civic & Community Centers",religious-civic-community-centers,46,Tibetan Buddhist Centers,tibetan-buddhist-centers,,,,
Local Businesses,local-business,25,"Religious, Civic & Community Centers",religious-civic-community-centers,47,Zen Centers,zen-centers,,,,
Local Businesses,local-business,25,"Religious, Civic & Community Centers",religious-civic-community-centers,48,Meditation Centers,meditation-centers,,,,
Local Businesses,local-business,25,"Religious, Civic & Community Centers",religious-civic-community-centers,49,Vipassana Centers,vipassana-centers,,,,
Local Businesses,local-business,25,"Religious, Civic & Community Centers",religious-civic-community-centers,50,Bahai Centers,bahai-centers,,,,
Local Businesses,local-business,25,"Religious, Civic & Community Centers",religious-civic-community-centers,51,Jain Temples,jain-temples,,,,
Local Businesses,local-business,25,"Religious, Civic & Community Centers",religious-civic-community-centers,52,Shinto Shrines,shinto-shrines,,,,
Local Businesses,local-business,25,"Religious, Civic & Community Centers",religious-civic-community-centers,53,Spiritualist Churches,spiritualist-churches,,,,
Local Businesses,local-business,25,"Religious, Civic & Community Centers",religious-civic-community-centers,54,Earth-Based Spirituality Groups,earth-based-spirituality-groups,,,,
Local Businesses,local-business,25,"Religious, Civic & Community Centers",religious-civic-community-centers,55,Wiccan Covens,wiccan-covens,,,,
Local Businesses,local-business,25,"Religious, Civic & Community Centers",religious-civic-community-centers,56,Druid Groves,druid-groves,,,,
Local Businesses,local-business,25,"Religious, Civic & Community Centers",religious-civic-community-centers,57,Religious Schools,religious-schools,1,Places of Worship,Mosque,places-of-worship-mosque
Local Businesses,local-business,25,"Religious, Civic & Community Centers",religious-civic-community-centers,57,Religious Schools,religious-schools,2,Places of Worship,Synagogue,places-of-worship-synagogue
Local Businesses,local-business,25,"Religious, Civic & Community Centers",religious-civic-community-centers,57,Religious Schools,religious-schools,3,Religious Services,Wedding Officiant,religious-services-wedding-officiant
Local Businesses,local-business,25,"Religious, Civic & Community Centers",religious-civic-community-centers,57,Religious Schools,religious-schools,4,Religious Services,Funeral Home,religious-services-funeral-home
Local Businesses,local-business,25,"Religious, Civic & Community Centers",religious-civic-community-centers,57,Religious Schools,religious-schools,5,Religious Services,Cemetery,religious-services-cemetery
Local Businesses,local-business,25,"Religious, Civic & Community Centers",religious-civic-community-centers,57,Religious Schools,religious-schools,6,Religious Services,Cremation,religious-services-cremation
Local Businesses,local-business,25,"Religious, Civic & Community Centers",religious-civic-community-centers,57,Religious Schools,religious-schools,7,Religious Services,Religious Education,religious-services-religious-education
Local Businesses,local-business,25,"Religious, Civic & Community Centers",religious-civic-community-centers,57,Religious Schools,religious-schools,8,Religious Services,Youth Ministry,religious-services-youth-ministry
Local Businesses,local-business,25,"Religious, Civic & Community Centers",religious-civic-community-centers,57,Religious Schools,religious-schools,9,Religious Services,Mission Organization,religious-services-mission-organization
Local Businesses,local-business,25,"Religious, Civic & Community Centers",religious-civic-community-centers,57,Religious Schools,religious-schools,10,Religious Services,Charity Organization,religious-services-charity-organization
Local Businesses,local-business,25,"Religious, Civic & Community Centers",religious-civic-community-centers,57,Religious Schools,religious-schools,11,Religious Services,Counseling Ministry,religious-services-counseling-ministry
Local Businesses,local-business,25,"Religious, Civic & Community Centers",religious-civic-community-centers,58,Sunday Schools,sunday-schools,,,,
Local Businesses,local-business,25,"Religious, Civic & Community Centers",religious-civic-community-centers,59,Hebrew Schools,hebrew-schools,,,,
Local Businesses,local-business,25,"Religious, Civic & Community Centers",religious-civic-community-centers,60,Madrasas,madrasas,,,,
Local Businesses,local-business,25,"Religious, Civic & Community Centers",religious-civic-community-centers,61,Community Centers,community-centers,,,,
Local Businesses,local-business,25,"Religious, Civic & Community Centers",religious-civic-community-centers,62,Senior Centers,senior-centers,1,Organizations,Senior Center,organizations-senior-center
Local Businesses,local-business,25,"Religious, Civic & Community Centers",religious-civic-community-centers,63,Youth Centers,youth-centers,1,Organizations,Youth Center,organizations-youth-center
Local Businesses,local-business,25,"Religious, Civic & Community Centers",religious-civic-community-centers,64,Boys & Girls Clubs,boys-girls-clubs,1,Social Clubs,Book Club,social-clubs-book-club
Local Businesses,local-business,25,"Religious, Civic & Community Centers",religious-civic-community-centers,64,Boys & Girls Clubs,boys-girls-clubs,2,Social Clubs,Wine Club,social-clubs-wine-club
Local Businesses,local-business,25,"Religious, Civic & Community Centers",religious-civic-community-centers,64,Boys & Girls Clubs,boys-girls-clubs,3,Social Clubs,Garden Club,social-clubs-garden-club
Local Businesses,local-business,25,"Religious, Civic & Community Centers",religious-civic-community-centers,64,Boys & Girls Clubs,boys-girls-clubs,4,Social Clubs,Photography Club,social-clubs-photography-club
Local Businesses,local-business,25,"Religious, Civic & Community Centers",religious-civic-community-centers,64,Boys & Girls Clubs,boys-girls-clubs,5,Social Clubs,Chess Club,social-clubs-chess-club
Local Businesses,local-business,25,"Religious, Civic & Community Centers",religious-civic-community-centers,64,Boys & Girls Clubs,boys-girls-clubs,6,Social Clubs,Chamber of Commerce,social-clubs-chamber-of-commerce
Local Businesses,local-business,25,"Religious, Civic & Community Centers",religious-civic-community-centers,65,YMCA Locations,ymca-locations,,,,
Local Businesses,local-business,25,"Religious, Civic & Community Centers",religious-civic-community-centers,66,YWCA Locations,ywca-locations,,,,
Local Businesses,local-business,25,"Religious, Civic & Community Centers",religious-civic-community-centers,67,JCC Locations,jcc-locations,,,,
Local Businesses,local-business,25,"Religious, Civic & Community Centers",religious-civic-community-centers,68,Cultural Heritage Centers,cultural-heritage-centers,1,Organizations,Cultural Center,organizations-cultural-center
Local Businesses,local-business,25,"Religious, Civic & Community Centers",religious-civic-community-centers,69,Veterans Centers,veterans-centers,1,Organizations,Veterans Organization,organizations-veterans-organization
Local Businesses,local-business,25,"Religious, Civic & Community Centers",religious-civic-community-centers,70,American Legion Posts,american-legion-posts,,,,
Local Businesses,local-business,25,"Religious, Civic & Community Centers",religious-civic-community-centers,71,VFW Halls,vfw-halls,,,,
Local Businesses,local-business,25,"Religious, Civic & Community Centers",religious-civic-community-centers,72,Elks Lodges,elks-lodges,,,,
Local Businesses,local-business,25,"Religious, Civic & Community Centers",religious-civic-community-centers,73,Moose Lodges,moose-lodges,,,,
Local Businesses,local-business,25,"Religious, Civic & Community Centers",religious-civic-community-centers,74,Eagles Lodges,eagles-lodges,,,,
Local Businesses,local-business,25,"Religious, Civic & Community Centers",religious-civic-community-centers,75,Masonic Lodges,masonic-lodges,,,,
Local Businesses,local-business,25,"Religious, Civic & Community Centers",religious-civic-community-centers,76,Shriners Halls,shriners-halls,,,,
Local Businesses,local-business,25,"Religious, Civic & Community Centers",religious-civic-community-centers,77,Knights of Columbus Halls,knights-of-columbus-halls,,,,
Local Businesses,local-business,25,"Religious, Civic & Community Centers",religious-civic-community-centers,78,Rotary Clubs,rotary-clubs,1,Social Clubs,Rotary Club,social-clubs-rotary-club
Local Businesses,local-business,25,"Religious, Civic & Community Centers",religious-civic-community-centers,79,Kiwanis Clubs,kiwanis-clubs,1,Social Clubs,Kiwanis,social-clubs-kiwanis
Local Businesses,local-business,25,"Religious, Civic & Community Centers",religious-civic-community-centers,80,Lions Clubs,lions-clubs,1,Social Clubs,Lions Club,social-clubs-lions-club
Local Businesses,local-business,25,"Religious, Civic & Community Centers",religious-civic-community-centers,81,Toastmasters Clubs,toastmasters-clubs,1,Social Clubs,Toastmasters,social-clubs-toastmasters
Local Businesses,local-business,25,"Religious, Civic & Community Centers",religious-civic-community-centers,82,Local Civic Associations,local-civic-associations,,,,
Local Businesses,local-business,25,"Religious, Civic & Community Centers",religious-civic-community-centers,83,Neighborhood Associations,neighborhood-associations,1,Organizations,Neighborhood Association,organizations-neighborhood-association
Local Businesses,local-business,25,"Religious, Civic & Community Centers",religious-civic-community-centers,84,HOA Offices,hoa-offices,,,,
Local Businesses,local-business,25,"Religious, Civic & Community Centers",religious-civic-community-centers,85,Public Libraries,public-libraries,1,Public Education,Public School,public-education-public-school
Local Businesses,local-business,25,"Religious, Civic & Community Centers",religious-civic-community-centers,85,Public Libraries,public-libraries,2,Public Education,Private School,public-education-private-school
Local Businesses,local-business,25,"Religious, Civic & Community Centers",religious-civic-community-centers,85,Public Libraries,public-libraries,3,Public Education,Charter School,public-education-charter-school
Local Businesses,local-business,25,"Religious, Civic & Community Centers",religious-civic-community-centers,85,Public Libraries,public-libraries,4,Public Education,Magnet School,public-education-magnet-school
Local Businesses,local-business,25,"Religious, Civic & Community Centers",religious-civic-community-centers,85,Public Libraries,public-libraries,5,Public Education,Montessori School,public-education-montessori-school
Local Businesses,local-business,25,"Religious, Civic & Community Centers",religious-civic-community-centers,85,Public Libraries,public-libraries,6,Public Education,Homeschool Co-Op,public-education-homeschool-co-op
Local Businesses,local-business,25,"Religious, Civic & Community Centers",religious-civic-community-centers,85,Public Libraries,public-libraries,7,Public Education,Online School,public-education-online-school
Local Businesses,local-business,25,"Religious, Civic & Community Centers",religious-civic-community-centers,85,Public Libraries,public-libraries,8,Public Education,Boarding School,public-education-boarding-school
Local Businesses,local-business,25,"Religious, Civic & Community Centers",religious-civic-community-centers,85,Public Libraries,public-libraries,9,Public Education,International School,public-education-international-school
Local Businesses,local-business,25,"Religious, Civic & Community Centers",religious-civic-community-centers,85,Public Libraries,public-libraries,10,Public Recreation,Dog Park,public-recreation-dog-park
Local Businesses,local-business,25,"Religious, Civic & Community Centers",religious-civic-community-centers,85,Public Libraries,public-libraries,11,Public Recreation,Playground,public-recreation-playground
Local Businesses,local-business,25,"Religious, Civic & Community Centers",religious-civic-community-centers,85,Public Libraries,public-libraries,12,Public Recreation,Skate Park,public-recreation-skate-park
Local Businesses,local-business,25,"Religious, Civic & Community Centers",religious-civic-community-centers,85,Public Libraries,public-libraries,13,Public Recreation,Basketball Court,public-recreation-basketball-court
Local Businesses,local-business,25,"Religious, Civic & Community Centers",religious-civic-community-centers,85,Public Libraries,public-libraries,14,Public Recreation,Tennis Court Public,public-recreation-tennis-court-public
Local Businesses,local-business,25,"Religious, Civic & Community Centers",religious-civic-community-centers,85,Public Libraries,public-libraries,15,Public Recreation,Walking Trail,public-recreation-walking-trail
Local Businesses,local-business,25,"Religious, Civic & Community Centers",religious-civic-community-centers,85,Public Libraries,public-libraries,16,Public Recreation,Bike Path,public-recreation-bike-path
Local Businesses,local-business,25,"Religious, Civic & Community Centers",religious-civic-community-centers,85,Public Libraries,public-libraries,17,Public Recreation,Fishing Pier,public-recreation-fishing-pier
Local Businesses,local-business,25,"Religious, Civic & Community Centers",religious-civic-community-centers,86,Branch Libraries,branch-libraries,,,,
Local Businesses,local-business,25,"Religious, Civic & Community Centers",religious-civic-community-centers,87,Mobile Libraries,mobile-libraries,,,,
Local Businesses,local-business,25,"Religious, Civic & Community Centers",religious-civic-community-centers,88,Bookmobile Routes,bookmobile-routes,,,,
Local Businesses,local-business,25,"Religious, Civic & Community Centers",religious-civic-community-centers,89,Local Government Offices,local-government-offices,1,Government,City Hall,government-city-hall
Local Businesses,local-business,25,"Religious, Civic & Community Centers",religious-civic-community-centers,89,Local Government Offices,local-government-offices,2,Government,Public Library,government-public-library
Local Businesses,local-business,25,"Religious, Civic & Community Centers",religious-civic-community-centers,89,Local Government Offices,local-government-offices,3,Government,Post Office,government-post-office
Local Businesses,local-business,25,"Religious, Civic & Community Centers",religious-civic-community-centers,89,Local Government Offices,local-government-offices,4,Government,DMV,government-dmv
Local Businesses,local-business,25,"Religious, Civic & Community Centers",religious-civic-community-centers,89,Local Government Offices,local-government-offices,5,Government,Social Services,government-social-services
Local Businesses,local-business,25,"Religious, Civic & Community Centers",religious-civic-community-centers,89,Local Government Offices,local-government-offices,6,Government,Voter Registration,government-voter-registration
Local Businesses,local-business,25,"Religious, Civic & Community Centers",religious-civic-community-centers,89,Local Government Offices,local-government-offices,7,Government,Building Permits,government-building-permits
Local Businesses,local-business,25,"Religious, Civic & Community Centers",religious-civic-community-centers,89,Local Government Offices,local-government-offices,8,Government,Zoning Office,government-zoning-office
Local Businesses,local-business,25,"Religious, Civic & Community Centers",religious-civic-community-centers,89,Local Government Offices,local-government-offices,9,Government,Parks Department,government-parks-department
Local Businesses,local-business,25,"Religious, Civic & Community Centers",religious-civic-community-centers,89,Local Government Offices,local-government-offices,10,Government,Animal Control,government-animal-control
Local Businesses,local-business,25,"Religious, Civic & Community Centers",religious-civic-community-centers,90,City Halls,city-halls,,,,
Local Businesses,local-business,25,"Religious, Civic & Community Centers",religious-civic-community-centers,91,Town Halls,town-halls,,,,
Local Businesses,local-business,25,"Religious, Civic & Community Centers",religious-civic-community-centers,92,County Offices,county-offices,,,,
Local Businesses,local-business,25,"Religious, Civic & Community Centers",religious-civic-community-centers,93,DMV Locations,dmv-locations,,,,
Local Businesses,local-business,25,"Religious, Civic & Community Centers",religious-civic-community-centers,94,Post Offices,post-offices,,,,
Local Businesses,local-business,25,"Religious, Civic & Community Centers",religious-civic-community-centers,95,USPS Locations,usps-locations,,,,
Local Businesses,local-business,25,"Religious, Civic & Community Centers",religious-civic-community-centers,96,FedEx Locations,fedex-locations,,,,
Local Businesses,local-business,25,"Religious, Civic & Community Centers",religious-civic-community-centers,97,UPS Stores,ups-stores,,,,
Local Businesses,local-business,25,"Religious, Civic & Community Centers",religious-civic-community-centers,98,Shipping Stores,shipping-stores,,,,
Local Businesses,local-business,25,"Religious, Civic & Community Centers",religious-civic-community-centers,99,Local Print Shops,local-print-shops,,,,
Local Businesses,local-business,25,"Religious, Civic & Community Centers",religious-civic-community-centers,100,Quick Print Stores,quick-print-stores,,,,
Local Businesses,local-business,25,"Religious, Civic & Community Centers",religious-civic-community-centers,101,Copy Centers,copy-centers,,,,
Local Businesses,local-business,25,"Religious, Civic & Community Centers",religious-civic-community-centers,102,Mailbox Rental Stores,mailbox-rental-stores,,,,
Local Businesses,local-business,25,"Religious, Civic & Community Centers",religious-civic-community-centers,103,Passport Photo Locations,passport-photo-locations,,,,
Local Businesses,local-business,25,"Religious, Civic & Community Centers",religious-civic-community-centers,104,Fingerprint Services,fingerprint-services,1,Civic Services,Notary Public,civic-services-notary-public
Local Businesses,local-business,25,"Religious, Civic & Community Centers",religious-civic-community-centers,104,Fingerprint Services,fingerprint-services,2,Civic Services,Tax Preparation,civic-services-tax-preparation
Local Businesses,local-business,25,"Religious, Civic & Community Centers",religious-civic-community-centers,104,Fingerprint Services,fingerprint-services,3,Civic Services,Passport Service,civic-services-passport-service
Local Businesses,local-business,25,"Religious, Civic & Community Centers",religious-civic-community-centers,104,Fingerprint Services,fingerprint-services,4,Civic Services,Translation Service,civic-services-translation-service
Local Businesses,local-business,25,"Religious, Civic & Community Centers",religious-civic-community-centers,104,Fingerprint Services,fingerprint-services,5,Civic Services,Immigration Help,civic-services-immigration-help
Local Businesses,local-business,25,"Religious, Civic & Community Centers",religious-civic-community-centers,104,Fingerprint Services,fingerprint-services,6,Civic Services,Legal Aid,civic-services-legal-aid
Local Businesses,local-business,25,"Religious, Civic & Community Centers",religious-civic-community-centers,104,Fingerprint Services,fingerprint-services,7,Civic Services,Housing Assistance,civic-services-housing-assistance
Local Businesses,local-business,25,"Religious, Civic & Community Centers",religious-civic-community-centers,104,Fingerprint Services,fingerprint-services,8,Civic Services,Job Training,civic-services-job-training
Local Businesses,local-business,25,"Religious, Civic & Community Centers",religious-civic-community-centers,104,Fingerprint Services,fingerprint-services,9,Civic Services,Adult Education,civic-services-adult-education
Local Businesses,local-business,25,"Religious, Civic & Community Centers",religious-civic-community-centers,104,Fingerprint Services,fingerprint-services,10,Religious Services,Memorial Service,religious-services-memorial-service
Local Businesses,local-business,25,"Religious, Civic & Community Centers",religious-civic-community-centers,105,Background Check Services,background-check-services,,,,
Local Businesses,local-business,25,"Religious, Civic & Community Centers",religious-civic-community-centers,106,Drug Testing Centers,drug-testing-centers,,,,
Local Businesses,local-business,25,"Religious, Civic & Community Centers",religious-civic-community-centers,107,DOT Drug Testing Centers,dot-drug-testing-centers,,,,
