L1,L1 Slug,L2 #,L2,L2 Slug,L3 #,L3,L3 Slug,L4 #,L4 Group,L4 Type,L4 Slug
Professional Services,professional-services,1,Lawyers & Law Firms by Specialty,lawyers-law-firms-by-specialty,1,Personal Injury Lawyers,personal-injury-lawyers,1,Personal Injury,Car Accident,personal-injury-car-accident
Professional Services,professional-services,1,Lawyers & Law Firms by Specialty,lawyers-law-firms-by-specialty,1,Personal Injury Lawyers,personal-injury-lawyers,2,Personal Injury,Truck Accident,personal-injury-truck-accident
Professional Services,professional-services,1,Lawyers & Law Firms by Specialty,lawyers-law-firms-by-specialty,1,Personal Injury Lawyers,personal-injury-lawyers,3,Personal Injury,Motorcycle Accident,personal-injury-motorcycle-accident
Professional Services,professional-services,1,Lawyers & Law Firms by Specialty,lawyers-law-firms-by-specialty,1,Personal Injury Lawyers,personal-injury-lawyers,4,Personal Injury,Slip & Fall,personal-injury-slip-fall
Professional Services,professional-services,1,Lawyers & Law Firms by Specialty,lawyers-law-firms-by-specialty,1,Personal Injury Lawyers,personal-injury-lawyers,5,Personal Injury,Medical Malpractice,personal-injury-medical-malpractice
Professional Services,professional-services,1,Lawyers & Law Firms by Specialty,lawyers-law-firms-by-specialty,1,Personal Injury Lawyers,personal-injury-lawyers,6,Personal Injury,Product Liability,personal-injury-product-liability
Professional Services,professional-services,1,Lawyers & Law Firms by Specialty,lawyers-law-firms-by-specialty,1,Personal Injury Lawyers,personal-injury-lawyers,7,Personal Injury,Wrongful Death,personal-injury-wrongful-death
Professional Services,professional-services,1,Lawyers & Law Firms by Specialty,lawyers-law-firms-by-specialty,1,Personal Injury Lawyers,personal-injury-lawyers,8,Personal Injury,Workers Comp Claims,personal-injury-workers-comp-claims
Professional Services,professional-services,1,Lawyers & Law Firms by Specialty,lawyers-law-firms-by-specialty,1,Personal Injury Lawyers,personal-injury-lawyers,9,Personal Injury,Dog Bite,personal-injury-dog-bite
Professional Services,professional-services,1,Lawyers & Law Firms by Specialty,lawyers-law-firms-by-specialty,2,Auto Accident Lawyers,auto-accident-lawyers,,,,
Professional Services,professional-services,1,Lawyers & Law Firms by Specialty,lawyers-law-firms-by-specialty,3,Truck Accident Lawyers,truck-accident-lawyers,,,,
Professional Services,professional-services,1,Lawyers & Law Firms by Specialty,lawyers-law-firms-by-specialty,4,Motorcycle Accident Lawyers,motorcycle-accident-lawyers,,,,
Professional Services,professional-services,1,Lawyers & Law Firms by Specialty,lawyers-law-firms-by-specialty,5,Pedestrian Accident Lawyers,pedestrian-accident-lawyers,,,,
Professional Services,professional-services,1,Lawyers & Law Firms by Specialty,lawyers-law-firms-by-specialty,6,Bicycle Accident Lawyers,bicycle-accident-lawyers,,,,
Professional Services,professional-services,1,Lawyers & Law Firms by Specialty,lawyers-law-firms-by-specialty,7,Slip and Fall Lawyers,slip-and-fall-lawyers,,,,
Professional Services,professional-services,1,Lawyers & Law Firms by Specialty,lawyers-law-firms-by-specialty,8,Premises Liability Lawyers,premises-liability-lawyers,,,,
Professional Services,professional-services,1,Lawyers & Law Firms by Specialty,lawyers-law-firms-by-specialty,9,Dog Bite Lawyers,dog-bite-lawyers,,,,
Professional Services,professional-services,1,Lawyers & Law Firms by Specialty,lawyers-law-firms-by-specialty,10,Wrongful Death Lawyers,wrongful-death-lawyers,,,,
Professional Services,professional-services,1,Lawyers & Law Firms by Specialty,lawyers-law-firms-by-specialty,11,Brain Injury Lawyers,brain-injury-lawyers,,,,
Professional Services,professional-services,1,Lawyers & Law Firms by Specialty,lawyers-law-firms-by-specialty,12,Spinal Cord Injury Lawyers,spinal-cord-injury-lawyers,,,,
Professional Services,professional-services,1,Lawyers & Law Firms by Specialty,lawyers-law-firms-by-specialty,13,Burn Injury Lawyers,burn-injury-lawyers,,,,
Professional Services,professional-services,1,Lawyers & Law Firms by Specialty,lawyers-law-firms-by-specialty,14,Catastrophic Injury Lawyers,catastrophic-injury-lawyers,,,,
Professional Services,professional-services,1,Lawyers & Law Firms by Specialty,lawyers-law-firms-by-specialty,15,Birth Injury Lawyers,birth-injury-lawyers,,,,
Professional Services,professional-services,1,Lawyers & Law Firms by Specialty,lawyers-law-firms-by-specialty,16,Medical Malpractice Lawyers,medical-malpractice-lawyers,,,,
Professional Services,professional-services,1,Lawyers & Law Firms by Specialty,lawyers-law-firms-by-specialty,17,Nursing Home Abuse Lawyers,nursing-home-abuse-lawyers,1,Personal Injury,Nursing Home Abuse,personal-injury-nursing-home-abuse
Professional Services,professional-services,1,Lawyers & Law Firms by Specialty,lawyers-law-firms-by-specialty,18,Elder Abuse Lawyers,elder-abuse-lawyers,,,,
Professional Services,professional-services,1,Lawyers & Law Firms by Specialty,lawyers-law-firms-by-specialty,19,Product Liability Lawyers,product-liability-lawyers,1,Commercial Insurance,Product Liability,commercial-insurance-product-liability
Professional Services,professional-services,1,Lawyers & Law Firms by Specialty,lawyers-law-firms-by-specialty,20,Defective Product Lawyers,defective-product-lawyers,,,,
Professional Services,professional-services,1,Lawyers & Law Firms by Specialty,lawyers-law-firms-by-specialty,21,Pharmaceutical Liability Lawyers,pharmaceutical-liability-lawyers,,,,
Professional Services,professional-services,1,Lawyers & Law Firms by Specialty,lawyers-law-firms-by-specialty,22,Mass Tort Lawyers,mass-tort-lawyers,,,,
Professional Services,professional-services,1,Lawyers & Law Firms by Specialty,lawyers-law-firms-by-specialty,23,Class Action Lawyers,class-action-lawyers,,,,
Professional Services,professional-services,1,Lawyers & Law Firms by Specialty,lawyers-law-firms-by-specialty,24,Toxic Tort Lawyers,toxic-tort-lawyers,,,,
Professional Services,professional-services,1,Lawyers & Law Firms by Specialty,lawyers-law-firms-by-specialty,25,Asbestos Mesothelioma Lawyers,asbestos-mesothelioma-lawyers,,,,
Professional Services,professional-services,1,Lawyers & Law Firms by Specialty,lawyers-law-firms-by-specialty,26,Roundup Lawyers,roundup-lawyers,,,,
Professional Services,professional-services,1,Lawyers & Law Firms by Specialty,lawyers-law-firms-by-specialty,27,Talcum Powder Lawyers,talcum-powder-lawyers,,,,
Professional Services,professional-services,1,Lawyers & Law Firms by Specialty,lawyers-law-firms-by-specialty,28,Hair Relaxer Lawyers,hair-relaxer-lawyers,,,,
Professional Services,professional-services,1,Lawyers & Law Firms by Specialty,lawyers-law-firms-by-specialty,29,Camp Lejeune Lawyers,camp-lejeune-lawyers,,,,
Professional Services,professional-services,1,Lawyers & Law Firms by Specialty,lawyers-law-firms-by-specialty,30,9/11 Victim Compensation Lawyers,911-victim-compensation-lawyers,,,,
Professional Services,professional-services,1,Lawyers & Law Firms by Specialty,lawyers-law-firms-by-specialty,31,Workers Compensation Lawyers,workers-compensation-lawyers,1,Employment Law,Workers Compensation,employment-law-workers-compensation
Professional Services,professional-services,1,Lawyers & Law Firms by Specialty,lawyers-law-firms-by-specialty,32,Workplace Injury Lawyers,workplace-injury-lawyers,,,,
Professional Services,professional-services,1,Lawyers & Law Firms by Specialty,lawyers-law-firms-by-specialty,33,Construction Accident Lawyers,construction-accident-lawyers,,,,
Professional Services,professional-services,1,Lawyers & Law Firms by Specialty,lawyers-law-firms-by-specialty,34,Industrial Accident Lawyers,industrial-accident-lawyers,,,,
Professional Services,professional-services,1,Lawyers & Law Firms by Specialty,lawyers-law-firms-by-specialty,35,Maritime Injury Lawyers,maritime-injury-lawyers,,,,
Professional Services,professional-services,1,Lawyers & Law Firms by Specialty,lawyers-law-firms-by-specialty,36,Jones Act Lawyers,jones-act-lawyers,,,,
Professional Services,professional-services,1,Lawyers & Law Firms by Specialty,lawyers-law-firms-by-specialty,37,Longshore Act Lawyers,longshore-act-lawyers,,,,
Professional Services,professional-services,1,Lawyers & Law Firms by Specialty,lawyers-law-firms-by-specialty,38,Aviation Accident Lawyers,aviation-accident-lawyers,,,,
Professional Services,professional-services,1,Lawyers & Law Firms by Specialty,lawyers-law-firms-by-specialty,39,Train Accident Lawyers,train-accident-lawyers,,,,
Professional Services,professional-services,1,Lawyers & Law Firms by Specialty,lawyers-law-firms-by-specialty,40,Boat Accident Lawyers,boat-accident-lawyers,,,,
Professional Services,professional-services,1,Lawyers & Law Firms by Specialty,lawyers-law-firms-by-specialty,41,ATV Accident Lawyers,atv-accident-lawyers,,,,
Professional Services,professional-services,1,Lawyers & Law Firms by Specialty,lawyers-law-firms-by-specialty,42,Family Law Attorneys,family-law-attorneys,1,Commercial Law,Contract Drafting,commercial-law-contract-drafting
Professional Services,professional-services,1,Lawyers & Law Firms by Specialty,lawyers-law-firms-by-specialty,42,Family Law Attorneys,family-law-attorneys,2,Commercial Law,Contract Review,commercial-law-contract-review
Professional Services,professional-services,1,Lawyers & Law Firms by Specialty,lawyers-law-firms-by-specialty,42,Family Law Attorneys,family-law-attorneys,3,Commercial Law,Contract Negotiation,commercial-law-contract-negotiation
Professional Services,professional-services,1,Lawyers & Law Firms by Specialty,lawyers-law-firms-by-specialty,42,Family Law Attorneys,family-law-attorneys,4,Commercial Law,Terms of Service,commercial-law-terms-of-service
Professional Services,professional-services,1,Lawyers & Law Firms by Specialty,lawyers-law-firms-by-specialty,42,Family Law Attorneys,family-law-attorneys,5,Commercial Law,Privacy Policies,commercial-law-privacy-policies
Professional Services,professional-services,1,Lawyers & Law Firms by Specialty,lawyers-law-firms-by-specialty,42,Family Law Attorneys,family-law-attorneys,6,Commercial Law,Franchise Law,commercial-law-franchise-law
Professional Services,professional-services,1,Lawyers & Law Firms by Specialty,lawyers-law-firms-by-specialty,42,Family Law Attorneys,family-law-attorneys,7,Commercial Law,Distribution Agreements,commercial-law-distribution-agreements
Professional Services,professional-services,1,Lawyers & Law Firms by Specialty,lawyers-law-firms-by-specialty,42,Family Law Attorneys,family-law-attorneys,8,Employment Law,Employee Contracts,employment-law-employee-contracts
Professional Services,professional-services,1,Lawyers & Law Firms by Specialty,lawyers-law-firms-by-specialty,42,Family Law Attorneys,family-law-attorneys,9,Employment Law,Workplace Policies,employment-law-workplace-policies
Professional Services,professional-services,1,Lawyers & Law Firms by Specialty,lawyers-law-firms-by-specialty,42,Family Law Attorneys,family-law-attorneys,10,Employment Law,Discrimination Claims,employment-law-discrimination-claims
Professional Services,professional-services,1,Lawyers & Law Firms by Specialty,lawyers-law-firms-by-specialty,42,Family Law Attorneys,family-law-attorneys,11,Employment Law,OSHA Compliance,employment-law-osha-compliance
Professional Services,professional-services,1,Lawyers & Law Firms by Specialty,lawyers-law-firms-by-specialty,42,Family Law Attorneys,family-law-attorneys,12,Employment Law,Employee Handbook,employment-law-employee-handbook
Professional Services,professional-services,1,Lawyers & Law Firms by Specialty,lawyers-law-firms-by-specialty,42,Family Law Attorneys,family-law-attorneys,13,Employment Law,Severance Agreements,employment-law-severance-agreements
Professional Services,professional-services,1,Lawyers & Law Firms by Specialty,lawyers-law-firms-by-specialty,42,Family Law Attorneys,family-law-attorneys,14,Media Law,Music Law,media-law-music-law
Professional Services,professional-services,1,Lawyers & Law Firms by Specialty,lawyers-law-firms-by-specialty,42,Family Law Attorneys,family-law-attorneys,15,Media Law,Film Law,media-law-film-law
Professional Services,professional-services,1,Lawyers & Law Firms by Specialty,lawyers-law-firms-by-specialty,42,Family Law Attorneys,family-law-attorneys,16,Media Law,Publishing Law,media-law-publishing-law
Professional Services,professional-services,1,Lawyers & Law Firms by Specialty,lawyers-law-firms-by-specialty,42,Family Law Attorneys,family-law-attorneys,17,Media Law,Talent Contract,media-law-talent-contract
Professional Services,professional-services,1,Lawyers & Law Firms by Specialty,lawyers-law-firms-by-specialty,42,Family Law Attorneys,family-law-attorneys,18,Media Law,Licensing Agreement,media-law-licensing-agreement
Professional Services,professional-services,1,Lawyers & Law Firms by Specialty,lawyers-law-firms-by-specialty,42,Family Law Attorneys,family-law-attorneys,19,Media Law,Rights Negotiation,media-law-rights-negotiation
Professional Services,professional-services,1,Lawyers & Law Firms by Specialty,lawyers-law-firms-by-specialty,42,Family Law Attorneys,family-law-attorneys,20,Media Law,Content Distribution,media-law-content-distribution
Professional Services,professional-services,1,Lawyers & Law Firms by Specialty,lawyers-law-firms-by-specialty,42,Family Law Attorneys,family-law-attorneys,21,Media Law,Defamation Defense,media-law-defamation-defense
Professional Services,professional-services,1,Lawyers & Law Firms by Specialty,lawyers-law-firms-by-specialty,42,Family Law Attorneys,family-law-attorneys,22,Media Law,Privacy Law Media,media-law-privacy-law-media
Professional Services,professional-services,1,Lawyers & Law Firms by Specialty,lawyers-law-firms-by-specialty,42,Family Law Attorneys,family-law-attorneys,23,Domestic Relations,Divorce Attorney,domestic-relations-divorce-attorney
Professional Services,professional-services,1,Lawyers & Law Firms by Specialty,lawyers-law-firms-by-specialty,42,Family Law Attorneys,family-law-attorneys,24,Domestic Relations,Adoption,domestic-relations-adoption
Professional Services,professional-services,1,Lawyers & Law Firms by Specialty,lawyers-law-firms-by-specialty,42,Family Law Attorneys,family-law-attorneys,25,Domestic Relations,Paternity,domestic-relations-paternity
Professional Services,professional-services,1,Lawyers & Law Firms by Specialty,lawyers-law-firms-by-specialty,42,Family Law Attorneys,family-law-attorneys,26,Domestic Relations,Guardianship,domestic-relations-guardianship
Professional Services,professional-services,1,Lawyers & Law Firms by Specialty,lawyers-law-firms-by-specialty,42,Family Law Attorneys,family-law-attorneys,27,Estate & Probate,Will Drafting,estate-probate-will-drafting
Professional Services,professional-services,1,Lawyers & Law Firms by Specialty,lawyers-law-firms-by-specialty,42,Family Law Attorneys,family-law-attorneys,28,Estate & Probate,Trust Creation,estate-probate-trust-creation
Professional Services,professional-services,1,Lawyers & Law Firms by Specialty,lawyers-law-firms-by-specialty,42,Family Law Attorneys,family-law-attorneys,29,Estate & Probate,Power of Attorney,estate-probate-power-of-attorney
Professional Services,professional-services,1,Lawyers & Law Firms by Specialty,lawyers-law-firms-by-specialty,42,Family Law Attorneys,family-law-attorneys,30,Estate & Probate,Healthcare Directive,estate-probate-healthcare-directive
Professional Services,professional-services,1,Lawyers & Law Firms by Specialty,lawyers-law-firms-by-specialty,42,Family Law Attorneys,family-law-attorneys,31,Estate & Probate,Beneficiary Disputes,estate-probate-beneficiary-disputes
Professional Services,professional-services,1,Lawyers & Law Firms by Specialty,lawyers-law-firms-by-specialty,43,Divorce Attorneys,divorce-attorneys,,,,
Professional Services,professional-services,1,Lawyers & Law Firms by Specialty,lawyers-law-firms-by-specialty,44,Uncontested Divorce Lawyers,uncontested-divorce-lawyers,,,,
Professional Services,professional-services,1,Lawyers & Law Firms by Specialty,lawyers-law-firms-by-specialty,45,High-Net-Worth Divorce Lawyers,high-net-worth-divorce-lawyers,,,,
Professional Services,professional-services,1,Lawyers & Law Firms by Specialty,lawyers-law-firms-by-specialty,46,Same-Sex Divorce Lawyers,same-sex-divorce-lawyers,,,,
Professional Services,professional-services,1,Lawyers & Law Firms by Specialty,lawyers-law-firms-by-specialty,47,Military Divorce Lawyers,military-divorce-lawyers,,,,
Professional Services,professional-services,1,Lawyers & Law Firms by Specialty,lawyers-law-firms-by-specialty,48,Collaborative Divorce Lawyers,collaborative-divorce-lawyers,,,,
Professional Services,professional-services,1,Lawyers & Law Firms by Specialty,lawyers-law-firms-by-specialty,49,Divorce Mediators,divorce-mediators,,,,
Professional Services,professional-services,1,Lawyers & Law Firms by Specialty,lawyers-law-firms-by-specialty,50,Child Custody Lawyers,child-custody-lawyers,1,Domestic Relations,Child Custody,domestic-relations-child-custody
Professional Services,professional-services,1,Lawyers & Law Firms by Specialty,lawyers-law-firms-by-specialty,51,Child Support Lawyers,child-support-lawyers,1,Domestic Relations,Child Support,domestic-relations-child-support
Professional Services,professional-services,1,Lawyers & Law Firms by Specialty,lawyers-law-firms-by-specialty,52,Visitation Rights Lawyers,visitation-rights-lawyers,,,,
Professional Services,professional-services,1,Lawyers & Law Firms by Specialty,lawyers-law-firms-by-specialty,53,Grandparents Rights Lawyers,grandparents-rights-lawyers,,,,
Professional Services,professional-services,1,Lawyers & Law Firms by Specialty,lawyers-law-firms-by-specialty,54,Guardianship Lawyers,guardianship-lawyers,,,,
Professional Services,professional-services,1,Lawyers & Law Firms by Specialty,lawyers-law-firms-by-specialty,55,Conservatorship Lawyers,conservatorship-lawyers,,,,
Professional Services,professional-services,1,Lawyers & Law Firms by Specialty,lawyers-law-firms-by-specialty,56,Adoption Attorneys,adoption-attorneys,,,,
Professional Services,professional-services,1,Lawyers & Law Firms by Specialty,lawyers-law-firms-by-specialty,57,Stepparent Adoption Lawyers,stepparent-adoption-lawyers,,,,
Professional Services,professional-services,1,Lawyers & Law Firms by Specialty,lawyers-law-firms-by-specialty,58,International Adoption Lawyers,international-adoption-lawyers,,,,
Professional Services,professional-services,1,Lawyers & Law Firms by Specialty,lawyers-law-firms-by-specialty,59,Surrogacy Attorneys,surrogacy-attorneys,,,,
Professional Services,professional-services,1,Lawyers & Law Firms by Specialty,lawyers-law-firms-by-specialty,60,Reproductive Rights Lawyers,reproductive-rights-lawyers,,,,
Professional Services,professional-services,1,Lawyers & Law Firms by Specialty,lawyers-law-firms-by-specialty,61,Paternity Lawyers,paternity-lawyers,,,,
Professional Services,professional-services,1,Lawyers & Law Firms by Specialty,lawyers-law-firms-by-specialty,62,Prenuptial Agreement Lawyers,prenuptial-agreement-lawyers,1,Domestic Relations,Prenuptial Agreement,domestic-relations-prenuptial-agreement
Professional Services,professional-services,1,Lawyers & Law Firms by Specialty,lawyers-law-firms-by-specialty,63,Postnuptial Agreement Lawyers,postnuptial-agreement-lawyers,1,Domestic Relations,Postnuptial Agreement,domestic-relations-postnuptial-agreement
Professional Services,professional-services,1,Lawyers & Law Firms by Specialty,lawyers-law-firms-by-specialty,64,Spousal Support Lawyers,spousal-support-lawyers,1,Domestic Relations,Spousal Support,domestic-relations-spousal-support
Professional Services,professional-services,1,Lawyers & Law Firms by Specialty,lawyers-law-firms-by-specialty,65,Alimony Lawyers,alimony-lawyers,,,,
Professional Services,professional-services,1,Lawyers & Law Firms by Specialty,lawyers-law-firms-by-specialty,66,Property Division Lawyers,property-division-lawyers,,,,
Professional Services,professional-services,1,Lawyers & Law Firms by Specialty,lawyers-law-firms-by-specialty,67,Domestic Violence Attorneys,domestic-violence-attorneys,1,Domestic Relations,Domestic Violence,domestic-relations-domestic-violence
Professional Services,professional-services,1,Lawyers & Law Firms by Specialty,lawyers-law-firms-by-specialty,68,Restraining Order Lawyers,restraining-order-lawyers,,,,
Professional Services,professional-services,1,Lawyers & Law Firms by Specialty,lawyers-law-firms-by-specialty,69,Order of Protection Attorneys,order-of-protection-attorneys,,,,
Professional Services,professional-services,1,Lawyers & Law Firms by Specialty,lawyers-law-firms-by-specialty,70,Estate Planning Attorneys,estate-planning-attorneys,1,Estate & Probate,Estate Planning,estate-probate-estate-planning
Professional Services,professional-services,1,Lawyers & Law Firms by Specialty,lawyers-law-firms-by-specialty,70,Estate Planning Attorneys,estate-planning-attorneys,2,Estate & Probate,Estate Tax Planning,estate-probate-estate-tax-planning
Professional Services,professional-services,1,Lawyers & Law Firms by Specialty,lawyers-law-firms-by-specialty,71,Will Attorneys,will-attorneys,,,,
Professional Services,professional-services,1,Lawyers & Law Firms by Specialty,lawyers-law-firms-by-specialty,72,Living Will Lawyers,living-will-lawyers,,,,
Professional Services,professional-services,1,Lawyers & Law Firms by Specialty,lawyers-law-firms-by-specialty,73,Trust Attorneys,trust-attorneys,,,,
Professional Services,professional-services,1,Lawyers & Law Firms by Specialty,lawyers-law-firms-by-specialty,74,Revocable Trust Lawyers,revocable-trust-lawyers,,,,
Professional Services,professional-services,1,Lawyers & Law Firms by Specialty,lawyers-law-firms-by-specialty,75,Irrevocable Trust Lawyers,irrevocable-trust-lawyers,,,,
Professional Services,professional-services,1,Lawyers & Law Firms by Specialty,lawyers-law-firms-by-specialty,76,Special Needs Trust Lawyers,special-needs-trust-lawyers,1,Estate & Probate,Special Needs Trust,estate-probate-special-needs-trust
Professional Services,professional-services,1,Lawyers & Law Firms by Specialty,lawyers-law-firms-by-specialty,77,Charitable Trust Lawyers,charitable-trust-lawyers,,,,
Professional Services,professional-services,1,Lawyers & Law Firms by Specialty,lawyers-law-firms-by-specialty,78,Asset Protection Attorneys,asset-protection-attorneys,,,,
Professional Services,professional-services,1,Lawyers & Law Firms by Specialty,lawyers-law-firms-by-specialty,79,Probate Attorneys,probate-attorneys,,,,
Professional Services,professional-services,1,Lawyers & Law Firms by Specialty,lawyers-law-firms-by-specialty,80,Estate Administration Lawyers,estate-administration-lawyers,1,Estate & Probate,Probate Administration,estate-probate-probate-administration
Professional Services,professional-services,1,Lawyers & Law Firms by Specialty,lawyers-law-firms-by-specialty,81,Trust Administration Attorneys,trust-administration-attorneys,,,,
Professional Services,professional-services,1,Lawyers & Law Firms by Specialty,lawyers-law-firms-by-specialty,82,Estate Litigation Lawyers,estate-litigation-lawyers,1,Estate & Probate,Estate Litigation,estate-probate-estate-litigation
Professional Services,professional-services,1,Lawyers & Law Firms by Specialty,lawyers-law-firms-by-specialty,83,Will Contest Attorneys,will-contest-attorneys,,,,
Professional Services,professional-services,1,Lawyers & Law Firms by Specialty,lawyers-law-firms-by-specialty,84,Trust Dispute Lawyers,trust-dispute-lawyers,,,,
Professional Services,professional-services,1,Lawyers & Law Firms by Specialty,lawyers-law-firms-by-specialty,85,Inheritance Dispute Attorneys,inheritance-dispute-attorneys,,,,
Professional Services,professional-services,1,Lawyers & Law Firms by Specialty,lawyers-law-firms-by-specialty,86,Elder Law Attorneys,elder-law-attorneys,,,,
Professional Services,professional-services,1,Lawyers & Law Firms by Specialty,lawyers-law-firms-by-specialty,87,Medicaid Planning Attorneys,medicaid-planning-attorneys,,,,
Professional Services,professional-services,1,Lawyers & Law Firms by Specialty,lawyers-law-firms-by-specialty,88,Long-Term Care Planning Attorneys,long-term-care-planning-attorneys,,,,
Professional Services,professional-services,1,Lawyers & Law Firms by Specialty,lawyers-law-firms-by-specialty,89,Senior Estate Planning Lawyers,senior-estate-planning-lawyers,,,,
Professional Services,professional-services,1,Lawyers & Law Firms by Specialty,lawyers-law-firms-by-specialty,90,Veterans Benefits Attorneys,veterans-benefits-attorneys,,,,
Professional Services,professional-services,1,Lawyers & Law Firms by Specialty,lawyers-law-firms-by-specialty,91,Social Security Disability Lawyers,social-security-disability-lawyers,,,,
Professional Services,professional-services,1,Lawyers & Law Firms by Specialty,lawyers-law-firms-by-specialty,92,SSI Lawyers,ssi-lawyers,,,,
Professional Services,professional-services,1,Lawyers & Law Firms by Specialty,lawyers-law-firms-by-specialty,93,Long Term Disability Lawyers,long-term-disability-lawyers,,,,
Professional Services,professional-services,1,Lawyers & Law Firms by Specialty,lawyers-law-firms-by-specialty,94,ERISA Disability Attorneys,erisa-disability-attorneys,,,,
Professional Services,professional-services,1,Lawyers & Law Firms by Specialty,lawyers-law-firms-by-specialty,95,Workers Comp Disability Lawyers,workers-comp-disability-lawyers,,,,
Professional Services,professional-services,1,Lawyers & Law Firms by Specialty,lawyers-law-firms-by-specialty,96,Criminal Defense Attorneys,criminal-defense-attorneys,1,Defense,DUI Defense,defense-dui-defense
Professional Services,professional-services,1,Lawyers & Law Firms by Specialty,lawyers-law-firms-by-specialty,96,Criminal Defense Attorneys,criminal-defense-attorneys,2,Defense,Drug Charges,defense-drug-charges
Professional Services,professional-services,1,Lawyers & Law Firms by Specialty,lawyers-law-firms-by-specialty,96,Criminal Defense Attorneys,criminal-defense-attorneys,3,Defense,Assault Defense,defense-assault-defense
Professional Services,professional-services,1,Lawyers & Law Firms by Specialty,lawyers-law-firms-by-specialty,96,Criminal Defense Attorneys,criminal-defense-attorneys,4,Defense,Theft Defense,defense-theft-defense
Professional Services,professional-services,1,Lawyers & Law Firms by Specialty,lawyers-law-firms-by-specialty,96,Criminal Defense Attorneys,criminal-defense-attorneys,5,Defense,Juvenile Defense,defense-juvenile-defense
Professional Services,professional-services,1,Lawyers & Law Firms by Specialty,lawyers-law-firms-by-specialty,96,Criminal Defense Attorneys,criminal-defense-attorneys,6,Defense,Traffic Violations,defense-traffic-violations
Professional Services,professional-services,1,Lawyers & Law Firms by Specialty,lawyers-law-firms-by-specialty,96,Criminal Defense Attorneys,criminal-defense-attorneys,7,Defense,Expungement,defense-expungement
Professional Services,professional-services,1,Lawyers & Law Firms by Specialty,lawyers-law-firms-by-specialty,97,Felony Defense Lawyers,felony-defense-lawyers,,,,
Professional Services,professional-services,1,Lawyers & Law Firms by Specialty,lawyers-law-firms-by-specialty,98,Misdemeanor Defense Lawyers,misdemeanor-defense-lawyers,,,,
Professional Services,professional-services,1,Lawyers & Law Firms by Specialty,lawyers-law-firms-by-specialty,99,DUI Defense Attorneys,dui-defense-attorneys,,,,
Professional Services,professional-services,1,Lawyers & Law Firms by Specialty,lawyers-law-firms-by-specialty,100,DWI Defense Lawyers,dwi-defense-lawyers,,,,
Professional Services,professional-services,1,Lawyers & Law Firms by Specialty,lawyers-law-firms-by-specialty,101,Drunk Driving Lawyers,drunk-driving-lawyers,,,,
Professional Services,professional-services,1,Lawyers & Law Firms by Specialty,lawyers-law-firms-by-specialty,102,Traffic Ticket Lawyers,traffic-ticket-lawyers,,,,
Professional Services,professional-services,1,Lawyers & Law Firms by Specialty,lawyers-law-firms-by-specialty,103,Speeding Ticket Lawyers,speeding-ticket-lawyers,,,,
Professional Services,professional-services,1,Lawyers & Law Firms by Specialty,lawyers-law-firms-by-specialty,104,Reckless Driving Lawyers,reckless-driving-lawyers,,,,
Professional Services,professional-services,1,Lawyers & Law Firms by Specialty,lawyers-law-firms-by-specialty,105,CDL Defense Lawyers,cdl-defense-lawyers,,,,
Professional Services,professional-services,1,Lawyers & Law Firms by Specialty,lawyers-law-firms-by-specialty,106,Drug Crime Defense Lawyers,drug-crime-defense-lawyers,,,,
Professional Services,professional-services,1,Lawyers & Law Firms by Specialty,lawyers-law-firms-by-specialty,107,Drug Trafficking Defense Attorneys,drug-trafficking-defense-attorneys,,,,
Professional Services,professional-services,1,Lawyers & Law Firms by Specialty,lawyers-law-firms-by-specialty,108,Federal Drug Crime Attorneys,federal-drug-crime-attorneys,,,,
Professional Services,professional-services,1,Lawyers & Law Firms by Specialty,lawyers-law-firms-by-specialty,109,Theft Defense Lawyers,theft-defense-lawyers,,,,
Professional Services,professional-services,1,Lawyers & Law Firms by Specialty,lawyers-law-firms-by-specialty,110,Burglary Defense Lawyers,burglary-defense-lawyers,,,,
Professional Services,professional-services,1,Lawyers & Law Firms by Specialty,lawyers-law-firms-by-specialty,111,Robbery Defense Attorneys,robbery-defense-attorneys,,,,
Professional Services,professional-services,1,Lawyers & Law Firms by Specialty,lawyers-law-firms-by-specialty,112,Assault Defense Lawyers,assault-defense-lawyers,,,,
Professional Services,professional-services,1,Lawyers & Law Firms by Specialty,lawyers-law-firms-by-specialty,113,Battery Defense Attorneys,battery-defense-attorneys,,,,
Professional Services,professional-services,1,Lawyers & Law Firms by Specialty,lawyers-law-firms-by-specialty,114,Domestic Violence Defense Attorneys,domestic-violence-defense-attorneys,,,,
Professional Services,professional-services,1,Lawyers & Law Firms by Specialty,lawyers-law-firms-by-specialty,115,Sex Crime Defense Lawyers,sex-crime-defense-lawyers,1,Defense,Sex Crime Defense,defense-sex-crime-defense
Professional Services,professional-services,1,Lawyers & Law Firms by Specialty,lawyers-law-firms-by-specialty,116,Sexual Assault Defense Attorneys,sexual-assault-defense-attorneys,,,,
Professional Services,professional-services,1,Lawyers & Law Firms by Specialty,lawyers-law-firms-by-specialty,117,Child Pornography Defense Lawyers,child-pornography-defense-lawyers,,,,
Professional Services,professional-services,1,Lawyers & Law Firms by Specialty,lawyers-law-firms-by-specialty,118,Internet Crime Defense Attorneys,internet-crime-defense-attorneys,,,,
Professional Services,professional-services,1,Lawyers & Law Firms by Specialty,lawyers-law-firms-by-specialty,119,White Collar Crime Lawyers,white-collar-crime-lawyers,1,Defense,White Collar Crime,defense-white-collar-crime
Professional Services,professional-services,1,Lawyers & Law Firms by Specialty,lawyers-law-firms-by-specialty,120,Embezzlement Defense Attorneys,embezzlement-defense-attorneys,,,,
Professional Services,professional-services,1,Lawyers & Law Firms by Specialty,lawyers-law-firms-by-specialty,121,Securities Fraud Defense Lawyers,securities-fraud-defense-lawyers,,,,
Professional Services,professional-services,1,Lawyers & Law Firms by Specialty,lawyers-law-firms-by-specialty,122,Bank Fraud Defense Lawyers,bank-fraud-defense-lawyers,,,,
Professional Services,professional-services,1,Lawyers & Law Firms by Specialty,lawyers-law-firms-by-specialty,123,Wire Fraud Defense Attorneys,wire-fraud-defense-attorneys,,,,
Professional Services,professional-services,1,Lawyers & Law Firms by Specialty,lawyers-law-firms-by-specialty,124,Tax Fraud Defense Lawyers,tax-fraud-defense-lawyers,,,,
Professional Services,professional-services,1,Lawyers & Law Firms by Specialty,lawyers-law-firms-by-specialty,125,Healthcare Fraud Defense Attorneys,healthcare-fraud-defense-attorneys,,,,
Professional Services,professional-services,1,Lawyers & Law Firms by Specialty,lawyers-law-firms-by-specialty,126,Medicare Fraud Defense Lawyers,medicare-fraud-defense-lawyers,,,,
Professional Services,professional-services,1,Lawyers & Law Firms by Specialty,lawyers-law-firms-by-specialty,127,Mortgage Fraud Defense Lawyers,mortgage-fraud-defense-lawyers,,,,
Professional Services,professional-services,1,Lawyers & Law Firms by Specialty,lawyers-law-firms-by-specialty,128,Insurance Fraud Defense Attorneys,insurance-fraud-defense-attorneys,1,Commercial Insurance,General Liability,commercial-insurance-general-liability
Professional Services,professional-services,1,Lawyers & Law Firms by Specialty,lawyers-law-firms-by-specialty,128,Insurance Fraud Defense Attorneys,insurance-fraud-defense-attorneys,2,Commercial Insurance,Professional Liability,commercial-insurance-professional-liability
Professional Services,professional-services,1,Lawyers & Law Firms by Specialty,lawyers-law-firms-by-specialty,128,Insurance Fraud Defense Attorneys,insurance-fraud-defense-attorneys,3,Commercial Insurance,Workers Compensation Insurance,commercial-insurance-workers-compensation-insurance
Professional Services,professional-services,1,Lawyers & Law Firms by Specialty,lawyers-law-firms-by-specialty,128,Insurance Fraud Defense Attorneys,insurance-fraud-defense-attorneys,4,Commercial Insurance,Umbrella Insurance,commercial-insurance-umbrella-insurance
Professional Services,professional-services,1,Lawyers & Law Firms by Specialty,lawyers-law-firms-by-specialty,128,Insurance Fraud Defense Attorneys,insurance-fraud-defense-attorneys,5,Commercial Insurance,Inland Marine,commercial-insurance-inland-marine
Professional Services,professional-services,1,Lawyers & Law Firms by Specialty,lawyers-law-firms-by-specialty,128,Insurance Fraud Defense Attorneys,insurance-fraud-defense-attorneys,6,Commercial Insurance,Equipment Breakdown,commercial-insurance-equipment-breakdown
Professional Services,professional-services,1,Lawyers & Law Firms by Specialty,lawyers-law-firms-by-specialty,128,Insurance Fraud Defense Attorneys,insurance-fraud-defense-attorneys,7,Specialty Insurance,Cyber Insurance,specialty-insurance-cyber-insurance
Professional Services,professional-services,1,Lawyers & Law Firms by Specialty,lawyers-law-firms-by-specialty,128,Insurance Fraud Defense Attorneys,insurance-fraud-defense-attorneys,8,Specialty Insurance,D&O Insurance,specialty-insurance-d-o-insurance
Professional Services,professional-services,1,Lawyers & Law Firms by Specialty,lawyers-law-firms-by-specialty,128,Insurance Fraud Defense Attorneys,insurance-fraud-defense-attorneys,9,Specialty Insurance,E&O Insurance,specialty-insurance-e-o-insurance
Professional Services,professional-services,1,Lawyers & Law Firms by Specialty,lawyers-law-firms-by-specialty,128,Insurance Fraud Defense Attorneys,insurance-fraud-defense-attorneys,10,Specialty Insurance,EPLI Insurance,specialty-insurance-epli-insurance
Professional Services,professional-services,1,Lawyers & Law Firms by Specialty,lawyers-law-firms-by-specialty,128,Insurance Fraud Defense Attorneys,insurance-fraud-defense-attorneys,11,Specialty Insurance,Event Insurance,specialty-insurance-event-insurance
Professional Services,professional-services,1,Lawyers & Law Firms by Specialty,lawyers-law-firms-by-specialty,128,Insurance Fraud Defense Attorneys,insurance-fraud-defense-attorneys,13,Specialty Insurance,Marine Insurance,specialty-insurance-marine-insurance
Professional Services,professional-services,1,Lawyers & Law Firms by Specialty,lawyers-law-firms-by-specialty,128,Insurance Fraud Defense Attorneys,insurance-fraud-defense-attorneys,14,Specialty Insurance,Aviation Insurance,specialty-insurance-aviation-insurance
Professional Services,professional-services,1,Lawyers & Law Firms by Specialty,lawyers-law-firms-by-specialty,128,Insurance Fraud Defense Attorneys,insurance-fraud-defense-attorneys,15,Specialty Insurance,Environmental Insurance,specialty-insurance-environmental-insurance
Professional Services,professional-services,1,Lawyers & Law Firms by Specialty,lawyers-law-firms-by-specialty,128,Insurance Fraud Defense Attorneys,insurance-fraud-defense-attorneys,16,Specialty Insurance,Fiduciary Insurance,specialty-insurance-fiduciary-insurance
Professional Services,professional-services,1,Lawyers & Law Firms by Specialty,lawyers-law-firms-by-specialty,128,Insurance Fraud Defense Attorneys,insurance-fraud-defense-attorneys,17,Individual Insurance,Homeowners Insurance,individual-insurance-homeowners-insurance
Professional Services,professional-services,1,Lawyers & Law Firms by Specialty,lawyers-law-firms-by-specialty,128,Insurance Fraud Defense Attorneys,insurance-fraud-defense-attorneys,18,Individual Insurance,Renters Insurance,individual-insurance-renters-insurance
Professional Services,professional-services,1,Lawyers & Law Firms by Specialty,lawyers-law-firms-by-specialty,128,Insurance Fraud Defense Attorneys,insurance-fraud-defense-attorneys,19,Individual Insurance,Travel Insurance,individual-insurance-travel-insurance
Professional Services,professional-services,1,Lawyers & Law Firms by Specialty,lawyers-law-firms-by-specialty,128,Insurance Fraud Defense Attorneys,insurance-fraud-defense-attorneys,20,Individual Insurance,Jewelry Insurance,individual-insurance-jewelry-insurance
Professional Services,professional-services,1,Lawyers & Law Firms by Specialty,lawyers-law-firms-by-specialty,128,Insurance Fraud Defense Attorneys,insurance-fraud-defense-attorneys,21,Individual Insurance,Flood Insurance,individual-insurance-flood-insurance
Professional Services,professional-services,1,Lawyers & Law Firms by Specialty,lawyers-law-firms-by-specialty,128,Insurance Fraud Defense Attorneys,insurance-fraud-defense-attorneys,22,Niche Insurance,Cannabis Insurance,niche-insurance-cannabis-insurance
Professional Services,professional-services,1,Lawyers & Law Firms by Specialty,lawyers-law-firms-by-specialty,128,Insurance Fraud Defense Attorneys,insurance-fraud-defense-attorneys,23,Niche Insurance,Drone Insurance,niche-insurance-drone-insurance
Professional Services,professional-services,1,Lawyers & Law Firms by Specialty,lawyers-law-firms-by-specialty,128,Insurance Fraud Defense Attorneys,insurance-fraud-defense-attorneys,24,Niche Insurance,Rideshare Insurance,niche-insurance-rideshare-insurance
Professional Services,professional-services,1,Lawyers & Law Firms by Specialty,lawyers-law-firms-by-specialty,128,Insurance Fraud Defense Attorneys,insurance-fraud-defense-attorneys,25,Niche Insurance,Wedding Insurance,niche-insurance-wedding-insurance
Professional Services,professional-services,1,Lawyers & Law Firms by Specialty,lawyers-law-firms-by-specialty,128,Insurance Fraud Defense Attorneys,insurance-fraud-defense-attorneys,26,Niche Insurance,Ski Insurance,niche-insurance-ski-insurance
Professional Services,professional-services,1,Lawyers & Law Firms by Specialty,lawyers-law-firms-by-specialty,128,Insurance Fraud Defense Attorneys,insurance-fraud-defense-attorneys,27,Niche Insurance,Landlord Insurance,niche-insurance-landlord-insurance
Professional Services,professional-services,1,Lawyers & Law Firms by Specialty,lawyers-law-firms-by-specialty,128,Insurance Fraud Defense Attorneys,insurance-fraud-defense-attorneys,28,Niche Insurance,Condo Insurance,niche-insurance-condo-insurance
Professional Services,professional-services,1,Lawyers & Law Firms by Specialty,lawyers-law-firms-by-specialty,128,Insurance Fraud Defense Attorneys,insurance-fraud-defense-attorneys,29,Niche Insurance,Mobile Home Insurance,niche-insurance-mobile-home-insurance
Professional Services,professional-services,1,Lawyers & Law Firms by Specialty,lawyers-law-firms-by-specialty,128,Insurance Fraud Defense Attorneys,insurance-fraud-defense-attorneys,30,Niche Insurance,Boat Insurance Service,niche-insurance-boat-insurance-service
Professional Services,professional-services,1,Lawyers & Law Firms by Specialty,lawyers-law-firms-by-specialty,128,Insurance Fraud Defense Attorneys,insurance-fraud-defense-attorneys,31,Niche Insurance,Horse Insurance,niche-insurance-horse-insurance
Professional Services,professional-services,1,Lawyers & Law Firms by Specialty,lawyers-law-firms-by-specialty,129,Money Laundering Defense Lawyers,money-laundering-defense-lawyers,,,,
Professional Services,professional-services,1,Lawyers & Law Firms by Specialty,lawyers-law-firms-by-specialty,130,RICO Defense Attorneys,rico-defense-attorneys,,,,
Professional Services,professional-services,1,Lawyers & Law Firms by Specialty,lawyers-law-firms-by-specialty,131,Federal Criminal Defense Lawyers,federal-criminal-defense-lawyers,1,Defense,Federal Crimes,defense-federal-crimes
Professional Services,professional-services,1,Lawyers & Law Firms by Specialty,lawyers-law-firms-by-specialty,132,Appeals Lawyers,appeals-lawyers,,,,
Professional Services,professional-services,1,Lawyers & Law Firms by Specialty,lawyers-law-firms-by-specialty,133,Post-Conviction Relief Attorneys,post-conviction-relief-attorneys,,,,
Professional Services,professional-services,1,Lawyers & Law Firms by Specialty,lawyers-law-firms-by-specialty,134,Expungement Lawyers,expungement-lawyers,,,,
Professional Services,professional-services,1,Lawyers & Law Firms by Specialty,lawyers-law-firms-by-specialty,135,Record Sealing Lawyers,record-sealing-lawyers,,,,
Professional Services,professional-services,1,Lawyers & Law Firms by Specialty,lawyers-law-firms-by-specialty,136,Pardon Application Lawyers,pardon-application-lawyers,,,,
Professional Services,professional-services,1,Lawyers & Law Firms by Specialty,lawyers-law-firms-by-specialty,137,Juvenile Defense Attorneys,juvenile-defense-attorneys,,,,
Professional Services,professional-services,1,Lawyers & Law Firms by Specialty,lawyers-law-firms-by-specialty,138,School Discipline Lawyers,school-discipline-lawyers,,,,
Professional Services,professional-services,1,Lawyers & Law Firms by Specialty,lawyers-law-firms-by-specialty,139,Title IX Defense Attorneys,title-ix-defense-attorneys,,,,
Professional Services,professional-services,1,Lawyers & Law Firms by Specialty,lawyers-law-firms-by-specialty,140,Campus Sexual Misconduct Lawyers,campus-sexual-misconduct-lawyers,,,,
Professional Services,professional-services,1,Lawyers & Law Firms by Specialty,lawyers-law-firms-by-specialty,141,Immigration Attorneys,immigration-attorneys,1,Immigration Law,Work Visa,immigration-law-work-visa
Professional Services,professional-services,1,Lawyers & Law Firms by Specialty,lawyers-law-firms-by-specialty,141,Immigration Attorneys,immigration-attorneys,2,Immigration Law,Student Visa,immigration-law-student-visa
Professional Services,professional-services,1,Lawyers & Law Firms by Specialty,lawyers-law-firms-by-specialty,141,Immigration Attorneys,immigration-attorneys,3,Immigration Law,Citizenship,immigration-law-citizenship
Professional Services,professional-services,1,Lawyers & Law Firms by Specialty,lawyers-law-firms-by-specialty,141,Immigration Attorneys,immigration-attorneys,4,Immigration Law,Asylum,immigration-law-asylum
Professional Services,professional-services,1,Lawyers & Law Firms by Specialty,lawyers-law-firms-by-specialty,141,Immigration Attorneys,immigration-attorneys,5,Immigration Law,DACA,immigration-law-daca
Professional Services,professional-services,1,Lawyers & Law Firms by Specialty,lawyers-law-firms-by-specialty,141,Immigration Attorneys,immigration-attorneys,6,Immigration Law,Investment Visa,immigration-law-investment-visa
Professional Services,professional-services,1,Lawyers & Law Firms by Specialty,lawyers-law-firms-by-specialty,142,Family Immigration Lawyers,family-immigration-lawyers,1,Immigration Law,Family Visa,immigration-law-family-visa
Professional Services,professional-services,1,Lawyers & Law Firms by Specialty,lawyers-law-firms-by-specialty,143,Marriage Visa Attorneys,marriage-visa-attorneys,,,,
Professional Services,professional-services,1,Lawyers & Law Firms by Specialty,lawyers-law-firms-by-specialty,144,Fiancé Visa Lawyers,fianc-visa-lawyers,,,,
Professional Services,professional-services,1,Lawyers & Law Firms by Specialty,lawyers-law-firms-by-specialty,145,Green Card Attorneys,green-card-attorneys,1,Immigration Law,Green Card,immigration-law-green-card
Professional Services,professional-services,1,Lawyers & Law Firms by Specialty,lawyers-law-firms-by-specialty,146,Citizenship Lawyers,citizenship-lawyers,,,,
Professional Services,professional-services,1,Lawyers & Law Firms by Specialty,lawyers-law-firms-by-specialty,147,Naturalization Attorneys,naturalization-attorneys,,,,
Professional Services,professional-services,1,Lawyers & Law Firms by Specialty,lawyers-law-firms-by-specialty,148,Deportation Defense Attorneys,deportation-defense-attorneys,1,Immigration Law,Deportation Defense,immigration-law-deportation-defense
Professional Services,professional-services,1,Lawyers & Law Firms by Specialty,lawyers-law-firms-by-specialty,149,Removal Defense Lawyers,removal-defense-lawyers,,,,
Professional Services,professional-services,1,Lawyers & Law Firms by Specialty,lawyers-law-firms-by-specialty,150,Asylum Lawyers,asylum-lawyers,,,,
Professional Services,professional-services,1,Lawyers & Law Firms by Specialty,lawyers-law-firms-by-specialty,151,Refugee Lawyers,refugee-lawyers,,,,
Professional Services,professional-services,1,Lawyers & Law Firms by Specialty,lawyers-law-firms-by-specialty,152,DACA Lawyers,daca-lawyers,,,,
Professional Services,professional-services,1,Lawyers & Law Firms by Specialty,lawyers-law-firms-by-specialty,153,TPS Lawyers,tps-lawyers,,,,
Professional Services,professional-services,1,Lawyers & Law Firms by Specialty,lawyers-law-firms-by-specialty,154,U Visa Lawyers,u-visa-lawyers,,,,
Professional Services,professional-services,1,Lawyers & Law Firms by Specialty,lawyers-law-firms-by-specialty,155,T Visa Lawyers,t-visa-lawyers,,,,
Professional Services,professional-services,1,Lawyers & Law Firms by Specialty,lawyers-law-firms-by-specialty,156,VAWA Immigration Attorneys,vawa-immigration-attorneys,,,,
Professional Services,professional-services,1,Lawyers & Law Firms by Specialty,lawyers-law-firms-by-specialty,157,Employment-Based Immigration Lawyers,employment-based-immigration-lawyers,1,Staffing Types,Project-Based Staffing,staffing-types-project-based-staffing
Professional Services,professional-services,1,Lawyers & Law Firms by Specialty,lawyers-law-firms-by-specialty,158,H-1B Visa Attorneys,h-1b-visa-attorneys,,,,
Professional Services,professional-services,1,Lawyers & Law Firms by Specialty,lawyers-law-firms-by-specialty,159,L-1 Visa Lawyers,l-1-visa-lawyers,,,,
Professional Services,professional-services,1,Lawyers & Law Firms by Specialty,lawyers-law-firms-by-specialty,160,O-1 Visa Lawyers,o-1-visa-lawyers,,,,
Professional Services,professional-services,1,Lawyers & Law Firms by Specialty,lawyers-law-firms-by-specialty,161,E-2 Investor Visa Lawyers,e-2-investor-visa-lawyers,,,,
Professional Services,professional-services,1,Lawyers & Law Firms by Specialty,lawyers-law-firms-by-specialty,162,EB-5 Investor Visa Attorneys,eb-5-investor-visa-attorneys,,,,
Professional Services,professional-services,1,Lawyers & Law Firms by Specialty,lawyers-law-firms-by-specialty,163,EB-1 Visa Lawyers,eb-1-visa-lawyers,,,,
Professional Services,professional-services,1,Lawyers & Law Firms by Specialty,lawyers-law-firms-by-specialty,164,EB-2 NIW Lawyers,eb-2-niw-lawyers,,,,
Professional Services,professional-services,1,Lawyers & Law Firms by Specialty,lawyers-law-firms-by-specialty,165,PERM Labor Certification Attorneys,perm-labor-certification-attorneys,,,,
Professional Services,professional-services,1,Lawyers & Law Firms by Specialty,lawyers-law-firms-by-specialty,166,Investor Immigration Attorneys,investor-immigration-attorneys,,,,
Professional Services,professional-services,1,Lawyers & Law Firms by Specialty,lawyers-law-firms-by-specialty,167,Business Immigration Lawyers,business-immigration-lawyers,1,International Business,Visa & Immigration,international-business-visa-immigration
Professional Services,professional-services,1,Lawyers & Law Firms by Specialty,lawyers-law-firms-by-specialty,167,Business Immigration Lawyers,business-immigration-lawyers,2,Immigration Law,Business Immigration,immigration-law-business-immigration
Professional Services,professional-services,1,Lawyers & Law Firms by Specialty,lawyers-law-firms-by-specialty,168,Bankruptcy Attorneys,bankruptcy-attorneys,1,Bankruptcy Law,Personal Bankruptcy,bankruptcy-law-personal-bankruptcy
Professional Services,professional-services,1,Lawyers & Law Firms by Specialty,lawyers-law-firms-by-specialty,168,Bankruptcy Attorneys,bankruptcy-attorneys,2,Bankruptcy Law,Debt Restructuring,bankruptcy-law-debt-restructuring
Professional Services,professional-services,1,Lawyers & Law Firms by Specialty,lawyers-law-firms-by-specialty,168,Bankruptcy Attorneys,bankruptcy-attorneys,3,Bankruptcy Law,Creditor Representation,bankruptcy-law-creditor-representation
Professional Services,professional-services,1,Lawyers & Law Firms by Specialty,lawyers-law-firms-by-specialty,168,Bankruptcy Attorneys,bankruptcy-attorneys,4,Bankruptcy Law,Debtor Representation,bankruptcy-law-debtor-representation
Professional Services,professional-services,1,Lawyers & Law Firms by Specialty,lawyers-law-firms-by-specialty,168,Bankruptcy Attorneys,bankruptcy-attorneys,5,Bankruptcy Law,Bankruptcy Litigation,bankruptcy-law-bankruptcy-litigation
Professional Services,professional-services,1,Lawyers & Law Firms by Specialty,lawyers-law-firms-by-specialty,168,Bankruptcy Attorneys,bankruptcy-attorneys,6,Bankruptcy Law,Preference Actions,bankruptcy-law-preference-actions
Professional Services,professional-services,1,Lawyers & Law Firms by Specialty,lawyers-law-firms-by-specialty,169,Chapter 7 Bankruptcy Lawyers,chapter-7-bankruptcy-lawyers,1,Bankruptcy Law,Chapter 7 Bankruptcy,bankruptcy-law-chapter-7-bankruptcy
Professional Services,professional-services,1,Lawyers & Law Firms by Specialty,lawyers-law-firms-by-specialty,170,Chapter 11 Bankruptcy Attorneys,chapter-11-bankruptcy-attorneys,1,Bankruptcy Law,Chapter 11 Bankruptcy,bankruptcy-law-chapter-11-bankruptcy
Professional Services,professional-services,1,Lawyers & Law Firms by Specialty,lawyers-law-firms-by-specialty,171,Chapter 13 Bankruptcy Lawyers,chapter-13-bankruptcy-lawyers,1,Bankruptcy Law,Chapter 13 Bankruptcy,bankruptcy-law-chapter-13-bankruptcy
Professional Services,professional-services,1,Lawyers & Law Firms by Specialty,lawyers-law-firms-by-specialty,172,Small Business Bankruptcy Attorneys,small-business-bankruptcy-attorneys,1,Bankruptcy Law,Business Bankruptcy,bankruptcy-law-business-bankruptcy
Professional Services,professional-services,1,Lawyers & Law Firms by Specialty,lawyers-law-firms-by-specialty,173,Consumer Bankruptcy Lawyers,consumer-bankruptcy-lawyers,,,,
Professional Services,professional-services,1,Lawyers & Law Firms by Specialty,lawyers-law-firms-by-specialty,174,Debt Relief Attorneys,debt-relief-attorneys,,,,
Professional Services,professional-services,1,Lawyers & Law Firms by Specialty,lawyers-law-firms-by-specialty,175,Debt Settlement Lawyers,debt-settlement-lawyers,,,,
Professional Services,professional-services,1,Lawyers & Law Firms by Specialty,lawyers-law-firms-by-specialty,176,Foreclosure Defense Attorneys,foreclosure-defense-attorneys,,,,
Professional Services,professional-services,1,Lawyers & Law Firms by Specialty,lawyers-law-firms-by-specialty,177,Loan Modification Lawyers,loan-modification-lawyers,,,,
Professional Services,professional-services,1,Lawyers & Law Firms by Specialty,lawyers-law-firms-by-specialty,178,Real Estate Attorneys,real-estate-attorneys,,,,
Professional Services,professional-services,1,Lawyers & Law Firms by Specialty,lawyers-law-firms-by-specialty,179,Residential Real Estate Lawyers,residential-real-estate-lawyers,,,,
Professional Services,professional-services,1,Lawyers & Law Firms by Specialty,lawyers-law-firms-by-specialty,180,Commercial Real Estate Lawyers,commercial-real-estate-lawyers,1,Commercial Law,Commercial Leases,commercial-law-commercial-leases
Professional Services,professional-services,1,Lawyers & Law Firms by Specialty,lawyers-law-firms-by-specialty,181,Real Estate Closing Attorneys,real-estate-closing-attorneys,1,Property Law,Real Estate Closing,property-law-real-estate-closing
Professional Services,professional-services,1,Lawyers & Law Firms by Specialty,lawyers-law-firms-by-specialty,182,Title Dispute Attorneys,title-dispute-attorneys,,,,
Professional Services,professional-services,1,Lawyers & Law Firms by Specialty,lawyers-law-firms-by-specialty,183,Quiet Title Lawyers,quiet-title-lawyers,,,,
Professional Services,professional-services,1,Lawyers & Law Firms by Specialty,lawyers-law-firms-by-specialty,184,Easement Dispute Lawyers,easement-dispute-lawyers,,,,
Professional Services,professional-services,1,Lawyers & Law Firms by Specialty,lawyers-law-firms-by-specialty,185,Boundary Dispute Lawyers,boundary-dispute-lawyers,,,,
Professional Services,professional-services,1,Lawyers & Law Firms by Specialty,lawyers-law-firms-by-specialty,186,Adverse Possession Lawyers,adverse-possession-lawyers,,,,
Professional Services,professional-services,1,Lawyers & Law Firms by Specialty,lawyers-law-firms-by-specialty,187,Eminent Domain Lawyers,eminent-domain-lawyers,,,,
Professional Services,professional-services,1,Lawyers & Law Firms by Specialty,lawyers-law-firms-by-specialty,188,Condemnation Attorneys,condemnation-attorneys,,,,
Professional Services,professional-services,1,Lawyers & Law Firms by Specialty,lawyers-law-firms-by-specialty,189,Land Use Lawyers,land-use-lawyers,,,,
Professional Services,professional-services,1,Lawyers & Law Firms by Specialty,lawyers-law-firms-by-specialty,190,Zoning Attorneys,zoning-attorneys,,,,
Professional Services,professional-services,1,Lawyers & Law Firms by Specialty,lawyers-law-firms-by-specialty,191,Variance Lawyers,variance-lawyers,,,,
Professional Services,professional-services,1,Lawyers & Law Firms by Specialty,lawyers-law-firms-by-specialty,192,Planning & Zoning Attorneys,planning-zoning-attorneys,,,,
Professional Services,professional-services,1,Lawyers & Law Firms by Specialty,lawyers-law-firms-by-specialty,193,Construction Law Attorneys,construction-law-attorneys,1,Property Law,Construction Law,property-law-construction-law
Professional Services,professional-services,1,Lawyers & Law Firms by Specialty,lawyers-law-firms-by-specialty,194,Construction Defect Lawyers,construction-defect-lawyers,,,,
Professional Services,professional-services,1,Lawyers & Law Firms by Specialty,lawyers-law-firms-by-specialty,195,Mechanics Lien Attorneys,mechanics-lien-attorneys,,,,
Professional Services,professional-services,1,Lawyers & Law Firms by Specialty,lawyers-law-firms-by-specialty,196,Contractor Disputes Lawyers,contractor-disputes-lawyers,,,,
Professional Services,professional-services,1,Lawyers & Law Firms by Specialty,lawyers-law-firms-by-specialty,197,HOA Lawyers,hoa-lawyers,,,,
Professional Services,professional-services,1,Lawyers & Law Firms by Specialty,lawyers-law-firms-by-specialty,198,Condo Association Attorneys,condo-association-attorneys,,,,
Professional Services,professional-services,1,Lawyers & Law Firms by Specialty,lawyers-law-firms-by-specialty,199,Landlord Attorneys,landlord-attorneys,,,,
Professional Services,professional-services,1,Lawyers & Law Firms by Specialty,lawyers-law-firms-by-specialty,200,Eviction Lawyers,eviction-lawyers,,,,
Professional Services,professional-services,1,Lawyers & Law Firms by Specialty,lawyers-law-firms-by-specialty,201,Tenant Rights Attorneys,tenant-rights-attorneys,,,,
Professional Services,professional-services,1,Lawyers & Law Firms by Specialty,lawyers-law-firms-by-specialty,202,Section 8 Eviction Lawyers,section-8-eviction-lawyers,,,,
Professional Services,professional-services,1,Lawyers & Law Firms by Specialty,lawyers-law-firms-by-specialty,203,Commercial Landlord Lawyers,commercial-landlord-lawyers,,,,
Professional Services,professional-services,1,Lawyers & Law Firms by Specialty,lawyers-law-firms-by-specialty,204,Commercial Tenant Lawyers,commercial-tenant-lawyers,,,,
Professional Services,professional-services,1,Lawyers & Law Firms by Specialty,lawyers-law-firms-by-specialty,205,Lease Drafting Attorneys,lease-drafting-attorneys,,,,
Professional Services,professional-services,1,Lawyers & Law Firms by Specialty,lawyers-law-firms-by-specialty,206,Lease Dispute Lawyers,lease-dispute-lawyers,,,,
Professional Services,professional-services,1,Lawyers & Law Firms by Specialty,lawyers-law-firms-by-specialty,207,Business Attorneys,business-attorneys,,,,
Professional Services,professional-services,1,Lawyers & Law Firms by Specialty,lawyers-law-firms-by-specialty,208,Small Business Lawyers,small-business-lawyers,,,,
Professional Services,professional-services,1,Lawyers & Law Firms by Specialty,lawyers-law-firms-by-specialty,209,Startup Attorneys,startup-attorneys,,,,
Professional Services,professional-services,1,Lawyers & Law Firms by Specialty,lawyers-law-firms-by-specialty,210,Venture Capital Lawyers,venture-capital-lawyers,,,,
Professional Services,professional-services,1,Lawyers & Law Firms by Specialty,lawyers-law-firms-by-specialty,211,Corporate Law Attorneys,corporate-law-attorneys,1,Corporate Law,Business Formation,corporate-law-business-formation
Professional Services,professional-services,1,Lawyers & Law Firms by Specialty,lawyers-law-firms-by-specialty,211,Corporate Law Attorneys,corporate-law-attorneys,2,Corporate Law,LLC Formation,corporate-law-llc-formation
Professional Services,professional-services,1,Lawyers & Law Firms by Specialty,lawyers-law-firms-by-specialty,211,Corporate Law Attorneys,corporate-law-attorneys,3,Corporate Law,Corporation Setup,corporate-law-corporation-setup
Professional Services,professional-services,1,Lawyers & Law Firms by Specialty,lawyers-law-firms-by-specialty,211,Corporate Law Attorneys,corporate-law-attorneys,4,Corporate Law,Partnership Agreement,corporate-law-partnership-agreement
Professional Services,professional-services,1,Lawyers & Law Firms by Specialty,lawyers-law-firms-by-specialty,211,Corporate Law Attorneys,corporate-law-attorneys,5,Corporate Law,Operating Agreements,corporate-law-operating-agreements
Professional Services,professional-services,1,Lawyers & Law Firms by Specialty,lawyers-law-firms-by-specialty,211,Corporate Law Attorneys,corporate-law-attorneys,6,Corporate Law,Shareholder Agreements,corporate-law-shareholder-agreements
Professional Services,professional-services,1,Lawyers & Law Firms by Specialty,lawyers-law-firms-by-specialty,211,Corporate Law Attorneys,corporate-law-attorneys,7,Corporate Law,Mergers & Acquisitions,corporate-law-mergers-acquisitions
Professional Services,professional-services,1,Lawyers & Law Firms by Specialty,lawyers-law-firms-by-specialty,211,Corporate Law Attorneys,corporate-law-attorneys,8,Corporate Law,Due Diligence,corporate-law-due-diligence
Professional Services,professional-services,1,Lawyers & Law Firms by Specialty,lawyers-law-firms-by-specialty,211,Corporate Law Attorneys,corporate-law-attorneys,9,Corporate Law,Joint Ventures,corporate-law-joint-ventures
Professional Services,professional-services,1,Lawyers & Law Firms by Specialty,lawyers-law-firms-by-specialty,211,Corporate Law Attorneys,corporate-law-attorneys,10,Corporate Law,Corporate Governance,corporate-law-corporate-governance
Professional Services,professional-services,1,Lawyers & Law Firms by Specialty,lawyers-law-firms-by-specialty,212,Corporate Governance Lawyers,corporate-governance-lawyers,,,,
Professional Services,professional-services,1,Lawyers & Law Firms by Specialty,lawyers-law-firms-by-specialty,213,Mergers and Acquisitions Lawyers,mergers-and-acquisitions-lawyers,,,,
Professional Services,professional-services,1,Lawyers & Law Firms by Specialty,lawyers-law-firms-by-specialty,214,Securities Law Attorneys,securities-law-attorneys,,,,
Professional Services,professional-services,1,Lawyers & Law Firms by Specialty,lawyers-law-firms-by-specialty,215,Private Equity Lawyers,private-equity-lawyers,,,,
Professional Services,professional-services,1,Lawyers & Law Firms by Specialty,lawyers-law-firms-by-specialty,216,Hedge Fund Attorneys,hedge-fund-attorneys,,,,
Professional Services,professional-services,1,Lawyers & Law Firms by Specialty,lawyers-law-firms-by-specialty,217,Investment Fund Lawyers,investment-fund-lawyers,,,,
Professional Services,professional-services,1,Lawyers & Law Firms by Specialty,lawyers-law-firms-by-specialty,218,Fund Formation Lawyers,fund-formation-lawyers,,,,
Professional Services,professional-services,1,Lawyers & Law Firms by Specialty,lawyers-law-firms-by-specialty,219,Securities Compliance Attorneys,securities-compliance-attorneys,,,,
Professional Services,professional-services,1,Lawyers & Law Firms by Specialty,lawyers-law-firms-by-specialty,220,Public Company Lawyers,public-company-lawyers,,,,
Professional Services,professional-services,1,Lawyers & Law Firms by Specialty,lawyers-law-firms-by-specialty,221,SEC Reporting Attorneys,sec-reporting-attorneys,,,,
Professional Services,professional-services,1,Lawyers & Law Firms by Specialty,lawyers-law-firms-by-specialty,222,Going Public Lawyers,going-public-lawyers,,,,
Professional Services,professional-services,1,Lawyers & Law Firms by Specialty,lawyers-law-firms-by-specialty,223,IPO Attorneys,ipo-attorneys,,,,
Professional Services,professional-services,1,Lawyers & Law Firms by Specialty,lawyers-law-firms-by-specialty,224,SPAC Attorneys,spac-attorneys,,,,
Professional Services,professional-services,1,Lawyers & Law Firms by Specialty,lawyers-law-firms-by-specialty,225,Cross-Border M&A Lawyers,cross-border-ma-lawyers,,,,
Professional Services,professional-services,1,Lawyers & Law Firms by Specialty,lawyers-law-firms-by-specialty,226,Joint Venture Attorneys,joint-venture-attorneys,1,International Business,Joint Venture Setup,international-business-joint-venture-setup
Professional Services,professional-services,1,Lawyers & Law Firms by Specialty,lawyers-law-firms-by-specialty,227,Strategic Alliance Lawyers,strategic-alliance-lawyers,,,,
Professional Services,professional-services,1,Lawyers & Law Firms by Specialty,lawyers-law-firms-by-specialty,228,Franchise Attorneys,franchise-attorneys,1,Franchise Services,Franchise Development,franchise-services-franchise-development
Professional Services,professional-services,1,Lawyers & Law Firms by Specialty,lawyers-law-firms-by-specialty,228,Franchise Attorneys,franchise-attorneys,2,Franchise Services,Franchise Training,franchise-services-franchise-training
Professional Services,professional-services,1,Lawyers & Law Firms by Specialty,lawyers-law-firms-by-specialty,228,Franchise Attorneys,franchise-attorneys,3,Franchise Services,Franchise Compliance,franchise-services-franchise-compliance
Professional Services,professional-services,1,Lawyers & Law Firms by Specialty,lawyers-law-firms-by-specialty,228,Franchise Attorneys,franchise-attorneys,4,Franchise Services,Franchise Brokerage,franchise-services-franchise-brokerage
Professional Services,professional-services,1,Lawyers & Law Firms by Specialty,lawyers-law-firms-by-specialty,228,Franchise Attorneys,franchise-attorneys,5,Franchise Services,Franchise Financing,franchise-services-franchise-financing
Professional Services,professional-services,1,Lawyers & Law Firms by Specialty,lawyers-law-firms-by-specialty,228,Franchise Attorneys,franchise-attorneys,6,Franchise Services,Multi-Unit Franchise,franchise-services-multi-unit-franchise
Professional Services,professional-services,1,Lawyers & Law Firms by Specialty,lawyers-law-firms-by-specialty,228,Franchise Attorneys,franchise-attorneys,7,Franchise Services,Master Franchise,franchise-services-master-franchise
Professional Services,professional-services,1,Lawyers & Law Firms by Specialty,lawyers-law-firms-by-specialty,229,Franchisor Lawyers,franchisor-lawyers,,,,
Professional Services,professional-services,1,Lawyers & Law Firms by Specialty,lawyers-law-firms-by-specialty,230,Franchisee Attorneys,franchisee-attorneys,,,,
Professional Services,professional-services,1,Lawyers & Law Firms by Specialty,lawyers-law-firms-by-specialty,231,Distribution Attorneys,distribution-attorneys,,,,
Professional Services,professional-services,1,Lawyers & Law Firms by Specialty,lawyers-law-firms-by-specialty,232,Licensing Attorneys,licensing-attorneys,,,,
Professional Services,professional-services,1,Lawyers & Law Firms by Specialty,lawyers-law-firms-by-specialty,233,Technology Licensing Lawyers,technology-licensing-lawyers,,,,
Professional Services,professional-services,1,Lawyers & Law Firms by Specialty,lawyers-law-firms-by-specialty,234,Software Licensing Attorneys,software-licensing-attorneys,,,,
Professional Services,professional-services,1,Lawyers & Law Firms by Specialty,lawyers-law-firms-by-specialty,235,Trademark Licensing Lawyers,trademark-licensing-lawyers,,,,
Professional Services,professional-services,1,Lawyers & Law Firms by Specialty,lawyers-law-firms-by-specialty,236,Patent Licensing Attorneys,patent-licensing-attorneys,,,,
Professional Services,professional-services,1,Lawyers & Law Firms by Specialty,lawyers-law-firms-by-specialty,237,Brand Licensing Lawyers,brand-licensing-lawyers,,,,
Professional Services,professional-services,1,Lawyers & Law Firms by Specialty,lawyers-law-firms-by-specialty,238,Music Licensing Attorneys,music-licensing-attorneys,,,,
Professional Services,professional-services,1,Lawyers & Law Firms by Specialty,lawyers-law-firms-by-specialty,239,Film Licensing Lawyers,film-licensing-lawyers,,,,
Professional Services,professional-services,1,Lawyers & Law Firms by Specialty,lawyers-law-firms-by-specialty,240,Intellectual Property Attorneys,intellectual-property-attorneys,1,Intellectual Property,Patent Filing,intellectual-property-patent-filing
Professional Services,professional-services,1,Lawyers & Law Firms by Specialty,lawyers-law-firms-by-specialty,240,Intellectual Property Attorneys,intellectual-property-attorneys,2,Intellectual Property,Trademark Registration,intellectual-property-trademark-registration
Professional Services,professional-services,1,Lawyers & Law Firms by Specialty,lawyers-law-firms-by-specialty,240,Intellectual Property Attorneys,intellectual-property-attorneys,3,Intellectual Property,Copyright Protection,intellectual-property-copyright-protection
Professional Services,professional-services,1,Lawyers & Law Firms by Specialty,lawyers-law-firms-by-specialty,240,Intellectual Property Attorneys,intellectual-property-attorneys,4,Intellectual Property,Trade Secret,intellectual-property-trade-secret
Professional Services,professional-services,1,Lawyers & Law Firms by Specialty,lawyers-law-firms-by-specialty,240,Intellectual Property Attorneys,intellectual-property-attorneys,5,Intellectual Property,IP Litigation,intellectual-property-ip-litigation
Professional Services,professional-services,1,Lawyers & Law Firms by Specialty,lawyers-law-firms-by-specialty,240,Intellectual Property Attorneys,intellectual-property-attorneys,6,Intellectual Property,Licensing Agreements,intellectual-property-licensing-agreements
Professional Services,professional-services,1,Lawyers & Law Firms by Specialty,lawyers-law-firms-by-specialty,240,Intellectual Property Attorneys,intellectual-property-attorneys,7,Intellectual Property,Brand Protection,intellectual-property-brand-protection
Professional Services,professional-services,1,Lawyers & Law Firms by Specialty,lawyers-law-firms-by-specialty,240,Intellectual Property Attorneys,intellectual-property-attorneys,8,Intellectual Property,Domain Disputes,intellectual-property-domain-disputes
Professional Services,professional-services,1,Lawyers & Law Firms by Specialty,lawyers-law-firms-by-specialty,240,Intellectual Property Attorneys,intellectual-property-attorneys,9,Intellectual Property,Software Patents,intellectual-property-software-patents
Professional Services,professional-services,1,Lawyers & Law Firms by Specialty,lawyers-law-firms-by-specialty,240,Intellectual Property Attorneys,intellectual-property-attorneys,10,Intellectual Property,Design Patents,intellectual-property-design-patents
Professional Services,professional-services,1,Lawyers & Law Firms by Specialty,lawyers-law-firms-by-specialty,241,Patent Attorneys,patent-attorneys,,,,
Professional Services,professional-services,1,Lawyers & Law Firms by Specialty,lawyers-law-firms-by-specialty,242,Patent Litigation Lawyers,patent-litigation-lawyers,,,,
Professional Services,professional-services,1,Lawyers & Law Firms by Specialty,lawyers-law-firms-by-specialty,243,Patent Prosecution Attorneys,patent-prosecution-attorneys,,,,
Professional Services,professional-services,1,Lawyers & Law Firms by Specialty,lawyers-law-firms-by-specialty,244,Design Patent Attorneys,design-patent-attorneys,,,,
Professional Services,professional-services,1,Lawyers & Law Firms by Specialty,lawyers-law-firms-by-specialty,245,Plant Patent Attorneys,plant-patent-attorneys,,,,
Professional Services,professional-services,1,Lawyers & Law Firms by Specialty,lawyers-law-firms-by-specialty,246,International Patent Lawyers,international-patent-lawyers,,,,
Professional Services,professional-services,1,Lawyers & Law Firms by Specialty,lawyers-law-firms-by-specialty,247,Trademark Attorneys,trademark-attorneys,,,,
Professional Services,professional-services,1,Lawyers & Law Firms by Specialty,lawyers-law-firms-by-specialty,248,Trademark Prosecution Lawyers,trademark-prosecution-lawyers,,,,
Professional Services,professional-services,1,Lawyers & Law Firms by Specialty,lawyers-law-firms-by-specialty,249,Trademark Litigation Attorneys,trademark-litigation-attorneys,,,,
Professional Services,professional-services,1,Lawyers & Law Firms by Specialty,lawyers-law-firms-by-specialty,250,Brand Protection Lawyers,brand-protection-lawyers,,,,
Professional Services,professional-services,1,Lawyers & Law Firms by Specialty,lawyers-law-firms-by-specialty,251,Anti-Counterfeiting Attorneys,anti-counterfeiting-attorneys,,,,
Professional Services,professional-services,1,Lawyers & Law Firms by Specialty,lawyers-law-firms-by-specialty,252,Domain Name Dispute Lawyers,domain-name-dispute-lawyers,,,,
Professional Services,professional-services,1,Lawyers & Law Firms by Specialty,lawyers-law-firms-by-specialty,253,Copyright Attorneys,copyright-attorneys,,,,
Professional Services,professional-services,1,Lawyers & Law Firms by Specialty,lawyers-law-firms-by-specialty,254,Music Copyright Lawyers,music-copyright-lawyers,,,,
Professional Services,professional-services,1,Lawyers & Law Firms by Specialty,lawyers-law-firms-by-specialty,255,Software Copyright Attorneys,software-copyright-attorneys,,,,
Professional Services,professional-services,1,Lawyers & Law Firms by Specialty,lawyers-law-firms-by-specialty,256,Photography Copyright Lawyers,photography-copyright-lawyers,,,,
Professional Services,professional-services,1,Lawyers & Law Firms by Specialty,lawyers-law-firms-by-specialty,257,Trade Secret Attorneys,trade-secret-attorneys,,,,
Professional Services,professional-services,1,Lawyers & Law Firms by Specialty,lawyers-law-firms-by-specialty,258,Non-Disclosure Agreement Lawyers,non-disclosure-agreement-lawyers,1,Commercial Law,Non-Disclosure Agreements,commercial-law-non-disclosure-agreements
Professional Services,professional-services,1,Lawyers & Law Firms by Specialty,lawyers-law-firms-by-specialty,259,Non-Compete Attorneys,non-compete-attorneys,1,Commercial Law,Non-Compete Agreements,commercial-law-non-compete-agreements
Professional Services,professional-services,1,Lawyers & Law Firms by Specialty,lawyers-law-firms-by-specialty,259,Non-Compete Attorneys,non-compete-attorneys,2,Employment Law,Non-Compete Enforcement,employment-law-non-compete-enforcement
Professional Services,professional-services,1,Lawyers & Law Firms by Specialty,lawyers-law-firms-by-specialty,260,Restrictive Covenant Lawyers,restrictive-covenant-lawyers,,,,
Professional Services,professional-services,1,Lawyers & Law Firms by Specialty,lawyers-law-firms-by-specialty,261,Employment Attorneys,employment-attorneys,,,,
Professional Services,professional-services,1,Lawyers & Law Firms by Specialty,lawyers-law-firms-by-specialty,262,Wrongful Termination Lawyers,wrongful-termination-lawyers,1,Employment Law,Wrongful Termination,employment-law-wrongful-termination
Professional Services,professional-services,1,Lawyers & Law Firms by Specialty,lawyers-law-firms-by-specialty,263,Wage and Hour Lawyers,wage-and-hour-lawyers,1,Employment Law,Wage & Hour,employment-law-wage-hour
Professional Services,professional-services,1,Lawyers & Law Firms by Specialty,lawyers-law-firms-by-specialty,264,Overtime Pay Attorneys,overtime-pay-attorneys,,,,
Professional Services,professional-services,1,Lawyers & Law Firms by Specialty,lawyers-law-firms-by-specialty,265,Unpaid Wages Lawyers,unpaid-wages-lawyers,,,,
Professional Services,professional-services,1,Lawyers & Law Firms by Specialty,lawyers-law-firms-by-specialty,266,Discrimination Lawyers,discrimination-lawyers,,,,
Professional Services,professional-services,1,Lawyers & Law Firms by Specialty,lawyers-law-firms-by-specialty,267,Race Discrimination Attorneys,race-discrimination-attorneys,,,,
Professional Services,professional-services,1,Lawyers & Law Firms by Specialty,lawyers-law-firms-by-specialty,268,Gender Discrimination Lawyers,gender-discrimination-lawyers,,,,
Professional Services,professional-services,1,Lawyers & Law Firms by Specialty,lawyers-law-firms-by-specialty,269,Age Discrimination Attorneys,age-discrimination-attorneys,,,,
Professional Services,professional-services,1,Lawyers & Law Firms by Specialty,lawyers-law-firms-by-specialty,270,Disability Discrimination Lawyers,disability-discrimination-lawyers,,,,
Professional Services,professional-services,1,Lawyers & Law Firms by Specialty,lawyers-law-firms-by-specialty,271,Pregnancy Discrimination Attorneys,pregnancy-discrimination-attorneys,,,,
Professional Services,professional-services,1,Lawyers & Law Firms by Specialty,lawyers-law-firms-by-specialty,272,Religious Discrimination Lawyers,religious-discrimination-lawyers,,,,
Professional Services,professional-services,1,Lawyers & Law Firms by Specialty,lawyers-law-firms-by-specialty,273,LGBTQ+ Discrimination Attorneys,lgbtq-discrimination-attorneys,,,,
Professional Services,professional-services,1,Lawyers & Law Firms by Specialty,lawyers-law-firms-by-specialty,274,Sexual Harassment Attorneys,sexual-harassment-attorneys,,,,
Professional Services,professional-services,1,Lawyers & Law Firms by Specialty,lawyers-law-firms-by-specialty,275,Hostile Work Environment Lawyers,hostile-work-environment-lawyers,,,,
Professional Services,professional-services,1,Lawyers & Law Firms by Specialty,lawyers-law-firms-by-specialty,276,Retaliation Lawyers,retaliation-lawyers,,,,
Professional Services,professional-services,1,Lawyers & Law Firms by Specialty,lawyers-law-firms-by-specialty,277,Whistleblower Attorneys,whistleblower-attorneys,,,,
Professional Services,professional-services,1,Lawyers & Law Firms by Specialty,lawyers-law-firms-by-specialty,278,Qui Tam Lawyers,qui-tam-lawyers,,,,
Professional Services,professional-services,1,Lawyers & Law Firms by Specialty,lawyers-law-firms-by-specialty,279,False Claims Act Attorneys,false-claims-act-attorneys,,,,
Professional Services,professional-services,1,Lawyers & Law Firms by Specialty,lawyers-law-firms-by-specialty,280,FMLA Attorneys,fmla-attorneys,,,,
Professional Services,professional-services,1,Lawyers & Law Firms by Specialty,lawyers-law-firms-by-specialty,281,ADA Compliance Lawyers,ada-compliance-lawyers,,,,
Professional Services,professional-services,1,Lawyers & Law Firms by Specialty,lawyers-law-firms-by-specialty,282,ERISA Attorneys,erisa-attorneys,,,,
Professional Services,professional-services,1,Lawyers & Law Firms by Specialty,lawyers-law-firms-by-specialty,283,Employee Benefits Lawyers,employee-benefits-lawyers,,,,
Professional Services,professional-services,1,Lawyers & Law Firms by Specialty,lawyers-law-firms-by-specialty,284,Executive Compensation Attorneys,executive-compensation-attorneys,,,,
Professional Services,professional-services,1,Lawyers & Law Firms by Specialty,lawyers-law-firms-by-specialty,285,Severance Negotiation Lawyers,severance-negotiation-lawyers,,,,
Professional Services,professional-services,1,Lawyers & Law Firms by Specialty,lawyers-law-firms-by-specialty,286,Non-Compete Defense Attorneys,non-compete-defense-attorneys,,,,
Professional Services,professional-services,1,Lawyers & Law Firms by Specialty,lawyers-law-firms-by-specialty,287,Trade Secret Defense Lawyers,trade-secret-defense-lawyers,,,,
Professional Services,professional-services,1,Lawyers & Law Firms by Specialty,lawyers-law-firms-by-specialty,288,Labor Union Attorneys,labor-union-attorneys,,,,
Professional Services,professional-services,1,Lawyers & Law Firms by Specialty,lawyers-law-firms-by-specialty,289,Collective Bargaining Lawyers,collective-bargaining-lawyers,,,,
Professional Services,professional-services,1,Lawyers & Law Firms by Specialty,lawyers-law-firms-by-specialty,290,NLRB Attorneys,nlrb-attorneys,,,,
Professional Services,professional-services,1,Lawyers & Law Firms by Specialty,lawyers-law-firms-by-specialty,291,Tax Attorneys,tax-attorneys,,,,
Professional Services,professional-services,1,Lawyers & Law Firms by Specialty,lawyers-law-firms-by-specialty,292,IRS Tax Defense Lawyers,irs-tax-defense-lawyers,1,Tax Services,IRS Audit Defense,tax-services-irs-audit-defense
Professional Services,professional-services,1,Lawyers & Law Firms by Specialty,lawyers-law-firms-by-specialty,293,Tax Audit Defense Attorneys,tax-audit-defense-attorneys,,,,
Professional Services,professional-services,1,Lawyers & Law Firms by Specialty,lawyers-law-firms-by-specialty,294,Tax Litigation Lawyers,tax-litigation-lawyers,1,Tax Services,Tax Litigation,tax-services-tax-litigation
Professional Services,professional-services,1,Lawyers & Law Firms by Specialty,lawyers-law-firms-by-specialty,295,Offshore Tax Attorneys,offshore-tax-attorneys,,,,
Professional Services,professional-services,1,Lawyers & Law Firms by Specialty,lawyers-law-firms-by-specialty,296,International Tax Lawyers,international-tax-lawyers,1,International Business,International Tax Advisory,international-business-international-tax-advisory
Professional Services,professional-services,1,Lawyers & Law Firms by Specialty,lawyers-law-firms-by-specialty,296,International Tax Lawyers,international-tax-lawyers,2,Tax Services,International Tax,tax-services-international-tax-2
Professional Services,professional-services,1,Lawyers & Law Firms by Specialty,lawyers-law-firms-by-specialty,297,State Tax Attorneys,state-tax-attorneys,1,Tax Services,State & Local Tax,tax-services-state-local-tax
Professional Services,professional-services,1,Lawyers & Law Firms by Specialty,lawyers-law-firms-by-specialty,298,Sales Tax Attorneys,sales-tax-attorneys,,,,
Professional Services,professional-services,1,Lawyers & Law Firms by Specialty,lawyers-law-firms-by-specialty,299,Tax Court Attorneys,tax-court-attorneys,,,,
Professional Services,professional-services,1,Lawyers & Law Firms by Specialty,lawyers-law-firms-by-specialty,300,Innocent Spouse Relief Lawyers,innocent-spouse-relief-lawyers,,,,
Professional Services,professional-services,1,Lawyers & Law Firms by Specialty,lawyers-law-firms-by-specialty,301,Tax Lien Lawyers,tax-lien-lawyers,,,,
Professional Services,professional-services,1,Lawyers & Law Firms by Specialty,lawyers-law-firms-by-specialty,302,Tax Levy Defense Attorneys,tax-levy-defense-attorneys,,,,
Professional Services,professional-services,1,Lawyers & Law Firms by Specialty,lawyers-law-firms-by-specialty,303,Cryptocurrency Tax Lawyers,cryptocurrency-tax-lawyers,,,,
Professional Services,professional-services,1,Lawyers & Law Firms by Specialty,lawyers-law-firms-by-specialty,304,Crypto Legal Attorneys,crypto-legal-attorneys,,,,
Professional Services,professional-services,1,Lawyers & Law Firms by Specialty,lawyers-law-firms-by-specialty,305,Web3 Lawyers,web3-lawyers,,,,
Professional Services,professional-services,1,Lawyers & Law Firms by Specialty,lawyers-law-firms-by-specialty,306,Blockchain Attorneys,blockchain-attorneys,,,,
Professional Services,professional-services,1,Lawyers & Law Firms by Specialty,lawyers-law-firms-by-specialty,307,Smart Contract Lawyers,smart-contract-lawyers,,,,
Professional Services,professional-services,1,Lawyers & Law Firms by Specialty,lawyers-law-firms-by-specialty,308,NFT Attorneys,nft-attorneys,,,,
Professional Services,professional-services,1,Lawyers & Law Firms by Specialty,lawyers-law-firms-by-specialty,309,Cannabis Lawyers,cannabis-lawyers,,,,
Professional Services,professional-services,1,Lawyers & Law Firms by Specialty,lawyers-law-firms-by-specialty,310,Marijuana Business Attorneys,marijuana-business-attorneys,,,,
Professional Services,professional-services,1,Lawyers & Law Firms by Specialty,lawyers-law-firms-by-specialty,311,Hemp & CBD Lawyers,hemp-cbd-lawyers,,,,
Professional Services,professional-services,1,Lawyers & Law Firms by Specialty,lawyers-law-firms-by-specialty,312,Adult Industry Lawyers,adult-industry-lawyers,,,,
Professional Services,professional-services,1,Lawyers & Law Firms by Specialty,lawyers-law-firms-by-specialty,313,Gambling Law Attorneys,gambling-law-attorneys,,,,
Professional Services,professional-services,1,Lawyers & Law Firms by Specialty,lawyers-law-firms-by-specialty,314,iGaming Lawyers,igaming-lawyers,,,,
Professional Services,professional-services,1,Lawyers & Law Firms by Specialty,lawyers-law-firms-by-specialty,315,Sports Law Attorneys,sports-law-attorneys,,,,
Professional Services,professional-services,1,Lawyers & Law Firms by Specialty,lawyers-law-firms-by-specialty,316,Athlete Representation Lawyers,athlete-representation-lawyers,,,,
Professional Services,professional-services,1,Lawyers & Law Firms by Specialty,lawyers-law-firms-by-specialty,317,NIL Attorneys,nil-attorneys,,,,
Professional Services,professional-services,1,Lawyers & Law Firms by Specialty,lawyers-law-firms-by-specialty,318,Coach Contract Lawyers,coach-contract-lawyers,,,,
Professional Services,professional-services,1,Lawyers & Law Firms by Specialty,lawyers-law-firms-by-specialty,319,Entertainment Attorneys,entertainment-attorneys,,,,
Professional Services,professional-services,1,Lawyers & Law Firms by Specialty,lawyers-law-firms-by-specialty,320,Music Industry Lawyers,music-industry-lawyers,,,,
Professional Services,professional-services,1,Lawyers & Law Firms by Specialty,lawyers-law-firms-by-specialty,321,Film Industry Attorneys,film-industry-attorneys,,,,
Professional Services,professional-services,1,Lawyers & Law Firms by Specialty,lawyers-law-firms-by-specialty,322,Television Industry Lawyers,television-industry-lawyers,,,,
Professional Services,professional-services,1,Lawyers & Law Firms by Specialty,lawyers-law-firms-by-specialty,323,Talent Representation Lawyers,talent-representation-lawyers,,,,
Professional Services,professional-services,1,Lawyers & Law Firms by Specialty,lawyers-law-firms-by-specialty,324,Influencer Contract Attorneys,influencer-contract-attorneys,,,,
Professional Services,professional-services,1,Lawyers & Law Firms by Specialty,lawyers-law-firms-by-specialty,325,Creator Lawyers,creator-lawyers,,,,
Professional Services,professional-services,1,Lawyers & Law Firms by Specialty,lawyers-law-firms-by-specialty,326,Author & Publishing Attorneys,author-publishing-attorneys,,,,
Professional Services,professional-services,1,Lawyers & Law Firms by Specialty,lawyers-law-firms-by-specialty,327,Literary Agent Attorneys,literary-agent-attorneys,,,,
Professional Services,professional-services,1,Lawyers & Law Firms by Specialty,lawyers-law-firms-by-specialty,328,Aviation Attorneys,aviation-attorneys,,,,
Professional Services,professional-services,1,Lawyers & Law Firms by Specialty,lawyers-law-firms-by-specialty,329,Maritime Attorneys,maritime-attorneys,,,,
Professional Services,professional-services,1,Lawyers & Law Firms by Specialty,lawyers-law-firms-by-specialty,330,Admiralty Lawyers,admiralty-lawyers,,,,
Professional Services,professional-services,1,Lawyers & Law Firms by Specialty,lawyers-law-firms-by-specialty,331,International Trade Lawyers,international-trade-lawyers,1,Trade Services,International Trade Law,trade-services-international-trade-law
Professional Services,professional-services,1,Lawyers & Law Firms by Specialty,lawyers-law-firms-by-specialty,332,Customs Attorneys,customs-attorneys,,,,
Professional Services,professional-services,1,Lawyers & Law Firms by Specialty,lawyers-law-firms-by-specialty,333,Export Control Lawyers,export-control-lawyers,,,,
Professional Services,professional-services,1,Lawyers & Law Firms by Specialty,lawyers-law-firms-by-specialty,334,Sanctions Lawyers,sanctions-lawyers,,,,
Professional Services,professional-services,1,Lawyers & Law Firms by Specialty,lawyers-law-firms-by-specialty,335,Antitrust Attorneys,antitrust-attorneys,,,,
Professional Services,professional-services,1,Lawyers & Law Firms by Specialty,lawyers-law-firms-by-specialty,336,Competition Law Lawyers,competition-law-lawyers,,,,
Professional Services,professional-services,1,Lawyers & Law Firms by Specialty,lawyers-law-firms-by-specialty,337,Privacy Lawyers,privacy-lawyers,,,,
Professional Services,professional-services,1,Lawyers & Law Firms by Specialty,lawyers-law-firms-by-specialty,338,Data Protection Attorneys,data-protection-attorneys,,,,
Professional Services,professional-services,1,Lawyers & Law Firms by Specialty,lawyers-law-firms-by-specialty,339,GDPR Compliance Lawyers,gdpr-compliance-lawyers,,,,
Professional Services,professional-services,1,Lawyers & Law Firms by Specialty,lawyers-law-firms-by-specialty,340,CCPA Compliance Attorneys,ccpa-compliance-attorneys,,,,
Professional Services,professional-services,1,Lawyers & Law Firms by Specialty,lawyers-law-firms-by-specialty,341,HIPAA Compliance Lawyers,hipaa-compliance-lawyers,,,,
Professional Services,professional-services,1,Lawyers & Law Firms by Specialty,lawyers-law-firms-by-specialty,342,Cybersecurity Lawyers,cybersecurity-lawyers,,,,
Professional Services,professional-services,1,Lawyers & Law Firms by Specialty,lawyers-law-firms-by-specialty,343,Data Breach Attorneys,data-breach-attorneys,,,,
Professional Services,professional-services,1,Lawyers & Law Firms by Specialty,lawyers-law-firms-by-specialty,344,Insurance Defense Attorneys,insurance-defense-attorneys,,,,
Professional Services,professional-services,1,Lawyers & Law Firms by Specialty,lawyers-law-firms-by-specialty,345,Insurance Coverage Lawyers,insurance-coverage-lawyers,,,,
Professional Services,professional-services,1,Lawyers & Law Firms by Specialty,lawyers-law-firms-by-specialty,346,Bad Faith Insurance Attorneys,bad-faith-insurance-attorneys,,,,
Professional Services,professional-services,1,Lawyers & Law Firms by Specialty,lawyers-law-firms-by-specialty,347,Subrogation Lawyers,subrogation-lawyers,,,,
Professional Services,professional-services,1,Lawyers & Law Firms by Specialty,lawyers-law-firms-by-specialty,348,Civil Litigation Attorneys,civil-litigation-attorneys,1,Civil Litigation,Contract Disputes,civil-litigation-contract-disputes
Professional Services,professional-services,1,Lawyers & Law Firms by Specialty,lawyers-law-firms-by-specialty,348,Civil Litigation Attorneys,civil-litigation-attorneys,2,Civil Litigation,Business Disputes,civil-litigation-business-disputes
Professional Services,professional-services,1,Lawyers & Law Firms by Specialty,lawyers-law-firms-by-specialty,348,Civil Litigation Attorneys,civil-litigation-attorneys,3,Civil Litigation,Partnership Disputes,civil-litigation-partnership-disputes
Professional Services,professional-services,1,Lawyers & Law Firms by Specialty,lawyers-law-firms-by-specialty,348,Civil Litigation Attorneys,civil-litigation-attorneys,4,Civil Litigation,Insurance Claims,civil-litigation-insurance-claims
Professional Services,professional-services,1,Lawyers & Law Firms by Specialty,lawyers-law-firms-by-specialty,348,Civil Litigation Attorneys,civil-litigation-attorneys,5,Civil Litigation,Construction Disputes,civil-litigation-construction-disputes
Professional Services,professional-services,1,Lawyers & Law Firms by Specialty,lawyers-law-firms-by-specialty,348,Civil Litigation Attorneys,civil-litigation-attorneys,6,Civil Litigation,Consumer Protection,civil-litigation-consumer-protection
Professional Services,professional-services,1,Lawyers & Law Firms by Specialty,lawyers-law-firms-by-specialty,348,Civil Litigation Attorneys,civil-litigation-attorneys,7,Civil Litigation,Class Action,civil-litigation-class-action
Professional Services,professional-services,1,Lawyers & Law Firms by Specialty,lawyers-law-firms-by-specialty,348,Civil Litigation Attorneys,civil-litigation-attorneys,8,Civil Litigation,Mediation,civil-litigation-mediation
Professional Services,professional-services,1,Lawyers & Law Firms by Specialty,lawyers-law-firms-by-specialty,348,Civil Litigation Attorneys,civil-litigation-attorneys,9,Civil Litigation,Arbitration,civil-litigation-arbitration
Professional Services,professional-services,1,Lawyers & Law Firms by Specialty,lawyers-law-firms-by-specialty,348,Civil Litigation Attorneys,civil-litigation-attorneys,10,Civil Litigation,Appeals,civil-litigation-appeals
Professional Services,professional-services,1,Lawyers & Law Firms by Specialty,lawyers-law-firms-by-specialty,349,Commercial Litigation Lawyers,commercial-litigation-lawyers,,,,
Professional Services,professional-services,1,Lawyers & Law Firms by Specialty,lawyers-law-firms-by-specialty,350,Business Dispute Attorneys,business-dispute-attorneys,,,,
Professional Services,professional-services,1,Lawyers & Law Firms by Specialty,lawyers-law-firms-by-specialty,351,Partnership Dispute Lawyers,partnership-dispute-lawyers,,,,
Professional Services,professional-services,1,Lawyers & Law Firms by Specialty,lawyers-law-firms-by-specialty,352,Shareholder Dispute Attorneys,shareholder-dispute-attorneys,,,,
Professional Services,professional-services,1,Lawyers & Law Firms by Specialty,lawyers-law-firms-by-specialty,353,Breach of Contract Lawyers,breach-of-contract-lawyers,,,,
Professional Services,professional-services,1,Lawyers & Law Firms by Specialty,lawyers-law-firms-by-specialty,354,Defamation Attorneys,defamation-attorneys,,,,
Professional Services,professional-services,1,Lawyers & Law Firms by Specialty,lawyers-law-firms-by-specialty,355,Libel Lawyers,libel-lawyers,,,,
Professional Services,professional-services,1,Lawyers & Law Firms by Specialty,lawyers-law-firms-by-specialty,356,Slander Attorneys,slander-attorneys,,,,
Professional Services,professional-services,1,Lawyers & Law Firms by Specialty,lawyers-law-firms-by-specialty,357,First Amendment Lawyers,first-amendment-lawyers,1,Media Law,First Amendment,media-law-first-amendment
Professional Services,professional-services,1,Lawyers & Law Firms by Specialty,lawyers-law-firms-by-specialty,358,Constitutional Law Attorneys,constitutional-law-attorneys,,,,
Professional Services,professional-services,1,Lawyers & Law Firms by Specialty,lawyers-law-firms-by-specialty,359,Election Law Lawyers,election-law-lawyers,,,,
Professional Services,professional-services,1,Lawyers & Law Firms by Specialty,lawyers-law-firms-by-specialty,360,Campaign Finance Attorneys,campaign-finance-attorneys,,,,
Professional Services,professional-services,1,Lawyers & Law Firms by Specialty,lawyers-law-firms-by-specialty,361,Government Relations Lawyers,government-relations-lawyers,,,,
Professional Services,professional-services,1,Lawyers & Law Firms by Specialty,lawyers-law-firms-by-specialty,362,Lobbying Attorneys,lobbying-attorneys,,,,
Professional Services,professional-services,1,Lawyers & Law Firms by Specialty,lawyers-law-firms-by-specialty,363,Public Policy Lawyers,public-policy-lawyers,,,,
Professional Services,professional-services,1,Lawyers & Law Firms by Specialty,lawyers-law-firms-by-specialty,364,Education Law Attorneys,education-law-attorneys,,,,
Professional Services,professional-services,1,Lawyers & Law Firms by Specialty,lawyers-law-firms-by-specialty,365,Special Education Lawyers,special-education-lawyers,,,,
Professional Services,professional-services,1,Lawyers & Law Firms by Specialty,lawyers-law-firms-by-specialty,366,IEP Attorneys,iep-attorneys,,,,
Professional Services,professional-services,1,Lawyers & Law Firms by Specialty,lawyers-law-firms-by-specialty,367,Higher Education Lawyers,higher-education-lawyers,,,,
Professional Services,professional-services,1,Lawyers & Law Firms by Specialty,lawyers-law-firms-by-specialty,368,Student Defense Attorneys,student-defense-attorneys,,,,
Professional Services,professional-services,1,Lawyers & Law Firms by Specialty,lawyers-law-firms-by-specialty,369,Healthcare Lawyers,healthcare-lawyers,,,,
Professional Services,professional-services,1,Lawyers & Law Firms by Specialty,lawyers-law-firms-by-specialty,370,Hospital Counsel,hospital-counsel,,,,
Professional Services,professional-services,1,Lawyers & Law Firms by Specialty,lawyers-law-firms-by-specialty,371,Medical Practice Attorneys,medical-practice-attorneys,,,,
Professional Services,professional-services,1,Lawyers & Law Firms by Specialty,lawyers-law-firms-by-specialty,372,Stark Law Attorneys,stark-law-attorneys,,,,
Professional Services,professional-services,1,Lawyers & Law Firms by Specialty,lawyers-law-firms-by-specialty,373,Anti-Kickback Lawyers,anti-kickback-lawyers,,,,
Professional Services,professional-services,1,Lawyers & Law Firms by Specialty,lawyers-law-firms-by-specialty,374,Telehealth Lawyers,telehealth-lawyers,,,,
Professional Services,professional-services,1,Lawyers & Law Firms by Specialty,lawyers-law-firms-by-specialty,375,Pharmacy Law Attorneys,pharmacy-law-attorneys,,,,
Professional Services,professional-services,1,Lawyers & Law Firms by Specialty,lawyers-law-firms-by-specialty,376,Medical Device Lawyers,medical-device-lawyers,,,,
Professional Services,professional-services,1,Lawyers & Law Firms by Specialty,lawyers-law-firms-by-specialty,377,FDA Regulatory Attorneys,fda-regulatory-attorneys,,,,
Professional Services,professional-services,1,Lawyers & Law Firms by Specialty,lawyers-law-firms-by-specialty,378,Veterinary Law Attorneys,veterinary-law-attorneys,,,,
Professional Services,professional-services,1,Lawyers & Law Firms by Specialty,lawyers-law-firms-by-specialty,379,Animal Law Attorneys,animal-law-attorneys,,,,
Professional Services,professional-services,1,Lawyers & Law Firms by Specialty,lawyers-law-firms-by-specialty,380,Pet Custody Lawyers,pet-custody-lawyers,,,,
Professional Services,professional-services,1,Lawyers & Law Firms by Specialty,lawyers-law-firms-by-specialty,381,Equine Lawyers,equine-lawyers,,,,
Professional Services,professional-services,1,Lawyers & Law Firms by Specialty,lawyers-law-firms-by-specialty,382,Mediators,mediators,,,,
Professional Services,professional-services,1,Lawyers & Law Firms by Specialty,lawyers-law-firms-by-specialty,383,Family Law Mediators,family-law-mediators,,,,
Professional Services,professional-services,1,Lawyers & Law Firms by Specialty,lawyers-law-firms-by-specialty,384,Divorce Mediation Services,divorce-mediation-services,,,,
Professional Services,professional-services,1,Lawyers & Law Firms by Specialty,lawyers-law-firms-by-specialty,385,Civil Mediators,civil-mediators,,,,
Professional Services,professional-services,1,Lawyers & Law Firms by Specialty,lawyers-law-firms-by-specialty,386,Workplace Mediators,workplace-mediators,,,,
Professional Services,professional-services,1,Lawyers & Law Firms by Specialty,lawyers-law-firms-by-specialty,387,Arbitrators,arbitrators,,,,
Professional Services,professional-services,1,Lawyers & Law Firms by Specialty,lawyers-law-firms-by-specialty,388,Commercial Arbitrators,commercial-arbitrators,,,,
Professional Services,professional-services,1,Lawyers & Law Firms by Specialty,lawyers-law-firms-by-specialty,389,Construction Arbitrators,construction-arbitrators,,,,
Professional Services,professional-services,1,Lawyers & Law Firms by Specialty,lawyers-law-firms-by-specialty,390,Labor Arbitrators,labor-arbitrators,,,,
Professional Services,professional-services,1,Lawyers & Law Firms by Specialty,lawyers-law-firms-by-specialty,391,Online Dispute Resolution Services,online-dispute-resolution-services,,,,
Professional Services,professional-services,2,"Accountants, CPAs & Tax Advisors",accountants-cpas-tax-advisors,1,Certified Public Accountants,certified-public-accountants,,,,
Professional Services,professional-services,2,"Accountants, CPAs & Tax Advisors",accountants-cpas-tax-advisors,2,Personal CPA Services,personal-cpa-services,,,,
Professional Services,professional-services,2,"Accountants, CPAs & Tax Advisors",accountants-cpas-tax-advisors,3,Family Office CPAs,family-office-cpas,,,,
Professional Services,professional-services,2,"Accountants, CPAs & Tax Advisors",accountants-cpas-tax-advisors,4,Small Business CPAs,small-business-cpas,,,,
Professional Services,professional-services,2,"Accountants, CPAs & Tax Advisors",accountants-cpas-tax-advisors,5,Startup CPAs,startup-cpas,,,,
Professional Services,professional-services,2,"Accountants, CPAs & Tax Advisors",accountants-cpas-tax-advisors,6,E-Commerce CPAs,e-commerce-cpas,,,,
Professional Services,professional-services,2,"Accountants, CPAs & Tax Advisors",accountants-cpas-tax-advisors,7,Restaurant CPAs,restaurant-cpas,,,,
Professional Services,professional-services,2,"Accountants, CPAs & Tax Advisors",accountants-cpas-tax-advisors,8,Real Estate CPAs,real-estate-cpas,,,,
Professional Services,professional-services,2,"Accountants, CPAs & Tax Advisors",accountants-cpas-tax-advisors,9,Construction CPAs,construction-cpas,,,,
Professional Services,professional-services,2,"Accountants, CPAs & Tax Advisors",accountants-cpas-tax-advisors,10,Manufacturing CPAs,manufacturing-cpas,,,,
Professional Services,professional-services,2,"Accountants, CPAs & Tax Advisors",accountants-cpas-tax-advisors,11,Healthcare CPAs,healthcare-cpas,,,,
Professional Services,professional-services,2,"Accountants, CPAs & Tax Advisors",accountants-cpas-tax-advisors,12,Medical Practice CPAs,medical-practice-cpas,,,,
Professional Services,professional-services,2,"Accountants, CPAs & Tax Advisors",accountants-cpas-tax-advisors,13,Dental Practice CPAs,dental-practice-cpas,,,,
Professional Services,professional-services,2,"Accountants, CPAs & Tax Advisors",accountants-cpas-tax-advisors,14,Law Firm CPAs,law-firm-cpas,,,,
Professional Services,professional-services,2,"Accountants, CPAs & Tax Advisors",accountants-cpas-tax-advisors,15,Veterinary Practice CPAs,veterinary-practice-cpas,,,,
Professional Services,professional-services,2,"Accountants, CPAs & Tax Advisors",accountants-cpas-tax-advisors,16,Nonprofit CPAs,nonprofit-cpas,,,,
Professional Services,professional-services,2,"Accountants, CPAs & Tax Advisors",accountants-cpas-tax-advisors,17,Religious Organization CPAs,religious-organization-cpas,,,,
Professional Services,professional-services,2,"Accountants, CPAs & Tax Advisors",accountants-cpas-tax-advisors,18,Church Bookkeepers,church-bookkeepers,,,,
Professional Services,professional-services,2,"Accountants, CPAs & Tax Advisors",accountants-cpas-tax-advisors,19,School District CPAs,school-district-cpas,,,,
Professional Services,professional-services,2,"Accountants, CPAs & Tax Advisors",accountants-cpas-tax-advisors,20,Government CPAs,government-cpas,,,,
Professional Services,professional-services,2,"Accountants, CPAs & Tax Advisors",accountants-cpas-tax-advisors,21,Tribal CPAs,tribal-cpas,,,,
Professional Services,professional-services,2,"Accountants, CPAs & Tax Advisors",accountants-cpas-tax-advisors,22,International CPAs,international-cpas,1,International Finance,Transfer Pricing,international-finance-transfer-pricing
Professional Services,professional-services,2,"Accountants, CPAs & Tax Advisors",accountants-cpas-tax-advisors,22,International CPAs,international-cpas,2,International Finance,International Tax Advisory,international-finance-international-tax-advisory
Professional Services,professional-services,2,"Accountants, CPAs & Tax Advisors",accountants-cpas-tax-advisors,22,International CPAs,international-cpas,3,International Finance,Foreign Entity Setup,international-finance-foreign-entity-setup
Professional Services,professional-services,2,"Accountants, CPAs & Tax Advisors",accountants-cpas-tax-advisors,22,International CPAs,international-cpas,4,International Finance,Expatriate Tax Advisory,international-finance-expatriate-tax-advisory
Professional Services,professional-services,2,"Accountants, CPAs & Tax Advisors",accountants-cpas-tax-advisors,22,International CPAs,international-cpas,5,International Finance,International Audit,international-finance-international-audit
Professional Services,professional-services,2,"Accountants, CPAs & Tax Advisors",accountants-cpas-tax-advisors,22,International CPAs,international-cpas,6,International Finance,Currency Risk Advisory,international-finance-currency-risk-advisory
Professional Services,professional-services,2,"Accountants, CPAs & Tax Advisors",accountants-cpas-tax-advisors,22,International CPAs,international-cpas,7,International Finance,Global Treasury,international-finance-global-treasury
Professional Services,professional-services,2,"Accountants, CPAs & Tax Advisors",accountants-cpas-tax-advisors,23,Cross-Border Tax CPAs,cross-border-tax-cpas,1,International Finance,Cross-Border Transactions,international-finance-cross-border-transactions
Professional Services,professional-services,2,"Accountants, CPAs & Tax Advisors",accountants-cpas-tax-advisors,24,Expatriate Tax CPAs,expatriate-tax-cpas,1,Tax Specialty,Expatriate Tax,tax-specialty-expatriate-tax
Professional Services,professional-services,2,"Accountants, CPAs & Tax Advisors",accountants-cpas-tax-advisors,25,American Expat Tax Services,american-expat-tax-services,1,Tax Services,Corporate Tax,tax-services-corporate-tax
Professional Services,professional-services,2,"Accountants, CPAs & Tax Advisors",accountants-cpas-tax-advisors,25,American Expat Tax Services,american-expat-tax-services,2,Tax Services,Partnership Tax,tax-services-partnership-tax
Professional Services,professional-services,2,"Accountants, CPAs & Tax Advisors",accountants-cpas-tax-advisors,25,American Expat Tax Services,american-expat-tax-services,3,Tax Services,LLC Tax,tax-services-llc-tax
Professional Services,professional-services,2,"Accountants, CPAs & Tax Advisors",accountants-cpas-tax-advisors,25,American Expat Tax Services,american-expat-tax-services,4,Tax Services,S-Corp Tax,tax-services-s-corp-tax
Professional Services,professional-services,2,"Accountants, CPAs & Tax Advisors",accountants-cpas-tax-advisors,25,American Expat Tax Services,american-expat-tax-services,5,Tax Services,Nonprofit Tax,tax-services-nonprofit-tax
Professional Services,professional-services,2,"Accountants, CPAs & Tax Advisors",accountants-cpas-tax-advisors,25,American Expat Tax Services,american-expat-tax-services,6,Tax Services,International Tax,tax-services-international-tax
Professional Services,professional-services,2,"Accountants, CPAs & Tax Advisors",accountants-cpas-tax-advisors,25,American Expat Tax Services,american-expat-tax-services,7,Tax Services,Tax Amendment,tax-services-tax-amendment
Professional Services,professional-services,2,"Accountants, CPAs & Tax Advisors",accountants-cpas-tax-advisors,25,American Expat Tax Services,american-expat-tax-services,8,Tax Specialty,Tax Planning,tax-specialty-tax-planning
Professional Services,professional-services,2,"Accountants, CPAs & Tax Advisors",accountants-cpas-tax-advisors,25,American Expat Tax Services,american-expat-tax-services,9,Tax Specialty,Capital Gains,tax-specialty-capital-gains
Professional Services,professional-services,2,"Accountants, CPAs & Tax Advisors",accountants-cpas-tax-advisors,25,American Expat Tax Services,american-expat-tax-services,10,Tax Specialty,Tax Credit Advisory,tax-specialty-tax-credit-advisory
Professional Services,professional-services,2,"Accountants, CPAs & Tax Advisors",accountants-cpas-tax-advisors,25,American Expat Tax Services,american-expat-tax-services,11,Tax Specialty,R&D Tax Credit,tax-specialty-r-d-tax-credit
Professional Services,professional-services,2,"Accountants, CPAs & Tax Advisors",accountants-cpas-tax-advisors,25,American Expat Tax Services,american-expat-tax-services,12,Tax Specialty,Crypto Tax,tax-specialty-crypto-tax
Professional Services,professional-services,2,"Accountants, CPAs & Tax Advisors",accountants-cpas-tax-advisors,25,American Expat Tax Services,american-expat-tax-services,13,Tax Services,Tax Planning,tax-services-tax-planning
Professional Services,professional-services,2,"Accountants, CPAs & Tax Advisors",accountants-cpas-tax-advisors,25,American Expat Tax Services,american-expat-tax-services,14,Tax Services,Tax Controversy,tax-services-tax-controversy
Professional Services,professional-services,2,"Accountants, CPAs & Tax Advisors",accountants-cpas-tax-advisors,25,American Expat Tax Services,american-expat-tax-services,15,Tax Services,Business Tax,tax-services-business-tax
Professional Services,professional-services,2,"Accountants, CPAs & Tax Advisors",accountants-cpas-tax-advisors,25,American Expat Tax Services,american-expat-tax-services,16,Tax Services,Nonprofit Tax,tax-services-nonprofit-tax-2
Professional Services,professional-services,2,"Accountants, CPAs & Tax Advisors",accountants-cpas-tax-advisors,25,American Expat Tax Services,american-expat-tax-services,17,Tax Services,Tax Exempt Status,tax-services-tax-exempt-status
Professional Services,professional-services,2,"Accountants, CPAs & Tax Advisors",accountants-cpas-tax-advisors,26,UK Expat Tax Services,uk-expat-tax-services,,,,
Professional Services,professional-services,2,"Accountants, CPAs & Tax Advisors",accountants-cpas-tax-advisors,27,Canadian Expat Tax Services,canadian-expat-tax-services,,,,
Professional Services,professional-services,2,"Accountants, CPAs & Tax Advisors",accountants-cpas-tax-advisors,28,FBAR Filing Services,fbar-filing-services,1,International Finance,FBAR Filing,international-finance-fbar-filing
Professional Services,professional-services,2,"Accountants, CPAs & Tax Advisors",accountants-cpas-tax-advisors,29,FATCA Compliance Services,fatca-compliance-services,1,Audit & Assurance,Compliance Audit,audit-assurance-compliance-audit
Professional Services,professional-services,2,"Accountants, CPAs & Tax Advisors",accountants-cpas-tax-advisors,29,FATCA Compliance Services,fatca-compliance-services,2,Audit & Assurance,SOX Compliance,audit-assurance-sox-compliance
Professional Services,professional-services,2,"Accountants, CPAs & Tax Advisors",accountants-cpas-tax-advisors,29,FATCA Compliance Services,fatca-compliance-services,3,International Finance,FATCA Compliance,international-finance-fatca-compliance
Professional Services,professional-services,2,"Accountants, CPAs & Tax Advisors",accountants-cpas-tax-advisors,29,FATCA Compliance Services,fatca-compliance-services,4,Compliance Services,Registered Agent,compliance-services-registered-agent
Professional Services,professional-services,2,"Accountants, CPAs & Tax Advisors",accountants-cpas-tax-advisors,29,FATCA Compliance Services,fatca-compliance-services,5,Compliance Services,Corporate Minutes,compliance-services-corporate-minutes
Professional Services,professional-services,2,"Accountants, CPAs & Tax Advisors",accountants-cpas-tax-advisors,29,FATCA Compliance Services,fatca-compliance-services,6,Compliance Services,State Compliance,compliance-services-state-compliance
Professional Services,professional-services,2,"Accountants, CPAs & Tax Advisors",accountants-cpas-tax-advisors,29,FATCA Compliance Services,fatca-compliance-services,7,Compliance Services,Federal Compliance,compliance-services-federal-compliance
Professional Services,professional-services,2,"Accountants, CPAs & Tax Advisors",accountants-cpas-tax-advisors,29,FATCA Compliance Services,fatca-compliance-services,8,Compliance Services,Industry Licensing,compliance-services-industry-licensing
Professional Services,professional-services,2,"Accountants, CPAs & Tax Advisors",accountants-cpas-tax-advisors,29,FATCA Compliance Services,fatca-compliance-services,9,Compliance Services,Zoning Compliance,compliance-services-zoning-compliance
Professional Services,professional-services,2,"Accountants, CPAs & Tax Advisors",accountants-cpas-tax-advisors,29,FATCA Compliance Services,fatca-compliance-services,10,Compliance Services,Building Permits,compliance-services-building-permits
Professional Services,professional-services,2,"Accountants, CPAs & Tax Advisors",accountants-cpas-tax-advisors,30,Foreign Earned Income Specialists,foreign-earned-income-specialists,,,,
Professional Services,professional-services,2,"Accountants, CPAs & Tax Advisors",accountants-cpas-tax-advisors,31,Foreign Tax Credit Specialists,foreign-tax-credit-specialists,,,,
Professional Services,professional-services,2,"Accountants, CPAs & Tax Advisors",accountants-cpas-tax-advisors,32,Streamlined Disclosure Specialists,streamlined-disclosure-specialists,,,,
Professional Services,professional-services,2,"Accountants, CPAs & Tax Advisors",accountants-cpas-tax-advisors,33,OVDP Tax Specialists,ovdp-tax-specialists,,,,
Professional Services,professional-services,2,"Accountants, CPAs & Tax Advisors",accountants-cpas-tax-advisors,34,Tax Preparation Firms,tax-preparation-firms,,,,
Professional Services,professional-services,2,"Accountants, CPAs & Tax Advisors",accountants-cpas-tax-advisors,35,Individual Tax Preparers,individual-tax-preparers,,,,
Professional Services,professional-services,2,"Accountants, CPAs & Tax Advisors",accountants-cpas-tax-advisors,36,Family Tax Preparers,accountants-cpas-tax-advisors-family-tax-preparers,,,,
Professional Services,professional-services,2,"Accountants, CPAs & Tax Advisors",accountants-cpas-tax-advisors,37,Self-Employed Tax Preparers,self-employed-tax-preparers,,,,
Professional Services,professional-services,2,"Accountants, CPAs & Tax Advisors",accountants-cpas-tax-advisors,38,1099 Tax Specialists,1099-tax-specialists,,,,
Professional Services,professional-services,2,"Accountants, CPAs & Tax Advisors",accountants-cpas-tax-advisors,39,Gig Worker Tax Specialists,gig-worker-tax-specialists,1,Gig Economy,Delivery Drivers,gig-economy-delivery-drivers
Professional Services,professional-services,2,"Accountants, CPAs & Tax Advisors",accountants-cpas-tax-advisors,39,Gig Worker Tax Specialists,gig-worker-tax-specialists,2,Gig Economy,Rideshare Drivers,gig-economy-rideshare-drivers
Professional Services,professional-services,2,"Accountants, CPAs & Tax Advisors",accountants-cpas-tax-advisors,39,Gig Worker Tax Specialists,gig-worker-tax-specialists,3,Gig Economy,Task Services,gig-economy-task-services
Professional Services,professional-services,2,"Accountants, CPAs & Tax Advisors",accountants-cpas-tax-advisors,39,Gig Worker Tax Specialists,gig-worker-tax-specialists,4,Gig Economy,Handyman Gig,gig-economy-handyman-gig
Professional Services,professional-services,2,"Accountants, CPAs & Tax Advisors",accountants-cpas-tax-advisors,39,Gig Worker Tax Specialists,gig-worker-tax-specialists,5,Gig Economy,Cleaning Gig,gig-economy-cleaning-gig
Professional Services,professional-services,2,"Accountants, CPAs & Tax Advisors",accountants-cpas-tax-advisors,39,Gig Worker Tax Specialists,gig-worker-tax-specialists,6,Gig Economy,Moving Help,gig-economy-moving-help
Professional Services,professional-services,2,"Accountants, CPAs & Tax Advisors",accountants-cpas-tax-advisors,39,Gig Worker Tax Specialists,gig-worker-tax-specialists,7,Gig Economy,Personal Shopping,gig-economy-personal-shopping
Professional Services,professional-services,2,"Accountants, CPAs & Tax Advisors",accountants-cpas-tax-advisors,39,Gig Worker Tax Specialists,gig-worker-tax-specialists,8,Gig Economy,Pet Sitting Gig,gig-economy-pet-sitting-gig
Professional Services,professional-services,2,"Accountants, CPAs & Tax Advisors",accountants-cpas-tax-advisors,39,Gig Worker Tax Specialists,gig-worker-tax-specialists,9,Gig Economy,Tutoring Gig,gig-economy-tutoring-gig
Professional Services,professional-services,2,"Accountants, CPAs & Tax Advisors",accountants-cpas-tax-advisors,39,Gig Worker Tax Specialists,gig-worker-tax-specialists,10,Gig Economy,Event Staff,gig-economy-event-staff
Professional Services,professional-services,2,"Accountants, CPAs & Tax Advisors",accountants-cpas-tax-advisors,40,Freelancer Tax Services,freelancer-tax-services,,,,
Professional Services,professional-services,2,"Accountants, CPAs & Tax Advisors",accountants-cpas-tax-advisors,41,Influencer Tax Services,influencer-tax-services,,,,
Professional Services,professional-services,2,"Accountants, CPAs & Tax Advisors",accountants-cpas-tax-advisors,42,Creator Tax Services,creator-tax-services,,,,
Professional Services,professional-services,2,"Accountants, CPAs & Tax Advisors",accountants-cpas-tax-advisors,43,OnlyFans Tax Specialists,onlyfans-tax-specialists,,,,
Professional Services,professional-services,2,"Accountants, CPAs & Tax Advisors",accountants-cpas-tax-advisors,44,Twitch Streamer Tax Services,twitch-streamer-tax-services,,,,
Professional Services,professional-services,2,"Accountants, CPAs & Tax Advisors",accountants-cpas-tax-advisors,45,YouTuber Tax Services,youtuber-tax-services,,,,
Professional Services,professional-services,2,"Accountants, CPAs & Tax Advisors",accountants-cpas-tax-advisors,46,Real Estate Investor Tax Services,real-estate-investor-tax-services,1,Tax Specialty,Estate Tax Planning,tax-specialty-estate-tax-planning
Professional Services,professional-services,2,"Accountants, CPAs & Tax Advisors",accountants-cpas-tax-advisors,46,Real Estate Investor Tax Services,real-estate-investor-tax-services,2,Appraisal Services,Real Estate Appraisal,appraisal-services-real-estate-appraisal
Professional Services,professional-services,2,"Accountants, CPAs & Tax Advisors",accountants-cpas-tax-advisors,46,Real Estate Investor Tax Services,real-estate-investor-tax-services,3,Tax Services,Estate Tax,tax-services-estate-tax
Professional Services,professional-services,2,"Accountants, CPAs & Tax Advisors",accountants-cpas-tax-advisors,47,Rental Property Tax Specialists,rental-property-tax-specialists,,,,
Professional Services,professional-services,2,"Accountants, CPAs & Tax Advisors",accountants-cpas-tax-advisors,48,Short-Term Rental Tax Services,short-term-rental-tax-services,1,Mailing Services,PO Box Rental,mailing-services-po-box-rental
Professional Services,professional-services,2,"Accountants, CPAs & Tax Advisors",accountants-cpas-tax-advisors,49,Airbnb Host Tax Services,airbnb-host-tax-services,,,,
Professional Services,professional-services,2,"Accountants, CPAs & Tax Advisors",accountants-cpas-tax-advisors,50,Crypto Tax Preparers,crypto-tax-preparers,,,,
Professional Services,professional-services,2,"Accountants, CPAs & Tax Advisors",accountants-cpas-tax-advisors,51,NFT Tax Specialists,nft-tax-specialists,,,,
Professional Services,professional-services,2,"Accountants, CPAs & Tax Advisors",accountants-cpas-tax-advisors,52,DeFi Tax Specialists,defi-tax-specialists,,,,
Professional Services,professional-services,2,"Accountants, CPAs & Tax Advisors",accountants-cpas-tax-advisors,53,Stock Trader Tax Services,stock-trader-tax-services,,,,
Professional Services,professional-services,2,"Accountants, CPAs & Tax Advisors",accountants-cpas-tax-advisors,54,Day Trader Tax Specialists,day-trader-tax-specialists,,,,
Professional Services,professional-services,2,"Accountants, CPAs & Tax Advisors",accountants-cpas-tax-advisors,55,Trust Tax Preparation Services,trust-tax-preparation-services,1,Tax Services,Personal Tax Preparation,tax-services-personal-tax-preparation
Professional Services,professional-services,2,"Accountants, CPAs & Tax Advisors",accountants-cpas-tax-advisors,55,Trust Tax Preparation Services,trust-tax-preparation-services,2,Tax Services,Business Tax Preparation,tax-services-business-tax-preparation
Professional Services,professional-services,2,"Accountants, CPAs & Tax Advisors",accountants-cpas-tax-advisors,55,Trust Tax Preparation Services,trust-tax-preparation-services,3,Franchise Services,FDD Preparation,franchise-services-fdd-preparation
Professional Services,professional-services,2,"Accountants, CPAs & Tax Advisors",accountants-cpas-tax-advisors,56,Estate Tax Preparers,estate-tax-preparers,,,,
Professional Services,professional-services,2,"Accountants, CPAs & Tax Advisors",accountants-cpas-tax-advisors,57,Gift Tax Specialists,gift-tax-specialists,,,,
Professional Services,professional-services,2,"Accountants, CPAs & Tax Advisors",accountants-cpas-tax-advisors,58,Generation-Skipping Tax Specialists,generation-skipping-tax-specialists,,,,
Professional Services,professional-services,2,"Accountants, CPAs & Tax Advisors",accountants-cpas-tax-advisors,59,Section 179 Tax Specialists,section-179-tax-specialists,,,,
Professional Services,professional-services,2,"Accountants, CPAs & Tax Advisors",accountants-cpas-tax-advisors,60,R&D Tax Credit Consultants,rd-tax-credit-consultants,,,,
Professional Services,professional-services,2,"Accountants, CPAs & Tax Advisors",accountants-cpas-tax-advisors,61,Energy Tax Credit Consultants,energy-tax-credit-consultants,,,,
Professional Services,professional-services,2,"Accountants, CPAs & Tax Advisors",accountants-cpas-tax-advisors,62,Solar Tax Credit Specialists,solar-tax-credit-specialists,,,,
Professional Services,professional-services,2,"Accountants, CPAs & Tax Advisors",accountants-cpas-tax-advisors,63,EV Tax Credit Specialists,ev-tax-credit-specialists,,,,
Professional Services,professional-services,2,"Accountants, CPAs & Tax Advisors",accountants-cpas-tax-advisors,64,Cost Segregation Studies Providers,cost-segregation-studies-providers,1,Tax Specialty,Cost Segregation,tax-specialty-cost-segregation
Professional Services,professional-services,2,"Accountants, CPAs & Tax Advisors",accountants-cpas-tax-advisors,65,1031 Exchange Intermediaries,1031-exchange-intermediaries,,,,
Professional Services,professional-services,2,"Accountants, CPAs & Tax Advisors",accountants-cpas-tax-advisors,66,Qualified Opportunity Zone Specialists,qualified-opportunity-zone-specialists,,,,
Professional Services,professional-services,2,"Accountants, CPAs & Tax Advisors",accountants-cpas-tax-advisors,67,ERTC Consultants,ertc-consultants,,,,
Professional Services,professional-services,2,"Accountants, CPAs & Tax Advisors",accountants-cpas-tax-advisors,68,Employee Retention Credit Specialists,employee-retention-credit-specialists,,,,
Professional Services,professional-services,2,"Accountants, CPAs & Tax Advisors",accountants-cpas-tax-advisors,69,PPP Loan Forgiveness Consultants,ppp-loan-forgiveness-consultants,,,,
Professional Services,professional-services,2,"Accountants, CPAs & Tax Advisors",accountants-cpas-tax-advisors,70,SBA Loan Tax Specialists,sba-loan-tax-specialists,,,,
Professional Services,professional-services,2,"Accountants, CPAs & Tax Advisors",accountants-cpas-tax-advisors,71,State Tax Specialists,state-tax-specialists,,,,
Professional Services,professional-services,2,"Accountants, CPAs & Tax Advisors",accountants-cpas-tax-advisors,72,Multi-State Tax Specialists,multi-state-tax-specialists,1,Tax Services,Multi-State Tax,tax-services-multi-state-tax
Professional Services,professional-services,2,"Accountants, CPAs & Tax Advisors",accountants-cpas-tax-advisors,73,Sales Tax Compliance Firms,sales-tax-compliance-firms,,,,
Professional Services,professional-services,2,"Accountants, CPAs & Tax Advisors",accountants-cpas-tax-advisors,74,SaaS Sales Tax Specialists,saas-sales-tax-specialists,,,,
Professional Services,professional-services,2,"Accountants, CPAs & Tax Advisors",accountants-cpas-tax-advisors,75,Marketplace Sales Tax Services,marketplace-sales-tax-services,1,Tax Specialty,Sales Tax Consulting,tax-specialty-sales-tax-consulting
Professional Services,professional-services,2,"Accountants, CPAs & Tax Advisors",accountants-cpas-tax-advisors,76,Use Tax Specialists,use-tax-specialists,,,,
Professional Services,professional-services,2,"Accountants, CPAs & Tax Advisors",accountants-cpas-tax-advisors,77,Property Tax Consultants,property-tax-consultants,,,,
Professional Services,professional-services,2,"Accountants, CPAs & Tax Advisors",accountants-cpas-tax-advisors,78,Property Tax Appeal Services,property-tax-appeal-services,1,Tax Specialty,Property Tax Appeals,tax-specialty-property-tax-appeals
Professional Services,professional-services,2,"Accountants, CPAs & Tax Advisors",accountants-cpas-tax-advisors,79,Excise Tax Specialists,excise-tax-specialists,,,,
Professional Services,professional-services,2,"Accountants, CPAs & Tax Advisors",accountants-cpas-tax-advisors,80,Beverage Excise Tax Specialists,beverage-excise-tax-specialists,,,,
Professional Services,professional-services,2,"Accountants, CPAs & Tax Advisors",accountants-cpas-tax-advisors,81,Cannabis Tax Specialists,cannabis-tax-specialists,,,,
Professional Services,professional-services,2,"Accountants, CPAs & Tax Advisors",accountants-cpas-tax-advisors,82,Tobacco Tax Specialists,tobacco-tax-specialists,,,,
Professional Services,professional-services,2,"Accountants, CPAs & Tax Advisors",accountants-cpas-tax-advisors,83,Tax Resolution Firms,tax-resolution-firms,,,,
Professional Services,professional-services,2,"Accountants, CPAs & Tax Advisors",accountants-cpas-tax-advisors,84,IRS Audit Representation,irs-audit-representation,1,Audit & Assurance,Financial Audit,audit-assurance-financial-audit
Professional Services,professional-services,2,"Accountants, CPAs & Tax Advisors",accountants-cpas-tax-advisors,84,IRS Audit Representation,irs-audit-representation,2,Audit & Assurance,Nonprofit Audit,audit-assurance-nonprofit-audit
Professional Services,professional-services,2,"Accountants, CPAs & Tax Advisors",accountants-cpas-tax-advisors,84,IRS Audit Representation,irs-audit-representation,3,Audit & Assurance,Government Audit,audit-assurance-government-audit
Professional Services,professional-services,2,"Accountants, CPAs & Tax Advisors",accountants-cpas-tax-advisors,85,State Audit Representation,state-audit-representation,,,,
Professional Services,professional-services,2,"Accountants, CPAs & Tax Advisors",accountants-cpas-tax-advisors,86,Offer in Compromise Specialists,offer-in-compromise-specialists,,,,
Professional Services,professional-services,2,"Accountants, CPAs & Tax Advisors",accountants-cpas-tax-advisors,87,Installment Agreement Specialists,installment-agreement-specialists,,,,
Professional Services,professional-services,2,"Accountants, CPAs & Tax Advisors",accountants-cpas-tax-advisors,88,Currently Not Collectible Specialists,currently-not-collectible-specialists,,,,
Professional Services,professional-services,2,"Accountants, CPAs & Tax Advisors",accountants-cpas-tax-advisors,89,Penalty Abatement Specialists,penalty-abatement-specialists,,,,
Professional Services,professional-services,2,"Accountants, CPAs & Tax Advisors",accountants-cpas-tax-advisors,90,Innocent Spouse Relief Services,innocent-spouse-relief-services,,,,
Professional Services,professional-services,2,"Accountants, CPAs & Tax Advisors",accountants-cpas-tax-advisors,91,Wage Garnishment Help,wage-garnishment-help,,,,
Professional Services,professional-services,2,"Accountants, CPAs & Tax Advisors",accountants-cpas-tax-advisors,92,Bank Levy Help,bank-levy-help,,,,
Professional Services,professional-services,2,"Accountants, CPAs & Tax Advisors",accountants-cpas-tax-advisors,93,Federal Tax Lien Removal Services,federal-tax-lien-removal-services,,,,
Professional Services,professional-services,2,"Accountants, CPAs & Tax Advisors",accountants-cpas-tax-advisors,94,Bookkeepers,bookkeepers,,,,
Professional Services,professional-services,2,"Accountants, CPAs & Tax Advisors",accountants-cpas-tax-advisors,95,Virtual Bookkeepers,virtual-bookkeepers,,,,
Professional Services,professional-services,2,"Accountants, CPAs & Tax Advisors",accountants-cpas-tax-advisors,96,Mobile Bookkeepers,mobile-bookkeepers,,,,
Professional Services,professional-services,2,"Accountants, CPAs & Tax Advisors",accountants-cpas-tax-advisors,97,Catch-Up Bookkeeping Services,catch-up-bookkeeping-services,1,Bookkeeping,Full-Service Bookkeeping,bookkeeping-full-service-bookkeeping
Professional Services,professional-services,2,"Accountants, CPAs & Tax Advisors",accountants-cpas-tax-advisors,97,Catch-Up Bookkeeping Services,catch-up-bookkeeping-services,2,Bookkeeping,Monthly Bookkeeping,bookkeeping-monthly-bookkeeping
Professional Services,professional-services,2,"Accountants, CPAs & Tax Advisors",accountants-cpas-tax-advisors,97,Catch-Up Bookkeeping Services,catch-up-bookkeeping-services,3,Bookkeeping,QuickBooks Bookkeeping,bookkeeping-quickbooks-bookkeeping
Professional Services,professional-services,2,"Accountants, CPAs & Tax Advisors",accountants-cpas-tax-advisors,97,Catch-Up Bookkeeping Services,catch-up-bookkeeping-services,4,Bookkeeping,Xero Bookkeeping,bookkeeping-xero-bookkeeping
Professional Services,professional-services,2,"Accountants, CPAs & Tax Advisors",accountants-cpas-tax-advisors,97,Catch-Up Bookkeeping Services,catch-up-bookkeeping-services,5,Bookkeeping,Payroll Processing,bookkeeping-payroll-processing
Professional Services,professional-services,2,"Accountants, CPAs & Tax Advisors",accountants-cpas-tax-advisors,97,Catch-Up Bookkeeping Services,catch-up-bookkeeping-services,6,Bookkeeping,Accounts Payable,bookkeeping-accounts-payable
Professional Services,professional-services,2,"Accountants, CPAs & Tax Advisors",accountants-cpas-tax-advisors,97,Catch-Up Bookkeeping Services,catch-up-bookkeeping-services,7,Bookkeeping,Accounts Receivable,bookkeeping-accounts-receivable
Professional Services,professional-services,2,"Accountants, CPAs & Tax Advisors",accountants-cpas-tax-advisors,97,Catch-Up Bookkeeping Services,catch-up-bookkeeping-services,8,Bookkeeping,Bank Reconciliation,bookkeeping-bank-reconciliation
Professional Services,professional-services,2,"Accountants, CPAs & Tax Advisors",accountants-cpas-tax-advisors,97,Catch-Up Bookkeeping Services,catch-up-bookkeeping-services,9,Bookkeeping,Financial Statements,bookkeeping-financial-statements
Professional Services,professional-services,2,"Accountants, CPAs & Tax Advisors",accountants-cpas-tax-advisors,97,Catch-Up Bookkeeping Services,catch-up-bookkeeping-services,10,Bookkeeping,Year-End Closing,bookkeeping-year-end-closing
Professional Services,professional-services,2,"Accountants, CPAs & Tax Advisors",accountants-cpas-tax-advisors,98,Cleanup Bookkeeping Services,cleanup-bookkeeping-services,,,,
Professional Services,professional-services,2,"Accountants, CPAs & Tax Advisors",accountants-cpas-tax-advisors,99,QuickBooks ProAdvisors,quickbooks-proadvisors,,,,
Professional Services,professional-services,2,"Accountants, CPAs & Tax Advisors",accountants-cpas-tax-advisors,100,Xero Certified Advisors,xero-certified-advisors,,,,
Professional Services,professional-services,2,"Accountants, CPAs & Tax Advisors",accountants-cpas-tax-advisors,101,FreshBooks Specialists,freshbooks-specialists,,,,
Professional Services,professional-services,2,"Accountants, CPAs & Tax Advisors",accountants-cpas-tax-advisors,102,Wave Bookkeepers,wave-bookkeepers,,,,
Professional Services,professional-services,2,"Accountants, CPAs & Tax Advisors",accountants-cpas-tax-advisors,103,Sage Bookkeepers,sage-bookkeepers,,,,
Professional Services,professional-services,2,"Accountants, CPAs & Tax Advisors",accountants-cpas-tax-advisors,104,NetSuite Bookkeepers,netsuite-bookkeepers,,,,
Professional Services,professional-services,2,"Accountants, CPAs & Tax Advisors",accountants-cpas-tax-advisors,105,SAP Bookkeepers,sap-bookkeepers,,,,
Professional Services,professional-services,2,"Accountants, CPAs & Tax Advisors",accountants-cpas-tax-advisors,106,Industry-Specific Bookkeepers,industry-specific-bookkeepers,,,,
Professional Services,professional-services,2,"Accountants, CPAs & Tax Advisors",accountants-cpas-tax-advisors,107,Restaurant Bookkeepers,restaurant-bookkeepers,,,,
Professional Services,professional-services,2,"Accountants, CPAs & Tax Advisors",accountants-cpas-tax-advisors,108,Trucking Bookkeepers,trucking-bookkeepers,,,,
Professional Services,professional-services,2,"Accountants, CPAs & Tax Advisors",accountants-cpas-tax-advisors,109,Construction Bookkeepers,construction-bookkeepers,,,,
Professional Services,professional-services,2,"Accountants, CPAs & Tax Advisors",accountants-cpas-tax-advisors,110,Real Estate Bookkeepers,real-estate-bookkeepers,,,,
Professional Services,professional-services,2,"Accountants, CPAs & Tax Advisors",accountants-cpas-tax-advisors,111,E-Commerce Bookkeepers,e-commerce-bookkeepers,,,,
Professional Services,professional-services,2,"Accountants, CPAs & Tax Advisors",accountants-cpas-tax-advisors,112,Shopify Bookkeepers,shopify-bookkeepers,,,,
Professional Services,professional-services,2,"Accountants, CPAs & Tax Advisors",accountants-cpas-tax-advisors,113,Amazon Seller Bookkeepers,amazon-seller-bookkeepers,,,,
Professional Services,professional-services,2,"Accountants, CPAs & Tax Advisors",accountants-cpas-tax-advisors,114,Etsy Seller Bookkeepers,etsy-seller-bookkeepers,,,,
Professional Services,professional-services,2,"Accountants, CPAs & Tax Advisors",accountants-cpas-tax-advisors,115,Audit Firms,audit-firms,,,,
Professional Services,professional-services,2,"Accountants, CPAs & Tax Advisors",accountants-cpas-tax-advisors,116,External Auditors,external-auditors,,,,
Professional Services,professional-services,2,"Accountants, CPAs & Tax Advisors",accountants-cpas-tax-advisors,117,Internal Auditors,internal-auditors,,,,
Professional Services,professional-services,2,"Accountants, CPAs & Tax Advisors",accountants-cpas-tax-advisors,118,Operational Auditors,operational-auditors,,,,
Professional Services,professional-services,2,"Accountants, CPAs & Tax Advisors",accountants-cpas-tax-advisors,119,IT Auditors,it-auditors,,,,
Professional Services,professional-services,2,"Accountants, CPAs & Tax Advisors",accountants-cpas-tax-advisors,120,SOC 1 Auditors,soc-1-auditors,,,,
Professional Services,professional-services,2,"Accountants, CPAs & Tax Advisors",accountants-cpas-tax-advisors,121,SOC 2 Auditors,soc-2-auditors,,,,
Professional Services,professional-services,2,"Accountants, CPAs & Tax Advisors",accountants-cpas-tax-advisors,122,SOC 3 Auditors,soc-3-auditors,,,,
Professional Services,professional-services,2,"Accountants, CPAs & Tax Advisors",accountants-cpas-tax-advisors,123,ISO 27001 Auditors,iso-27001-auditors,,,,
Professional Services,professional-services,2,"Accountants, CPAs & Tax Advisors",accountants-cpas-tax-advisors,124,PCI DSS Auditors,pci-dss-auditors,,,,
Professional Services,professional-services,2,"Accountants, CPAs & Tax Advisors",accountants-cpas-tax-advisors,125,HIPAA Auditors,hipaa-auditors,,,,
Professional Services,professional-services,2,"Accountants, CPAs & Tax Advisors",accountants-cpas-tax-advisors,126,HITRUST Assessors,hitrust-assessors,,,,
Professional Services,professional-services,2,"Accountants, CPAs & Tax Advisors",accountants-cpas-tax-advisors,127,FedRAMP Auditors,fedramp-auditors,,,,
Professional Services,professional-services,2,"Accountants, CPAs & Tax Advisors",accountants-cpas-tax-advisors,128,Forensic Accountants,forensic-accountants,1,Audit & Assurance,Forensic Accounting,audit-assurance-forensic-accounting
Professional Services,professional-services,2,"Accountants, CPAs & Tax Advisors",accountants-cpas-tax-advisors,128,Forensic Accountants,forensic-accountants,2,Forensic Services,Fraud Investigation,forensic-services-fraud-investigation
Professional Services,professional-services,2,"Accountants, CPAs & Tax Advisors",accountants-cpas-tax-advisors,128,Forensic Accountants,forensic-accountants,3,Forensic Services,Business Damage,forensic-services-business-damage
Professional Services,professional-services,2,"Accountants, CPAs & Tax Advisors",accountants-cpas-tax-advisors,128,Forensic Accountants,forensic-accountants,4,Forensic Services,Insurance Claims Forensic,forensic-services-insurance-claims-forensic
Professional Services,professional-services,2,"Accountants, CPAs & Tax Advisors",accountants-cpas-tax-advisors,128,Forensic Accountants,forensic-accountants,5,Forensic Services,Embezzlement,forensic-services-embezzlement
Professional Services,professional-services,2,"Accountants, CPAs & Tax Advisors",accountants-cpas-tax-advisors,128,Forensic Accountants,forensic-accountants,6,Forensic Services,Financial Crime,forensic-services-financial-crime
Professional Services,professional-services,2,"Accountants, CPAs & Tax Advisors",accountants-cpas-tax-advisors,128,Forensic Accountants,forensic-accountants,7,Forensic Services,Asset Tracing,forensic-services-asset-tracing
Professional Services,professional-services,2,"Accountants, CPAs & Tax Advisors",accountants-cpas-tax-advisors,128,Forensic Accountants,forensic-accountants,8,Forensic Services,Whistleblower Investigation,forensic-services-whistleblower-investigation
Professional Services,professional-services,2,"Accountants, CPAs & Tax Advisors",accountants-cpas-tax-advisors,129,Fraud Examiners,fraud-examiners,,,,
Professional Services,professional-services,2,"Accountants, CPAs & Tax Advisors",accountants-cpas-tax-advisors,130,Certified Fraud Examiners,certified-fraud-examiners,,,,
Professional Services,professional-services,2,"Accountants, CPAs & Tax Advisors",accountants-cpas-tax-advisors,131,Litigation Support Accountants,litigation-support-accountants,1,Forensic Services,Litigation Support,forensic-services-litigation-support
Professional Services,professional-services,2,"Accountants, CPAs & Tax Advisors",accountants-cpas-tax-advisors,132,Expert Witness Accountants,expert-witness-accountants,1,Forensic Services,Expert Witness,forensic-services-expert-witness
Professional Services,professional-services,2,"Accountants, CPAs & Tax Advisors",accountants-cpas-tax-advisors,133,Business Valuation Experts,business-valuation-experts,,,,
Professional Services,professional-services,2,"Accountants, CPAs & Tax Advisors",accountants-cpas-tax-advisors,134,Divorce Forensic Accountants,divorce-forensic-accountants,1,Forensic Services,Divorce Forensic,forensic-services-divorce-forensic
Professional Services,professional-services,2,"Accountants, CPAs & Tax Advisors",accountants-cpas-tax-advisors,135,Embezzlement Investigators,embezzlement-investigators,,,,
Professional Services,professional-services,2,"Accountants, CPAs & Tax Advisors",accountants-cpas-tax-advisors,136,Money Laundering Investigators,money-laundering-investigators,,,,
Professional Services,professional-services,2,"Accountants, CPAs & Tax Advisors",accountants-cpas-tax-advisors,137,Asset Tracing Specialists,asset-tracing-specialists,,,,
Professional Services,professional-services,2,"Accountants, CPAs & Tax Advisors",accountants-cpas-tax-advisors,138,Bankruptcy Accountants,bankruptcy-accountants,,,,
Professional Services,professional-services,2,"Accountants, CPAs & Tax Advisors",accountants-cpas-tax-advisors,139,Trustee Accountants,trustee-accountants,,,,
Professional Services,professional-services,2,"Accountants, CPAs & Tax Advisors",accountants-cpas-tax-advisors,140,Receivership Accountants,receivership-accountants,,,,
Professional Services,professional-services,2,"Accountants, CPAs & Tax Advisors",accountants-cpas-tax-advisors,141,Restructuring Accountants,restructuring-accountants,,,,
Professional Services,professional-services,2,"Accountants, CPAs & Tax Advisors",accountants-cpas-tax-advisors,142,Turnaround Accountants,turnaround-accountants,,,,
Professional Services,professional-services,2,"Accountants, CPAs & Tax Advisors",accountants-cpas-tax-advisors,143,Fractional CFO Services,fractional-cfo-services,,,,
Professional Services,professional-services,2,"Accountants, CPAs & Tax Advisors",accountants-cpas-tax-advisors,144,Outsourced CFO Services,outsourced-cfo-services,,,,
Professional Services,professional-services,2,"Accountants, CPAs & Tax Advisors",accountants-cpas-tax-advisors,145,Part-Time CFO Services,part-time-cfo-services,,,,
Professional Services,professional-services,2,"Accountants, CPAs & Tax Advisors",accountants-cpas-tax-advisors,146,Interim CFO Services,interim-cfo-services,,,,
Professional Services,professional-services,2,"Accountants, CPAs & Tax Advisors",accountants-cpas-tax-advisors,147,Startup CFO Services,startup-cfo-services,,,,
Professional Services,professional-services,2,"Accountants, CPAs & Tax Advisors",accountants-cpas-tax-advisors,148,Pre-IPO CFO Services,pre-ipo-cfo-services,,,,
Professional Services,professional-services,2,"Accountants, CPAs & Tax Advisors",accountants-cpas-tax-advisors,149,Outsourced Controller Services,outsourced-controller-services,,,,
Professional Services,professional-services,2,"Accountants, CPAs & Tax Advisors",accountants-cpas-tax-advisors,150,Outsourced Accounting Services,outsourced-accounting-services,1,Audit & Assurance,Fraud Investigation,audit-assurance-fraud-investigation
Professional Services,professional-services,2,"Accountants, CPAs & Tax Advisors",accountants-cpas-tax-advisors,150,Outsourced Accounting Services,outsourced-accounting-services,2,Audit & Assurance,Agreed-Upon Procedures,audit-assurance-agreed-upon-procedures
Professional Services,professional-services,2,"Accountants, CPAs & Tax Advisors",accountants-cpas-tax-advisors,150,Outsourced Accounting Services,outsourced-accounting-services,3,Audit & Assurance,Review Engagement,audit-assurance-review-engagement
Professional Services,professional-services,2,"Accountants, CPAs & Tax Advisors",accountants-cpas-tax-advisors,151,Back Office Accounting Services,back-office-accounting-services,1,Office Solutions,Scanning Services,office-solutions-scanning-services
Professional Services,professional-services,2,"Accountants, CPAs & Tax Advisors",accountants-cpas-tax-advisors,151,Back Office Accounting Services,back-office-accounting-services,2,Office Solutions,Fax Services,office-solutions-fax-services
Professional Services,professional-services,2,"Accountants, CPAs & Tax Advisors",accountants-cpas-tax-advisors,151,Back Office Accounting Services,back-office-accounting-services,3,Office Solutions,Shredding Services,office-solutions-shredding-services
Professional Services,professional-services,2,"Accountants, CPAs & Tax Advisors",accountants-cpas-tax-advisors,151,Back Office Accounting Services,back-office-accounting-services,4,Office Technology,Internet Service,office-technology-internet-service
Professional Services,professional-services,3,Financial Advisors & Wealth Management,financial-advisors-wealth-management,1,Independent Financial Advisors,independent-financial-advisors,1,Insurance,Professional Liability,insurance-professional-liability
Professional Services,professional-services,3,Financial Advisors & Wealth Management,financial-advisors-wealth-management,1,Independent Financial Advisors,independent-financial-advisors,2,Insurance,General Liability,insurance-general-liability
Professional Services,professional-services,3,Financial Advisors & Wealth Management,financial-advisors-wealth-management,1,Independent Financial Advisors,independent-financial-advisors,3,Insurance,Commercial Property,insurance-commercial-property
Professional Services,professional-services,3,Financial Advisors & Wealth Management,financial-advisors-wealth-management,1,Independent Financial Advisors,independent-financial-advisors,4,Insurance,Directors & Officers,insurance-directors-officers
Professional Services,professional-services,3,Financial Advisors & Wealth Management,financial-advisors-wealth-management,1,Independent Financial Advisors,independent-financial-advisors,5,Insurance,Retirement Plans,insurance-retirement-plans
Professional Services,professional-services,3,Financial Advisors & Wealth Management,financial-advisors-wealth-management,1,Independent Financial Advisors,independent-financial-advisors,6,Personal Finance,Home Insurance,personal-finance-home-insurance
Professional Services,professional-services,3,Financial Advisors & Wealth Management,financial-advisors-wealth-management,1,Independent Financial Advisors,independent-financial-advisors,7,Personal Finance,Auto Insurance,personal-finance-auto-insurance
Professional Services,professional-services,3,Financial Advisors & Wealth Management,financial-advisors-wealth-management,1,Independent Financial Advisors,independent-financial-advisors,8,Personal Finance,Annuities,personal-finance-annuities
Professional Services,professional-services,3,Financial Advisors & Wealth Management,financial-advisors-wealth-management,1,Independent Financial Advisors,independent-financial-advisors,9,Personal Finance,Debt Management,personal-finance-debt-management
Professional Services,professional-services,3,Financial Advisors & Wealth Management,financial-advisors-wealth-management,1,Independent Financial Advisors,independent-financial-advisors,10,Personal Finance,Mortgage Lending,personal-finance-mortgage-lending
Professional Services,professional-services,3,Financial Advisors & Wealth Management,financial-advisors-wealth-management,2,Fee-Only Financial Advisors,fee-only-financial-advisors,,,,
Professional Services,professional-services,3,Financial Advisors & Wealth Management,financial-advisors-wealth-management,3,Fee-Based Financial Advisors,fee-based-financial-advisors,,,,
Professional Services,professional-services,3,Financial Advisors & Wealth Management,financial-advisors-wealth-management,4,Fiduciary Financial Advisors,fiduciary-financial-advisors,,,,
Professional Services,professional-services,3,Financial Advisors & Wealth Management,financial-advisors-wealth-management,5,Certified Financial Planners,certified-financial-planners,1,Wealth Management,Financial Planning,wealth-management-financial-planning
Professional Services,professional-services,3,Financial Advisors & Wealth Management,financial-advisors-wealth-management,5,Certified Financial Planners,certified-financial-planners,2,Wealth Management,Philanthropic Planning,wealth-management-philanthropic-planning
Professional Services,professional-services,3,Financial Advisors & Wealth Management,financial-advisors-wealth-management,5,Certified Financial Planners,certified-financial-planners,3,Wealth Management,Succession Planning,wealth-management-succession-planning
Professional Services,professional-services,3,Financial Advisors & Wealth Management,financial-advisors-wealth-management,6,CFP Professionals,cfp-professionals,,,,
Professional Services,professional-services,3,Financial Advisors & Wealth Management,financial-advisors-wealth-management,7,Chartered Financial Analysts,chartered-financial-analysts,,,,
Professional Services,professional-services,3,Financial Advisors & Wealth Management,financial-advisors-wealth-management,8,Personal CFOs,personal-cfos,,,,
Professional Services,professional-services,3,Financial Advisors & Wealth Management,financial-advisors-wealth-management,9,Wealth Managers,wealth-managers,1,Wealth Management,Investment Management,wealth-management-investment-management
Professional Services,professional-services,3,Financial Advisors & Wealth Management,financial-advisors-wealth-management,9,Wealth Managers,wealth-managers,2,Wealth Management,Portfolio Review,wealth-management-portfolio-review
Professional Services,professional-services,3,Financial Advisors & Wealth Management,financial-advisors-wealth-management,9,Wealth Managers,wealth-managers,3,Wealth Management,Risk Assessment,wealth-management-risk-assessment
Professional Services,professional-services,3,Financial Advisors & Wealth Management,financial-advisors-wealth-management,10,Private Wealth Managers,private-wealth-managers,,,,
Professional Services,professional-services,3,Financial Advisors & Wealth Management,financial-advisors-wealth-management,11,Ultra High Net Worth Advisors,ultra-high-net-worth-advisors,,,,
Professional Services,professional-services,3,Financial Advisors & Wealth Management,financial-advisors-wealth-management,12,Multi-Family Office Advisors,multi-family-office-advisors,1,Wealth Management,Family Office,wealth-management-family-office
Professional Services,professional-services,3,Financial Advisors & Wealth Management,financial-advisors-wealth-management,13,Single Family Office Advisors,single-family-office-advisors,,,,
Professional Services,professional-services,3,Financial Advisors & Wealth Management,financial-advisors-wealth-management,14,Family Wealth Counselors,family-wealth-counselors,,,,
Professional Services,professional-services,3,Financial Advisors & Wealth Management,financial-advisors-wealth-management,15,Generational Wealth Advisors,generational-wealth-advisors,,,,
Professional Services,professional-services,3,Financial Advisors & Wealth Management,financial-advisors-wealth-management,16,Inherited Wealth Advisors,inherited-wealth-advisors,,,,
Professional Services,professional-services,3,Financial Advisors & Wealth Management,financial-advisors-wealth-management,17,Sudden Wealth Advisors,sudden-wealth-advisors,,,,
Professional Services,professional-services,3,Financial Advisors & Wealth Management,financial-advisors-wealth-management,18,Lottery Winner Advisors,lottery-winner-advisors,,,,
Professional Services,professional-services,3,Financial Advisors & Wealth Management,financial-advisors-wealth-management,19,Inheritance Advisors,inheritance-advisors,,,,
Professional Services,professional-services,3,Financial Advisors & Wealth Management,financial-advisors-wealth-management,20,Wealth Transfer Advisors,wealth-transfer-advisors,,,,
Professional Services,professional-services,3,Financial Advisors & Wealth Management,financial-advisors-wealth-management,21,Legacy Planners,legacy-planners,,,,
Professional Services,professional-services,3,Financial Advisors & Wealth Management,financial-advisors-wealth-management,22,Charitable Giving Advisors,charitable-giving-advisors,,,,
Professional Services,professional-services,3,Financial Advisors & Wealth Management,financial-advisors-wealth-management,23,Donor-Advised Fund Advisors,donor-advised-fund-advisors,,,,
Professional Services,professional-services,3,Financial Advisors & Wealth Management,financial-advisors-wealth-management,24,Private Foundation Advisors,private-foundation-advisors,,,,
Professional Services,professional-services,3,Financial Advisors & Wealth Management,financial-advisors-wealth-management,25,Endowment Advisors,endowment-advisors,,,,
Professional Services,professional-services,3,Financial Advisors & Wealth Management,financial-advisors-wealth-management,26,Pension Plan Advisors,pension-plan-advisors,,,,
Professional Services,professional-services,3,Financial Advisors & Wealth Management,financial-advisors-wealth-management,27,401(k) Advisors,401k-advisors,,,,
Professional Services,professional-services,3,Financial Advisors & Wealth Management,financial-advisors-wealth-management,28,403(b) Advisors,403b-advisors,,,,
Professional Services,professional-services,3,Financial Advisors & Wealth Management,financial-advisors-wealth-management,29,457 Plan Advisors,457-plan-advisors,,,,
Professional Services,professional-services,3,Financial Advisors & Wealth Management,financial-advisors-wealth-management,30,Solo 401(k) Advisors,solo-401k-advisors,,,,
Professional Services,professional-services,3,Financial Advisors & Wealth Management,financial-advisors-wealth-management,31,SEP IRA Advisors,sep-ira-advisors,,,,
Professional Services,professional-services,3,Financial Advisors & Wealth Management,financial-advisors-wealth-management,32,SIMPLE IRA Advisors,simple-ira-advisors,,,,
Professional Services,professional-services,3,Financial Advisors & Wealth Management,financial-advisors-wealth-management,33,Roth IRA Advisors,roth-ira-advisors,,,,
Professional Services,professional-services,3,Financial Advisors & Wealth Management,financial-advisors-wealth-management,34,Backdoor Roth Specialists,backdoor-roth-specialists,,,,
Professional Services,professional-services,3,Financial Advisors & Wealth Management,financial-advisors-wealth-management,35,Mega Backdoor Roth Specialists,mega-backdoor-roth-specialists,,,,
Professional Services,professional-services,3,Financial Advisors & Wealth Management,financial-advisors-wealth-management,36,Self-Directed IRA Advisors,self-directed-ira-advisors,,,,
Professional Services,professional-services,3,Financial Advisors & Wealth Management,financial-advisors-wealth-management,37,Real Estate IRA Specialists,real-estate-ira-specialists,,,,
Professional Services,professional-services,3,Financial Advisors & Wealth Management,financial-advisors-wealth-management,38,Crypto IRA Specialists,crypto-ira-specialists,,,,
Professional Services,professional-services,3,Financial Advisors & Wealth Management,financial-advisors-wealth-management,39,HSA Investment Advisors,hsa-investment-advisors,1,Investment Advisory,Wealth Management Service,investment-advisory-wealth-management-service
Professional Services,professional-services,3,Financial Advisors & Wealth Management,financial-advisors-wealth-management,40,529 Plan Advisors,529-plan-advisors,,,,
Professional Services,professional-services,3,Financial Advisors & Wealth Management,financial-advisors-wealth-management,41,College Savings Advisors,college-savings-advisors,1,Personal Finance,College Savings (529),personal-finance-college-savings-529
Professional Services,professional-services,3,Financial Advisors & Wealth Management,financial-advisors-wealth-management,42,Education Funding Specialists,education-funding-specialists,,,,
Professional Services,professional-services,3,Financial Advisors & Wealth Management,financial-advisors-wealth-management,43,Student Loan Advisors,student-loan-advisors,,,,
Professional Services,professional-services,3,Financial Advisors & Wealth Management,financial-advisors-wealth-management,44,Public Service Loan Forgiveness Advisors,public-service-loan-forgiveness-advisors,,,,
Professional Services,professional-services,3,Financial Advisors & Wealth Management,financial-advisors-wealth-management,45,Income-Driven Repayment Specialists,income-driven-repayment-specialists,,,,
Professional Services,professional-services,3,Financial Advisors & Wealth Management,financial-advisors-wealth-management,46,Retirement Planners,financial-advisors-wealth-management-retirement-planners,,,,
Professional Services,professional-services,3,Financial Advisors & Wealth Management,financial-advisors-wealth-management,47,Pre-Retirement Planners,pre-retirement-planners,,,,
Professional Services,professional-services,3,Financial Advisors & Wealth Management,financial-advisors-wealth-management,48,Early Retirement Specialists,early-retirement-specialists,,,,
Professional Services,professional-services,3,Financial Advisors & Wealth Management,financial-advisors-wealth-management,49,FIRE Movement Advisors,fire-movement-advisors,,,,
Professional Services,professional-services,3,Financial Advisors & Wealth Management,financial-advisors-wealth-management,50,Coast FIRE Advisors,coast-fire-advisors,,,,
Professional Services,professional-services,3,Financial Advisors & Wealth Management,financial-advisors-wealth-management,51,Lean FIRE Advisors,lean-fire-advisors,,,,
Professional Services,professional-services,3,Financial Advisors & Wealth Management,financial-advisors-wealth-management,52,Fat FIRE Advisors,fat-fire-advisors,,,,
Professional Services,professional-services,3,Financial Advisors & Wealth Management,financial-advisors-wealth-management,53,Social Security Optimization Specialists,social-security-optimization-specialists,1,Surveillance,Visitor Management Security,surveillance-visitor-management-security
Professional Services,professional-services,3,Financial Advisors & Wealth Management,financial-advisors-wealth-management,54,Medicare Planning Specialists,medicare-planning-specialists,,,,
Professional Services,professional-services,3,Financial Advisors & Wealth Management,financial-advisors-wealth-management,55,Long-Term Care Insurance Specialists,long-term-care-insurance-specialists,1,Insurance,Cyber Insurance,insurance-cyber-insurance
Professional Services,professional-services,3,Financial Advisors & Wealth Management,financial-advisors-wealth-management,55,Long-Term Care Insurance Specialists,long-term-care-insurance-specialists,2,Personal Finance,Long-Term Care,personal-finance-long-term-care
Professional Services,professional-services,3,Financial Advisors & Wealth Management,financial-advisors-wealth-management,56,Annuity Specialists,annuity-specialists,,,,
Professional Services,professional-services,3,Financial Advisors & Wealth Management,financial-advisors-wealth-management,57,Variable Annuity Advisors,variable-annuity-advisors,,,,
Professional Services,professional-services,3,Financial Advisors & Wealth Management,financial-advisors-wealth-management,58,Fixed Annuity Advisors,fixed-annuity-advisors,,,,
Professional Services,professional-services,3,Financial Advisors & Wealth Management,financial-advisors-wealth-management,59,Indexed Annuity Specialists,indexed-annuity-specialists,,,,
Professional Services,professional-services,3,Financial Advisors & Wealth Management,financial-advisors-wealth-management,60,Pension Maximization Specialists,pension-maximization-specialists,,,,
Professional Services,professional-services,3,Financial Advisors & Wealth Management,financial-advisors-wealth-management,61,Income Planning Specialists,income-planning-specialists,,,,
Professional Services,professional-services,3,Financial Advisors & Wealth Management,financial-advisors-wealth-management,62,Tax-Efficient Retirement Income Planners,tax-efficient-retirement-income-planners,1,Wealth Management,Tax-Efficient Investing,wealth-management-tax-efficient-investing
Professional Services,professional-services,3,Financial Advisors & Wealth Management,financial-advisors-wealth-management,63,Required Minimum Distribution Specialists,required-minimum-distribution-specialists,,,,
Professional Services,professional-services,3,Financial Advisors & Wealth Management,financial-advisors-wealth-management,64,QCD Specialists,qcd-specialists,,,,
Professional Services,professional-services,3,Financial Advisors & Wealth Management,financial-advisors-wealth-management,65,Investment Advisors,financial-advisors-wealth-management-investment-advisors,,,,
Professional Services,professional-services,3,Financial Advisors & Wealth Management,financial-advisors-wealth-management,66,Registered Investment Advisors,registered-investment-advisors,,,,
Professional Services,professional-services,3,Financial Advisors & Wealth Management,financial-advisors-wealth-management,67,RIA Firms,ria-firms,,,,
Professional Services,professional-services,3,Financial Advisors & Wealth Management,financial-advisors-wealth-management,68,Robo-Advisors,robo-advisors,,,,
Professional Services,professional-services,3,Financial Advisors & Wealth Management,financial-advisors-wealth-management,69,Hybrid Advisors,hybrid-advisors,,,,
Professional Services,professional-services,3,Financial Advisors & Wealth Management,financial-advisors-wealth-management,70,ESG Investment Advisors,esg-investment-advisors,,,,
Professional Services,professional-services,3,Financial Advisors & Wealth Management,financial-advisors-wealth-management,71,Impact Investing Advisors,impact-investing-advisors,,,,
Professional Services,professional-services,3,Financial Advisors & Wealth Management,financial-advisors-wealth-management,72,Sustainable Investing Advisors,sustainable-investing-advisors,,,,
Professional Services,professional-services,3,Financial Advisors & Wealth Management,financial-advisors-wealth-management,73,SRI Advisors,sri-advisors,,,,
Professional Services,professional-services,3,Financial Advisors & Wealth Management,financial-advisors-wealth-management,74,Faith-Based Investing Advisors,faith-based-investing-advisors,,,,
Professional Services,professional-services,3,Financial Advisors & Wealth Management,financial-advisors-wealth-management,75,Christian Investment Advisors,christian-investment-advisors,,,,
Professional Services,professional-services,3,Financial Advisors & Wealth Management,financial-advisors-wealth-management,76,Halal Investment Advisors,halal-investment-advisors,,,,
Professional Services,professional-services,3,Financial Advisors & Wealth Management,financial-advisors-wealth-management,77,Ethical Investment Advisors,ethical-investment-advisors,,,,
Professional Services,professional-services,3,Financial Advisors & Wealth Management,financial-advisors-wealth-management,78,Activist Investment Advisors,activist-investment-advisors,,,,
Professional Services,professional-services,3,Financial Advisors & Wealth Management,financial-advisors-wealth-management,79,Concentrated Stock Specialists,concentrated-stock-specialists,,,,
Professional Services,professional-services,3,Financial Advisors & Wealth Management,financial-advisors-wealth-management,80,Stock Option Exercise Specialists,stock-option-exercise-specialists,,,,
Professional Services,professional-services,3,Financial Advisors & Wealth Management,financial-advisors-wealth-management,81,RSU Tax Planning Specialists,rsu-tax-planning-specialists,,,,
Professional Services,professional-services,3,Financial Advisors & Wealth Management,financial-advisors-wealth-management,82,Equity Compensation Specialists,equity-compensation-specialists,,,,
Professional Services,professional-services,3,Financial Advisors & Wealth Management,financial-advisors-wealth-management,83,Executive Compensation Advisors,executive-compensation-advisors,1,Insurance,Workers Compensation,insurance-workers-compensation
Professional Services,professional-services,3,Financial Advisors & Wealth Management,financial-advisors-wealth-management,84,C-Suite Financial Planners,c-suite-financial-planners,,,,
Professional Services,professional-services,3,Financial Advisors & Wealth Management,financial-advisors-wealth-management,85,Physician Financial Advisors,physician-financial-advisors,,,,
Professional Services,professional-services,3,Financial Advisors & Wealth Management,financial-advisors-wealth-management,86,Doctor Wealth Management,doctor-wealth-management,,,,
Professional Services,professional-services,3,Financial Advisors & Wealth Management,financial-advisors-wealth-management,87,Dentist Financial Advisors,dentist-financial-advisors,,,,
Professional Services,professional-services,3,Financial Advisors & Wealth Management,financial-advisors-wealth-management,88,Lawyer Financial Advisors,lawyer-financial-advisors,,,,
Professional Services,professional-services,3,Financial Advisors & Wealth Management,financial-advisors-wealth-management,89,Engineer Financial Advisors,engineer-financial-advisors,,,,
Professional Services,professional-services,3,Financial Advisors & Wealth Management,financial-advisors-wealth-management,90,Tech Worker Financial Advisors,tech-worker-financial-advisors,,,,
Professional Services,professional-services,3,Financial Advisors & Wealth Management,financial-advisors-wealth-management,91,Startup Founder Financial Advisors,startup-founder-financial-advisors,,,,
Professional Services,professional-services,3,Financial Advisors & Wealth Management,financial-advisors-wealth-management,92,Business Owner Financial Advisors,business-owner-financial-advisors,1,Business Finance,CFO Services,business-finance-cfo-services
Professional Services,professional-services,3,Financial Advisors & Wealth Management,financial-advisors-wealth-management,92,Business Owner Financial Advisors,business-owner-financial-advisors,2,Business Finance,Financial Modeling,business-finance-financial-modeling
Professional Services,professional-services,3,Financial Advisors & Wealth Management,financial-advisors-wealth-management,92,Business Owner Financial Advisors,business-owner-financial-advisors,3,Business Finance,Business Valuation,business-finance-business-valuation
Professional Services,professional-services,3,Financial Advisors & Wealth Management,financial-advisors-wealth-management,92,Business Owner Financial Advisors,business-owner-financial-advisors,4,Business Finance,Funding Strategy,business-finance-funding-strategy
Professional Services,professional-services,3,Financial Advisors & Wealth Management,financial-advisors-wealth-management,92,Business Owner Financial Advisors,business-owner-financial-advisors,5,Business Finance,M&A Advisory,business-finance-m-a-advisory
Professional Services,professional-services,3,Financial Advisors & Wealth Management,financial-advisors-wealth-management,92,Business Owner Financial Advisors,business-owner-financial-advisors,6,Business Finance,Due Diligence,business-finance-due-diligence
Professional Services,professional-services,3,Financial Advisors & Wealth Management,financial-advisors-wealth-management,92,Business Owner Financial Advisors,business-owner-financial-advisors,7,Business Finance,Restructuring,business-finance-restructuring
Professional Services,professional-services,3,Financial Advisors & Wealth Management,financial-advisors-wealth-management,92,Business Owner Financial Advisors,business-owner-financial-advisors,8,Business Finance,Bankruptcy Advisory,business-finance-bankruptcy-advisory
Professional Services,professional-services,3,Financial Advisors & Wealth Management,financial-advisors-wealth-management,92,Business Owner Financial Advisors,business-owner-financial-advisors,9,Business Finance,Turnaround Consulting,business-finance-turnaround-consulting
Professional Services,professional-services,3,Financial Advisors & Wealth Management,financial-advisors-wealth-management,92,Business Owner Financial Advisors,business-owner-financial-advisors,10,Insurance,Business Insurance,insurance-business-insurance
Professional Services,professional-services,3,Financial Advisors & Wealth Management,financial-advisors-wealth-management,93,Small Business Financial Planners,small-business-financial-planners,,,,
Professional Services,professional-services,3,Financial Advisors & Wealth Management,financial-advisors-wealth-management,94,Solo Entrepreneur Financial Planners,solo-entrepreneur-financial-planners,,,,
Professional Services,professional-services,3,Financial Advisors & Wealth Management,financial-advisors-wealth-management,95,Freelancer Financial Advisors,freelancer-financial-advisors,,,,
Professional Services,professional-services,3,Financial Advisors & Wealth Management,financial-advisors-wealth-management,96,Creator Financial Advisors,creator-financial-advisors,,,,
Professional Services,professional-services,3,Financial Advisors & Wealth Management,financial-advisors-wealth-management,97,Athlete Financial Advisors,athlete-financial-advisors,,,,
Professional Services,professional-services,3,Financial Advisors & Wealth Management,financial-advisors-wealth-management,98,Professional Athlete Wealth Managers,professional-athlete-wealth-managers,,,,
Professional Services,professional-services,3,Financial Advisors & Wealth Management,financial-advisors-wealth-management,99,Entertainer Financial Advisors,entertainer-financial-advisors,,,,
Professional Services,professional-services,3,Financial Advisors & Wealth Management,financial-advisors-wealth-management,100,Actor Financial Advisors,actor-financial-advisors,,,,
Professional Services,professional-services,3,Financial Advisors & Wealth Management,financial-advisors-wealth-management,101,Musician Financial Advisors,musician-financial-advisors,,,,
Professional Services,professional-services,3,Financial Advisors & Wealth Management,financial-advisors-wealth-management,102,Author Financial Advisors,author-financial-advisors,,,,
Professional Services,professional-services,3,Financial Advisors & Wealth Management,financial-advisors-wealth-management,103,Military Financial Advisors,military-financial-advisors,,,,
Professional Services,professional-services,3,Financial Advisors & Wealth Management,financial-advisors-wealth-management,104,Federal Employee Financial Planners,federal-employee-financial-planners,,,,
Professional Services,professional-services,3,Financial Advisors & Wealth Management,financial-advisors-wealth-management,105,Teacher Financial Advisors,teacher-financial-advisors,,,,
Professional Services,professional-services,3,Financial Advisors & Wealth Management,financial-advisors-wealth-management,106,Nurse Financial Advisors,nurse-financial-advisors,,,,
Professional Services,professional-services,3,Financial Advisors & Wealth Management,financial-advisors-wealth-management,107,First Responder Financial Advisors,first-responder-financial-advisors,,,,
Professional Services,professional-services,3,Financial Advisors & Wealth Management,financial-advisors-wealth-management,108,Veteran Financial Advisors,veteran-financial-advisors,,,,
Professional Services,professional-services,3,Financial Advisors & Wealth Management,financial-advisors-wealth-management,109,LGBTQ+ Financial Advisors,lgbtq-financial-advisors,,,,
Professional Services,professional-services,3,Financial Advisors & Wealth Management,financial-advisors-wealth-management,110,Female Financial Advisors,female-financial-advisors,,,,
Professional Services,professional-services,3,Financial Advisors & Wealth Management,financial-advisors-wealth-management,111,BIPOC Financial Advisors,bipoc-financial-advisors,,,,
Professional Services,professional-services,3,Financial Advisors & Wealth Management,financial-advisors-wealth-management,112,Latinx Financial Advisors,latinx-financial-advisors,,,,
Professional Services,professional-services,3,Financial Advisors & Wealth Management,financial-advisors-wealth-management,113,Black Financial Advisors,black-financial-advisors,,,,
Professional Services,professional-services,3,Financial Advisors & Wealth Management,financial-advisors-wealth-management,114,Hispanic Financial Advisors,hispanic-financial-advisors,,,,
Professional Services,professional-services,3,Financial Advisors & Wealth Management,financial-advisors-wealth-management,115,Asian American Financial Advisors,asian-american-financial-advisors,,,,
Professional Services,professional-services,3,Financial Advisors & Wealth Management,financial-advisors-wealth-management,116,Faith-Based Financial Planners,faith-based-financial-planners,,,,
Professional Services,professional-services,3,Financial Advisors & Wealth Management,financial-advisors-wealth-management,117,Single Mother Financial Advisors,single-mother-financial-advisors,,,,
Professional Services,professional-services,3,Financial Advisors & Wealth Management,financial-advisors-wealth-management,118,Widow Financial Advisors,widow-financial-advisors,,,,
Professional Services,professional-services,3,Financial Advisors & Wealth Management,financial-advisors-wealth-management,119,Divorce Financial Planners,divorce-financial-planners,,,,
Professional Services,professional-services,3,Financial Advisors & Wealth Management,financial-advisors-wealth-management,120,Certified Divorce Financial Analysts,certified-divorce-financial-analysts,,,,
Professional Services,professional-services,3,Financial Advisors & Wealth Management,financial-advisors-wealth-management,121,Special Needs Financial Planners,special-needs-financial-planners,,,,
Professional Services,professional-services,3,Financial Advisors & Wealth Management,financial-advisors-wealth-management,122,Disability Financial Planners,disability-financial-planners,,,,
Professional Services,professional-services,3,Financial Advisors & Wealth Management,financial-advisors-wealth-management,123,Caregiver Financial Planners,caregiver-financial-planners,,,,
Professional Services,professional-services,3,Financial Advisors & Wealth Management,financial-advisors-wealth-management,124,Tax-Loss Harvesting Specialists,tax-loss-harvesting-specialists,,,,
Professional Services,professional-services,3,Financial Advisors & Wealth Management,financial-advisors-wealth-management,125,Asset Allocation Specialists,asset-allocation-specialists,1,Wealth Management,Asset Allocation,wealth-management-asset-allocation
Professional Services,professional-services,3,Financial Advisors & Wealth Management,financial-advisors-wealth-management,126,Portfolio Rebalancing Services,portfolio-rebalancing-services,,,,
Professional Services,professional-services,3,Financial Advisors & Wealth Management,financial-advisors-wealth-management,127,Cash Flow Management Advisors,cash-flow-management-advisors,1,Business Finance,Cash Flow Management,business-finance-cash-flow-management
Professional Services,professional-services,3,Financial Advisors & Wealth Management,financial-advisors-wealth-management,128,Debt Reduction Coaches,debt-reduction-coaches,,,,
Professional Services,professional-services,3,Financial Advisors & Wealth Management,financial-advisors-wealth-management,129,Debt Payoff Coaches,debt-payoff-coaches,,,,
Professional Services,professional-services,3,Financial Advisors & Wealth Management,financial-advisors-wealth-management,130,Money Coaches,financial-advisors-wealth-management-money-coaches,,,,
Professional Services,professional-services,3,Financial Advisors & Wealth Management,financial-advisors-wealth-management,131,Financial Literacy Coaches,financial-literacy-coaches,,,,
Professional Services,professional-services,3,Financial Advisors & Wealth Management,financial-advisors-wealth-management,132,Behavioral Finance Coaches,behavioral-finance-coaches,,,,
Professional Services,professional-services,3,Financial Advisors & Wealth Management,financial-advisors-wealth-management,133,Money Mindset Coaches,money-mindset-coaches,,,,
Professional Services,professional-services,3,Financial Advisors & Wealth Management,financial-advisors-wealth-management,134,Couples Money Coaches,couples-money-coaches,,,,
Professional Services,professional-services,3,Financial Advisors & Wealth Management,financial-advisors-wealth-management,135,Premarital Financial Counselors,premarital-financial-counselors,,,,
Professional Services,professional-services,3,Financial Advisors & Wealth Management,financial-advisors-wealth-management,136,Family Financial Counselors,family-financial-counselors,,,,
Professional Services,professional-services,3,Financial Advisors & Wealth Management,financial-advisors-wealth-management,137,Teen Financial Coaches,teen-financial-coaches,,,,
Professional Services,professional-services,3,Financial Advisors & Wealth Management,financial-advisors-wealth-management,138,Kids Financial Education Services,kids-financial-education-services,,,,
Professional Services,professional-services,3,Financial Advisors & Wealth Management,financial-advisors-wealth-management,139,Insurance Brokers,insurance-brokers,,,,
Professional Services,professional-services,3,Financial Advisors & Wealth Management,financial-advisors-wealth-management,140,Independent Insurance Agents,independent-insurance-agents,,,,
Professional Services,professional-services,3,Financial Advisors & Wealth Management,financial-advisors-wealth-management,141,Captive Insurance Agents,financial-advisors-wealth-management-captive-insurance-agents,,,,
Professional Services,professional-services,3,Financial Advisors & Wealth Management,financial-advisors-wealth-management,142,Health Insurance Brokers,health-insurance-brokers,1,Insurance,Group Health,insurance-group-health
Professional Services,professional-services,3,Financial Advisors & Wealth Management,financial-advisors-wealth-management,142,Health Insurance Brokers,health-insurance-brokers,2,Personal Finance,Health Insurance,personal-finance-health-insurance
Professional Services,professional-services,3,Financial Advisors & Wealth Management,financial-advisors-wealth-management,142,Health Insurance Brokers,health-insurance-brokers,3,Individual Insurance,Health Insurance Broker,individual-insurance-health-insurance-broker
Professional Services,professional-services,3,Financial Advisors & Wealth Management,financial-advisors-wealth-management,143,Group Health Brokers,group-health-brokers,,,,
Professional Services,professional-services,3,Financial Advisors & Wealth Management,financial-advisors-wealth-management,144,Medicare Brokers,medicare-brokers,,,,
Professional Services,professional-services,3,Financial Advisors & Wealth Management,financial-advisors-wealth-management,145,ACA Marketplace Brokers,aca-marketplace-brokers,,,,
Professional Services,professional-services,3,Financial Advisors & Wealth Management,financial-advisors-wealth-management,146,Dental Insurance Brokers,dental-insurance-brokers,,,,
Professional Services,professional-services,3,Financial Advisors & Wealth Management,financial-advisors-wealth-management,147,Vision Insurance Brokers,vision-insurance-brokers,,,,
Professional Services,professional-services,3,Financial Advisors & Wealth Management,financial-advisors-wealth-management,148,Disability Insurance Brokers,disability-insurance-brokers,1,Personal Finance,Disability Insurance,personal-finance-disability-insurance
Professional Services,professional-services,3,Financial Advisors & Wealth Management,financial-advisors-wealth-management,148,Disability Insurance Brokers,disability-insurance-brokers,2,Individual Insurance,Disability Insurance Service,individual-insurance-disability-insurance-service
Professional Services,professional-services,3,Financial Advisors & Wealth Management,financial-advisors-wealth-management,149,Long-Term Disability Specialists,long-term-disability-specialists,,,,
Professional Services,professional-services,3,Financial Advisors & Wealth Management,financial-advisors-wealth-management,150,Short-Term Disability Specialists,short-term-disability-specialists,,,,
Professional Services,professional-services,3,Financial Advisors & Wealth Management,financial-advisors-wealth-management,151,Long-Term Care Insurance Brokers,long-term-care-insurance-brokers,,,,
Professional Services,professional-services,3,Financial Advisors & Wealth Management,financial-advisors-wealth-management,152,Life Insurance Brokers,life-insurance-brokers,1,Personal Finance,Life Insurance,personal-finance-life-insurance
Professional Services,professional-services,3,Financial Advisors & Wealth Management,financial-advisors-wealth-management,152,Life Insurance Brokers,life-insurance-brokers,2,Individual Insurance,Life Insurance Service,individual-insurance-life-insurance-service
Professional Services,professional-services,3,Financial Advisors & Wealth Management,financial-advisors-wealth-management,153,Term Life Insurance Brokers,term-life-insurance-brokers,,,,
Professional Services,professional-services,3,Financial Advisors & Wealth Management,financial-advisors-wealth-management,154,Whole Life Insurance Brokers,whole-life-insurance-brokers,,,,
Professional Services,professional-services,3,Financial Advisors & Wealth Management,financial-advisors-wealth-management,155,Universal Life Insurance Brokers,universal-life-insurance-brokers,,,,
Professional Services,professional-services,3,Financial Advisors & Wealth Management,financial-advisors-wealth-management,156,Indexed Universal Life Brokers,indexed-universal-life-brokers,,,,
Professional Services,professional-services,3,Financial Advisors & Wealth Management,financial-advisors-wealth-management,157,Variable Universal Life Brokers,variable-universal-life-brokers,,,,
Professional Services,professional-services,3,Financial Advisors & Wealth Management,financial-advisors-wealth-management,158,Final Expense Insurance Brokers,final-expense-insurance-brokers,,,,
Professional Services,professional-services,3,Financial Advisors & Wealth Management,financial-advisors-wealth-management,159,Burial Insurance Brokers,burial-insurance-brokers,,,,
Professional Services,professional-services,3,Financial Advisors & Wealth Management,financial-advisors-wealth-management,160,Veterans Life Insurance Brokers,veterans-life-insurance-brokers,,,,
Professional Services,professional-services,3,Financial Advisors & Wealth Management,financial-advisors-wealth-management,161,Group Life Insurance Brokers,group-life-insurance-brokers,,,,
Professional Services,professional-services,3,Financial Advisors & Wealth Management,financial-advisors-wealth-management,162,Buy-Sell Insurance Brokers,buy-sell-insurance-brokers,,,,
Professional Services,professional-services,3,Financial Advisors & Wealth Management,financial-advisors-wealth-management,163,Key Person Insurance Brokers,key-person-insurance-brokers,1,Insurance,Key Person Insurance,insurance-key-person-insurance
Professional Services,professional-services,3,Financial Advisors & Wealth Management,financial-advisors-wealth-management,164,Executive Bonus Plan Specialists,executive-bonus-plan-specialists,,,,
Professional Services,professional-services,3,Financial Advisors & Wealth Management,financial-advisors-wealth-management,165,Split-Dollar Insurance Specialists,split-dollar-insurance-specialists,,,,
Professional Services,professional-services,4,"Investment, Banking & Capital Markets",investment-banking-capital-markets,1,Investment Banking Firms,investment-banking-firms,1,Specialized Investment,Venture Capital,specialized-investment-venture-capital
Professional Services,professional-services,4,"Investment, Banking & Capital Markets",investment-banking-capital-markets,2,Boutique Investment Banks,boutique-investment-banks,,,,
Professional Services,professional-services,4,"Investment, Banking & Capital Markets",investment-banking-capital-markets,3,Middle Market Investment Banks,middle-market-investment-banks,,,,
Professional Services,professional-services,4,"Investment, Banking & Capital Markets",investment-banking-capital-markets,4,M&A Advisory Firms,ma-advisory-firms,,,,
Professional Services,professional-services,4,"Investment, Banking & Capital Markets",investment-banking-capital-markets,5,Sell-Side M&A Advisors,sell-side-ma-advisors,,,,
Professional Services,professional-services,4,"Investment, Banking & Capital Markets",investment-banking-capital-markets,6,Buy-Side M&A Advisors,buy-side-ma-advisors,,,,
Professional Services,professional-services,4,"Investment, Banking & Capital Markets",investment-banking-capital-markets,7,M&A Brokers,ma-brokers,,,,
Professional Services,professional-services,4,"Investment, Banking & Capital Markets",investment-banking-capital-markets,8,Business Brokers,business-brokers,,,,
Professional Services,professional-services,4,"Investment, Banking & Capital Markets",investment-banking-capital-markets,9,Main Street Business Brokers,main-street-business-brokers,,,,
Professional Services,professional-services,4,"Investment, Banking & Capital Markets",investment-banking-capital-markets,10,Lower Middle Market M&A Advisors,lower-middle-market-ma-advisors,,,,
Professional Services,professional-services,4,"Investment, Banking & Capital Markets",investment-banking-capital-markets,11,Cross-Border M&A Advisors,cross-border-ma-advisors,,,,
Professional Services,professional-services,4,"Investment, Banking & Capital Markets",investment-banking-capital-markets,12,Debt Advisory Firms,debt-advisory-firms,,,,
Professional Services,professional-services,4,"Investment, Banking & Capital Markets",investment-banking-capital-markets,13,Capital Raise Advisors,capital-raise-advisors,,,,
Professional Services,professional-services,4,"Investment, Banking & Capital Markets",investment-banking-capital-markets,14,Equity Capital Markets Advisors,equity-capital-markets-advisors,,,,
Professional Services,professional-services,4,"Investment, Banking & Capital Markets",investment-banking-capital-markets,15,Debt Capital Markets Advisors,debt-capital-markets-advisors,,,,
Professional Services,professional-services,4,"Investment, Banking & Capital Markets",investment-banking-capital-markets,16,Restructuring Advisors,restructuring-advisors,,,,
Professional Services,professional-services,4,"Investment, Banking & Capital Markets",investment-banking-capital-markets,17,Bankruptcy Advisory Firms,bankruptcy-advisory-firms,,,,
Professional Services,professional-services,4,"Investment, Banking & Capital Markets",investment-banking-capital-markets,18,Distressed Debt Advisors,distressed-debt-advisors,,,,
Professional Services,professional-services,4,"Investment, Banking & Capital Markets",investment-banking-capital-markets,19,Workout Advisors,workout-advisors,,,,
Professional Services,professional-services,4,"Investment, Banking & Capital Markets",investment-banking-capital-markets,20,Turnaround Consultants,turnaround-consultants,,,,
Professional Services,professional-services,4,"Investment, Banking & Capital Markets",investment-banking-capital-markets,21,Chief Restructuring Officers,chief-restructuring-officers,,,,
Professional Services,professional-services,4,"Investment, Banking & Capital Markets",investment-banking-capital-markets,22,Interim Management Firms,interim-management-firms,,,,
Professional Services,professional-services,4,"Investment, Banking & Capital Markets",investment-banking-capital-markets,23,Crisis Management Firms,crisis-management-firms,,,,
Professional Services,professional-services,4,"Investment, Banking & Capital Markets",investment-banking-capital-markets,24,Fairness Opinion Providers,fairness-opinion-providers,,,,
Professional Services,professional-services,4,"Investment, Banking & Capital Markets",investment-banking-capital-markets,25,Independent Valuation Firms,independent-valuation-firms,,,,
Professional Services,professional-services,4,"Investment, Banking & Capital Markets",investment-banking-capital-markets,26,Quality of Earnings Providers,quality-of-earnings-providers,,,,
Professional Services,professional-services,4,"Investment, Banking & Capital Markets",investment-banking-capital-markets,27,Financial Due Diligence Firms,financial-due-diligence-firms,,,,
Professional Services,professional-services,4,"Investment, Banking & Capital Markets",investment-banking-capital-markets,28,Sell-Side QoE Providers,sell-side-qoe-providers,,,,
Professional Services,professional-services,4,"Investment, Banking & Capital Markets",investment-banking-capital-markets,29,Buy-Side QoE Providers,buy-side-qoe-providers,,,,
Professional Services,professional-services,4,"Investment, Banking & Capital Markets",investment-banking-capital-markets,30,Tax Due Diligence Firms,tax-due-diligence-firms,,,,
Professional Services,professional-services,4,"Investment, Banking & Capital Markets",investment-banking-capital-markets,31,HR Due Diligence Firms,hr-due-diligence-firms,,,,
Professional Services,professional-services,4,"Investment, Banking & Capital Markets",investment-banking-capital-markets,32,Operational Due Diligence Firms,operational-due-diligence-firms,,,,
Professional Services,professional-services,4,"Investment, Banking & Capital Markets",investment-banking-capital-markets,33,Commercial Due Diligence Firms,commercial-due-diligence-firms,,,,
Professional Services,professional-services,4,"Investment, Banking & Capital Markets",investment-banking-capital-markets,34,Vendor Due Diligence Firms,vendor-due-diligence-firms,,,,
Professional Services,professional-services,4,"Investment, Banking & Capital Markets",investment-banking-capital-markets,35,Background Check for M&A,background-check-for-ma,,,,
Professional Services,professional-services,4,"Investment, Banking & Capital Markets",investment-banking-capital-markets,36,Sanctions Screening Services,sanctions-screening-services,,,,
Professional Services,professional-services,4,"Investment, Banking & Capital Markets",investment-banking-capital-markets,37,ABL Lenders,abl-lenders,,,,
Professional Services,professional-services,4,"Investment, Banking & Capital Markets",investment-banking-capital-markets,38,Asset-Based Lenders,asset-based-lenders,,,,
Professional Services,professional-services,4,"Investment, Banking & Capital Markets",investment-banking-capital-markets,39,Equipment Finance Brokers,equipment-finance-brokers,,,,
Professional Services,professional-services,4,"Investment, Banking & Capital Markets",investment-banking-capital-markets,40,Equipment Leasing Companies,equipment-leasing-companies,,,,
Professional Services,professional-services,4,"Investment, Banking & Capital Markets",investment-banking-capital-markets,41,Trade Finance Providers,trade-finance-providers,,,,
Professional Services,professional-services,4,"Investment, Banking & Capital Markets",investment-banking-capital-markets,42,Factoring Companies,factoring-companies,,,,
Professional Services,professional-services,4,"Investment, Banking & Capital Markets",investment-banking-capital-markets,43,Invoice Factoring Services,invoice-factoring-services,,,,
Professional Services,professional-services,4,"Investment, Banking & Capital Markets",investment-banking-capital-markets,44,Spot Factoring Services,spot-factoring-services,,,,
Professional Services,professional-services,4,"Investment, Banking & Capital Markets",investment-banking-capital-markets,45,Recourse Factoring Services,recourse-factoring-services,,,,
Professional Services,professional-services,4,"Investment, Banking & Capital Markets",investment-banking-capital-markets,46,Non-Recourse Factoring Services,non-recourse-factoring-services,,,,
Professional Services,professional-services,4,"Investment, Banking & Capital Markets",investment-banking-capital-markets,47,Purchase Order Financing,purchase-order-financing,,,,
Professional Services,professional-services,4,"Investment, Banking & Capital Markets",investment-banking-capital-markets,48,Inventory Financing,inventory-financing,,,,
Professional Services,professional-services,4,"Investment, Banking & Capital Markets",investment-banking-capital-markets,49,Merchant Cash Advance Brokers,merchant-cash-advance-brokers,,,,
Professional Services,professional-services,4,"Investment, Banking & Capital Markets",investment-banking-capital-markets,50,Revenue-Based Financing Lenders,investment-banking-capital-markets-revenue-based-financing-lenders,,,,
Professional Services,professional-services,4,"Investment, Banking & Capital Markets",investment-banking-capital-markets,51,Royalty Financing Providers,royalty-financing-providers,,,,
Professional Services,professional-services,4,"Investment, Banking & Capital Markets",investment-banking-capital-markets,52,Venture Debt Providers,venture-debt-providers,,,,
Professional Services,professional-services,4,"Investment, Banking & Capital Markets",investment-banking-capital-markets,53,SBA Loan Brokers,sba-loan-brokers,,,,
Professional Services,professional-services,4,"Investment, Banking & Capital Markets",investment-banking-capital-markets,54,SBA 7(a) Loan Brokers,sba-7a-loan-brokers,,,,
Professional Services,professional-services,4,"Investment, Banking & Capital Markets",investment-banking-capital-markets,55,SBA 504 Loan Brokers,sba-504-loan-brokers,,,,
Professional Services,professional-services,4,"Investment, Banking & Capital Markets",investment-banking-capital-markets,56,SBA Microloan Lenders,sba-microloan-lenders,,,,
Professional Services,professional-services,4,"Investment, Banking & Capital Markets",investment-banking-capital-markets,57,USDA Loan Brokers,usda-loan-brokers,,,,
Professional Services,professional-services,4,"Investment, Banking & Capital Markets",investment-banking-capital-markets,58,Commercial Mortgage Brokers,commercial-mortgage-brokers,,,,
Professional Services,professional-services,4,"Investment, Banking & Capital Markets",investment-banking-capital-markets,59,CMBS Brokers,cmbs-brokers,,,,
Professional Services,professional-services,4,"Investment, Banking & Capital Markets",investment-banking-capital-markets,60,Hard Money Lenders,investment-banking-capital-markets-hard-money-lenders,,,,
Professional Services,professional-services,4,"Investment, Banking & Capital Markets",investment-banking-capital-markets,61,Bridge Loan Brokers,bridge-loan-brokers,,,,
Professional Services,professional-services,4,"Investment, Banking & Capital Markets",investment-banking-capital-markets,62,Construction Loan Brokers,construction-loan-brokers,,,,
Professional Services,professional-services,4,"Investment, Banking & Capital Markets",investment-banking-capital-markets,63,Fix & Flip Lenders,fix-flip-lenders,,,,
Professional Services,professional-services,4,"Investment, Banking & Capital Markets",investment-banking-capital-markets,64,DSCR Loan Specialists,dscr-loan-specialists,,,,
Professional Services,professional-services,4,"Investment, Banking & Capital Markets",investment-banking-capital-markets,65,Non-QM Mortgage Brokers,non-qm-mortgage-brokers,,,,
Professional Services,professional-services,4,"Investment, Banking & Capital Markets",investment-banking-capital-markets,66,Reverse Mortgage Specialists,investment-banking-capital-markets-reverse-mortgage-specialists,,,,
Professional Services,professional-services,4,"Investment, Banking & Capital Markets",investment-banking-capital-markets,67,Mortgage Brokers,investment-banking-capital-markets-mortgage-brokers,,,,
Professional Services,professional-services,4,"Investment, Banking & Capital Markets",investment-banking-capital-markets,68,Independent Mortgage Brokers,independent-mortgage-brokers,,,,
Professional Services,professional-services,4,"Investment, Banking & Capital Markets",investment-banking-capital-markets,69,Wholesale Mortgage Brokers,wholesale-mortgage-brokers,,,,
Professional Services,professional-services,4,"Investment, Banking & Capital Markets",investment-banking-capital-markets,70,First-Time Buyer Mortgage Brokers,first-time-buyer-mortgage-brokers,1,Mortgage Services,First-Time Home Buyer,mortgage-services-first-time-home-buyer
Professional Services,professional-services,4,"Investment, Banking & Capital Markets",investment-banking-capital-markets,71,FHA Loan Specialists,investment-banking-capital-markets-fha-loan-specialists,,,,
Professional Services,professional-services,4,"Investment, Banking & Capital Markets",investment-banking-capital-markets,72,VA Loan Specialists,investment-banking-capital-markets-va-loan-specialists,,,,
Professional Services,professional-services,4,"Investment, Banking & Capital Markets",investment-banking-capital-markets,73,Jumbo Loan Specialists,jumbo-loan-specialists,,,,
Professional Services,professional-services,4,"Investment, Banking & Capital Markets",investment-banking-capital-markets,74,Self-Employed Mortgage Brokers,self-employed-mortgage-brokers,,,,
Professional Services,professional-services,4,"Investment, Banking & Capital Markets",investment-banking-capital-markets,75,Bank Statement Loan Specialists,bank-statement-loan-specialists,,,,
Professional Services,professional-services,4,"Investment, Banking & Capital Markets",investment-banking-capital-markets,76,1099 Loan Specialists,1099-loan-specialists,,,,
Professional Services,professional-services,4,"Investment, Banking & Capital Markets",investment-banking-capital-markets,77,Foreign National Mortgage Brokers,foreign-national-mortgage-brokers,,,,
Professional Services,professional-services,4,"Investment, Banking & Capital Markets",investment-banking-capital-markets,78,ITIN Loan Specialists,itin-loan-specialists,,,,
Professional Services,professional-services,4,"Investment, Banking & Capital Markets",investment-banking-capital-markets,79,Down Payment Assistance Specialists,down-payment-assistance-specialists,,,,
Professional Services,professional-services,4,"Investment, Banking & Capital Markets",investment-banking-capital-markets,80,Mortgage Refinance Specialists,mortgage-refinance-specialists,,,,
Professional Services,professional-services,4,"Investment, Banking & Capital Markets",investment-banking-capital-markets,81,Cash-Out Refinance Specialists,investment-banking-capital-markets-cash-out-refinance-specialists,,,,
Professional Services,professional-services,4,"Investment, Banking & Capital Markets",investment-banking-capital-markets,82,HELOC Specialists,investment-banking-capital-markets-heloc-specialists,,,,
Professional Services,professional-services,4,"Investment, Banking & Capital Markets",investment-banking-capital-markets,83,Home Equity Loan Brokers,home-equity-loan-brokers,,,,
Professional Services,professional-services,4,"Investment, Banking & Capital Markets",investment-banking-capital-markets,84,Mortgage Loan Modification Specialists,mortgage-loan-modification-specialists,,,,
Professional Services,professional-services,5,Strategy & Management Consulting Firms,strategy-management-consulting-firms,1,Strategy Consulting Firms,strategy-consulting-firms,1,Strategy,Business Strategy,strategy-business-strategy
Professional Services,professional-services,5,Strategy & Management Consulting Firms,strategy-management-consulting-firms,1,Strategy Consulting Firms,strategy-consulting-firms,2,Strategy,M&A Strategy,strategy-m-a-strategy
Professional Services,professional-services,5,Strategy & Management Consulting Firms,strategy-management-consulting-firms,1,Strategy Consulting Firms,strategy-consulting-firms,3,Strategy,Turnaround Strategy,strategy-turnaround-strategy
Professional Services,professional-services,5,Strategy & Management Consulting Firms,strategy-management-consulting-firms,1,Strategy Consulting Firms,strategy-consulting-firms,4,Strategy,Competitive Strategy,strategy-competitive-strategy
Professional Services,professional-services,5,Strategy & Management Consulting Firms,strategy-management-consulting-firms,1,Strategy Consulting Firms,strategy-consulting-firms,5,IT Strategy,IT Assessment,it-strategy-it-assessment
Professional Services,professional-services,5,Strategy & Management Consulting Firms,strategy-management-consulting-firms,1,Strategy Consulting Firms,strategy-consulting-firms,6,IT Strategy,IT Governance,it-strategy-it-governance
Professional Services,professional-services,5,Strategy & Management Consulting Firms,strategy-management-consulting-firms,1,Strategy Consulting Firms,strategy-consulting-firms,7,IT Strategy,Integration Strategy,it-strategy-integration-strategy
Professional Services,professional-services,5,Strategy & Management Consulting Firms,strategy-management-consulting-firms,1,Strategy Consulting Firms,strategy-consulting-firms,8,IT Strategy,Security Strategy,it-strategy-security-strategy
Professional Services,professional-services,5,Strategy & Management Consulting Firms,strategy-management-consulting-firms,1,Strategy Consulting Firms,strategy-consulting-firms,9,IT Strategy,Compliance Strategy,it-strategy-compliance-strategy
Professional Services,professional-services,5,Strategy & Management Consulting Firms,strategy-management-consulting-firms,2,Corporate Strategy Consultants,corporate-strategy-consultants,,,,
Professional Services,professional-services,5,Strategy & Management Consulting Firms,strategy-management-consulting-firms,3,Growth Strategy Consultants,growth-strategy-consultants,1,Strategy,Growth Strategy,strategy-growth-strategy
Professional Services,professional-services,5,Strategy & Management Consulting Firms,strategy-management-consulting-firms,3,Growth Strategy Consultants,growth-strategy-consultants,2,Growth Advisory,Content Strategy,growth-advisory-content-strategy
Professional Services,professional-services,5,Strategy & Management Consulting Firms,strategy-management-consulting-firms,3,Growth Strategy Consultants,growth-strategy-consultants,3,Growth Advisory,Social Media Strategy,growth-advisory-social-media-strategy
Professional Services,professional-services,5,Strategy & Management Consulting Firms,strategy-management-consulting-firms,3,Growth Strategy Consultants,growth-strategy-consultants,4,Growth Advisory,SEO Strategy,growth-advisory-seo-strategy
Professional Services,professional-services,5,Strategy & Management Consulting Firms,strategy-management-consulting-firms,3,Growth Strategy Consultants,growth-strategy-consultants,5,Growth Advisory,PPC Strategy,growth-advisory-ppc-strategy
Professional Services,professional-services,5,Strategy & Management Consulting Firms,strategy-management-consulting-firms,3,Growth Strategy Consultants,growth-strategy-consultants,6,Growth Advisory,Email Strategy,growth-advisory-email-strategy
Professional Services,professional-services,5,Strategy & Management Consulting Firms,strategy-management-consulting-firms,3,Growth Strategy Consultants,growth-strategy-consultants,7,Growth Advisory,Influencer Strategy,growth-advisory-influencer-strategy
Professional Services,professional-services,5,Strategy & Management Consulting Firms,strategy-management-consulting-firms,3,Growth Strategy Consultants,growth-strategy-consultants,8,Growth Advisory,Customer Acquisition,growth-advisory-customer-acquisition
Professional Services,professional-services,5,Strategy & Management Consulting Firms,strategy-management-consulting-firms,4,Market Entry Strategy Consultants,market-entry-strategy-consultants,1,International Business,Market Entry Consulting,international-business-market-entry-consulting
Professional Services,professional-services,5,Strategy & Management Consulting Firms,strategy-management-consulting-firms,4,Market Entry Strategy Consultants,market-entry-strategy-consultants,2,Strategy,Market Entry Strategy,strategy-market-entry-strategy
Professional Services,professional-services,5,Strategy & Management Consulting Firms,strategy-management-consulting-firms,4,Market Entry Strategy Consultants,market-entry-strategy-consultants,3,Growth Advisory,Marketing Strategy,growth-advisory-marketing-strategy
Professional Services,professional-services,5,Strategy & Management Consulting Firms,strategy-management-consulting-firms,5,Go-to-Market Strategy Firms,go-to-market-strategy-firms,1,Strategy,Go-to-Market Strategy,strategy-go-to-market-strategy
Professional Services,professional-services,5,Strategy & Management Consulting Firms,strategy-management-consulting-firms,6,Pricing Strategy Consultants,strategy-management-consulting-firms-pricing-strategy-consultants,,,,
Professional Services,professional-services,5,Strategy & Management Consulting Firms,strategy-management-consulting-firms,7,Pricing Optimization Consultants,pricing-optimization-consultants,1,IT Strategy,IT Budget Optimization,it-strategy-it-budget-optimization
Professional Services,professional-services,5,Strategy & Management Consulting Firms,strategy-management-consulting-firms,8,Value-Based Pricing Consultants,value-based-pricing-consultants,,,,
Professional Services,professional-services,5,Strategy & Management Consulting Firms,strategy-management-consulting-firms,9,Subscription Pricing Consultants,subscription-pricing-consultants,,,,
Professional Services,professional-services,5,Strategy & Management Consulting Firms,strategy-management-consulting-firms,10,Brand Strategy Consultants,brand-strategy-consultants,,,,
Professional Services,professional-services,5,Strategy & Management Consulting Firms,strategy-management-consulting-firms,11,Brand Architecture Consultants,strategy-management-consulting-firms-brand-architecture-consultants,,,,
Professional Services,professional-services,5,Strategy & Management Consulting Firms,strategy-management-consulting-firms,12,Portfolio Strategy Consultants,portfolio-strategy-consultants,,,,
Professional Services,professional-services,5,Strategy & Management Consulting Firms,strategy-management-consulting-firms,13,Innovation Strategy Consultants,innovation-strategy-consultants,1,Strategy,Innovation Strategy,strategy-innovation-strategy
Professional Services,professional-services,5,Strategy & Management Consulting Firms,strategy-management-consulting-firms,14,Digital Strategy Consultants,digital-strategy-consultants,1,Strategy,Digital Strategy,strategy-digital-strategy
Professional Services,professional-services,5,Strategy & Management Consulting Firms,strategy-management-consulting-firms,15,Digital Transformation Consultants,digital-transformation-consultants,1,Digital Transformation,Digital Roadmap,digital-transformation-digital-roadmap
Professional Services,professional-services,5,Strategy & Management Consulting Firms,strategy-management-consulting-firms,15,Digital Transformation Consultants,digital-transformation-consultants,2,Digital Transformation,Legacy Modernization,digital-transformation-legacy-modernization
Professional Services,professional-services,5,Strategy & Management Consulting Firms,strategy-management-consulting-firms,15,Digital Transformation Consultants,digital-transformation-consultants,3,Digital Transformation,Cloud Strategy,digital-transformation-cloud-strategy
Professional Services,professional-services,5,Strategy & Management Consulting Firms,strategy-management-consulting-firms,15,Digital Transformation Consultants,digital-transformation-consultants,4,Digital Transformation,Data Strategy,digital-transformation-data-strategy
Professional Services,professional-services,5,Strategy & Management Consulting Firms,strategy-management-consulting-firms,15,Digital Transformation Consultants,digital-transformation-consultants,5,Digital Transformation,AI Strategy,digital-transformation-ai-strategy
Professional Services,professional-services,5,Strategy & Management Consulting Firms,strategy-management-consulting-firms,15,Digital Transformation Consultants,digital-transformation-consultants,6,Digital Transformation,Automation Strategy,digital-transformation-automation-strategy
Professional Services,professional-services,5,Strategy & Management Consulting Firms,strategy-management-consulting-firms,15,Digital Transformation Consultants,digital-transformation-consultants,7,Digital Transformation,Customer Experience,digital-transformation-customer-experience
Professional Services,professional-services,5,Strategy & Management Consulting Firms,strategy-management-consulting-firms,15,Digital Transformation Consultants,digital-transformation-consultants,8,Digital Transformation,Digital Workplace,digital-transformation-digital-workplace
Professional Services,professional-services,5,Strategy & Management Consulting Firms,strategy-management-consulting-firms,15,Digital Transformation Consultants,digital-transformation-consultants,9,Digital Transformation,E-Commerce Strategy,digital-transformation-e-commerce-strategy
Professional Services,professional-services,5,Strategy & Management Consulting Firms,strategy-management-consulting-firms,15,Digital Transformation Consultants,digital-transformation-consultants,10,Digital Transformation,IoT Strategy,digital-transformation-iot-strategy
Professional Services,professional-services,5,Strategy & Management Consulting Firms,strategy-management-consulting-firms,16,Operating Model Consultants,operating-model-consultants,,,,
Professional Services,professional-services,5,Strategy & Management Consulting Firms,strategy-management-consulting-firms,17,Organizational Design Consultants,organizational-design-consultants,1,Operations,Organizational Design,operations-organizational-design
Professional Services,professional-services,5,Strategy & Management Consulting Firms,strategy-management-consulting-firms,18,Change Management Consultants,change-management-consultants,1,Operations,Quality Management,operations-quality-management
Professional Services,professional-services,5,Strategy & Management Consulting Firms,strategy-management-consulting-firms,18,Change Management Consultants,change-management-consultants,2,Operations,Change Management,operations-change-management
Professional Services,professional-services,5,Strategy & Management Consulting Firms,strategy-management-consulting-firms,18,Change Management Consultants,change-management-consultants,3,Operations,Interim Management,operations-interim-management
Professional Services,professional-services,5,Strategy & Management Consulting Firms,strategy-management-consulting-firms,19,Culture Transformation Consultants,culture-transformation-consultants,1,People Strategy,Culture Transformation,people-strategy-culture-transformation
Professional Services,professional-services,5,Strategy & Management Consulting Firms,strategy-management-consulting-firms,20,Post-Merger Integration Consultants,post-merger-integration-consultants,,,,
Professional Services,professional-services,5,Strategy & Management Consulting Firms,strategy-management-consulting-firms,21,Carve-Out Consultants,carve-out-consultants,,,,
Professional Services,professional-services,5,Strategy & Management Consulting Firms,strategy-management-consulting-firms,22,Divestiture Consultants,divestiture-consultants,,,,
Professional Services,professional-services,5,Strategy & Management Consulting Firms,strategy-management-consulting-firms,23,Restructuring Consultants,restructuring-consultants,,,,
Professional Services,professional-services,5,Strategy & Management Consulting Firms,strategy-management-consulting-firms,24,Cost Transformation Consultants,cost-transformation-consultants,,,,
Professional Services,professional-services,5,Strategy & Management Consulting Firms,strategy-management-consulting-firms,25,Cost Reduction Consultants,cost-reduction-consultants,1,Operations,Cost Reduction,operations-cost-reduction
Professional Services,professional-services,5,Strategy & Management Consulting Firms,strategy-management-consulting-firms,26,Zero-Based Budgeting Consultants,zero-based-budgeting-consultants,,,,
Professional Services,professional-services,5,Strategy & Management Consulting Firms,strategy-management-consulting-firms,27,Procurement Consultants,procurement-consultants,,,,
Professional Services,professional-services,5,Strategy & Management Consulting Firms,strategy-management-consulting-firms,28,Indirect Spend Consultants,indirect-spend-consultants,,,,
Professional Services,professional-services,5,Strategy & Management Consulting Firms,strategy-management-consulting-firms,29,Direct Spend Consultants,direct-spend-consultants,,,,
Professional Services,professional-services,5,Strategy & Management Consulting Firms,strategy-management-consulting-firms,30,Supply Chain Strategy Consultants,supply-chain-strategy-consultants,1,Functional Consulting,Supply Chain Consulting,functional-consulting-supply-chain-consulting
Professional Services,professional-services,5,Strategy & Management Consulting Firms,strategy-management-consulting-firms,30,Supply Chain Strategy Consultants,supply-chain-strategy-consultants,2,Operations,Supply Chain Consulting,operations-supply-chain-consulting
Professional Services,professional-services,5,Strategy & Management Consulting Firms,strategy-management-consulting-firms,30,Supply Chain Strategy Consultants,supply-chain-strategy-consultants,3,SC Advisory,Supply Chain Strategy,sc-advisory-supply-chain-strategy
Professional Services,professional-services,5,Strategy & Management Consulting Firms,strategy-management-consulting-firms,30,Supply Chain Strategy Consultants,supply-chain-strategy-consultants,4,SC Advisory,Procurement Strategy,sc-advisory-procurement-strategy
Professional Services,professional-services,5,Strategy & Management Consulting Firms,strategy-management-consulting-firms,30,Supply Chain Strategy Consultants,supply-chain-strategy-consultants,5,SC Advisory,Logistics Optimization,sc-advisory-logistics-optimization
Professional Services,professional-services,5,Strategy & Management Consulting Firms,strategy-management-consulting-firms,30,Supply Chain Strategy Consultants,supply-chain-strategy-consultants,6,SC Advisory,Inventory Strategy,sc-advisory-inventory-strategy
Professional Services,professional-services,5,Strategy & Management Consulting Firms,strategy-management-consulting-firms,30,Supply Chain Strategy Consultants,supply-chain-strategy-consultants,7,SC Advisory,Demand Planning Advisory,sc-advisory-demand-planning-advisory
Professional Services,professional-services,5,Strategy & Management Consulting Firms,strategy-management-consulting-firms,30,Supply Chain Strategy Consultants,supply-chain-strategy-consultants,8,SC Advisory,Supplier Development,sc-advisory-supplier-development
Professional Services,professional-services,5,Strategy & Management Consulting Firms,strategy-management-consulting-firms,30,Supply Chain Strategy Consultants,supply-chain-strategy-consultants,9,SC Advisory,Sourcing Strategy,sc-advisory-sourcing-strategy
Professional Services,professional-services,5,Strategy & Management Consulting Firms,strategy-management-consulting-firms,30,Supply Chain Strategy Consultants,supply-chain-strategy-consultants,10,SC Advisory,Network Design,sc-advisory-network-design
Professional Services,professional-services,5,Strategy & Management Consulting Firms,strategy-management-consulting-firms,30,Supply Chain Strategy Consultants,supply-chain-strategy-consultants,11,SC Advisory,S&OP Implementation,sc-advisory-s-op-implementation
Professional Services,professional-services,5,Strategy & Management Consulting Firms,strategy-management-consulting-firms,30,Supply Chain Strategy Consultants,supply-chain-strategy-consultants,12,SC Advisory,Supply Chain Technology,sc-advisory-supply-chain-technology
Professional Services,professional-services,5,Strategy & Management Consulting Firms,strategy-management-consulting-firms,31,Network Optimization Consultants,network-optimization-consultants,,,,
Professional Services,professional-services,5,Strategy & Management Consulting Firms,strategy-management-consulting-firms,32,Inventory Optimization Consultants,inventory-optimization-consultants,,,,
Professional Services,professional-services,5,Strategy & Management Consulting Firms,strategy-management-consulting-firms,33,Demand Planning Consultants,demand-planning-consultants,,,,
Professional Services,professional-services,5,Strategy & Management Consulting Firms,strategy-management-consulting-firms,34,S&OP Consultants,sop-consultants,,,,
Professional Services,professional-services,5,Strategy & Management Consulting Firms,strategy-management-consulting-firms,35,Distribution Strategy Consultants,distribution-strategy-consultants,,,,
Professional Services,professional-services,5,Strategy & Management Consulting Firms,strategy-management-consulting-firms,36,Logistics Consultants,logistics-consultants,,,,
Professional Services,professional-services,5,Strategy & Management Consulting Firms,strategy-management-consulting-firms,37,Warehouse Design Consultants,warehouse-design-consultants,,,,
Professional Services,professional-services,5,Strategy & Management Consulting Firms,strategy-management-consulting-firms,38,Transportation Optimization Consultants,transportation-optimization-consultants,,,,
Professional Services,professional-services,5,Strategy & Management Consulting Firms,strategy-management-consulting-firms,39,Last Mile Consultants,last-mile-consultants,,,,
Professional Services,professional-services,5,Strategy & Management Consulting Firms,strategy-management-consulting-firms,40,Reverse Logistics Consultants,reverse-logistics-consultants,,,,
Professional Services,professional-services,5,Strategy & Management Consulting Firms,strategy-management-consulting-firms,41,Customer Experience Consultants,customer-experience-consultants,1,Functional Consulting,Customer Experience,functional-consulting-customer-experience
Professional Services,professional-services,5,Strategy & Management Consulting Firms,strategy-management-consulting-firms,42,CX Strategy Consultants,cx-strategy-consultants,,,,
Professional Services,professional-services,5,Strategy & Management Consulting Firms,strategy-management-consulting-firms,43,Voice of Customer Consultants,voice-of-customer-consultants,,,,
Professional Services,professional-services,5,Strategy & Management Consulting Firms,strategy-management-consulting-firms,44,Customer Journey Consultants,customer-journey-consultants,,,,
Professional Services,professional-services,5,Strategy & Management Consulting Firms,strategy-management-consulting-firms,45,Service Design Consultants,service-design-consultants,1,Design Services,Graphic Design,design-services-graphic-design
Professional Services,professional-services,5,Strategy & Management Consulting Firms,strategy-management-consulting-firms,45,Service Design Consultants,service-design-consultants,2,Design Services,Logo Design,design-services-logo-design
Professional Services,professional-services,5,Strategy & Management Consulting Firms,strategy-management-consulting-firms,45,Service Design Consultants,service-design-consultants,3,Design Services,Print Design,design-services-print-design
Professional Services,professional-services,5,Strategy & Management Consulting Firms,strategy-management-consulting-firms,45,Service Design Consultants,service-design-consultants,4,Design Services,Packaging Design,design-services-packaging-design
Professional Services,professional-services,5,Strategy & Management Consulting Firms,strategy-management-consulting-firms,45,Service Design Consultants,service-design-consultants,5,Design Services,Signage Design,design-services-signage-design
Professional Services,professional-services,5,Strategy & Management Consulting Firms,strategy-management-consulting-firms,45,Service Design Consultants,service-design-consultants,6,Design Services,Illustration,design-services-illustration
Professional Services,professional-services,5,Strategy & Management Consulting Firms,strategy-management-consulting-firms,45,Service Design Consultants,service-design-consultants,7,Design Services,Infographic Design,design-services-infographic-design
Professional Services,professional-services,5,Strategy & Management Consulting Firms,strategy-management-consulting-firms,45,Service Design Consultants,service-design-consultants,8,Design Services,Presentation Design,design-services-presentation-design
Professional Services,professional-services,5,Strategy & Management Consulting Firms,strategy-management-consulting-firms,45,Service Design Consultants,service-design-consultants,9,Design Services,Annual Report Design,design-services-annual-report-design
Professional Services,professional-services,5,Strategy & Management Consulting Firms,strategy-management-consulting-firms,45,Service Design Consultants,service-design-consultants,10,Design Services,Menu Design,design-services-menu-design
Professional Services,professional-services,5,Strategy & Management Consulting Firms,strategy-management-consulting-firms,46,Digital Experience Consultants,digital-experience-consultants,,,,
Professional Services,professional-services,5,Strategy & Management Consulting Firms,strategy-management-consulting-firms,47,Loyalty Program Consultants,loyalty-program-consultants,,,,
Professional Services,professional-services,5,Strategy & Management Consulting Firms,strategy-management-consulting-firms,48,Subscription Strategy Consultants,subscription-strategy-consultants,,,,
Professional Services,professional-services,5,Strategy & Management Consulting Firms,strategy-management-consulting-firms,49,Revenue Operations Consultants,revenue-operations-consultants,1,Operations,Process Improvement,operations-process-improvement
Professional Services,professional-services,5,Strategy & Management Consulting Firms,strategy-management-consulting-firms,49,Revenue Operations Consultants,revenue-operations-consultants,2,Operations,Lean Six Sigma,operations-lean-six-sigma
Professional Services,professional-services,5,Strategy & Management Consulting Firms,strategy-management-consulting-firms,49,Revenue Operations Consultants,revenue-operations-consultants,3,Operations,Performance Improvement,operations-performance-improvement
Professional Services,professional-services,5,Strategy & Management Consulting Firms,strategy-management-consulting-firms,49,Revenue Operations Consultants,revenue-operations-consultants,4,Operations,Outsourcing Strategy,operations-outsourcing-strategy
Professional Services,professional-services,5,Strategy & Management Consulting Firms,strategy-management-consulting-firms,50,RevOps Consultants,revops-consultants,,,,
Professional Services,professional-services,5,Strategy & Management Consulting Firms,strategy-management-consulting-firms,51,Sales Operations Consultants,strategy-management-consulting-firms-sales-operations-consultants,,,,
Professional Services,professional-services,5,Strategy & Management Consulting Firms,strategy-management-consulting-firms,52,Sales Enablement Consultants,sales-enablement-consultants,1,Sales Advisory,Sales Enablement,sales-advisory-sales-enablement
Professional Services,professional-services,5,Strategy & Management Consulting Firms,strategy-management-consulting-firms,53,Sales Compensation Consultants,sales-compensation-consultants,1,Sales Advisory,Sales Compensation,sales-advisory-sales-compensation
Professional Services,professional-services,5,Strategy & Management Consulting Firms,strategy-management-consulting-firms,54,Sales Process Consultants,sales-process-consultants,1,Sales Advisory,Sales Process Design,sales-advisory-sales-process-design
Professional Services,professional-services,5,Strategy & Management Consulting Firms,strategy-management-consulting-firms,55,Lead Generation Consultants,lead-generation-consultants,,,,
Professional Services,professional-services,5,Strategy & Management Consulting Firms,strategy-management-consulting-firms,56,Account-Based Marketing Consultants,account-based-marketing-consultants,,,,
Professional Services,professional-services,5,Strategy & Management Consulting Firms,strategy-management-consulting-firms,57,Demand Generation Consultants,demand-generation-consultants,,,,
Professional Services,professional-services,5,Strategy & Management Consulting Firms,strategy-management-consulting-firms,58,Pipeline Strategy Consultants,pipeline-strategy-consultants,,,,
Professional Services,professional-services,5,Strategy & Management Consulting Firms,strategy-management-consulting-firms,59,Forecasting Process Consultants,forecasting-process-consultants,,,,
Professional Services,professional-services,5,Strategy & Management Consulting Firms,strategy-management-consulting-firms,60,Marketing Strategy Consultants,marketing-strategy-consultants,,,,
Professional Services,professional-services,5,Strategy & Management Consulting Firms,strategy-management-consulting-firms,61,Marketing Operations Consultants,strategy-management-consulting-firms-marketing-operations-consultants,,,,
Professional Services,professional-services,5,Strategy & Management Consulting Firms,strategy-management-consulting-firms,62,MarTech Stack Consultants,martech-stack-consultants,,,,
Professional Services,professional-services,5,Strategy & Management Consulting Firms,strategy-management-consulting-firms,63,Marketing Automation Consultants,marketing-automation-consultants,,,,
Professional Services,professional-services,5,Strategy & Management Consulting Firms,strategy-management-consulting-firms,64,Customer Data Strategy Consultants,customer-data-strategy-consultants,,,,
Professional Services,professional-services,5,Strategy & Management Consulting Firms,strategy-management-consulting-firms,65,Customer Data Platform Consultants,customer-data-platform-consultants,,,,
Professional Services,professional-services,5,Strategy & Management Consulting Firms,strategy-management-consulting-firms,66,Personalization Consultants,personalization-consultants,,,,
Professional Services,professional-services,5,Strategy & Management Consulting Firms,strategy-management-consulting-firms,67,Loyalty Strategy Consultants,loyalty-strategy-consultants,,,,
Professional Services,professional-services,5,Strategy & Management Consulting Firms,strategy-management-consulting-firms,68,Performance Marketing Consultants,performance-marketing-consultants,,,,
Professional Services,professional-services,5,Strategy & Management Consulting Firms,strategy-management-consulting-firms,69,Brand Marketing Consultants,brand-marketing-consultants,1,Growth Advisory,Brand Strategy,growth-advisory-brand-strategy
Professional Services,professional-services,5,Strategy & Management Consulting Firms,strategy-management-consulting-firms,70,Content Strategy Consultants,content-strategy-consultants,,,,
Professional Services,professional-services,5,Strategy & Management Consulting Firms,strategy-management-consulting-firms,71,SEO Strategy Consultants,seo-strategy-consultants,,,,
Professional Services,professional-services,5,Strategy & Management Consulting Firms,strategy-management-consulting-firms,72,Influencer Strategy Consultants,influencer-strategy-consultants,,,,
Professional Services,professional-services,5,Strategy & Management Consulting Firms,strategy-management-consulting-firms,73,Creator Strategy Consultants,creator-strategy-consultants,,,,
Professional Services,professional-services,5,Strategy & Management Consulting Firms,strategy-management-consulting-firms,74,Community Strategy Consultants,community-strategy-consultants,,,,
Professional Services,professional-services,5,Strategy & Management Consulting Firms,strategy-management-consulting-firms,75,Product Management Consultants,product-management-consultants,,,,
Professional Services,professional-services,5,Strategy & Management Consulting Firms,strategy-management-consulting-firms,76,Product Strategy Consultants,product-strategy-consultants,,,,
Professional Services,professional-services,5,Strategy & Management Consulting Firms,strategy-management-consulting-firms,77,Product Operations Consultants,product-operations-consultants,,,,
Professional Services,professional-services,5,Strategy & Management Consulting Firms,strategy-management-consulting-firms,78,Product Marketing Consultants,product-marketing-consultants,1,Growth Advisory,Product Marketing,growth-advisory-product-marketing
Professional Services,professional-services,5,Strategy & Management Consulting Firms,strategy-management-consulting-firms,79,Product-Led Growth Consultants,strategy-management-consulting-firms-product-led-growth-consultants,,,,
Professional Services,professional-services,5,Strategy & Management Consulting Firms,strategy-management-consulting-firms,80,PLG Consultants,plg-consultants,,,,
Professional Services,professional-services,5,Strategy & Management Consulting Firms,strategy-management-consulting-firms,81,Product Analytics Consultants,product-analytics-consultants,1,Research & Analytics,Competitor Analysis,research-analytics-competitor-analysis
Professional Services,professional-services,5,Strategy & Management Consulting Firms,strategy-management-consulting-firms,81,Product Analytics Consultants,product-analytics-consultants,2,Research & Analytics,Product Research,research-analytics-product-research
Professional Services,professional-services,5,Strategy & Management Consulting Firms,strategy-management-consulting-firms,81,Product Analytics Consultants,product-analytics-consultants,3,Research & Analytics,Data Analytics Consulting,research-analytics-data-analytics-consulting
Professional Services,professional-services,5,Strategy & Management Consulting Firms,strategy-management-consulting-firms,82,Pricing & Packaging Consultants,pricing-packaging-consultants,,,,
Professional Services,professional-services,5,Strategy & Management Consulting Firms,strategy-management-consulting-firms,83,Trial Strategy Consultants,trial-strategy-consultants,,,,
Professional Services,professional-services,5,Strategy & Management Consulting Firms,strategy-management-consulting-firms,84,Onboarding Strategy Consultants,onboarding-strategy-consultants,,,,
Professional Services,professional-services,5,Strategy & Management Consulting Firms,strategy-management-consulting-firms,85,Activation Strategy Consultants,activation-strategy-consultants,,,,
Professional Services,professional-services,5,Strategy & Management Consulting Firms,strategy-management-consulting-firms,86,Retention Strategy Consultants,retention-strategy-consultants,,,,
Professional Services,professional-services,5,Strategy & Management Consulting Firms,strategy-management-consulting-firms,87,Churn Reduction Consultants,strategy-management-consulting-firms-churn-reduction-consultants,,,,
Professional Services,professional-services,5,Strategy & Management Consulting Firms,strategy-management-consulting-firms,88,Expansion Strategy Consultants,expansion-strategy-consultants,,,,
Professional Services,professional-services,5,Strategy & Management Consulting Firms,strategy-management-consulting-firms,89,Upsell Strategy Consultants,upsell-strategy-consultants,,,,
Professional Services,professional-services,5,Strategy & Management Consulting Firms,strategy-management-consulting-firms,90,Cross-Sell Strategy Consultants,cross-sell-strategy-consultants,,,,
Professional Services,professional-services,5,Strategy & Management Consulting Firms,strategy-management-consulting-firms,91,Customer Success Consultants,customer-success-consultants,,,,
Professional Services,professional-services,5,Strategy & Management Consulting Firms,strategy-management-consulting-firms,92,CS Operations Consultants,cs-operations-consultants,,,,
Professional Services,professional-services,5,Strategy & Management Consulting Firms,strategy-management-consulting-firms,93,Health Score Consultants,health-score-consultants,,,,
Professional Services,professional-services,5,Strategy & Management Consulting Firms,strategy-management-consulting-firms,94,Voice of Employee Consultants,voice-of-employee-consultants,,,,
Professional Services,professional-services,5,Strategy & Management Consulting Firms,strategy-management-consulting-firms,95,Employee Experience Consultants,employee-experience-consultants,1,People Strategy,Employee Experience,people-strategy-employee-experience
Professional Services,professional-services,5,Strategy & Management Consulting Firms,strategy-management-consulting-firms,96,Workforce Strategy Consultants,workforce-strategy-consultants,,,,
Professional Services,professional-services,5,Strategy & Management Consulting Firms,strategy-management-consulting-firms,97,Talent Strategy Consultants,talent-strategy-consultants,1,People Strategy,Talent Strategy,people-strategy-talent-strategy
Professional Services,professional-services,5,Strategy & Management Consulting Firms,strategy-management-consulting-firms,98,Future of Work Consultants,future-of-work-consultants,,,,
Professional Services,professional-services,5,Strategy & Management Consulting Firms,strategy-management-consulting-firms,99,Hybrid Work Consultants,hybrid-work-consultants,,,,
Professional Services,professional-services,5,Strategy & Management Consulting Firms,strategy-management-consulting-firms,100,Return-to-Office Consultants,return-to-office-consultants,,,,
Professional Services,professional-services,5,Strategy & Management Consulting Firms,strategy-management-consulting-firms,101,Workplace Strategy Consultants,workplace-strategy-consultants,,,,
Professional Services,professional-services,5,Strategy & Management Consulting Firms,strategy-management-consulting-firms,102,Real Estate Strategy Consultants,real-estate-strategy-consultants,,,,
Professional Services,professional-services,5,Strategy & Management Consulting Firms,strategy-management-consulting-firms,103,Site Selection Consultants,site-selection-consultants,1,IT Strategy,Technology Selection,it-strategy-technology-selection
Professional Services,professional-services,5,Strategy & Management Consulting Firms,strategy-management-consulting-firms,104,Economic Development Consultants,economic-development-consultants,,,,
Professional Services,professional-services,5,Strategy & Management Consulting Firms,strategy-management-consulting-firms,105,Market Research Firms,market-research-firms,1,Research & Analytics,Market Research,research-analytics-market-research
Professional Services,professional-services,5,Strategy & Management Consulting Firms,strategy-management-consulting-firms,105,Market Research Firms,market-research-firms,2,Research & Analytics,Customer Research,research-analytics-customer-research
Professional Services,professional-services,5,Strategy & Management Consulting Firms,strategy-management-consulting-firms,105,Market Research Firms,market-research-firms,3,Research & Analytics,Brand Research,research-analytics-brand-research
Professional Services,professional-services,5,Strategy & Management Consulting Firms,strategy-management-consulting-firms,105,Market Research Firms,market-research-firms,4,Research & Analytics,Pricing Research,research-analytics-pricing-research
Professional Services,professional-services,5,Strategy & Management Consulting Firms,strategy-management-consulting-firms,105,Market Research Firms,market-research-firms,5,Research & Analytics,UX Research,research-analytics-ux-research
Professional Services,professional-services,5,Strategy & Management Consulting Firms,strategy-management-consulting-firms,105,Market Research Firms,market-research-firms,6,Research & Analytics,Survey Design,research-analytics-survey-design
Professional Services,professional-services,5,Strategy & Management Consulting Firms,strategy-management-consulting-firms,105,Market Research Firms,market-research-firms,7,Research & Analytics,Focus Groups,research-analytics-focus-groups
Professional Services,professional-services,5,Strategy & Management Consulting Firms,strategy-management-consulting-firms,106,B2B Market Research Firms,b2b-market-research-firms,,,,
Professional Services,professional-services,5,Strategy & Management Consulting Firms,strategy-management-consulting-firms,107,Consumer Insights Firms,consumer-insights-firms,,,,
Professional Services,professional-services,5,Strategy & Management Consulting Firms,strategy-management-consulting-firms,108,Quantitative Research Firms,quantitative-research-firms,,,,
Professional Services,professional-services,5,Strategy & Management Consulting Firms,strategy-management-consulting-firms,109,Qualitative Research Firms,qualitative-research-firms,,,,
Professional Services,professional-services,5,Strategy & Management Consulting Firms,strategy-management-consulting-firms,110,Ethnographic Research Firms,ethnographic-research-firms,,,,
Professional Services,professional-services,5,Strategy & Management Consulting Firms,strategy-management-consulting-firms,111,Focus Group Facilitators,focus-group-facilitators,,,,
Professional Services,professional-services,5,Strategy & Management Consulting Firms,strategy-management-consulting-firms,112,Conjoint Analysis Firms,conjoint-analysis-firms,,,,
Professional Services,professional-services,5,Strategy & Management Consulting Firms,strategy-management-consulting-firms,113,Brand Tracking Firms,brand-tracking-firms,,,,
Professional Services,professional-services,5,Strategy & Management Consulting Firms,strategy-management-consulting-firms,114,Concept Testing Firms,concept-testing-firms,,,,
Professional Services,professional-services,5,Strategy & Management Consulting Firms,strategy-management-consulting-firms,115,Ad Testing Firms,ad-testing-firms,,,,
Professional Services,professional-services,5,Strategy & Management Consulting Firms,strategy-management-consulting-firms,116,Pricing Research Firms,pricing-research-firms,,,,
Professional Services,professional-services,5,Strategy & Management Consulting Firms,strategy-management-consulting-firms,117,Competitive Intelligence Firms,competitive-intelligence-firms,,,,
Professional Services,professional-services,5,Strategy & Management Consulting Firms,strategy-management-consulting-firms,118,Industry Research Firms,industry-research-firms,,,,
Professional Services,professional-services,5,Strategy & Management Consulting Firms,strategy-management-consulting-firms,119,Syndicated Research Providers,syndicated-research-providers,,,,
Professional Services,professional-services,5,Strategy & Management Consulting Firms,strategy-management-consulting-firms,120,Analyst Relations Firms,strategy-management-consulting-firms-analyst-relations-firms,,,,
Professional Services,professional-services,5,Strategy & Management Consulting Firms,strategy-management-consulting-firms,121,Influencer Relations Firms,influencer-relations-firms,,,,
Professional Services,professional-services,5,Strategy & Management Consulting Firms,strategy-management-consulting-firms,122,Vendor Selection Consultants,vendor-selection-consultants,1,IT Strategy,Vendor Evaluation,it-strategy-vendor-evaluation
Professional Services,professional-services,5,Strategy & Management Consulting Firms,strategy-management-consulting-firms,123,Software Selection Consultants,software-selection-consultants,,,,
Professional Services,professional-services,5,Strategy & Management Consulting Firms,strategy-management-consulting-firms,124,ERP Selection Consultants,erp-selection-consultants,,,,
Professional Services,professional-services,5,Strategy & Management Consulting Firms,strategy-management-consulting-firms,125,CRM Selection Consultants,crm-selection-consultants,,,,
Professional Services,professional-services,5,Strategy & Management Consulting Firms,strategy-management-consulting-firms,126,HCM Selection Consultants,hcm-selection-consultants,,,,
Professional Services,professional-services,5,Strategy & Management Consulting Firms,strategy-management-consulting-firms,127,RFP Management Consultants,rfp-management-consultants,,,,
Professional Services,professional-services,5,Strategy & Management Consulting Firms,strategy-management-consulting-firms,128,Contract Negotiation Consultants,contract-negotiation-consultants,,,,
Professional Services,professional-services,5,Strategy & Management Consulting Firms,strategy-management-consulting-firms,129,Strategic Sourcing Consultants,strategic-sourcing-consultants,,,,
Professional Services,professional-services,6,Industry-Specialized Consulting Firms,industry-specialized-consulting-firms,1,Healthcare Consulting Firms,healthcare-consulting-firms,1,Healthcare Advisory,Hospital Consulting,healthcare-advisory-hospital-consulting
Professional Services,professional-services,6,Industry-Specialized Consulting Firms,industry-specialized-consulting-firms,2,Hospital Consulting Firms,hospital-consulting-firms,,,,
Professional Services,professional-services,6,Industry-Specialized Consulting Firms,industry-specialized-consulting-firms,3,Health System Consulting Firms,health-system-consulting-firms,,,,
Professional Services,professional-services,6,Industry-Specialized Consulting Firms,industry-specialized-consulting-firms,4,Medical Practice Consulting,medical-practice-consulting,,,,
Professional Services,professional-services,6,Industry-Specialized Consulting Firms,industry-specialized-consulting-firms,5,Physician Practice Management Consulting,physician-practice-management-consulting,,,,
Professional Services,professional-services,6,Industry-Specialized Consulting Firms,industry-specialized-consulting-firms,6,Dental Practice Consulting,dental-practice-consulting,,,,
Professional Services,professional-services,6,Industry-Specialized Consulting Firms,industry-specialized-consulting-firms,7,Veterinary Practice Consulting,veterinary-practice-consulting,,,,
Professional Services,professional-services,6,Industry-Specialized Consulting Firms,industry-specialized-consulting-firms,8,Pharmacy Consulting,pharmacy-consulting,,,,
Professional Services,professional-services,6,Industry-Specialized Consulting Firms,industry-specialized-consulting-firms,9,Long-Term Care Consulting,long-term-care-consulting,,,,
Professional Services,professional-services,6,Industry-Specialized Consulting Firms,industry-specialized-consulting-firms,10,Home Health Consulting,home-health-consulting,,,,
Professional Services,professional-services,6,Industry-Specialized Consulting Firms,industry-specialized-consulting-firms,11,Hospice Consulting,hospice-consulting,,,,
Professional Services,professional-services,6,Industry-Specialized Consulting Firms,industry-specialized-consulting-firms,12,Behavioral Health Consulting,behavioral-health-consulting,,,,
Professional Services,professional-services,6,Industry-Specialized Consulting Firms,industry-specialized-consulting-firms,13,Substance Abuse Treatment Consulting,substance-abuse-treatment-consulting,,,,
Professional Services,professional-services,6,Industry-Specialized Consulting Firms,industry-specialized-consulting-firms,14,Telehealth Strategy Consulting,telehealth-strategy-consulting,,,,
Professional Services,professional-services,6,Industry-Specialized Consulting Firms,industry-specialized-consulting-firms,15,Medical Device Consulting,medical-device-consulting,,,,
Professional Services,professional-services,6,Industry-Specialized Consulting Firms,industry-specialized-consulting-firms,16,Biotech Consulting,biotech-consulting,,,,
Professional Services,professional-services,6,Industry-Specialized Consulting Firms,industry-specialized-consulting-firms,17,Pharma Consulting,pharma-consulting,,,,
Professional Services,professional-services,6,Industry-Specialized Consulting Firms,industry-specialized-consulting-firms,18,Life Sciences Consulting,life-sciences-consulting,,,,
Professional Services,professional-services,6,Industry-Specialized Consulting Firms,industry-specialized-consulting-firms,19,Healthcare Payer Consulting,healthcare-payer-consulting,,,,
Professional Services,professional-services,6,Industry-Specialized Consulting Firms,industry-specialized-consulting-firms,20,Health Plan Consulting,health-plan-consulting,,,,
Professional Services,professional-services,6,Industry-Specialized Consulting Firms,industry-specialized-consulting-firms,21,Medicare Advantage Consulting,medicare-advantage-consulting,,,,
Professional Services,professional-services,6,Industry-Specialized Consulting Firms,industry-specialized-consulting-firms,22,Medicaid Consulting,medicaid-consulting,,,,
Professional Services,professional-services,6,Industry-Specialized Consulting Firms,industry-specialized-consulting-firms,23,Managed Care Consulting,managed-care-consulting,,,,
Professional Services,professional-services,6,Industry-Specialized Consulting Firms,industry-specialized-consulting-firms,24,Healthcare Compliance Consulting,healthcare-compliance-consulting,1,Healthcare Advisory,Healthcare Compliance,healthcare-advisory-healthcare-compliance
Professional Services,professional-services,6,Industry-Specialized Consulting Firms,industry-specialized-consulting-firms,24,Healthcare Compliance Consulting,healthcare-compliance-consulting,2,Functional Consulting,Compliance Consulting Service,functional-consulting-compliance-consulting-service
Professional Services,professional-services,6,Industry-Specialized Consulting Firms,industry-specialized-consulting-firms,25,HIPAA Consulting,hipaa-consulting,,,,
Professional Services,professional-services,6,Industry-Specialized Consulting Firms,industry-specialized-consulting-firms,26,Healthcare Revenue Cycle Consulting,healthcare-revenue-cycle-consulting,1,Healthcare Advisory,Revenue Cycle Consulting,healthcare-advisory-revenue-cycle-consulting
Professional Services,professional-services,6,Industry-Specialized Consulting Firms,industry-specialized-consulting-firms,27,Healthcare M&A Advisory,healthcare-ma-advisory,1,Healthcare Advisory,Physician Practice,healthcare-advisory-physician-practice
Professional Services,professional-services,6,Industry-Specialized Consulting Firms,industry-specialized-consulting-firms,27,Healthcare M&A Advisory,healthcare-ma-advisory,2,Healthcare Advisory,EMR Implementation,healthcare-advisory-emr-implementation
Professional Services,professional-services,6,Industry-Specialized Consulting Firms,industry-specialized-consulting-firms,27,Healthcare M&A Advisory,healthcare-ma-advisory,3,Healthcare Advisory,Patient Experience,healthcare-advisory-patient-experience
Professional Services,professional-services,6,Industry-Specialized Consulting Firms,industry-specialized-consulting-firms,27,Healthcare M&A Advisory,healthcare-ma-advisory,4,Healthcare Advisory,Value-Based Care,healthcare-advisory-value-based-care
Professional Services,professional-services,6,Industry-Specialized Consulting Firms,industry-specialized-consulting-firms,27,Healthcare M&A Advisory,healthcare-ma-advisory,5,Healthcare Advisory,Telehealth Strategy,healthcare-advisory-telehealth-strategy
Professional Services,professional-services,6,Industry-Specialized Consulting Firms,industry-specialized-consulting-firms,27,Healthcare M&A Advisory,healthcare-ma-advisory,6,Healthcare Advisory,Healthcare Analytics,healthcare-advisory-healthcare-analytics
Professional Services,professional-services,6,Industry-Specialized Consulting Firms,industry-specialized-consulting-firms,27,Healthcare M&A Advisory,healthcare-ma-advisory,7,Healthcare Advisory,Population Health,healthcare-advisory-population-health
Professional Services,professional-services,6,Industry-Specialized Consulting Firms,industry-specialized-consulting-firms,28,Financial Services Consulting,financial-services-consulting,1,Functional Consulting,Environmental Consulting Service,functional-consulting-environmental-consulting-service
Professional Services,professional-services,6,Industry-Specialized Consulting Firms,industry-specialized-consulting-firms,28,Financial Services Consulting,financial-services-consulting,2,Functional Consulting,Sustainability Consulting Service,functional-consulting-sustainability-consulting-service
Professional Services,professional-services,6,Industry-Specialized Consulting Firms,industry-specialized-consulting-firms,29,Banking Consulting Firms,banking-consulting-firms,,,,
Professional Services,professional-services,6,Industry-Specialized Consulting Firms,industry-specialized-consulting-firms,30,Credit Union Consulting,credit-union-consulting,,,,
Professional Services,professional-services,6,Industry-Specialized Consulting Firms,industry-specialized-consulting-firms,31,Wealth Management Consulting,wealth-management-consulting,,,,
Professional Services,professional-services,6,Industry-Specialized Consulting Firms,industry-specialized-consulting-firms,32,Asset Management Consulting,asset-management-consulting,,,,
Professional Services,professional-services,6,Industry-Specialized Consulting Firms,industry-specialized-consulting-firms,33,Insurance Consulting,insurance-consulting,,,,
Professional Services,professional-services,6,Industry-Specialized Consulting Firms,industry-specialized-consulting-firms,34,Property and Casualty Consulting,property-and-casualty-consulting,,,,
Professional Services,professional-services,6,Industry-Specialized Consulting Firms,industry-specialized-consulting-firms,35,Life Insurance Consulting,life-insurance-consulting,,,,
Professional Services,professional-services,6,Industry-Specialized Consulting Firms,industry-specialized-consulting-firms,36,Reinsurance Consulting,reinsurance-consulting,,,,
Professional Services,professional-services,6,Industry-Specialized Consulting Firms,industry-specialized-consulting-firms,37,Capital Markets Consulting,capital-markets-consulting,,,,
Professional Services,professional-services,6,Industry-Specialized Consulting Firms,industry-specialized-consulting-firms,38,Investment Operations Consulting,investment-operations-consulting,,,,
Professional Services,professional-services,6,Industry-Specialized Consulting Firms,industry-specialized-consulting-firms,39,Trading Operations Consulting,trading-operations-consulting,,,,
Professional Services,professional-services,6,Industry-Specialized Consulting Firms,industry-specialized-consulting-firms,40,Risk & Compliance Consulting,risk-compliance-consulting,1,Functional Consulting,Risk Consulting,functional-consulting-risk-consulting
Professional Services,professional-services,6,Industry-Specialized Consulting Firms,industry-specialized-consulting-firms,41,Bank Regulatory Consulting,bank-regulatory-consulting,,,,
Professional Services,professional-services,6,Industry-Specialized Consulting Firms,industry-specialized-consulting-firms,42,AML Consulting,aml-consulting,,,,
Professional Services,professional-services,6,Industry-Specialized Consulting Firms,industry-specialized-consulting-firms,43,BSA Compliance Consulting,bsa-compliance-consulting,,,,
Professional Services,professional-services,6,Industry-Specialized Consulting Firms,industry-specialized-consulting-firms,44,Sanctions Compliance Consulting,sanctions-compliance-consulting,,,,
Professional Services,professional-services,6,Industry-Specialized Consulting Firms,industry-specialized-consulting-firms,45,Stress Testing Consulting,stress-testing-consulting,,,,
Professional Services,professional-services,6,Industry-Specialized Consulting Firms,industry-specialized-consulting-firms,46,CECL Consulting,cecl-consulting,,,,
Professional Services,professional-services,6,Industry-Specialized Consulting Firms,industry-specialized-consulting-firms,47,CCAR Consulting,ccar-consulting,,,,
Professional Services,professional-services,6,Industry-Specialized Consulting Firms,industry-specialized-consulting-firms,48,Basel Consulting,basel-consulting,,,,
Professional Services,professional-services,6,Industry-Specialized Consulting Firms,industry-specialized-consulting-firms,49,Retail Banking Consulting,retail-banking-consulting,,,,
Professional Services,professional-services,6,Industry-Specialized Consulting Firms,industry-specialized-consulting-firms,50,Commercial Banking Consulting,commercial-banking-consulting,,,,
Professional Services,professional-services,6,Industry-Specialized Consulting Firms,industry-specialized-consulting-firms,51,Private Banking Consulting,private-banking-consulting,,,,
Professional Services,professional-services,6,Industry-Specialized Consulting Firms,industry-specialized-consulting-firms,52,FinTech Consulting,fintech-consulting,,,,
Professional Services,professional-services,6,Industry-Specialized Consulting Firms,industry-specialized-consulting-firms,53,Crypto Consulting Firms,crypto-consulting-firms,,,,
Professional Services,professional-services,6,Industry-Specialized Consulting Firms,industry-specialized-consulting-firms,54,Web3 Consulting Firms,web3-consulting-firms,,,,
Professional Services,professional-services,6,Industry-Specialized Consulting Firms,industry-specialized-consulting-firms,55,Energy Consulting Firms,energy-consulting-firms,,,,
Professional Services,professional-services,6,Industry-Specialized Consulting Firms,industry-specialized-consulting-firms,56,Oil and Gas Consulting,oil-and-gas-consulting,,,,
Professional Services,professional-services,6,Industry-Specialized Consulting Firms,industry-specialized-consulting-firms,57,Upstream Energy Consulting,upstream-energy-consulting,,,,
Professional Services,professional-services,6,Industry-Specialized Consulting Firms,industry-specialized-consulting-firms,58,Midstream Energy Consulting,midstream-energy-consulting,,,,
Professional Services,professional-services,6,Industry-Specialized Consulting Firms,industry-specialized-consulting-firms,59,Downstream Energy Consulting,downstream-energy-consulting,,,,
Professional Services,professional-services,6,Industry-Specialized Consulting Firms,industry-specialized-consulting-firms,60,Renewable Energy Consulting,renewable-energy-consulting,,,,
Professional Services,professional-services,6,Industry-Specialized Consulting Firms,industry-specialized-consulting-firms,61,Solar Consulting Firms,solar-consulting-firms,,,,
Professional Services,professional-services,6,Industry-Specialized Consulting Firms,industry-specialized-consulting-firms,62,Wind Consulting Firms,wind-consulting-firms,,,,
Professional Services,professional-services,6,Industry-Specialized Consulting Firms,industry-specialized-consulting-firms,63,Storage Consulting Firms,storage-consulting-firms,,,,
Professional Services,professional-services,6,Industry-Specialized Consulting Firms,industry-specialized-consulting-firms,64,Grid Modernization Consulting,grid-modernization-consulting,,,,
Professional Services,professional-services,6,Industry-Specialized Consulting Firms,industry-specialized-consulting-firms,65,Utility Consulting Firms,utility-consulting-firms,,,,
Professional Services,professional-services,6,Industry-Specialized Consulting Firms,industry-specialized-consulting-firms,66,Power Markets Consulting,power-markets-consulting,,,,
Professional Services,professional-services,6,Industry-Specialized Consulting Firms,industry-specialized-consulting-firms,67,Energy Trading Consulting,energy-trading-consulting,,,,
Professional Services,professional-services,6,Industry-Specialized Consulting Firms,industry-specialized-consulting-firms,68,Carbon Markets Consulting,carbon-markets-consulting,,,,
Professional Services,professional-services,6,Industry-Specialized Consulting Firms,industry-specialized-consulting-firms,69,ESG Consulting Firms,esg-consulting-firms,,,,
Professional Services,professional-services,6,Industry-Specialized Consulting Firms,industry-specialized-consulting-firms,70,Climate Strategy Consulting,climate-strategy-consulting,,,,
Professional Services,professional-services,6,Industry-Specialized Consulting Firms,industry-specialized-consulting-firms,71,Decarbonization Consulting,decarbonization-consulting,,,,
Professional Services,professional-services,6,Industry-Specialized Consulting Firms,industry-specialized-consulting-firms,72,Net Zero Consulting,net-zero-consulting,,,,
Professional Services,professional-services,6,Industry-Specialized Consulting Firms,industry-specialized-consulting-firms,73,Scope 3 Emissions Consulting,scope-3-emissions-consulting,,,,
Professional Services,professional-services,6,Industry-Specialized Consulting Firms,industry-specialized-consulting-firms,74,Sustainability Reporting Consulting,sustainability-reporting-consulting,,,,
Professional Services,professional-services,6,Industry-Specialized Consulting Firms,industry-specialized-consulting-firms,75,CSRD Consulting,csrd-consulting,,,,
Professional Services,professional-services,6,Industry-Specialized Consulting Firms,industry-specialized-consulting-firms,76,TCFD Consulting,tcfd-consulting,,,,
Professional Services,professional-services,6,Industry-Specialized Consulting Firms,industry-specialized-consulting-firms,77,SBTi Consulting,sbti-consulting,,,,
Professional Services,professional-services,6,Industry-Specialized Consulting Firms,industry-specialized-consulting-firms,78,CDP Reporting Consulting,cdp-reporting-consulting,,,,
Professional Services,professional-services,6,Industry-Specialized Consulting Firms,industry-specialized-consulting-firms,79,Mining Consulting Firms,mining-consulting-firms,,,,
Professional Services,professional-services,6,Industry-Specialized Consulting Firms,industry-specialized-consulting-firms,80,Metals Consulting,metals-consulting,,,,
Professional Services,professional-services,6,Industry-Specialized Consulting Firms,industry-specialized-consulting-firms,81,Manufacturing Consulting Firms,manufacturing-consulting-firms,,,,
Professional Services,professional-services,6,Industry-Specialized Consulting Firms,industry-specialized-consulting-firms,82,Lean Manufacturing Consulting,lean-manufacturing-consulting,,,,
Professional Services,professional-services,6,Industry-Specialized Consulting Firms,industry-specialized-consulting-firms,83,Six Sigma Consulting,six-sigma-consulting,,,,
Professional Services,professional-services,6,Industry-Specialized Consulting Firms,industry-specialized-consulting-firms,84,Operational Excellence Consulting,operational-excellence-consulting,,,,
Professional Services,professional-services,6,Industry-Specialized Consulting Firms,industry-specialized-consulting-firms,85,Plant Optimization Consulting,plant-optimization-consulting,,,,
Professional Services,professional-services,6,Industry-Specialized Consulting Firms,industry-specialized-consulting-firms,86,Smart Factory Consulting,smart-factory-consulting,,,,
Professional Services,professional-services,6,Industry-Specialized Consulting Firms,industry-specialized-consulting-firms,87,Industry 4.0 Consulting,industry-40-consulting,1,Industry-Specific,Retail Consulting,industry-specific-retail-consulting
Professional Services,professional-services,6,Industry-Specialized Consulting Firms,industry-specialized-consulting-firms,87,Industry 4.0 Consulting,industry-40-consulting,2,Industry-Specific,Restaurant Consulting,industry-specific-restaurant-consulting
Professional Services,professional-services,6,Industry-Specialized Consulting Firms,industry-specialized-consulting-firms,87,Industry 4.0 Consulting,industry-40-consulting,3,Industry-Specific,Hotel Consulting,industry-specific-hotel-consulting
Professional Services,professional-services,6,Industry-Specialized Consulting Firms,industry-specialized-consulting-firms,87,Industry 4.0 Consulting,industry-40-consulting,4,Industry-Specific,Healthcare Consulting,industry-specific-healthcare-consulting
Professional Services,professional-services,6,Industry-Specialized Consulting Firms,industry-specialized-consulting-firms,87,Industry 4.0 Consulting,industry-40-consulting,5,Industry-Specific,Pharma Consulting,industry-specific-pharma-consulting
Professional Services,professional-services,6,Industry-Specialized Consulting Firms,industry-specialized-consulting-firms,87,Industry 4.0 Consulting,industry-40-consulting,6,Industry-Specific,Energy Consulting,industry-specific-energy-consulting
Professional Services,professional-services,6,Industry-Specialized Consulting Firms,industry-specialized-consulting-firms,87,Industry 4.0 Consulting,industry-40-consulting,7,Industry-Specific,Mining Consulting,industry-specific-mining-consulting
Professional Services,professional-services,6,Industry-Specialized Consulting Firms,industry-specialized-consulting-firms,87,Industry 4.0 Consulting,industry-40-consulting,8,Industry-Specific,Telecom Consulting,industry-specific-telecom-consulting
Professional Services,professional-services,6,Industry-Specialized Consulting Firms,industry-specialized-consulting-firms,87,Industry 4.0 Consulting,industry-40-consulting,9,Industry-Specific,Media Consulting,industry-specific-media-consulting
Professional Services,professional-services,6,Industry-Specialized Consulting Firms,industry-specialized-consulting-firms,87,Industry 4.0 Consulting,industry-40-consulting,10,Industry-Specific,Government Consulting,industry-specific-government-consulting
Professional Services,professional-services,6,Industry-Specialized Consulting Firms,industry-specialized-consulting-firms,87,Industry 4.0 Consulting,industry-40-consulting,11,Functional Consulting,Sales Consulting,functional-consulting-sales-consulting
Professional Services,professional-services,6,Industry-Specialized Consulting Firms,industry-specialized-consulting-firms,87,Industry 4.0 Consulting,industry-40-consulting,12,Functional Consulting,Procurement Consulting,functional-consulting-procurement-consulting
Professional Services,professional-services,6,Industry-Specialized Consulting Firms,industry-specialized-consulting-firms,87,Industry 4.0 Consulting,industry-40-consulting,13,Functional Consulting,Quality Consulting,functional-consulting-quality-consulting
Professional Services,professional-services,6,Industry-Specialized Consulting Firms,industry-specialized-consulting-firms,87,Industry 4.0 Consulting,industry-40-consulting,14,Functional Consulting,Safety Consulting,functional-consulting-safety-consulting
Professional Services,professional-services,6,Industry-Specialized Consulting Firms,industry-specialized-consulting-firms,88,Industrial IoT Consulting,industrial-iot-consulting,,,,
Professional Services,professional-services,6,Industry-Specialized Consulting Firms,industry-specialized-consulting-firms,89,Aerospace Consulting,aerospace-consulting,,,,
Professional Services,professional-services,6,Industry-Specialized Consulting Firms,industry-specialized-consulting-firms,90,Defense Consulting Firms,defense-consulting-firms,,,,
Professional Services,professional-services,6,Industry-Specialized Consulting Firms,industry-specialized-consulting-firms,91,Government Consulting Firms,government-consulting-firms,,,,
Professional Services,professional-services,6,Industry-Specialized Consulting Firms,industry-specialized-consulting-firms,92,Federal Consulting Firms,federal-consulting-firms,,,,
Professional Services,professional-services,6,Industry-Specialized Consulting Firms,industry-specialized-consulting-firms,93,State Government Consulting,state-government-consulting,,,,
Professional Services,professional-services,6,Industry-Specialized Consulting Firms,industry-specialized-consulting-firms,94,Local Government Consulting,local-government-consulting,,,,
Professional Services,professional-services,6,Industry-Specialized Consulting Firms,industry-specialized-consulting-firms,95,Public Sector Consulting,public-sector-consulting,,,,
Professional Services,professional-services,6,Industry-Specialized Consulting Firms,industry-specialized-consulting-firms,96,Education Consulting Firms,education-consulting-firms,1,Education Advisory,College Admissions,education-advisory-college-admissions
Professional Services,professional-services,6,Industry-Specialized Consulting Firms,industry-specialized-consulting-firms,96,Education Consulting Firms,education-consulting-firms,2,Education Advisory,Study Abroad,education-advisory-study-abroad
Professional Services,professional-services,6,Industry-Specialized Consulting Firms,industry-specialized-consulting-firms,96,Education Consulting Firms,education-consulting-firms,3,Education Advisory,Scholarship Advisory,education-advisory-scholarship-advisory
Professional Services,professional-services,6,Industry-Specialized Consulting Firms,industry-specialized-consulting-firms,96,Education Consulting Firms,education-consulting-firms,4,Education Advisory,Curriculum Design Consulting,education-advisory-curriculum-design-consulting
Professional Services,professional-services,6,Industry-Specialized Consulting Firms,industry-specialized-consulting-firms,96,Education Consulting Firms,education-consulting-firms,5,Education Advisory,School Accreditation,education-advisory-school-accreditation
Professional Services,professional-services,6,Industry-Specialized Consulting Firms,industry-specialized-consulting-firms,96,Education Consulting Firms,education-consulting-firms,6,Education Advisory,EdTech Advisory,education-advisory-edtech-advisory
Professional Services,professional-services,6,Industry-Specialized Consulting Firms,industry-specialized-consulting-firms,96,Education Consulting Firms,education-consulting-firms,7,Education Advisory,Teacher Training,education-advisory-teacher-training
Professional Services,professional-services,6,Industry-Specialized Consulting Firms,industry-specialized-consulting-firms,96,Education Consulting Firms,education-consulting-firms,8,Education Advisory,Special Education Consulting,education-advisory-special-education-consulting
Professional Services,professional-services,6,Industry-Specialized Consulting Firms,industry-specialized-consulting-firms,96,Education Consulting Firms,education-consulting-firms,9,Education Advisory,Homeschool Advisory,education-advisory-homeschool-advisory
Professional Services,professional-services,6,Industry-Specialized Consulting Firms,industry-specialized-consulting-firms,96,Education Consulting Firms,education-consulting-firms,10,Education Advisory,Education Policy,education-advisory-education-policy
Professional Services,professional-services,6,Industry-Specialized Consulting Firms,industry-specialized-consulting-firms,97,K-12 Education Consulting,k-12-education-consulting,,,,
Professional Services,professional-services,6,Industry-Specialized Consulting Firms,industry-specialized-consulting-firms,98,Higher Education Consulting,higher-education-consulting,,,,
Professional Services,professional-services,6,Industry-Specialized Consulting Firms,industry-specialized-consulting-firms,99,University Consulting Firms,university-consulting-firms,,,,
Professional Services,professional-services,6,Industry-Specialized Consulting Firms,industry-specialized-consulting-firms,100,EdTech Consulting,edtech-consulting,,,,
Professional Services,professional-services,6,Industry-Specialized Consulting Firms,industry-specialized-consulting-firms,101,Nonprofit Consulting Firms,nonprofit-consulting-firms,1,Nonprofit Advisory,Fundraising Strategy,nonprofit-advisory-fundraising-strategy
Professional Services,professional-services,6,Industry-Specialized Consulting Firms,industry-specialized-consulting-firms,101,Nonprofit Consulting Firms,nonprofit-consulting-firms,2,Nonprofit Advisory,Board Development,nonprofit-advisory-board-development
Professional Services,professional-services,6,Industry-Specialized Consulting Firms,industry-specialized-consulting-firms,101,Nonprofit Consulting Firms,nonprofit-consulting-firms,3,Nonprofit Advisory,Strategic Planning Nonprofit,nonprofit-advisory-strategic-planning-nonprofit
Professional Services,professional-services,6,Industry-Specialized Consulting Firms,industry-specialized-consulting-firms,101,Nonprofit Consulting Firms,nonprofit-consulting-firms,4,Nonprofit Advisory,Program Evaluation,nonprofit-advisory-program-evaluation
Professional Services,professional-services,6,Industry-Specialized Consulting Firms,industry-specialized-consulting-firms,101,Nonprofit Consulting Firms,nonprofit-consulting-firms,5,Nonprofit Advisory,Capacity Building,nonprofit-advisory-capacity-building
Professional Services,professional-services,6,Industry-Specialized Consulting Firms,industry-specialized-consulting-firms,101,Nonprofit Consulting Firms,nonprofit-consulting-firms,6,Nonprofit Advisory,Donor Relations,nonprofit-advisory-donor-relations
Professional Services,professional-services,6,Industry-Specialized Consulting Firms,industry-specialized-consulting-firms,101,Nonprofit Consulting Firms,nonprofit-consulting-firms,7,Nonprofit Advisory,Volunteer Strategy,nonprofit-advisory-volunteer-strategy
Professional Services,professional-services,6,Industry-Specialized Consulting Firms,industry-specialized-consulting-firms,101,Nonprofit Consulting Firms,nonprofit-consulting-firms,8,Nonprofit Advisory,Impact Measurement,nonprofit-advisory-impact-measurement
Professional Services,professional-services,6,Industry-Specialized Consulting Firms,industry-specialized-consulting-firms,101,Nonprofit Consulting Firms,nonprofit-consulting-firms,9,Nonprofit Advisory,Nonprofit Technology,nonprofit-advisory-nonprofit-technology
Professional Services,professional-services,6,Industry-Specialized Consulting Firms,industry-specialized-consulting-firms,102,Foundation Consulting Firms,foundation-consulting-firms,,,,
Professional Services,professional-services,6,Industry-Specialized Consulting Firms,industry-specialized-consulting-firms,103,Faith-Based Consulting,faith-based-consulting,,,,
Professional Services,professional-services,6,Industry-Specialized Consulting Firms,industry-specialized-consulting-firms,104,Religious Organization Consulting,religious-organization-consulting,,,,
Professional Services,professional-services,6,Industry-Specialized Consulting Firms,industry-specialized-consulting-firms,105,Association Management Consulting,association-management-consulting,,,,
Professional Services,professional-services,6,Industry-Specialized Consulting Firms,industry-specialized-consulting-firms,106,Membership Organization Consulting,membership-organization-consulting,,,,
Professional Services,professional-services,6,Industry-Specialized Consulting Firms,industry-specialized-consulting-firms,107,Hospitality Consulting Firms,hospitality-consulting-firms,,,,
Professional Services,professional-services,6,Industry-Specialized Consulting Firms,industry-specialized-consulting-firms,108,Hotel Consulting,hotel-consulting,,,,
Professional Services,professional-services,6,Industry-Specialized Consulting Firms,industry-specialized-consulting-firms,109,Restaurant Consulting,restaurant-consulting,,,,
Professional Services,professional-services,6,Industry-Specialized Consulting Firms,industry-specialized-consulting-firms,110,QSR Consulting,qsr-consulting,,,,
Professional Services,professional-services,6,Industry-Specialized Consulting Firms,industry-specialized-consulting-firms,111,Casino Consulting Firms,casino-consulting-firms,,,,
Professional Services,professional-services,6,Industry-Specialized Consulting Firms,industry-specialized-consulting-firms,112,Gaming Consulting Firms,gaming-consulting-firms,,,,
Professional Services,professional-services,6,Industry-Specialized Consulting Firms,industry-specialized-consulting-firms,113,Cruise Line Consulting,cruise-line-consulting,,,,
Professional Services,professional-services,6,Industry-Specialized Consulting Firms,industry-specialized-consulting-firms,114,Travel Industry Consulting,travel-industry-consulting,,,,
Professional Services,professional-services,6,Industry-Specialized Consulting Firms,industry-specialized-consulting-firms,115,Airline Consulting,airline-consulting,,,,
Professional Services,professional-services,6,Industry-Specialized Consulting Firms,industry-specialized-consulting-firms,116,Airport Consulting,airport-consulting,,,,
Professional Services,professional-services,6,Industry-Specialized Consulting Firms,industry-specialized-consulting-firms,117,Real Estate Consulting Firms,real-estate-consulting-firms,,,,
Professional Services,professional-services,6,Industry-Specialized Consulting Firms,industry-specialized-consulting-firms,118,Commercial Real Estate Consulting,commercial-real-estate-consulting,,,,
Professional Services,professional-services,6,Industry-Specialized Consulting Firms,industry-specialized-consulting-firms,119,Multifamily Consulting,multifamily-consulting,,,,
Professional Services,professional-services,6,Industry-Specialized Consulting Firms,industry-specialized-consulting-firms,120,Industrial Real Estate Consulting,industrial-real-estate-consulting,,,,
Professional Services,professional-services,6,Industry-Specialized Consulting Firms,industry-specialized-consulting-firms,121,Hospitality Real Estate Consulting,hospitality-real-estate-consulting,,,,
Professional Services,professional-services,6,Industry-Specialized Consulting Firms,industry-specialized-consulting-firms,122,Senior Housing Consulting,senior-housing-consulting,,,,
Professional Services,professional-services,6,Industry-Specialized Consulting Firms,industry-specialized-consulting-firms,123,Affordable Housing Consulting,affordable-housing-consulting,,,,
Professional Services,professional-services,6,Industry-Specialized Consulting Firms,industry-specialized-consulting-firms,124,Construction Consulting,construction-consulting,,,,
Professional Services,professional-services,6,Industry-Specialized Consulting Firms,industry-specialized-consulting-firms,125,Construction Management Consulting,construction-management-consulting,,,,
Professional Services,professional-services,6,Industry-Specialized Consulting Firms,industry-specialized-consulting-firms,127,PropTech Consulting,proptech-consulting,,,,
Professional Services,professional-services,6,Industry-Specialized Consulting Firms,industry-specialized-consulting-firms,128,Architecture Consulting,architecture-consulting,,,,
Professional Services,professional-services,6,Industry-Specialized Consulting Firms,industry-specialized-consulting-firms,129,Telecommunications Consulting,telecommunications-consulting,,,,
Professional Services,professional-services,6,Industry-Specialized Consulting Firms,industry-specialized-consulting-firms,130,Media Consulting Firms,media-consulting-firms,,,,
Professional Services,professional-services,6,Industry-Specialized Consulting Firms,industry-specialized-consulting-firms,131,Entertainment Consulting,entertainment-consulting,,,,
Professional Services,professional-services,6,Industry-Specialized Consulting Firms,industry-specialized-consulting-firms,132,Sports Consulting Firms,sports-consulting-firms,,,,
Professional Services,professional-services,6,Industry-Specialized Consulting Firms,industry-specialized-consulting-firms,133,Sports Franchise Consulting,sports-franchise-consulting,1,Franchise Services,Franchise Consulting,franchise-services-franchise-consulting
Professional Services,professional-services,6,Industry-Specialized Consulting Firms,industry-specialized-consulting-firms,134,Esports Consulting,esports-consulting,,,,
Professional Services,professional-services,6,Industry-Specialized Consulting Firms,industry-specialized-consulting-firms,135,Music Industry Consulting,music-industry-consulting,,,,
Professional Services,professional-services,6,Industry-Specialized Consulting Firms,industry-specialized-consulting-firms,136,Film Industry Consulting,film-industry-consulting,,,,
Professional Services,professional-services,6,Industry-Specialized Consulting Firms,industry-specialized-consulting-firms,137,Streaming Consulting,streaming-consulting,,,,
Professional Services,professional-services,6,Industry-Specialized Consulting Firms,industry-specialized-consulting-firms,138,Publishing Consulting,publishing-consulting,,,,
Professional Services,professional-services,6,Industry-Specialized Consulting Firms,industry-specialized-consulting-firms,139,Fashion Consulting,fashion-consulting,,,,
Professional Services,professional-services,6,Industry-Specialized Consulting Firms,industry-specialized-consulting-firms,140,Beauty Industry Consulting,beauty-industry-consulting,,,,
Professional Services,professional-services,6,Industry-Specialized Consulting Firms,industry-specialized-consulting-firms,141,CPG Consulting Firms,cpg-consulting-firms,,,,
Professional Services,professional-services,6,Industry-Specialized Consulting Firms,industry-specialized-consulting-firms,142,DTC Brand Consulting,dtc-brand-consulting,,,,
Professional Services,professional-services,6,Industry-Specialized Consulting Firms,industry-specialized-consulting-firms,143,E-Commerce Consulting,e-commerce-consulting,,,,
Professional Services,professional-services,6,Industry-Specialized Consulting Firms,industry-specialized-consulting-firms,144,Marketplace Consulting,marketplace-consulting,,,,
Professional Services,professional-services,6,Industry-Specialized Consulting Firms,industry-specialized-consulting-firms,145,Retail Consulting,retail-consulting,,,,
Professional Services,professional-services,6,Industry-Specialized Consulting Firms,industry-specialized-consulting-firms,146,Grocery Consulting,grocery-consulting,,,,
Professional Services,professional-services,6,Industry-Specialized Consulting Firms,industry-specialized-consulting-firms,147,Convenience Store Consulting,convenience-store-consulting,,,,
Professional Services,professional-services,6,Industry-Specialized Consulting Firms,industry-specialized-consulting-firms,148,Cannabis Consulting,cannabis-consulting,,,,
Professional Services,professional-services,6,Industry-Specialized Consulting Firms,industry-specialized-consulting-firms,149,CBD Consulting,cbd-consulting,,,,
Professional Services,professional-services,6,Industry-Specialized Consulting Firms,industry-specialized-consulting-firms,150,Adult Industry Consulting,adult-industry-consulting,,,,
Professional Services,professional-services,6,Industry-Specialized Consulting Firms,industry-specialized-consulting-firms,151,Cybersecurity Consulting,cybersecurity-consulting,,,,
Professional Services,professional-services,6,Industry-Specialized Consulting Firms,industry-specialized-consulting-firms,152,Privacy Consulting,privacy-consulting,,,,
Professional Services,professional-services,6,Industry-Specialized Consulting Firms,industry-specialized-consulting-firms,153,Data Privacy Consulting,data-privacy-consulting,,,,
Professional Services,professional-services,6,Industry-Specialized Consulting Firms,industry-specialized-consulting-firms,154,Information Governance Consulting,information-governance-consulting,,,,
Professional Services,professional-services,6,Industry-Specialized Consulting Firms,industry-specialized-consulting-firms,155,eDiscovery Consulting,ediscovery-consulting,,,,
Professional Services,professional-services,6,Industry-Specialized Consulting Firms,industry-specialized-consulting-firms,156,Records Management Consulting,records-management-consulting,,,,
Professional Services,professional-services,6,Industry-Specialized Consulting Firms,industry-specialized-consulting-firms,157,Knowledge Management Consulting,knowledge-management-consulting,,,,
Professional Services,professional-services,6,Industry-Specialized Consulting Firms,industry-specialized-consulting-firms,158,Library Consulting,library-consulting,,,,
Professional Services,professional-services,6,Industry-Specialized Consulting Firms,industry-specialized-consulting-firms,159,Museum Consulting,museum-consulting,,,,
Professional Services,professional-services,6,Industry-Specialized Consulting Firms,industry-specialized-consulting-firms,160,Archives Consulting,archives-consulting,,,,
Professional Services,professional-services,6,Industry-Specialized Consulting Firms,industry-specialized-consulting-firms,161,Cultural Sector Consulting,cultural-sector-consulting,,,,
Professional Services,professional-services,7,Coaching & Professional Development,coaching-professional-development,1,Executive Coaches,coaching-professional-development-executive-coaches,,,,
Professional Services,professional-services,7,Coaching & Professional Development,coaching-professional-development,2,C-Suite Coaches,c-suite-coaches,,,,
Professional Services,professional-services,7,Coaching & Professional Development,coaching-professional-development,3,CEO Coaches,ceo-coaches,,,,
Professional Services,professional-services,7,Coaching & Professional Development,coaching-professional-development,4,CFO Coaches,cfo-coaches,,,,
Professional Services,professional-services,7,Coaching & Professional Development,coaching-professional-development,5,CTO Coaches,cto-coaches,,,,
Professional Services,professional-services,7,Coaching & Professional Development,coaching-professional-development,6,CMO Coaches,cmo-coaches,,,,
Professional Services,professional-services,7,Coaching & Professional Development,coaching-professional-development,7,CPO Coaches,cpo-coaches,,,,
Professional Services,professional-services,7,Coaching & Professional Development,coaching-professional-development,8,COO Coaches,coo-coaches,,,,
Professional Services,professional-services,7,Coaching & Professional Development,coaching-professional-development,9,CHRO Coaches,chro-coaches,,,,
Professional Services,professional-services,7,Coaching & Professional Development,coaching-professional-development,10,Board Director Coaches,board-director-coaches,,,,
Professional Services,professional-services,7,Coaching & Professional Development,coaching-professional-development,11,Board Effectiveness Consultants,board-effectiveness-consultants,,,,
Professional Services,professional-services,7,Coaching & Professional Development,coaching-professional-development,12,First-Time Manager Coaches,first-time-manager-coaches,,,,
Professional Services,professional-services,7,Coaching & Professional Development,coaching-professional-development,13,Mid-Career Leadership Coaches,mid-career-leadership-coaches,,,,
Professional Services,professional-services,7,Coaching & Professional Development,coaching-professional-development,14,Senior Leadership Coaches,senior-leadership-coaches,,,,
Professional Services,professional-services,7,Coaching & Professional Development,coaching-professional-development,15,Women in Leadership Coaches,women-in-leadership-coaches,,,,
Professional Services,professional-services,7,Coaching & Professional Development,coaching-professional-development,16,Diversity Leadership Coaches,diversity-leadership-coaches,,,,
Professional Services,professional-services,7,Coaching & Professional Development,coaching-professional-development,17,Inclusive Leadership Coaches,inclusive-leadership-coaches,,,,
Professional Services,professional-services,7,Coaching & Professional Development,coaching-professional-development,18,Cross-Cultural Coaches,cross-cultural-coaches,,,,
Professional Services,professional-services,7,Coaching & Professional Development,coaching-professional-development,19,Global Executive Coaches,global-executive-coaches,,,,
Professional Services,professional-services,7,Coaching & Professional Development,coaching-professional-development,20,Public Speaking Coaches,public-speaking-coaches,,,,
Professional Services,professional-services,7,Coaching & Professional Development,coaching-professional-development,21,Presentation Coaches,presentation-coaches,,,,
Professional Services,professional-services,7,Coaching & Professional Development,coaching-professional-development,22,Pitch Coaches,pitch-coaches,,,,
Professional Services,professional-services,7,Coaching & Professional Development,coaching-professional-development,23,Storytelling Coaches,storytelling-coaches,,,,
Professional Services,professional-services,7,Coaching & Professional Development,coaching-professional-development,24,Media Training Coaches,media-training-coaches,,,,
Professional Services,professional-services,7,Coaching & Professional Development,coaching-professional-development,25,Crisis Communication Coaches,crisis-communication-coaches,,,,
Professional Services,professional-services,7,Coaching & Professional Development,coaching-professional-development,26,Investor Pitch Coaches,investor-pitch-coaches,,,,
Professional Services,professional-services,7,Coaching & Professional Development,coaching-professional-development,27,TED Talk Coaches,ted-talk-coaches,,,,
Professional Services,professional-services,7,Coaching & Professional Development,coaching-professional-development,28,Keynote Coaches,keynote-coaches,,,,
Professional Services,professional-services,7,Coaching & Professional Development,coaching-professional-development,29,Conference Speaker Coaches,conference-speaker-coaches,,,,
Professional Services,professional-services,7,Coaching & Professional Development,coaching-professional-development,30,Panel Moderation Coaches,panel-moderation-coaches,,,,
Professional Services,professional-services,7,Coaching & Professional Development,coaching-professional-development,31,Job Interview Coaches,job-interview-coaches,,,,
Professional Services,professional-services,7,Coaching & Professional Development,coaching-professional-development,32,Behavioral Interview Coaches,behavioral-interview-coaches,,,,
Professional Services,professional-services,7,Coaching & Professional Development,coaching-professional-development,33,Tech Interview Coaches,tech-interview-coaches,,,,
Professional Services,professional-services,7,Coaching & Professional Development,coaching-professional-development,34,Case Interview Coaches,case-interview-coaches,,,,
Professional Services,professional-services,7,Coaching & Professional Development,coaching-professional-development,35,Consulting Case Coaches,consulting-case-coaches,,,,
Professional Services,professional-services,7,Coaching & Professional Development,coaching-professional-development,36,MBA Interview Coaches,mba-interview-coaches,,,,
Professional Services,professional-services,7,Coaching & Professional Development,coaching-professional-development,37,Med School Interview Coaches,med-school-interview-coaches,,,,
Professional Services,professional-services,7,Coaching & Professional Development,coaching-professional-development,38,Law School Interview Coaches,law-school-interview-coaches,,,,
Professional Services,professional-services,7,Coaching & Professional Development,coaching-professional-development,39,Residency Interview Coaches,residency-interview-coaches,,,,
Professional Services,professional-services,7,Coaching & Professional Development,coaching-professional-development,40,Career Transition Coaches,career-transition-coaches,,,,
Professional Services,professional-services,7,Coaching & Professional Development,coaching-professional-development,41,Career Change Coaches,career-change-coaches,,,,
Professional Services,professional-services,7,Coaching & Professional Development,coaching-professional-development,42,Mid-Life Career Coaches,mid-life-career-coaches,,,,
Professional Services,professional-services,7,Coaching & Professional Development,coaching-professional-development,43,Empty Nester Career Coaches,empty-nester-career-coaches,,,,
Professional Services,professional-services,7,Coaching & Professional Development,coaching-professional-development,44,Returnship Coaches,returnship-coaches,,,,
Professional Services,professional-services,7,Coaching & Professional Development,coaching-professional-development,45,Reentry Coaches,reentry-coaches,,,,
Professional Services,professional-services,7,Coaching & Professional Development,coaching-professional-development,46,Veteran Career Coaches,veteran-career-coaches,,,,
Professional Services,professional-services,7,Coaching & Professional Development,coaching-professional-development,47,Athlete Career Transition Coaches,athlete-career-transition-coaches,,,,
Professional Services,professional-services,7,Coaching & Professional Development,coaching-professional-development,48,Retirement Coaches,retirement-coaches,,,,
Professional Services,professional-services,7,Coaching & Professional Development,coaching-professional-development,49,Encore Career Coaches,encore-career-coaches,,,,
Professional Services,professional-services,7,Coaching & Professional Development,coaching-professional-development,50,Sabbatical Planning Coaches,sabbatical-planning-coaches,,,,
Professional Services,professional-services,7,Coaching & Professional Development,coaching-professional-development,51,Productivity Coaches,productivity-coaches,,,,
Professional Services,professional-services,7,Coaching & Professional Development,coaching-professional-development,52,Time Management Coaches,time-management-coaches,,,,
Professional Services,professional-services,7,Coaching & Professional Development,coaching-professional-development,53,Focus Coaches,focus-coaches,,,,
Professional Services,professional-services,7,Coaching & Professional Development,coaching-professional-development,54,ADHD Productivity Coaches,adhd-productivity-coaches,,,,
Professional Services,professional-services,7,Coaching & Professional Development,coaching-professional-development,55,Task Management Coaches,task-management-coaches,,,,
Professional Services,professional-services,7,Coaching & Professional Development,coaching-professional-development,56,Email Management Coaches,email-management-coaches,,,,
Professional Services,professional-services,7,Coaching & Professional Development,coaching-professional-development,57,Inbox Zero Coaches,inbox-zero-coaches,,,,
Professional Services,professional-services,7,Coaching & Professional Development,coaching-professional-development,58,Calendar Optimization Coaches,calendar-optimization-coaches,,,,
Professional Services,professional-services,7,Coaching & Professional Development,coaching-professional-development,59,Meeting Productivity Coaches,meeting-productivity-coaches,,,,
Professional Services,professional-services,7,Coaching & Professional Development,coaching-professional-development,60,Habit Coaches,habit-coaches,,,,
Professional Services,professional-services,7,Coaching & Professional Development,coaching-professional-development,61,Habit Stacking Coaches,habit-stacking-coaches,,,,
Professional Services,professional-services,7,Coaching & Professional Development,coaching-professional-development,62,Atomic Habits Coaches,atomic-habits-coaches,,,,
Professional Services,professional-services,7,Coaching & Professional Development,coaching-professional-development,63,Goal Setting Coaches,goal-setting-coaches,,,,
Professional Services,professional-services,7,Coaching & Professional Development,coaching-professional-development,64,OKR Coaches,okr-coaches,,,,
Professional Services,professional-services,7,Coaching & Professional Development,coaching-professional-development,65,Vision Board Coaches,vision-board-coaches,,,,
Professional Services,professional-services,7,Coaching & Professional Development,coaching-professional-development,66,Manifestation Coaches,manifestation-coaches,,,,
Professional Services,professional-services,7,Coaching & Professional Development,coaching-professional-development,67,Life Coaches,coaching-professional-development-life-coaches,,,,
Professional Services,professional-services,7,Coaching & Professional Development,coaching-professional-development,68,Personal Development Coaches,personal-development-coaches,,,,
Professional Services,professional-services,7,Coaching & Professional Development,coaching-professional-development,69,Self-Improvement Coaches,self-improvement-coaches,,,,
Professional Services,professional-services,7,Coaching & Professional Development,coaching-professional-development,70,Mindset Coaches,mindset-coaches,,,,
Professional Services,professional-services,7,Coaching & Professional Development,coaching-professional-development,71,Confidence Coaches,confidence-coaches,,,,
Professional Services,professional-services,7,Coaching & Professional Development,coaching-professional-development,72,Self-Esteem Coaches,self-esteem-coaches,,,,
Professional Services,professional-services,7,Coaching & Professional Development,coaching-professional-development,73,Limiting Beliefs Coaches,limiting-beliefs-coaches,,,,
Professional Services,professional-services,7,Coaching & Professional Development,coaching-professional-development,74,Imposter Syndrome Coaches,imposter-syndrome-coaches,,,,
Professional Services,professional-services,7,Coaching & Professional Development,coaching-professional-development,75,Resilience Coaches,resilience-coaches,,,,
Professional Services,professional-services,7,Coaching & Professional Development,coaching-professional-development,76,Burnout Recovery Coaches,coaching-professional-development-burnout-recovery-coaches,,,,
Professional Services,professional-services,7,Coaching & Professional Development,coaching-professional-development,77,Stress Management Coaches,stress-management-coaches,,,,
Professional Services,professional-services,7,Coaching & Professional Development,coaching-professional-development,78,Anxiety Coaches,anxiety-coaches,,,,
Professional Services,professional-services,7,Coaching & Professional Development,coaching-professional-development,79,Sobriety Coaches,sobriety-coaches,,,,
Professional Services,professional-services,7,Coaching & Professional Development,coaching-professional-development,80,Recovery Coaches,recovery-coaches,,,,
Professional Services,professional-services,7,Coaching & Professional Development,coaching-professional-development,81,Eating Disorder Recovery Coaches,eating-disorder-recovery-coaches,,,,
Professional Services,professional-services,7,Coaching & Professional Development,coaching-professional-development,82,Body Image Coaches,body-image-coaches,,,,
Professional Services,professional-services,7,Coaching & Professional Development,coaching-professional-development,83,Health Coaches,health-coaches,,,,
Professional Services,professional-services,7,Coaching & Professional Development,coaching-professional-development,84,Integrative Health Coaches,integrative-health-coaches,,,,
Professional Services,professional-services,7,Coaching & Professional Development,coaching-professional-development,85,Functional Medicine Coaches,functional-medicine-coaches,,,,
Professional Services,professional-services,7,Coaching & Professional Development,coaching-professional-development,86,Wellness Coaches,wellness-coaches,,,,
Professional Services,professional-services,7,Coaching & Professional Development,coaching-professional-development,87,Holistic Wellness Coaches,holistic-wellness-coaches,,,,
Professional Services,professional-services,7,Coaching & Professional Development,coaching-professional-development,88,Nutrition Coaches,nutrition-coaches,,,,
Professional Services,professional-services,7,Coaching & Professional Development,coaching-professional-development,89,Plant-Based Nutrition Coaches,plant-based-nutrition-coaches,,,,
Professional Services,professional-services,7,Coaching & Professional Development,coaching-professional-development,90,Keto Coaches,keto-coaches,,,,
Professional Services,professional-services,7,Coaching & Professional Development,coaching-professional-development,91,Intermittent Fasting Coaches,intermittent-fasting-coaches,,,,
Professional Services,professional-services,7,Coaching & Professional Development,coaching-professional-development,92,Sleep Coaches,sleep-coaches,,,,
Professional Services,professional-services,7,Coaching & Professional Development,coaching-professional-development,93,Insomnia Coaches,insomnia-coaches,,,,
Professional Services,professional-services,7,Coaching & Professional Development,coaching-professional-development,94,Spiritual Coaches,spiritual-coaches,,,,
Professional Services,professional-services,7,Coaching & Professional Development,coaching-professional-development,95,Faith-Based Coaches,faith-based-coaches,,,,
Professional Services,professional-services,7,Coaching & Professional Development,coaching-professional-development,96,Christian Life Coaches,christian-life-coaches,,,,
Professional Services,professional-services,7,Coaching & Professional Development,coaching-professional-development,97,Jewish Life Coaches,jewish-life-coaches,,,,
Professional Services,professional-services,7,Coaching & Professional Development,coaching-professional-development,98,Muslim Life Coaches,muslim-life-coaches,,,,
Professional Services,professional-services,7,Coaching & Professional Development,coaching-professional-development,99,Buddhist Coaches,buddhist-coaches,,,,
Professional Services,professional-services,7,Coaching & Professional Development,coaching-professional-development,100,Yoga Life Coaches,yoga-life-coaches,,,,
Professional Services,professional-services,7,Coaching & Professional Development,coaching-professional-development,101,Mindfulness Coaches,mindfulness-coaches,,,,
Professional Services,professional-services,7,Coaching & Professional Development,coaching-professional-development,102,Meditation Coaches,meditation-coaches,,,,
Professional Services,professional-services,7,Coaching & Professional Development,coaching-professional-development,103,Breathwork Coaches,breathwork-coaches,,,,
Professional Services,professional-services,7,Coaching & Professional Development,coaching-professional-development,104,Plant Medicine Integration Coaches,plant-medicine-integration-coaches,,,,
Professional Services,professional-services,7,Coaching & Professional Development,coaching-professional-development,105,Psychedelic Integration Coaches,psychedelic-integration-coaches,,,,
Professional Services,professional-services,7,Coaching & Professional Development,coaching-professional-development,106,Relationship Coaches,coaching-professional-development-relationship-coaches,,,,
Professional Services,professional-services,7,Coaching & Professional Development,coaching-professional-development,107,Marriage Coaches,marriage-coaches,,,,
Professional Services,professional-services,7,Coaching & Professional Development,coaching-professional-development,108,Couples Coaches,couples-coaches,,,,
Professional Services,professional-services,7,Coaching & Professional Development,coaching-professional-development,109,Premarital Coaches,premarital-coaches,,,,
Professional Services,professional-services,7,Coaching & Professional Development,coaching-professional-development,110,Divorce Recovery Coaches,divorce-recovery-coaches,,,,
Professional Services,professional-services,7,Coaching & Professional Development,coaching-professional-development,111,Co-Parenting Coaches,co-parenting-coaches,,,,
Professional Services,professional-services,7,Coaching & Professional Development,coaching-professional-development,112,Single Parent Coaches,single-parent-coaches,,,,
Professional Services,professional-services,7,Coaching & Professional Development,coaching-professional-development,113,Blended Family Coaches,blended-family-coaches,,,,
Professional Services,professional-services,7,Coaching & Professional Development,coaching-professional-development,114,Dating Coaches,dating-coaches,,,,
Professional Services,professional-services,7,Coaching & Professional Development,coaching-professional-development,115,Online Dating Coaches,online-dating-coaches,,,,
Professional Services,professional-services,7,Coaching & Professional Development,coaching-professional-development,116,Female Dating Coaches,female-dating-coaches,,,,
Professional Services,professional-services,7,Coaching & Professional Development,coaching-professional-development,117,Male Dating Coaches,male-dating-coaches,,,,
Professional Services,professional-services,7,Coaching & Professional Development,coaching-professional-development,118,LGBTQ+ Dating Coaches,lgbtq-dating-coaches,,,,
Professional Services,professional-services,7,Coaching & Professional Development,coaching-professional-development,119,Communication Coaches,communication-coaches,,,,
Professional Services,professional-services,7,Coaching & Professional Development,coaching-professional-development,120,Conflict Resolution Coaches,conflict-resolution-coaches,,,,
Professional Services,professional-services,7,Coaching & Professional Development,coaching-professional-development,121,Difficult Conversation Coaches,difficult-conversation-coaches,,,,
Professional Services,professional-services,7,Coaching & Professional Development,coaching-professional-development,122,Negotiation Coaches,negotiation-coaches,,,,
Professional Services,professional-services,7,Coaching & Professional Development,coaching-professional-development,123,Salary Negotiation Coaches,salary-negotiation-coaches,,,,
Professional Services,professional-services,7,Coaching & Professional Development,coaching-professional-development,124,Real Estate Negotiation Coaches,real-estate-negotiation-coaches,,,,
Professional Services,professional-services,7,Coaching & Professional Development,coaching-professional-development,125,Sales Coaches,sales-coaches,,,,
Professional Services,professional-services,7,Coaching & Professional Development,coaching-professional-development,126,B2B Sales Coaches,b2b-sales-coaches,,,,
Professional Services,professional-services,7,Coaching & Professional Development,coaching-professional-development,127,B2C Sales Coaches,b2c-sales-coaches,,,,
Professional Services,professional-services,7,Coaching & Professional Development,coaching-professional-development,128,Cold Call Coaches,cold-call-coaches,,,,
Professional Services,professional-services,7,Coaching & Professional Development,coaching-professional-development,129,Sales Mindset Coaches,sales-mindset-coaches,,,,
Professional Services,professional-services,7,Coaching & Professional Development,coaching-professional-development,130,Sales Leader Coaches,sales-leader-coaches,,,,
Professional Services,professional-services,7,Coaching & Professional Development,coaching-professional-development,131,Sales Manager Coaches,sales-manager-coaches,,,,
Professional Services,professional-services,7,Coaching & Professional Development,coaching-professional-development,132,Sales Enablement Coaches,sales-enablement-coaches,,,,
Professional Services,professional-services,7,Coaching & Professional Development,coaching-professional-development,133,Marketing Coaches,marketing-coaches,,,,
Professional Services,professional-services,7,Coaching & Professional Development,coaching-professional-development,134,Personal Brand Coaches,personal-brand-coaches,,,,
Professional Services,professional-services,7,Coaching & Professional Development,coaching-professional-development,135,LinkedIn Coaches,linkedin-coaches,,,,
Professional Services,professional-services,7,Coaching & Professional Development,coaching-professional-development,136,Twitter Growth Coaches,twitter-growth-coaches,,,,
Professional Services,professional-services,7,Coaching & Professional Development,coaching-professional-development,137,Instagram Coaches,instagram-coaches,,,,
Professional Services,professional-services,7,Coaching & Professional Development,coaching-professional-development,138,TikTok Coaches,tiktok-coaches,,,,
Professional Services,professional-services,7,Coaching & Professional Development,coaching-professional-development,139,YouTube Coaches,youtube-coaches,,,,
Professional Services,professional-services,7,Coaching & Professional Development,coaching-professional-development,140,Podcast Coaches,podcast-coaches,,,,
Professional Services,professional-services,7,Coaching & Professional Development,coaching-professional-development,141,Newsletter Coaches,newsletter-coaches,,,,
Professional Services,professional-services,7,Coaching & Professional Development,coaching-professional-development,142,Substack Coaches,substack-coaches,,,,
Professional Services,professional-services,7,Coaching & Professional Development,coaching-professional-development,143,Course Creator Coaches,course-creator-coaches,,,,
Professional Services,professional-services,7,Coaching & Professional Development,coaching-professional-development,144,Cohort Course Coaches,cohort-course-coaches,,,,
Professional Services,professional-services,7,Coaching & Professional Development,coaching-professional-development,145,Online Course Coaches,online-course-coaches,,,,
Professional Services,professional-services,7,Coaching & Professional Development,coaching-professional-development,146,Membership Site Coaches,membership-site-coaches,,,,
Professional Services,professional-services,7,Coaching & Professional Development,coaching-professional-development,147,Digital Product Coaches,digital-product-coaches,,,,
Professional Services,professional-services,7,Coaching & Professional Development,coaching-professional-development,148,Freelancer Coaches,freelancer-coaches,,,,
Professional Services,professional-services,7,Coaching & Professional Development,coaching-professional-development,149,Solopreneur Coaches,solopreneur-coaches,,,,
Professional Services,professional-services,7,Coaching & Professional Development,coaching-professional-development,150,Indie Hacker Coaches,indie-hacker-coaches,,,,
Professional Services,professional-services,7,Coaching & Professional Development,coaching-professional-development,151,Bootstrapper Coaches,bootstrapper-coaches,,,,
Professional Services,professional-services,7,Coaching & Professional Development,coaching-professional-development,152,Agency Owner Coaches,agency-owner-coaches,,,,
Professional Services,professional-services,7,Coaching & Professional Development,coaching-professional-development,153,Consulting Business Coaches,consulting-business-coaches,,,,
Professional Services,professional-services,7,Coaching & Professional Development,coaching-professional-development,154,Coaching Business Coaches,coaching-business-coaches,,,,
Professional Services,professional-services,7,Coaching & Professional Development,coaching-professional-development,155,Online Business Coaches,online-business-coaches,,,,
Professional Services,professional-services,7,Coaching & Professional Development,coaching-professional-development,156,Service Business Coaches,service-business-coaches,1,Appraisal Services,Inventory Appraisal,appraisal-services-inventory-appraisal
Professional Services,professional-services,7,Coaching & Professional Development,coaching-professional-development,156,Service Business Coaches,service-business-coaches,2,Company Setup,LLC Formation Service,company-setup-llc-formation-service
Professional Services,professional-services,7,Coaching & Professional Development,coaching-professional-development,156,Service Business Coaches,service-business-coaches,3,Compliance Services,Business Renewal,compliance-services-business-renewal
Professional Services,professional-services,7,Coaching & Professional Development,coaching-professional-development,156,Service Business Coaches,service-business-coaches,4,Compliance Services,Professional Licensing,compliance-services-professional-licensing
Professional Services,professional-services,7,Coaching & Professional Development,coaching-professional-development,156,Service Business Coaches,service-business-coaches,5,Courier Services,Same-Day Delivery,courier-services-same-day-delivery
Professional Services,professional-services,7,Coaching & Professional Development,coaching-professional-development,156,Service Business Coaches,service-business-coaches,6,Courier Services,Next-Day Delivery,courier-services-next-day-delivery
Professional Services,professional-services,7,Coaching & Professional Development,coaching-professional-development,156,Service Business Coaches,service-business-coaches,7,Courier Services,Overnight Shipping,courier-services-overnight-shipping
Professional Services,professional-services,7,Coaching & Professional Development,coaching-professional-development,156,Service Business Coaches,service-business-coaches,8,Courier Services,Freight Shipping,courier-services-freight-shipping
Professional Services,professional-services,7,Coaching & Professional Development,coaching-professional-development,156,Service Business Coaches,service-business-coaches,9,Courier Services,Temperature Controlled,courier-services-temperature-controlled
Professional Services,professional-services,7,Coaching & Professional Development,coaching-professional-development,156,Service Business Coaches,service-business-coaches,10,Mailing Services,Bulk Mailing,mailing-services-bulk-mailing
Professional Services,professional-services,7,Coaching & Professional Development,coaching-professional-development,156,Service Business Coaches,service-business-coaches,11,Mailing Services,Mail Forwarding,mailing-services-mail-forwarding
Professional Services,professional-services,7,Coaching & Professional Development,coaching-professional-development,156,Service Business Coaches,service-business-coaches,12,Mailing Services,Package Receiving,mailing-services-package-receiving
Professional Services,professional-services,7,Coaching & Professional Development,coaching-professional-development,156,Service Business Coaches,service-business-coaches,13,Mailing Services,Postal Metering,mailing-services-postal-metering
Professional Services,professional-services,7,Coaching & Professional Development,coaching-professional-development,156,Service Business Coaches,service-business-coaches,14,Mailing Services,Priority Mail,mailing-services-priority-mail
Professional Services,professional-services,7,Coaching & Professional Development,coaching-professional-development,156,Service Business Coaches,service-business-coaches,15,Web Dev,WordPress Development Service,web-dev-wordpress-development-service
Professional Services,professional-services,7,Coaching & Professional Development,coaching-professional-development,156,Service Business Coaches,service-business-coaches,16,Web Dev,Shopify Development Service,web-dev-shopify-development-service
Professional Services,professional-services,7,Coaching & Professional Development,coaching-professional-development,156,Service Business Coaches,service-business-coaches,17,Web Dev,eCommerce Development Service,web-dev-ecommerce-development-service
Professional Services,professional-services,7,Coaching & Professional Development,coaching-professional-development,156,Service Business Coaches,service-business-coaches,18,Web Dev,Web Redesign,web-dev-web-redesign
Professional Services,professional-services,7,Coaching & Professional Development,coaching-professional-development,156,Service Business Coaches,service-business-coaches,19,Web Dev,ADA Compliance Web,web-dev-ada-compliance-web
Professional Services,professional-services,7,Coaching & Professional Development,coaching-professional-development,157,Course Business Coaches,course-business-coaches,,,,
Professional Services,professional-services,7,Coaching & Professional Development,coaching-professional-development,158,Membership Business Coaches,membership-business-coaches,,,,
Professional Services,professional-services,7,Coaching & Professional Development,coaching-professional-development,159,Group Coaching Programs,group-coaching-programs,,,,
Professional Services,professional-services,7,Coaching & Professional Development,coaching-professional-development,160,Mastermind Programs,mastermind-programs,,,,
Professional Services,professional-services,7,Coaching & Professional Development,coaching-professional-development,161,Peer Advisory Groups,peer-advisory-groups,,,,
Professional Services,professional-services,7,Coaching & Professional Development,coaching-professional-development,162,CEO Peer Groups,ceo-peer-groups,,,,
Professional Services,professional-services,7,Coaching & Professional Development,coaching-professional-development,163,Vistage-Style Groups,vistage-style-groups,,,,
Professional Services,professional-services,7,Coaching & Professional Development,coaching-professional-development,164,YPO-Style Groups,ypo-style-groups,,,,
Professional Services,professional-services,7,Coaching & Professional Development,coaching-professional-development,165,EO-Style Groups,eo-style-groups,,,,
Professional Services,professional-services,7,Coaching & Professional Development,coaching-professional-development,166,Corporate Training Providers,corporate-training-providers,,,,
Professional Services,professional-services,7,Coaching & Professional Development,coaching-professional-development,167,Leadership Training Providers,leadership-training-providers,,,,
Professional Services,professional-services,7,Coaching & Professional Development,coaching-professional-development,168,Soft Skills Training Providers,soft-skills-training-providers,,,,
Professional Services,professional-services,7,Coaching & Professional Development,coaching-professional-development,169,Communication Skills Training,communication-skills-training,,,,
Professional Services,professional-services,7,Coaching & Professional Development,coaching-professional-development,170,Emotional Intelligence Training,emotional-intelligence-training,,,,
Professional Services,professional-services,7,Coaching & Professional Development,coaching-professional-development,171,Diversity Training Providers,diversity-training-providers,,,,
Professional Services,professional-services,7,Coaching & Professional Development,coaching-professional-development,172,Unconscious Bias Training,unconscious-bias-training,,,,
Professional Services,professional-services,7,Coaching & Professional Development,coaching-professional-development,173,Anti-Harassment Training Providers,anti-harassment-training-providers,,,,
Professional Services,professional-services,7,Coaching & Professional Development,coaching-professional-development,174,Manager Training Providers,manager-training-providers,,,,
Professional Services,professional-services,7,Coaching & Professional Development,coaching-professional-development,175,Team Building Facilitators,team-building-facilitators,,,,
Professional Services,professional-services,7,Coaching & Professional Development,coaching-professional-development,176,Retreat Facilitators,retreat-facilitators,,,,
Professional Services,professional-services,7,Coaching & Professional Development,coaching-professional-development,177,Strategic Planning Facilitators,strategic-planning-facilitators,,,,
Professional Services,professional-services,7,Coaching & Professional Development,coaching-professional-development,178,Offsite Facilitators,offsite-facilitators,,,,
Professional Services,professional-services,7,Coaching & Professional Development,coaching-professional-development,179,Workshop Facilitators,workshop-facilitators,,,,
Professional Services,professional-services,7,Coaching & Professional Development,coaching-professional-development,180,Design Thinking Facilitators,design-thinking-facilitators,,,,
Professional Services,professional-services,7,Coaching & Professional Development,coaching-professional-development,181,Innovation Workshop Facilitators,innovation-workshop-facilitators,,,,
Professional Services,professional-services,7,Coaching & Professional Development,coaching-professional-development,182,Agile Coaches,agile-coaches,,,,
Professional Services,professional-services,7,Coaching & Professional Development,coaching-professional-development,183,Scrum Masters for Hire,scrum-masters-for-hire,,,,
Professional Services,professional-services,7,Coaching & Professional Development,coaching-professional-development,184,Kanban Coaches,kanban-coaches,,,,
Professional Services,professional-services,7,Coaching & Professional Development,coaching-professional-development,185,SAFe Coaches,safe-coaches,,,,
Professional Services,professional-services,7,Coaching & Professional Development,coaching-professional-development,186,Lean Coaches,lean-coaches,,,,
Professional Services,professional-services,7,Coaching & Professional Development,coaching-professional-development,187,Six Sigma Black Belts,six-sigma-black-belts,,,,
Professional Services,professional-services,7,Coaching & Professional Development,coaching-professional-development,188,Lean Six Sigma Coaches,lean-six-sigma-coaches,,,,
Professional Services,professional-services,7,Coaching & Professional Development,coaching-professional-development,189,Process Improvement Coaches,process-improvement-coaches,,,,
Professional Services,professional-services,7,Coaching & Professional Development,coaching-professional-development,190,Change Management Coaches,change-management-coaches,,,,
Professional Services,professional-services,7,Coaching & Professional Development,coaching-professional-development,191,Transformation Coaches,transformation-coaches,,,,
Professional Services,professional-services,8,Technology Advisory & Specialized IT Services,technology-advisory-specialized-it-services,1,Independent Technology Advisors,independent-technology-advisors,,,,
Professional Services,professional-services,8,Technology Advisory & Specialized IT Services,technology-advisory-specialized-it-services,2,CIO Advisory Firms,cio-advisory-firms,,,,
Professional Services,professional-services,8,Technology Advisory & Specialized IT Services,technology-advisory-specialized-it-services,3,CTO Advisory Firms,cto-advisory-firms,,,,
Professional Services,professional-services,8,Technology Advisory & Specialized IT Services,technology-advisory-specialized-it-services,4,CISO Advisory Firms,ciso-advisory-firms,,,,
Professional Services,professional-services,8,Technology Advisory & Specialized IT Services,technology-advisory-specialized-it-services,5,Fractional CIO Services,technology-advisory-specialized-it-services-fractional-cio-services,,,,
Professional Services,professional-services,8,Technology Advisory & Specialized IT Services,technology-advisory-specialized-it-services,6,Fractional CTO Services,technology-advisory-specialized-it-services-fractional-cto-services,,,,
Professional Services,professional-services,8,Technology Advisory & Specialized IT Services,technology-advisory-specialized-it-services,7,Fractional CISO Services,technology-advisory-specialized-it-services-fractional-ciso-services,,,,
Professional Services,professional-services,8,Technology Advisory & Specialized IT Services,technology-advisory-specialized-it-services,8,Virtual CIO Providers,virtual-cio-providers,,,,
Professional Services,professional-services,8,Technology Advisory & Specialized IT Services,technology-advisory-specialized-it-services,9,Virtual CTO Providers,virtual-cto-providers,,,,
Professional Services,professional-services,8,Technology Advisory & Specialized IT Services,technology-advisory-specialized-it-services,10,Virtual CISO Providers,virtual-ciso-providers,,,,
Professional Services,professional-services,8,Technology Advisory & Specialized IT Services,technology-advisory-specialized-it-services,11,Technology Strategy Advisors,technology-strategy-advisors,1,IT Strategy,CTO Advisory,it-strategy-cto-advisory
Professional Services,professional-services,8,Technology Advisory & Specialized IT Services,technology-advisory-specialized-it-services,12,IT Roadmap Consultants,it-roadmap-consultants,,,,
Professional Services,professional-services,8,Technology Advisory & Specialized IT Services,technology-advisory-specialized-it-services,13,Enterprise Architecture Consultants,enterprise-architecture-consultants,,,,
Professional Services,professional-services,8,Technology Advisory & Specialized IT Services,technology-advisory-specialized-it-services,14,Solution Architecture Firms,solution-architecture-firms,,,,
Professional Services,professional-services,8,Technology Advisory & Specialized IT Services,technology-advisory-specialized-it-services,15,Technical Architecture Firms,technical-architecture-firms,,,,
Professional Services,professional-services,8,Technology Advisory & Specialized IT Services,technology-advisory-specialized-it-services,16,Cloud Architecture Consultants,cloud-architecture-consultants,,,,
Professional Services,professional-services,8,Technology Advisory & Specialized IT Services,technology-advisory-specialized-it-services,17,Multi-Cloud Strategy Advisors,multi-cloud-strategy-advisors,,,,
Professional Services,professional-services,8,Technology Advisory & Specialized IT Services,technology-advisory-specialized-it-services,18,Cloud Cost Advisors,cloud-cost-advisors,,,,
Professional Services,professional-services,8,Technology Advisory & Specialized IT Services,technology-advisory-specialized-it-services,19,FinOps Advisors,finops-advisors,,,,
Professional Services,professional-services,8,Technology Advisory & Specialized IT Services,technology-advisory-specialized-it-services,20,Cloud Migration Advisors,cloud-migration-advisors,,,,
Professional Services,professional-services,8,Technology Advisory & Specialized IT Services,technology-advisory-specialized-it-services,21,Application Modernization Advisors,application-modernization-advisors,,,,
Professional Services,professional-services,8,Technology Advisory & Specialized IT Services,technology-advisory-specialized-it-services,22,Legacy System Modernization Advisors,legacy-system-modernization-advisors,,,,
Professional Services,professional-services,8,Technology Advisory & Specialized IT Services,technology-advisory-specialized-it-services,23,Mainframe Modernization Advisors,mainframe-modernization-advisors,,,,
Professional Services,professional-services,8,Technology Advisory & Specialized IT Services,technology-advisory-specialized-it-services,24,Application Portfolio Rationalization,application-portfolio-rationalization,,,,
Professional Services,professional-services,8,Technology Advisory & Specialized IT Services,technology-advisory-specialized-it-services,25,Technology Due Diligence Firms,technology-due-diligence-firms,,,,
Professional Services,professional-services,8,Technology Advisory & Specialized IT Services,technology-advisory-specialized-it-services,26,IT Due Diligence for M&A,it-due-diligence-for-ma,,,,
Professional Services,professional-services,8,Technology Advisory & Specialized IT Services,technology-advisory-specialized-it-services,27,Source Code Audit Firms,source-code-audit-firms,,,,
Professional Services,professional-services,8,Technology Advisory & Specialized IT Services,technology-advisory-specialized-it-services,28,Security Code Audit Firms,security-code-audit-firms,1,Security Services,Security Guards,security-services-security-guards
Professional Services,professional-services,8,Technology Advisory & Specialized IT Services,technology-advisory-specialized-it-services,28,Security Code Audit Firms,security-code-audit-firms,2,Security Services,Armed Security,security-services-armed-security
Professional Services,professional-services,8,Technology Advisory & Specialized IT Services,technology-advisory-specialized-it-services,28,Security Code Audit Firms,security-code-audit-firms,3,Security Services,Event Security,security-services-event-security
Professional Services,professional-services,8,Technology Advisory & Specialized IT Services,technology-advisory-specialized-it-services,28,Security Code Audit Firms,security-code-audit-firms,4,Security Services,Corporate Security,security-services-corporate-security
Professional Services,professional-services,8,Technology Advisory & Specialized IT Services,technology-advisory-specialized-it-services,28,Security Code Audit Firms,security-code-audit-firms,5,Security Services,Residential Security,security-services-residential-security
Professional Services,professional-services,8,Technology Advisory & Specialized IT Services,technology-advisory-specialized-it-services,28,Security Code Audit Firms,security-code-audit-firms,6,Security Services,Retail Security,security-services-retail-security
Professional Services,professional-services,8,Technology Advisory & Specialized IT Services,technology-advisory-specialized-it-services,28,Security Code Audit Firms,security-code-audit-firms,7,Security Services,Construction Security,security-services-construction-security
Professional Services,professional-services,8,Technology Advisory & Specialized IT Services,technology-advisory-specialized-it-services,28,Security Code Audit Firms,security-code-audit-firms,8,Security Services,Hospital Security,security-services-hospital-security
Professional Services,professional-services,8,Technology Advisory & Specialized IT Services,technology-advisory-specialized-it-services,28,Security Code Audit Firms,security-code-audit-firms,9,Security Services,School Security,security-services-school-security
Professional Services,professional-services,8,Technology Advisory & Specialized IT Services,technology-advisory-specialized-it-services,29,Smart Contract Audit Firms,technology-advisory-specialized-it-services-smart-contract-audit-firms,,,,
Professional Services,professional-services,8,Technology Advisory & Specialized IT Services,technology-advisory-specialized-it-services,30,Blockchain Audit Firms,blockchain-audit-firms,,,,
Professional Services,professional-services,8,Technology Advisory & Specialized IT Services,technology-advisory-specialized-it-services,31,Software License Compliance Audits,software-license-compliance-audits,1,License & Permit,Professional License,license-permit-professional-license
Professional Services,professional-services,8,Technology Advisory & Specialized IT Services,technology-advisory-specialized-it-services,31,Software License Compliance Audits,software-license-compliance-audits,2,License & Permit,Contractor License,license-permit-contractor-license
Professional Services,professional-services,8,Technology Advisory & Specialized IT Services,technology-advisory-specialized-it-services,31,Software License Compliance Audits,software-license-compliance-audits,3,License & Permit,Liquor License,license-permit-liquor-license
Professional Services,professional-services,8,Technology Advisory & Specialized IT Services,technology-advisory-specialized-it-services,31,Software License Compliance Audits,software-license-compliance-audits,4,License & Permit,Food License,license-permit-food-license
Professional Services,professional-services,8,Technology Advisory & Specialized IT Services,technology-advisory-specialized-it-services,31,Software License Compliance Audits,software-license-compliance-audits,5,License & Permit,Health Permit,license-permit-health-permit
Professional Services,professional-services,8,Technology Advisory & Specialized IT Services,technology-advisory-specialized-it-services,31,Software License Compliance Audits,software-license-compliance-audits,6,License & Permit,Zoning Variance,license-permit-zoning-variance
Professional Services,professional-services,8,Technology Advisory & Specialized IT Services,technology-advisory-specialized-it-services,31,Software License Compliance Audits,software-license-compliance-audits,7,License & Permit,Special Use Permit,license-permit-special-use-permit
Professional Services,professional-services,8,Technology Advisory & Specialized IT Services,technology-advisory-specialized-it-services,31,Software License Compliance Audits,software-license-compliance-audits,8,License & Permit,Home Occupation Permit,license-permit-home-occupation-permit
Professional Services,professional-services,8,Technology Advisory & Specialized IT Services,technology-advisory-specialized-it-services,32,Open Source Compliance Audits,open-source-compliance-audits,,,,
Professional Services,professional-services,8,Technology Advisory & Specialized IT Services,technology-advisory-specialized-it-services,33,Software Asset Management Advisors,software-asset-management-advisors,,,,
Professional Services,professional-services,8,Technology Advisory & Specialized IT Services,technology-advisory-specialized-it-services,34,SaaS Optimization Advisors,saas-optimization-advisors,,,,
Professional Services,professional-services,8,Technology Advisory & Specialized IT Services,technology-advisory-specialized-it-services,35,SaaS Spend Management Advisors,saas-spend-management-advisors,,,,
Professional Services,professional-services,8,Technology Advisory & Specialized IT Services,technology-advisory-specialized-it-services,36,Vendor Risk Management Firms,vendor-risk-management-firms,,,,
Professional Services,professional-services,8,Technology Advisory & Specialized IT Services,technology-advisory-specialized-it-services,37,Third-Party Risk Management Firms,third-party-risk-management-firms,,,,
Professional Services,professional-services,8,Technology Advisory & Specialized IT Services,technology-advisory-specialized-it-services,38,Supplier Cyber Risk Assessors,supplier-cyber-risk-assessors,,,,
Professional Services,professional-services,8,Technology Advisory & Specialized IT Services,technology-advisory-specialized-it-services,39,Cybersecurity Strategy Advisors,cybersecurity-strategy-advisors,,,,
Professional Services,professional-services,8,Technology Advisory & Specialized IT Services,technology-advisory-specialized-it-services,40,Zero Trust Strategy Advisors,zero-trust-strategy-advisors,,,,
Professional Services,professional-services,8,Technology Advisory & Specialized IT Services,technology-advisory-specialized-it-services,41,Identity Strategy Advisors,identity-strategy-advisors,,,,
Professional Services,professional-services,8,Technology Advisory & Specialized IT Services,technology-advisory-specialized-it-services,42,Data Protection Strategy Advisors,data-protection-strategy-advisors,,,,
Professional Services,professional-services,8,Technology Advisory & Specialized IT Services,technology-advisory-specialized-it-services,43,Privacy Strategy Advisors,privacy-strategy-advisors,,,,
Professional Services,professional-services,8,Technology Advisory & Specialized IT Services,technology-advisory-specialized-it-services,44,Data Strategy Consultants,data-strategy-consultants,,,,
Professional Services,professional-services,8,Technology Advisory & Specialized IT Services,technology-advisory-specialized-it-services,45,Data Architecture Consultants,data-architecture-consultants,,,,
Professional Services,professional-services,8,Technology Advisory & Specialized IT Services,technology-advisory-specialized-it-services,46,Data Governance Consultants,data-governance-consultants,,,,
Professional Services,professional-services,8,Technology Advisory & Specialized IT Services,technology-advisory-specialized-it-services,47,Data Quality Consultants,data-quality-consultants,,,,
Professional Services,professional-services,8,Technology Advisory & Specialized IT Services,technology-advisory-specialized-it-services,48,Master Data Management Consultants,master-data-management-consultants,,,,
Professional Services,professional-services,8,Technology Advisory & Specialized IT Services,technology-advisory-specialized-it-services,49,Data Catalog Consultants,data-catalog-consultants,,,,
Professional Services,professional-services,8,Technology Advisory & Specialized IT Services,technology-advisory-specialized-it-services,50,Data Lineage Consultants,data-lineage-consultants,,,,
Professional Services,professional-services,8,Technology Advisory & Specialized IT Services,technology-advisory-specialized-it-services,51,Data Mesh Consultants,data-mesh-consultants,,,,
Professional Services,professional-services,8,Technology Advisory & Specialized IT Services,technology-advisory-specialized-it-services,52,Modern Data Stack Consultants,modern-data-stack-consultants,,,,
Professional Services,professional-services,8,Technology Advisory & Specialized IT Services,technology-advisory-specialized-it-services,53,AI Strategy Advisors,ai-strategy-advisors,,,,
Professional Services,professional-services,8,Technology Advisory & Specialized IT Services,technology-advisory-specialized-it-services,54,Generative AI Advisors,generative-ai-advisors,,,,
Professional Services,professional-services,8,Technology Advisory & Specialized IT Services,technology-advisory-specialized-it-services,55,AI Governance Advisors,ai-governance-advisors,,,,
Professional Services,professional-services,8,Technology Advisory & Specialized IT Services,technology-advisory-specialized-it-services,56,Responsible AI Consultants,responsible-ai-consultants,,,,
Professional Services,professional-services,8,Technology Advisory & Specialized IT Services,technology-advisory-specialized-it-services,57,AI Risk Advisors,ai-risk-advisors,,,,
Professional Services,professional-services,8,Technology Advisory & Specialized IT Services,technology-advisory-specialized-it-services,58,AI Use Case Discovery Consultants,ai-use-case-discovery-consultants,,,,
Professional Services,professional-services,8,Technology Advisory & Specialized IT Services,technology-advisory-specialized-it-services,59,ML Engineering Consultants,ml-engineering-consultants,,,,
Professional Services,professional-services,8,Technology Advisory & Specialized IT Services,technology-advisory-specialized-it-services,60,Computer Vision Consultants,computer-vision-consultants,,,,
Professional Services,professional-services,8,Technology Advisory & Specialized IT Services,technology-advisory-specialized-it-services,61,NLP Consulting Firms,nlp-consulting-firms,,,,
Professional Services,professional-services,8,Technology Advisory & Specialized IT Services,technology-advisory-specialized-it-services,62,RAG Consulting Firms,rag-consulting-firms,,,,
Professional Services,professional-services,8,Technology Advisory & Specialized IT Services,technology-advisory-specialized-it-services,63,Vector Search Consultants,vector-search-consultants,,,,
Professional Services,professional-services,8,Technology Advisory & Specialized IT Services,technology-advisory-specialized-it-services,64,Prompt Engineering Consulting,prompt-engineering-consulting,,,,
Professional Services,professional-services,8,Technology Advisory & Specialized IT Services,technology-advisory-specialized-it-services,65,Custom GPT Builders,custom-gpt-builders,,,,
Professional Services,professional-services,8,Technology Advisory & Specialized IT Services,technology-advisory-specialized-it-services,66,Chatbot Implementation Firms,chatbot-implementation-firms,,,,
Professional Services,professional-services,8,Technology Advisory & Specialized IT Services,technology-advisory-specialized-it-services,67,Voice Bot Implementation Firms,voice-bot-implementation-firms,,,,
Professional Services,professional-services,8,Technology Advisory & Specialized IT Services,technology-advisory-specialized-it-services,68,RPA Consulting,rpa-consulting,,,,
Professional Services,professional-services,8,Technology Advisory & Specialized IT Services,technology-advisory-specialized-it-services,69,Hyperautomation Consulting,hyperautomation-consulting,,,,
Professional Services,professional-services,8,Technology Advisory & Specialized IT Services,technology-advisory-specialized-it-services,70,Intelligent Automation Consulting,intelligent-automation-consulting,,,,
Professional Services,professional-services,8,Technology Advisory & Specialized IT Services,technology-advisory-specialized-it-services,71,Process Mining Consultants,process-mining-consultants,,,,
Professional Services,professional-services,8,Technology Advisory & Specialized IT Services,technology-advisory-specialized-it-services,72,Process Discovery Consultants,process-discovery-consultants,,,,
Professional Services,professional-services,8,Technology Advisory & Specialized IT Services,technology-advisory-specialized-it-services,73,Workflow Automation Consultants,workflow-automation-consultants,,,,
Professional Services,professional-services,8,Technology Advisory & Specialized IT Services,technology-advisory-specialized-it-services,74,Low-Code Implementation Partners,low-code-implementation-partners,,,,
Professional Services,professional-services,8,Technology Advisory & Specialized IT Services,technology-advisory-specialized-it-services,75,No-Code Implementation Partners,no-code-implementation-partners,,,,
Professional Services,professional-services,8,Technology Advisory & Specialized IT Services,technology-advisory-specialized-it-services,76,iPaaS Implementation Partners,ipaas-implementation-partners,,,,
Professional Services,professional-services,8,Technology Advisory & Specialized IT Services,technology-advisory-specialized-it-services,77,Integration Architects,integration-architects,,,,
Professional Services,professional-services,8,Technology Advisory & Specialized IT Services,technology-advisory-specialized-it-services,78,API Strategy Consultants,api-strategy-consultants,,,,
Professional Services,professional-services,8,Technology Advisory & Specialized IT Services,technology-advisory-specialized-it-services,79,API Management Consultants,api-management-consultants,,,,
Professional Services,professional-services,8,Technology Advisory & Specialized IT Services,technology-advisory-specialized-it-services,80,Microservices Consultants,microservices-consultants,,,,
Professional Services,professional-services,8,Technology Advisory & Specialized IT Services,technology-advisory-specialized-it-services,81,Service Mesh Consultants,service-mesh-consultants,,,,
Professional Services,professional-services,8,Technology Advisory & Specialized IT Services,technology-advisory-specialized-it-services,82,Event-Driven Architecture Consultants,event-driven-architecture-consultants,,,,
Professional Services,professional-services,8,Technology Advisory & Specialized IT Services,technology-advisory-specialized-it-services,83,Real-Time Streaming Consultants,real-time-streaming-consultants,,,,
Professional Services,professional-services,9,"HR Consulting, Recruiting & Talent Services",hr-consulting-recruiting-talent-services,1,HR Consulting Firms,hr-consulting-firms,1,People Strategy,Organizational Development,people-strategy-organizational-development
Professional Services,professional-services,9,"HR Consulting, Recruiting & Talent Services",hr-consulting-recruiting-talent-services,1,HR Consulting Firms,hr-consulting-firms,2,People Strategy,HR Technology Selection,people-strategy-hr-technology-selection
Professional Services,professional-services,9,"HR Consulting, Recruiting & Talent Services",hr-consulting-recruiting-talent-services,2,Strategic HR Consultants,strategic-hr-consultants,,,,
Professional Services,professional-services,9,"HR Consulting, Recruiting & Talent Services",hr-consulting-recruiting-talent-services,3,Fractional HR Services,fractional-hr-services,,,,
Professional Services,professional-services,9,"HR Consulting, Recruiting & Talent Services",hr-consulting-recruiting-talent-services,4,Outsourced HR Services,outsourced-hr-services,,,,
Professional Services,professional-services,9,"HR Consulting, Recruiting & Talent Services",hr-consulting-recruiting-talent-services,5,HR Operations Consultants,hr-operations-consultants,1,HR Operations,HR Outsourcing,hr-operations-hr-outsourcing
Professional Services,professional-services,9,"HR Consulting, Recruiting & Talent Services",hr-consulting-recruiting-talent-services,5,HR Operations Consultants,hr-operations-consultants,2,HR Operations,Payroll Consulting,hr-operations-payroll-consulting
Professional Services,professional-services,9,"HR Consulting, Recruiting & Talent Services",hr-consulting-recruiting-talent-services,5,HR Operations Consultants,hr-operations-consultants,3,HR Operations,Benefits Administration,hr-operations-benefits-administration
Professional Services,professional-services,9,"HR Consulting, Recruiting & Talent Services",hr-consulting-recruiting-talent-services,5,HR Operations Consultants,hr-operations-consultants,4,HR Operations,Policy Development,hr-operations-policy-development
Professional Services,professional-services,9,"HR Consulting, Recruiting & Talent Services",hr-consulting-recruiting-talent-services,5,HR Operations Consultants,hr-operations-consultants,5,HR Operations,Handbook Creation,hr-operations-handbook-creation
Professional Services,professional-services,9,"HR Consulting, Recruiting & Talent Services",hr-consulting-recruiting-talent-services,5,HR Operations Consultants,hr-operations-consultants,6,HR Operations,Compliance Consulting,hr-operations-compliance-consulting
Professional Services,professional-services,9,"HR Consulting, Recruiting & Talent Services",hr-consulting-recruiting-talent-services,5,HR Operations Consultants,hr-operations-consultants,7,HR Operations,HR Audit,hr-operations-hr-audit
Professional Services,professional-services,9,"HR Consulting, Recruiting & Talent Services",hr-consulting-recruiting-talent-services,5,HR Operations Consultants,hr-operations-consultants,8,HR Operations,Investigation Services,hr-operations-investigation-services
Professional Services,professional-services,9,"HR Consulting, Recruiting & Talent Services",hr-consulting-recruiting-talent-services,5,HR Operations Consultants,hr-operations-consultants,9,HR Operations,Labor Relations,hr-operations-labor-relations
Professional Services,professional-services,9,"HR Consulting, Recruiting & Talent Services",hr-consulting-recruiting-talent-services,5,HR Operations Consultants,hr-operations-consultants,10,HR Operations,Union Negotiations,hr-operations-union-negotiations
Professional Services,professional-services,9,"HR Consulting, Recruiting & Talent Services",hr-consulting-recruiting-talent-services,6,HRIS Implementation Consultants,hris-implementation-consultants,,,,
Professional Services,professional-services,9,"HR Consulting, Recruiting & Talent Services",hr-consulting-recruiting-talent-services,7,HR Tech Stack Consultants,hr-tech-stack-consultants,,,,
Professional Services,professional-services,9,"HR Consulting, Recruiting & Talent Services",hr-consulting-recruiting-talent-services,8,Compensation Consulting Firms,compensation-consulting-firms,1,People Strategy,Compensation & Benefits,people-strategy-compensation-benefits
Professional Services,professional-services,9,"HR Consulting, Recruiting & Talent Services",hr-consulting-recruiting-talent-services,9,Total Rewards Consultants,total-rewards-consultants,,,,
Professional Services,professional-services,9,"HR Consulting, Recruiting & Talent Services",hr-consulting-recruiting-talent-services,10,Salary Benchmarking Consultants,salary-benchmarking-consultants,,,,
Professional Services,professional-services,9,"HR Consulting, Recruiting & Talent Services",hr-consulting-recruiting-talent-services,11,Pay Equity Consultants,pay-equity-consultants,,,,
Professional Services,professional-services,9,"HR Consulting, Recruiting & Talent Services",hr-consulting-recruiting-talent-services,12,Pay Transparency Consultants,pay-transparency-consultants,,,,
Professional Services,professional-services,9,"HR Consulting, Recruiting & Talent Services",hr-consulting-recruiting-talent-services,13,Job Architecture Consultants,job-architecture-consultants,,,,
Professional Services,professional-services,9,"HR Consulting, Recruiting & Talent Services",hr-consulting-recruiting-talent-services,14,Job Leveling Consultants,job-leveling-consultants,,,,
Professional Services,professional-services,9,"HR Consulting, Recruiting & Talent Services",hr-consulting-recruiting-talent-services,15,Job Description Writers,job-description-writers,,,,
Professional Services,professional-services,9,"HR Consulting, Recruiting & Talent Services",hr-consulting-recruiting-talent-services,16,Job Evaluation Consultants,job-evaluation-consultants,,,,
Professional Services,professional-services,9,"HR Consulting, Recruiting & Talent Services",hr-consulting-recruiting-talent-services,17,Performance Management Consultants,performance-management-consultants,,,,
Professional Services,professional-services,9,"HR Consulting, Recruiting & Talent Services",hr-consulting-recruiting-talent-services,18,OKR Implementation Consultants,okr-implementation-consultants,,,,
Professional Services,professional-services,9,"HR Consulting, Recruiting & Talent Services",hr-consulting-recruiting-talent-services,19,Performance Review Designers,performance-review-designers,,,,
Professional Services,professional-services,9,"HR Consulting, Recruiting & Talent Services",hr-consulting-recruiting-talent-services,20,Continuous Feedback Consultants,continuous-feedback-consultants,,,,
Professional Services,professional-services,9,"HR Consulting, Recruiting & Talent Services",hr-consulting-recruiting-talent-services,21,Engagement Survey Consultants,engagement-survey-consultants,,,,
Professional Services,professional-services,9,"HR Consulting, Recruiting & Talent Services",hr-consulting-recruiting-talent-services,22,Employee Net Promoter Score Consultants,employee-net-promoter-score-consultants,,,,
Professional Services,professional-services,9,"HR Consulting, Recruiting & Talent Services",hr-consulting-recruiting-talent-services,23,Employee Listening Consultants,employee-listening-consultants,,,,
Professional Services,professional-services,9,"HR Consulting, Recruiting & Talent Services",hr-consulting-recruiting-talent-services,24,Pulse Survey Consultants,pulse-survey-consultants,,,,
Professional Services,professional-services,9,"HR Consulting, Recruiting & Talent Services",hr-consulting-recruiting-talent-services,25,Culture Assessment Firms,culture-assessment-firms,,,,
Professional Services,professional-services,9,"HR Consulting, Recruiting & Talent Services",hr-consulting-recruiting-talent-services,26,Culture Audit Firms,culture-audit-firms,,,,
Professional Services,professional-services,9,"HR Consulting, Recruiting & Talent Services",hr-consulting-recruiting-talent-services,27,Workplace Culture Consultants,workplace-culture-consultants,,,,
Professional Services,professional-services,9,"HR Consulting, Recruiting & Talent Services",hr-consulting-recruiting-talent-services,28,DEI Consulting Firms,dei-consulting-firms,1,People Strategy,DEI Strategy,people-strategy-dei-strategy
Professional Services,professional-services,9,"HR Consulting, Recruiting & Talent Services",hr-consulting-recruiting-talent-services,29,Diversity Consulting Firms,diversity-consulting-firms,,,,
Professional Services,professional-services,9,"HR Consulting, Recruiting & Talent Services",hr-consulting-recruiting-talent-services,30,Inclusion Consulting,inclusion-consulting,,,,
Professional Services,professional-services,9,"HR Consulting, Recruiting & Talent Services",hr-consulting-recruiting-talent-services,31,Equity Audit Firms,equity-audit-firms,,,,
Professional Services,professional-services,9,"HR Consulting, Recruiting & Talent Services",hr-consulting-recruiting-talent-services,32,Belonging Consultants,belonging-consultants,,,,
Professional Services,professional-services,9,"HR Consulting, Recruiting & Talent Services",hr-consulting-recruiting-talent-services,33,ERG Consultants,erg-consultants,,,,
Professional Services,professional-services,9,"HR Consulting, Recruiting & Talent Services",hr-consulting-recruiting-talent-services,34,Anti-Racism Consultants,anti-racism-consultants,,,,
Professional Services,professional-services,9,"HR Consulting, Recruiting & Talent Services",hr-consulting-recruiting-talent-services,35,Allyship Training Providers,allyship-training-providers,,,,
Professional Services,professional-services,9,"HR Consulting, Recruiting & Talent Services",hr-consulting-recruiting-talent-services,36,Bias Reduction Consultants,bias-reduction-consultants,,,,
Professional Services,professional-services,9,"HR Consulting, Recruiting & Talent Services",hr-consulting-recruiting-talent-services,37,Mental Health at Work Consultants,mental-health-at-work-consultants,,,,
Professional Services,professional-services,9,"HR Consulting, Recruiting & Talent Services",hr-consulting-recruiting-talent-services,38,Workplace Wellbeing Consultants,workplace-wellbeing-consultants,,,,
Professional Services,professional-services,9,"HR Consulting, Recruiting & Talent Services",hr-consulting-recruiting-talent-services,39,Burnout Prevention Consultants,burnout-prevention-consultants,,,,
Professional Services,professional-services,9,"HR Consulting, Recruiting & Talent Services",hr-consulting-recruiting-talent-services,40,Caregiver Support Consultants,caregiver-support-consultants,,,,
Professional Services,professional-services,9,"HR Consulting, Recruiting & Talent Services",hr-consulting-recruiting-talent-services,41,Working Parent Consultants,working-parent-consultants,,,,
Professional Services,professional-services,9,"HR Consulting, Recruiting & Talent Services",hr-consulting-recruiting-talent-services,42,Mom Workforce Consultants,mom-workforce-consultants,,,,
Professional Services,professional-services,9,"HR Consulting, Recruiting & Talent Services",hr-consulting-recruiting-talent-services,43,Veteran Workforce Consultants,veteran-workforce-consultants,,,,
Professional Services,professional-services,9,"HR Consulting, Recruiting & Talent Services",hr-consulting-recruiting-talent-services,44,Refugee Workforce Consultants,refugee-workforce-consultants,,,,
Professional Services,professional-services,9,"HR Consulting, Recruiting & Talent Services",hr-consulting-recruiting-talent-services,45,Returning Citizen Workforce Consultants,returning-citizen-workforce-consultants,,,,
Professional Services,professional-services,9,"HR Consulting, Recruiting & Talent Services",hr-consulting-recruiting-talent-services,46,Skills Gap Analysis Firms,skills-gap-analysis-firms,,,,
Professional Services,professional-services,9,"HR Consulting, Recruiting & Talent Services",hr-consulting-recruiting-talent-services,47,Workforce Planning Consultants,workforce-planning-consultants,1,People Strategy,Workforce Planning,people-strategy-workforce-planning
Professional Services,professional-services,9,"HR Consulting, Recruiting & Talent Services",hr-consulting-recruiting-talent-services,48,Succession Planning Consultants,succession-planning-consultants,,,,
Professional Services,professional-services,9,"HR Consulting, Recruiting & Talent Services",hr-consulting-recruiting-talent-services,49,Talent Review Facilitators,talent-review-facilitators,,,,
Professional Services,professional-services,9,"HR Consulting, Recruiting & Talent Services",hr-consulting-recruiting-talent-services,50,High-Potential Program Designers,high-potential-program-designers,,,,
Professional Services,professional-services,9,"HR Consulting, Recruiting & Talent Services",hr-consulting-recruiting-talent-services,51,Leadership Pipeline Consultants,leadership-pipeline-consultants,1,People Strategy,Leadership Development,people-strategy-leadership-development
Professional Services,professional-services,9,"HR Consulting, Recruiting & Talent Services",hr-consulting-recruiting-talent-services,52,Onboarding Consultants,onboarding-consultants,,,,
Professional Services,professional-services,9,"HR Consulting, Recruiting & Talent Services",hr-consulting-recruiting-talent-services,53,New Hire Experience Consultants,new-hire-experience-consultants,1,Staffing Types,Temp-to-Hire,staffing-types-temp-to-hire
Professional Services,professional-services,9,"HR Consulting, Recruiting & Talent Services",hr-consulting-recruiting-talent-services,53,New Hire Experience Consultants,new-hire-experience-consultants,2,Staffing Types,Direct Hire,staffing-types-direct-hire
Professional Services,professional-services,9,"HR Consulting, Recruiting & Talent Services",hr-consulting-recruiting-talent-services,54,Pre-Boarding Consultants,pre-boarding-consultants,,,,
Professional Services,professional-services,9,"HR Consulting, Recruiting & Talent Services",hr-consulting-recruiting-talent-services,55,Offboarding Consultants,offboarding-consultants,,,,
Professional Services,professional-services,9,"HR Consulting, Recruiting & Talent Services",hr-consulting-recruiting-talent-services,56,Exit Interview Services,exit-interview-services,1,Job Seeker Services,Interview Coaching,job-seeker-services-interview-coaching
Professional Services,professional-services,9,"HR Consulting, Recruiting & Talent Services",hr-consulting-recruiting-talent-services,57,Outplacement Services,outplacement-services,,,,
Professional Services,professional-services,9,"HR Consulting, Recruiting & Talent Services",hr-consulting-recruiting-talent-services,58,Career Transition Services,career-transition-services,1,Job Seeker Services,Resume Writing,job-seeker-services-resume-writing
Professional Services,professional-services,9,"HR Consulting, Recruiting & Talent Services",hr-consulting-recruiting-talent-services,58,Career Transition Services,career-transition-services,2,Job Seeker Services,Cover Letter Writing,job-seeker-services-cover-letter-writing
Professional Services,professional-services,9,"HR Consulting, Recruiting & Talent Services",hr-consulting-recruiting-talent-services,58,Career Transition Services,career-transition-services,3,Job Seeker Services,LinkedIn Optimization,job-seeker-services-linkedin-optimization
Professional Services,professional-services,9,"HR Consulting, Recruiting & Talent Services",hr-consulting-recruiting-talent-services,58,Career Transition Services,career-transition-services,4,Job Seeker Services,Career Coaching,job-seeker-services-career-coaching
Professional Services,professional-services,9,"HR Consulting, Recruiting & Talent Services",hr-consulting-recruiting-talent-services,58,Career Transition Services,career-transition-services,5,Job Seeker Services,Salary Negotiation,job-seeker-services-salary-negotiation
Professional Services,professional-services,9,"HR Consulting, Recruiting & Talent Services",hr-consulting-recruiting-talent-services,58,Career Transition Services,career-transition-services,6,Job Seeker Services,Career Transition,job-seeker-services-career-transition
Professional Services,professional-services,9,"HR Consulting, Recruiting & Talent Services",hr-consulting-recruiting-talent-services,58,Career Transition Services,career-transition-services,7,Job Seeker Services,Executive Coaching,job-seeker-services-executive-coaching
Professional Services,professional-services,9,"HR Consulting, Recruiting & Talent Services",hr-consulting-recruiting-talent-services,58,Career Transition Services,career-transition-services,8,Job Seeker Services,Portfolio Development,job-seeker-services-portfolio-development
Professional Services,professional-services,9,"HR Consulting, Recruiting & Talent Services",hr-consulting-recruiting-talent-services,58,Career Transition Services,career-transition-services,9,Job Seeker Services,Personal Branding,job-seeker-services-personal-branding
Professional Services,professional-services,9,"HR Consulting, Recruiting & Talent Services",hr-consulting-recruiting-talent-services,59,Severance Consulting,severance-consulting,,,,
Professional Services,professional-services,9,"HR Consulting, Recruiting & Talent Services",hr-consulting-recruiting-talent-services,60,Layoff Consulting,layoff-consulting,,,,
Professional Services,professional-services,9,"HR Consulting, Recruiting & Talent Services",hr-consulting-recruiting-talent-services,61,RIF Consulting,rif-consulting,,,,
Professional Services,professional-services,9,"HR Consulting, Recruiting & Talent Services",hr-consulting-recruiting-talent-services,62,Benefits Consulting Firms,benefits-consulting-firms,,,,
Professional Services,professional-services,9,"HR Consulting, Recruiting & Talent Services",hr-consulting-recruiting-talent-services,63,Employee Benefits Brokers,employee-benefits-brokers,,,,
Professional Services,professional-services,9,"HR Consulting, Recruiting & Talent Services",hr-consulting-recruiting-talent-services,64,Health Plan Consultants,health-plan-consultants,,,,
Professional Services,professional-services,9,"HR Consulting, Recruiting & Talent Services",hr-consulting-recruiting-talent-services,65,Self-Funded Health Plan Consultants,self-funded-health-plan-consultants,,,,
Professional Services,professional-services,9,"HR Consulting, Recruiting & Talent Services",hr-consulting-recruiting-talent-services,66,Stop-Loss Consultants,stop-loss-consultants,,,,
Professional Services,professional-services,9,"HR Consulting, Recruiting & Talent Services",hr-consulting-recruiting-talent-services,67,PBM Consultants,pbm-consultants,,,,
Professional Services,professional-services,9,"HR Consulting, Recruiting & Talent Services",hr-consulting-recruiting-talent-services,68,Voluntary Benefits Consultants,voluntary-benefits-consultants,,,,
Professional Services,professional-services,9,"HR Consulting, Recruiting & Talent Services",hr-consulting-recruiting-talent-services,69,Financial Wellness Benefit Consultants,financial-wellness-benefit-consultants,,,,
Professional Services,professional-services,9,"HR Consulting, Recruiting & Talent Services",hr-consulting-recruiting-talent-services,70,Student Loan Benefit Consultants,student-loan-benefit-consultants,,,,
Professional Services,professional-services,9,"HR Consulting, Recruiting & Talent Services",hr-consulting-recruiting-talent-services,71,Caregiving Benefit Consultants,caregiving-benefit-consultants,,,,
Professional Services,professional-services,9,"HR Consulting, Recruiting & Talent Services",hr-consulting-recruiting-talent-services,72,Fertility Benefit Consultants,fertility-benefit-consultants,,,,
Professional Services,professional-services,9,"HR Consulting, Recruiting & Talent Services",hr-consulting-recruiting-talent-services,73,Family Benefit Consultants,family-benefit-consultants,,,,
Professional Services,professional-services,9,"HR Consulting, Recruiting & Talent Services",hr-consulting-recruiting-talent-services,74,Pet Insurance Benefit Consultants,pet-insurance-benefit-consultants,1,Individual Insurance,Pet Insurance Service,individual-insurance-pet-insurance-service
Professional Services,professional-services,9,"HR Consulting, Recruiting & Talent Services",hr-consulting-recruiting-talent-services,75,Wellness Benefit Consultants,wellness-benefit-consultants,,,,
Professional Services,professional-services,9,"HR Consulting, Recruiting & Talent Services",hr-consulting-recruiting-talent-services,76,Mental Health Benefit Consultants,mental-health-benefit-consultants,,,,
Professional Services,professional-services,9,"HR Consulting, Recruiting & Talent Services",hr-consulting-recruiting-talent-services,77,Retirement Plan Consultants,retirement-plan-consultants,,,,
Professional Services,professional-services,9,"HR Consulting, Recruiting & Talent Services",hr-consulting-recruiting-talent-services,78,401(k) Consultants,401k-consultants,,,,
Professional Services,professional-services,9,"HR Consulting, Recruiting & Talent Services",hr-consulting-recruiting-talent-services,79,Defined Benefit Plan Consultants,defined-benefit-plan-consultants,,,,
Professional Services,professional-services,9,"HR Consulting, Recruiting & Talent Services",hr-consulting-recruiting-talent-services,80,Cash Balance Plan Consultants,cash-balance-plan-consultants,,,,
Professional Services,professional-services,9,"HR Consulting, Recruiting & Talent Services",hr-consulting-recruiting-talent-services,81,ESOP Consultants,esop-consultants,,,,
Professional Services,professional-services,9,"HR Consulting, Recruiting & Talent Services",hr-consulting-recruiting-talent-services,82,Equity Plan Consultants,equity-plan-consultants,,,,
Professional Services,professional-services,9,"HR Consulting, Recruiting & Talent Services",hr-consulting-recruiting-talent-services,83,Stock Plan Administrators,stock-plan-administrators,,,,
Professional Services,professional-services,9,"HR Consulting, Recruiting & Talent Services",hr-consulting-recruiting-talent-services,84,Long-Term Incentive Plan Consultants,long-term-incentive-plan-consultants,,,,
Professional Services,professional-services,9,"HR Consulting, Recruiting & Talent Services",hr-consulting-recruiting-talent-services,85,Recruiting Firms,recruiting-firms,,,,
Professional Services,professional-services,9,"HR Consulting, Recruiting & Talent Services",hr-consulting-recruiting-talent-services,86,Boutique Recruiting Firms,boutique-recruiting-firms,,,,
Professional Services,professional-services,9,"HR Consulting, Recruiting & Talent Services",hr-consulting-recruiting-talent-services,87,Retained Search Firms,retained-search-firms,1,Staffing Types,Retained Search,staffing-types-retained-search
Professional Services,professional-services,9,"HR Consulting, Recruiting & Talent Services",hr-consulting-recruiting-talent-services,87,Retained Search Firms,retained-search-firms,2,Staffing Types,Contingency Search,staffing-types-contingency-search
Professional Services,professional-services,9,"HR Consulting, Recruiting & Talent Services",hr-consulting-recruiting-talent-services,88,Contingent Search Firms,contingent-search-firms,,,,
Professional Services,professional-services,9,"HR Consulting, Recruiting & Talent Services",hr-consulting-recruiting-talent-services,89,Executive Search Firms,executive-search-firms,1,Staffing Types,Executive Search,staffing-types-executive-search
Professional Services,professional-services,9,"HR Consulting, Recruiting & Talent Services",hr-consulting-recruiting-talent-services,89,Executive Search Firms,executive-search-firms,2,Board Recruiting,Interim Executive,board-recruiting-interim-executive
Professional Services,professional-services,9,"HR Consulting, Recruiting & Talent Services",hr-consulting-recruiting-talent-services,90,C-Suite Search Firms,c-suite-search-firms,1,C-Suite Recruiting,CEO Search,c-suite-recruiting-ceo-search
Professional Services,professional-services,9,"HR Consulting, Recruiting & Talent Services",hr-consulting-recruiting-talent-services,90,C-Suite Search Firms,c-suite-search-firms,2,C-Suite Recruiting,CFO Search,c-suite-recruiting-cfo-search
Professional Services,professional-services,9,"HR Consulting, Recruiting & Talent Services",hr-consulting-recruiting-talent-services,90,C-Suite Search Firms,c-suite-search-firms,3,C-Suite Recruiting,CTO Search,c-suite-recruiting-cto-search
Professional Services,professional-services,9,"HR Consulting, Recruiting & Talent Services",hr-consulting-recruiting-talent-services,90,C-Suite Search Firms,c-suite-search-firms,4,C-Suite Recruiting,CMO Search,c-suite-recruiting-cmo-search
Professional Services,professional-services,9,"HR Consulting, Recruiting & Talent Services",hr-consulting-recruiting-talent-services,90,C-Suite Search Firms,c-suite-search-firms,5,C-Suite Recruiting,COO Search,c-suite-recruiting-coo-search
Professional Services,professional-services,9,"HR Consulting, Recruiting & Talent Services",hr-consulting-recruiting-talent-services,90,C-Suite Search Firms,c-suite-search-firms,6,C-Suite Recruiting,CHRO Search,c-suite-recruiting-chro-search
Professional Services,professional-services,9,"HR Consulting, Recruiting & Talent Services",hr-consulting-recruiting-talent-services,90,C-Suite Search Firms,c-suite-search-firms,7,C-Suite Recruiting,CIO Search,c-suite-recruiting-cio-search
Professional Services,professional-services,9,"HR Consulting, Recruiting & Talent Services",hr-consulting-recruiting-talent-services,90,C-Suite Search Firms,c-suite-search-firms,8,C-Suite Recruiting,CSO Search,c-suite-recruiting-cso-search
Professional Services,professional-services,9,"HR Consulting, Recruiting & Talent Services",hr-consulting-recruiting-talent-services,90,C-Suite Search Firms,c-suite-search-firms,9,C-Suite Recruiting,CPO Search,c-suite-recruiting-cpo-search
Professional Services,professional-services,9,"HR Consulting, Recruiting & Talent Services",hr-consulting-recruiting-talent-services,90,C-Suite Search Firms,c-suite-search-firms,10,C-Suite Recruiting,CLO Search,c-suite-recruiting-clo-search
Professional Services,professional-services,9,"HR Consulting, Recruiting & Talent Services",hr-consulting-recruiting-talent-services,91,CEO Search Firms,ceo-search-firms,,,,
Professional Services,professional-services,9,"HR Consulting, Recruiting & Talent Services",hr-consulting-recruiting-talent-services,92,Board Search Firms,board-search-firms,1,Board Recruiting,Board Director Search,board-recruiting-board-director-search
Professional Services,professional-services,9,"HR Consulting, Recruiting & Talent Services",hr-consulting-recruiting-talent-services,92,Board Search Firms,board-search-firms,2,Board Recruiting,Advisory Board,board-recruiting-advisory-board
Professional Services,professional-services,9,"HR Consulting, Recruiting & Talent Services",hr-consulting-recruiting-talent-services,92,Board Search Firms,board-search-firms,3,Board Recruiting,Non-Profit Board,board-recruiting-non-profit-board
Professional Services,professional-services,9,"HR Consulting, Recruiting & Talent Services",hr-consulting-recruiting-talent-services,92,Board Search Firms,board-search-firms,4,Board Recruiting,Startup Board,board-recruiting-startup-board
Professional Services,professional-services,9,"HR Consulting, Recruiting & Talent Services",hr-consulting-recruiting-talent-services,92,Board Search Firms,board-search-firms,5,Board Recruiting,Diversity Board Placement,board-recruiting-diversity-board-placement
Professional Services,professional-services,9,"HR Consulting, Recruiting & Talent Services",hr-consulting-recruiting-talent-services,92,Board Search Firms,board-search-firms,6,Board Recruiting,Board Assessment,board-recruiting-board-assessment
Professional Services,professional-services,9,"HR Consulting, Recruiting & Talent Services",hr-consulting-recruiting-talent-services,92,Board Search Firms,board-search-firms,7,Board Recruiting,Board Compensation,board-recruiting-board-compensation
Professional Services,professional-services,9,"HR Consulting, Recruiting & Talent Services",hr-consulting-recruiting-talent-services,92,Board Search Firms,board-search-firms,8,Board Recruiting,Board Governance,board-recruiting-board-governance
Professional Services,professional-services,9,"HR Consulting, Recruiting & Talent Services",hr-consulting-recruiting-talent-services,92,Board Search Firms,board-search-firms,9,Board Recruiting,Succession Planning Board,board-recruiting-succession-planning-board
Professional Services,professional-services,9,"HR Consulting, Recruiting & Talent Services",hr-consulting-recruiting-talent-services,93,CFO Search Firms,cfo-search-firms,,,,
Professional Services,professional-services,9,"HR Consulting, Recruiting & Talent Services",hr-consulting-recruiting-talent-services,94,CTO Search Firms,hr-consulting-recruiting-talent-services-cto-search-firms,,,,
Professional Services,professional-services,9,"HR Consulting, Recruiting & Talent Services",hr-consulting-recruiting-talent-services,95,CMO Search Firms,cmo-search-firms,,,,
Professional Services,professional-services,9,"HR Consulting, Recruiting & Talent Services",hr-consulting-recruiting-talent-services,96,CHRO Search Firms,chro-search-firms,,,,
Professional Services,professional-services,9,"HR Consulting, Recruiting & Talent Services",hr-consulting-recruiting-talent-services,97,VP Engineering Search Firms,vp-engineering-search-firms,,,,
Professional Services,professional-services,9,"HR Consulting, Recruiting & Talent Services",hr-consulting-recruiting-talent-services,98,VP Product Search Firms,vp-product-search-firms,,,,
Professional Services,professional-services,9,"HR Consulting, Recruiting & Talent Services",hr-consulting-recruiting-talent-services,99,VP Sales Search Firms,vp-sales-search-firms,,,,
Professional Services,professional-services,9,"HR Consulting, Recruiting & Talent Services",hr-consulting-recruiting-talent-services,100,Engineering Recruiting Firms,engineering-recruiting-firms,,,,
Professional Services,professional-services,9,"HR Consulting, Recruiting & Talent Services",hr-consulting-recruiting-talent-services,101,Software Engineer Recruiters,hr-consulting-recruiting-talent-services-software-engineer-recruiters,,,,
Professional Services,professional-services,9,"HR Consulting, Recruiting & Talent Services",hr-consulting-recruiting-talent-services,102,Frontend Developer Recruiters,hr-consulting-recruiting-talent-services-frontend-developer-recruiters,,,,
Professional Services,professional-services,9,"HR Consulting, Recruiting & Talent Services",hr-consulting-recruiting-talent-services,103,Backend Developer Recruiters,hr-consulting-recruiting-talent-services-backend-developer-recruiters,,,,
Professional Services,professional-services,9,"HR Consulting, Recruiting & Talent Services",hr-consulting-recruiting-talent-services,104,Mobile Developer Recruiters,hr-consulting-recruiting-talent-services-mobile-developer-recruiters,,,,
Professional Services,professional-services,9,"HR Consulting, Recruiting & Talent Services",hr-consulting-recruiting-talent-services,105,DevOps Recruiters,devops-recruiters,,,,
Professional Services,professional-services,9,"HR Consulting, Recruiting & Talent Services",hr-consulting-recruiting-talent-services,106,Data Engineer Recruiters,hr-consulting-recruiting-talent-services-data-engineer-recruiters,,,,
Professional Services,professional-services,9,"HR Consulting, Recruiting & Talent Services",hr-consulting-recruiting-talent-services,107,Data Scientist Recruiters,hr-consulting-recruiting-talent-services-data-scientist-recruiters,,,,
Professional Services,professional-services,9,"HR Consulting, Recruiting & Talent Services",hr-consulting-recruiting-talent-services,108,ML Engineer Recruiters,hr-consulting-recruiting-talent-services-ml-engineer-recruiters,,,,
Professional Services,professional-services,9,"HR Consulting, Recruiting & Talent Services",hr-consulting-recruiting-talent-services,109,Security Engineer Recruiters,hr-consulting-recruiting-talent-services-security-engineer-recruiters,,,,
Professional Services,professional-services,9,"HR Consulting, Recruiting & Talent Services",hr-consulting-recruiting-talent-services,110,Cloud Engineer Recruiters,hr-consulting-recruiting-talent-services-cloud-engineer-recruiters,,,,
Professional Services,professional-services,9,"HR Consulting, Recruiting & Talent Services",hr-consulting-recruiting-talent-services,111,Salesforce Recruiters,salesforce-recruiters,,,,
Professional Services,professional-services,9,"HR Consulting, Recruiting & Talent Services",hr-consulting-recruiting-talent-services,112,SAP Recruiters,sap-recruiters,,,,
Professional Services,professional-services,9,"HR Consulting, Recruiting & Talent Services",hr-consulting-recruiting-talent-services,113,Workday Recruiters,workday-recruiters,,,,
Professional Services,professional-services,9,"HR Consulting, Recruiting & Talent Services",hr-consulting-recruiting-talent-services,114,Oracle Recruiters,oracle-recruiters,,,,
Professional Services,professional-services,9,"HR Consulting, Recruiting & Talent Services",hr-consulting-recruiting-talent-services,115,ERP Recruiters,erp-recruiters,,,,
Professional Services,professional-services,9,"HR Consulting, Recruiting & Talent Services",hr-consulting-recruiting-talent-services,116,Product Manager Recruiters,hr-consulting-recruiting-talent-services-product-manager-recruiters,,,,
Professional Services,professional-services,9,"HR Consulting, Recruiting & Talent Services",hr-consulting-recruiting-talent-services,117,Product Designer Recruiters,hr-consulting-recruiting-talent-services-product-designer-recruiters,,,,
Professional Services,professional-services,9,"HR Consulting, Recruiting & Talent Services",hr-consulting-recruiting-talent-services,118,UX Researcher Recruiters,hr-consulting-recruiting-talent-services-ux-researcher-recruiters,,,,
Professional Services,professional-services,9,"HR Consulting, Recruiting & Talent Services",hr-consulting-recruiting-talent-services,119,Marketing Recruiters,marketing-recruiters,,,,
Professional Services,professional-services,9,"HR Consulting, Recruiting & Talent Services",hr-consulting-recruiting-talent-services,120,Demand Gen Recruiters,demand-gen-recruiters,1,Staffing Types,On-Demand Staffing,staffing-types-on-demand-staffing
Professional Services,professional-services,9,"HR Consulting, Recruiting & Talent Services",hr-consulting-recruiting-talent-services,121,Content Marketing Recruiters,content-marketing-recruiters,1,Digital Marketing,Content Marketing Consultant,digital-marketing-content-marketing-consultant
Professional Services,professional-services,9,"HR Consulting, Recruiting & Talent Services",hr-consulting-recruiting-talent-services,122,Brand Marketing Recruiters,brand-marketing-recruiters,1,Event Marketing Service,Brand Activation,event-marketing-service-brand-activation
Professional Services,professional-services,9,"HR Consulting, Recruiting & Talent Services",hr-consulting-recruiting-talent-services,122,Brand Marketing Recruiters,brand-marketing-recruiters,2,Brand & Strategy,Market Positioning,brand-strategy-market-positioning
Professional Services,professional-services,9,"HR Consulting, Recruiting & Talent Services",hr-consulting-recruiting-talent-services,123,Performance Marketing Recruiters,performance-marketing-recruiters,1,Digital Marketing,Performance Marketing,digital-marketing-performance-marketing
Professional Services,professional-services,9,"HR Consulting, Recruiting & Talent Services",hr-consulting-recruiting-talent-services,123,Performance Marketing Recruiters,performance-marketing-recruiters,2,Web Dev,Performance Optimization,web-dev-performance-optimization
Professional Services,professional-services,9,"HR Consulting, Recruiting & Talent Services",hr-consulting-recruiting-talent-services,124,Sales Recruiters,sales-recruiters,,,,
Professional Services,professional-services,9,"HR Consulting, Recruiting & Talent Services",hr-consulting-recruiting-talent-services,125,Enterprise Sales Recruiters,enterprise-sales-recruiters,,,,
Professional Services,professional-services,9,"HR Consulting, Recruiting & Talent Services",hr-consulting-recruiting-talent-services,126,SDR Recruiters,sdr-recruiters,,,,
Professional Services,professional-services,9,"HR Consulting, Recruiting & Talent Services",hr-consulting-recruiting-talent-services,127,AE Recruiters,ae-recruiters,,,,
Professional Services,professional-services,9,"HR Consulting, Recruiting & Talent Services",hr-consulting-recruiting-talent-services,128,Sales Manager Recruiters,sales-manager-recruiters,,,,
Professional Services,professional-services,9,"HR Consulting, Recruiting & Talent Services",hr-consulting-recruiting-talent-services,129,Customer Success Recruiters,customer-success-recruiters,,,,
Professional Services,professional-services,9,"HR Consulting, Recruiting & Talent Services",hr-consulting-recruiting-talent-services,130,Customer Support Recruiters,customer-support-recruiters,,,,
Professional Services,professional-services,9,"HR Consulting, Recruiting & Talent Services",hr-consulting-recruiting-talent-services,131,Operations Recruiters,operations-recruiters,,,,
Professional Services,professional-services,9,"HR Consulting, Recruiting & Talent Services",hr-consulting-recruiting-talent-services,132,Finance Recruiters,finance-recruiters,,,,
Professional Services,professional-services,9,"HR Consulting, Recruiting & Talent Services",hr-consulting-recruiting-talent-services,133,Accounting Recruiters,accounting-recruiters,,,,
Professional Services,professional-services,9,"HR Consulting, Recruiting & Talent Services",hr-consulting-recruiting-talent-services,134,Legal Recruiters,legal-recruiters,,,,
Professional Services,professional-services,9,"HR Consulting, Recruiting & Talent Services",hr-consulting-recruiting-talent-services,135,HR Recruiters,hr-recruiters,,,,
Professional Services,professional-services,9,"HR Consulting, Recruiting & Talent Services",hr-consulting-recruiting-talent-services,136,Healthcare Recruiters,healthcare-recruiters,,,,
Professional Services,professional-services,9,"HR Consulting, Recruiting & Talent Services",hr-consulting-recruiting-talent-services,137,Physician Recruiters,physician-recruiters,,,,
Professional Services,professional-services,9,"HR Consulting, Recruiting & Talent Services",hr-consulting-recruiting-talent-services,138,Nursing Recruiters,nursing-recruiters,,,,
Professional Services,professional-services,9,"HR Consulting, Recruiting & Talent Services",hr-consulting-recruiting-talent-services,139,Allied Health Recruiters,allied-health-recruiters,,,,
Professional Services,professional-services,9,"HR Consulting, Recruiting & Talent Services",hr-consulting-recruiting-talent-services,140,Locum Tenens Agencies,locum-tenens-agencies,1,Staffing Types,Temporary Staffing,staffing-types-temporary-staffing
Professional Services,professional-services,9,"HR Consulting, Recruiting & Talent Services",hr-consulting-recruiting-talent-services,140,Locum Tenens Agencies,locum-tenens-agencies,2,Staffing Types,Contract Staffing,staffing-types-contract-staffing
Professional Services,professional-services,9,"HR Consulting, Recruiting & Talent Services",hr-consulting-recruiting-talent-services,140,Locum Tenens Agencies,locum-tenens-agencies,3,Staffing Types,Seasonal Staffing,staffing-types-seasonal-staffing
Professional Services,professional-services,9,"HR Consulting, Recruiting & Talent Services",hr-consulting-recruiting-talent-services,141,Travel Nurse Agencies,travel-nurse-agencies,,,,
Professional Services,professional-services,9,"HR Consulting, Recruiting & Talent Services",hr-consulting-recruiting-talent-services,142,Per Diem Nursing Agencies,per-diem-nursing-agencies,,,,
Professional Services,professional-services,9,"HR Consulting, Recruiting & Talent Services",hr-consulting-recruiting-talent-services,143,Pharma Recruiters,pharma-recruiters,,,,
Professional Services,professional-services,9,"HR Consulting, Recruiting & Talent Services",hr-consulting-recruiting-talent-services,144,Biotech Recruiters,biotech-recruiters,,,,
Professional Services,professional-services,9,"HR Consulting, Recruiting & Talent Services",hr-consulting-recruiting-talent-services,145,MedTech Recruiters,medtech-recruiters,,,,
Professional Services,professional-services,9,"HR Consulting, Recruiting & Talent Services",hr-consulting-recruiting-talent-services,146,Clinical Trial Recruiters,clinical-trial-recruiters,,,,
Professional Services,professional-services,9,"HR Consulting, Recruiting & Talent Services",hr-consulting-recruiting-talent-services,147,Construction Recruiters,construction-recruiters,,,,
Professional Services,professional-services,9,"HR Consulting, Recruiting & Talent Services",hr-consulting-recruiting-talent-services,148,Skilled Trades Recruiters,skilled-trades-recruiters,,,,
Professional Services,professional-services,9,"HR Consulting, Recruiting & Talent Services",hr-consulting-recruiting-talent-services,149,Manufacturing Recruiters,manufacturing-recruiters,,,,
Professional Services,professional-services,9,"HR Consulting, Recruiting & Talent Services",hr-consulting-recruiting-talent-services,150,Engineering Recruiters,engineering-recruiters,,,,
Professional Services,professional-services,9,"HR Consulting, Recruiting & Talent Services",hr-consulting-recruiting-talent-services,151,Energy Recruiters,energy-recruiters,,,,
Professional Services,professional-services,9,"HR Consulting, Recruiting & Talent Services",hr-consulting-recruiting-talent-services,152,Oil & Gas Recruiters,oil-gas-recruiters,,,,
Professional Services,professional-services,9,"HR Consulting, Recruiting & Talent Services",hr-consulting-recruiting-talent-services,153,Renewable Energy Recruiters,renewable-energy-recruiters,,,,
Professional Services,professional-services,9,"HR Consulting, Recruiting & Talent Services",hr-consulting-recruiting-talent-services,154,Real Estate Recruiters,real-estate-recruiters,,,,
Professional Services,professional-services,9,"HR Consulting, Recruiting & Talent Services",hr-consulting-recruiting-talent-services,155,Property Management Recruiters,property-management-recruiters,,,,
Professional Services,professional-services,9,"HR Consulting, Recruiting & Talent Services",hr-consulting-recruiting-talent-services,156,Hospitality Recruiters,hospitality-recruiters,,,,
Professional Services,professional-services,9,"HR Consulting, Recruiting & Talent Services",hr-consulting-recruiting-talent-services,157,Hotel Recruiters,hotel-recruiters,,,,
Professional Services,professional-services,9,"HR Consulting, Recruiting & Talent Services",hr-consulting-recruiting-talent-services,158,Restaurant Recruiters,restaurant-recruiters,,,,
Professional Services,professional-services,9,"HR Consulting, Recruiting & Talent Services",hr-consulting-recruiting-talent-services,159,Retail Recruiters,retail-recruiters,,,,
Professional Services,professional-services,9,"HR Consulting, Recruiting & Talent Services",hr-consulting-recruiting-talent-services,160,Fashion Recruiters,fashion-recruiters,,,,
Professional Services,professional-services,9,"HR Consulting, Recruiting & Talent Services",hr-consulting-recruiting-talent-services,161,Beauty Industry Recruiters,beauty-industry-recruiters,1,Industry Staffing,IT Staffing,industry-staffing-it-staffing
Professional Services,professional-services,9,"HR Consulting, Recruiting & Talent Services",hr-consulting-recruiting-talent-services,161,Beauty Industry Recruiters,beauty-industry-recruiters,2,Industry Staffing,Healthcare Staffing,industry-staffing-healthcare-staffing
Professional Services,professional-services,9,"HR Consulting, Recruiting & Talent Services",hr-consulting-recruiting-talent-services,161,Beauty Industry Recruiters,beauty-industry-recruiters,3,Industry Staffing,Accounting Staffing,industry-staffing-accounting-staffing
Professional Services,professional-services,9,"HR Consulting, Recruiting & Talent Services",hr-consulting-recruiting-talent-services,161,Beauty Industry Recruiters,beauty-industry-recruiters,4,Industry Staffing,Legal Staffing,industry-staffing-legal-staffing
Professional Services,professional-services,9,"HR Consulting, Recruiting & Talent Services",hr-consulting-recruiting-talent-services,161,Beauty Industry Recruiters,beauty-industry-recruiters,5,Industry Staffing,Engineering Staffing,industry-staffing-engineering-staffing
Professional Services,professional-services,9,"HR Consulting, Recruiting & Talent Services",hr-consulting-recruiting-talent-services,161,Beauty Industry Recruiters,beauty-industry-recruiters,6,Industry Staffing,Manufacturing Staffing,industry-staffing-manufacturing-staffing
Professional Services,professional-services,9,"HR Consulting, Recruiting & Talent Services",hr-consulting-recruiting-talent-services,161,Beauty Industry Recruiters,beauty-industry-recruiters,7,Industry Staffing,Administrative Staffing,industry-staffing-administrative-staffing
Professional Services,professional-services,9,"HR Consulting, Recruiting & Talent Services",hr-consulting-recruiting-talent-services,161,Beauty Industry Recruiters,beauty-industry-recruiters,8,Industry Staffing,Retail Staffing,industry-staffing-retail-staffing
Professional Services,professional-services,9,"HR Consulting, Recruiting & Talent Services",hr-consulting-recruiting-talent-services,161,Beauty Industry Recruiters,beauty-industry-recruiters,9,Industry Staffing,Hospitality Staffing,industry-staffing-hospitality-staffing
Professional Services,professional-services,9,"HR Consulting, Recruiting & Talent Services",hr-consulting-recruiting-talent-services,161,Beauty Industry Recruiters,beauty-industry-recruiters,10,Industry Staffing,Construction Staffing,industry-staffing-construction-staffing
Professional Services,professional-services,9,"HR Consulting, Recruiting & Talent Services",hr-consulting-recruiting-talent-services,162,Education Recruiters,education-recruiters,,,,
Professional Services,professional-services,9,"HR Consulting, Recruiting & Talent Services",hr-consulting-recruiting-talent-services,163,K-12 Teacher Recruiters,k-12-teacher-recruiters,,,,
Professional Services,professional-services,9,"HR Consulting, Recruiting & Talent Services",hr-consulting-recruiting-talent-services,164,Higher Ed Recruiters,higher-ed-recruiters,,,,
Professional Services,professional-services,9,"HR Consulting, Recruiting & Talent Services",hr-consulting-recruiting-talent-services,165,Nonprofit Recruiters,nonprofit-recruiters,,,,
Professional Services,professional-services,9,"HR Consulting, Recruiting & Talent Services",hr-consulting-recruiting-talent-services,166,Foundation Recruiters,foundation-recruiters,,,,
Professional Services,professional-services,9,"HR Consulting, Recruiting & Talent Services",hr-consulting-recruiting-talent-services,167,Government Recruiters,government-recruiters,,,,
Professional Services,professional-services,9,"HR Consulting, Recruiting & Talent Services",hr-consulting-recruiting-talent-services,168,Federal Recruiters,federal-recruiters,,,,
Professional Services,professional-services,9,"HR Consulting, Recruiting & Talent Services",hr-consulting-recruiting-talent-services,169,Cleared Talent Recruiters,cleared-talent-recruiters,,,,
Professional Services,professional-services,9,"HR Consulting, Recruiting & Talent Services",hr-consulting-recruiting-talent-services,170,Defense Recruiters,defense-recruiters,,,,
Professional Services,professional-services,9,"HR Consulting, Recruiting & Talent Services",hr-consulting-recruiting-talent-services,171,Aerospace Recruiters,aerospace-recruiters,,,,
Professional Services,professional-services,9,"HR Consulting, Recruiting & Talent Services",hr-consulting-recruiting-talent-services,172,Diversity Recruiting Firms,diversity-recruiting-firms,,,,
Professional Services,professional-services,9,"HR Consulting, Recruiting & Talent Services",hr-consulting-recruiting-talent-services,173,Female Talent Recruiters,female-talent-recruiters,,,,
Professional Services,professional-services,9,"HR Consulting, Recruiting & Talent Services",hr-consulting-recruiting-talent-services,174,BIPOC Recruiting Firms,bipoc-recruiting-firms,,,,
Professional Services,professional-services,9,"HR Consulting, Recruiting & Talent Services",hr-consulting-recruiting-talent-services,175,Veteran Recruiting Firms,veteran-recruiting-firms,,,,
Professional Services,professional-services,9,"HR Consulting, Recruiting & Talent Services",hr-consulting-recruiting-talent-services,176,LGBTQ+ Recruiting Firms,lgbtq-recruiting-firms,,,,
Professional Services,professional-services,9,"HR Consulting, Recruiting & Talent Services",hr-consulting-recruiting-talent-services,177,Disability Recruiting Firms,disability-recruiting-firms,,,,
Professional Services,professional-services,9,"HR Consulting, Recruiting & Talent Services",hr-consulting-recruiting-talent-services,178,Refugee Talent Programs,refugee-talent-programs,,,,
Professional Services,professional-services,9,"HR Consulting, Recruiting & Talent Services",hr-consulting-recruiting-talent-services,179,Returnship Programs,hr-consulting-recruiting-talent-services-returnship-programs,,,,
Professional Services,professional-services,9,"HR Consulting, Recruiting & Talent Services",hr-consulting-recruiting-talent-services,180,Apprenticeship Programs,apprenticeship-programs,,,,
Professional Services,professional-services,9,"HR Consulting, Recruiting & Talent Services",hr-consulting-recruiting-talent-services,181,RPO Providers,rpo-providers,,,,
Professional Services,professional-services,9,"HR Consulting, Recruiting & Talent Services",hr-consulting-recruiting-talent-services,182,Recruitment Process Outsourcing Firms,recruitment-process-outsourcing-firms,,,,
Professional Services,professional-services,9,"HR Consulting, Recruiting & Talent Services",hr-consulting-recruiting-talent-services,183,Embedded Recruiters,embedded-recruiters,,,,
Professional Services,professional-services,9,"HR Consulting, Recruiting & Talent Services",hr-consulting-recruiting-talent-services,184,Contract Recruiters,contract-recruiters,,,,
Professional Services,professional-services,9,"HR Consulting, Recruiting & Talent Services",hr-consulting-recruiting-talent-services,185,Project Recruiting Firms,project-recruiting-firms,,,,
Professional Services,professional-services,9,"HR Consulting, Recruiting & Talent Services",hr-consulting-recruiting-talent-services,186,Sourcing Firms,sourcing-firms,,,,
Professional Services,professional-services,9,"HR Consulting, Recruiting & Talent Services",hr-consulting-recruiting-talent-services,187,Talent Mapping Services,talent-mapping-services,,,,
Professional Services,professional-services,9,"HR Consulting, Recruiting & Talent Services",hr-consulting-recruiting-talent-services,188,Market Mapping Services,market-mapping-services,1,Franchise Services,Franchise Marketing,franchise-services-franchise-marketing
Professional Services,professional-services,9,"HR Consulting, Recruiting & Talent Services",hr-consulting-recruiting-talent-services,188,Market Mapping Services,market-mapping-services,2,Event Marketing Service,Guerrilla Marketing Service,event-marketing-service-guerrilla-marketing-service
Professional Services,professional-services,9,"HR Consulting, Recruiting & Talent Services",hr-consulting-recruiting-talent-services,188,Market Mapping Services,market-mapping-services,3,Digital Marketing,SEO Consultant,digital-marketing-seo-consultant
Professional Services,professional-services,9,"HR Consulting, Recruiting & Talent Services",hr-consulting-recruiting-talent-services,188,Market Mapping Services,market-mapping-services,4,Digital Marketing,PPC Consultant,digital-marketing-ppc-consultant
Professional Services,professional-services,9,"HR Consulting, Recruiting & Talent Services",hr-consulting-recruiting-talent-services,188,Market Mapping Services,market-mapping-services,5,Digital Marketing,Social Media Consultant,digital-marketing-social-media-consultant
Professional Services,professional-services,9,"HR Consulting, Recruiting & Talent Services",hr-consulting-recruiting-talent-services,188,Market Mapping Services,market-mapping-services,6,Digital Marketing,Email Marketing Consultant,digital-marketing-email-marketing-consultant
Professional Services,professional-services,9,"HR Consulting, Recruiting & Talent Services",hr-consulting-recruiting-talent-services,188,Market Mapping Services,market-mapping-services,7,Digital Marketing,Growth Marketing Consultant,digital-marketing-growth-marketing-consultant
Professional Services,professional-services,9,"HR Consulting, Recruiting & Talent Services",hr-consulting-recruiting-talent-services,188,Market Mapping Services,market-mapping-services,8,Digital Marketing,CRO Consultant,digital-marketing-cro-consultant
Professional Services,professional-services,9,"HR Consulting, Recruiting & Talent Services",hr-consulting-recruiting-talent-services,188,Market Mapping Services,market-mapping-services,9,Digital Marketing,Analytics Consultant,digital-marketing-analytics-consultant
Professional Services,professional-services,9,"HR Consulting, Recruiting & Talent Services",hr-consulting-recruiting-talent-services,188,Market Mapping Services,market-mapping-services,10,Digital Marketing,Marketing Automation Consultant,digital-marketing-marketing-automation-consultant
Professional Services,professional-services,9,"HR Consulting, Recruiting & Talent Services",hr-consulting-recruiting-talent-services,188,Market Mapping Services,market-mapping-services,11,Traditional Marketing,Print Advertising,traditional-marketing-print-advertising
Professional Services,professional-services,9,"HR Consulting, Recruiting & Talent Services",hr-consulting-recruiting-talent-services,188,Market Mapping Services,market-mapping-services,12,Traditional Marketing,Direct Mail,traditional-marketing-direct-mail
Professional Services,professional-services,9,"HR Consulting, Recruiting & Talent Services",hr-consulting-recruiting-talent-services,188,Market Mapping Services,market-mapping-services,13,Traditional Marketing,Radio Advertising,traditional-marketing-radio-advertising
Professional Services,professional-services,9,"HR Consulting, Recruiting & Talent Services",hr-consulting-recruiting-talent-services,188,Market Mapping Services,market-mapping-services,14,Traditional Marketing,TV Advertising,traditional-marketing-tv-advertising
Professional Services,professional-services,9,"HR Consulting, Recruiting & Talent Services",hr-consulting-recruiting-talent-services,188,Market Mapping Services,market-mapping-services,15,Traditional Marketing,Billboard Advertising,traditional-marketing-billboard-advertising
Professional Services,professional-services,9,"HR Consulting, Recruiting & Talent Services",hr-consulting-recruiting-talent-services,188,Market Mapping Services,market-mapping-services,16,Traditional Marketing,Magazine Advertising,traditional-marketing-magazine-advertising
Professional Services,professional-services,9,"HR Consulting, Recruiting & Talent Services",hr-consulting-recruiting-talent-services,188,Market Mapping Services,market-mapping-services,17,Traditional Marketing,Newspaper Advertising,traditional-marketing-newspaper-advertising
Professional Services,professional-services,9,"HR Consulting, Recruiting & Talent Services",hr-consulting-recruiting-talent-services,188,Market Mapping Services,market-mapping-services,18,Traditional Marketing,Trade Show Marketing,traditional-marketing-trade-show-marketing
Professional Services,professional-services,9,"HR Consulting, Recruiting & Talent Services",hr-consulting-recruiting-talent-services,188,Market Mapping Services,market-mapping-services,19,Traditional Marketing,Guerrilla Marketing,traditional-marketing-guerrilla-marketing
Professional Services,professional-services,9,"HR Consulting, Recruiting & Talent Services",hr-consulting-recruiting-talent-services,188,Market Mapping Services,market-mapping-services,20,Traditional Marketing,Event Marketing,traditional-marketing-event-marketing
Professional Services,professional-services,9,"HR Consulting, Recruiting & Talent Services",hr-consulting-recruiting-talent-services,189,Competitive Intelligence for Talent,competitive-intelligence-for-talent,,,,
Professional Services,professional-services,9,"HR Consulting, Recruiting & Talent Services",hr-consulting-recruiting-talent-services,190,Employer Branding Consultants,employer-branding-consultants,1,People Strategy,Employer Branding,people-strategy-employer-branding
Professional Services,professional-services,9,"HR Consulting, Recruiting & Talent Services",hr-consulting-recruiting-talent-services,191,Career Site Designers,career-site-designers,,,,
Professional Services,professional-services,9,"HR Consulting, Recruiting & Talent Services",hr-consulting-recruiting-talent-services,192,EVP Consultants,evp-consultants,,,,
Professional Services,professional-services,9,"HR Consulting, Recruiting & Talent Services",hr-consulting-recruiting-talent-services,193,Recruitment Marketing Agencies,recruitment-marketing-agencies,,,,
Professional Services,professional-services,9,"HR Consulting, Recruiting & Talent Services",hr-consulting-recruiting-talent-services,194,Employee Advocacy Consultants,employee-advocacy-consultants,,,,
Professional Services,professional-services,10,Licensed Architects & Specialty Architecture Firms,licensed-architects-specialty-architecture-firms,1,Residential Architects,residential-architects,,,,
Professional Services,professional-services,10,Licensed Architects & Specialty Architecture Firms,licensed-architects-specialty-architecture-firms,2,Custom Home Architects,custom-home-architects,,,,
Professional Services,professional-services,10,Licensed Architects & Specialty Architecture Firms,licensed-architects-specialty-architecture-firms,3,Modern Home Architects,modern-home-architects,,,,
Professional Services,professional-services,10,Licensed Architects & Specialty Architecture Firms,licensed-architects-specialty-architecture-firms,4,Mid-Century Modern Architects,mid-century-modern-architects,,,,
Professional Services,professional-services,10,Licensed Architects & Specialty Architecture Firms,licensed-architects-specialty-architecture-firms,5,Contemporary Home Architects,contemporary-home-architects,,,,
Professional Services,professional-services,10,Licensed Architects & Specialty Architecture Firms,licensed-architects-specialty-architecture-firms,6,Traditional Home Architects,traditional-home-architects,,,,
Professional Services,professional-services,10,Licensed Architects & Specialty Architecture Firms,licensed-architects-specialty-architecture-firms,7,Craftsman Style Architects,craftsman-style-architects,,,,
Professional Services,professional-services,10,Licensed Architects & Specialty Architecture Firms,licensed-architects-specialty-architecture-firms,8,Farmhouse Architects,farmhouse-architects,,,,
Professional Services,professional-services,10,Licensed Architects & Specialty Architecture Firms,licensed-architects-specialty-architecture-firms,9,Modern Farmhouse Architects,modern-farmhouse-architects,,,,
Professional Services,professional-services,10,Licensed Architects & Specialty Architecture Firms,licensed-architects-specialty-architecture-firms,10,Mediterranean Architects,mediterranean-architects,,,,
Professional Services,professional-services,10,Licensed Architects & Specialty Architecture Firms,licensed-architects-specialty-architecture-firms,11,Spanish Revival Architects,spanish-revival-architects,,,,
Professional Services,professional-services,10,Licensed Architects & Specialty Architecture Firms,licensed-architects-specialty-architecture-firms,12,Tudor Architects,tudor-architects,,,,
Professional Services,professional-services,10,Licensed Architects & Specialty Architecture Firms,licensed-architects-specialty-architecture-firms,13,Victorian Restoration Architects,victorian-restoration-architects,,,,
Professional Services,professional-services,10,Licensed Architects & Specialty Architecture Firms,licensed-architects-specialty-architecture-firms,14,Historic Home Architects,historic-home-architects,,,,
Professional Services,professional-services,10,Licensed Architects & Specialty Architecture Firms,licensed-architects-specialty-architecture-firms,15,Coastal Architects,coastal-architects,,,,
Professional Services,professional-services,10,Licensed Architects & Specialty Architecture Firms,licensed-architects-specialty-architecture-firms,16,Beach House Architects,beach-house-architects,,,,
Professional Services,professional-services,10,Licensed Architects & Specialty Architecture Firms,licensed-architects-specialty-architecture-firms,17,Mountain Home Architects,mountain-home-architects,,,,
Professional Services,professional-services,10,Licensed Architects & Specialty Architecture Firms,licensed-architects-specialty-architecture-firms,18,Cabin Architects,cabin-architects,,,,
Professional Services,professional-services,10,Licensed Architects & Specialty Architecture Firms,licensed-architects-specialty-architecture-firms,19,Lake House Architects,lake-house-architects,,,,
Professional Services,professional-services,10,Licensed Architects & Specialty Architecture Firms,licensed-architects-specialty-architecture-firms,20,Tiny Home Architects,tiny-home-architects,,,,
Professional Services,professional-services,10,Licensed Architects & Specialty Architecture Firms,licensed-architects-specialty-architecture-firms,21,Container Home Architects,container-home-architects,,,,
Professional Services,professional-services,10,Licensed Architects & Specialty Architecture Firms,licensed-architects-specialty-architecture-firms,22,Net Zero Home Architects,net-zero-home-architects,,,,
Professional Services,professional-services,10,Licensed Architects & Specialty Architecture Firms,licensed-architects-specialty-architecture-firms,23,Passive House Architects,passive-house-architects,,,,
Professional Services,professional-services,10,Licensed Architects & Specialty Architecture Firms,licensed-architects-specialty-architecture-firms,24,Off-Grid Home Architects,off-grid-home-architects,,,,
Professional Services,professional-services,10,Licensed Architects & Specialty Architecture Firms,licensed-architects-specialty-architecture-firms,25,Earth Sheltered Architects,earth-sheltered-architects,,,,
Professional Services,professional-services,10,Licensed Architects & Specialty Architecture Firms,licensed-architects-specialty-architecture-firms,26,Modular Home Architects,modular-home-architects,,,,
Professional Services,professional-services,10,Licensed Architects & Specialty Architecture Firms,licensed-architects-specialty-architecture-firms,27,Prefab Home Architects,prefab-home-architects,,,,
Professional Services,professional-services,10,Licensed Architects & Specialty Architecture Firms,licensed-architects-specialty-architecture-firms,28,ADU Architects,adu-architects,,,,
Professional Services,professional-services,10,Licensed Architects & Specialty Architecture Firms,licensed-architects-specialty-architecture-firms,29,Backyard Cottage Architects,backyard-cottage-architects,,,,
Professional Services,professional-services,10,Licensed Architects & Specialty Architecture Firms,licensed-architects-specialty-architecture-firms,30,Granny Flat Architects,granny-flat-architects,,,,
Professional Services,professional-services,10,Licensed Architects & Specialty Architecture Firms,licensed-architects-specialty-architecture-firms,31,Garage Conversion Architects,garage-conversion-architects,,,,
Professional Services,professional-services,10,Licensed Architects & Specialty Architecture Firms,licensed-architects-specialty-architecture-firms,32,Basement Conversion Architects,basement-conversion-architects,,,,
Professional Services,professional-services,10,Licensed Architects & Specialty Architecture Firms,licensed-architects-specialty-architecture-firms,33,Attic Conversion Architects,attic-conversion-architects,,,,
Professional Services,professional-services,10,Licensed Architects & Specialty Architecture Firms,licensed-architects-specialty-architecture-firms,34,Whole House Renovation Architects,whole-house-renovation-architects,,,,
Professional Services,professional-services,10,Licensed Architects & Specialty Architecture Firms,licensed-architects-specialty-architecture-firms,35,Addition Architects,addition-architects,,,,
Professional Services,professional-services,10,Licensed Architects & Specialty Architecture Firms,licensed-architects-specialty-architecture-firms,36,Second Story Addition Architects,second-story-addition-architects,,,,
Professional Services,professional-services,10,Licensed Architects & Specialty Architecture Firms,licensed-architects-specialty-architecture-firms,37,Kitchen Architects,kitchen-architects,,,,
Professional Services,professional-services,10,Licensed Architects & Specialty Architecture Firms,licensed-architects-specialty-architecture-firms,38,Bathroom Architects,bathroom-architects,,,,
Professional Services,professional-services,10,Licensed Architects & Specialty Architecture Firms,licensed-architects-specialty-architecture-firms,39,Master Suite Architects,master-suite-architects,1,Specialty Architecture,Master Planning,specialty-architecture-master-planning
Professional Services,professional-services,10,Licensed Architects & Specialty Architecture Firms,licensed-architects-specialty-architecture-firms,40,Universal Design Architects,universal-design-architects,1,Building Design,Residential Architecture,building-design-residential-architecture
Professional Services,professional-services,10,Licensed Architects & Specialty Architecture Firms,licensed-architects-specialty-architecture-firms,40,Universal Design Architects,universal-design-architects,2,Building Design,Commercial Architecture,building-design-commercial-architecture
Professional Services,professional-services,10,Licensed Architects & Specialty Architecture Firms,licensed-architects-specialty-architecture-firms,40,Universal Design Architects,universal-design-architects,3,Building Design,Industrial Architecture,building-design-industrial-architecture
Professional Services,professional-services,10,Licensed Architects & Specialty Architecture Firms,licensed-architects-specialty-architecture-firms,40,Universal Design Architects,universal-design-architects,4,Building Design,Institutional Architecture,building-design-institutional-architecture
Professional Services,professional-services,10,Licensed Architects & Specialty Architecture Firms,licensed-architects-specialty-architecture-firms,40,Universal Design Architects,universal-design-architects,5,Building Design,Healthcare Architecture,building-design-healthcare-architecture
Professional Services,professional-services,10,Licensed Architects & Specialty Architecture Firms,licensed-architects-specialty-architecture-firms,40,Universal Design Architects,universal-design-architects,6,Building Design,Educational Architecture,building-design-educational-architecture
Professional Services,professional-services,10,Licensed Architects & Specialty Architecture Firms,licensed-architects-specialty-architecture-firms,40,Universal Design Architects,universal-design-architects,7,Building Design,Hospitality Architecture,building-design-hospitality-architecture
Professional Services,professional-services,10,Licensed Architects & Specialty Architecture Firms,licensed-architects-specialty-architecture-firms,40,Universal Design Architects,universal-design-architects,8,Building Design,Religious Architecture,building-design-religious-architecture
Professional Services,professional-services,10,Licensed Architects & Specialty Architecture Firms,licensed-architects-specialty-architecture-firms,40,Universal Design Architects,universal-design-architects,9,Building Design,Sports Architecture,building-design-sports-architecture
Professional Services,professional-services,10,Licensed Architects & Specialty Architecture Firms,licensed-architects-specialty-architecture-firms,40,Universal Design Architects,universal-design-architects,10,Building Design,Cultural Architecture,building-design-cultural-architecture
Professional Services,professional-services,10,Licensed Architects & Specialty Architecture Firms,licensed-architects-specialty-architecture-firms,40,Universal Design Architects,universal-design-architects,11,Specialty Architecture,Urban Design,specialty-architecture-urban-design
Professional Services,professional-services,10,Licensed Architects & Specialty Architecture Firms,licensed-architects-specialty-architecture-firms,41,Aging-in-Place Architects,aging-in-place-architects,,,,
Professional Services,professional-services,10,Licensed Architects & Specialty Architecture Firms,licensed-architects-specialty-architecture-firms,42,Accessible Design Architects,accessible-design-architects,,,,
Professional Services,professional-services,10,Licensed Architects & Specialty Architecture Firms,licensed-architects-specialty-architecture-firms,43,Multifamily Architects,multifamily-architects,,,,
Professional Services,professional-services,10,Licensed Architects & Specialty Architecture Firms,licensed-architects-specialty-architecture-firms,44,Apartment Architects,apartment-architects,,,,
Professional Services,professional-services,10,Licensed Architects & Specialty Architecture Firms,licensed-architects-specialty-architecture-firms,45,Condominium Architects,condominium-architects,,,,
Professional Services,professional-services,10,Licensed Architects & Specialty Architecture Firms,licensed-architects-specialty-architecture-firms,46,Townhome Architects,townhome-architects,,,,
Professional Services,professional-services,10,Licensed Architects & Specialty Architecture Firms,licensed-architects-specialty-architecture-firms,47,Row House Architects,row-house-architects,,,,
Professional Services,professional-services,10,Licensed Architects & Specialty Architecture Firms,licensed-architects-specialty-architecture-firms,48,Mixed-Use Architects,mixed-use-architects,,,,
Professional Services,professional-services,10,Licensed Architects & Specialty Architecture Firms,licensed-architects-specialty-architecture-firms,49,Live-Work Architects,live-work-architects,,,,
Professional Services,professional-services,10,Licensed Architects & Specialty Architecture Firms,licensed-architects-specialty-architecture-firms,50,Commercial Architects,commercial-architects,,,,
Professional Services,professional-services,10,Licensed Architects & Specialty Architecture Firms,licensed-architects-specialty-architecture-firms,51,Office Architects,office-architects,,,,
Professional Services,professional-services,10,Licensed Architects & Specialty Architecture Firms,licensed-architects-specialty-architecture-firms,52,Workplace Architects,workplace-architects,,,,
Professional Services,professional-services,10,Licensed Architects & Specialty Architecture Firms,licensed-architects-specialty-architecture-firms,53,Coworking Space Architects,coworking-space-architects,,,,
Professional Services,professional-services,10,Licensed Architects & Specialty Architecture Firms,licensed-architects-specialty-architecture-firms,54,Tech Campus Architects,tech-campus-architects,,,,
Professional Services,professional-services,10,Licensed Architects & Specialty Architecture Firms,licensed-architects-specialty-architecture-firms,55,Headquarters Architects,headquarters-architects,,,,
Professional Services,professional-services,10,Licensed Architects & Specialty Architecture Firms,licensed-architects-specialty-architecture-firms,56,Data Center Architects,data-center-architects,,,,
Professional Services,professional-services,10,Licensed Architects & Specialty Architecture Firms,licensed-architects-specialty-architecture-firms,57,Industrial Architects,industrial-architects,,,,
Professional Services,professional-services,10,Licensed Architects & Specialty Architecture Firms,licensed-architects-specialty-architecture-firms,58,Warehouse Architects,warehouse-architects,,,,
Professional Services,professional-services,10,Licensed Architects & Specialty Architecture Firms,licensed-architects-specialty-architecture-firms,59,Distribution Center Architects,distribution-center-architects,,,,
Professional Services,professional-services,10,Licensed Architects & Specialty Architecture Firms,licensed-architects-specialty-architecture-firms,60,Manufacturing Plant Architects,manufacturing-plant-architects,,,,
Professional Services,professional-services,10,Licensed Architects & Specialty Architecture Firms,licensed-architects-specialty-architecture-firms,61,Brewery Architects,brewery-architects,,,,
Professional Services,professional-services,10,Licensed Architects & Specialty Architecture Firms,licensed-architects-specialty-architecture-firms,62,Winery Architects,winery-architects,,,,
Professional Services,professional-services,10,Licensed Architects & Specialty Architecture Firms,licensed-architects-specialty-architecture-firms,63,Distillery Architects,distillery-architects,,,,
Professional Services,professional-services,10,Licensed Architects & Specialty Architecture Firms,licensed-architects-specialty-architecture-firms,64,Cannabis Facility Architects,cannabis-facility-architects,,,,
Professional Services,professional-services,10,Licensed Architects & Specialty Architecture Firms,licensed-architects-specialty-architecture-firms,65,Lab Architects,lab-architects,,,,
Professional Services,professional-services,10,Licensed Architects & Specialty Architecture Firms,licensed-architects-specialty-architecture-firms,66,Research Facility Architects,research-facility-architects,,,,
Professional Services,professional-services,10,Licensed Architects & Specialty Architecture Firms,licensed-architects-specialty-architecture-firms,67,Cleanroom Architects,cleanroom-architects,,,,
Professional Services,professional-services,10,Licensed Architects & Specialty Architecture Firms,licensed-architects-specialty-architecture-firms,68,Pharmaceutical Architects,pharmaceutical-architects,,,,
Professional Services,professional-services,10,Licensed Architects & Specialty Architecture Firms,licensed-architects-specialty-architecture-firms,69,Medical Office Architects,medical-office-architects,,,,
Professional Services,professional-services,10,Licensed Architects & Specialty Architecture Firms,licensed-architects-specialty-architecture-firms,70,Clinic Architects,clinic-architects,,,,
Professional Services,professional-services,10,Licensed Architects & Specialty Architecture Firms,licensed-architects-specialty-architecture-firms,71,Hospital Architects,hospital-architects,,,,
Professional Services,professional-services,10,Licensed Architects & Specialty Architecture Firms,licensed-architects-specialty-architecture-firms,72,Specialty Hospital Architects,specialty-hospital-architects,1,Specialty Architecture,Interior Architecture,specialty-architecture-interior-architecture
Professional Services,professional-services,10,Licensed Architects & Specialty Architecture Firms,licensed-architects-specialty-architecture-firms,72,Specialty Hospital Architects,specialty-hospital-architects,2,Specialty Architecture,Zoning Consulting,specialty-architecture-zoning-consulting
Professional Services,professional-services,10,Licensed Architects & Specialty Architecture Firms,licensed-architects-specialty-architecture-firms,72,Specialty Hospital Architects,specialty-hospital-architects,3,Specialty Architecture,ADA Compliance,specialty-architecture-ada-compliance
Professional Services,professional-services,10,Licensed Architects & Specialty Architecture Firms,licensed-architects-specialty-architecture-firms,73,Cancer Center Architects,cancer-center-architects,,,,
Professional Services,professional-services,10,Licensed Architects & Specialty Architecture Firms,licensed-architects-specialty-architecture-firms,74,Childrens Hospital Architects,childrens-hospital-architects,,,,
Professional Services,professional-services,10,Licensed Architects & Specialty Architecture Firms,licensed-architects-specialty-architecture-firms,75,Behavioral Health Architects,behavioral-health-architects,,,,
Professional Services,professional-services,10,Licensed Architects & Specialty Architecture Firms,licensed-architects-specialty-architecture-firms,76,Surgery Center Architects,surgery-center-architects,,,,
Professional Services,professional-services,10,Licensed Architects & Specialty Architecture Firms,licensed-architects-specialty-architecture-firms,77,Imaging Center Architects,imaging-center-architects,,,,
Professional Services,professional-services,10,Licensed Architects & Specialty Architecture Firms,licensed-architects-specialty-architecture-firms,78,Dental Office Architects,dental-office-architects,,,,
Professional Services,professional-services,10,Licensed Architects & Specialty Architecture Firms,licensed-architects-specialty-architecture-firms,79,Veterinary Hospital Architects,veterinary-hospital-architects,,,,
Professional Services,professional-services,10,Licensed Architects & Specialty Architecture Firms,licensed-architects-specialty-architecture-firms,80,Senior Living Architects,senior-living-architects,,,,
Professional Services,professional-services,10,Licensed Architects & Specialty Architecture Firms,licensed-architects-specialty-architecture-firms,81,Assisted Living Architects,assisted-living-architects,,,,
Professional Services,professional-services,10,Licensed Architects & Specialty Architecture Firms,licensed-architects-specialty-architecture-firms,82,Memory Care Architects,memory-care-architects,,,,
Professional Services,professional-services,10,Licensed Architects & Specialty Architecture Firms,licensed-architects-specialty-architecture-firms,83,CCRC Architects,ccrc-architects,,,,
Professional Services,professional-services,10,Licensed Architects & Specialty Architecture Firms,licensed-architects-specialty-architecture-firms,84,Independent Living Architects,independent-living-architects,,,,
Professional Services,professional-services,10,Licensed Architects & Specialty Architecture Firms,licensed-architects-specialty-architecture-firms,85,Hospice Architects,hospice-architects,,,,
Professional Services,professional-services,10,Licensed Architects & Specialty Architecture Firms,licensed-architects-specialty-architecture-firms,86,Hotel Architects,hotel-architects,,,,
Professional Services,professional-services,10,Licensed Architects & Specialty Architecture Firms,licensed-architects-specialty-architecture-firms,87,Boutique Hotel Architects,boutique-hotel-architects,,,,
Professional Services,professional-services,10,Licensed Architects & Specialty Architecture Firms,licensed-architects-specialty-architecture-firms,88,Resort Architects,resort-architects,,,,
Professional Services,professional-services,10,Licensed Architects & Specialty Architecture Firms,licensed-architects-specialty-architecture-firms,89,Spa Architects,spa-architects,,,,
Professional Services,professional-services,10,Licensed Architects & Specialty Architecture Firms,licensed-architects-specialty-architecture-firms,90,Restaurant Architects,restaurant-architects,,,,
Professional Services,professional-services,10,Licensed Architects & Specialty Architecture Firms,licensed-architects-specialty-architecture-firms,91,Cafe Architects,cafe-architects,,,,
Professional Services,professional-services,10,Licensed Architects & Specialty Architecture Firms,licensed-architects-specialty-architecture-firms,92,Brewery Tasting Room Architects,brewery-tasting-room-architects,,,,
Professional Services,professional-services,10,Licensed Architects & Specialty Architecture Firms,licensed-architects-specialty-architecture-firms,93,Retail Architects,retail-architects,,,,
Professional Services,professional-services,10,Licensed Architects & Specialty Architecture Firms,licensed-architects-specialty-architecture-firms,94,Boutique Retail Architects,boutique-retail-architects,,,,
Professional Services,professional-services,10,Licensed Architects & Specialty Architecture Firms,licensed-architects-specialty-architecture-firms,95,Showroom Architects,showroom-architects,,,,
Professional Services,professional-services,10,Licensed Architects & Specialty Architecture Firms,licensed-architects-specialty-architecture-firms,96,Pop-Up Shop Architects,pop-up-shop-architects,,,,
Professional Services,professional-services,10,Licensed Architects & Specialty Architecture Firms,licensed-architects-specialty-architecture-firms,97,Department Store Architects,department-store-architects,,,,
Professional Services,professional-services,10,Licensed Architects & Specialty Architecture Firms,licensed-architects-specialty-architecture-firms,98,Mall Architects,mall-architects,,,,
Professional Services,professional-services,10,Licensed Architects & Specialty Architecture Firms,licensed-architects-specialty-architecture-firms,99,Lifestyle Center Architects,lifestyle-center-architects,,,,
Professional Services,professional-services,10,Licensed Architects & Specialty Architecture Firms,licensed-architects-specialty-architecture-firms,100,Grocery Store Architects,grocery-store-architects,,,,
Professional Services,professional-services,10,Licensed Architects & Specialty Architecture Firms,licensed-architects-specialty-architecture-firms,101,Convenience Store Architects,convenience-store-architects,,,,
Professional Services,professional-services,10,Licensed Architects & Specialty Architecture Firms,licensed-architects-specialty-architecture-firms,102,Auto Dealer Architects,auto-dealer-architects,,,,
Professional Services,professional-services,10,Licensed Architects & Specialty Architecture Firms,licensed-architects-specialty-architecture-firms,103,Religious Architects,religious-architects,,,,
Professional Services,professional-services,10,Licensed Architects & Specialty Architecture Firms,licensed-architects-specialty-architecture-firms,104,Church Architects,church-architects,,,,
Professional Services,professional-services,10,Licensed Architects & Specialty Architecture Firms,licensed-architects-specialty-architecture-firms,105,Synagogue Architects,synagogue-architects,,,,
Professional Services,professional-services,10,Licensed Architects & Specialty Architecture Firms,licensed-architects-specialty-architecture-firms,106,Mosque Architects,mosque-architects,,,,
Professional Services,professional-services,10,Licensed Architects & Specialty Architecture Firms,licensed-architects-specialty-architecture-firms,107,Temple Architects,temple-architects,,,,
Professional Services,professional-services,10,Licensed Architects & Specialty Architecture Firms,licensed-architects-specialty-architecture-firms,108,Education Architects,education-architects,,,,
Professional Services,professional-services,10,Licensed Architects & Specialty Architecture Firms,licensed-architects-specialty-architecture-firms,109,K-12 School Architects,k-12-school-architects,,,,
Professional Services,professional-services,10,Licensed Architects & Specialty Architecture Firms,licensed-architects-specialty-architecture-firms,110,Higher Education Architects,higher-education-architects,,,,
Professional Services,professional-services,10,Licensed Architects & Specialty Architecture Firms,licensed-architects-specialty-architecture-firms,111,University Architects,university-architects,,,,
Professional Services,professional-services,10,Licensed Architects & Specialty Architecture Firms,licensed-architects-specialty-architecture-firms,112,Library Architects,library-architects,,,,
Professional Services,professional-services,10,Licensed Architects & Specialty Architecture Firms,licensed-architects-specialty-architecture-firms,113,Museum Architects,museum-architects,,,,
Professional Services,professional-services,10,Licensed Architects & Specialty Architecture Firms,licensed-architects-specialty-architecture-firms,114,Performing Arts Center Architects,performing-arts-center-architects,,,,
Professional Services,professional-services,10,Licensed Architects & Specialty Architecture Firms,licensed-architects-specialty-architecture-firms,115,Theater Architects,theater-architects,,,,
Professional Services,professional-services,10,Licensed Architects & Specialty Architecture Firms,licensed-architects-specialty-architecture-firms,116,Concert Hall Architects,concert-hall-architects,,,,
Professional Services,professional-services,10,Licensed Architects & Specialty Architecture Firms,licensed-architects-specialty-architecture-firms,117,Sports Architects,sports-architects,,,,
Professional Services,professional-services,10,Licensed Architects & Specialty Architecture Firms,licensed-architects-specialty-architecture-firms,118,Stadium Architects,stadium-architects,,,,
Professional Services,professional-services,10,Licensed Architects & Specialty Architecture Firms,licensed-architects-specialty-architecture-firms,119,Arena Architects,arena-architects,,,,
Professional Services,professional-services,10,Licensed Architects & Specialty Architecture Firms,licensed-architects-specialty-architecture-firms,120,Gym Architects,gym-architects,,,,
Professional Services,professional-services,10,Licensed Architects & Specialty Architecture Firms,licensed-architects-specialty-architecture-firms,121,Fitness Studio Architects,fitness-studio-architects,,,,
Professional Services,professional-services,10,Licensed Architects & Specialty Architecture Firms,licensed-architects-specialty-architecture-firms,122,Recreation Center Architects,recreation-center-architects,,,,
Professional Services,professional-services,10,Licensed Architects & Specialty Architecture Firms,licensed-architects-specialty-architecture-firms,123,Pool House Architects,pool-house-architects,,,,
Professional Services,professional-services,10,Licensed Architects & Specialty Architecture Firms,licensed-architects-specialty-architecture-firms,124,Community Center Architects,community-center-architects,,,,
Professional Services,professional-services,10,Licensed Architects & Specialty Architecture Firms,licensed-architects-specialty-architecture-firms,125,Government Building Architects,government-building-architects,1,Specialty Architecture,Building Code,specialty-architecture-building-code
Professional Services,professional-services,10,Licensed Architects & Specialty Architecture Firms,licensed-architects-specialty-architecture-firms,126,City Hall Architects,city-hall-architects,,,,
Professional Services,professional-services,10,Licensed Architects & Specialty Architecture Firms,licensed-architects-specialty-architecture-firms,127,Courthouse Architects,courthouse-architects,,,,
Professional Services,professional-services,10,Licensed Architects & Specialty Architecture Firms,licensed-architects-specialty-architecture-firms,128,Police Station Architects,police-station-architects,,,,
Professional Services,professional-services,10,Licensed Architects & Specialty Architecture Firms,licensed-architects-specialty-architecture-firms,129,Fire Station Architects,fire-station-architects,,,,
Professional Services,professional-services,10,Licensed Architects & Specialty Architecture Firms,licensed-architects-specialty-architecture-firms,130,Transportation Architects,transportation-architects,,,,
Professional Services,professional-services,10,Licensed Architects & Specialty Architecture Firms,licensed-architects-specialty-architecture-firms,131,Airport Architects,airport-architects,,,,
Professional Services,professional-services,10,Licensed Architects & Specialty Architecture Firms,licensed-architects-specialty-architecture-firms,132,Train Station Architects,train-station-architects,,,,
Professional Services,professional-services,10,Licensed Architects & Specialty Architecture Firms,licensed-architects-specialty-architecture-firms,133,Bus Terminal Architects,bus-terminal-architects,,,,
Professional Services,professional-services,10,Licensed Architects & Specialty Architecture Firms,licensed-architects-specialty-architecture-firms,134,Parking Structure Architects,parking-structure-architects,1,Building Maintenance,Parking Structure,building-maintenance-parking-structure
Professional Services,professional-services,10,Licensed Architects & Specialty Architecture Firms,licensed-architects-specialty-architecture-firms,135,Transit Oriented Design Architects,transit-oriented-design-architects,,,,
Professional Services,professional-services,10,Licensed Architects & Specialty Architecture Firms,licensed-architects-specialty-architecture-firms,136,Adaptive Reuse Architects,adaptive-reuse-architects,1,Specialty Architecture,Adaptive Reuse,specialty-architecture-adaptive-reuse
Professional Services,professional-services,10,Licensed Architects & Specialty Architecture Firms,licensed-architects-specialty-architecture-firms,137,Historic Preservation Architects,historic-preservation-architects,1,Specialty Architecture,Historic Preservation,specialty-architecture-historic-preservation
Professional Services,professional-services,10,Licensed Architects & Specialty Architecture Firms,licensed-architects-specialty-architecture-firms,138,Restoration Architects,restoration-architects,,,,
Professional Services,professional-services,10,Licensed Architects & Specialty Architecture Firms,licensed-architects-specialty-architecture-firms,139,Sustainable Architecture Firms,licensed-architects-specialty-architecture-firms-sustainable-architecture-firms,,,,
Professional Services,professional-services,10,Licensed Architects & Specialty Architecture Firms,licensed-architects-specialty-architecture-firms,140,Green Building Architects,green-building-architects,,,,
Professional Services,professional-services,10,Licensed Architects & Specialty Architecture Firms,licensed-architects-specialty-architecture-firms,141,LEED Architects,leed-architects,,,,
Professional Services,professional-services,10,Licensed Architects & Specialty Architecture Firms,licensed-architects-specialty-architecture-firms,142,WELL Building Architects,well-building-architects,,,,
Professional Services,professional-services,10,Licensed Architects & Specialty Architecture Firms,licensed-architects-specialty-architecture-firms,143,Living Building Challenge Architects,living-building-challenge-architects,,,,
Professional Services,professional-services,10,Licensed Architects & Specialty Architecture Firms,licensed-architects-specialty-architecture-firms,144,Biophilic Design Architects,biophilic-design-architects,,,,
Professional Services,professional-services,10,Licensed Architects & Specialty Architecture Firms,licensed-architects-specialty-architecture-firms,145,Regenerative Design Architects,regenerative-design-architects,,,,
Professional Services,professional-services,10,Licensed Architects & Specialty Architecture Firms,licensed-architects-specialty-architecture-firms,146,Net Zero Energy Architects,net-zero-energy-architects,,,,
Professional Services,professional-services,10,Licensed Architects & Specialty Architecture Firms,licensed-architects-specialty-architecture-firms,147,Carbon Neutral Architects,carbon-neutral-architects,,,,
Professional Services,professional-services,10,Licensed Architects & Specialty Architecture Firms,licensed-architects-specialty-architecture-firms,148,Landscape Architects,licensed-architects-specialty-architecture-firms-landscape-architects,,,,
Professional Services,professional-services,10,Licensed Architects & Specialty Architecture Firms,licensed-architects-specialty-architecture-firms,149,Garden Designers Licensed,garden-designers-licensed,,,,
Professional Services,professional-services,10,Licensed Architects & Specialty Architecture Firms,licensed-architects-specialty-architecture-firms,150,Park Designers,park-designers,,,,
Professional Services,professional-services,10,Licensed Architects & Specialty Architecture Firms,licensed-architects-specialty-architecture-firms,151,Urban Plaza Designers,urban-plaza-designers,,,,
Professional Services,professional-services,10,Licensed Architects & Specialty Architecture Firms,licensed-architects-specialty-architecture-firms,152,Streetscape Designers,streetscape-designers,,,,
Professional Services,professional-services,10,Licensed Architects & Specialty Architecture Firms,licensed-architects-specialty-architecture-firms,153,Playground Architects,playground-architects,,,,
Professional Services,professional-services,10,Licensed Architects & Specialty Architecture Firms,licensed-architects-specialty-architecture-firms,154,Memorial Designers,memorial-designers,,,,
Professional Services,professional-services,10,Licensed Architects & Specialty Architecture Firms,licensed-architects-specialty-architecture-firms,155,Cemetery Designers,cemetery-designers,,,,
Professional Services,professional-services,10,Licensed Architects & Specialty Architecture Firms,licensed-architects-specialty-architecture-firms,156,Botanical Garden Designers,botanical-garden-designers,,,,
Professional Services,professional-services,10,Licensed Architects & Specialty Architecture Firms,licensed-architects-specialty-architecture-firms,157,Therapeutic Garden Designers,therapeutic-garden-designers,,,,
Professional Services,professional-services,10,Licensed Architects & Specialty Architecture Firms,licensed-architects-specialty-architecture-firms,158,Healing Garden Designers,healing-garden-designers,,,,
Professional Services,professional-services,10,Licensed Architects & Specialty Architecture Firms,licensed-architects-specialty-architecture-firms,159,Edible Landscape Designers,licensed-architects-specialty-architecture-firms-edible-landscape-designers,,,,
Professional Services,professional-services,10,Licensed Architects & Specialty Architecture Firms,licensed-architects-specialty-architecture-firms,160,Native Landscape Designers,native-landscape-designers,,,,
Professional Services,professional-services,10,Licensed Architects & Specialty Architecture Firms,licensed-architects-specialty-architecture-firms,161,Drought-Tolerant Landscape Architects,drought-tolerant-landscape-architects,,,,
Professional Services,professional-services,10,Licensed Architects & Specialty Architecture Firms,licensed-architects-specialty-architecture-firms,162,Stormwater Landscape Architects,stormwater-landscape-architects,,,,
Professional Services,professional-services,10,Licensed Architects & Specialty Architecture Firms,licensed-architects-specialty-architecture-firms,163,Green Roof Designers,green-roof-designers,,,,
Professional Services,professional-services,10,Licensed Architects & Specialty Architecture Firms,licensed-architects-specialty-architecture-firms,164,Living Wall Designers,living-wall-designers,,,,
Professional Services,professional-services,10,Licensed Architects & Specialty Architecture Firms,licensed-architects-specialty-architecture-firms,165,Urban Designers,urban-designers,,,,
Professional Services,professional-services,10,Licensed Architects & Specialty Architecture Firms,licensed-architects-specialty-architecture-firms,166,Master Plan Designers,master-plan-designers,,,,
Professional Services,professional-services,10,Licensed Architects & Specialty Architecture Firms,licensed-architects-specialty-architecture-firms,167,Town Planners,town-planners,,,,
Professional Services,professional-services,10,Licensed Architects & Specialty Architecture Firms,licensed-architects-specialty-architecture-firms,168,City Planners,city-planners,,,,
Professional Services,professional-services,10,Licensed Architects & Specialty Architecture Firms,licensed-architects-specialty-architecture-firms,169,Mixed-Use Planners,mixed-use-planners,,,,
Professional Services,professional-services,10,Licensed Architects & Specialty Architecture Firms,licensed-architects-specialty-architecture-firms,170,TOD Planners,tod-planners,,,,
Professional Services,professional-services,10,Licensed Architects & Specialty Architecture Firms,licensed-architects-specialty-architecture-firms,171,Smart City Planners,smart-city-planners,,,,
Professional Services,professional-services,10,Licensed Architects & Specialty Architecture Firms,licensed-architects-specialty-architecture-firms,172,Interior Design Firms,interior-design-firms,,,,
Professional Services,professional-services,10,Licensed Architects & Specialty Architecture Firms,licensed-architects-specialty-architecture-firms,173,Residential Interior Designers,licensed-architects-specialty-architecture-firms-residential-interior-designers,,,,
Professional Services,professional-services,10,Licensed Architects & Specialty Architecture Firms,licensed-architects-specialty-architecture-firms,174,Commercial Interior Designers,licensed-architects-specialty-architecture-firms-commercial-interior-designers,,,,
Professional Services,professional-services,10,Licensed Architects & Specialty Architecture Firms,licensed-architects-specialty-architecture-firms,175,Hospitality Interior Designers,licensed-architects-specialty-architecture-firms-hospitality-interior-designers,,,,
Professional Services,professional-services,10,Licensed Architects & Specialty Architecture Firms,licensed-architects-specialty-architecture-firms,176,Restaurant Interior Designers,licensed-architects-specialty-architecture-firms-restaurant-interior-designers,,,,
Professional Services,professional-services,10,Licensed Architects & Specialty Architecture Firms,licensed-architects-specialty-architecture-firms,177,Retail Interior Designers,licensed-architects-specialty-architecture-firms-retail-interior-designers,,,,
Professional Services,professional-services,10,Licensed Architects & Specialty Architecture Firms,licensed-architects-specialty-architecture-firms,178,Office Interior Designers,licensed-architects-specialty-architecture-firms-office-interior-designers,,,,
Professional Services,professional-services,10,Licensed Architects & Specialty Architecture Firms,licensed-architects-specialty-architecture-firms,179,Healthcare Interior Designers,healthcare-interior-designers,,,,
Professional Services,professional-services,10,Licensed Architects & Specialty Architecture Firms,licensed-architects-specialty-architecture-firms,180,Hotel Interior Designers,hotel-interior-designers,,,,
Professional Services,professional-services,10,Licensed Architects & Specialty Architecture Firms,licensed-architects-specialty-architecture-firms,181,Spa Interior Designers,spa-interior-designers,,,,
Professional Services,professional-services,10,Licensed Architects & Specialty Architecture Firms,licensed-architects-specialty-architecture-firms,182,Yacht Interior Designers,yacht-interior-designers,,,,
Professional Services,professional-services,10,Licensed Architects & Specialty Architecture Firms,licensed-architects-specialty-architecture-firms,183,Aircraft Interior Designers,aircraft-interior-designers,,,,
Professional Services,professional-services,10,Licensed Architects & Specialty Architecture Firms,licensed-architects-specialty-architecture-firms,184,RV Interior Designers,rv-interior-designers,,,,
Professional Services,professional-services,10,Licensed Architects & Specialty Architecture Firms,licensed-architects-specialty-architecture-firms,185,Tiny Home Interior Designers,tiny-home-interior-designers,,,,
Professional Services,professional-services,10,Licensed Architects & Specialty Architecture Firms,licensed-architects-specialty-architecture-firms,186,Set Designers,set-designers,,,,
Professional Services,professional-services,10,Licensed Architects & Specialty Architecture Firms,licensed-architects-specialty-architecture-firms,187,Stage Designers,stage-designers,,,,
Professional Services,professional-services,10,Licensed Architects & Specialty Architecture Firms,licensed-architects-specialty-architecture-firms,188,Exhibit Designers,exhibit-designers,,,,
Professional Services,professional-services,10,Licensed Architects & Specialty Architecture Firms,licensed-architects-specialty-architecture-firms,189,Trade Show Booth Designers,trade-show-booth-designers,,,,
Professional Services,professional-services,10,Licensed Architects & Specialty Architecture Firms,licensed-architects-specialty-architecture-firms,190,Pop-Up Designers,pop-up-designers,,,,
Professional Services,professional-services,10,Licensed Architects & Specialty Architecture Firms,licensed-architects-specialty-architecture-firms,191,Lighting Designers,lighting-designers,,,,
Professional Services,professional-services,10,Licensed Architects & Specialty Architecture Firms,licensed-architects-specialty-architecture-firms,192,Architectural Lighting Designers,architectural-lighting-designers,,,,
Professional Services,professional-services,10,Licensed Architects & Specialty Architecture Firms,licensed-architects-specialty-architecture-firms,193,Theatrical Lighting Designers,theatrical-lighting-designers,,,,
Professional Services,professional-services,10,Licensed Architects & Specialty Architecture Firms,licensed-architects-specialty-architecture-firms,194,Acoustical Designers,acoustical-designers,,,,
Professional Services,professional-services,10,Licensed Architects & Specialty Architecture Firms,licensed-architects-specialty-architecture-firms,195,Acoustical Consultants,acoustical-consultants,,,,
Professional Services,professional-services,10,Licensed Architects & Specialty Architecture Firms,licensed-architects-specialty-architecture-firms,196,Color Consultants,color-consultants,,,,
Professional Services,professional-services,10,Licensed Architects & Specialty Architecture Firms,licensed-architects-specialty-architecture-firms,197,Feng Shui Consultants,feng-shui-consultants,,,,
Professional Services,professional-services,10,Licensed Architects & Specialty Architecture Firms,licensed-architects-specialty-architecture-firms,198,Vastu Consultants,vastu-consultants,,,,
Professional Services,professional-services,11,Engineering Firms by Discipline,engineering-firms-by-discipline,1,Civil Engineering Firms,civil-engineering-firms,1,Civil Services,Structural Engineering,civil-services-structural-engineering
Professional Services,professional-services,11,Engineering Firms by Discipline,engineering-firms-by-discipline,1,Civil Engineering Firms,civil-engineering-firms,2,Civil Services,Geotechnical Engineering,civil-services-geotechnical-engineering
Professional Services,professional-services,11,Engineering Firms by Discipline,engineering-firms-by-discipline,1,Civil Engineering Firms,civil-engineering-firms,3,Civil Services,Transportation Engineering,civil-services-transportation-engineering
Professional Services,professional-services,11,Engineering Firms by Discipline,engineering-firms-by-discipline,1,Civil Engineering Firms,civil-engineering-firms,4,Civil Services,Environmental Engineering,civil-services-environmental-engineering
Professional Services,professional-services,11,Engineering Firms by Discipline,engineering-firms-by-discipline,1,Civil Engineering Firms,civil-engineering-firms,5,Civil Services,Water Resources,civil-services-water-resources
Professional Services,professional-services,11,Engineering Firms by Discipline,engineering-firms-by-discipline,1,Civil Engineering Firms,civil-engineering-firms,6,Civil Services,Surveying,civil-services-surveying
Professional Services,professional-services,11,Engineering Firms by Discipline,engineering-firms-by-discipline,1,Civil Engineering Firms,civil-engineering-firms,7,Civil Services,Bridge Engineering,civil-services-bridge-engineering
Professional Services,professional-services,11,Engineering Firms by Discipline,engineering-firms-by-discipline,1,Civil Engineering Firms,civil-engineering-firms,8,Civil Services,Highway Engineering,civil-services-highway-engineering
Professional Services,professional-services,11,Engineering Firms by Discipline,engineering-firms-by-discipline,1,Civil Engineering Firms,civil-engineering-firms,9,Civil Services,Coastal Engineering,civil-services-coastal-engineering
Professional Services,professional-services,11,Engineering Firms by Discipline,engineering-firms-by-discipline,1,Civil Engineering Firms,civil-engineering-firms,10,Software Services,Performance Engineering,software-services-performance-engineering
Professional Services,professional-services,11,Engineering Firms by Discipline,engineering-firms-by-discipline,1,Civil Engineering Firms,civil-engineering-firms,11,Software Services,Platform Engineering,software-services-platform-engineering
Professional Services,professional-services,11,Engineering Firms by Discipline,engineering-firms-by-discipline,1,Civil Engineering Firms,civil-engineering-firms,12,Software Services,DevOps Engineering,software-services-devops-engineering
Professional Services,professional-services,11,Engineering Firms by Discipline,engineering-firms-by-discipline,2,Site Civil Engineers,site-civil-engineers,1,Software Services,Site Reliability,software-services-site-reliability
Professional Services,professional-services,11,Engineering Firms by Discipline,engineering-firms-by-discipline,3,Subdivision Civil Engineers,subdivision-civil-engineers,,,,
Professional Services,professional-services,11,Engineering Firms by Discipline,engineering-firms-by-discipline,4,Land Development Engineers,land-development-engineers,1,Civil Services,Land Development,civil-services-land-development
Professional Services,professional-services,11,Engineering Firms by Discipline,engineering-firms-by-discipline,5,Stormwater Engineers,stormwater-engineers,,,,
Professional Services,professional-services,11,Engineering Firms by Discipline,engineering-firms-by-discipline,6,Drainage Engineers,drainage-engineers,,,,
Professional Services,professional-services,11,Engineering Firms by Discipline,engineering-firms-by-discipline,7,Erosion Control Engineers,erosion-control-engineers,,,,
Professional Services,professional-services,11,Engineering Firms by Discipline,engineering-firms-by-discipline,8,Grading Engineers,grading-engineers,,,,
Professional Services,professional-services,11,Engineering Firms by Discipline,engineering-firms-by-discipline,9,Earthwork Engineers,earthwork-engineers,,,,
Professional Services,professional-services,11,Engineering Firms by Discipline,engineering-firms-by-discipline,10,Geotechnical Engineers,geotechnical-engineers,,,,
Professional Services,professional-services,11,Engineering Firms by Discipline,engineering-firms-by-discipline,11,Foundation Engineers,foundation-engineers,,,,
Professional Services,professional-services,11,Engineering Firms by Discipline,engineering-firms-by-discipline,12,Soil Engineers,soil-engineers,,,,
Professional Services,professional-services,11,Engineering Firms by Discipline,engineering-firms-by-discipline,13,Slope Stability Engineers,slope-stability-engineers,,,,
Professional Services,professional-services,11,Engineering Firms by Discipline,engineering-firms-by-discipline,14,Retaining Wall Engineers,retaining-wall-engineers,,,,
Professional Services,professional-services,11,Engineering Firms by Discipline,engineering-firms-by-discipline,15,Groundwater Engineers,groundwater-engineers,,,,
Professional Services,professional-services,11,Engineering Firms by Discipline,engineering-firms-by-discipline,16,Hydrogeologists,hydrogeologists,,,,
Professional Services,professional-services,11,Engineering Firms by Discipline,engineering-firms-by-discipline,17,Hydraulics Engineers,hydraulics-engineers,,,,
Professional Services,professional-services,11,Engineering Firms by Discipline,engineering-firms-by-discipline,18,Hydrology Engineers,hydrology-engineers,,,,
Professional Services,professional-services,11,Engineering Firms by Discipline,engineering-firms-by-discipline,19,Watershed Engineers,watershed-engineers,,,,
Professional Services,professional-services,11,Engineering Firms by Discipline,engineering-firms-by-discipline,20,Floodplain Engineers,floodplain-engineers,,,,
Professional Services,professional-services,11,Engineering Firms by Discipline,engineering-firms-by-discipline,21,Coastal Engineers,coastal-engineers,,,,
Professional Services,professional-services,11,Engineering Firms by Discipline,engineering-firms-by-discipline,22,Marine Engineers,marine-engineers,,,,
Professional Services,professional-services,11,Engineering Firms by Discipline,engineering-firms-by-discipline,23,Port Engineers,port-engineers,,,,
Professional Services,professional-services,11,Engineering Firms by Discipline,engineering-firms-by-discipline,24,Harbor Engineers,harbor-engineers,,,,
Professional Services,professional-services,11,Engineering Firms by Discipline,engineering-firms-by-discipline,25,Dredging Engineers,dredging-engineers,,,,
Professional Services,professional-services,11,Engineering Firms by Discipline,engineering-firms-by-discipline,26,Levee Engineers,levee-engineers,,,,
Professional Services,professional-services,11,Engineering Firms by Discipline,engineering-firms-by-discipline,27,Dam Engineers,dam-engineers,,,,
Professional Services,professional-services,11,Engineering Firms by Discipline,engineering-firms-by-discipline,28,Reservoir Engineers,reservoir-engineers,,,,
Professional Services,professional-services,11,Engineering Firms by Discipline,engineering-firms-by-discipline,29,Water Treatment Engineers,water-treatment-engineers,,,,
Professional Services,professional-services,11,Engineering Firms by Discipline,engineering-firms-by-discipline,30,Wastewater Treatment Engineers,wastewater-treatment-engineers,,,,
Professional Services,professional-services,11,Engineering Firms by Discipline,engineering-firms-by-discipline,31,Sewer System Engineers,sewer-system-engineers,,,,
Professional Services,professional-services,11,Engineering Firms by Discipline,engineering-firms-by-discipline,32,Water Distribution Engineers,water-distribution-engineers,,,,
Professional Services,professional-services,11,Engineering Firms by Discipline,engineering-firms-by-discipline,33,Water Supply Engineers,water-supply-engineers,,,,
Professional Services,professional-services,11,Engineering Firms by Discipline,engineering-firms-by-discipline,34,Desalination Engineers,desalination-engineers,,,,
Professional Services,professional-services,11,Engineering Firms by Discipline,engineering-firms-by-discipline,35,Stormwater Management Engineers,stormwater-management-engineers,,,,
Professional Services,professional-services,11,Engineering Firms by Discipline,engineering-firms-by-discipline,36,Green Infrastructure Engineers,green-infrastructure-engineers,1,Software Services,Infrastructure Engineering,software-services-infrastructure-engineering
Professional Services,professional-services,11,Engineering Firms by Discipline,engineering-firms-by-discipline,37,Transportation Engineers,transportation-engineers,,,,
Professional Services,professional-services,11,Engineering Firms by Discipline,engineering-firms-by-discipline,38,Highway Engineers,highway-engineers,,,,
Professional Services,professional-services,11,Engineering Firms by Discipline,engineering-firms-by-discipline,39,Roadway Engineers,roadway-engineers,,,,
Professional Services,professional-services,11,Engineering Firms by Discipline,engineering-firms-by-discipline,40,Pavement Engineers,pavement-engineers,,,,
Professional Services,professional-services,11,Engineering Firms by Discipline,engineering-firms-by-discipline,41,Bridge Engineers,bridge-engineers,,,,
Professional Services,professional-services,11,Engineering Firms by Discipline,engineering-firms-by-discipline,42,Tunnel Engineers,tunnel-engineers,,,,
Professional Services,professional-services,11,Engineering Firms by Discipline,engineering-firms-by-discipline,43,Traffic Engineers,traffic-engineers,,,,
Professional Services,professional-services,11,Engineering Firms by Discipline,engineering-firms-by-discipline,44,Intersection Design Engineers,intersection-design-engineers,,,,
Professional Services,professional-services,11,Engineering Firms by Discipline,engineering-firms-by-discipline,45,Roundabout Design Engineers,roundabout-design-engineers,,,,
Professional Services,professional-services,11,Engineering Firms by Discipline,engineering-firms-by-discipline,46,Signal Timing Engineers,signal-timing-engineers,,,,
Professional Services,professional-services,11,Engineering Firms by Discipline,engineering-firms-by-discipline,47,ITS Engineers,its-engineers,,,,
Professional Services,professional-services,11,Engineering Firms by Discipline,engineering-firms-by-discipline,48,Intelligent Transportation Engineers,intelligent-transportation-engineers,,,,
Professional Services,professional-services,11,Engineering Firms by Discipline,engineering-firms-by-discipline,49,Transit Engineers,transit-engineers,,,,
Professional Services,professional-services,11,Engineering Firms by Discipline,engineering-firms-by-discipline,50,Rail Engineers,rail-engineers,,,,
Professional Services,professional-services,11,Engineering Firms by Discipline,engineering-firms-by-discipline,51,Light Rail Engineers,light-rail-engineers,,,,
Professional Services,professional-services,11,Engineering Firms by Discipline,engineering-firms-by-discipline,52,Bus Rapid Transit Engineers,bus-rapid-transit-engineers,,,,
Professional Services,professional-services,11,Engineering Firms by Discipline,engineering-firms-by-discipline,53,Airport Engineers,airport-engineers,,,,
Professional Services,professional-services,11,Engineering Firms by Discipline,engineering-firms-by-discipline,54,Runway Engineers,runway-engineers,,,,
Professional Services,professional-services,11,Engineering Firms by Discipline,engineering-firms-by-discipline,55,Pedestrian Engineers,pedestrian-engineers,,,,
Professional Services,professional-services,11,Engineering Firms by Discipline,engineering-firms-by-discipline,56,Bicycle Infrastructure Engineers,bicycle-infrastructure-engineers,,,,
Professional Services,professional-services,11,Engineering Firms by Discipline,engineering-firms-by-discipline,57,Complete Streets Engineers,complete-streets-engineers,,,,
Professional Services,professional-services,11,Engineering Firms by Discipline,engineering-firms-by-discipline,58,Parking Engineers,parking-engineers,,,,
Professional Services,professional-services,11,Engineering Firms by Discipline,engineering-firms-by-discipline,59,Garage Engineers,garage-engineers,,,,
Professional Services,professional-services,11,Engineering Firms by Discipline,engineering-firms-by-discipline,60,Structural Engineers,structural-engineers,,,,
Professional Services,professional-services,11,Engineering Firms by Discipline,engineering-firms-by-discipline,61,Residential Structural Engineers,residential-structural-engineers,,,,
Professional Services,professional-services,11,Engineering Firms by Discipline,engineering-firms-by-discipline,62,Commercial Structural Engineers,commercial-structural-engineers,,,,
Professional Services,professional-services,11,Engineering Firms by Discipline,engineering-firms-by-discipline,63,Industrial Structural Engineers,industrial-structural-engineers,,,,
Professional Services,professional-services,11,Engineering Firms by Discipline,engineering-firms-by-discipline,64,Wood Frame Engineers,wood-frame-engineers,,,,
Professional Services,professional-services,11,Engineering Firms by Discipline,engineering-firms-by-discipline,65,Steel Engineers,steel-engineers,,,,
Professional Services,professional-services,11,Engineering Firms by Discipline,engineering-firms-by-discipline,66,Concrete Engineers,concrete-engineers,,,,
Professional Services,professional-services,11,Engineering Firms by Discipline,engineering-firms-by-discipline,67,Masonry Engineers,masonry-engineers,,,,
Professional Services,professional-services,11,Engineering Firms by Discipline,engineering-firms-by-discipline,68,Cold-Formed Steel Engineers,cold-formed-steel-engineers,,,,
Professional Services,professional-services,11,Engineering Firms by Discipline,engineering-firms-by-discipline,69,Pre-Engineered Building Engineers,pre-engineered-building-engineers,,,,
Professional Services,professional-services,11,Engineering Firms by Discipline,engineering-firms-by-discipline,70,Tilt-Up Engineers,tilt-up-engineers,,,,
Professional Services,professional-services,11,Engineering Firms by Discipline,engineering-firms-by-discipline,71,Post-Tensioned Engineers,post-tensioned-engineers,,,,
Professional Services,professional-services,11,Engineering Firms by Discipline,engineering-firms-by-discipline,72,Seismic Engineers,seismic-engineers,,,,
Professional Services,professional-services,11,Engineering Firms by Discipline,engineering-firms-by-discipline,73,Earthquake Engineers,earthquake-engineers,,,,
Professional Services,professional-services,11,Engineering Firms by Discipline,engineering-firms-by-discipline,74,Wind Engineers,wind-engineers,,,,
Professional Services,professional-services,11,Engineering Firms by Discipline,engineering-firms-by-discipline,75,Hurricane Engineers,hurricane-engineers,,,,
Professional Services,professional-services,11,Engineering Firms by Discipline,engineering-firms-by-discipline,76,Tornado Resistant Engineers,tornado-resistant-engineers,,,,
Professional Services,professional-services,11,Engineering Firms by Discipline,engineering-firms-by-discipline,77,Forensic Structural Engineers,forensic-structural-engineers,,,,
Professional Services,professional-services,11,Engineering Firms by Discipline,engineering-firms-by-discipline,78,Failure Analysis Engineers,failure-analysis-engineers,,,,
Professional Services,professional-services,11,Engineering Firms by Discipline,engineering-firms-by-discipline,79,Building Envelope Engineers,building-envelope-engineers,1,Building Maintenance,Building Envelope,building-maintenance-building-envelope
Professional Services,professional-services,11,Engineering Firms by Discipline,engineering-firms-by-discipline,80,Facade Engineers,facade-engineers,,,,
Professional Services,professional-services,11,Engineering Firms by Discipline,engineering-firms-by-discipline,81,Curtain Wall Engineers,curtain-wall-engineers,,,,
Professional Services,professional-services,11,Engineering Firms by Discipline,engineering-firms-by-discipline,82,Waterproofing Engineers,waterproofing-engineers,,,,
Professional Services,professional-services,11,Engineering Firms by Discipline,engineering-firms-by-discipline,83,Roofing Engineers,roofing-engineers,,,,
Professional Services,professional-services,11,Engineering Firms by Discipline,engineering-firms-by-discipline,84,Glazing Engineers,glazing-engineers,,,,
Professional Services,professional-services,11,Engineering Firms by Discipline,engineering-firms-by-discipline,85,Mechanical Engineering Firms,mechanical-engineering-firms,1,Mechanical Services,HVAC Engineering,mechanical-services-hvac-engineering
Professional Services,professional-services,11,Engineering Firms by Discipline,engineering-firms-by-discipline,85,Mechanical Engineering Firms,mechanical-engineering-firms,2,Mechanical Services,Product Design Engineering,mechanical-services-product-design-engineering
Professional Services,professional-services,11,Engineering Firms by Discipline,engineering-firms-by-discipline,85,Mechanical Engineering Firms,mechanical-engineering-firms,3,Mechanical Services,Manufacturing Engineering,mechanical-services-manufacturing-engineering
Professional Services,professional-services,11,Engineering Firms by Discipline,engineering-firms-by-discipline,85,Mechanical Engineering Firms,mechanical-engineering-firms,4,Mechanical Services,Automotive Engineering,mechanical-services-automotive-engineering
Professional Services,professional-services,11,Engineering Firms by Discipline,engineering-firms-by-discipline,85,Mechanical Engineering Firms,mechanical-engineering-firms,5,Mechanical Services,Aerospace Engineering,mechanical-services-aerospace-engineering
Professional Services,professional-services,11,Engineering Firms by Discipline,engineering-firms-by-discipline,85,Mechanical Engineering Firms,mechanical-engineering-firms,6,Mechanical Services,Energy Engineering,mechanical-services-energy-engineering
Professional Services,professional-services,11,Engineering Firms by Discipline,engineering-firms-by-discipline,85,Mechanical Engineering Firms,mechanical-engineering-firms,7,Mechanical Services,Robotics Engineering,mechanical-services-robotics-engineering
Professional Services,professional-services,11,Engineering Firms by Discipline,engineering-firms-by-discipline,85,Mechanical Engineering Firms,mechanical-engineering-firms,8,Mechanical Services,Thermal Engineering,mechanical-services-thermal-engineering
Professional Services,professional-services,11,Engineering Firms by Discipline,engineering-firms-by-discipline,85,Mechanical Engineering Firms,mechanical-engineering-firms,9,Mechanical Services,Fluid Dynamics,mechanical-services-fluid-dynamics
Professional Services,professional-services,11,Engineering Firms by Discipline,engineering-firms-by-discipline,85,Mechanical Engineering Firms,mechanical-engineering-firms,10,Mechanical Services,Vibration Analysis,mechanical-services-vibration-analysis
Professional Services,professional-services,11,Engineering Firms by Discipline,engineering-firms-by-discipline,86,HVAC Design Engineers,hvac-design-engineers,,,,
Professional Services,professional-services,11,Engineering Firms by Discipline,engineering-firms-by-discipline,87,Mechanical System Engineers,mechanical-system-engineers,,,,
Professional Services,professional-services,11,Engineering Firms by Discipline,engineering-firms-by-discipline,88,Plumbing Engineers,plumbing-engineers,,,,
Professional Services,professional-services,11,Engineering Firms by Discipline,engineering-firms-by-discipline,89,Fire Protection Engineers,fire-protection-engineers,,,,
Professional Services,professional-services,11,Engineering Firms by Discipline,engineering-firms-by-discipline,90,Sprinkler Design Engineers,sprinkler-design-engineers,,,,
Professional Services,professional-services,11,Engineering Firms by Discipline,engineering-firms-by-discipline,91,Smoke Control Engineers,smoke-control-engineers,,,,
Professional Services,professional-services,11,Engineering Firms by Discipline,engineering-firms-by-discipline,92,Egress Engineers,egress-engineers,,,,
Professional Services,professional-services,11,Engineering Firms by Discipline,engineering-firms-by-discipline,93,Code Consultants,code-consultants,1,Software Services,Architecture Consulting,software-services-architecture-consulting
Professional Services,professional-services,11,Engineering Firms by Discipline,engineering-firms-by-discipline,94,Building Code Consultants,building-code-consultants,,,,
Professional Services,professional-services,11,Engineering Firms by Discipline,engineering-firms-by-discipline,95,Accessibility Code Consultants,accessibility-code-consultants,,,,
Professional Services,professional-services,11,Engineering Firms by Discipline,engineering-firms-by-discipline,96,ADA Consultants,ada-consultants,,,,
Professional Services,professional-services,11,Engineering Firms by Discipline,engineering-firms-by-discipline,97,Energy Modeling Engineers,energy-modeling-engineers,,,,
Professional Services,professional-services,11,Engineering Firms by Discipline,engineering-firms-by-discipline,98,Energy Audit Engineers,energy-audit-engineers,,,,
Professional Services,professional-services,11,Engineering Firms by Discipline,engineering-firms-by-discipline,99,Building Envelope Consultants,building-envelope-consultants,,,,
Professional Services,professional-services,11,Engineering Firms by Discipline,engineering-firms-by-discipline,100,LEED Consultants,leed-consultants,,,,
Professional Services,professional-services,11,Engineering Firms by Discipline,engineering-firms-by-discipline,101,WELL Consultants,well-consultants,,,,
Professional Services,professional-services,11,Engineering Firms by Discipline,engineering-firms-by-discipline,102,Living Building Consultants,living-building-consultants,,,,
Professional Services,professional-services,11,Engineering Firms by Discipline,engineering-firms-by-discipline,103,Net Zero Engineers,net-zero-engineers,,,,
Professional Services,professional-services,11,Engineering Firms by Discipline,engineering-firms-by-discipline,104,Passive House Consultants,passive-house-consultants,,,,
Professional Services,professional-services,11,Engineering Firms by Discipline,engineering-firms-by-discipline,105,Electrical Engineering Firms,electrical-engineering-firms,1,Electrical Services,Telecommunications,electrical-services-telecommunications
Professional Services,professional-services,11,Engineering Firms by Discipline,engineering-firms-by-discipline,105,Electrical Engineering Firms,electrical-engineering-firms,2,Electrical Services,Electronics Design,electrical-services-electronics-design
Professional Services,professional-services,11,Engineering Firms by Discipline,engineering-firms-by-discipline,105,Electrical Engineering Firms,electrical-engineering-firms,3,Electrical Services,Embedded Systems,electrical-services-embedded-systems
Professional Services,professional-services,11,Engineering Firms by Discipline,engineering-firms-by-discipline,105,Electrical Engineering Firms,electrical-engineering-firms,4,Electrical Services,Signal Processing,electrical-services-signal-processing
Professional Services,professional-services,11,Engineering Firms by Discipline,engineering-firms-by-discipline,105,Electrical Engineering Firms,electrical-engineering-firms,5,Electrical Services,RF Engineering,electrical-services-rf-engineering
Professional Services,professional-services,11,Engineering Firms by Discipline,engineering-firms-by-discipline,105,Electrical Engineering Firms,electrical-engineering-firms,6,Electrical Services,Instrumentation,electrical-services-instrumentation
Professional Services,professional-services,11,Engineering Firms by Discipline,engineering-firms-by-discipline,105,Electrical Engineering Firms,electrical-engineering-firms,7,Electrical Services,PLC Programming,electrical-services-plc-programming
Professional Services,professional-services,11,Engineering Firms by Discipline,engineering-firms-by-discipline,105,Electrical Engineering Firms,electrical-engineering-firms,8,Electrical Services,SCADA Systems,electrical-services-scada-systems
Professional Services,professional-services,11,Engineering Firms by Discipline,engineering-firms-by-discipline,106,Power System Engineers,power-system-engineers,1,Electrical Services,Power Systems,electrical-services-power-systems
Professional Services,professional-services,11,Engineering Firms by Discipline,engineering-firms-by-discipline,107,Grid Engineers,grid-engineers,,,,
Professional Services,professional-services,11,Engineering Firms by Discipline,engineering-firms-by-discipline,108,Transmission Line Engineers,transmission-line-engineers,,,,
Professional Services,professional-services,11,Engineering Firms by Discipline,engineering-firms-by-discipline,109,Substation Engineers,substation-engineers,,,,
Professional Services,professional-services,11,Engineering Firms by Discipline,engineering-firms-by-discipline,110,Distribution Engineers,distribution-engineers,,,,
Professional Services,professional-services,11,Engineering Firms by Discipline,engineering-firms-by-discipline,111,Microgrid Engineers,microgrid-engineers,,,,
Professional Services,professional-services,11,Engineering Firms by Discipline,engineering-firms-by-discipline,112,Renewable Energy Engineers,renewable-energy-engineers,,,,
Professional Services,professional-services,11,Engineering Firms by Discipline,engineering-firms-by-discipline,113,Solar PV Engineers,solar-pv-engineers,,,,
Professional Services,professional-services,11,Engineering Firms by Discipline,engineering-firms-by-discipline,114,Wind Turbine Engineers,wind-turbine-engineers,,,,
Professional Services,professional-services,11,Engineering Firms by Discipline,engineering-firms-by-discipline,115,Battery Storage Engineers,battery-storage-engineers,,,,
Professional Services,professional-services,11,Engineering Firms by Discipline,engineering-firms-by-discipline,116,Smart Grid Engineers,smart-grid-engineers,,,,
Professional Services,professional-services,11,Engineering Firms by Discipline,engineering-firms-by-discipline,117,Power Quality Engineers,power-quality-engineers,,,,
Professional Services,professional-services,11,Engineering Firms by Discipline,engineering-firms-by-discipline,118,Lighting Engineers,lighting-engineers,,,,
Professional Services,professional-services,11,Engineering Firms by Discipline,engineering-firms-by-discipline,119,Daylighting Engineers,daylighting-engineers,,,,
Professional Services,professional-services,11,Engineering Firms by Discipline,engineering-firms-by-discipline,120,Sports Lighting Engineers,sports-lighting-engineers,,,,
Professional Services,professional-services,11,Engineering Firms by Discipline,engineering-firms-by-discipline,121,Stadium Lighting Engineers,stadium-lighting-engineers,,,,
Professional Services,professional-services,11,Engineering Firms by Discipline,engineering-firms-by-discipline,122,Roadway Lighting Engineers,roadway-lighting-engineers,,,,
Professional Services,professional-services,11,Engineering Firms by Discipline,engineering-firms-by-discipline,123,Low Voltage Engineers,low-voltage-engineers,,,,
Professional Services,professional-services,11,Engineering Firms by Discipline,engineering-firms-by-discipline,124,Telecom Engineers,telecom-engineers,,,,
Professional Services,professional-services,11,Engineering Firms by Discipline,engineering-firms-by-discipline,125,Network Infrastructure Engineers,network-infrastructure-engineers,,,,
Professional Services,professional-services,11,Engineering Firms by Discipline,engineering-firms-by-discipline,126,Fiber Optic Engineers,fiber-optic-engineers,,,,
Professional Services,professional-services,11,Engineering Firms by Discipline,engineering-firms-by-discipline,127,Audio Visual Engineers,audio-visual-engineers,,,,
Professional Services,professional-services,11,Engineering Firms by Discipline,engineering-firms-by-discipline,128,AV System Engineers,av-system-engineers,,,,
Professional Services,professional-services,11,Engineering Firms by Discipline,engineering-firms-by-discipline,129,Acoustical Engineers,acoustical-engineers,,,,
Professional Services,professional-services,11,Engineering Firms by Discipline,engineering-firms-by-discipline,130,Noise Control Engineers,noise-control-engineers,,,,
Professional Services,professional-services,11,Engineering Firms by Discipline,engineering-firms-by-discipline,131,Vibration Engineers,vibration-engineers,,,,
Professional Services,professional-services,11,Engineering Firms by Discipline,engineering-firms-by-discipline,132,Chemical Engineering Firms,chemical-engineering-firms,,,,
Professional Services,professional-services,11,Engineering Firms by Discipline,engineering-firms-by-discipline,133,Process Engineering Firms,process-engineering-firms,,,,
Professional Services,professional-services,11,Engineering Firms by Discipline,engineering-firms-by-discipline,134,Petrochemical Engineers,petrochemical-engineers,,,,
Professional Services,professional-services,11,Engineering Firms by Discipline,engineering-firms-by-discipline,135,Refinery Engineers,refinery-engineers,,,,
Professional Services,professional-services,11,Engineering Firms by Discipline,engineering-firms-by-discipline,136,Pharmaceutical Process Engineers,pharmaceutical-process-engineers,,,,
Professional Services,professional-services,11,Engineering Firms by Discipline,engineering-firms-by-discipline,137,Biotech Process Engineers,biotech-process-engineers,,,,
Professional Services,professional-services,11,Engineering Firms by Discipline,engineering-firms-by-discipline,138,Food Processing Engineers,food-processing-engineers,,,,
Professional Services,professional-services,11,Engineering Firms by Discipline,engineering-firms-by-discipline,139,Beverage Engineers,beverage-engineers,,,,
Professional Services,professional-services,11,Engineering Firms by Discipline,engineering-firms-by-discipline,140,Brewery Engineers,brewery-engineers,,,,
Professional Services,professional-services,11,Engineering Firms by Discipline,engineering-firms-by-discipline,141,Winery Engineers,winery-engineers,,,,
Professional Services,professional-services,11,Engineering Firms by Discipline,engineering-firms-by-discipline,142,Distillery Engineers,distillery-engineers,,,,
Professional Services,professional-services,11,Engineering Firms by Discipline,engineering-firms-by-discipline,143,Cannabis Process Engineers,cannabis-process-engineers,,,,
Professional Services,professional-services,11,Engineering Firms by Discipline,engineering-firms-by-discipline,144,Specialty Chemical Engineers,specialty-chemical-engineers,,,,
Professional Services,professional-services,11,Engineering Firms by Discipline,engineering-firms-by-discipline,145,Polymer Engineers,polymer-engineers,,,,
Professional Services,professional-services,11,Engineering Firms by Discipline,engineering-firms-by-discipline,146,Materials Engineers,materials-engineers,,,,
Professional Services,professional-services,11,Engineering Firms by Discipline,engineering-firms-by-discipline,147,Metallurgical Engineers,metallurgical-engineers,,,,
Professional Services,professional-services,11,Engineering Firms by Discipline,engineering-firms-by-discipline,148,Welding Engineers,welding-engineers,,,,
Professional Services,professional-services,11,Engineering Firms by Discipline,engineering-firms-by-discipline,149,Corrosion Engineers,corrosion-engineers,,,,
Professional Services,professional-services,11,Engineering Firms by Discipline,engineering-firms-by-discipline,150,Coating Engineers,coating-engineers,,,,
Professional Services,professional-services,11,Engineering Firms by Discipline,engineering-firms-by-discipline,151,Aerospace Engineering Firms,aerospace-engineering-firms,,,,
Professional Services,professional-services,11,Engineering Firms by Discipline,engineering-firms-by-discipline,152,Aircraft Engineers,aircraft-engineers,,,,
Professional Services,professional-services,11,Engineering Firms by Discipline,engineering-firms-by-discipline,153,Spacecraft Engineers,spacecraft-engineers,,,,
Professional Services,professional-services,11,Engineering Firms by Discipline,engineering-firms-by-discipline,154,Drone Design Engineers,drone-design-engineers,,,,
Professional Services,professional-services,11,Engineering Firms by Discipline,engineering-firms-by-discipline,155,UAV Engineers,uav-engineers,,,,
Professional Services,professional-services,11,Engineering Firms by Discipline,engineering-firms-by-discipline,156,Rocket Engineers,rocket-engineers,,,,
Professional Services,professional-services,11,Engineering Firms by Discipline,engineering-firms-by-discipline,157,Satellite Engineers,satellite-engineers,,,,
Professional Services,professional-services,11,Engineering Firms by Discipline,engineering-firms-by-discipline,158,Avionics Engineers,avionics-engineers,,,,
Professional Services,professional-services,11,Engineering Firms by Discipline,engineering-firms-by-discipline,159,Propulsion Engineers,propulsion-engineers,,,,
Professional Services,professional-services,11,Engineering Firms by Discipline,engineering-firms-by-discipline,160,Mechatronics Engineers,mechatronics-engineers,,,,
Professional Services,professional-services,11,Engineering Firms by Discipline,engineering-firms-by-discipline,161,Robotics Engineers,robotics-engineers,,,,
Professional Services,professional-services,11,Engineering Firms by Discipline,engineering-firms-by-discipline,162,Automation Engineers,automation-engineers,,,,
Professional Services,professional-services,11,Engineering Firms by Discipline,engineering-firms-by-discipline,163,Control Systems Engineers,control-systems-engineers,1,Electrical Services,Control Systems,electrical-services-control-systems
Professional Services,professional-services,11,Engineering Firms by Discipline,engineering-firms-by-discipline,164,PLC Engineers,plc-engineers,,,,
Professional Services,professional-services,11,Engineering Firms by Discipline,engineering-firms-by-discipline,165,SCADA Engineers,scada-engineers,,,,
Professional Services,professional-services,11,Engineering Firms by Discipline,engineering-firms-by-discipline,166,Instrumentation Engineers,instrumentation-engineers,,,,
Professional Services,professional-services,11,Engineering Firms by Discipline,engineering-firms-by-discipline,167,Process Control Engineers,process-control-engineers,,,,
Professional Services,professional-services,11,Engineering Firms by Discipline,engineering-firms-by-discipline,168,Marine Engineering Firms,marine-engineering-firms,,,,
Professional Services,professional-services,11,Engineering Firms by Discipline,engineering-firms-by-discipline,169,Naval Architects,naval-architects,,,,
Professional Services,professional-services,11,Engineering Firms by Discipline,engineering-firms-by-discipline,170,Yacht Design Firms,yacht-design-firms,,,,
Professional Services,professional-services,11,Engineering Firms by Discipline,engineering-firms-by-discipline,171,Ship Design Firms,ship-design-firms,,,,
Professional Services,professional-services,11,Engineering Firms by Discipline,engineering-firms-by-discipline,172,Offshore Engineering Firms,offshore-engineering-firms,,,,
Professional Services,professional-services,11,Engineering Firms by Discipline,engineering-firms-by-discipline,173,Subsea Engineers,subsea-engineers,,,,
Professional Services,professional-services,11,Engineering Firms by Discipline,engineering-firms-by-discipline,174,Pipeline Engineers,pipeline-engineers,,,,
Professional Services,professional-services,11,Engineering Firms by Discipline,engineering-firms-by-discipline,175,Oil & Gas Engineers,oil-gas-engineers,,,,
Professional Services,professional-services,11,Engineering Firms by Discipline,engineering-firms-by-discipline,176,Petroleum Engineers,petroleum-engineers,,,,
Professional Services,professional-services,11,Engineering Firms by Discipline,engineering-firms-by-discipline,177,Drilling Engineers,drilling-engineers,,,,
Professional Services,professional-services,11,Engineering Firms by Discipline,engineering-firms-by-discipline,178,Production Engineers,production-engineers,,,,
Professional Services,professional-services,11,Engineering Firms by Discipline,engineering-firms-by-discipline,179,Well Engineers,well-engineers,,,,
Professional Services,professional-services,11,Engineering Firms by Discipline,engineering-firms-by-discipline,180,Mining Engineers,mining-engineers,,,,
Professional Services,professional-services,11,Engineering Firms by Discipline,engineering-firms-by-discipline,181,Mineral Processing Engineers,mineral-processing-engineers,,,,
Professional Services,professional-services,11,Engineering Firms by Discipline,engineering-firms-by-discipline,182,Geological Engineers,geological-engineers,,,,
Professional Services,professional-services,11,Engineering Firms by Discipline,engineering-firms-by-discipline,183,Geophysical Engineers,geophysical-engineers,,,,
Professional Services,professional-services,11,Engineering Firms by Discipline,engineering-firms-by-discipline,184,Environmental Engineering Firms,environmental-engineering-firms,,,,
Professional Services,professional-services,11,Engineering Firms by Discipline,engineering-firms-by-discipline,185,Air Quality Engineers,air-quality-engineers,,,,
Professional Services,professional-services,11,Engineering Firms by Discipline,engineering-firms-by-discipline,186,Water Quality Engineers,water-quality-engineers,,,,
Professional Services,professional-services,11,Engineering Firms by Discipline,engineering-firms-by-discipline,187,Soil Quality Engineers,soil-quality-engineers,,,,
Professional Services,professional-services,11,Engineering Firms by Discipline,engineering-firms-by-discipline,188,Hazardous Waste Engineers,hazardous-waste-engineers,,,,
Professional Services,professional-services,11,Engineering Firms by Discipline,engineering-firms-by-discipline,189,Brownfield Engineers,brownfield-engineers,,,,
Professional Services,professional-services,11,Engineering Firms by Discipline,engineering-firms-by-discipline,190,Remediation Engineers,remediation-engineers,,,,
Professional Services,professional-services,11,Engineering Firms by Discipline,engineering-firms-by-discipline,191,Environmental Compliance Engineers,environmental-compliance-engineers,,,,
Professional Services,professional-services,11,Engineering Firms by Discipline,engineering-firms-by-discipline,192,Sustainability Engineers,sustainability-engineers,,,,
Professional Services,professional-services,11,Engineering Firms by Discipline,engineering-firms-by-discipline,193,Carbon Engineering Firms,carbon-engineering-firms,,,,
Professional Services,professional-services,11,Engineering Firms by Discipline,engineering-firms-by-discipline,194,Carbon Capture Engineers,carbon-capture-engineers,,,,
Professional Services,professional-services,11,Engineering Firms by Discipline,engineering-firms-by-discipline,195,Direct Air Capture Engineers,direct-air-capture-engineers,,,,
Professional Services,professional-services,11,Engineering Firms by Discipline,engineering-firms-by-discipline,196,Carbon Sequestration Engineers,carbon-sequestration-engineers,,,,
Professional Services,professional-services,11,Engineering Firms by Discipline,engineering-firms-by-discipline,197,Climate Adaptation Engineers,climate-adaptation-engineers,,,,
Professional Services,professional-services,11,Engineering Firms by Discipline,engineering-firms-by-discipline,198,Resilience Engineers,resilience-engineers,,,,
Professional Services,professional-services,11,Engineering Firms by Discipline,engineering-firms-by-discipline,199,Disaster Recovery Engineers,disaster-recovery-engineers,,,,
Professional Services,professional-services,11,Engineering Firms by Discipline,engineering-firms-by-discipline,200,Industrial Engineering Firms,industrial-engineering-firms,,,,
Professional Services,professional-services,11,Engineering Firms by Discipline,engineering-firms-by-discipline,201,Manufacturing Engineering Firms,manufacturing-engineering-firms,,,,
Professional Services,professional-services,11,Engineering Firms by Discipline,engineering-firms-by-discipline,202,Production Engineering Firms,production-engineering-firms,,,,
Professional Services,professional-services,11,Engineering Firms by Discipline,engineering-firms-by-discipline,203,Quality Engineering Firms,quality-engineering-firms,,,,
Professional Services,professional-services,11,Engineering Firms by Discipline,engineering-firms-by-discipline,204,Six Sigma Engineering Firms,six-sigma-engineering-firms,,,,
Professional Services,professional-services,11,Engineering Firms by Discipline,engineering-firms-by-discipline,205,Lean Engineering Firms,lean-engineering-firms,,,,
Professional Services,professional-services,11,Engineering Firms by Discipline,engineering-firms-by-discipline,206,Plant Engineering Firms,plant-engineering-firms,,,,
Professional Services,professional-services,11,Engineering Firms by Discipline,engineering-firms-by-discipline,207,Facility Engineering Firms,facility-engineering-firms,,,,
Professional Services,professional-services,11,Engineering Firms by Discipline,engineering-firms-by-discipline,208,Maintenance Engineering Firms,maintenance-engineering-firms,1,Building Maintenance,Elevator Maintenance,building-maintenance-elevator-maintenance
Professional Services,professional-services,11,Engineering Firms by Discipline,engineering-firms-by-discipline,208,Maintenance Engineering Firms,maintenance-engineering-firms,2,Building Maintenance,Escalator Maintenance,building-maintenance-escalator-maintenance
Professional Services,professional-services,11,Engineering Firms by Discipline,engineering-firms-by-discipline,208,Maintenance Engineering Firms,maintenance-engineering-firms,3,Building Maintenance,HVAC Maintenance Commercial,building-maintenance-hvac-maintenance-commercial
Professional Services,professional-services,11,Engineering Firms by Discipline,engineering-firms-by-discipline,208,Maintenance Engineering Firms,maintenance-engineering-firms,4,Building Maintenance,Plumbing Maintenance Commercial,building-maintenance-plumbing-maintenance-commercial
Professional Services,professional-services,11,Engineering Firms by Discipline,engineering-firms-by-discipline,208,Maintenance Engineering Firms,maintenance-engineering-firms,5,Building Maintenance,Electrical Maintenance Commercial,building-maintenance-electrical-maintenance-commercial
Professional Services,professional-services,11,Engineering Firms by Discipline,engineering-firms-by-discipline,208,Maintenance Engineering Firms,maintenance-engineering-firms,6,Building Maintenance,Fire System Maintenance,building-maintenance-fire-system-maintenance
Professional Services,professional-services,11,Engineering Firms by Discipline,engineering-firms-by-discipline,208,Maintenance Engineering Firms,maintenance-engineering-firms,7,Building Maintenance,Generator Maintenance,building-maintenance-generator-maintenance
Professional Services,professional-services,11,Engineering Firms by Discipline,engineering-firms-by-discipline,208,Maintenance Engineering Firms,maintenance-engineering-firms,8,Building Maintenance,Roof Maintenance,building-maintenance-roof-maintenance
Professional Services,professional-services,11,Engineering Firms by Discipline,engineering-firms-by-discipline,209,Reliability Engineering Firms,reliability-engineering-firms,1,Software Services,Reliability Engineering,software-services-reliability-engineering
Professional Services,professional-services,11,Engineering Firms by Discipline,engineering-firms-by-discipline,210,Asset Integrity Engineers,asset-integrity-engineers,,,,
Professional Services,professional-services,11,Engineering Firms by Discipline,engineering-firms-by-discipline,211,Inspection Engineers,inspection-engineers,,,,
Professional Services,professional-services,11,Engineering Firms by Discipline,engineering-firms-by-discipline,212,NDT Inspection Firms,ndt-inspection-firms,,,,
Professional Services,professional-services,11,Engineering Firms by Discipline,engineering-firms-by-discipline,213,Non-Destructive Testing Firms,non-destructive-testing-firms,,,,
Professional Services,professional-services,11,Engineering Firms by Discipline,engineering-firms-by-discipline,214,Ultrasonic Testing Firms,ultrasonic-testing-firms,,,,
Professional Services,professional-services,11,Engineering Firms by Discipline,engineering-firms-by-discipline,215,Radiographic Testing Firms,radiographic-testing-firms,,,,
Professional Services,professional-services,11,Engineering Firms by Discipline,engineering-firms-by-discipline,216,Magnetic Particle Testing Firms,magnetic-particle-testing-firms,,,,
Professional Services,professional-services,11,Engineering Firms by Discipline,engineering-firms-by-discipline,217,Penetrant Testing Firms,penetrant-testing-firms,,,,
Professional Services,professional-services,11,Engineering Firms by Discipline,engineering-firms-by-discipline,218,Visual Testing Firms,visual-testing-firms,,,,
Professional Services,professional-services,11,Engineering Firms by Discipline,engineering-firms-by-discipline,219,Infrared Thermography Firms,infrared-thermography-firms,,,,
Professional Services,professional-services,11,Engineering Firms by Discipline,engineering-firms-by-discipline,220,Drone Inspection Firms,drone-inspection-firms,,,,
Professional Services,professional-services,11,Engineering Firms by Discipline,engineering-firms-by-discipline,221,Pipeline Inspection Firms,pipeline-inspection-firms,,,,
Professional Services,professional-services,11,Engineering Firms by Discipline,engineering-firms-by-discipline,222,Tank Inspection Firms,tank-inspection-firms,,,,
Professional Services,professional-services,11,Engineering Firms by Discipline,engineering-firms-by-discipline,223,Bridge Inspection Firms,bridge-inspection-firms,,,,
Professional Services,professional-services,11,Engineering Firms by Discipline,engineering-firms-by-discipline,224,Building Inspection Firms,building-inspection-firms,,,,
Professional Services,professional-services,11,Engineering Firms by Discipline,engineering-firms-by-discipline,225,Roof Inspection Firms,roof-inspection-firms,,,,
Professional Services,professional-services,11,Engineering Firms by Discipline,engineering-firms-by-discipline,226,Cell Tower Inspection Firms,cell-tower-inspection-firms,,,,
Professional Services,professional-services,11,Engineering Firms by Discipline,engineering-firms-by-discipline,227,Wind Turbine Inspection Firms,wind-turbine-inspection-firms,,,,
Professional Services,professional-services,11,Engineering Firms by Discipline,engineering-firms-by-discipline,228,Solar Inspection Firms,solar-inspection-firms,,,,
Professional Services,professional-services,11,Engineering Firms by Discipline,engineering-firms-by-discipline,229,Insulation Engineers,insulation-engineers,,,,
Professional Services,professional-services,11,Engineering Firms by Discipline,engineering-firms-by-discipline,230,Energy Engineers,energy-engineers,,,,
Professional Services,professional-services,11,Engineering Firms by Discipline,engineering-firms-by-discipline,231,Energy Efficiency Engineers,energy-efficiency-engineers,,,,
Professional Services,professional-services,11,Engineering Firms by Discipline,engineering-firms-by-discipline,232,Demand Response Engineers,demand-response-engineers,,,,
Professional Services,professional-services,11,Engineering Firms by Discipline,engineering-firms-by-discipline,233,Power Engineering Firms,power-engineering-firms,,,,
Professional Services,professional-services,12,Real Estate Professionals & Property Services,real-estate-professionals-property-services,1,Residential Real Estate Agents,residential-real-estate-agents,1,Property Law,Easement,property-law-easement
Professional Services,professional-services,12,Real Estate Professionals & Property Services,real-estate-professionals-property-services,1,Residential Real Estate Agents,residential-real-estate-agents,2,Property Law,Zoning Law,property-law-zoning-law
Professional Services,professional-services,12,Real Estate Professionals & Property Services,real-estate-professionals-property-services,1,Residential Real Estate Agents,residential-real-estate-agents,3,Property Law,Landlord-Tenant,property-law-landlord-tenant
Professional Services,professional-services,12,Real Estate Professionals & Property Services,real-estate-professionals-property-services,1,Residential Real Estate Agents,residential-real-estate-agents,4,Property Law,Eviction,property-law-eviction
Professional Services,professional-services,12,Real Estate Professionals & Property Services,real-estate-professionals-property-services,1,Residential Real Estate Agents,residential-real-estate-agents,5,Property Law,Environmental Law,property-law-environmental-law
Professional Services,professional-services,12,Real Estate Professionals & Property Services,real-estate-professionals-property-services,1,Residential Real Estate Agents,residential-real-estate-agents,6,Real Estate Development,Residential Development,real-estate-development-residential-development
Professional Services,professional-services,12,Real Estate Professionals & Property Services,real-estate-professionals-property-services,1,Residential Real Estate Agents,residential-real-estate-agents,7,Appraisal,Residential Appraisal,appraisal-residential-appraisal
Professional Services,professional-services,12,Real Estate Professionals & Property Services,real-estate-professionals-property-services,1,Residential Real Estate Agents,residential-real-estate-agents,8,Appraisal,Land Appraisal,appraisal-land-appraisal
Professional Services,professional-services,12,Real Estate Professionals & Property Services,real-estate-professionals-property-services,1,Residential Real Estate Agents,residential-real-estate-agents,9,Appraisal,Estate Appraisal,appraisal-estate-appraisal
Professional Services,professional-services,12,Real Estate Professionals & Property Services,real-estate-professionals-property-services,1,Residential Real Estate Agents,residential-real-estate-agents,10,Appraisal,FHA Appraisal,appraisal-fha-appraisal
Professional Services,professional-services,12,Real Estate Professionals & Property Services,real-estate-professionals-property-services,1,Residential Real Estate Agents,residential-real-estate-agents,11,Appraisal,VA Appraisal,appraisal-va-appraisal
Professional Services,professional-services,12,Real Estate Professionals & Property Services,real-estate-professionals-property-services,1,Residential Real Estate Agents,residential-real-estate-agents,12,Appraisal,Investment Appraisal,appraisal-investment-appraisal
Professional Services,professional-services,12,Real Estate Professionals & Property Services,real-estate-professionals-property-services,1,Residential Real Estate Agents,residential-real-estate-agents,13,Appraisal,Review Appraisal,appraisal-review-appraisal
Professional Services,professional-services,12,Real Estate Professionals & Property Services,real-estate-professionals-property-services,1,Residential Real Estate Agents,residential-real-estate-agents,14,Mortgage,Refinancing,mortgage-refinancing
Professional Services,professional-services,12,Real Estate Professionals & Property Services,real-estate-professionals-property-services,1,Residential Real Estate Agents,residential-real-estate-agents,15,Mortgage,FHA Loans,mortgage-fha-loans
Professional Services,professional-services,12,Real Estate Professionals & Property Services,real-estate-professionals-property-services,1,Residential Real Estate Agents,residential-real-estate-agents,16,Mortgage,VA Loans,mortgage-va-loans
Professional Services,professional-services,12,Real Estate Professionals & Property Services,real-estate-professionals-property-services,1,Residential Real Estate Agents,residential-real-estate-agents,17,Mortgage,Jumbo Loans,mortgage-jumbo-loans
Professional Services,professional-services,12,Real Estate Professionals & Property Services,real-estate-professionals-property-services,1,Residential Real Estate Agents,residential-real-estate-agents,18,Mortgage,Construction Loans,mortgage-construction-loans
Professional Services,professional-services,12,Real Estate Professionals & Property Services,real-estate-professionals-property-services,1,Residential Real Estate Agents,residential-real-estate-agents,19,Mortgage,Bridge Loans,mortgage-bridge-loans
Professional Services,professional-services,12,Real Estate Professionals & Property Services,real-estate-professionals-property-services,1,Residential Real Estate Agents,residential-real-estate-agents,20,Inspection,Radon Testing,inspection-radon-testing
Professional Services,professional-services,12,Real Estate Professionals & Property Services,real-estate-professionals-property-services,1,Residential Real Estate Agents,residential-real-estate-agents,21,Inspection,Mold Inspection,inspection-mold-inspection
Professional Services,professional-services,12,Real Estate Professionals & Property Services,real-estate-professionals-property-services,1,Residential Real Estate Agents,residential-real-estate-agents,22,Inspection,Termite Inspection,inspection-termite-inspection
Professional Services,professional-services,12,Real Estate Professionals & Property Services,real-estate-professionals-property-services,1,Residential Real Estate Agents,residential-real-estate-agents,23,Inspection,Pool Inspection,inspection-pool-inspection
Professional Services,professional-services,12,Real Estate Professionals & Property Services,real-estate-professionals-property-services,1,Residential Real Estate Agents,residential-real-estate-agents,24,Inspection,Roof Inspection,inspection-roof-inspection
Professional Services,professional-services,12,Real Estate Professionals & Property Services,real-estate-professionals-property-services,1,Residential Real Estate Agents,residential-real-estate-agents,25,Inspection,Foundation Inspection,inspection-foundation-inspection
Professional Services,professional-services,12,Real Estate Professionals & Property Services,real-estate-professionals-property-services,1,Residential Real Estate Agents,residential-real-estate-agents,26,Inspection,Sewer Inspection,inspection-sewer-inspection
Professional Services,professional-services,12,Real Estate Professionals & Property Services,real-estate-professionals-property-services,1,Residential Real Estate Agents,residential-real-estate-agents,27,Inspection,Environmental Assessment,inspection-environmental-assessment
Professional Services,professional-services,12,Real Estate Professionals & Property Services,real-estate-professionals-property-services,1,Residential Real Estate Agents,residential-real-estate-agents,30,Buying & Selling,Luxury Real Estate,buying-selling-luxury-real-estate
Professional Services,professional-services,12,Real Estate Professionals & Property Services,real-estate-professionals-property-services,1,Residential Real Estate Agents,residential-real-estate-agents,31,Buying & Selling,Relocation Agent,buying-selling-relocation-agent
Professional Services,professional-services,12,Real Estate Professionals & Property Services,real-estate-professionals-property-services,1,Residential Real Estate Agents,residential-real-estate-agents,32,Buying & Selling,Military Relocation,buying-selling-military-relocation
Professional Services,professional-services,12,Real Estate Professionals & Property Services,real-estate-professionals-property-services,1,Residential Real Estate Agents,residential-real-estate-agents,33,Buying & Selling,Senior Real Estate,buying-selling-senior-real-estate
Professional Services,professional-services,12,Real Estate Professionals & Property Services,real-estate-professionals-property-services,1,Residential Real Estate Agents,residential-real-estate-agents,34,Buying & Selling,Investment Property,buying-selling-investment-property
Professional Services,professional-services,12,Real Estate Professionals & Property Services,real-estate-professionals-property-services,1,Residential Real Estate Agents,residential-real-estate-agents,35,Buying & Selling,Vacation Property,buying-selling-vacation-property
Professional Services,professional-services,12,Real Estate Professionals & Property Services,real-estate-professionals-property-services,1,Residential Real Estate Agents,residential-real-estate-agents,36,Buying & Selling,International Buyer,buying-selling-international-buyer
Professional Services,professional-services,12,Real Estate Professionals & Property Services,real-estate-professionals-property-services,1,Residential Real Estate Agents,residential-real-estate-agents,37,Rental,Property Management,rental-property-management
Professional Services,professional-services,12,Real Estate Professionals & Property Services,real-estate-professionals-property-services,1,Residential Real Estate Agents,residential-real-estate-agents,38,Rental,Tenant Placement,rental-tenant-placement
Professional Services,professional-services,12,Real Estate Professionals & Property Services,real-estate-professionals-property-services,1,Residential Real Estate Agents,residential-real-estate-agents,39,Rental,Rent Collection,rental-rent-collection
Professional Services,professional-services,12,Real Estate Professionals & Property Services,real-estate-professionals-property-services,1,Residential Real Estate Agents,residential-real-estate-agents,40,Rental,Maintenance Coordination,rental-maintenance-coordination
Professional Services,professional-services,12,Real Estate Professionals & Property Services,real-estate-professionals-property-services,1,Residential Real Estate Agents,residential-real-estate-agents,41,Rental,Eviction Services,rental-eviction-services
Professional Services,professional-services,12,Real Estate Professionals & Property Services,real-estate-professionals-property-services,1,Residential Real Estate Agents,residential-real-estate-agents,42,Rental,Lease Administration,rental-lease-administration
Professional Services,professional-services,12,Real Estate Professionals & Property Services,real-estate-professionals-property-services,1,Residential Real Estate Agents,residential-real-estate-agents,43,Rental,Security Deposit Management,rental-security-deposit-management
Professional Services,professional-services,12,Real Estate Professionals & Property Services,real-estate-professionals-property-services,1,Residential Real Estate Agents,residential-real-estate-agents,44,Rental,Property Inspection,rental-property-inspection
Professional Services,professional-services,12,Real Estate Professionals & Property Services,real-estate-professionals-property-services,1,Residential Real Estate Agents,residential-real-estate-agents,45,Rental,Rental Market Analysis,rental-rental-market-analysis
Professional Services,professional-services,12,Real Estate Professionals & Property Services,real-estate-professionals-property-services,1,Residential Real Estate Agents,residential-real-estate-agents,46,Rental,Tenant Screening,rental-tenant-screening
Professional Services,professional-services,12,Real Estate Professionals & Property Services,real-estate-professionals-property-services,3,Listing Agents,listing-agents,,,,
Professional Services,professional-services,12,Real Estate Professionals & Property Services,real-estate-professionals-property-services,4,Dual Agents,dual-agents,,,,
Professional Services,professional-services,12,Real Estate Professionals & Property Services,real-estate-professionals-property-services,5,Single Agency Brokers,single-agency-brokers,,,,
Professional Services,professional-services,12,Real Estate Professionals & Property Services,real-estate-professionals-property-services,6,Exclusive Buyer Agents,exclusive-buyer-agents,,,,
Professional Services,professional-services,12,Real Estate Professionals & Property Services,real-estate-professionals-property-services,7,First-Time Buyer Specialists,first-time-buyer-specialists,1,Buying & Selling,First-Time Buyer,buying-selling-first-time-buyer
Professional Services,professional-services,12,Real Estate Professionals & Property Services,real-estate-professionals-property-services,8,Move-Up Buyer Specialists,move-up-buyer-specialists,,,,
Professional Services,professional-services,12,Real Estate Professionals & Property Services,real-estate-professionals-property-services,9,Downsizing Specialists,downsizing-specialists,,,,
Professional Services,professional-services,12,Real Estate Professionals & Property Services,real-estate-professionals-property-services,10,Empty Nester Specialists,empty-nester-specialists,,,,
Professional Services,professional-services,12,Real Estate Professionals & Property Services,real-estate-professionals-property-services,11,Senior Real Estate Specialists,senior-real-estate-specialists,,,,
Professional Services,professional-services,12,Real Estate Professionals & Property Services,real-estate-professionals-property-services,12,SRS Designation Agents,srs-designation-agents,,,,
Professional Services,professional-services,12,Real Estate Professionals & Property Services,real-estate-professionals-property-services,13,Military Relocation Specialists,military-relocation-specialists,,,,
Professional Services,professional-services,12,Real Estate Professionals & Property Services,real-estate-professionals-property-services,14,Veterans Real Estate Agents,veterans-real-estate-agents,,,,
Professional Services,professional-services,12,Real Estate Professionals & Property Services,real-estate-professionals-property-services,15,Foreign Buyer Specialists,foreign-buyer-specialists,,,,
Professional Services,professional-services,12,Real Estate Professionals & Property Services,real-estate-professionals-property-services,16,International Real Estate Agents,international-real-estate-agents,1,International Business,Foreign Subsidiary,international-business-foreign-subsidiary
Professional Services,professional-services,12,Real Estate Professionals & Property Services,real-estate-professionals-property-services,16,International Real Estate Agents,international-real-estate-agents,2,International Business,Global Payroll,international-business-global-payroll
Professional Services,professional-services,12,Real Estate Professionals & Property Services,real-estate-professionals-property-services,17,Luxury Home Specialists,luxury-home-specialists,,,,
Professional Services,professional-services,12,Real Estate Professionals & Property Services,real-estate-professionals-property-services,18,Million Dollar Listing Agents,million-dollar-listing-agents,,,,
Professional Services,professional-services,12,Real Estate Professionals & Property Services,real-estate-professionals-property-services,19,Estate Home Specialists,estate-home-specialists,1,Inspection,Home Inspection,inspection-home-inspection
Professional Services,professional-services,12,Real Estate Professionals & Property Services,real-estate-professionals-property-services,20,Equestrian Property Specialists,equestrian-property-specialists,1,Property Law,Property Disputes,property-law-property-disputes
Professional Services,professional-services,12,Real Estate Professionals & Property Services,real-estate-professionals-property-services,21,Ranch Property Specialists,ranch-property-specialists,,,,
Professional Services,professional-services,12,Real Estate Professionals & Property Services,real-estate-professionals-property-services,22,Farm Property Specialists,farm-property-specialists,,,,
Professional Services,professional-services,12,Real Estate Professionals & Property Services,real-estate-professionals-property-services,23,Vineyard Property Specialists,vineyard-property-specialists,,,,
Professional Services,professional-services,12,Real Estate Professionals & Property Services,real-estate-professionals-property-services,24,Hobby Farm Specialists,hobby-farm-specialists,,,,
Professional Services,professional-services,12,Real Estate Professionals & Property Services,real-estate-professionals-property-services,25,Waterfront Property Specialists,waterfront-property-specialists,,,,
Professional Services,professional-services,12,Real Estate Professionals & Property Services,real-estate-professionals-property-services,26,Lakefront Specialists,lakefront-specialists,,,,
Professional Services,professional-services,12,Real Estate Professionals & Property Services,real-estate-professionals-property-services,27,Beachfront Specialists,beachfront-specialists,,,,
Professional Services,professional-services,12,Real Estate Professionals & Property Services,real-estate-professionals-property-services,28,Riverfront Specialists,riverfront-specialists,,,,
Professional Services,professional-services,12,Real Estate Professionals & Property Services,real-estate-professionals-property-services,29,Oceanfront Specialists,oceanfront-specialists,,,,
Professional Services,professional-services,12,Real Estate Professionals & Property Services,real-estate-professionals-property-services,30,Ski-In Ski-Out Specialists,ski-in-ski-out-specialists,,,,
Professional Services,professional-services,12,Real Estate Professionals & Property Services,real-estate-professionals-property-services,31,Mountain Property Specialists,mountain-property-specialists,,,,
Professional Services,professional-services,12,Real Estate Professionals & Property Services,real-estate-professionals-property-services,32,Desert Property Specialists,desert-property-specialists,,,,
Professional Services,professional-services,12,Real Estate Professionals & Property Services,real-estate-professionals-property-services,33,Golf Course Property Specialists,golf-course-property-specialists,,,,
Professional Services,professional-services,12,Real Estate Professionals & Property Services,real-estate-professionals-property-services,34,55+ Community Specialists,55-community-specialists,,,,
Professional Services,professional-services,12,Real Estate Professionals & Property Services,real-estate-professionals-property-services,35,Active Adult Community Specialists,active-adult-community-specialists,,,,
Professional Services,professional-services,12,Real Estate Professionals & Property Services,real-estate-professionals-property-services,36,Country Club Specialists,country-club-specialists,,,,
Professional Services,professional-services,12,Real Estate Professionals & Property Services,real-estate-professionals-property-services,37,Gated Community Specialists,gated-community-specialists,,,,
Professional Services,professional-services,12,Real Estate Professionals & Property Services,real-estate-professionals-property-services,38,HOA Community Specialists,hoa-community-specialists,,,,
Professional Services,professional-services,12,Real Estate Professionals & Property Services,real-estate-professionals-property-services,39,Condo Specialists,condo-specialists,,,,
Professional Services,professional-services,12,Real Estate Professionals & Property Services,real-estate-professionals-property-services,40,High-Rise Condo Specialists,high-rise-condo-specialists,,,,
Professional Services,professional-services,12,Real Estate Professionals & Property Services,real-estate-professionals-property-services,41,Townhome Specialists,townhome-specialists,,,,
Professional Services,professional-services,12,Real Estate Professionals & Property Services,real-estate-professionals-property-services,42,Tiny Home Specialists,tiny-home-specialists,,,,
Professional Services,professional-services,12,Real Estate Professionals & Property Services,real-estate-professionals-property-services,43,Manufactured Home Specialists,manufactured-home-specialists,,,,
Professional Services,professional-services,12,Real Estate Professionals & Property Services,real-estate-professionals-property-services,44,Mobile Home Specialists,mobile-home-specialists,,,,
Professional Services,professional-services,12,Real Estate Professionals & Property Services,real-estate-professionals-property-services,45,Pre-Construction Specialists,pre-construction-specialists,,,,
Professional Services,professional-services,12,Real Estate Professionals & Property Services,real-estate-professionals-property-services,46,New Construction Specialists,new-construction-specialists,,,,
Professional Services,professional-services,12,Real Estate Professionals & Property Services,real-estate-professionals-property-services,47,Custom Build Specialists,custom-build-specialists,,,,
Professional Services,professional-services,12,Real Estate Professionals & Property Services,real-estate-professionals-property-services,48,Spec Home Specialists,spec-home-specialists,,,,
Professional Services,professional-services,12,Real Estate Professionals & Property Services,real-estate-professionals-property-services,49,Foreclosure Specialists,foreclosure-specialists,,,,
Professional Services,professional-services,12,Real Estate Professionals & Property Services,real-estate-professionals-property-services,50,REO Specialists,reo-specialists,,,,
Professional Services,professional-services,12,Real Estate Professionals & Property Services,real-estate-professionals-property-services,51,Bank-Owned Property Specialists,bank-owned-property-specialists,,,,
Professional Services,professional-services,12,Real Estate Professionals & Property Services,real-estate-professionals-property-services,52,Short Sale Specialists,short-sale-specialists,,,,
Professional Services,professional-services,12,Real Estate Professionals & Property Services,real-estate-professionals-property-services,53,Probate Real Estate Specialists,probate-real-estate-specialists,,,,
Professional Services,professional-services,12,Real Estate Professionals & Property Services,real-estate-professionals-property-services,54,Estate Sale Real Estate Specialists,estate-sale-real-estate-specialists,,,,
Professional Services,professional-services,12,Real Estate Professionals & Property Services,real-estate-professionals-property-services,55,Divorce Real Estate Specialists,divorce-real-estate-specialists,1,Appraisal,Divorce Appraisal,appraisal-divorce-appraisal
Professional Services,professional-services,12,Real Estate Professionals & Property Services,real-estate-professionals-property-services,56,Real Estate Investors,real-estate-investors,,,,
Professional Services,professional-services,12,Real Estate Professionals & Property Services,real-estate-professionals-property-services,57,Real Estate Wholesalers,real-estate-wholesalers,,,,
Professional Services,professional-services,12,Real Estate Professionals & Property Services,real-estate-professionals-property-services,58,Wholesale Real Estate Brokers,wholesale-real-estate-brokers,,,,
Professional Services,professional-services,12,Real Estate Professionals & Property Services,real-estate-professionals-property-services,59,Fix and Flip Specialists,fix-and-flip-specialists,,,,
Professional Services,professional-services,12,Real Estate Professionals & Property Services,real-estate-professionals-property-services,60,BRRRR Strategy Specialists,brrrr-strategy-specialists,,,,
Professional Services,professional-services,12,Real Estate Professionals & Property Services,real-estate-professionals-property-services,61,Rental Property Specialists,rental-property-specialists,,,,
Professional Services,professional-services,12,Real Estate Professionals & Property Services,real-estate-professionals-property-services,62,Single-Family Rental Specialists,single-family-rental-specialists,,,,
Professional Services,professional-services,12,Real Estate Professionals & Property Services,real-estate-professionals-property-services,63,Multifamily Investment Specialists,multifamily-investment-specialists,1,Specialized Investment,Real Estate Investment,specialized-investment-real-estate-investment
Professional Services,professional-services,12,Real Estate Professionals & Property Services,real-estate-professionals-property-services,63,Multifamily Investment Specialists,multifamily-investment-specialists,2,Specialized Investment,Alternative Investment,specialized-investment-alternative-investment
Professional Services,professional-services,12,Real Estate Professionals & Property Services,real-estate-professionals-property-services,63,Multifamily Investment Specialists,multifamily-investment-specialists,3,Specialized Investment,Private Equity,specialized-investment-private-equity
Professional Services,professional-services,12,Real Estate Professionals & Property Services,real-estate-professionals-property-services,63,Multifamily Investment Specialists,multifamily-investment-specialists,4,Specialized Investment,Angel Investing,specialized-investment-angel-investing
Professional Services,professional-services,12,Real Estate Professionals & Property Services,real-estate-professionals-property-services,63,Multifamily Investment Specialists,multifamily-investment-specialists,5,Specialized Investment,Sustainable Investing,specialized-investment-sustainable-investing
Professional Services,professional-services,12,Real Estate Professionals & Property Services,real-estate-professionals-property-services,64,Apartment Building Brokers,apartment-building-brokers,,,,
Professional Services,professional-services,12,Real Estate Professionals & Property Services,real-estate-professionals-property-services,65,Small Multifamily Specialists,small-multifamily-specialists,,,,
Professional Services,professional-services,12,Real Estate Professionals & Property Services,real-estate-professionals-property-services,66,Mixed-Use Property Brokers,mixed-use-property-brokers,,,,
Professional Services,professional-services,12,Real Estate Professionals & Property Services,real-estate-professionals-property-services,67,Commercial Real Estate Brokers,commercial-real-estate-brokers,1,Commercial Sales,Office Space,commercial-sales-office-space
Professional Services,professional-services,12,Real Estate Professionals & Property Services,real-estate-professionals-property-services,67,Commercial Real Estate Brokers,commercial-real-estate-brokers,2,Commercial Sales,Retail Space,commercial-sales-retail-space
Professional Services,professional-services,12,Real Estate Professionals & Property Services,real-estate-professionals-property-services,67,Commercial Real Estate Brokers,commercial-real-estate-brokers,3,Commercial Sales,Industrial Property,commercial-sales-industrial-property
Professional Services,professional-services,12,Real Estate Professionals & Property Services,real-estate-professionals-property-services,67,Commercial Real Estate Brokers,commercial-real-estate-brokers,4,Commercial Sales,Warehouse,commercial-sales-warehouse
Professional Services,professional-services,12,Real Estate Professionals & Property Services,real-estate-professionals-property-services,67,Commercial Real Estate Brokers,commercial-real-estate-brokers,5,Commercial Sales,Land Sales,commercial-sales-land-sales
Professional Services,professional-services,12,Real Estate Professionals & Property Services,real-estate-professionals-property-services,67,Commercial Real Estate Brokers,commercial-real-estate-brokers,6,Commercial Sales,Multi-Family,commercial-sales-multi-family
Professional Services,professional-services,12,Real Estate Professionals & Property Services,real-estate-professionals-property-services,67,Commercial Real Estate Brokers,commercial-real-estate-brokers,7,Commercial Sales,Mixed-Use,commercial-sales-mixed-use
Professional Services,professional-services,12,Real Estate Professionals & Property Services,real-estate-professionals-property-services,67,Commercial Real Estate Brokers,commercial-real-estate-brokers,8,Commercial Sales,Development Land,commercial-sales-development-land
Professional Services,professional-services,12,Real Estate Professionals & Property Services,real-estate-professionals-property-services,67,Commercial Real Estate Brokers,commercial-real-estate-brokers,9,Commercial Sales,Net Lease,commercial-sales-net-lease
Professional Services,professional-services,12,Real Estate Professionals & Property Services,real-estate-professionals-property-services,67,Commercial Real Estate Brokers,commercial-real-estate-brokers,10,Commercial Sales,Investment Sales,commercial-sales-investment-sales
Professional Services,professional-services,12,Real Estate Professionals & Property Services,real-estate-professionals-property-services,67,Commercial Real Estate Brokers,commercial-real-estate-brokers,11,Commercial Leasing,Office Leasing,commercial-leasing-office-leasing
Professional Services,professional-services,12,Real Estate Professionals & Property Services,real-estate-professionals-property-services,67,Commercial Real Estate Brokers,commercial-real-estate-brokers,12,Commercial Leasing,Retail Leasing,commercial-leasing-retail-leasing
Professional Services,professional-services,12,Real Estate Professionals & Property Services,real-estate-professionals-property-services,67,Commercial Real Estate Brokers,commercial-real-estate-brokers,13,Commercial Leasing,Industrial Leasing,commercial-leasing-industrial-leasing
Professional Services,professional-services,12,Real Estate Professionals & Property Services,real-estate-professionals-property-services,67,Commercial Real Estate Brokers,commercial-real-estate-brokers,14,Commercial Leasing,Flex Space,commercial-leasing-flex-space
Professional Services,professional-services,12,Real Estate Professionals & Property Services,real-estate-professionals-property-services,67,Commercial Real Estate Brokers,commercial-real-estate-brokers,15,Commercial Leasing,Coworking Leasing,commercial-leasing-coworking-leasing
Professional Services,professional-services,12,Real Estate Professionals & Property Services,real-estate-professionals-property-services,67,Commercial Real Estate Brokers,commercial-real-estate-brokers,16,Commercial Leasing,Subleasing,commercial-leasing-subleasing
Professional Services,professional-services,12,Real Estate Professionals & Property Services,real-estate-professionals-property-services,67,Commercial Real Estate Brokers,commercial-real-estate-brokers,17,Commercial Leasing,Lease Negotiation,commercial-leasing-lease-negotiation
Professional Services,professional-services,12,Real Estate Professionals & Property Services,real-estate-professionals-property-services,67,Commercial Real Estate Brokers,commercial-real-estate-brokers,18,Commercial Leasing,Tenant Representation,commercial-leasing-tenant-representation
Professional Services,professional-services,12,Real Estate Professionals & Property Services,real-estate-professionals-property-services,67,Commercial Real Estate Brokers,commercial-real-estate-brokers,19,Commercial Leasing,Landlord Representation,commercial-leasing-landlord-representation
Professional Services,professional-services,12,Real Estate Professionals & Property Services,real-estate-professionals-property-services,67,Commercial Real Estate Brokers,commercial-real-estate-brokers,20,Commercial Leasing,Build-to-Suit,commercial-leasing-build-to-suit
Professional Services,professional-services,12,Real Estate Professionals & Property Services,real-estate-professionals-property-services,67,Commercial Real Estate Brokers,commercial-real-estate-brokers,21,Real Estate Development,Commercial Development,real-estate-development-commercial-development
Professional Services,professional-services,12,Real Estate Professionals & Property Services,real-estate-professionals-property-services,67,Commercial Real Estate Brokers,commercial-real-estate-brokers,22,Appraisal,Commercial Appraisal,appraisal-commercial-appraisal
Professional Services,professional-services,12,Real Estate Professionals & Property Services,real-estate-professionals-property-services,67,Commercial Real Estate Brokers,commercial-real-estate-brokers,23,Mortgage,Commercial Mortgage,mortgage-commercial-mortgage
Professional Services,professional-services,12,Real Estate Professionals & Property Services,real-estate-professionals-property-services,67,Commercial Real Estate Brokers,commercial-real-estate-brokers,24,Inspection,Commercial Inspection,inspection-commercial-inspection
Professional Services,professional-services,12,Real Estate Professionals & Property Services,real-estate-professionals-property-services,68,Office Brokers,office-brokers,1,Office Solutions,Printing & Copying,office-solutions-printing-copying
Professional Services,professional-services,12,Real Estate Professionals & Property Services,real-estate-professionals-property-services,68,Office Brokers,office-brokers,2,Office Solutions,Binding & Laminating,office-solutions-binding-laminating
Professional Services,professional-services,12,Real Estate Professionals & Property Services,real-estate-professionals-property-services,68,Office Brokers,office-brokers,3,Office Solutions,Business Center,office-solutions-business-center
Professional Services,professional-services,12,Real Estate Professionals & Property Services,real-estate-professionals-property-services,68,Office Brokers,office-brokers,4,Office Solutions,Virtual Office,office-solutions-virtual-office
Professional Services,professional-services,12,Real Estate Professionals & Property Services,real-estate-professionals-property-services,68,Office Brokers,office-brokers,5,Office Solutions,Coworking Space,office-solutions-coworking-space
Professional Services,professional-services,12,Real Estate Professionals & Property Services,real-estate-professionals-property-services,68,Office Brokers,office-brokers,6,Office Solutions,Meeting Room Rental,office-solutions-meeting-room-rental
Professional Services,professional-services,12,Real Estate Professionals & Property Services,real-estate-professionals-property-services,68,Office Brokers,office-brokers,7,Office Solutions,Conference Room,office-solutions-conference-room
Professional Services,professional-services,12,Real Estate Professionals & Property Services,real-estate-professionals-property-services,68,Office Brokers,office-brokers,8,Office Technology,Copier Lease,office-technology-copier-lease
Professional Services,professional-services,12,Real Estate Professionals & Property Services,real-estate-professionals-property-services,68,Office Brokers,office-brokers,9,Office Technology,Printer Lease,office-technology-printer-lease
Professional Services,professional-services,12,Real Estate Professionals & Property Services,real-estate-professionals-property-services,68,Office Brokers,office-brokers,10,Office Technology,IT Equipment Lease,office-technology-it-equipment-lease
Professional Services,professional-services,12,Real Estate Professionals & Property Services,real-estate-professionals-property-services,68,Office Brokers,office-brokers,11,Office Technology,Phone System,office-technology-phone-system
Professional Services,professional-services,12,Real Estate Professionals & Property Services,real-estate-professionals-property-services,68,Office Brokers,office-brokers,12,Office Technology,Cable & Wiring,office-technology-cable-wiring
Professional Services,professional-services,12,Real Estate Professionals & Property Services,real-estate-professionals-property-services,68,Office Brokers,office-brokers,13,Office Technology,Network Setup,office-technology-network-setup
Professional Services,professional-services,12,Real Estate Professionals & Property Services,real-estate-professionals-property-services,68,Office Brokers,office-brokers,14,Office Technology,Server Room,office-technology-server-room
Professional Services,professional-services,12,Real Estate Professionals & Property Services,real-estate-professionals-property-services,68,Office Brokers,office-brokers,15,Office Technology,UPS & Backup Power,office-technology-ups-backup-power
Professional Services,professional-services,12,Real Estate Professionals & Property Services,real-estate-professionals-property-services,68,Office Brokers,office-brokers,16,Office Technology,Security System Office,office-technology-security-system-office
Professional Services,professional-services,12,Real Estate Professionals & Property Services,real-estate-professionals-property-services,69,Retail Brokers,retail-brokers,,,,
Professional Services,professional-services,12,Real Estate Professionals & Property Services,real-estate-professionals-property-services,70,Industrial Brokers,industrial-brokers,,,,
Professional Services,professional-services,12,Real Estate Professionals & Property Services,real-estate-professionals-property-services,71,Warehouse Brokers,warehouse-brokers,,,,
Professional Services,professional-services,12,Real Estate Professionals & Property Services,real-estate-professionals-property-services,72,Flex Space Brokers,flex-space-brokers,,,,
Professional Services,professional-services,12,Real Estate Professionals & Property Services,real-estate-professionals-property-services,73,Self-Storage Brokers,self-storage-brokers,,,,
Professional Services,professional-services,12,Real Estate Professionals & Property Services,real-estate-professionals-property-services,74,Hospitality Real Estate Brokers,hospitality-real-estate-brokers,,,,
Professional Services,professional-services,12,Real Estate Professionals & Property Services,real-estate-professionals-property-services,75,Hotel Brokers,hotel-brokers,,,,
Professional Services,professional-services,12,Real Estate Professionals & Property Services,real-estate-professionals-property-services,76,Restaurant Real Estate Brokers,restaurant-real-estate-brokers,,,,
Professional Services,professional-services,12,Real Estate Professionals & Property Services,real-estate-professionals-property-services,77,Gas Station Brokers,gas-station-brokers,,,,
Professional Services,professional-services,12,Real Estate Professionals & Property Services,real-estate-professionals-property-services,78,Car Wash Brokers,car-wash-brokers,,,,
Professional Services,professional-services,12,Real Estate Professionals & Property Services,real-estate-professionals-property-services,79,Daycare Real Estate Brokers,daycare-real-estate-brokers,,,,
Professional Services,professional-services,12,Real Estate Professionals & Property Services,real-estate-professionals-property-services,80,Medical Office Building Brokers,medical-office-building-brokers,,,,
Professional Services,professional-services,12,Real Estate Professionals & Property Services,real-estate-professionals-property-services,81,Senior Housing Brokers,senior-housing-brokers,,,,
Professional Services,professional-services,12,Real Estate Professionals & Property Services,real-estate-professionals-property-services,82,Student Housing Brokers,student-housing-brokers,,,,
Professional Services,professional-services,12,Real Estate Professionals & Property Services,real-estate-professionals-property-services,83,Mobile Home Park Brokers,mobile-home-park-brokers,,,,
Professional Services,professional-services,12,Real Estate Professionals & Property Services,real-estate-professionals-property-services,84,RV Park Brokers,rv-park-brokers,,,,
Professional Services,professional-services,12,Real Estate Professionals & Property Services,real-estate-professionals-property-services,85,Marina Brokers,marina-brokers,,,,
Professional Services,professional-services,12,Real Estate Professionals & Property Services,real-estate-professionals-property-services,86,Land Brokers,land-brokers,,,,
Professional Services,professional-services,12,Real Estate Professionals & Property Services,real-estate-professionals-property-services,87,Raw Land Brokers,raw-land-brokers,,,,
Professional Services,professional-services,12,Real Estate Professionals & Property Services,real-estate-professionals-property-services,88,Development Land Brokers,development-land-brokers,1,Real Estate Development,Land Development,real-estate-development-land-development
Professional Services,professional-services,12,Real Estate Professionals & Property Services,real-estate-professionals-property-services,88,Development Land Brokers,development-land-brokers,2,Real Estate Development,Mixed-Use Development,real-estate-development-mixed-use-development
Professional Services,professional-services,12,Real Estate Professionals & Property Services,real-estate-professionals-property-services,88,Development Land Brokers,development-land-brokers,3,Real Estate Development,Condo Development,real-estate-development-condo-development
Professional Services,professional-services,12,Real Estate Professionals & Property Services,real-estate-professionals-property-services,88,Development Land Brokers,development-land-brokers,4,Real Estate Development,Townhouse Development,real-estate-development-townhouse-development
Professional Services,professional-services,12,Real Estate Professionals & Property Services,real-estate-professionals-property-services,88,Development Land Brokers,development-land-brokers,5,Real Estate Development,Subdivision Planning,real-estate-development-subdivision-planning
Professional Services,professional-services,12,Real Estate Professionals & Property Services,real-estate-professionals-property-services,88,Development Land Brokers,development-land-brokers,6,Real Estate Development,Entitlement Consulting,real-estate-development-entitlement-consulting
Professional Services,professional-services,12,Real Estate Professionals & Property Services,real-estate-professionals-property-services,88,Development Land Brokers,development-land-brokers,7,Real Estate Development,Development Finance,real-estate-development-development-finance
Professional Services,professional-services,12,Real Estate Professionals & Property Services,real-estate-professionals-property-services,88,Development Land Brokers,development-land-brokers,8,Real Estate Development,Project Management RE,real-estate-development-project-management-re
Professional Services,professional-services,12,Real Estate Professionals & Property Services,real-estate-professionals-property-services,89,Agricultural Land Brokers,agricultural-land-brokers,,,,
Professional Services,professional-services,12,Real Estate Professionals & Property Services,real-estate-professionals-property-services,90,Timberland Brokers,timberland-brokers,,,,
Professional Services,professional-services,12,Real Estate Professionals & Property Services,real-estate-professionals-property-services,91,Recreational Land Brokers,recreational-land-brokers,,,,
Professional Services,professional-services,12,Real Estate Professionals & Property Services,real-estate-professionals-property-services,92,Hunting Land Brokers,hunting-land-brokers,,,,
Professional Services,professional-services,12,Real Estate Professionals & Property Services,real-estate-professionals-property-services,93,Fishing Land Brokers,fishing-land-brokers,,,,
Professional Services,professional-services,12,Real Estate Professionals & Property Services,real-estate-professionals-property-services,94,Conservation Land Brokers,conservation-land-brokers,,,,
Professional Services,professional-services,12,Real Estate Professionals & Property Services,real-estate-professionals-property-services,95,Tenant Representation Firms,tenant-representation-firms,,,,
Professional Services,professional-services,12,Real Estate Professionals & Property Services,real-estate-professionals-property-services,96,Landlord Representation Firms,landlord-representation-firms,,,,
Professional Services,professional-services,12,Real Estate Professionals & Property Services,real-estate-professionals-property-services,97,Site Selection Specialists,site-selection-specialists,,,,
Professional Services,professional-services,12,Real Estate Professionals & Property Services,real-estate-professionals-property-services,98,Lease Negotiation Specialists,lease-negotiation-specialists,,,,
Professional Services,professional-services,12,Real Estate Professionals & Property Services,real-estate-professionals-property-services,99,Lease Audit Firms,lease-audit-firms,,,,
Professional Services,professional-services,12,Real Estate Professionals & Property Services,real-estate-professionals-property-services,100,Lease Administration Firms,lease-administration-firms,,,,
Professional Services,professional-services,12,Real Estate Professionals & Property Services,real-estate-professionals-property-services,101,CAM Audit Firms,cam-audit-firms,,,,
Professional Services,professional-services,12,Real Estate Professionals & Property Services,real-estate-professionals-property-services,102,Real Estate Appraisers,real-estate-appraisers,,,,
Professional Services,professional-services,12,Real Estate Professionals & Property Services,real-estate-professionals-property-services,103,Residential Appraisers,residential-appraisers,,,,
Professional Services,professional-services,12,Real Estate Professionals & Property Services,real-estate-professionals-property-services,104,Commercial Appraisers,commercial-appraisers,,,,
Professional Services,professional-services,12,Real Estate Professionals & Property Services,real-estate-professionals-property-services,105,Industrial Appraisers,industrial-appraisers,,,,
Professional Services,professional-services,12,Real Estate Professionals & Property Services,real-estate-professionals-property-services,106,Hotel Appraisers,hotel-appraisers,,,,
Professional Services,professional-services,12,Real Estate Professionals & Property Services,real-estate-professionals-property-services,107,Apartment Appraisers,apartment-appraisers,,,,
Professional Services,professional-services,12,Real Estate Professionals & Property Services,real-estate-professionals-property-services,108,Land Appraisers,land-appraisers,,,,
Professional Services,professional-services,12,Real Estate Professionals & Property Services,real-estate-professionals-property-services,109,Agricultural Appraisers,agricultural-appraisers,,,,
Professional Services,professional-services,12,Real Estate Professionals & Property Services,real-estate-professionals-property-services,110,Special Purpose Property Appraisers,special-purpose-property-appraisers,,,,
Professional Services,professional-services,12,Real Estate Professionals & Property Services,real-estate-professionals-property-services,111,Litigation Appraisers,litigation-appraisers,,,,
Professional Services,professional-services,12,Real Estate Professionals & Property Services,real-estate-professionals-property-services,112,Estate Tax Appraisers,estate-tax-appraisers,,,,
Professional Services,professional-services,12,Real Estate Professionals & Property Services,real-estate-professionals-property-services,113,Divorce Appraisers,divorce-appraisers,,,,
Professional Services,professional-services,12,Real Estate Professionals & Property Services,real-estate-professionals-property-services,114,Insurance Appraisers,insurance-appraisers,,,,
Professional Services,professional-services,12,Real Estate Professionals & Property Services,real-estate-professionals-property-services,115,Property Tax Appraisers,property-tax-appraisers,,,,
Professional Services,professional-services,12,Real Estate Professionals & Property Services,real-estate-professionals-property-services,116,Personal Property Appraisers,personal-property-appraisers,,,,
Professional Services,professional-services,12,Real Estate Professionals & Property Services,real-estate-professionals-property-services,117,Equipment Appraisers,equipment-appraisers,1,Appraisal Services,Equipment Appraisal,appraisal-services-equipment-appraisal
Professional Services,professional-services,12,Real Estate Professionals & Property Services,real-estate-professionals-property-services,118,Business Valuation Appraisers,business-valuation-appraisers,1,Appraisal Services,Business Valuation,appraisal-services-business-valuation
Professional Services,professional-services,12,Real Estate Professionals & Property Services,real-estate-professionals-property-services,118,Business Valuation Appraisers,business-valuation-appraisers,2,Company Setup,Business License,company-setup-business-license
Professional Services,professional-services,12,Real Estate Professionals & Property Services,real-estate-professionals-property-services,119,Machinery and Equipment Appraisers,machinery-and-equipment-appraisers,1,Appraisal Services,Machinery Appraisal,appraisal-services-machinery-appraisal
Professional Services,professional-services,12,Real Estate Professionals & Property Services,real-estate-professionals-property-services,120,Art Appraisers,art-appraisers,1,Appraisal Services,Art Appraisal,appraisal-services-art-appraisal
Professional Services,professional-services,12,Real Estate Professionals & Property Services,real-estate-professionals-property-services,121,Jewelry Appraisers,jewelry-appraisers,1,Appraisal Services,Jewelry Appraisal,appraisal-services-jewelry-appraisal
Professional Services,professional-services,12,Real Estate Professionals & Property Services,real-estate-professionals-property-services,122,Antique Appraisers,antique-appraisers,1,Appraisal Services,Antique Appraisal,appraisal-services-antique-appraisal
Professional Services,professional-services,12,Real Estate Professionals & Property Services,real-estate-professionals-property-services,123,Collectibles Appraisers,collectibles-appraisers,,,,
Professional Services,professional-services,12,Real Estate Professionals & Property Services,real-estate-professionals-property-services,124,Wine Collection Appraisers,wine-collection-appraisers,,,,
Professional Services,professional-services,12,Real Estate Professionals & Property Services,real-estate-professionals-property-services,125,Watch Appraisers,watch-appraisers,,,,
Professional Services,professional-services,12,Real Estate Professionals & Property Services,real-estate-professionals-property-services,126,Real Estate Inspectors,real-estate-inspectors,,,,
Professional Services,professional-services,12,Real Estate Professionals & Property Services,real-estate-professionals-property-services,127,Home Inspectors,home-inspectors,,,,
Professional Services,professional-services,12,Real Estate Professionals & Property Services,real-estate-professionals-property-services,128,Pre-Listing Inspectors,pre-listing-inspectors,,,,
Professional Services,professional-services,12,Real Estate Professionals & Property Services,real-estate-professionals-property-services,129,Pre-Purchase Inspectors,pre-purchase-inspectors,,,,
Professional Services,professional-services,12,Real Estate Professionals & Property Services,real-estate-professionals-property-services,130,New Construction Inspectors,new-construction-inspectors,,,,
Professional Services,professional-services,12,Real Estate Professionals & Property Services,real-estate-professionals-property-services,131,Phase Inspectors,phase-inspectors,,,,
Professional Services,professional-services,12,Real Estate Professionals & Property Services,real-estate-professionals-property-services,132,Pre-Drywall Inspectors,pre-drywall-inspectors,,,,
Professional Services,professional-services,12,Real Estate Professionals & Property Services,real-estate-professionals-property-services,133,Final Walkthrough Inspectors,final-walkthrough-inspectors,,,,
Professional Services,professional-services,12,Real Estate Professionals & Property Services,real-estate-professionals-property-services,134,Builder Warranty Inspectors,builder-warranty-inspectors,,,,
Professional Services,professional-services,12,Real Estate Professionals & Property Services,real-estate-professionals-property-services,135,11 Month Warranty Inspectors,11-month-warranty-inspectors,,,,
Professional Services,professional-services,12,Real Estate Professionals & Property Services,real-estate-professionals-property-services,136,Mold Inspectors,mold-inspectors,,,,
Professional Services,professional-services,12,Real Estate Professionals & Property Services,real-estate-professionals-property-services,137,Lead Paint Inspectors,lead-paint-inspectors,,,,
Professional Services,professional-services,12,Real Estate Professionals & Property Services,real-estate-professionals-property-services,138,Asbestos Inspectors,asbestos-inspectors,,,,
Professional Services,professional-services,12,Real Estate Professionals & Property Services,real-estate-professionals-property-services,139,Radon Inspectors,radon-inspectors,,,,
Professional Services,professional-services,12,Real Estate Professionals & Property Services,real-estate-professionals-property-services,140,Termite Inspectors,real-estate-professionals-property-services-termite-inspectors,,,,
Professional Services,professional-services,12,Real Estate Professionals & Property Services,real-estate-professionals-property-services,141,WDI Inspectors,wdi-inspectors,,,,
Professional Services,professional-services,12,Real Estate Professionals & Property Services,real-estate-professionals-property-services,142,Septic Inspectors,septic-inspectors,,,,
Professional Services,professional-services,12,Real Estate Professionals & Property Services,real-estate-professionals-property-services,143,Well Water Inspectors,well-water-inspectors,,,,
Professional Services,professional-services,12,Real Estate Professionals & Property Services,real-estate-professionals-property-services,144,Sewer Scope Inspectors,sewer-scope-inspectors,,,,
Professional Services,professional-services,12,Real Estate Professionals & Property Services,real-estate-professionals-property-services,145,Pool Inspectors,pool-inspectors,,,,
Professional Services,professional-services,12,Real Estate Professionals & Property Services,real-estate-professionals-property-services,146,Spa Inspectors,spa-inspectors,,,,
Professional Services,professional-services,12,Real Estate Professionals & Property Services,real-estate-professionals-property-services,147,Roof Inspectors,roof-inspectors,,,,
Professional Services,professional-services,12,Real Estate Professionals & Property Services,real-estate-professionals-property-services,148,Chimney Inspectors,chimney-inspectors,,,,
Professional Services,professional-services,12,Real Estate Professionals & Property Services,real-estate-professionals-property-services,149,Foundation Inspectors,foundation-inspectors,,,,
Professional Services,professional-services,12,Real Estate Professionals & Property Services,real-estate-professionals-property-services,150,Crawl Space Inspectors,crawl-space-inspectors,,,,
Professional Services,professional-services,12,Real Estate Professionals & Property Services,real-estate-professionals-property-services,151,Attic Inspectors,attic-inspectors,,,,
Professional Services,professional-services,12,Real Estate Professionals & Property Services,real-estate-professionals-property-services,152,Energy Audit Inspectors,energy-audit-inspectors,,,,
Professional Services,professional-services,12,Real Estate Professionals & Property Services,real-estate-professionals-property-services,153,Infrared Thermal Inspectors,infrared-thermal-inspectors,,,,
Professional Services,professional-services,12,Real Estate Professionals & Property Services,real-estate-professionals-property-services,154,Drone Roof Inspectors,drone-roof-inspectors,,,,
Professional Services,professional-services,12,Real Estate Professionals & Property Services,real-estate-professionals-property-services,155,Stucco Inspectors,stucco-inspectors,,,,
Professional Services,professional-services,12,Real Estate Professionals & Property Services,real-estate-professionals-property-services,156,EIFS Inspectors,eifs-inspectors,,,,
Professional Services,professional-services,12,Real Estate Professionals & Property Services,real-estate-professionals-property-services,157,Pool & Spa Inspectors,pool-spa-inspectors,,,,
Professional Services,professional-services,12,Real Estate Professionals & Property Services,real-estate-professionals-property-services,158,Commercial Property Inspectors,commercial-property-inspectors,1,Commercial Insurance,Commercial Property,commercial-insurance-commercial-property
Professional Services,professional-services,12,Real Estate Professionals & Property Services,real-estate-professionals-property-services,159,Property Condition Assessors,property-condition-assessors,,,,
Professional Services,professional-services,12,Real Estate Professionals & Property Services,real-estate-professionals-property-services,160,PCA Providers,pca-providers,,,,
Professional Services,professional-services,12,Real Estate Professionals & Property Services,real-estate-professionals-property-services,161,Phase I ESA Providers,phase-i-esa-providers,,,,
Professional Services,professional-services,12,Real Estate Professionals & Property Services,real-estate-professionals-property-services,162,Phase II ESA Providers,phase-ii-esa-providers,,,,
Professional Services,professional-services,12,Real Estate Professionals & Property Services,real-estate-professionals-property-services,163,Environmental Site Assessors,environmental-site-assessors,,,,
Professional Services,professional-services,12,Real Estate Professionals & Property Services,real-estate-professionals-property-services,164,Title Companies,title-companies,1,Company Setup,Corporation Formation,company-setup-corporation-formation
Professional Services,professional-services,12,Real Estate Professionals & Property Services,real-estate-professionals-property-services,164,Title Companies,title-companies,2,Company Setup,S-Corp Election,company-setup-s-corp-election
Professional Services,professional-services,12,Real Estate Professionals & Property Services,real-estate-professionals-property-services,164,Title Companies,title-companies,3,Company Setup,Partnership Formation,company-setup-partnership-formation
Professional Services,professional-services,12,Real Estate Professionals & Property Services,real-estate-professionals-property-services,164,Title Companies,title-companies,4,Company Setup,Sole Proprietorship,company-setup-sole-proprietorship
Professional Services,professional-services,12,Real Estate Professionals & Property Services,real-estate-professionals-property-services,164,Title Companies,title-companies,5,Company Setup,DBA Registration,company-setup-dba-registration
Professional Services,professional-services,12,Real Estate Professionals & Property Services,real-estate-professionals-property-services,164,Title Companies,title-companies,6,Company Setup,EIN Application,company-setup-ein-application
Professional Services,professional-services,12,Real Estate Professionals & Property Services,real-estate-professionals-property-services,164,Title Companies,title-companies,7,Company Setup,Permit Application,company-setup-permit-application
Professional Services,professional-services,12,Real Estate Professionals & Property Services,real-estate-professionals-property-services,164,Title Companies,title-companies,8,Company Setup,Operating Agreement,company-setup-operating-agreement
Professional Services,professional-services,12,Real Estate Professionals & Property Services,real-estate-professionals-property-services,165,Title Insurance Agents,title-insurance-agents,1,Title & Escrow,Title Insurance,title-escrow-title-insurance
Professional Services,professional-services,12,Real Estate Professionals & Property Services,real-estate-professionals-property-services,166,Title Search Services,title-search-services,1,Property Law,Title Search,property-law-title-search
Professional Services,professional-services,12,Real Estate Professionals & Property Services,real-estate-professionals-property-services,166,Title Search Services,title-search-services,2,Title & Escrow,Title Search,title-escrow-title-search
Professional Services,professional-services,12,Real Estate Professionals & Property Services,real-estate-professionals-property-services,166,Title Search Services,title-search-services,3,Title & Escrow,Escrow Services,title-escrow-escrow-services
Professional Services,professional-services,12,Real Estate Professionals & Property Services,real-estate-professionals-property-services,166,Title Search Services,title-search-services,4,Title & Escrow,Title Examination,title-escrow-title-examination
Professional Services,professional-services,12,Real Estate Professionals & Property Services,real-estate-professionals-property-services,166,Title Search Services,title-search-services,5,Title & Escrow,Lien Search,title-escrow-lien-search
Professional Services,professional-services,12,Real Estate Professionals & Property Services,real-estate-professionals-property-services,166,Title Search Services,title-search-services,6,Title & Escrow,Title Clearing,title-escrow-title-clearing
Professional Services,professional-services,12,Real Estate Professionals & Property Services,real-estate-professionals-property-services,166,Title Search Services,title-search-services,7,Title & Escrow,Deed Preparation,title-escrow-deed-preparation
Professional Services,professional-services,12,Real Estate Professionals & Property Services,real-estate-professionals-property-services,166,Title Search Services,title-search-services,8,Title & Escrow,Closing Coordination,title-escrow-closing-coordination
Professional Services,professional-services,12,Real Estate Professionals & Property Services,real-estate-professionals-property-services,167,Abstract Services,abstract-services,,,,
Professional Services,professional-services,12,Real Estate Professionals & Property Services,real-estate-professionals-property-services,168,Escrow Companies,escrow-companies,,,,
Professional Services,professional-services,12,Real Estate Professionals & Property Services,real-estate-professionals-property-services,169,Escrow Officers,escrow-officers,,,,
Professional Services,professional-services,12,Real Estate Professionals & Property Services,real-estate-professionals-property-services,170,Mobile Notaries for Closings,mobile-notaries-for-closings,,,,
Professional Services,professional-services,12,Real Estate Professionals & Property Services,real-estate-professionals-property-services,171,Loan Signing Agents,loan-signing-agents,,,,
Professional Services,professional-services,12,Real Estate Professionals & Property Services,real-estate-professionals-property-services,172,Closing Coordinators,closing-coordinators,,,,
Professional Services,professional-services,12,Real Estate Professionals & Property Services,real-estate-professionals-property-services,173,Transaction Coordinators,transaction-coordinators,,,,
Professional Services,professional-services,12,Real Estate Professionals & Property Services,real-estate-professionals-property-services,174,Real Estate Photographers,real-estate-professionals-property-services-real-estate-photographers,,,,
Professional Services,professional-services,12,Real Estate Professionals & Property Services,real-estate-professionals-property-services,175,Aerial Real Estate Photographers,real-estate-professionals-property-services-aerial-real-estate-photographers,,,,
Professional Services,professional-services,12,Real Estate Professionals & Property Services,real-estate-professionals-property-services,176,Drone Real Estate Photographers,drone-real-estate-photographers,,,,
Professional Services,professional-services,12,Real Estate Professionals & Property Services,real-estate-professionals-property-services,177,3D Tour Photographers,real-estate-professionals-property-services-3d-tour-photographers,,,,
Professional Services,professional-services,12,Real Estate Professionals & Property Services,real-estate-professionals-property-services,178,Matterport Service Providers,matterport-service-providers,,,,
Professional Services,professional-services,12,Real Estate Professionals & Property Services,real-estate-professionals-property-services,179,Virtual Staging Services,real-estate-professionals-property-services-virtual-staging-services,,,,
Professional Services,professional-services,12,Real Estate Professionals & Property Services,real-estate-professionals-property-services,180,Real Estate Videographers,real-estate-professionals-property-services-real-estate-videographers,,,,
Professional Services,professional-services,12,Real Estate Professionals & Property Services,real-estate-professionals-property-services,181,Real Estate Copywriters,real-estate-copywriters,,,,
Professional Services,professional-services,12,Real Estate Professionals & Property Services,real-estate-professionals-property-services,182,Property Stagers,property-stagers,,,,
Professional Services,professional-services,12,Real Estate Professionals & Property Services,real-estate-professionals-property-services,183,Home Stagers,home-stagers,,,,
Professional Services,professional-services,12,Real Estate Professionals & Property Services,real-estate-professionals-property-services,184,Vacant Home Stagers,vacant-home-stagers,,,,
Professional Services,professional-services,12,Real Estate Professionals & Property Services,real-estate-professionals-property-services,185,Occupied Home Stagers,occupied-home-stagers,,,,
Professional Services,professional-services,12,Real Estate Professionals & Property Services,real-estate-professionals-property-services,186,Luxury Home Stagers,luxury-home-stagers,,,,
Professional Services,professional-services,12,Real Estate Professionals & Property Services,real-estate-professionals-property-services,187,Property Managers,property-managers,,,,
Professional Services,professional-services,12,Real Estate Professionals & Property Services,real-estate-professionals-property-services,188,Single-Family Property Managers,single-family-property-managers,,,,
Professional Services,professional-services,12,Real Estate Professionals & Property Services,real-estate-professionals-property-services,189,Multifamily Property Managers,multifamily-property-managers,,,,
Professional Services,professional-services,12,Real Estate Professionals & Property Services,real-estate-professionals-property-services,190,Vacation Rental Managers,vacation-rental-managers,,,,
Professional Services,professional-services,12,Real Estate Professionals & Property Services,real-estate-professionals-property-services,191,Airbnb Co-Hosts,airbnb-co-hosts,,,,
Professional Services,professional-services,12,Real Estate Professionals & Property Services,real-estate-professionals-property-services,192,Short-Term Rental Managers,short-term-rental-managers,,,,
Professional Services,professional-services,12,Real Estate Professionals & Property Services,real-estate-professionals-property-services,193,HOA Property Managers,hoa-property-managers,1,Property Law,HOA Disputes,property-law-hoa-disputes
Professional Services,professional-services,12,Real Estate Professionals & Property Services,real-estate-professionals-property-services,194,Condo Association Managers,condo-association-managers,,,,
Professional Services,professional-services,12,Real Estate Professionals & Property Services,real-estate-professionals-property-services,195,Commercial Property Managers,commercial-property-managers,1,Office Cleaning,Daily Office Cleaning,office-cleaning-daily-office-cleaning
Professional Services,professional-services,12,Real Estate Professionals & Property Services,real-estate-professionals-property-services,195,Commercial Property Managers,commercial-property-managers,2,Office Cleaning,Weekly Office Cleaning,office-cleaning-weekly-office-cleaning
Professional Services,professional-services,12,Real Estate Professionals & Property Services,real-estate-professionals-property-services,195,Commercial Property Managers,commercial-property-managers,3,Office Cleaning,Cubicle Cleaning,office-cleaning-cubicle-cleaning
Professional Services,professional-services,12,Real Estate Professionals & Property Services,real-estate-professionals-property-services,195,Commercial Property Managers,commercial-property-managers,4,Office Cleaning,Conference Room Cleaning,office-cleaning-conference-room-cleaning
Professional Services,professional-services,12,Real Estate Professionals & Property Services,real-estate-professionals-property-services,195,Commercial Property Managers,commercial-property-managers,5,Office Cleaning,Reception Cleaning,office-cleaning-reception-cleaning
Professional Services,professional-services,12,Real Estate Professionals & Property Services,real-estate-professionals-property-services,195,Commercial Property Managers,commercial-property-managers,6,Office Cleaning,Kitchen/Break Room,office-cleaning-kitchen-break-room
Professional Services,professional-services,12,Real Estate Professionals & Property Services,real-estate-professionals-property-services,195,Commercial Property Managers,commercial-property-managers,7,Office Cleaning,Restroom Sanitation,office-cleaning-restroom-sanitation
Professional Services,professional-services,12,Real Estate Professionals & Property Services,real-estate-professionals-property-services,195,Commercial Property Managers,commercial-property-managers,8,Office Cleaning,Trash Removal,office-cleaning-trash-removal
Professional Services,professional-services,12,Real Estate Professionals & Property Services,real-estate-professionals-property-services,195,Commercial Property Managers,commercial-property-managers,9,Office Cleaning,Floor Care,office-cleaning-floor-care
Professional Services,professional-services,12,Real Estate Professionals & Property Services,real-estate-professionals-property-services,195,Commercial Property Managers,commercial-property-managers,10,Office Cleaning,Window Cleaning,office-cleaning-window-cleaning
Professional Services,professional-services,12,Real Estate Professionals & Property Services,real-estate-professionals-property-services,195,Commercial Property Managers,commercial-property-managers,11,Specialty Cleaning,Medical Facility Cleaning,specialty-cleaning-medical-facility-cleaning
Professional Services,professional-services,12,Real Estate Professionals & Property Services,real-estate-professionals-property-services,195,Commercial Property Managers,commercial-property-managers,12,Specialty Cleaning,Laboratory Cleaning,specialty-cleaning-laboratory-cleaning
Professional Services,professional-services,12,Real Estate Professionals & Property Services,real-estate-professionals-property-services,195,Commercial Property Managers,commercial-property-managers,13,Specialty Cleaning,Cleanroom Maintenance,specialty-cleaning-cleanroom-maintenance
Professional Services,professional-services,12,Real Estate Professionals & Property Services,real-estate-professionals-property-services,195,Commercial Property Managers,commercial-property-managers,14,Specialty Cleaning,Data Center Cleaning,specialty-cleaning-data-center-cleaning
Professional Services,professional-services,12,Real Estate Professionals & Property Services,real-estate-professionals-property-services,195,Commercial Property Managers,commercial-property-managers,15,Specialty Cleaning,Warehouse Cleaning,specialty-cleaning-warehouse-cleaning
Professional Services,professional-services,12,Real Estate Professionals & Property Services,real-estate-professionals-property-services,195,Commercial Property Managers,commercial-property-managers,16,Specialty Cleaning,Industrial Cleaning,specialty-cleaning-industrial-cleaning
Professional Services,professional-services,12,Real Estate Professionals & Property Services,real-estate-professionals-property-services,195,Commercial Property Managers,commercial-property-managers,17,Specialty Cleaning,Food Processing Cleaning,specialty-cleaning-food-processing-cleaning
Professional Services,professional-services,12,Real Estate Professionals & Property Services,real-estate-professionals-property-services,195,Commercial Property Managers,commercial-property-managers,18,Specialty Cleaning,Pharmaceutical Cleaning,specialty-cleaning-pharmaceutical-cleaning
Professional Services,professional-services,12,Real Estate Professionals & Property Services,real-estate-professionals-property-services,195,Commercial Property Managers,commercial-property-managers,19,Specialty Cleaning,Gym Cleaning,specialty-cleaning-gym-cleaning
Professional Services,professional-services,12,Real Estate Professionals & Property Services,real-estate-professionals-property-services,195,Commercial Property Managers,commercial-property-managers,20,Specialty Cleaning,School Cleaning,specialty-cleaning-school-cleaning
Professional Services,professional-services,12,Real Estate Professionals & Property Services,real-estate-professionals-property-services,195,Commercial Property Managers,commercial-property-managers,21,Building Exterior,Pressure Washing Commercial,building-exterior-pressure-washing-commercial
Professional Services,professional-services,12,Real Estate Professionals & Property Services,real-estate-professionals-property-services,195,Commercial Property Managers,commercial-property-managers,22,Building Exterior,Window Cleaning Commercial,building-exterior-window-cleaning-commercial
Professional Services,professional-services,12,Real Estate Professionals & Property Services,real-estate-professionals-property-services,195,Commercial Property Managers,commercial-property-managers,23,Building Exterior,Graffiti Removal,building-exterior-graffiti-removal
Professional Services,professional-services,12,Real Estate Professionals & Property Services,real-estate-professionals-property-services,195,Commercial Property Managers,commercial-property-managers,24,Building Exterior,Awning Cleaning,building-exterior-awning-cleaning
Professional Services,professional-services,12,Real Estate Professionals & Property Services,real-estate-professionals-property-services,195,Commercial Property Managers,commercial-property-managers,25,Building Exterior,Parking Lot Sweeping,building-exterior-parking-lot-sweeping
Professional Services,professional-services,12,Real Estate Professionals & Property Services,real-estate-professionals-property-services,195,Commercial Property Managers,commercial-property-managers,26,Building Exterior,Parking Lot Striping,building-exterior-parking-lot-striping
Professional Services,professional-services,12,Real Estate Professionals & Property Services,real-estate-professionals-property-services,195,Commercial Property Managers,commercial-property-managers,27,Building Exterior,Snow Plowing,building-exterior-snow-plowing
Professional Services,professional-services,12,Real Estate Professionals & Property Services,real-estate-professionals-property-services,195,Commercial Property Managers,commercial-property-managers,28,Building Exterior,Ice Management,building-exterior-ice-management
Professional Services,professional-services,12,Real Estate Professionals & Property Services,real-estate-professionals-property-services,195,Commercial Property Managers,commercial-property-managers,29,Building Exterior,Roof Cleaning,building-exterior-roof-cleaning
Professional Services,professional-services,12,Real Estate Professionals & Property Services,real-estate-professionals-property-services,195,Commercial Property Managers,commercial-property-managers,30,Building Exterior,Facade Cleaning,building-exterior-facade-cleaning
Professional Services,professional-services,12,Real Estate Professionals & Property Services,real-estate-professionals-property-services,195,Commercial Property Managers,commercial-property-managers,31,Grounds Maintenance,Commercial Landscaping,grounds-maintenance-commercial-landscaping
Professional Services,professional-services,12,Real Estate Professionals & Property Services,real-estate-professionals-property-services,195,Commercial Property Managers,commercial-property-managers,32,Grounds Maintenance,HOA Landscaping,grounds-maintenance-hoa-landscaping
Professional Services,professional-services,12,Real Estate Professionals & Property Services,real-estate-professionals-property-services,195,Commercial Property Managers,commercial-property-managers,33,Grounds Maintenance,Property Grounds,grounds-maintenance-property-grounds
Professional Services,professional-services,12,Real Estate Professionals & Property Services,real-estate-professionals-property-services,195,Commercial Property Managers,commercial-property-managers,34,Grounds Maintenance,Athletic Field,grounds-maintenance-athletic-field
Professional Services,professional-services,12,Real Estate Professionals & Property Services,real-estate-professionals-property-services,195,Commercial Property Managers,commercial-property-managers,35,Grounds Maintenance,Golf Course Maintenance,grounds-maintenance-golf-course-maintenance
Professional Services,professional-services,12,Real Estate Professionals & Property Services,real-estate-professionals-property-services,195,Commercial Property Managers,commercial-property-managers,36,Grounds Maintenance,Cemetery Maintenance,grounds-maintenance-cemetery-maintenance
Professional Services,professional-services,12,Real Estate Professionals & Property Services,real-estate-professionals-property-services,195,Commercial Property Managers,commercial-property-managers,37,Grounds Maintenance,Park Maintenance,grounds-maintenance-park-maintenance
Professional Services,professional-services,12,Real Estate Professionals & Property Services,real-estate-professionals-property-services,195,Commercial Property Managers,commercial-property-managers,38,Grounds Maintenance,Trail Maintenance,grounds-maintenance-trail-maintenance
Professional Services,professional-services,12,Real Estate Professionals & Property Services,real-estate-professionals-property-services,195,Commercial Property Managers,commercial-property-managers,39,Grounds Maintenance,Irrigation Commercial,grounds-maintenance-irrigation-commercial
Professional Services,professional-services,12,Real Estate Professionals & Property Services,real-estate-professionals-property-services,195,Commercial Property Managers,commercial-property-managers,40,Grounds Maintenance,Tree Service Commercial,grounds-maintenance-tree-service-commercial
Professional Services,professional-services,12,Real Estate Professionals & Property Services,real-estate-professionals-property-services,195,Commercial Property Managers,commercial-property-managers,41,Janitorial Services,Day Porter,janitorial-services-day-porter
Professional Services,professional-services,12,Real Estate Professionals & Property Services,real-estate-professionals-property-services,195,Commercial Property Managers,commercial-property-managers,42,Janitorial Services,Night Janitor,janitorial-services-night-janitor
Professional Services,professional-services,12,Real Estate Professionals & Property Services,real-estate-professionals-property-services,195,Commercial Property Managers,commercial-property-managers,43,Janitorial Services,Floor Stripping,janitorial-services-floor-stripping
Professional Services,professional-services,12,Real Estate Professionals & Property Services,real-estate-professionals-property-services,195,Commercial Property Managers,commercial-property-managers,44,Janitorial Services,Floor Waxing,janitorial-services-floor-waxing
Professional Services,professional-services,12,Real Estate Professionals & Property Services,real-estate-professionals-property-services,195,Commercial Property Managers,commercial-property-managers,45,Janitorial Services,Carpet Shampooing,janitorial-services-carpet-shampooing
Professional Services,professional-services,12,Real Estate Professionals & Property Services,real-estate-professionals-property-services,195,Commercial Property Managers,commercial-property-managers,46,Janitorial Services,High-Rise Window,janitorial-services-high-rise-window
Professional Services,professional-services,12,Real Estate Professionals & Property Services,real-estate-professionals-property-services,195,Commercial Property Managers,commercial-property-managers,47,Janitorial Services,Parking Garage Cleaning,janitorial-services-parking-garage-cleaning
Professional Services,professional-services,12,Real Estate Professionals & Property Services,real-estate-professionals-property-services,195,Commercial Property Managers,commercial-property-managers,48,Janitorial Services,Elevator Cleaning,janitorial-services-elevator-cleaning
Professional Services,professional-services,12,Real Estate Professionals & Property Services,real-estate-professionals-property-services,195,Commercial Property Managers,commercial-property-managers,49,Janitorial Services,Escalator Cleaning,janitorial-services-escalator-cleaning
Professional Services,professional-services,12,Real Estate Professionals & Property Services,real-estate-professionals-property-services,195,Commercial Property Managers,commercial-property-managers,50,Janitorial Services,Light Fixture Cleaning,janitorial-services-light-fixture-cleaning
Professional Services,professional-services,12,Real Estate Professionals & Property Services,real-estate-professionals-property-services,196,Office Building Managers,office-building-managers,,,,
Professional Services,professional-services,12,Real Estate Professionals & Property Services,real-estate-professionals-property-services,197,Shopping Center Managers,shopping-center-managers,,,,
Professional Services,professional-services,12,Real Estate Professionals & Property Services,real-estate-professionals-property-services,198,Industrial Property Managers,industrial-property-managers,,,,
Professional Services,professional-services,12,Real Estate Professionals & Property Services,real-estate-professionals-property-services,199,Self-Storage Managers,self-storage-managers,,,,
Professional Services,professional-services,12,Real Estate Professionals & Property Services,real-estate-professionals-property-services,200,Mobile Home Park Managers,mobile-home-park-managers,,,,
Professional Services,professional-services,12,Real Estate Professionals & Property Services,real-estate-professionals-property-services,201,Senior Housing Managers,senior-housing-managers,,,,
Professional Services,professional-services,12,Real Estate Professionals & Property Services,real-estate-professionals-property-services,202,Mortgage Originators,mortgage-originators,1,Mortgage Services,Mortgage Broker Service,mortgage-services-mortgage-broker-service
Professional Services,professional-services,12,Real Estate Professionals & Property Services,real-estate-professionals-property-services,202,Mortgage Originators,mortgage-originators,2,Mortgage Services,Mortgage Refinancing,mortgage-services-mortgage-refinancing
Professional Services,professional-services,12,Real Estate Professionals & Property Services,real-estate-professionals-property-services,202,Mortgage Originators,mortgage-originators,3,Mortgage Services,Jumbo Mortgage,mortgage-services-jumbo-mortgage
Professional Services,professional-services,12,Real Estate Professionals & Property Services,real-estate-professionals-property-services,202,Mortgage Originators,mortgage-originators,4,Mortgage Services,FHA Mortgage,mortgage-services-fha-mortgage
Professional Services,professional-services,12,Real Estate Professionals & Property Services,real-estate-professionals-property-services,202,Mortgage Originators,mortgage-originators,5,Mortgage Services,VA Mortgage,mortgage-services-va-mortgage
Professional Services,professional-services,12,Real Estate Professionals & Property Services,real-estate-professionals-property-services,202,Mortgage Originators,mortgage-originators,6,Mortgage Services,USDA Mortgage,mortgage-services-usda-mortgage
Professional Services,professional-services,12,Real Estate Professionals & Property Services,real-estate-professionals-property-services,202,Mortgage Originators,mortgage-originators,7,Mortgage Services,Construction Mortgage,mortgage-services-construction-mortgage
Professional Services,professional-services,12,Real Estate Professionals & Property Services,real-estate-professionals-property-services,202,Mortgage Originators,mortgage-originators,8,Mortgage Services,Investment Property Mortgage,mortgage-services-investment-property-mortgage
Professional Services,professional-services,12,Real Estate Professionals & Property Services,real-estate-professionals-property-services,202,Mortgage Originators,mortgage-originators,9,Mortgage,Mortgage Broker,mortgage-mortgage-broker
Professional Services,professional-services,12,Real Estate Professionals & Property Services,real-estate-professionals-property-services,202,Mortgage Originators,mortgage-originators,10,Mortgage,Mortgage Lender,mortgage-mortgage-lender
Professional Services,professional-services,12,Real Estate Professionals & Property Services,real-estate-professionals-property-services,203,Mortgage Loan Officers,real-estate-professionals-property-services-mortgage-loan-officers,,,,
Professional Services,professional-services,12,Real Estate Professionals & Property Services,real-estate-professionals-property-services,204,Reverse Mortgage Originators,reverse-mortgage-originators,1,Mortgage Services,Reverse Mortgage Service,mortgage-services-reverse-mortgage-service
Professional Services,professional-services,12,Real Estate Professionals & Property Services,real-estate-professionals-property-services,204,Reverse Mortgage Originators,reverse-mortgage-originators,2,Mortgage,Reverse Mortgage,mortgage-reverse-mortgage
Professional Services,professional-services,12,Real Estate Professionals & Property Services,real-estate-professionals-property-services,205,FHA Loan Officers,fha-loan-officers,,,,
Professional Services,professional-services,12,Real Estate Professionals & Property Services,real-estate-professionals-property-services,206,VA Loan Officers,va-loan-officers,,,,
Professional Services,professional-services,12,Real Estate Professionals & Property Services,real-estate-professionals-property-services,207,USDA Loan Officers,usda-loan-officers,,,,
Professional Services,professional-services,12,Real Estate Professionals & Property Services,real-estate-professionals-property-services,208,Jumbo Loan Officers,jumbo-loan-officers,,,,
Professional Services,professional-services,12,Real Estate Professionals & Property Services,real-estate-professionals-property-services,209,Bank Statement Loan Officers,bank-statement-loan-officers,,,,
Professional Services,professional-services,12,Real Estate Professionals & Property Services,real-estate-professionals-property-services,210,Foreign National Loan Officers,foreign-national-loan-officers,,,,
Professional Services,professional-services,12,Real Estate Professionals & Property Services,real-estate-professionals-property-services,211,Construction Loan Officers,construction-loan-officers,,,,
Professional Services,professional-services,12,Real Estate Professionals & Property Services,real-estate-professionals-property-services,212,Hard Money Loan Officers,hard-money-loan-officers,,,,
Professional Services,professional-services,12,Real Estate Professionals & Property Services,real-estate-professionals-property-services,213,Private Money Loan Officers,private-money-loan-officers,,,,
Professional Services,professional-services,12,Real Estate Professionals & Property Services,real-estate-professionals-property-services,214,Real Estate Attorneys for Closings,real-estate-attorneys-for-closings,1,Title & Escrow,Closing Attorney,title-escrow-closing-attorney
Professional Services,professional-services,12,Real Estate Professionals & Property Services,real-estate-professionals-property-services,215,Real Estate Tax Strategists,real-estate-tax-strategists,1,Appraisal,Tax Appeal Appraisal,appraisal-tax-appeal-appraisal
Professional Services,professional-services,12,Real Estate Professionals & Property Services,real-estate-professionals-property-services,216,Cost Segregation Specialists,cost-segregation-specialists,,,,
Professional Services,professional-services,12,Real Estate Professionals & Property Services,real-estate-professionals-property-services,217,1031 Exchange Qualified Intermediaries,1031-exchange-qualified-intermediaries,,,,
Professional Services,professional-services,12,Real Estate Professionals & Property Services,real-estate-professionals-property-services,218,DST Sponsors,dst-sponsors,,,,
Professional Services,professional-services,12,Real Estate Professionals & Property Services,real-estate-professionals-property-services,219,TIC Sponsors,tic-sponsors,,,,
Professional Services,professional-services,12,Real Estate Professionals & Property Services,real-estate-professionals-property-services,220,Opportunity Zone Sponsors,opportunity-zone-sponsors,,,,
Professional Services,professional-services,12,Real Estate Professionals & Property Services,real-estate-professionals-property-services,221,Real Estate Syndicators,real-estate-syndicators,,,,
Professional Services,professional-services,12,Real Estate Professionals & Property Services,real-estate-professionals-property-services,222,Real Estate Crowdfunding Sponsors,real-estate-crowdfunding-sponsors,,,,
Professional Services,professional-services,12,Real Estate Professionals & Property Services,real-estate-professionals-property-services,223,Real Estate Coaches,real-estate-coaches,,,,
Professional Services,professional-services,12,Real Estate Professionals & Property Services,real-estate-professionals-property-services,224,Real Estate Agent Coaches,real-estate-agent-coaches,1,Title & Escrow,Settlement Agent,title-escrow-settlement-agent
Professional Services,professional-services,12,Real Estate Professionals & Property Services,real-estate-professionals-property-services,225,Real Estate Investor Coaches,real-estate-investor-coaches,,,,
Professional Services,professional-services,12,Real Estate Professionals & Property Services,real-estate-professionals-property-services,226,Wholesaler Coaches,wholesaler-coaches,,,,
Professional Services,professional-services,12,Real Estate Professionals & Property Services,real-estate-professionals-property-services,227,Real Estate Marketing Coaches,real-estate-marketing-coaches,,,,
Professional Services,professional-services,13,"Translation, Interpretation & Language Services",translation-interpretation-language-services,1,Document Translation Companies,document-translation-companies,1,Courier Services,Document Courier,courier-services-document-courier
Professional Services,professional-services,13,"Translation, Interpretation & Language Services",translation-interpretation-language-services,1,Document Translation Companies,document-translation-companies,2,Industry Translation,Aviation Translation,industry-translation-aviation-translation
Professional Services,professional-services,13,"Translation, Interpretation & Language Services",translation-interpretation-language-services,1,Document Translation Companies,document-translation-companies,3,Industry Translation,Automotive Translation,industry-translation-automotive-translation
Professional Services,professional-services,13,"Translation, Interpretation & Language Services",translation-interpretation-language-services,1,Document Translation Companies,document-translation-companies,4,Industry Translation,Energy Translation,industry-translation-energy-translation
Professional Services,professional-services,13,"Translation, Interpretation & Language Services",translation-interpretation-language-services,1,Document Translation Companies,document-translation-companies,5,Industry Translation,Mining Translation,industry-translation-mining-translation
Professional Services,professional-services,13,"Translation, Interpretation & Language Services",translation-interpretation-language-services,1,Document Translation Companies,document-translation-companies,6,Industry Translation,Telecom Translation,industry-translation-telecom-translation
Professional Services,professional-services,13,"Translation, Interpretation & Language Services",translation-interpretation-language-services,1,Document Translation Companies,document-translation-companies,7,Industry Translation,Tourism Translation,industry-translation-tourism-translation
Professional Services,professional-services,13,"Translation, Interpretation & Language Services",translation-interpretation-language-services,1,Document Translation Companies,document-translation-companies,8,Industry Translation,E-Commerce Translation,industry-translation-e-commerce-translation
Professional Services,professional-services,13,"Translation, Interpretation & Language Services",translation-interpretation-language-services,1,Document Translation Companies,document-translation-companies,9,Industry Translation,Fashion Translation,industry-translation-fashion-translation
Professional Services,professional-services,13,"Translation, Interpretation & Language Services",translation-interpretation-language-services,1,Document Translation Companies,document-translation-companies,10,Industry Translation,Sports Translation,industry-translation-sports-translation
Professional Services,professional-services,13,"Translation, Interpretation & Language Services",translation-interpretation-language-services,1,Document Translation Companies,document-translation-companies,11,Industry Translation,Entertainment Translation,industry-translation-entertainment-translation
Professional Services,professional-services,13,"Translation, Interpretation & Language Services",translation-interpretation-language-services,1,Document Translation Companies,document-translation-companies,12,Document Translation,Medical Translation,document-translation-medical-translation
Professional Services,professional-services,13,"Translation, Interpretation & Language Services",translation-interpretation-language-services,1,Document Translation Companies,document-translation-companies,13,Document Translation,Technical Translation,document-translation-technical-translation
Professional Services,professional-services,13,"Translation, Interpretation & Language Services",translation-interpretation-language-services,1,Document Translation Companies,document-translation-companies,14,Document Translation,Financial Translation,document-translation-financial-translation
Professional Services,professional-services,13,"Translation, Interpretation & Language Services",translation-interpretation-language-services,1,Document Translation Companies,document-translation-companies,15,Document Translation,Marketing Translation,document-translation-marketing-translation
Professional Services,professional-services,13,"Translation, Interpretation & Language Services",translation-interpretation-language-services,1,Document Translation Companies,document-translation-companies,16,Document Translation,Website Translation,document-translation-website-translation
Professional Services,professional-services,13,"Translation, Interpretation & Language Services",translation-interpretation-language-services,1,Document Translation Companies,document-translation-companies,17,Document Translation,Patent Translation,document-translation-patent-translation
Professional Services,professional-services,13,"Translation, Interpretation & Language Services",translation-interpretation-language-services,1,Document Translation Companies,document-translation-companies,18,Document Translation,Certified Translation,document-translation-certified-translation
Professional Services,professional-services,13,"Translation, Interpretation & Language Services",translation-interpretation-language-services,1,Document Translation Companies,document-translation-companies,19,Document Translation,Academic Translation,document-translation-academic-translation
Professional Services,professional-services,13,"Translation, Interpretation & Language Services",translation-interpretation-language-services,1,Document Translation Companies,document-translation-companies,20,Document Translation,Literary Translation,document-translation-literary-translation
Professional Services,professional-services,13,"Translation, Interpretation & Language Services",translation-interpretation-language-services,1,Document Translation Companies,document-translation-companies,21,Specialized Translation,Software Localization,specialized-translation-software-localization
Professional Services,professional-services,13,"Translation, Interpretation & Language Services",translation-interpretation-language-services,1,Document Translation Companies,document-translation-companies,22,Specialized Translation,Video Subtitling,specialized-translation-video-subtitling
Professional Services,professional-services,13,"Translation, Interpretation & Language Services",translation-interpretation-language-services,1,Document Translation Companies,document-translation-companies,23,Specialized Translation,Dubbing,specialized-translation-dubbing
Professional Services,professional-services,13,"Translation, Interpretation & Language Services",translation-interpretation-language-services,1,Document Translation Companies,document-translation-companies,24,Specialized Translation,Voiceover Translation,specialized-translation-voiceover-translation
Professional Services,professional-services,13,"Translation, Interpretation & Language Services",translation-interpretation-language-services,1,Document Translation Companies,document-translation-companies,25,Specialized Translation,Transcreation,specialized-translation-transcreation
Professional Services,professional-services,13,"Translation, Interpretation & Language Services",translation-interpretation-language-services,1,Document Translation Companies,document-translation-companies,26,Specialized Translation,Desktop Publishing,specialized-translation-desktop-publishing
Professional Services,professional-services,13,"Translation, Interpretation & Language Services",translation-interpretation-language-services,1,Document Translation Companies,document-translation-companies,27,Specialized Translation,Cultural Consulting,specialized-translation-cultural-consulting
Professional Services,professional-services,13,"Translation, Interpretation & Language Services",translation-interpretation-language-services,2,Certified Translation Companies,certified-translation-companies,1,Mailing Services,Certified Mail,mailing-services-certified-mail
Professional Services,professional-services,13,"Translation, Interpretation & Language Services",translation-interpretation-language-services,3,Notarized Translation Services,translation-interpretation-language-services-notarized-translation-services,,,,
Professional Services,professional-services,13,"Translation, Interpretation & Language Services",translation-interpretation-language-services,4,Apostille Translation Services,translation-interpretation-language-services-apostille-translation-services,,,,
Professional Services,professional-services,13,"Translation, Interpretation & Language Services",translation-interpretation-language-services,5,Sworn Translator Services,sworn-translator-services,,,,
Professional Services,professional-services,13,"Translation, Interpretation & Language Services",translation-interpretation-language-services,6,Court Translator Services,court-translator-services,1,Interpreting Services,Court Interpreting,interpreting-services-court-interpreting
Professional Services,professional-services,13,"Translation, Interpretation & Language Services",translation-interpretation-language-services,7,USCIS Translation Services,uscis-translation-services,,,,
Professional Services,professional-services,13,"Translation, Interpretation & Language Services",translation-interpretation-language-services,8,Birth Certificate Translation Services,birth-certificate-translation-services,,,,
Professional Services,professional-services,13,"Translation, Interpretation & Language Services",translation-interpretation-language-services,9,Marriage Certificate Translation Services,marriage-certificate-translation-services,,,,
Professional Services,professional-services,13,"Translation, Interpretation & Language Services",translation-interpretation-language-services,10,Divorce Certificate Translation Services,divorce-certificate-translation-services,,,,
Professional Services,professional-services,13,"Translation, Interpretation & Language Services",translation-interpretation-language-services,11,Death Certificate Translation Services,death-certificate-translation-services,,,,
Professional Services,professional-services,13,"Translation, Interpretation & Language Services",translation-interpretation-language-services,12,Diploma Translation Services,diploma-translation-services,,,,
Professional Services,professional-services,13,"Translation, Interpretation & Language Services",translation-interpretation-language-services,13,Transcript Translation Services,transcript-translation-services,,,,
Professional Services,professional-services,13,"Translation, Interpretation & Language Services",translation-interpretation-language-services,14,Academic Records Translation,academic-records-translation,,,,
Professional Services,professional-services,13,"Translation, Interpretation & Language Services",translation-interpretation-language-services,15,Medical Record Translation Services,medical-record-translation-services,1,Courier Services,Medical Courier,courier-services-medical-courier
Professional Services,professional-services,13,"Translation, Interpretation & Language Services",translation-interpretation-language-services,15,Medical Record Translation Services,medical-record-translation-services,2,Interpreting Services,Medical Interpreting,interpreting-services-medical-interpreting
Professional Services,professional-services,13,"Translation, Interpretation & Language Services",translation-interpretation-language-services,16,Legal Document Translation,translation-interpretation-language-services-legal-document-translation,,,,
Professional Services,professional-services,13,"Translation, Interpretation & Language Services",translation-interpretation-language-services,17,Contract Translation Services,contract-translation-services,,,,
Professional Services,professional-services,13,"Translation, Interpretation & Language Services",translation-interpretation-language-services,18,Patent Translation Services,translation-interpretation-language-services-patent-translation-services,,,,
Professional Services,professional-services,13,"Translation, Interpretation & Language Services",translation-interpretation-language-services,19,Marketing Translation Services,translation-interpretation-language-services-marketing-translation-services,,,,
Professional Services,professional-services,13,"Translation, Interpretation & Language Services",translation-interpretation-language-services,20,Website Translation Services,translation-interpretation-language-services-website-translation-services,,,,
Professional Services,professional-services,13,"Translation, Interpretation & Language Services",translation-interpretation-language-services,21,Multilingual SEO Services,multilingual-seo-services,1,Specialized Translation,Multilingual SEO,specialized-translation-multilingual-seo
Professional Services,professional-services,13,"Translation, Interpretation & Language Services",translation-interpretation-language-services,22,App Localization Services,translation-interpretation-language-services-app-localization-services,,,,
Professional Services,professional-services,13,"Translation, Interpretation & Language Services",translation-interpretation-language-services,23,Software Localization Services,translation-interpretation-language-services-software-localization-services,,,,
Professional Services,professional-services,13,"Translation, Interpretation & Language Services",translation-interpretation-language-services,24,Game Localization Services,translation-interpretation-language-services-game-localization-services,,,,
Professional Services,professional-services,13,"Translation, Interpretation & Language Services",translation-interpretation-language-services,25,Subtitle Translation Services,translation-interpretation-language-services-subtitle-translation-services,,,,
Professional Services,professional-services,13,"Translation, Interpretation & Language Services",translation-interpretation-language-services,26,Closed Caption Services,closed-caption-services,,,,
Professional Services,professional-services,13,"Translation, Interpretation & Language Services",translation-interpretation-language-services,27,SDH Caption Services,sdh-caption-services,,,,
Professional Services,professional-services,13,"Translation, Interpretation & Language Services",translation-interpretation-language-services,28,Dubbing Services,translation-interpretation-language-services-dubbing-services,,,,
Professional Services,professional-services,13,"Translation, Interpretation & Language Services",translation-interpretation-language-services,29,Voice-Over Translation,voice-over-translation,,,,
Professional Services,professional-services,13,"Translation, Interpretation & Language Services",translation-interpretation-language-services,30,Lip Sync Dubbing Services,lip-sync-dubbing-services,,,,
Professional Services,professional-services,13,"Translation, Interpretation & Language Services",translation-interpretation-language-services,31,Live Interpretation Services,live-interpretation-services,1,Interpreting Services,Conference Interpreting,interpreting-services-conference-interpreting
Professional Services,professional-services,13,"Translation, Interpretation & Language Services",translation-interpretation-language-services,31,Live Interpretation Services,live-interpretation-services,2,Interpreting Services,Business Interpreting,interpreting-services-business-interpreting
Professional Services,professional-services,13,"Translation, Interpretation & Language Services",translation-interpretation-language-services,31,Live Interpretation Services,live-interpretation-services,3,Interpreting Services,Escort Interpreting,interpreting-services-escort-interpreting
Professional Services,professional-services,13,"Translation, Interpretation & Language Services",translation-interpretation-language-services,31,Live Interpretation Services,live-interpretation-services,4,Interpreting Services,Community Interpreting,interpreting-services-community-interpreting
Professional Services,professional-services,13,"Translation, Interpretation & Language Services",translation-interpretation-language-services,31,Live Interpretation Services,live-interpretation-services,5,Interpreting Services,Relay Interpreting,interpreting-services-relay-interpreting
Professional Services,professional-services,13,"Translation, Interpretation & Language Services",translation-interpretation-language-services,32,Conference Interpreters,conference-interpreters,,,,
Professional Services,professional-services,13,"Translation, Interpretation & Language Services",translation-interpretation-language-services,33,Simultaneous Interpreters,simultaneous-interpreters,,,,
Professional Services,professional-services,13,"Translation, Interpretation & Language Services",translation-interpretation-language-services,34,Consecutive Interpreters,consecutive-interpreters,,,,
Professional Services,professional-services,13,"Translation, Interpretation & Language Services",translation-interpretation-language-services,35,Whispered Interpretation Services,whispered-interpretation-services,,,,
Professional Services,professional-services,13,"Translation, Interpretation & Language Services",translation-interpretation-language-services,36,Booth Interpretation Services,booth-interpretation-services,,,,
Professional Services,professional-services,13,"Translation, Interpretation & Language Services",translation-interpretation-language-services,37,Phone Interpretation Services,translation-interpretation-language-services-phone-interpretation-services,,,,
Professional Services,professional-services,13,"Translation, Interpretation & Language Services",translation-interpretation-language-services,38,Video Remote Interpretation,video-remote-interpretation,1,Interpreting Services,Video Interpreting,interpreting-services-video-interpreting
Professional Services,professional-services,13,"Translation, Interpretation & Language Services",translation-interpretation-language-services,39,Over-the-Phone Interpretation Services,over-the-phone-interpretation-services,,,,
Professional Services,professional-services,13,"Translation, Interpretation & Language Services",translation-interpretation-language-services,40,Court Interpreters,translation-interpretation-language-services-court-interpreters,,,,
Professional Services,professional-services,13,"Translation, Interpretation & Language Services",translation-interpretation-language-services,41,Federal Court Interpreters,federal-court-interpreters,,,,
Professional Services,professional-services,13,"Translation, Interpretation & Language Services",translation-interpretation-language-services,42,State Court Interpreters,state-court-interpreters,,,,
Professional Services,professional-services,13,"Translation, Interpretation & Language Services",translation-interpretation-language-services,43,Immigration Court Interpreters,immigration-court-interpreters,,,,
Professional Services,professional-services,13,"Translation, Interpretation & Language Services",translation-interpretation-language-services,44,Deposition Interpreters,deposition-interpreters,,,,
Professional Services,professional-services,13,"Translation, Interpretation & Language Services",translation-interpretation-language-services,45,Medical Interpreters,translation-interpretation-language-services-medical-interpreters,,,,
Professional Services,professional-services,13,"Translation, Interpretation & Language Services",translation-interpretation-language-services,46,Hospital Interpreters,hospital-interpreters,,,,
Professional Services,professional-services,13,"Translation, Interpretation & Language Services",translation-interpretation-language-services,47,Telehealth Interpreters,telehealth-interpreters,,,,
Professional Services,professional-services,13,"Translation, Interpretation & Language Services",translation-interpretation-language-services,48,Mental Health Interpreters,mental-health-interpreters,,,,
Professional Services,professional-services,13,"Translation, Interpretation & Language Services",translation-interpretation-language-services,49,School Interpreters,school-interpreters,,,,
Professional Services,professional-services,13,"Translation, Interpretation & Language Services",translation-interpretation-language-services,50,IEP Meeting Interpreters,iep-meeting-interpreters,,,,
Professional Services,professional-services,13,"Translation, Interpretation & Language Services",translation-interpretation-language-services,51,Parent-Teacher Conference Interpreters,parent-teacher-conference-interpreters,,,,
Professional Services,professional-services,13,"Translation, Interpretation & Language Services",translation-interpretation-language-services,52,Business Meeting Interpreters,business-meeting-interpreters,1,International Business,Translation & Localization,international-business-translation-localization
Professional Services,professional-services,13,"Translation, Interpretation & Language Services",translation-interpretation-language-services,53,Corporate Event Interpreters,corporate-event-interpreters,,,,
Professional Services,professional-services,13,"Translation, Interpretation & Language Services",translation-interpretation-language-services,54,Diplomatic Interpreters,diplomatic-interpreters,,,,
Professional Services,professional-services,13,"Translation, Interpretation & Language Services",translation-interpretation-language-services,55,Sign Language Interpreters,translation-interpretation-language-services-sign-language-interpreters,,,,
Professional Services,professional-services,13,"Translation, Interpretation & Language Services",translation-interpretation-language-services,56,ASL Interpreters,asl-interpreters,,,,
Professional Services,professional-services,13,"Translation, Interpretation & Language Services",translation-interpretation-language-services,57,Certified Deaf Interpreters,certified-deaf-interpreters,,,,
Professional Services,professional-services,13,"Translation, Interpretation & Language Services",translation-interpretation-language-services,58,Trilingual Sign Language Interpreters,trilingual-sign-language-interpreters,,,,
Professional Services,professional-services,13,"Translation, Interpretation & Language Services",translation-interpretation-language-services,59,Tactile Sign Language Interpreters,tactile-sign-language-interpreters,,,,
Professional Services,professional-services,13,"Translation, Interpretation & Language Services",translation-interpretation-language-services,60,CART Captioning Services,cart-captioning-services,,,,
Professional Services,professional-services,13,"Translation, Interpretation & Language Services",translation-interpretation-language-services,61,Real-Time Captioning Services,real-time-captioning-services,,,,
Professional Services,professional-services,13,"Translation, Interpretation & Language Services",translation-interpretation-language-services,62,Spanish Translators,spanish-translators,,,,
Professional Services,professional-services,13,"Translation, Interpretation & Language Services",translation-interpretation-language-services,63,Mexican Spanish Translators,mexican-spanish-translators,,,,
Professional Services,professional-services,13,"Translation, Interpretation & Language Services",translation-interpretation-language-services,64,Castilian Spanish Translators,castilian-spanish-translators,,,,
Professional Services,professional-services,13,"Translation, Interpretation & Language Services",translation-interpretation-language-services,65,Latin American Spanish Translators,latin-american-spanish-translators,,,,
Professional Services,professional-services,13,"Translation, Interpretation & Language Services",translation-interpretation-language-services,66,French Translators,french-translators,,,,
Professional Services,professional-services,13,"Translation, Interpretation & Language Services",translation-interpretation-language-services,67,European French Translators,european-french-translators,,,,
Professional Services,professional-services,13,"Translation, Interpretation & Language Services",translation-interpretation-language-services,68,Canadian French Translators,canadian-french-translators,,,,
Professional Services,professional-services,13,"Translation, Interpretation & Language Services",translation-interpretation-language-services,69,African French Translators,african-french-translators,,,,
Professional Services,professional-services,13,"Translation, Interpretation & Language Services",translation-interpretation-language-services,70,German Translators,german-translators,,,,
Professional Services,professional-services,13,"Translation, Interpretation & Language Services",translation-interpretation-language-services,71,Austrian German Translators,austrian-german-translators,,,,
Professional Services,professional-services,13,"Translation, Interpretation & Language Services",translation-interpretation-language-services,72,Swiss German Translators,swiss-german-translators,,,,
Professional Services,professional-services,13,"Translation, Interpretation & Language Services",translation-interpretation-language-services,73,Italian Translators,italian-translators,,,,
Professional Services,professional-services,13,"Translation, Interpretation & Language Services",translation-interpretation-language-services,74,Portuguese Translators,portuguese-translators,,,,
Professional Services,professional-services,13,"Translation, Interpretation & Language Services",translation-interpretation-language-services,75,Brazilian Portuguese Translators,brazilian-portuguese-translators,,,,
Professional Services,professional-services,13,"Translation, Interpretation & Language Services",translation-interpretation-language-services,76,European Portuguese Translators,european-portuguese-translators,,,,
Professional Services,professional-services,13,"Translation, Interpretation & Language Services",translation-interpretation-language-services,77,Dutch Translators,dutch-translators,,,,
Professional Services,professional-services,13,"Translation, Interpretation & Language Services",translation-interpretation-language-services,78,Flemish Translators,flemish-translators,,,,
Professional Services,professional-services,13,"Translation, Interpretation & Language Services",translation-interpretation-language-services,79,Polish Translators,polish-translators,,,,
Professional Services,professional-services,13,"Translation, Interpretation & Language Services",translation-interpretation-language-services,80,Russian Translators,russian-translators,,,,
Professional Services,professional-services,13,"Translation, Interpretation & Language Services",translation-interpretation-language-services,81,Ukrainian Translators,ukrainian-translators,,,,
Professional Services,professional-services,13,"Translation, Interpretation & Language Services",translation-interpretation-language-services,82,Czech Translators,czech-translators,,,,
Professional Services,professional-services,13,"Translation, Interpretation & Language Services",translation-interpretation-language-services,83,Slovak Translators,slovak-translators,,,,
Professional Services,professional-services,13,"Translation, Interpretation & Language Services",translation-interpretation-language-services,84,Hungarian Translators,hungarian-translators,,,,
Professional Services,professional-services,13,"Translation, Interpretation & Language Services",translation-interpretation-language-services,85,Romanian Translators,romanian-translators,,,,
Professional Services,professional-services,13,"Translation, Interpretation & Language Services",translation-interpretation-language-services,86,Bulgarian Translators,bulgarian-translators,,,,
Professional Services,professional-services,13,"Translation, Interpretation & Language Services",translation-interpretation-language-services,87,Serbian Translators,serbian-translators,,,,
Professional Services,professional-services,13,"Translation, Interpretation & Language Services",translation-interpretation-language-services,88,Croatian Translators,croatian-translators,,,,
Professional Services,professional-services,13,"Translation, Interpretation & Language Services",translation-interpretation-language-services,89,Bosnian Translators,bosnian-translators,,,,
Professional Services,professional-services,13,"Translation, Interpretation & Language Services",translation-interpretation-language-services,90,Slovenian Translators,slovenian-translators,,,,
Professional Services,professional-services,13,"Translation, Interpretation & Language Services",translation-interpretation-language-services,91,Greek Translators,greek-translators,,,,
Professional Services,professional-services,13,"Translation, Interpretation & Language Services",translation-interpretation-language-services,92,Turkish Translators,turkish-translators,,,,
Professional Services,professional-services,13,"Translation, Interpretation & Language Services",translation-interpretation-language-services,93,Albanian Translators,albanian-translators,,,,
Professional Services,professional-services,13,"Translation, Interpretation & Language Services",translation-interpretation-language-services,94,Mandarin Chinese Translators,mandarin-chinese-translators,,,,
Professional Services,professional-services,13,"Translation, Interpretation & Language Services",translation-interpretation-language-services,95,Cantonese Translators,cantonese-translators,,,,
Professional Services,professional-services,13,"Translation, Interpretation & Language Services",translation-interpretation-language-services,96,Simplified Chinese Translators,simplified-chinese-translators,,,,
Professional Services,professional-services,13,"Translation, Interpretation & Language Services",translation-interpretation-language-services,97,Traditional Chinese Translators,traditional-chinese-translators,,,,
Professional Services,professional-services,13,"Translation, Interpretation & Language Services",translation-interpretation-language-services,98,Japanese Translators,japanese-translators,,,,
Professional Services,professional-services,13,"Translation, Interpretation & Language Services",translation-interpretation-language-services,99,Korean Translators,korean-translators,,,,
Professional Services,professional-services,13,"Translation, Interpretation & Language Services",translation-interpretation-language-services,100,Vietnamese Translators,vietnamese-translators,,,,
Professional Services,professional-services,13,"Translation, Interpretation & Language Services",translation-interpretation-language-services,101,Thai Translators,thai-translators,,,,
Professional Services,professional-services,13,"Translation, Interpretation & Language Services",translation-interpretation-language-services,102,Indonesian Translators,indonesian-translators,,,,
Professional Services,professional-services,13,"Translation, Interpretation & Language Services",translation-interpretation-language-services,103,Malay Translators,malay-translators,,,,
Professional Services,professional-services,13,"Translation, Interpretation & Language Services",translation-interpretation-language-services,104,Tagalog Translators,tagalog-translators,,,,
Professional Services,professional-services,13,"Translation, Interpretation & Language Services",translation-interpretation-language-services,105,Filipino Translators,filipino-translators,,,,
Professional Services,professional-services,13,"Translation, Interpretation & Language Services",translation-interpretation-language-services,106,Burmese Translators,burmese-translators,,,,
Professional Services,professional-services,13,"Translation, Interpretation & Language Services",translation-interpretation-language-services,107,Khmer Translators,khmer-translators,,,,
Professional Services,professional-services,13,"Translation, Interpretation & Language Services",translation-interpretation-language-services,108,Lao Translators,lao-translators,,,,
Professional Services,professional-services,13,"Translation, Interpretation & Language Services",translation-interpretation-language-services,109,Hindi Translators,hindi-translators,,,,
Professional Services,professional-services,13,"Translation, Interpretation & Language Services",translation-interpretation-language-services,110,Bengali Translators,bengali-translators,,,,
Professional Services,professional-services,13,"Translation, Interpretation & Language Services",translation-interpretation-language-services,111,Punjabi Translators,punjabi-translators,,,,
Professional Services,professional-services,13,"Translation, Interpretation & Language Services",translation-interpretation-language-services,112,Gujarati Translators,gujarati-translators,,,,
Professional Services,professional-services,13,"Translation, Interpretation & Language Services",translation-interpretation-language-services,113,Marathi Translators,marathi-translators,,,,
Professional Services,professional-services,13,"Translation, Interpretation & Language Services",translation-interpretation-language-services,114,Tamil Translators,tamil-translators,,,,
Professional Services,professional-services,13,"Translation, Interpretation & Language Services",translation-interpretation-language-services,115,Telugu Translators,telugu-translators,,,,
Professional Services,professional-services,13,"Translation, Interpretation & Language Services",translation-interpretation-language-services,116,Kannada Translators,kannada-translators,,,,
Professional Services,professional-services,13,"Translation, Interpretation & Language Services",translation-interpretation-language-services,117,Malayalam Translators,malayalam-translators,,,,
Professional Services,professional-services,13,"Translation, Interpretation & Language Services",translation-interpretation-language-services,118,Urdu Translators,urdu-translators,,,,
Professional Services,professional-services,13,"Translation, Interpretation & Language Services",translation-interpretation-language-services,119,Pashto Translators,pashto-translators,,,,
Professional Services,professional-services,13,"Translation, Interpretation & Language Services",translation-interpretation-language-services,120,Dari Translators,dari-translators,,,,
Professional Services,professional-services,13,"Translation, Interpretation & Language Services",translation-interpretation-language-services,121,Farsi Translators,farsi-translators,,,,
Professional Services,professional-services,13,"Translation, Interpretation & Language Services",translation-interpretation-language-services,122,Persian Translators,persian-translators,,,,
Professional Services,professional-services,13,"Translation, Interpretation & Language Services",translation-interpretation-language-services,123,Arabic Translators,arabic-translators,,,,
Professional Services,professional-services,13,"Translation, Interpretation & Language Services",translation-interpretation-language-services,124,Modern Standard Arabic Translators,modern-standard-arabic-translators,,,,
Professional Services,professional-services,13,"Translation, Interpretation & Language Services",translation-interpretation-language-services,125,Egyptian Arabic Translators,egyptian-arabic-translators,,,,
Professional Services,professional-services,13,"Translation, Interpretation & Language Services",translation-interpretation-language-services,126,Levantine Arabic Translators,levantine-arabic-translators,,,,
Professional Services,professional-services,13,"Translation, Interpretation & Language Services",translation-interpretation-language-services,127,Gulf Arabic Translators,gulf-arabic-translators,,,,
Professional Services,professional-services,13,"Translation, Interpretation & Language Services",translation-interpretation-language-services,128,Moroccan Arabic Translators,moroccan-arabic-translators,,,,
Professional Services,professional-services,13,"Translation, Interpretation & Language Services",translation-interpretation-language-services,129,Hebrew Translators,hebrew-translators,,,,
Professional Services,professional-services,13,"Translation, Interpretation & Language Services",translation-interpretation-language-services,130,Yiddish Translators,yiddish-translators,,,,
Professional Services,professional-services,13,"Translation, Interpretation & Language Services",translation-interpretation-language-services,131,Amharic Translators,amharic-translators,,,,
Professional Services,professional-services,13,"Translation, Interpretation & Language Services",translation-interpretation-language-services,132,Tigrinya Translators,tigrinya-translators,,,,
Professional Services,professional-services,13,"Translation, Interpretation & Language Services",translation-interpretation-language-services,133,Oromo Translators,oromo-translators,,,,
Professional Services,professional-services,13,"Translation, Interpretation & Language Services",translation-interpretation-language-services,134,Somali Translators,somali-translators,,,,
Professional Services,professional-services,13,"Translation, Interpretation & Language Services",translation-interpretation-language-services,135,Swahili Translators,swahili-translators,,,,
Professional Services,professional-services,13,"Translation, Interpretation & Language Services",translation-interpretation-language-services,136,Yoruba Translators,yoruba-translators,,,,
Professional Services,professional-services,13,"Translation, Interpretation & Language Services",translation-interpretation-language-services,137,Igbo Translators,igbo-translators,,,,
Professional Services,professional-services,13,"Translation, Interpretation & Language Services",translation-interpretation-language-services,138,Hausa Translators,hausa-translators,,,,
Professional Services,professional-services,13,"Translation, Interpretation & Language Services",translation-interpretation-language-services,139,Zulu Translators,zulu-translators,,,,
Professional Services,professional-services,13,"Translation, Interpretation & Language Services",translation-interpretation-language-services,140,Xhosa Translators,xhosa-translators,,,,
Professional Services,professional-services,13,"Translation, Interpretation & Language Services",translation-interpretation-language-services,141,Afrikaans Translators,afrikaans-translators,,,,
Professional Services,professional-services,13,"Translation, Interpretation & Language Services",translation-interpretation-language-services,142,Haitian Creole Translators,haitian-creole-translators,,,,
Professional Services,professional-services,13,"Translation, Interpretation & Language Services",translation-interpretation-language-services,143,Quechua Translators,quechua-translators,,,,
Professional Services,professional-services,13,"Translation, Interpretation & Language Services",translation-interpretation-language-services,144,Mayan Language Translators,mayan-language-translators,,,,
Professional Services,professional-services,13,"Translation, Interpretation & Language Services",translation-interpretation-language-services,145,Native American Language Translators,native-american-language-translators,,,,
Professional Services,professional-services,13,"Translation, Interpretation & Language Services",translation-interpretation-language-services,146,Indigenous Language Translators,indigenous-language-translators,,,,
Professional Services,professional-services,13,"Translation, Interpretation & Language Services",translation-interpretation-language-services,147,Endangered Language Specialists,endangered-language-specialists,,,,
Professional Services,professional-services,13,"Translation, Interpretation & Language Services",translation-interpretation-language-services,148,Multilingual Voice Talent Agencies,multilingual-voice-talent-agencies,,,,
Professional Services,professional-services,13,"Translation, Interpretation & Language Services",translation-interpretation-language-services,149,Multilingual Content Creation Agencies,multilingual-content-creation-agencies,,,,
Professional Services,professional-services,13,"Translation, Interpretation & Language Services",translation-interpretation-language-services,150,Transcreation Services,transcreation-services,,,,
Professional Services,professional-services,13,"Translation, Interpretation & Language Services",translation-interpretation-language-services,151,Cultural Adaptation Services,cultural-adaptation-services,,,,
Professional Services,professional-services,13,"Translation, Interpretation & Language Services",translation-interpretation-language-services,152,International Marketing Services,international-marketing-services,1,International Business,Expatriate Services,international-business-expatriate-services
Professional Services,professional-services,13,"Translation, Interpretation & Language Services",translation-interpretation-language-services,152,International Marketing Services,international-marketing-services,2,Courier Services,International Shipping,courier-services-international-shipping
Professional Services,professional-services,13,"Translation, Interpretation & Language Services",translation-interpretation-language-services,153,Multilingual Customer Support Services,multilingual-customer-support-services,,,,
Professional Services,professional-services,14,"Writing, Editing & Research Services",writing-editing-research-services,1,Freelance Writers,freelance-writers,1,Freelance Platforms,Freelance Marketplace,freelance-platforms-freelance-marketplace
Professional Services,professional-services,14,"Writing, Editing & Research Services",writing-editing-research-services,1,Freelance Writers,freelance-writers,2,Freelance Platforms,Writer Marketplace,freelance-platforms-writer-marketplace
Professional Services,professional-services,14,"Writing, Editing & Research Services",writing-editing-research-services,1,Freelance Writers,freelance-writers,3,Freelance Platforms,Virtual Assistant,freelance-platforms-virtual-assistant
Professional Services,professional-services,14,"Writing, Editing & Research Services",writing-editing-research-services,1,Freelance Writers,freelance-writers,4,Freelance Platforms,Freelance Consultant,freelance-platforms-freelance-consultant
Professional Services,professional-services,14,"Writing, Editing & Research Services",writing-editing-research-services,1,Freelance Writers,freelance-writers,5,Freelance Platforms,Freelance Accountant,freelance-platforms-freelance-accountant
Professional Services,professional-services,14,"Writing, Editing & Research Services",writing-editing-research-services,1,Freelance Writers,freelance-writers,6,Freelance Platforms,Freelance Marketer,freelance-platforms-freelance-marketer
Professional Services,professional-services,14,"Writing, Editing & Research Services",writing-editing-research-services,1,Freelance Writers,freelance-writers,7,Freelance Platforms,Freelance Videographer,freelance-platforms-freelance-videographer
Professional Services,professional-services,14,"Writing, Editing & Research Services",writing-editing-research-services,1,Freelance Writers,freelance-writers,8,Freelance Platforms,Freelance Translator,freelance-platforms-freelance-translator
Professional Services,professional-services,14,"Writing, Editing & Research Services",writing-editing-research-services,2,Ghostwriters,ghostwriters,,,,
Professional Services,professional-services,14,"Writing, Editing & Research Services",writing-editing-research-services,3,Book Ghostwriters,writing-editing-research-services-book-ghostwriters,,,,
Professional Services,professional-services,14,"Writing, Editing & Research Services",writing-editing-research-services,4,Memoir Ghostwriters,writing-editing-research-services-memoir-ghostwriters,,,,
Professional Services,professional-services,14,"Writing, Editing & Research Services",writing-editing-research-services,5,Business Book Ghostwriters,writing-editing-research-services-business-book-ghostwriters,,,,
Professional Services,professional-services,14,"Writing, Editing & Research Services",writing-editing-research-services,6,Self-Help Book Ghostwriters,writing-editing-research-services-self-help-book-ghostwriters,,,,
Professional Services,professional-services,14,"Writing, Editing & Research Services",writing-editing-research-services,7,Personal Essay Writers,writing-editing-research-services-personal-essay-writers,,,,
Professional Services,professional-services,14,"Writing, Editing & Research Services",writing-editing-research-services,8,Magazine Article Writers,magazine-article-writers,,,,
Professional Services,professional-services,14,"Writing, Editing & Research Services",writing-editing-research-services,9,Long-Form Journalists,long-form-journalists,,,,
Professional Services,professional-services,14,"Writing, Editing & Research Services",writing-editing-research-services,10,Investigative Journalists,investigative-journalists,,,,
Professional Services,professional-services,14,"Writing, Editing & Research Services",writing-editing-research-services,11,Trade Magazine Writers,trade-magazine-writers,,,,
Professional Services,professional-services,14,"Writing, Editing & Research Services",writing-editing-research-services,12,Industry Magazine Writers,industry-magazine-writers,,,,
Professional Services,professional-services,14,"Writing, Editing & Research Services",writing-editing-research-services,13,Technical Writers,writing-editing-research-services-technical-writers,,,,
Professional Services,professional-services,14,"Writing, Editing & Research Services",writing-editing-research-services,14,API Documentation Writers,writing-editing-research-services-api-documentation-writers,,,,
Professional Services,professional-services,14,"Writing, Editing & Research Services",writing-editing-research-services,15,User Manual Writers,writing-editing-research-services-user-manual-writers,,,,
Professional Services,professional-services,14,"Writing, Editing & Research Services",writing-editing-research-services,16,Knowledge Base Writers,writing-editing-research-services-knowledge-base-writers,,,,
Professional Services,professional-services,14,"Writing, Editing & Research Services",writing-editing-research-services,17,Help Center Writers,help-center-writers,,,,
Professional Services,professional-services,14,"Writing, Editing & Research Services",writing-editing-research-services,18,Software Documentation Writers,software-documentation-writers,,,,
Professional Services,professional-services,14,"Writing, Editing & Research Services",writing-editing-research-services,19,Hardware Documentation Writers,hardware-documentation-writers,,,,
Professional Services,professional-services,14,"Writing, Editing & Research Services",writing-editing-research-services,20,Standard Operating Procedure Writers,writing-editing-research-services-standard-operating-procedure-writers,,,,
Professional Services,professional-services,14,"Writing, Editing & Research Services",writing-editing-research-services,21,Process Documentation Writers,process-documentation-writers,,,,
Professional Services,professional-services,14,"Writing, Editing & Research Services",writing-editing-research-services,22,Training Manual Writers,writing-editing-research-services-training-manual-writers,,,,
Professional Services,professional-services,14,"Writing, Editing & Research Services",writing-editing-research-services,23,Curriculum Writers,curriculum-writers,,,,
Professional Services,professional-services,14,"Writing, Editing & Research Services",writing-editing-research-services,24,Course Content Writers,course-content-writers,,,,
Professional Services,professional-services,14,"Writing, Editing & Research Services",writing-editing-research-services,25,Online Course Writers,online-course-writers,,,,
Professional Services,professional-services,14,"Writing, Editing & Research Services",writing-editing-research-services,26,Cohort Course Writers,cohort-course-writers,,,,
Professional Services,professional-services,14,"Writing, Editing & Research Services",writing-editing-research-services,27,E-Learning Content Writers,e-learning-content-writers,,,,
Professional Services,professional-services,14,"Writing, Editing & Research Services",writing-editing-research-services,28,Lesson Plan Writers,lesson-plan-writers,,,,
Professional Services,professional-services,14,"Writing, Editing & Research Services",writing-editing-research-services,29,Worksheet Writers,worksheet-writers,,,,
Professional Services,professional-services,14,"Writing, Editing & Research Services",writing-editing-research-services,30,Assessment Writers,assessment-writers,,,,
Professional Services,professional-services,14,"Writing, Editing & Research Services",writing-editing-research-services,31,Test Item Writers,test-item-writers,,,,
Professional Services,professional-services,14,"Writing, Editing & Research Services",writing-editing-research-services,32,Textbook Writers,textbook-writers,,,,
Professional Services,professional-services,14,"Writing, Editing & Research Services",writing-editing-research-services,34,Picture Book Writers,picture-book-writers,,,,
Professional Services,professional-services,14,"Writing, Editing & Research Services",writing-editing-research-services,35,Middle Grade Writers,middle-grade-writers,,,,
Professional Services,professional-services,14,"Writing, Editing & Research Services",writing-editing-research-services,36,YA Writers,ya-writers,,,,
Professional Services,professional-services,14,"Writing, Editing & Research Services",writing-editing-research-services,37,Comic Book Writers,writing-editing-research-services-comic-book-writers,,,,
Professional Services,professional-services,14,"Writing, Editing & Research Services",writing-editing-research-services,38,Graphic Novel Writers,graphic-novel-writers,,,,
Professional Services,professional-services,14,"Writing, Editing & Research Services",writing-editing-research-services,39,Manga Script Writers,manga-script-writers,,,,
Professional Services,professional-services,14,"Writing, Editing & Research Services",writing-editing-research-services,40,Romance Writers,romance-writers,,,,
Professional Services,professional-services,14,"Writing, Editing & Research Services",writing-editing-research-services,41,Mystery Writers,mystery-writers,,,,
Professional Services,professional-services,14,"Writing, Editing & Research Services",writing-editing-research-services,42,Thriller Writers,thriller-writers,,,,
Professional Services,professional-services,14,"Writing, Editing & Research Services",writing-editing-research-services,43,Sci-Fi Writers,sci-fi-writers,,,,
Professional Services,professional-services,14,"Writing, Editing & Research Services",writing-editing-research-services,44,Fantasy Writers,fantasy-writers,,,,
Professional Services,professional-services,14,"Writing, Editing & Research Services",writing-editing-research-services,45,Horror Writers,horror-writers,,,,
Professional Services,professional-services,14,"Writing, Editing & Research Services",writing-editing-research-services,46,Literary Fiction Writers,literary-fiction-writers,,,,
Professional Services,professional-services,14,"Writing, Editing & Research Services",writing-editing-research-services,47,Historical Fiction Writers,historical-fiction-writers,,,,
Professional Services,professional-services,14,"Writing, Editing & Research Services",writing-editing-research-services,48,Romance Ghostwriters,romance-ghostwriters,,,,
Professional Services,professional-services,14,"Writing, Editing & Research Services",writing-editing-research-services,49,Indie Author Ghostwriters,indie-author-ghostwriters,,,,
Professional Services,professional-services,14,"Writing, Editing & Research Services",writing-editing-research-services,50,Series Ghostwriters,series-ghostwriters,,,,
Professional Services,professional-services,14,"Writing, Editing & Research Services",writing-editing-research-services,51,Pen Name Ghostwriters,pen-name-ghostwriters,,,,
Professional Services,professional-services,14,"Writing, Editing & Research Services",writing-editing-research-services,52,Erotica Writers,erotica-writers,,,,
Professional Services,professional-services,14,"Writing, Editing & Research Services",writing-editing-research-services,53,Hallmark Movie Writers,hallmark-movie-writers,,,,
Professional Services,professional-services,14,"Writing, Editing & Research Services",writing-editing-research-services,54,Lifetime Movie Writers,lifetime-movie-writers,,,,
Professional Services,professional-services,14,"Writing, Editing & Research Services",writing-editing-research-services,55,TV Pilot Writers,writing-editing-research-services-tv-pilot-writers,,,,
Professional Services,professional-services,14,"Writing, Editing & Research Services",writing-editing-research-services,56,Sitcom Writers,sitcom-writers,,,,
Professional Services,professional-services,14,"Writing, Editing & Research Services",writing-editing-research-services,57,Drama Writers,drama-writers,,,,
Professional Services,professional-services,14,"Writing, Editing & Research Services",writing-editing-research-services,58,Screenplay Writers,screenplay-writers,,,,
Professional Services,professional-services,14,"Writing, Editing & Research Services",writing-editing-research-services,59,Spec Script Writers,spec-script-writers,,,,
Professional Services,professional-services,14,"Writing, Editing & Research Services",writing-editing-research-services,60,Treatment Writers,treatment-writers,,,,
Professional Services,professional-services,14,"Writing, Editing & Research Services",writing-editing-research-services,61,Pitch Document Writers,pitch-document-writers,,,,
Professional Services,professional-services,14,"Writing, Editing & Research Services",writing-editing-research-services,62,TV Bible Writers,tv-bible-writers,,,,
Professional Services,professional-services,14,"Writing, Editing & Research Services",writing-editing-research-services,63,Show Runner Consultants,show-runner-consultants,,,,
Professional Services,professional-services,14,"Writing, Editing & Research Services",writing-editing-research-services,64,Documentary Writers,documentary-writers,,,,
Professional Services,professional-services,14,"Writing, Editing & Research Services",writing-editing-research-services,65,Commercial Writers,commercial-writers,,,,
Professional Services,professional-services,14,"Writing, Editing & Research Services",writing-editing-research-services,66,TV Commercial Writers,tv-commercial-writers,,,,
Professional Services,professional-services,14,"Writing, Editing & Research Services",writing-editing-research-services,67,Corporate Video Script Writers,corporate-video-script-writers,,,,
Professional Services,professional-services,14,"Writing, Editing & Research Services",writing-editing-research-services,68,Explainer Video Script Writers,explainer-video-script-writers,,,,
Professional Services,professional-services,14,"Writing, Editing & Research Services",writing-editing-research-services,69,Pitch Deck Writers,pitch-deck-writers,,,,
Professional Services,professional-services,14,"Writing, Editing & Research Services",writing-editing-research-services,70,Sales Page Writers,sales-page-writers,,,,
Professional Services,professional-services,14,"Writing, Editing & Research Services",writing-editing-research-services,71,Direct Response Copywriters,writing-editing-research-services-direct-response-copywriters,,,,
Professional Services,professional-services,14,"Writing, Editing & Research Services",writing-editing-research-services,72,Long-Form Sales Letter Writers,long-form-sales-letter-writers,,,,
Professional Services,professional-services,14,"Writing, Editing & Research Services",writing-editing-research-services,73,Webinar Script Writers,webinar-script-writers,,,,
Professional Services,professional-services,14,"Writing, Editing & Research Services",writing-editing-research-services,74,Email Sequence Writers,email-sequence-writers,,,,
Professional Services,professional-services,14,"Writing, Editing & Research Services",writing-editing-research-services,75,Cold Email Writers,cold-email-writers,,,,
Professional Services,professional-services,14,"Writing, Editing & Research Services",writing-editing-research-services,76,Newsletter Writers,writing-editing-research-services-newsletter-writers,,,,
Professional Services,professional-services,14,"Writing, Editing & Research Services",writing-editing-research-services,77,Substack Ghostwriters,substack-ghostwriters,,,,
Professional Services,professional-services,14,"Writing, Editing & Research Services",writing-editing-research-services,78,LinkedIn Ghostwriters,linkedin-ghostwriters,,,,
Professional Services,professional-services,14,"Writing, Editing & Research Services",writing-editing-research-services,79,Twitter Ghostwriters,twitter-ghostwriters,,,,
Professional Services,professional-services,14,"Writing, Editing & Research Services",writing-editing-research-services,80,Personal Brand Writers,personal-brand-writers,,,,
Professional Services,professional-services,14,"Writing, Editing & Research Services",writing-editing-research-services,81,Founder Story Writers,founder-story-writers,,,,
Professional Services,professional-services,14,"Writing, Editing & Research Services",writing-editing-research-services,82,Bio Writers,writing-editing-research-services-bio-writers,,,,
Professional Services,professional-services,14,"Writing, Editing & Research Services",writing-editing-research-services,83,Speaker Bio Writers,speaker-bio-writers,,,,
Professional Services,professional-services,14,"Writing, Editing & Research Services",writing-editing-research-services,84,Author Bio Writers,author-bio-writers,,,,
Professional Services,professional-services,14,"Writing, Editing & Research Services",writing-editing-research-services,85,About Page Writers,about-page-writers,,,,
Professional Services,professional-services,14,"Writing, Editing & Research Services",writing-editing-research-services,86,Wedding Speech Writers,writing-editing-research-services-wedding-speech-writers,,,,
Professional Services,professional-services,14,"Writing, Editing & Research Services",writing-editing-research-services,87,Best Man Speech Writers,best-man-speech-writers,,,,
Professional Services,professional-services,14,"Writing, Editing & Research Services",writing-editing-research-services,88,Maid of Honor Speech Writers,maid-of-honor-speech-writers,,,,
Professional Services,professional-services,14,"Writing, Editing & Research Services",writing-editing-research-services,89,Eulogy Writers,writing-editing-research-services-eulogy-writers,,,,
Professional Services,professional-services,14,"Writing, Editing & Research Services",writing-editing-research-services,90,Toast Writers,toast-writers,,,,
Professional Services,professional-services,14,"Writing, Editing & Research Services",writing-editing-research-services,91,Wedding Vow Writers,writing-editing-research-services-wedding-vow-writers,,,,
Professional Services,professional-services,14,"Writing, Editing & Research Services",writing-editing-research-services,92,Wedding Officiant Speech Writers,wedding-officiant-speech-writers,,,,
Professional Services,professional-services,14,"Writing, Editing & Research Services",writing-editing-research-services,93,Award Acceptance Speech Writers,award-acceptance-speech-writers,,,,
Professional Services,professional-services,14,"Writing, Editing & Research Services",writing-editing-research-services,94,Commencement Speech Writers,commencement-speech-writers,,,,
Professional Services,professional-services,14,"Writing, Editing & Research Services",writing-editing-research-services,95,Resume Writers,writing-editing-research-services-resume-writers,,,,
Professional Services,professional-services,14,"Writing, Editing & Research Services",writing-editing-research-services,96,Executive Resume Writers,executive-resume-writers,,,,
Professional Services,professional-services,14,"Writing, Editing & Research Services",writing-editing-research-services,97,Tech Resume Writers,tech-resume-writers,,,,
Professional Services,professional-services,14,"Writing, Editing & Research Services",writing-editing-research-services,98,Federal Resume Writers,federal-resume-writers,,,,
Professional Services,professional-services,14,"Writing, Editing & Research Services",writing-editing-research-services,99,Military to Civilian Resume Writers,military-to-civilian-resume-writers,,,,
Professional Services,professional-services,14,"Writing, Editing & Research Services",writing-editing-research-services,100,ATS Optimization Resume Writers,ats-optimization-resume-writers,,,,
Professional Services,professional-services,14,"Writing, Editing & Research Services",writing-editing-research-services,101,Career Change Resume Writers,career-change-resume-writers,,,,
Professional Services,professional-services,14,"Writing, Editing & Research Services",writing-editing-research-services,102,LinkedIn Profile Writers,writing-editing-research-services-linkedin-profile-writers,,,,
Professional Services,professional-services,14,"Writing, Editing & Research Services",writing-editing-research-services,103,Cover Letter Writers,cover-letter-writers,,,,
Professional Services,professional-services,14,"Writing, Editing & Research Services",writing-editing-research-services,104,Personal Statement Writers,writing-editing-research-services-personal-statement-writers,,,,
Professional Services,professional-services,14,"Writing, Editing & Research Services",writing-editing-research-services,105,College Application Essay Writers,college-application-essay-writers,,,,
Professional Services,professional-services,14,"Writing, Editing & Research Services",writing-editing-research-services,106,MBA Application Essay Writers,mba-application-essay-writers,,,,
Professional Services,professional-services,14,"Writing, Editing & Research Services",writing-editing-research-services,107,Med School Application Writers,med-school-application-writers,,,,
Professional Services,professional-services,14,"Writing, Editing & Research Services",writing-editing-research-services,108,Law School Application Writers,law-school-application-writers,,,,
Professional Services,professional-services,14,"Writing, Editing & Research Services",writing-editing-research-services,109,Scholarship Essay Writers,scholarship-essay-writers,,,,
Professional Services,professional-services,14,"Writing, Editing & Research Services",writing-editing-research-services,110,Grant Writers,writing-editing-research-services-grant-writers,,,,
Professional Services,professional-services,14,"Writing, Editing & Research Services",writing-editing-research-services,111,Federal Grant Writers,federal-grant-writers,,,,
Professional Services,professional-services,14,"Writing, Editing & Research Services",writing-editing-research-services,112,State Grant Writers,state-grant-writers,,,,
Professional Services,professional-services,14,"Writing, Editing & Research Services",writing-editing-research-services,113,Foundation Grant Writers,foundation-grant-writers,,,,
Professional Services,professional-services,14,"Writing, Editing & Research Services",writing-editing-research-services,114,Nonprofit Grant Writers,nonprofit-grant-writers,1,Nonprofit Advisory,Grant Writing Service,nonprofit-advisory-grant-writing-service
Professional Services,professional-services,14,"Writing, Editing & Research Services",writing-editing-research-services,115,Small Business Grant Writers,small-business-grant-writers,,,,
Professional Services,professional-services,14,"Writing, Editing & Research Services",writing-editing-research-services,116,Research Grant Writers,research-grant-writers,,,,
Professional Services,professional-services,14,"Writing, Editing & Research Services",writing-editing-research-services,117,SBIR Grant Writers,sbir-grant-writers,,,,
Professional Services,professional-services,14,"Writing, Editing & Research Services",writing-editing-research-services,118,STTR Grant Writers,sttr-grant-writers,,,,
Professional Services,professional-services,14,"Writing, Editing & Research Services",writing-editing-research-services,119,Arts Grant Writers,arts-grant-writers,,,,
Professional Services,professional-services,14,"Writing, Editing & Research Services",writing-editing-research-services,120,Music Grant Writers,music-grant-writers,,,,
Professional Services,professional-services,14,"Writing, Editing & Research Services",writing-editing-research-services,121,Film Grant Writers,film-grant-writers,,,,
Professional Services,professional-services,14,"Writing, Editing & Research Services",writing-editing-research-services,122,Education Grant Writers,education-grant-writers,,,,
Professional Services,professional-services,14,"Writing, Editing & Research Services",writing-editing-research-services,123,Healthcare Grant Writers,healthcare-grant-writers,,,,
Professional Services,professional-services,14,"Writing, Editing & Research Services",writing-editing-research-services,124,Climate Grant Writers,climate-grant-writers,,,,
Professional Services,professional-services,14,"Writing, Editing & Research Services",writing-editing-research-services,125,Sustainability Grant Writers,sustainability-grant-writers,,,,
Professional Services,professional-services,14,"Writing, Editing & Research Services",writing-editing-research-services,126,Press Release Writers,writing-editing-research-services-press-release-writers,,,,
Professional Services,professional-services,14,"Writing, Editing & Research Services",writing-editing-research-services,127,Wire Distribution Services,wire-distribution-services,,,,
Professional Services,professional-services,14,"Writing, Editing & Research Services",writing-editing-research-services,128,Media Pitch Writers,media-pitch-writers,,,,
Professional Services,professional-services,14,"Writing, Editing & Research Services",writing-editing-research-services,129,Op-Ed Writers,op-ed-writers,,,,
Professional Services,professional-services,14,"Writing, Editing & Research Services",writing-editing-research-services,130,Editorial Writers,editorial-writers,,,,
Professional Services,professional-services,14,"Writing, Editing & Research Services",writing-editing-research-services,131,Thought Leadership Writers,thought-leadership-writers,,,,
Professional Services,professional-services,14,"Writing, Editing & Research Services",writing-editing-research-services,132,White Paper Writers,white-paper-writers,1,Courier Services,White Glove Delivery,courier-services-white-glove-delivery
Professional Services,professional-services,14,"Writing, Editing & Research Services",writing-editing-research-services,133,Case Study Writers,writing-editing-research-services-case-study-writers,,,,
Professional Services,professional-services,14,"Writing, Editing & Research Services",writing-editing-research-services,134,Customer Story Writers,customer-story-writers,,,,
Professional Services,professional-services,14,"Writing, Editing & Research Services",writing-editing-research-services,135,B2B Case Study Writers,b2b-case-study-writers,,,,
Professional Services,professional-services,14,"Writing, Editing & Research Services",writing-editing-research-services,136,Annual Report Writers,annual-report-writers,1,Compliance Services,Annual Report Filing,compliance-services-annual-report-filing
Professional Services,professional-services,14,"Writing, Editing & Research Services",writing-editing-research-services,137,Sustainability Report Writers,sustainability-report-writers,,,,
Professional Services,professional-services,14,"Writing, Editing & Research Services",writing-editing-research-services,138,Corporate Communications Writers,corporate-communications-writers,,,,
Professional Services,professional-services,14,"Writing, Editing & Research Services",writing-editing-research-services,139,Investor Communications Writers,investor-communications-writers,,,,
Professional Services,professional-services,14,"Writing, Editing & Research Services",writing-editing-research-services,140,IPO Prospectus Writers,ipo-prospectus-writers,,,,
Professional Services,professional-services,14,"Writing, Editing & Research Services",writing-editing-research-services,141,Pitch Deck Copywriters,pitch-deck-copywriters,,,,
Professional Services,professional-services,14,"Writing, Editing & Research Services",writing-editing-research-services,142,Branding Copywriters,branding-copywriters,,,,
Professional Services,professional-services,14,"Writing, Editing & Research Services",writing-editing-research-services,143,Website Copywriters,website-copywriters,,,,
Professional Services,professional-services,14,"Writing, Editing & Research Services",writing-editing-research-services,144,About Us Page Writers,about-us-page-writers,,,,
Professional Services,professional-services,14,"Writing, Editing & Research Services",writing-editing-research-services,145,Service Page Writers,service-page-writers,1,Writing Services,Copywriting,writing-services-copywriting
Professional Services,professional-services,14,"Writing, Editing & Research Services",writing-editing-research-services,145,Service Page Writers,service-page-writers,2,Writing Services,Technical Writing,writing-services-technical-writing
Professional Services,professional-services,14,"Writing, Editing & Research Services",writing-editing-research-services,145,Service Page Writers,service-page-writers,3,Writing Services,Ghostwriting,writing-services-ghostwriting
Professional Services,professional-services,14,"Writing, Editing & Research Services",writing-editing-research-services,145,Service Page Writers,service-page-writers,4,Writing Services,Speechwriting,writing-services-speechwriting
Professional Services,professional-services,14,"Writing, Editing & Research Services",writing-editing-research-services,145,Service Page Writers,service-page-writers,5,Writing Services,Grant Writing,writing-services-grant-writing
Professional Services,professional-services,14,"Writing, Editing & Research Services",writing-editing-research-services,145,Service Page Writers,service-page-writers,6,Writing Services,Resume Writing,writing-services-resume-writing
Professional Services,professional-services,14,"Writing, Editing & Research Services",writing-editing-research-services,145,Service Page Writers,service-page-writers,7,Writing Services,Business Writing,writing-services-business-writing
Professional Services,professional-services,14,"Writing, Editing & Research Services",writing-editing-research-services,145,Service Page Writers,service-page-writers,8,Writing Services,Medical Writing,writing-services-medical-writing
Professional Services,professional-services,14,"Writing, Editing & Research Services",writing-editing-research-services,145,Service Page Writers,service-page-writers,9,Writing Services,Legal Writing,writing-services-legal-writing
Professional Services,professional-services,14,"Writing, Editing & Research Services",writing-editing-research-services,145,Service Page Writers,service-page-writers,10,Writing Services,Academic Writing,writing-services-academic-writing
Professional Services,professional-services,14,"Writing, Editing & Research Services",writing-editing-research-services,146,Product Description Writers,writing-editing-research-services-product-description-writers,,,,
Professional Services,professional-services,14,"Writing, Editing & Research Services",writing-editing-research-services,147,Amazon Listing Copywriters,amazon-listing-copywriters,,,,
Professional Services,professional-services,14,"Writing, Editing & Research Services",writing-editing-research-services,148,Etsy Listing Writers,writing-editing-research-services-etsy-listing-writers,,,,
Professional Services,professional-services,14,"Writing, Editing & Research Services",writing-editing-research-services,149,Real Estate Listing Writers,writing-editing-research-services-real-estate-listing-writers,,,,
Professional Services,professional-services,14,"Writing, Editing & Research Services",writing-editing-research-services,150,SEO Content Writers,seo-content-writers,,,,
Professional Services,professional-services,14,"Writing, Editing & Research Services",writing-editing-research-services,151,SEO Blog Writers,seo-blog-writers,,,,
Professional Services,professional-services,14,"Writing, Editing & Research Services",writing-editing-research-services,152,Programmatic SEO Writers,programmatic-seo-writers,,,,
Professional Services,professional-services,14,"Writing, Editing & Research Services",writing-editing-research-services,153,Cluster Content Writers,cluster-content-writers,,,,
Professional Services,professional-services,14,"Writing, Editing & Research Services",writing-editing-research-services,154,Pillar Content Writers,pillar-content-writers,,,,
Professional Services,professional-services,14,"Writing, Editing & Research Services",writing-editing-research-services,155,Long-Form Blog Writers,writing-editing-research-services-long-form-blog-writers,,,,
Professional Services,professional-services,14,"Writing, Editing & Research Services",writing-editing-research-services,156,How-To Article Writers,how-to-article-writers,,,,
Professional Services,professional-services,14,"Writing, Editing & Research Services",writing-editing-research-services,157,Listicle Writers,listicle-writers,,,,
Professional Services,professional-services,14,"Writing, Editing & Research Services",writing-editing-research-services,158,Roundup Writers,roundup-writers,,,,
Professional Services,professional-services,14,"Writing, Editing & Research Services",writing-editing-research-services,159,Comparison Article Writers,comparison-article-writers,,,,
Professional Services,professional-services,14,"Writing, Editing & Research Services",writing-editing-research-services,160,Affiliate Content Writers,affiliate-content-writers,,,,
Professional Services,professional-services,14,"Writing, Editing & Research Services",writing-editing-research-services,161,Review Content Writers,review-content-writers,,,,
Professional Services,professional-services,14,"Writing, Editing & Research Services",writing-editing-research-services,162,Niche Site Writers,niche-site-writers,,,,
Professional Services,professional-services,14,"Writing, Editing & Research Services",writing-editing-research-services,163,Editors,editors,,,,
Professional Services,professional-services,14,"Writing, Editing & Research Services",writing-editing-research-services,164,Developmental Editors,developmental-editors,,,,
Professional Services,professional-services,14,"Writing, Editing & Research Services",writing-editing-research-services,165,Substantive Editors,substantive-editors,,,,
Professional Services,professional-services,14,"Writing, Editing & Research Services",writing-editing-research-services,166,Line Editors,line-editors,,,,
Professional Services,professional-services,14,"Writing, Editing & Research Services",writing-editing-research-services,167,Copy Editors,copy-editors,,,,
Professional Services,professional-services,14,"Writing, Editing & Research Services",writing-editing-research-services,168,Proofreaders,proofreaders,,,,
Professional Services,professional-services,14,"Writing, Editing & Research Services",writing-editing-research-services,169,Beta Readers,beta-readers,,,,
Professional Services,professional-services,14,"Writing, Editing & Research Services",writing-editing-research-services,170,Sensitivity Readers,sensitivity-readers,,,,
Professional Services,professional-services,14,"Writing, Editing & Research Services",writing-editing-research-services,171,Fact Checkers,fact-checkers,,,,
Professional Services,professional-services,14,"Writing, Editing & Research Services",writing-editing-research-services,172,Plagiarism Checkers,plagiarism-checkers,,,,
Professional Services,professional-services,14,"Writing, Editing & Research Services",writing-editing-research-services,173,Research Assistants,research-assistants,,,,
Professional Services,professional-services,14,"Writing, Editing & Research Services",writing-editing-research-services,174,Library Researchers,library-researchers,,,,
Professional Services,professional-services,14,"Writing, Editing & Research Services",writing-editing-research-services,175,Academic Researchers,academic-researchers,,,,
Professional Services,professional-services,14,"Writing, Editing & Research Services",writing-editing-research-services,176,Genealogy Researchers,genealogy-researchers,,,,
Professional Services,professional-services,14,"Writing, Editing & Research Services",writing-editing-research-services,177,Historical Researchers,historical-researchers,,,,
Professional Services,professional-services,14,"Writing, Editing & Research Services",writing-editing-research-services,178,Title Researchers,title-researchers,,,,
Professional Services,professional-services,14,"Writing, Editing & Research Services",writing-editing-research-services,179,Patent Researchers,patent-researchers,,,,
Professional Services,professional-services,14,"Writing, Editing & Research Services",writing-editing-research-services,180,Legal Researchers,legal-researchers,,,,
Professional Services,professional-services,14,"Writing, Editing & Research Services",writing-editing-research-services,181,Market Researchers for Hire,market-researchers-for-hire,,,,
Professional Services,professional-services,14,"Writing, Editing & Research Services",writing-editing-research-services,182,Investigative Researchers,investigative-researchers,,,,
Professional Services,professional-services,14,"Writing, Editing & Research Services",writing-editing-research-services,183,Background Researchers,background-researchers,,,,
Professional Services,professional-services,14,"Writing, Editing & Research Services",writing-editing-research-services,184,Due Diligence Researchers,due-diligence-researchers,,,,
Professional Services,professional-services,14,"Writing, Editing & Research Services",writing-editing-research-services,185,Open Source Intelligence Researchers,open-source-intelligence-researchers,,,,
Professional Services,professional-services,14,"Writing, Editing & Research Services",writing-editing-research-services,186,OSINT Investigators,osint-investigators,,,,
Professional Services,professional-services,14,"Writing, Editing & Research Services",writing-editing-research-services,187,Skip Tracers,skip-tracers,,,,
Professional Services,professional-services,14,"Writing, Editing & Research Services",writing-editing-research-services,188,People Locators,people-locators,,,,
Professional Services,professional-services,14,"Writing, Editing & Research Services",writing-editing-research-services,189,Asset Locators,asset-locators,,,,
Professional Services,professional-services,14,"Writing, Editing & Research Services",writing-editing-research-services,190,Court Records Researchers,court-records-researchers,,,,
Professional Services,professional-services,14,"Writing, Editing & Research Services",writing-editing-research-services,191,Public Records Researchers,public-records-researchers,,,,
Professional Services,professional-services,14,"Writing, Editing & Research Services",writing-editing-research-services,192,Vital Records Researchers,vital-records-researchers,,,,
Professional Services,professional-services,14,"Writing, Editing & Research Services",writing-editing-research-services,193,Land Records Researchers,land-records-researchers,,,,
Professional Services,professional-services,14,"Writing, Editing & Research Services",writing-editing-research-services,194,Probate Records Researchers,probate-records-researchers,,,,
Professional Services,professional-services,14,"Writing, Editing & Research Services",writing-editing-research-services,195,Cemetery Researchers,cemetery-researchers,,,,
Professional Services,professional-services,14,"Writing, Editing & Research Services",writing-editing-research-services,196,Military Records Researchers,military-records-researchers,,,,
Professional Services,professional-services,14,"Writing, Editing & Research Services",writing-editing-research-services,197,Immigration Records Researchers,immigration-records-researchers,,,,
Professional Services,professional-services,15,Private Investigators & Forensic Services,private-investigators-forensic-services,1,Licensed Private Investigators,licensed-private-investigators,,,,
Professional Services,professional-services,15,Private Investigators & Forensic Services,private-investigators-forensic-services,2,Surveillance Investigators,surveillance-investigators,1,Surveillance,CCTV Installation,surveillance-cctv-installation
Professional Services,professional-services,15,Private Investigators & Forensic Services,private-investigators-forensic-services,2,Surveillance Investigators,surveillance-investigators,2,Surveillance,Access Control,surveillance-access-control
Professional Services,professional-services,15,Private Investigators & Forensic Services,private-investigators-forensic-services,2,Surveillance Investigators,surveillance-investigators,3,Surveillance,Alarm Monitoring,surveillance-alarm-monitoring
Professional Services,professional-services,15,Private Investigators & Forensic Services,private-investigators-forensic-services,2,Surveillance Investigators,surveillance-investigators,4,Surveillance,Fire Alarm,surveillance-fire-alarm
Professional Services,professional-services,15,Private Investigators & Forensic Services,private-investigators-forensic-services,2,Surveillance Investigators,surveillance-investigators,5,Surveillance,Intrusion Detection,surveillance-intrusion-detection
Professional Services,professional-services,15,Private Investigators & Forensic Services,private-investigators-forensic-services,2,Surveillance Investigators,surveillance-investigators,6,Surveillance,Video Surveillance,surveillance-video-surveillance
Professional Services,professional-services,15,Private Investigators & Forensic Services,private-investigators-forensic-services,2,Surveillance Investigators,surveillance-investigators,7,Surveillance,Remote Monitoring,surveillance-remote-monitoring
Professional Services,professional-services,15,Private Investigators & Forensic Services,private-investigators-forensic-services,2,Surveillance Investigators,surveillance-investigators,8,Surveillance,Guard Tour System,surveillance-guard-tour-system
Professional Services,professional-services,15,Private Investigators & Forensic Services,private-investigators-forensic-services,2,Surveillance Investigators,surveillance-investigators,9,Surveillance,License Plate Recognition,surveillance-license-plate-recognition
Professional Services,professional-services,15,Private Investigators & Forensic Services,private-investigators-forensic-services,3,Mobile Surveillance Teams,mobile-surveillance-teams,,,,
Professional Services,professional-services,15,Private Investigators & Forensic Services,private-investigators-forensic-services,4,Stationary Surveillance Investigators,stationary-surveillance-investigators,,,,
Professional Services,professional-services,15,Private Investigators & Forensic Services,private-investigators-forensic-services,5,GPS Tracking Investigators,gps-tracking-investigators,,,,
Professional Services,professional-services,15,Private Investigators & Forensic Services,private-investigators-forensic-services,6,Drone Surveillance Investigators,drone-surveillance-investigators,,,,
Professional Services,professional-services,15,Private Investigators & Forensic Services,private-investigators-forensic-services,7,Cheating Spouse Investigators,cheating-spouse-investigators,,,,
Professional Services,professional-services,15,Private Investigators & Forensic Services,private-investigators-forensic-services,8,Infidelity Investigators,infidelity-investigators,,,,
Professional Services,professional-services,15,Private Investigators & Forensic Services,private-investigators-forensic-services,9,Domestic Investigators,domestic-investigators,,,,
Professional Services,professional-services,15,Private Investigators & Forensic Services,private-investigators-forensic-services,10,Child Custody Investigators,child-custody-investigators,,,,
Professional Services,professional-services,15,Private Investigators & Forensic Services,private-investigators-forensic-services,11,Hidden Asset Investigators,hidden-asset-investigators,,,,
Professional Services,professional-services,15,Private Investigators & Forensic Services,private-investigators-forensic-services,12,Pre-Marital Background Investigators,pre-marital-background-investigators,,,,
Professional Services,professional-services,15,Private Investigators & Forensic Services,private-investigators-forensic-services,13,Online Dating Verification Services,online-dating-verification-services,,,,
Professional Services,professional-services,15,Private Investigators & Forensic Services,private-investigators-forensic-services,14,Catfishing Investigators,catfishing-investigators,,,,
Professional Services,professional-services,15,Private Investigators & Forensic Services,private-investigators-forensic-services,15,Romance Scam Investigators,romance-scam-investigators,,,,
Professional Services,professional-services,15,Private Investigators & Forensic Services,private-investigators-forensic-services,16,Workers Comp Fraud Investigators,workers-comp-fraud-investigators,,,,
Professional Services,professional-services,15,Private Investigators & Forensic Services,private-investigators-forensic-services,17,Insurance Fraud Investigators,insurance-fraud-investigators,,,,
Professional Services,professional-services,15,Private Investigators & Forensic Services,private-investigators-forensic-services,18,Disability Fraud Investigators,disability-fraud-investigators,,,,
Professional Services,professional-services,15,Private Investigators & Forensic Services,private-investigators-forensic-services,19,Auto Insurance Fraud Investigators,auto-insurance-fraud-investigators,1,Commercial Insurance,Commercial Auto,commercial-insurance-commercial-auto
Professional Services,professional-services,15,Private Investigators & Forensic Services,private-investigators-forensic-services,19,Auto Insurance Fraud Investigators,auto-insurance-fraud-investigators,2,Individual Insurance,Auto Insurance,individual-insurance-auto-insurance
Professional Services,professional-services,15,Private Investigators & Forensic Services,private-investigators-forensic-services,20,Arson Investigators,arson-investigators,,,,
Professional Services,professional-services,15,Private Investigators & Forensic Services,private-investigators-forensic-services,21,Fire Origin Investigators,fire-origin-investigators,,,,
Professional Services,professional-services,15,Private Investigators & Forensic Services,private-investigators-forensic-services,22,Workplace Investigators,workplace-investigators,,,,
Professional Services,professional-services,15,Private Investigators & Forensic Services,private-investigators-forensic-services,23,Title VII Investigators,title-vii-investigators,,,,
Professional Services,professional-services,15,Private Investigators & Forensic Services,private-investigators-forensic-services,24,Sexual Harassment Investigators,sexual-harassment-investigators,,,,
Professional Services,professional-services,15,Private Investigators & Forensic Services,private-investigators-forensic-services,25,Workplace Misconduct Investigators,workplace-misconduct-investigators,,,,
Professional Services,professional-services,15,Private Investigators & Forensic Services,private-investigators-forensic-services,26,Whistleblower Investigators,whistleblower-investigators,,,,
Professional Services,professional-services,15,Private Investigators & Forensic Services,private-investigators-forensic-services,27,Corporate Espionage Investigators,corporate-espionage-investigators,,,,
Professional Services,professional-services,15,Private Investigators & Forensic Services,private-investigators-forensic-services,28,Trade Secret Theft Investigators,trade-secret-theft-investigators,,,,
Professional Services,professional-services,15,Private Investigators & Forensic Services,private-investigators-forensic-services,29,Intellectual Property Investigators,intellectual-property-investigators,1,Appraisal Services,Intellectual Property Valuation,appraisal-services-intellectual-property-valuation
Professional Services,professional-services,15,Private Investigators & Forensic Services,private-investigators-forensic-services,30,Counterfeit Investigators,counterfeit-investigators,,,,
Professional Services,professional-services,15,Private Investigators & Forensic Services,private-investigators-forensic-services,31,Brand Protection Investigators,brand-protection-investigators,,,,
Professional Services,professional-services,15,Private Investigators & Forensic Services,private-investigators-forensic-services,32,Trademark Infringement Investigators,trademark-infringement-investigators,,,,
Professional Services,professional-services,15,Private Investigators & Forensic Services,private-investigators-forensic-services,33,Background Check Companies,background-check-companies,,,,
Professional Services,professional-services,15,Private Investigators & Forensic Services,private-investigators-forensic-services,34,Pre-Employment Background Check Services,pre-employment-background-check-services,,,,
Professional Services,professional-services,15,Private Investigators & Forensic Services,private-investigators-forensic-services,35,Tenant Background Check Services,tenant-background-check-services,,,,
Professional Services,professional-services,15,Private Investigators & Forensic Services,private-investigators-forensic-services,36,Volunteer Background Check Services,volunteer-background-check-services,,,,
Professional Services,professional-services,15,Private Investigators & Forensic Services,private-investigators-forensic-services,37,Nanny Background Check Services,nanny-background-check-services,,,,
Professional Services,professional-services,15,Private Investigators & Forensic Services,private-investigators-forensic-services,38,Pre-Marital Background Check Services,pre-marital-background-check-services,,,,
Professional Services,professional-services,15,Private Investigators & Forensic Services,private-investigators-forensic-services,39,Healthcare Background Check Services,healthcare-background-check-services,,,,
Professional Services,professional-services,15,Private Investigators & Forensic Services,private-investigators-forensic-services,40,Driver Background Check Services,driver-background-check-services,,,,
Professional Services,professional-services,15,Private Investigators & Forensic Services,private-investigators-forensic-services,41,Coach Background Check Services,coach-background-check-services,,,,
Professional Services,professional-services,15,Private Investigators & Forensic Services,private-investigators-forensic-services,42,Federal Background Check Services,federal-background-check-services,,,,
Professional Services,professional-services,15,Private Investigators & Forensic Services,private-investigators-forensic-services,43,Credit Check Services,credit-check-services,1,Trade Services,Letter of Credit,trade-services-letter-of-credit
Professional Services,professional-services,15,Private Investigators & Forensic Services,private-investigators-forensic-services,44,Criminal Records Search Services,criminal-records-search-services,,,,
Professional Services,professional-services,15,Private Investigators & Forensic Services,private-investigators-forensic-services,45,Sex Offender Registry Searches,sex-offender-registry-searches,,,,
Professional Services,professional-services,15,Private Investigators & Forensic Services,private-investigators-forensic-services,46,Driving Record Search Services,driving-record-search-services,,,,
Professional Services,professional-services,15,Private Investigators & Forensic Services,private-investigators-forensic-services,47,Civil Records Search Services,civil-records-search-services,,,,
Professional Services,professional-services,15,Private Investigators & Forensic Services,private-investigators-forensic-services,48,Education Verification Services,education-verification-services,,,,
Professional Services,professional-services,15,Private Investigators & Forensic Services,private-investigators-forensic-services,49,Employment Verification Services,employment-verification-services,,,,
Professional Services,professional-services,15,Private Investigators & Forensic Services,private-investigators-forensic-services,50,Reference Check Services,reference-check-services,,,,
Professional Services,professional-services,15,Private Investigators & Forensic Services,private-investigators-forensic-services,51,License Verification Services,license-verification-services,1,Trade Services,Import/Export License,trade-services-import-export-license
Professional Services,professional-services,15,Private Investigators & Forensic Services,private-investigators-forensic-services,51,License Verification Services,license-verification-services,2,License & Permit,Business License Service,license-permit-business-license-service
Professional Services,professional-services,15,Private Investigators & Forensic Services,private-investigators-forensic-services,51,License Verification Services,license-verification-services,3,License & Permit,Building Permit Service,license-permit-building-permit-service
Professional Services,professional-services,15,Private Investigators & Forensic Services,private-investigators-forensic-services,52,Professional Verification Services,professional-verification-services,,,,
Professional Services,professional-services,15,Private Investigators & Forensic Services,private-investigators-forensic-services,53,Identity Verification Services,identity-verification-services,,,,
Professional Services,professional-services,15,Private Investigators & Forensic Services,private-investigators-forensic-services,54,Process Servers,process-servers,,,,
Professional Services,professional-services,15,Private Investigators & Forensic Services,private-investigators-forensic-services,55,Court Process Servers,court-process-servers,,,,
Professional Services,professional-services,15,Private Investigators & Forensic Services,private-investigators-forensic-services,56,Subpoena Servers,subpoena-servers,,,,
Professional Services,professional-services,15,Private Investigators & Forensic Services,private-investigators-forensic-services,57,Eviction Notice Servers,eviction-notice-servers,,,,
Professional Services,professional-services,15,Private Investigators & Forensic Services,private-investigators-forensic-services,58,Restraining Order Servers,restraining-order-servers,,,,
Professional Services,professional-services,15,Private Investigators & Forensic Services,private-investigators-forensic-services,59,Skip Tracing Process Servers,skip-tracing-process-servers,,,,
Professional Services,professional-services,15,Private Investigators & Forensic Services,private-investigators-forensic-services,60,Hard-to-Serve Specialists,hard-to-serve-specialists,,,,
Professional Services,professional-services,15,Private Investigators & Forensic Services,private-investigators-forensic-services,61,Court Reporters,court-reporters,,,,
Professional Services,professional-services,15,Private Investigators & Forensic Services,private-investigators-forensic-services,62,Stenographers,stenographers,,,,
Professional Services,professional-services,15,Private Investigators & Forensic Services,private-investigators-forensic-services,63,Realtime Court Reporters,realtime-court-reporters,,,,
Professional Services,professional-services,15,Private Investigators & Forensic Services,private-investigators-forensic-services,64,Closed Captioning Court Reporters,closed-captioning-court-reporters,,,,
Professional Services,professional-services,15,Private Investigators & Forensic Services,private-investigators-forensic-services,65,Deposition Reporters,deposition-reporters,,,,
Professional Services,professional-services,15,Private Investigators & Forensic Services,private-investigators-forensic-services,66,Hearing Reporters,hearing-reporters,,,,
Professional Services,professional-services,15,Private Investigators & Forensic Services,private-investigators-forensic-services,67,Trial Reporters,trial-reporters,,,,
Professional Services,professional-services,15,Private Investigators & Forensic Services,private-investigators-forensic-services,68,Arbitration Reporters,arbitration-reporters,,,,
Professional Services,professional-services,15,Private Investigators & Forensic Services,private-investigators-forensic-services,69,Mediation Reporters,mediation-reporters,,,,
Professional Services,professional-services,15,Private Investigators & Forensic Services,private-investigators-forensic-services,70,Audio Transcription Services,audio-transcription-services,,,,
Professional Services,professional-services,15,Private Investigators & Forensic Services,private-investigators-forensic-services,71,Video Transcription Services,video-transcription-services,1,Video & Photo,Commercial Photography,video-photo-commercial-photography
Professional Services,professional-services,15,Private Investigators & Forensic Services,private-investigators-forensic-services,71,Video Transcription Services,video-transcription-services,2,Video & Photo,Video Production,video-photo-video-production
Professional Services,professional-services,15,Private Investigators & Forensic Services,private-investigators-forensic-services,71,Video Transcription Services,video-transcription-services,3,Video & Photo,Animation,video-photo-animation
Professional Services,professional-services,15,Private Investigators & Forensic Services,private-investigators-forensic-services,71,Video Transcription Services,video-transcription-services,4,Video & Photo,Drone Photography,video-photo-drone-photography
Professional Services,professional-services,15,Private Investigators & Forensic Services,private-investigators-forensic-services,71,Video Transcription Services,video-transcription-services,5,Video & Photo,Studio Photography,video-photo-studio-photography
Professional Services,professional-services,15,Private Investigators & Forensic Services,private-investigators-forensic-services,71,Video Transcription Services,video-transcription-services,6,Video & Photo,Post-Production,video-photo-post-production
Professional Services,professional-services,15,Private Investigators & Forensic Services,private-investigators-forensic-services,71,Video Transcription Services,video-transcription-services,7,Video & Photo,Color Grading,video-photo-color-grading
Professional Services,professional-services,15,Private Investigators & Forensic Services,private-investigators-forensic-services,71,Video Transcription Services,video-transcription-services,8,Video & Photo,Motion Graphics,video-photo-motion-graphics
Professional Services,professional-services,15,Private Investigators & Forensic Services,private-investigators-forensic-services,71,Video Transcription Services,video-transcription-services,9,Video & Photo,Audio Production,video-photo-audio-production
Professional Services,professional-services,15,Private Investigators & Forensic Services,private-investigators-forensic-services,71,Video Transcription Services,video-transcription-services,10,Video & Photo,Voiceover Services,video-photo-voiceover-services
Professional Services,professional-services,15,Private Investigators & Forensic Services,private-investigators-forensic-services,72,Legal Transcription Services,private-investigators-forensic-services-legal-transcription-services,,,,
Professional Services,professional-services,15,Private Investigators & Forensic Services,private-investigators-forensic-services,73,Medical Transcription Services,private-investigators-forensic-services-medical-transcription-services,,,,
Professional Services,professional-services,15,Private Investigators & Forensic Services,private-investigators-forensic-services,74,Academic Transcription Services,private-investigators-forensic-services-academic-transcription-services,,,,
Professional Services,professional-services,15,Private Investigators & Forensic Services,private-investigators-forensic-services,75,Forensic Examiners,forensic-examiners,,,,
Professional Services,professional-services,15,Private Investigators & Forensic Services,private-investigators-forensic-services,76,Computer Forensics Examiners,computer-forensics-examiners,,,,
Professional Services,professional-services,15,Private Investigators & Forensic Services,private-investigators-forensic-services,77,Mobile Forensics Examiners,mobile-forensics-examiners,,,,
Professional Services,professional-services,15,Private Investigators & Forensic Services,private-investigators-forensic-services,78,Cell Phone Data Recovery,cell-phone-data-recovery,,,,
Professional Services,professional-services,15,Private Investigators & Forensic Services,private-investigators-forensic-services,79,Cloud Forensics Examiners,cloud-forensics-examiners,,,,
Professional Services,professional-services,15,Private Investigators & Forensic Services,private-investigators-forensic-services,80,Network Forensics Examiners,network-forensics-examiners,,,,
Professional Services,professional-services,15,Private Investigators & Forensic Services,private-investigators-forensic-services,81,Digital Forensics Investigators,digital-forensics-investigators,,,,
Professional Services,professional-services,15,Private Investigators & Forensic Services,private-investigators-forensic-services,82,E-Discovery Investigators,e-discovery-investigators,,,,
Professional Services,professional-services,15,Private Investigators & Forensic Services,private-investigators-forensic-services,83,Email Forensics Investigators,email-forensics-investigators,,,,
Professional Services,professional-services,15,Private Investigators & Forensic Services,private-investigators-forensic-services,84,Social Media Forensics Investigators,social-media-forensics-investigators,,,,
Professional Services,professional-services,15,Private Investigators & Forensic Services,private-investigators-forensic-services,85,Forensic Document Examiners,forensic-document-examiners,,,,
Professional Services,professional-services,15,Private Investigators & Forensic Services,private-investigators-forensic-services,86,Handwriting Examiners,handwriting-examiners,,,,
Professional Services,professional-services,15,Private Investigators & Forensic Services,private-investigators-forensic-services,87,Signature Verification Experts,signature-verification-experts,,,,
Professional Services,professional-services,15,Private Investigators & Forensic Services,private-investigators-forensic-services,88,Forgery Examiners,forgery-examiners,,,,
Professional Services,professional-services,15,Private Investigators & Forensic Services,private-investigators-forensic-services,89,Forensic Engineers,forensic-engineers,,,,
Professional Services,professional-services,15,Private Investigators & Forensic Services,private-investigators-forensic-services,90,Accident Reconstruction Engineers,accident-reconstruction-engineers,,,,
Professional Services,professional-services,15,Private Investigators & Forensic Services,private-investigators-forensic-services,91,Vehicle Accident Reconstructionists,vehicle-accident-reconstructionists,1,Appraisal Services,Vehicle Appraisal,appraisal-services-vehicle-appraisal
Professional Services,professional-services,15,Private Investigators & Forensic Services,private-investigators-forensic-services,92,Truck Accident Reconstructionists,truck-accident-reconstructionists,,,,
Professional Services,professional-services,15,Private Investigators & Forensic Services,private-investigators-forensic-services,93,Motorcycle Accident Reconstructionists,motorcycle-accident-reconstructionists,,,,
Professional Services,professional-services,15,Private Investigators & Forensic Services,private-investigators-forensic-services,94,Pedestrian Accident Reconstructionists,pedestrian-accident-reconstructionists,,,,
Professional Services,professional-services,15,Private Investigators & Forensic Services,private-investigators-forensic-services,95,Bicycle Accident Reconstructionists,bicycle-accident-reconstructionists,,,,
Professional Services,professional-services,15,Private Investigators & Forensic Services,private-investigators-forensic-services,96,Construction Accident Reconstructionists,construction-accident-reconstructionists,,,,
Professional Services,professional-services,15,Private Investigators & Forensic Services,private-investigators-forensic-services,97,Industrial Accident Investigators,industrial-accident-investigators,,,,
Professional Services,professional-services,15,Private Investigators & Forensic Services,private-investigators-forensic-services,98,Workplace Accident Investigators,workplace-accident-investigators,,,,
Professional Services,professional-services,15,Private Investigators & Forensic Services,private-investigators-forensic-services,99,Slip and Fall Investigators,slip-and-fall-investigators,,,,
Professional Services,professional-services,15,Private Investigators & Forensic Services,private-investigators-forensic-services,100,Premises Liability Investigators,premises-liability-investigators,,,,
Professional Services,professional-services,15,Private Investigators & Forensic Services,private-investigators-forensic-services,101,Forensic Auditors,forensic-auditors,,,,
Professional Services,professional-services,15,Private Investigators & Forensic Services,private-investigators-forensic-services,102,Forensic Valuation Experts,forensic-valuation-experts,,,,
Professional Services,professional-services,15,Private Investigators & Forensic Services,private-investigators-forensic-services,103,Damage Calculation Experts,damage-calculation-experts,,,,
Professional Services,professional-services,15,Private Investigators & Forensic Services,private-investigators-forensic-services,104,Lost Profits Experts,lost-profits-experts,,,,
Professional Services,professional-services,15,Private Investigators & Forensic Services,private-investigators-forensic-services,105,Business Interruption Experts,business-interruption-experts,1,Commercial Insurance,Business Interruption,commercial-insurance-business-interruption
Professional Services,professional-services,15,Private Investigators & Forensic Services,private-investigators-forensic-services,106,Construction Claims Experts,construction-claims-experts,,,,
Professional Services,professional-services,15,Private Investigators & Forensic Services,private-investigators-forensic-services,107,Delay Claims Experts,delay-claims-experts,,,,
Professional Services,professional-services,15,Private Investigators & Forensic Services,private-investigators-forensic-services,108,Expert Witnesses,expert-witnesses,,,,
Professional Services,professional-services,15,Private Investigators & Forensic Services,private-investigators-forensic-services,109,Medical Expert Witnesses,medical-expert-witnesses,,,,
Professional Services,professional-services,15,Private Investigators & Forensic Services,private-investigators-forensic-services,110,Engineering Expert Witnesses,engineering-expert-witnesses,,,,
Professional Services,professional-services,15,Private Investigators & Forensic Services,private-investigators-forensic-services,111,Financial Expert Witnesses,financial-expert-witnesses,,,,
Professional Services,professional-services,15,Private Investigators & Forensic Services,private-investigators-forensic-services,112,Vocational Expert Witnesses,vocational-expert-witnesses,,,,
Professional Services,professional-services,15,Private Investigators & Forensic Services,private-investigators-forensic-services,113,Life Care Plan Experts,life-care-plan-experts,,,,
Professional Services,professional-services,15,Private Investigators & Forensic Services,private-investigators-forensic-services,114,Economist Expert Witnesses,economist-expert-witnesses,,,,
Professional Services,professional-services,15,Private Investigators & Forensic Services,private-investigators-forensic-services,115,Statistical Expert Witnesses,statistical-expert-witnesses,,,,
Professional Services,professional-services,15,Private Investigators & Forensic Services,private-investigators-forensic-services,116,DNA Expert Witnesses,dna-expert-witnesses,,,,
Professional Services,professional-services,15,Private Investigators & Forensic Services,private-investigators-forensic-services,117,Toxicology Expert Witnesses,toxicology-expert-witnesses,,,,
Professional Services,professional-services,15,Private Investigators & Forensic Services,private-investigators-forensic-services,118,Ballistics Expert Witnesses,ballistics-expert-witnesses,,,,
Professional Services,professional-services,15,Private Investigators & Forensic Services,private-investigators-forensic-services,119,Crash Data Recorder Experts,crash-data-recorder-experts,,,,
Professional Services,professional-services,15,Private Investigators & Forensic Services,private-investigators-forensic-services,120,Black Box Data Experts,black-box-data-experts,,,,
Professional Services,professional-services,15,Private Investigators & Forensic Services,private-investigators-forensic-services,121,Polygraph Examiners,polygraph-examiners,,,,
Professional Services,professional-services,15,Private Investigators & Forensic Services,private-investigators-forensic-services,122,Lie Detector Test Services,lie-detector-test-services,1,Cyber Services,Penetration Test Service,cyber-services-penetration-test-service
Professional Services,professional-services,15,Private Investigators & Forensic Services,private-investigators-forensic-services,123,CVSA Examiners,cvsa-examiners,,,,
Professional Services,professional-services,16,"PR, Marketing & Communications Firms",pr-marketing-communications-firms,1,Public Relations Firms,public-relations-firms,1,Public Relations,Media Relations,public-relations-media-relations
Professional Services,professional-services,16,"PR, Marketing & Communications Firms",pr-marketing-communications-firms,1,Public Relations Firms,public-relations-firms,2,Public Relations,Press Release,public-relations-press-release
Professional Services,professional-services,16,"PR, Marketing & Communications Firms",pr-marketing-communications-firms,1,Public Relations Firms,public-relations-firms,3,Public Relations,Crisis Communications,public-relations-crisis-communications
Professional Services,professional-services,16,"PR, Marketing & Communications Firms",pr-marketing-communications-firms,1,Public Relations Firms,public-relations-firms,4,Public Relations,Reputation Management,public-relations-reputation-management
Professional Services,professional-services,16,"PR, Marketing & Communications Firms",pr-marketing-communications-firms,1,Public Relations Firms,public-relations-firms,5,Public Relations,Thought Leadership,public-relations-thought-leadership
Professional Services,professional-services,16,"PR, Marketing & Communications Firms",pr-marketing-communications-firms,1,Public Relations Firms,public-relations-firms,6,Public Relations,Executive Visibility,public-relations-executive-visibility
Professional Services,professional-services,16,"PR, Marketing & Communications Firms",pr-marketing-communications-firms,1,Public Relations Firms,public-relations-firms,7,Public Relations,Investor Relations,public-relations-investor-relations
Professional Services,professional-services,16,"PR, Marketing & Communications Firms",pr-marketing-communications-firms,1,Public Relations Firms,public-relations-firms,8,Public Relations,Community Relations,public-relations-community-relations
Professional Services,professional-services,16,"PR, Marketing & Communications Firms",pr-marketing-communications-firms,1,Public Relations Firms,public-relations-firms,9,Public Relations,Government Relations,public-relations-government-relations
Professional Services,professional-services,16,"PR, Marketing & Communications Firms",pr-marketing-communications-firms,1,Public Relations Firms,public-relations-firms,10,Public Relations,Internal Communications,public-relations-internal-communications
Professional Services,professional-services,16,"PR, Marketing & Communications Firms",pr-marketing-communications-firms,2,B2B PR Firms,b2b-pr-firms,,,,
Professional Services,professional-services,16,"PR, Marketing & Communications Firms",pr-marketing-communications-firms,3,Tech PR Firms,tech-pr-firms,,,,
Professional Services,professional-services,16,"PR, Marketing & Communications Firms",pr-marketing-communications-firms,4,Startup PR Firms,startup-pr-firms,,,,
Professional Services,professional-services,16,"PR, Marketing & Communications Firms",pr-marketing-communications-firms,5,Crypto PR Firms,crypto-pr-firms,,,,
Professional Services,professional-services,16,"PR, Marketing & Communications Firms",pr-marketing-communications-firms,6,Healthcare PR Firms,healthcare-pr-firms,,,,
Professional Services,professional-services,16,"PR, Marketing & Communications Firms",pr-marketing-communications-firms,7,Consumer PR Firms,consumer-pr-firms,,,,
Professional Services,professional-services,16,"PR, Marketing & Communications Firms",pr-marketing-communications-firms,8,Lifestyle PR Firms,lifestyle-pr-firms,,,,
Professional Services,professional-services,16,"PR, Marketing & Communications Firms",pr-marketing-communications-firms,9,Beauty PR Firms,beauty-pr-firms,,,,
Professional Services,professional-services,16,"PR, Marketing & Communications Firms",pr-marketing-communications-firms,10,Fashion PR Firms,fashion-pr-firms,,,,
Professional Services,professional-services,16,"PR, Marketing & Communications Firms",pr-marketing-communications-firms,11,Luxury PR Firms,luxury-pr-firms,,,,
Professional Services,professional-services,16,"PR, Marketing & Communications Firms",pr-marketing-communications-firms,12,Hospitality PR Firms,hospitality-pr-firms,,,,
Professional Services,professional-services,16,"PR, Marketing & Communications Firms",pr-marketing-communications-firms,13,Travel PR Firms,travel-pr-firms,,,,
Professional Services,professional-services,16,"PR, Marketing & Communications Firms",pr-marketing-communications-firms,14,Restaurant PR Firms,restaurant-pr-firms,,,,
Professional Services,professional-services,16,"PR, Marketing & Communications Firms",pr-marketing-communications-firms,15,Food and Beverage PR Firms,food-and-beverage-pr-firms,,,,
Professional Services,professional-services,16,"PR, Marketing & Communications Firms",pr-marketing-communications-firms,16,Wine and Spirits PR Firms,wine-and-spirits-pr-firms,,,,
Professional Services,professional-services,16,"PR, Marketing & Communications Firms",pr-marketing-communications-firms,17,Cannabis PR Firms,cannabis-pr-firms,,,,
Professional Services,professional-services,16,"PR, Marketing & Communications Firms",pr-marketing-communications-firms,18,Music PR Firms,music-pr-firms,,,,
Professional Services,professional-services,16,"PR, Marketing & Communications Firms",pr-marketing-communications-firms,19,Author PR Firms,author-pr-firms,,,,
Professional Services,professional-services,16,"PR, Marketing & Communications Firms",pr-marketing-communications-firms,20,Book Publicists,book-publicists,,,,
Professional Services,professional-services,16,"PR, Marketing & Communications Firms",pr-marketing-communications-firms,21,Film Publicists,film-publicists,,,,
Professional Services,professional-services,16,"PR, Marketing & Communications Firms",pr-marketing-communications-firms,22,TV Publicists,tv-publicists,,,,
Professional Services,professional-services,16,"PR, Marketing & Communications Firms",pr-marketing-communications-firms,23,Streaming Show Publicists,streaming-show-publicists,,,,
Professional Services,professional-services,16,"PR, Marketing & Communications Firms",pr-marketing-communications-firms,24,Celebrity Publicists,celebrity-publicists,,,,
Professional Services,professional-services,16,"PR, Marketing & Communications Firms",pr-marketing-communications-firms,25,Influencer PR Firms,influencer-pr-firms,1,Event Communications,Influencer Events,event-communications-influencer-events
Professional Services,professional-services,16,"PR, Marketing & Communications Firms",pr-marketing-communications-firms,26,Personal Brand PR Firms,personal-brand-pr-firms,,,,
Professional Services,professional-services,16,"PR, Marketing & Communications Firms",pr-marketing-communications-firms,27,Founder PR Firms,founder-pr-firms,,,,
Professional Services,professional-services,16,"PR, Marketing & Communications Firms",pr-marketing-communications-firms,28,Executive PR Firms,executive-pr-firms,,,,
Professional Services,professional-services,16,"PR, Marketing & Communications Firms",pr-marketing-communications-firms,29,Crisis Communications Firms,pr-marketing-communications-firms-crisis-communications-firms,,,,
Professional Services,professional-services,16,"PR, Marketing & Communications Firms",pr-marketing-communications-firms,30,Reputation Management Firms,pr-marketing-communications-firms-reputation-management-firms,,,,
Professional Services,professional-services,16,"PR, Marketing & Communications Firms",pr-marketing-communications-firms,31,Online Reputation Management Firms,online-reputation-management-firms,,,,
Professional Services,professional-services,16,"PR, Marketing & Communications Firms",pr-marketing-communications-firms,32,Negative Review Removal Services,negative-review-removal-services,,,,
Professional Services,professional-services,16,"PR, Marketing & Communications Firms",pr-marketing-communications-firms,33,Wikipedia Editing Services,wikipedia-editing-services,,,,
Professional Services,professional-services,16,"PR, Marketing & Communications Firms",pr-marketing-communications-firms,34,Internal Communications Consultants,pr-marketing-communications-firms-internal-communications-consultants,,,,
Professional Services,professional-services,16,"PR, Marketing & Communications Firms",pr-marketing-communications-firms,35,Employee Communications Firms,employee-communications-firms,,,,
Professional Services,professional-services,16,"PR, Marketing & Communications Firms",pr-marketing-communications-firms,36,Change Communications Consultants,change-communications-consultants,,,,
Professional Services,professional-services,16,"PR, Marketing & Communications Firms",pr-marketing-communications-firms,37,Mergers Communications Consultants,mergers-communications-consultants,,,,
Professional Services,professional-services,16,"PR, Marketing & Communications Firms",pr-marketing-communications-firms,38,Investor Relations Firms,pr-marketing-communications-firms-investor-relations-firms,,,,
Professional Services,professional-services,16,"PR, Marketing & Communications Firms",pr-marketing-communications-firms,39,Financial Communications Firms,financial-communications-firms,,,,
Professional Services,professional-services,16,"PR, Marketing & Communications Firms",pr-marketing-communications-firms,40,ESG Communications Firms,esg-communications-firms,,,,
Professional Services,professional-services,16,"PR, Marketing & Communications Firms",pr-marketing-communications-firms,41,Sustainability Communications Firms,sustainability-communications-firms,,,,
Professional Services,professional-services,16,"PR, Marketing & Communications Firms",pr-marketing-communications-firms,42,Government Affairs Firms,government-affairs-firms,,,,
Professional Services,professional-services,16,"PR, Marketing & Communications Firms",pr-marketing-communications-firms,43,Public Affairs Firms,pr-marketing-communications-firms-public-affairs-firms,,,,
Professional Services,professional-services,16,"PR, Marketing & Communications Firms",pr-marketing-communications-firms,44,Federal Lobbying Firms,federal-lobbying-firms,,,,
Professional Services,professional-services,16,"PR, Marketing & Communications Firms",pr-marketing-communications-firms,45,State Lobbying Firms,state-lobbying-firms,,,,
Professional Services,professional-services,16,"PR, Marketing & Communications Firms",pr-marketing-communications-firms,46,Local Lobbying Firms,local-lobbying-firms,,,,
Professional Services,professional-services,16,"PR, Marketing & Communications Firms",pr-marketing-communications-firms,47,Coalition Building Firms,coalition-building-firms,,,,
Professional Services,professional-services,16,"PR, Marketing & Communications Firms",pr-marketing-communications-firms,48,Grassroots Campaign Firms,grassroots-campaign-firms,,,,
Professional Services,professional-services,16,"PR, Marketing & Communications Firms",pr-marketing-communications-firms,49,Grasstops Outreach Firms,grasstops-outreach-firms,,,,
Professional Services,professional-services,16,"PR, Marketing & Communications Firms",pr-marketing-communications-firms,50,Issue Advocacy Firms,issue-advocacy-firms,,,,
Professional Services,professional-services,16,"PR, Marketing & Communications Firms",pr-marketing-communications-firms,51,Political Communications Firms,political-communications-firms,,,,
Professional Services,professional-services,16,"PR, Marketing & Communications Firms",pr-marketing-communications-firms,52,Campaign Communications Firms,campaign-communications-firms,,,,
Professional Services,professional-services,16,"PR, Marketing & Communications Firms",pr-marketing-communications-firms,53,Election Campaign Firms,election-campaign-firms,,,,
Professional Services,professional-services,16,"PR, Marketing & Communications Firms",pr-marketing-communications-firms,54,Direct Mail Political Firms,direct-mail-political-firms,1,Mailing Services,Direct Mail,mailing-services-direct-mail
Professional Services,professional-services,16,"PR, Marketing & Communications Firms",pr-marketing-communications-firms,55,Polling Firms,polling-firms,,,,
Professional Services,professional-services,16,"PR, Marketing & Communications Firms",pr-marketing-communications-firms,56,Strategic Communications Firms,strategic-communications-firms,,,,
Professional Services,professional-services,16,"PR, Marketing & Communications Firms",pr-marketing-communications-firms,57,Speechwriting Firms,speechwriting-firms,,,,
Professional Services,professional-services,16,"PR, Marketing & Communications Firms",pr-marketing-communications-firms,58,Executive Speechwriters,executive-speechwriters,,,,
Professional Services,professional-services,16,"PR, Marketing & Communications Firms",pr-marketing-communications-firms,59,Annual Letter Writers,annual-letter-writers,,,,
Professional Services,professional-services,16,"PR, Marketing & Communications Firms",pr-marketing-communications-firms,60,Shareholder Letter Writers,shareholder-letter-writers,,,,
Professional Services,professional-services,16,"PR, Marketing & Communications Firms",pr-marketing-communications-firms,61,Earnings Call Script Writers,earnings-call-script-writers,,,,
Professional Services,professional-services,16,"PR, Marketing & Communications Firms",pr-marketing-communications-firms,62,Crisis Drill Facilitators,crisis-drill-facilitators,,,,
Professional Services,professional-services,16,"PR, Marketing & Communications Firms",pr-marketing-communications-firms,63,Tabletop Exercise Firms,tabletop-exercise-firms,,,,
Professional Services,professional-services,16,"PR, Marketing & Communications Firms",pr-marketing-communications-firms,64,Media Training Firms,media-training-firms,,,,
Professional Services,professional-services,16,"PR, Marketing & Communications Firms",pr-marketing-communications-firms,65,Spokesperson Training Firms,spokesperson-training-firms,,,,
Professional Services,professional-services,16,"PR, Marketing & Communications Firms",pr-marketing-communications-firms,66,On-Camera Training Firms,on-camera-training-firms,,,,
Professional Services,professional-services,16,"PR, Marketing & Communications Firms",pr-marketing-communications-firms,67,TV Interview Coaches,tv-interview-coaches,,,,
Professional Services,professional-services,16,"PR, Marketing & Communications Firms",pr-marketing-communications-firms,68,Print Interview Coaches,print-interview-coaches,,,,
Professional Services,professional-services,16,"PR, Marketing & Communications Firms",pr-marketing-communications-firms,69,Podcast Interview Coaches,podcast-interview-coaches,,,,
Professional Services,professional-services,16,"PR, Marketing & Communications Firms",pr-marketing-communications-firms,70,Press Release Distribution Services,pr-marketing-communications-firms-press-release-distribution-services,,,,
Professional Services,professional-services,16,"PR, Marketing & Communications Firms",pr-marketing-communications-firms,71,Newswire Services,newswire-services,,,,
Professional Services,professional-services,16,"PR, Marketing & Communications Firms",pr-marketing-communications-firms,72,Media List Building Services,pr-marketing-communications-firms-media-list-building-services,,,,
Professional Services,professional-services,16,"PR, Marketing & Communications Firms",pr-marketing-communications-firms,73,Pitch List Builders,pitch-list-builders,,,,
Professional Services,professional-services,16,"PR, Marketing & Communications Firms",pr-marketing-communications-firms,74,Journalist Database Services,journalist-database-services,,,,
Professional Services,professional-services,16,"PR, Marketing & Communications Firms",pr-marketing-communications-firms,75,Editorial Calendar Services,pr-marketing-communications-firms-editorial-calendar-services,,,,
Professional Services,professional-services,16,"PR, Marketing & Communications Firms",pr-marketing-communications-firms,76,Content Calendar Services,content-calendar-services,,,,
Professional Services,professional-services,16,"PR, Marketing & Communications Firms",pr-marketing-communications-firms,77,Brand Journalism Firms,brand-journalism-firms,,,,
Professional Services,professional-services,16,"PR, Marketing & Communications Firms",pr-marketing-communications-firms,78,Branded Content Studios,branded-content-studios,,,,
Professional Services,professional-services,16,"PR, Marketing & Communications Firms",pr-marketing-communications-firms,79,Native Advertising Studios,native-advertising-studios,,,,
Professional Services,professional-services,16,"PR, Marketing & Communications Firms",pr-marketing-communications-firms,80,Sponsored Content Agencies,sponsored-content-agencies,,,,
Professional Services,professional-services,16,"PR, Marketing & Communications Firms",pr-marketing-communications-firms,81,Custom Publishing Agencies,custom-publishing-agencies,,,,
Professional Services,professional-services,16,"PR, Marketing & Communications Firms",pr-marketing-communications-firms,82,Magazine Publishers for Brands,magazine-publishers-for-brands,,,,
Professional Services,professional-services,16,"PR, Marketing & Communications Firms",pr-marketing-communications-firms,83,Podcast Production for Brands,pr-marketing-communications-firms-podcast-production-for-brands,,,,
Professional Services,professional-services,16,"PR, Marketing & Communications Firms",pr-marketing-communications-firms,84,Video Production for Brands,video-production-for-brands,,,,
Professional Services,professional-services,16,"PR, Marketing & Communications Firms",pr-marketing-communications-firms,85,Documentary Production for Brands,documentary-production-for-brands,,,,
Professional Services,professional-services,16,"PR, Marketing & Communications Firms",pr-marketing-communications-firms,86,Brand Film Studios,brand-film-studios,,,,
Professional Services,professional-services,16,"PR, Marketing & Communications Firms",pr-marketing-communications-firms,87,Marketing Strategy Firms,marketing-strategy-firms,,,,
Professional Services,professional-services,16,"PR, Marketing & Communications Firms",pr-marketing-communications-firms,88,Brand Strategy Firms,brand-strategy-firms,1,Brand & Strategy,Brand Identity Development,brand-strategy-brand-identity-development
Professional Services,professional-services,16,"PR, Marketing & Communications Firms",pr-marketing-communications-firms,88,Brand Strategy Firms,brand-strategy-firms,2,Brand & Strategy,Brand Naming,brand-strategy-brand-naming
Professional Services,professional-services,16,"PR, Marketing & Communications Firms",pr-marketing-communications-firms,88,Brand Strategy Firms,brand-strategy-firms,3,Brand & Strategy,Brand Positioning,brand-strategy-brand-positioning
Professional Services,professional-services,16,"PR, Marketing & Communications Firms",pr-marketing-communications-firms,88,Brand Strategy Firms,brand-strategy-firms,4,Brand & Strategy,Brand Architecture,brand-strategy-brand-architecture
Professional Services,professional-services,16,"PR, Marketing & Communications Firms",pr-marketing-communications-firms,88,Brand Strategy Firms,brand-strategy-firms,5,Brand & Strategy,Brand Guidelines,brand-strategy-brand-guidelines
Professional Services,professional-services,16,"PR, Marketing & Communications Firms",pr-marketing-communications-firms,88,Brand Strategy Firms,brand-strategy-firms,6,Brand & Strategy,Rebranding Services,brand-strategy-rebranding-services
Professional Services,professional-services,16,"PR, Marketing & Communications Firms",pr-marketing-communications-firms,88,Brand Strategy Firms,brand-strategy-firms,7,Brand & Strategy,Brand Audit,brand-strategy-brand-audit
Professional Services,professional-services,16,"PR, Marketing & Communications Firms",pr-marketing-communications-firms,88,Brand Strategy Firms,brand-strategy-firms,8,Brand & Strategy,Messaging Framework,brand-strategy-messaging-framework
Professional Services,professional-services,16,"PR, Marketing & Communications Firms",pr-marketing-communications-firms,88,Brand Strategy Firms,brand-strategy-firms,9,Brand & Strategy,Value Proposition,brand-strategy-value-proposition
Professional Services,professional-services,16,"PR, Marketing & Communications Firms",pr-marketing-communications-firms,89,Naming Firms,naming-firms,,,,
Professional Services,professional-services,16,"PR, Marketing & Communications Firms",pr-marketing-communications-firms,90,Brand Naming Agencies,pr-marketing-communications-firms-brand-naming-agencies,,,,
Professional Services,professional-services,16,"PR, Marketing & Communications Firms",pr-marketing-communications-firms,91,Tagline Development Firms,tagline-development-firms,,,,
Professional Services,professional-services,16,"PR, Marketing & Communications Firms",pr-marketing-communications-firms,92,Brand Architecture Firms,brand-architecture-firms,,,,
Professional Services,professional-services,16,"PR, Marketing & Communications Firms",pr-marketing-communications-firms,93,Brand Audit Firms,brand-audit-firms,,,,
Professional Services,professional-services,16,"PR, Marketing & Communications Firms",pr-marketing-communications-firms,94,Brand Equity Firms,brand-equity-firms,,,,
Professional Services,professional-services,16,"PR, Marketing & Communications Firms",pr-marketing-communications-firms,95,Awareness Tracking Firms,awareness-tracking-firms,,,,
Professional Services,professional-services,16,"PR, Marketing & Communications Firms",pr-marketing-communications-firms,96,Brand Voice Development Firms,brand-voice-development-firms,,,,
Professional Services,professional-services,16,"PR, Marketing & Communications Firms",pr-marketing-communications-firms,97,Tone of Voice Consultants,tone-of-voice-consultants,,,,
Professional Services,professional-services,16,"PR, Marketing & Communications Firms",pr-marketing-communications-firms,98,Verbal Identity Firms,verbal-identity-firms,,,,
Professional Services,professional-services,16,"PR, Marketing & Communications Firms",pr-marketing-communications-firms,99,Visual Identity Firms,visual-identity-firms,1,Print Services,Business Card Printing,print-services-business-card-printing
Professional Services,professional-services,16,"PR, Marketing & Communications Firms",pr-marketing-communications-firms,99,Visual Identity Firms,visual-identity-firms,2,Print Services,Brochure Printing,print-services-brochure-printing
Professional Services,professional-services,16,"PR, Marketing & Communications Firms",pr-marketing-communications-firms,99,Visual Identity Firms,visual-identity-firms,3,Print Services,Poster Printing,print-services-poster-printing
Professional Services,professional-services,16,"PR, Marketing & Communications Firms",pr-marketing-communications-firms,99,Visual Identity Firms,visual-identity-firms,4,Print Services,Banner Printing,print-services-banner-printing
Professional Services,professional-services,16,"PR, Marketing & Communications Firms",pr-marketing-communications-firms,99,Visual Identity Firms,visual-identity-firms,5,Print Services,Flyer Printing,print-services-flyer-printing
Professional Services,professional-services,16,"PR, Marketing & Communications Firms",pr-marketing-communications-firms,99,Visual Identity Firms,visual-identity-firms,6,Print Services,Booklet Printing,print-services-booklet-printing
Professional Services,professional-services,16,"PR, Marketing & Communications Firms",pr-marketing-communications-firms,99,Visual Identity Firms,visual-identity-firms,7,Print Services,Label Printing,print-services-label-printing
Professional Services,professional-services,16,"PR, Marketing & Communications Firms",pr-marketing-communications-firms,99,Visual Identity Firms,visual-identity-firms,8,Print Services,Sticker Printing,print-services-sticker-printing
Professional Services,professional-services,16,"PR, Marketing & Communications Firms",pr-marketing-communications-firms,99,Visual Identity Firms,visual-identity-firms,9,Print Services,Large Format Printing,print-services-large-format-printing
Professional Services,professional-services,16,"PR, Marketing & Communications Firms",pr-marketing-communications-firms,99,Visual Identity Firms,visual-identity-firms,10,Print Services,Custom Packaging,print-services-custom-packaging
Professional Services,professional-services,16,"PR, Marketing & Communications Firms",pr-marketing-communications-firms,99,Visual Identity Firms,visual-identity-firms,11,Signage,Interior Signage,signage-interior-signage
Professional Services,professional-services,16,"PR, Marketing & Communications Firms",pr-marketing-communications-firms,99,Visual Identity Firms,visual-identity-firms,12,Signage,Exterior Signage,signage-exterior-signage
Professional Services,professional-services,16,"PR, Marketing & Communications Firms",pr-marketing-communications-firms,99,Visual Identity Firms,visual-identity-firms,13,Signage,Channel Letters,signage-channel-letters
Professional Services,professional-services,16,"PR, Marketing & Communications Firms",pr-marketing-communications-firms,99,Visual Identity Firms,visual-identity-firms,14,Signage,Monument Signs,signage-monument-signs
Professional Services,professional-services,16,"PR, Marketing & Communications Firms",pr-marketing-communications-firms,99,Visual Identity Firms,visual-identity-firms,15,Signage,Pylon Signs,signage-pylon-signs
Professional Services,professional-services,16,"PR, Marketing & Communications Firms",pr-marketing-communications-firms,99,Visual Identity Firms,visual-identity-firms,16,Signage,Window Graphics,signage-window-graphics
Professional Services,professional-services,16,"PR, Marketing & Communications Firms",pr-marketing-communications-firms,99,Visual Identity Firms,visual-identity-firms,17,Signage,Vehicle Wrap,signage-vehicle-wrap
Professional Services,professional-services,16,"PR, Marketing & Communications Firms",pr-marketing-communications-firms,99,Visual Identity Firms,visual-identity-firms,18,Signage,Trade Show Display,signage-trade-show-display
Professional Services,professional-services,16,"PR, Marketing & Communications Firms",pr-marketing-communications-firms,99,Visual Identity Firms,visual-identity-firms,19,Signage,Digital Signage,signage-digital-signage
Professional Services,professional-services,16,"PR, Marketing & Communications Firms",pr-marketing-communications-firms,99,Visual Identity Firms,visual-identity-firms,20,Signage,Wayfinding Signs,signage-wayfinding-signs
Professional Services,professional-services,16,"PR, Marketing & Communications Firms",pr-marketing-communications-firms,100,Logo Design Firms,logo-design-firms,,,,
Professional Services,professional-services,16,"PR, Marketing & Communications Firms",pr-marketing-communications-firms,101,Identity Design Firms,identity-design-firms,,,,
Professional Services,professional-services,16,"PR, Marketing & Communications Firms",pr-marketing-communications-firms,102,Packaging Design Firms,packaging-design-firms,,,,
Professional Services,professional-services,16,"PR, Marketing & Communications Firms",pr-marketing-communications-firms,103,Naming and Identity Firms,naming-and-identity-firms,,,,
Professional Services,professional-services,16,"PR, Marketing & Communications Firms",pr-marketing-communications-firms,104,Design Strategy Firms,design-strategy-firms,,,,
Professional Services,professional-services,16,"PR, Marketing & Communications Firms",pr-marketing-communications-firms,105,Innovation Studios,innovation-studios,,,,
Professional Services,professional-services,16,"PR, Marketing & Communications Firms",pr-marketing-communications-firms,106,Speculative Design Studios,speculative-design-studios,,,,
Professional Services,professional-services,16,"PR, Marketing & Communications Firms",pr-marketing-communications-firms,107,Foresight Consultants,foresight-consultants,,,,
Professional Services,professional-services,16,"PR, Marketing & Communications Firms",pr-marketing-communications-firms,108,Trend Forecasting Firms,trend-forecasting-firms,,,,
Professional Services,professional-services,16,"PR, Marketing & Communications Firms",pr-marketing-communications-firms,109,Cultural Insights Firms,cultural-insights-firms,,,,
Professional Services,professional-services,17,Corporate Event Planning & Production,corporate-event-planning-production,1,Corporate Event Planners,corporate-event-planners,,,,
Professional Services,professional-services,17,Corporate Event Planning & Production,corporate-event-planning-production,2,Conference Planners,conference-planners,,,,
Professional Services,professional-services,17,Corporate Event Planning & Production,corporate-event-planning-production,3,Trade Show Planners,trade-show-planners,,,,
Professional Services,professional-services,17,Corporate Event Planning & Production,corporate-event-planning-production,4,Convention Planners,convention-planners,,,,
Professional Services,professional-services,17,Corporate Event Planning & Production,corporate-event-planning-production,5,Annual Meeting Planners,annual-meeting-planners,,,,
Professional Services,professional-services,17,Corporate Event Planning & Production,corporate-event-planning-production,6,Sales Kick-Off Planners,sales-kick-off-planners,,,,
Professional Services,professional-services,17,Corporate Event Planning & Production,corporate-event-planning-production,7,Internal Conference Planners,internal-conference-planners,,,,
Professional Services,professional-services,17,Corporate Event Planning & Production,corporate-event-planning-production,8,Customer Conference Planners,customer-conference-planners,,,,
Professional Services,professional-services,17,Corporate Event Planning & Production,corporate-event-planning-production,9,User Conference Planners,user-conference-planners,,,,
Professional Services,professional-services,17,Corporate Event Planning & Production,corporate-event-planning-production,10,Partner Conference Planners,partner-conference-planners,,,,
Professional Services,professional-services,17,Corporate Event Planning & Production,corporate-event-planning-production,11,Investor Day Planners,investor-day-planners,,,,
Professional Services,professional-services,17,Corporate Event Planning & Production,corporate-event-planning-production,12,Earnings Day Planners,earnings-day-planners,,,,
Professional Services,professional-services,17,Corporate Event Planning & Production,corporate-event-planning-production,13,Capital Markets Day Planners,capital-markets-day-planners,,,,
Professional Services,professional-services,17,Corporate Event Planning & Production,corporate-event-planning-production,14,Analyst Day Planners,analyst-day-planners,,,,
Professional Services,professional-services,17,Corporate Event Planning & Production,corporate-event-planning-production,15,Board Meeting Planners,board-meeting-planners,,,,
Professional Services,professional-services,17,Corporate Event Planning & Production,corporate-event-planning-production,16,Executive Retreat Planners,executive-retreat-planners,,,,
Professional Services,professional-services,17,Corporate Event Planning & Production,corporate-event-planning-production,17,Leadership Retreat Planners,leadership-retreat-planners,,,,
Professional Services,professional-services,17,Corporate Event Planning & Production,corporate-event-planning-production,18,Team Retreat Planners,team-retreat-planners,,,,
Professional Services,professional-services,17,Corporate Event Planning & Production,corporate-event-planning-production,19,Offsite Planners,offsite-planners,,,,
Professional Services,professional-services,17,Corporate Event Planning & Production,corporate-event-planning-production,20,Strategic Planning Offsite Facilitators,strategic-planning-offsite-facilitators,,,,
Professional Services,professional-services,17,Corporate Event Planning & Production,corporate-event-planning-production,21,Innovation Offsite Facilitators,innovation-offsite-facilitators,,,,
Professional Services,professional-services,17,Corporate Event Planning & Production,corporate-event-planning-production,22,Visioning Offsite Facilitators,visioning-offsite-facilitators,,,,
Professional Services,professional-services,17,Corporate Event Planning & Production,corporate-event-planning-production,23,Quarterly Business Review Planners,quarterly-business-review-planners,,,,
Professional Services,professional-services,17,Corporate Event Planning & Production,corporate-event-planning-production,24,Town Hall Planners,town-hall-planners,,,,
Professional Services,professional-services,17,Corporate Event Planning & Production,corporate-event-planning-production,25,All-Hands Meeting Planners,all-hands-meeting-planners,,,,
Professional Services,professional-services,17,Corporate Event Planning & Production,corporate-event-planning-production,26,Virtual Town Hall Producers,virtual-town-hall-producers,,,,
Professional Services,professional-services,17,Corporate Event Planning & Production,corporate-event-planning-production,27,Hybrid Event Producers,hybrid-event-producers,,,,
Professional Services,professional-services,17,Corporate Event Planning & Production,corporate-event-planning-production,28,Webinar Producers,webinar-producers,,,,
Professional Services,professional-services,17,Corporate Event Planning & Production,corporate-event-planning-production,29,Live Stream Production Companies,live-stream-production-companies,,,,
Professional Services,professional-services,17,Corporate Event Planning & Production,corporate-event-planning-production,30,Multi-Camera Event Production,multi-camera-event-production,,,,
Professional Services,professional-services,17,Corporate Event Planning & Production,corporate-event-planning-production,31,Broadcast-Quality Event Producers,broadcast-quality-event-producers,,,,
Professional Services,professional-services,17,Corporate Event Planning & Production,corporate-event-planning-production,32,Corporate AV Companies,corporate-av-companies,,,,
Professional Services,professional-services,17,Corporate Event Planning & Production,corporate-event-planning-production,33,Stage Design Companies,stage-design-companies,,,,
Professional Services,professional-services,17,Corporate Event Planning & Production,corporate-event-planning-production,34,Set Design Companies,set-design-companies,,,,
Professional Services,professional-services,17,Corporate Event Planning & Production,corporate-event-planning-production,35,Event Lighting Designers,event-lighting-designers,,,,
Professional Services,professional-services,17,Corporate Event Planning & Production,corporate-event-planning-production,36,Event Sound Engineers,event-sound-engineers,,,,
Professional Services,professional-services,17,Corporate Event Planning & Production,corporate-event-planning-production,37,Live Event Streaming Services,live-event-streaming-services,,,,
Professional Services,professional-services,17,Corporate Event Planning & Production,corporate-event-planning-production,38,Conference Recording Services,conference-recording-services,,,,
Professional Services,professional-services,17,Corporate Event Planning & Production,corporate-event-planning-production,39,Event Photography Companies,event-photography-companies,,,,
Professional Services,professional-services,17,Corporate Event Planning & Production,corporate-event-planning-production,40,Conference Photographers,corporate-event-planning-production-conference-photographers,,,,
Professional Services,professional-services,17,Corporate Event Planning & Production,corporate-event-planning-production,41,Awards Ceremony Photographers,awards-ceremony-photographers,,,,
Professional Services,professional-services,17,Corporate Event Planning & Production,corporate-event-planning-production,42,Headshot Stations for Conferences,headshot-stations-for-conferences,,,,
Professional Services,professional-services,17,Corporate Event Planning & Production,corporate-event-planning-production,43,Brand Activation Agencies,brand-activation-agencies,,,,
Professional Services,professional-services,17,Corporate Event Planning & Production,corporate-event-planning-production,44,Experiential Marketing Agencies,experiential-marketing-agencies,1,Event Marketing Service,Product Sampling,event-marketing-service-product-sampling
Professional Services,professional-services,17,Corporate Event Planning & Production,corporate-event-planning-production,44,Experiential Marketing Agencies,experiential-marketing-agencies,2,Event Marketing Service,Pop-Up Experience,event-marketing-service-pop-up-experience
Professional Services,professional-services,17,Corporate Event Planning & Production,corporate-event-planning-production,44,Experiential Marketing Agencies,experiential-marketing-agencies,3,Event Marketing Service,Sponsorship Activation,event-marketing-service-sponsorship-activation
Professional Services,professional-services,17,Corporate Event Planning & Production,corporate-event-planning-production,44,Experiential Marketing Agencies,experiential-marketing-agencies,4,Event Marketing Service,Interactive Installation,event-marketing-service-interactive-installation
Professional Services,professional-services,17,Corporate Event Planning & Production,corporate-event-planning-production,44,Experiential Marketing Agencies,experiential-marketing-agencies,5,Event Marketing Service,VR Experience,event-marketing-service-vr-experience
Professional Services,professional-services,17,Corporate Event Planning & Production,corporate-event-planning-production,44,Experiential Marketing Agencies,experiential-marketing-agencies,6,Event Marketing Service,Mobile Tour,event-marketing-service-mobile-tour
Professional Services,professional-services,17,Corporate Event Planning & Production,corporate-event-planning-production,45,Pop-Up Event Producers,pop-up-event-producers,,,,
Professional Services,professional-services,17,Corporate Event Planning & Production,corporate-event-planning-production,46,Mobile Tour Producers,mobile-tour-producers,,,,
Professional Services,professional-services,17,Corporate Event Planning & Production,corporate-event-planning-production,47,Brand Tour Producers,brand-tour-producers,,,,
Professional Services,professional-services,17,Corporate Event Planning & Production,corporate-event-planning-production,48,Sampling Campaign Agencies,sampling-campaign-agencies,,,,
Professional Services,professional-services,17,Corporate Event Planning & Production,corporate-event-planning-production,49,Street Team Marketing Agencies,street-team-marketing-agencies,1,Event Marketing Service,Street Team,event-marketing-service-street-team
Professional Services,professional-services,17,Corporate Event Planning & Production,corporate-event-planning-production,50,Guerilla Marketing Agencies,guerilla-marketing-agencies,,,,
Professional Services,professional-services,17,Corporate Event Planning & Production,corporate-event-planning-production,51,Stunt Marketing Agencies,stunt-marketing-agencies,,,,
Professional Services,professional-services,17,Corporate Event Planning & Production,corporate-event-planning-production,52,Influencer Event Producers,influencer-event-producers,,,,
Professional Services,professional-services,17,Corporate Event Planning & Production,corporate-event-planning-production,53,Press Event Producers,press-event-producers,,,,
Professional Services,professional-services,17,Corporate Event Planning & Production,corporate-event-planning-production,54,Product Launch Event Producers,product-launch-event-producers,,,,
Professional Services,professional-services,17,Corporate Event Planning & Production,corporate-event-planning-production,55,Roadshow Producers,roadshow-producers,,,,
Professional Services,professional-services,17,Corporate Event Planning & Production,corporate-event-planning-production,56,Investor Roadshow Producers,investor-roadshow-producers,,,,
Professional Services,professional-services,17,Corporate Event Planning & Production,corporate-event-planning-production,57,Non-Deal Roadshow Producers,non-deal-roadshow-producers,,,,
Professional Services,professional-services,17,Corporate Event Planning & Production,corporate-event-planning-production,58,Trade Show Booth Builders,trade-show-booth-builders,,,,
Professional Services,professional-services,17,Corporate Event Planning & Production,corporate-event-planning-production,59,Custom Exhibit Builders,custom-exhibit-builders,,,,
Professional Services,professional-services,17,Corporate Event Planning & Production,corporate-event-planning-production,60,Modular Exhibit Builders,modular-exhibit-builders,,,,
Professional Services,professional-services,17,Corporate Event Planning & Production,corporate-event-planning-production,61,Trade Show Logistics Firms,trade-show-logistics-firms,,,,
Professional Services,professional-services,17,Corporate Event Planning & Production,corporate-event-planning-production,62,Trade Show Lead Capture Services,trade-show-lead-capture-services,1,Trade Services,Customs Brokerage,trade-services-customs-brokerage
Professional Services,professional-services,17,Corporate Event Planning & Production,corporate-event-planning-production,62,Trade Show Lead Capture Services,trade-show-lead-capture-services,2,Trade Services,Freight Forwarding,trade-services-freight-forwarding
Professional Services,professional-services,17,Corporate Event Planning & Production,corporate-event-planning-production,62,Trade Show Lead Capture Services,trade-show-lead-capture-services,3,Trade Services,Trade Finance,trade-services-trade-finance
Professional Services,professional-services,17,Corporate Event Planning & Production,corporate-event-planning-production,62,Trade Show Lead Capture Services,trade-show-lead-capture-services,4,Event Marketing Service,Trade Show Booth,event-marketing-service-trade-show-booth
Professional Services,professional-services,17,Corporate Event Planning & Production,corporate-event-planning-production,63,Booth Staff Services,booth-staff-services,,,,
Professional Services,professional-services,17,Corporate Event Planning & Production,corporate-event-planning-production,64,Trade Show Models,trade-show-models,,,,
Professional Services,professional-services,17,Corporate Event Planning & Production,corporate-event-planning-production,65,Spokesmodels,spokesmodels,,,,
Professional Services,professional-services,17,Corporate Event Planning & Production,corporate-event-planning-production,66,Brand Ambassadors,brand-ambassadors,,,,
Professional Services,professional-services,17,Corporate Event Planning & Production,corporate-event-planning-production,67,Promotional Models,promotional-models,,,,
Professional Services,professional-services,17,Corporate Event Planning & Production,corporate-event-planning-production,68,Trade Show Drayage Companies,trade-show-drayage-companies,,,,
Professional Services,professional-services,17,Corporate Event Planning & Production,corporate-event-planning-production,69,Decorating Services for Trade Shows,decorating-services-for-trade-shows,,,,
Professional Services,professional-services,17,Corporate Event Planning & Production,corporate-event-planning-production,70,Awards Ceremony Producers,awards-ceremony-producers,,,,
Professional Services,professional-services,17,Corporate Event Planning & Production,corporate-event-planning-production,71,Gala Producers,gala-producers,,,,
Professional Services,professional-services,17,Corporate Event Planning & Production,corporate-event-planning-production,72,Charity Gala Planners,charity-gala-planners,,,,
Professional Services,professional-services,17,Corporate Event Planning & Production,corporate-event-planning-production,73,Galas and Fundraiser Planners,galas-and-fundraiser-planners,,,,
Professional Services,professional-services,17,Corporate Event Planning & Production,corporate-event-planning-production,74,Auction Producers,auction-producers,,,,
Professional Services,professional-services,17,Corporate Event Planning & Production,corporate-event-planning-production,75,Live Auction Services,live-auction-services,,,,
Professional Services,professional-services,17,Corporate Event Planning & Production,corporate-event-planning-production,76,Silent Auction Services,silent-auction-services,,,,
Professional Services,professional-services,17,Corporate Event Planning & Production,corporate-event-planning-production,77,Online Auction Producers,online-auction-producers,,,,
Professional Services,professional-services,17,Corporate Event Planning & Production,corporate-event-planning-production,78,Fundraising Event Producers,fundraising-event-producers,,,,
Professional Services,professional-services,17,Corporate Event Planning & Production,corporate-event-planning-production,79,Capital Campaign Event Producers,capital-campaign-event-producers,,,,
Professional Services,professional-services,17,Corporate Event Planning & Production,corporate-event-planning-production,80,Donor Cultivation Event Producers,donor-cultivation-event-producers,,,,
Professional Services,professional-services,17,Corporate Event Planning & Production,corporate-event-planning-production,81,Stewardship Event Producers,stewardship-event-producers,,,,
Professional Services,professional-services,17,Corporate Event Planning & Production,corporate-event-planning-production,82,Holiday Party Planners,holiday-party-planners,,,,
Professional Services,professional-services,17,Corporate Event Planning & Production,corporate-event-planning-production,83,Office Holiday Party Planners,office-holiday-party-planners,,,,
Professional Services,professional-services,17,Corporate Event Planning & Production,corporate-event-planning-production,84,Client Appreciation Event Planners,client-appreciation-event-planners,,,,
Professional Services,professional-services,17,Corporate Event Planning & Production,corporate-event-planning-production,85,Customer Appreciation Event Planners,customer-appreciation-event-planners,,,,
Professional Services,professional-services,17,Corporate Event Planning & Production,corporate-event-planning-production,86,Employee Appreciation Event Planners,employee-appreciation-event-planners,,,,
Professional Services,professional-services,17,Corporate Event Planning & Production,corporate-event-planning-production,87,Team Building Companies,team-building-companies,,,,
Professional Services,professional-services,17,Corporate Event Planning & Production,corporate-event-planning-production,88,Corporate Team Building Firms,corporate-team-building-firms,,,,
Professional Services,professional-services,17,Corporate Event Planning & Production,corporate-event-planning-production,89,Outdoor Team Building,outdoor-team-building,,,,
Professional Services,professional-services,17,Corporate Event Planning & Production,corporate-event-planning-production,90,Indoor Team Building,indoor-team-building,,,,
Professional Services,professional-services,17,Corporate Event Planning & Production,corporate-event-planning-production,91,Virtual Team Building,virtual-team-building,,,,
Professional Services,professional-services,17,Corporate Event Planning & Production,corporate-event-planning-production,92,Remote Team Building,remote-team-building,,,,
Professional Services,professional-services,17,Corporate Event Planning & Production,corporate-event-planning-production,93,Escape Room Team Building,escape-room-team-building,,,,
Professional Services,professional-services,17,Corporate Event Planning & Production,corporate-event-planning-production,94,Cooking Class Team Building,cooking-class-team-building,,,,
Professional Services,professional-services,17,Corporate Event Planning & Production,corporate-event-planning-production,95,Improv Team Building,improv-team-building,,,,
Professional Services,professional-services,17,Corporate Event Planning & Production,corporate-event-planning-production,96,Mixology Team Building,mixology-team-building,,,,
Professional Services,professional-services,17,Corporate Event Planning & Production,corporate-event-planning-production,97,Painting Team Building,painting-team-building,,,,
Professional Services,professional-services,17,Corporate Event Planning & Production,corporate-event-planning-production,98,Volunteer Team Building,volunteer-team-building,,,,
Professional Services,professional-services,17,Corporate Event Planning & Production,corporate-event-planning-production,99,Charity Team Building,charity-team-building,,,,
Professional Services,professional-services,17,Corporate Event Planning & Production,corporate-event-planning-production,100,Sports Team Building,sports-team-building,,,,
Professional Services,professional-services,17,Corporate Event Planning & Production,corporate-event-planning-production,101,Speakers Bureau,speakers-bureau,,,,
Professional Services,professional-services,17,Corporate Event Planning & Production,corporate-event-planning-production,102,Keynote Speakers Bureau,keynote-speakers-bureau,,,,
Professional Services,professional-services,17,Corporate Event Planning & Production,corporate-event-planning-production,103,Motivational Speakers,motivational-speakers,,,,
Professional Services,professional-services,17,Corporate Event Planning & Production,corporate-event-planning-production,104,Business Speakers,business-speakers,,,,
Professional Services,professional-services,17,Corporate Event Planning & Production,corporate-event-planning-production,105,Leadership Speakers,leadership-speakers,,,,
Professional Services,professional-services,17,Corporate Event Planning & Production,corporate-event-planning-production,106,Innovation Speakers,innovation-speakers,,,,
Professional Services,professional-services,17,Corporate Event Planning & Production,corporate-event-planning-production,107,Diversity Speakers,diversity-speakers,,,,
Professional Services,professional-services,17,Corporate Event Planning & Production,corporate-event-planning-production,108,Future of Work Speakers,future-of-work-speakers,,,,
Professional Services,professional-services,17,Corporate Event Planning & Production,corporate-event-planning-production,109,Climate Speakers,climate-speakers,,,,
Professional Services,professional-services,17,Corporate Event Planning & Production,corporate-event-planning-production,110,AI Speakers,ai-speakers,,,,
Professional Services,professional-services,17,Corporate Event Planning & Production,corporate-event-planning-production,111,Cybersecurity Speakers,cybersecurity-speakers,,,,
Professional Services,professional-services,17,Corporate Event Planning & Production,corporate-event-planning-production,112,Wellness Speakers,wellness-speakers,,,,
Professional Services,professional-services,17,Corporate Event Planning & Production,corporate-event-planning-production,113,Mental Health Speakers,mental-health-speakers,,,,
Professional Services,professional-services,17,Corporate Event Planning & Production,corporate-event-planning-production,114,Women in Leadership Speakers,women-in-leadership-speakers,,,,
Professional Services,professional-services,17,Corporate Event Planning & Production,corporate-event-planning-production,115,Athlete Speakers,athlete-speakers,,,,
Professional Services,professional-services,17,Corporate Event Planning & Production,corporate-event-planning-production,116,Astronaut Speakers,astronaut-speakers,,,,
Professional Services,professional-services,17,Corporate Event Planning & Production,corporate-event-planning-production,117,Adventure Speakers,adventure-speakers,,,,
Professional Services,professional-services,17,Corporate Event Planning & Production,corporate-event-planning-production,118,Comedian Entertainers for Corporate,comedian-entertainers-for-corporate,,,,
Professional Services,professional-services,17,Corporate Event Planning & Production,corporate-event-planning-production,119,Magician Entertainers for Corporate,magician-entertainers-for-corporate,,,,
Professional Services,professional-services,17,Corporate Event Planning & Production,corporate-event-planning-production,120,Mentalist Entertainers,mentalist-entertainers,,,,
Professional Services,professional-services,17,Corporate Event Planning & Production,corporate-event-planning-production,121,Hypnotist Entertainers,hypnotist-entertainers,,,,
Professional Services,professional-services,17,Corporate Event Planning & Production,corporate-event-planning-production,122,Live Band Booking Services,live-band-booking-services,,,,
Professional Services,professional-services,17,Corporate Event Planning & Production,corporate-event-planning-production,123,Cover Band Booking Services,cover-band-booking-services,,,,
Professional Services,professional-services,17,Corporate Event Planning & Production,corporate-event-planning-production,124,Tribute Band Booking Services,tribute-band-booking-services,,,,
Professional Services,professional-services,17,Corporate Event Planning & Production,corporate-event-planning-production,125,Wedding Band Bookers,wedding-band-bookers,,,,
Professional Services,professional-services,17,Corporate Event Planning & Production,corporate-event-planning-production,126,DJ Booking Services for Corporate,dj-booking-services-for-corporate,,,,
Professional Services,professional-services,17,Corporate Event Planning & Production,corporate-event-planning-production,127,Specialty Performer Bookers,specialty-performer-bookers,,,,
Professional Services,professional-services,17,Corporate Event Planning & Production,corporate-event-planning-production,128,Acrobat Bookers,acrobat-bookers,,,,
Professional Services,professional-services,17,Corporate Event Planning & Production,corporate-event-planning-production,129,Aerial Performer Bookers,aerial-performer-bookers,,,,
Professional Services,professional-services,17,Corporate Event Planning & Production,corporate-event-planning-production,130,Flow Artist Bookers,flow-artist-bookers,,,,
Professional Services,professional-services,17,Corporate Event Planning & Production,corporate-event-planning-production,131,LED Performer Bookers,led-performer-bookers,,,,
Professional Services,professional-services,17,Corporate Event Planning & Production,corporate-event-planning-production,132,Stilt Walker Bookers,stilt-walker-bookers,,,,
Professional Services,professional-services,18,"Sustainability, ESG & Environmental Consulting",sustainability-esg-environmental-consulting,1,Sustainability Consulting Firms,sustainability-consulting-firms,1,CSR,Social Enterprise,csr-social-enterprise
Professional Services,professional-services,18,"Sustainability, ESG & Environmental Consulting",sustainability-esg-environmental-consulting,1,Sustainability Consulting Firms,sustainability-consulting-firms,2,CSR,Sustainable Development Goals,csr-sustainable-development-goals
Professional Services,professional-services,18,"Sustainability, ESG & Environmental Consulting",sustainability-esg-environmental-consulting,1,Sustainability Consulting Firms,sustainability-consulting-firms,3,CSR,Community Investment,csr-community-investment
Professional Services,professional-services,18,"Sustainability, ESG & Environmental Consulting",sustainability-esg-environmental-consulting,1,Sustainability Consulting Firms,sustainability-consulting-firms,4,CSR,Diversity & Inclusion,csr-diversity-inclusion
Professional Services,professional-services,18,"Sustainability, ESG & Environmental Consulting",sustainability-esg-environmental-consulting,1,Sustainability Consulting Firms,sustainability-consulting-firms,5,Sustainability Services,Life Cycle Assessment,sustainability-services-life-cycle-assessment
Professional Services,professional-services,18,"Sustainability, ESG & Environmental Consulting",sustainability-esg-environmental-consulting,1,Sustainability Consulting Firms,sustainability-consulting-firms,6,Sustainability Services,Green Certification,sustainability-services-green-certification
Professional Services,professional-services,18,"Sustainability, ESG & Environmental Consulting",sustainability-esg-environmental-consulting,1,Sustainability Consulting Firms,sustainability-consulting-firms,7,Sustainability Services,LEED Consulting,sustainability-services-leed-consulting
Professional Services,professional-services,18,"Sustainability, ESG & Environmental Consulting",sustainability-esg-environmental-consulting,1,Sustainability Consulting Firms,sustainability-consulting-firms,8,Sustainability Services,Energy Audit,sustainability-services-energy-audit
Professional Services,professional-services,18,"Sustainability, ESG & Environmental Consulting",sustainability-esg-environmental-consulting,1,Sustainability Consulting Firms,sustainability-consulting-firms,9,Sustainability Services,Water Audit,sustainability-services-water-audit
Professional Services,professional-services,18,"Sustainability, ESG & Environmental Consulting",sustainability-esg-environmental-consulting,1,Sustainability Consulting Firms,sustainability-consulting-firms,10,Sustainability Services,Waste Audit,sustainability-services-waste-audit
Professional Services,professional-services,18,"Sustainability, ESG & Environmental Consulting",sustainability-esg-environmental-consulting,1,Sustainability Consulting Firms,sustainability-consulting-firms,11,Sustainability Services,Biodiversity Assessment Service,sustainability-services-biodiversity-assessment-service
Professional Services,professional-services,18,"Sustainability, ESG & Environmental Consulting",sustainability-esg-environmental-consulting,2,Corporate Sustainability Consultants,corporate-sustainability-consultants,,,,
Professional Services,professional-services,18,"Sustainability, ESG & Environmental Consulting",sustainability-esg-environmental-consulting,3,ESG Strategy Firms,esg-strategy-firms,1,ESG,ESG Strategy,esg-esg-strategy
Professional Services,professional-services,18,"Sustainability, ESG & Environmental Consulting",sustainability-esg-environmental-consulting,4,ESG Reporting Consultants,esg-reporting-consultants,1,ESG,Sustainability Reporting,esg-sustainability-reporting
Professional Services,professional-services,18,"Sustainability, ESG & Environmental Consulting",sustainability-esg-environmental-consulting,4,ESG Reporting Consultants,esg-reporting-consultants,2,Sustainability Services,ESG Reporting Service,sustainability-services-esg-reporting-service
Professional Services,professional-services,18,"Sustainability, ESG & Environmental Consulting",sustainability-esg-environmental-consulting,5,ESG Data Consultants,esg-data-consultants,,,,
Professional Services,professional-services,18,"Sustainability, ESG & Environmental Consulting",sustainability-esg-environmental-consulting,6,ESG Software Implementation Partners,esg-software-implementation-partners,,,,
Professional Services,professional-services,18,"Sustainability, ESG & Environmental Consulting",sustainability-esg-environmental-consulting,7,GRI Reporting Consultants,gri-reporting-consultants,,,,
Professional Services,professional-services,18,"Sustainability, ESG & Environmental Consulting",sustainability-esg-environmental-consulting,8,SASB Reporting Consultants,sasb-reporting-consultants,,,,
Professional Services,professional-services,18,"Sustainability, ESG & Environmental Consulting",sustainability-esg-environmental-consulting,9,CDP Reporting Consultants,cdp-reporting-consultants,,,,
Professional Services,professional-services,18,"Sustainability, ESG & Environmental Consulting",sustainability-esg-environmental-consulting,10,TCFD Reporting Consultants,tcfd-reporting-consultants,,,,
Professional Services,professional-services,18,"Sustainability, ESG & Environmental Consulting",sustainability-esg-environmental-consulting,11,ISSB Reporting Consultants,issb-reporting-consultants,,,,
Professional Services,professional-services,18,"Sustainability, ESG & Environmental Consulting",sustainability-esg-environmental-consulting,12,CSRD Reporting Consultants,csrd-reporting-consultants,,,,
Professional Services,professional-services,18,"Sustainability, ESG & Environmental Consulting",sustainability-esg-environmental-consulting,13,EU Taxonomy Consultants,eu-taxonomy-consultants,,,,
Professional Services,professional-services,18,"Sustainability, ESG & Environmental Consulting",sustainability-esg-environmental-consulting,14,Double Materiality Consultants,double-materiality-consultants,,,,
Professional Services,professional-services,18,"Sustainability, ESG & Environmental Consulting",sustainability-esg-environmental-consulting,15,Materiality Assessment Firms,materiality-assessment-firms,,,,
Professional Services,professional-services,18,"Sustainability, ESG & Environmental Consulting",sustainability-esg-environmental-consulting,16,Stakeholder Engagement Consultants,stakeholder-engagement-consultants,1,CSR,Stakeholder Engagement,csr-stakeholder-engagement
Professional Services,professional-services,18,"Sustainability, ESG & Environmental Consulting",sustainability-esg-environmental-consulting,17,Sustainability Strategy Consultants,sustainability-strategy-consultants,1,CSR,CSR Strategy,csr-csr-strategy
Professional Services,professional-services,18,"Sustainability, ESG & Environmental Consulting",sustainability-esg-environmental-consulting,17,Sustainability Strategy Consultants,sustainability-strategy-consultants,2,Sustainability Services,Sustainability Strategy,sustainability-services-sustainability-strategy
Professional Services,professional-services,18,"Sustainability, ESG & Environmental Consulting",sustainability-esg-environmental-consulting,18,Net Zero Strategy Firms,net-zero-strategy-firms,,,,
Professional Services,professional-services,18,"Sustainability, ESG & Environmental Consulting",sustainability-esg-environmental-consulting,19,Decarbonization Consulting Firms,decarbonization-consulting-firms,,,,
Professional Services,professional-services,18,"Sustainability, ESG & Environmental Consulting",sustainability-esg-environmental-consulting,20,Science-Based Targets Consultants,science-based-targets-consultants,,,,
Professional Services,professional-services,18,"Sustainability, ESG & Environmental Consulting",sustainability-esg-environmental-consulting,21,SBTi Consultants,sbti-consultants,,,,
Professional Services,professional-services,18,"Sustainability, ESG & Environmental Consulting",sustainability-esg-environmental-consulting,22,Scope 1 Emissions Consultants,scope-1-emissions-consultants,,,,
Professional Services,professional-services,18,"Sustainability, ESG & Environmental Consulting",sustainability-esg-environmental-consulting,23,Scope 2 Emissions Consultants,scope-2-emissions-consultants,,,,
Professional Services,professional-services,18,"Sustainability, ESG & Environmental Consulting",sustainability-esg-environmental-consulting,24,Scope 3 Emissions Consultants,scope-3-emissions-consultants,,,,
Professional Services,professional-services,18,"Sustainability, ESG & Environmental Consulting",sustainability-esg-environmental-consulting,25,Carbon Footprint Consultants,carbon-footprint-consultants,1,ESG,Carbon Footprint,esg-carbon-footprint
Professional Services,professional-services,18,"Sustainability, ESG & Environmental Consulting",sustainability-esg-environmental-consulting,25,Carbon Footprint Consultants,carbon-footprint-consultants,2,Sustainability Services,Carbon Footprint Assessment,sustainability-services-carbon-footprint-assessment
Professional Services,professional-services,18,"Sustainability, ESG & Environmental Consulting",sustainability-esg-environmental-consulting,26,Lifecycle Assessment Firms,lifecycle-assessment-firms,,,,
Professional Services,professional-services,18,"Sustainability, ESG & Environmental Consulting",sustainability-esg-environmental-consulting,27,Product Carbon Footprint Firms,product-carbon-footprint-firms,,,,
Professional Services,professional-services,18,"Sustainability, ESG & Environmental Consulting",sustainability-esg-environmental-consulting,28,Carbon Accounting Firms,carbon-accounting-firms,,,,
Professional Services,professional-services,18,"Sustainability, ESG & Environmental Consulting",sustainability-esg-environmental-consulting,29,Carbon Verification Firms,carbon-verification-firms,,,,
Professional Services,professional-services,18,"Sustainability, ESG & Environmental Consulting",sustainability-esg-environmental-consulting,30,Carbon Offset Brokers,carbon-offset-brokers,,,,
Professional Services,professional-services,18,"Sustainability, ESG & Environmental Consulting",sustainability-esg-environmental-consulting,31,Carbon Credit Brokers,carbon-credit-brokers,,,,
Professional Services,professional-services,18,"Sustainability, ESG & Environmental Consulting",sustainability-esg-environmental-consulting,32,Voluntary Carbon Market Consultants,voluntary-carbon-market-consultants,,,,
Professional Services,professional-services,18,"Sustainability, ESG & Environmental Consulting",sustainability-esg-environmental-consulting,33,Compliance Carbon Market Consultants,compliance-carbon-market-consultants,,,,
Professional Services,professional-services,18,"Sustainability, ESG & Environmental Consulting",sustainability-esg-environmental-consulting,34,Climate Risk Consulting Firms,climate-risk-consulting-firms,1,ESG,Climate Risk Assessment,esg-climate-risk-assessment
Professional Services,professional-services,18,"Sustainability, ESG & Environmental Consulting",sustainability-esg-environmental-consulting,35,Physical Climate Risk Firms,physical-climate-risk-firms,,,,
Professional Services,professional-services,18,"Sustainability, ESG & Environmental Consulting",sustainability-esg-environmental-consulting,36,Transition Risk Firms,transition-risk-firms,,,,
Professional Services,professional-services,18,"Sustainability, ESG & Environmental Consulting",sustainability-esg-environmental-consulting,37,Climate Scenario Analysis Firms,climate-scenario-analysis-firms,,,,
Professional Services,professional-services,18,"Sustainability, ESG & Environmental Consulting",sustainability-esg-environmental-consulting,38,Climate Adaptation Consulting Firms,climate-adaptation-consulting-firms,,,,
Professional Services,professional-services,18,"Sustainability, ESG & Environmental Consulting",sustainability-esg-environmental-consulting,39,Climate Resilience Firms,climate-resilience-firms,,,,
Professional Services,professional-services,18,"Sustainability, ESG & Environmental Consulting",sustainability-esg-environmental-consulting,40,Disaster Risk Consulting,disaster-risk-consulting,,,,
Professional Services,professional-services,18,"Sustainability, ESG & Environmental Consulting",sustainability-esg-environmental-consulting,41,Disaster Preparedness Consulting,disaster-preparedness-consulting,,,,
Professional Services,professional-services,18,"Sustainability, ESG & Environmental Consulting",sustainability-esg-environmental-consulting,42,Renewable Energy Consultants,renewable-energy-consultants,1,ESG,Renewable Energy Advisory,esg-renewable-energy-advisory
Professional Services,professional-services,18,"Sustainability, ESG & Environmental Consulting",sustainability-esg-environmental-consulting,43,Solar PPA Consultants,solar-ppa-consultants,,,,
Professional Services,professional-services,18,"Sustainability, ESG & Environmental Consulting",sustainability-esg-environmental-consulting,44,Wind PPA Consultants,wind-ppa-consultants,,,,
Professional Services,professional-services,18,"Sustainability, ESG & Environmental Consulting",sustainability-esg-environmental-consulting,45,Virtual PPA Consultants,virtual-ppa-consultants,,,,
Professional Services,professional-services,18,"Sustainability, ESG & Environmental Consulting",sustainability-esg-environmental-consulting,46,Green Tariff Consultants,green-tariff-consultants,1,ESG,Green Building,esg-green-building
Professional Services,professional-services,18,"Sustainability, ESG & Environmental Consulting",sustainability-esg-environmental-consulting,47,RECs Consultants,recs-consultants,,,,
Professional Services,professional-services,18,"Sustainability, ESG & Environmental Consulting",sustainability-esg-environmental-consulting,48,Energy Attribute Certificate Consultants,energy-attribute-certificate-consultants,,,,
Professional Services,professional-services,18,"Sustainability, ESG & Environmental Consulting",sustainability-esg-environmental-consulting,49,Energy Procurement Consultants,energy-procurement-consultants,,,,
Professional Services,professional-services,18,"Sustainability, ESG & Environmental Consulting",sustainability-esg-environmental-consulting,50,Energy Hedging Consultants,energy-hedging-consultants,,,,
Professional Services,professional-services,18,"Sustainability, ESG & Environmental Consulting",sustainability-esg-environmental-consulting,51,Demand Response Consultants,demand-response-consultants,,,,
Professional Services,professional-services,18,"Sustainability, ESG & Environmental Consulting",sustainability-esg-environmental-consulting,52,Energy Efficiency Consultants,energy-efficiency-consultants,,,,
Professional Services,professional-services,18,"Sustainability, ESG & Environmental Consulting",sustainability-esg-environmental-consulting,53,Building Energy Audits,building-energy-audits,,,,
Professional Services,professional-services,18,"Sustainability, ESG & Environmental Consulting",sustainability-esg-environmental-consulting,54,Industrial Energy Audits,industrial-energy-audits,,,,
Professional Services,professional-services,18,"Sustainability, ESG & Environmental Consulting",sustainability-esg-environmental-consulting,55,Commercial Energy Audits,commercial-energy-audits,,,,
Professional Services,professional-services,18,"Sustainability, ESG & Environmental Consulting",sustainability-esg-environmental-consulting,56,Residential Energy Audits,residential-energy-audits,,,,
Professional Services,professional-services,18,"Sustainability, ESG & Environmental Consulting",sustainability-esg-environmental-consulting,57,HERS Raters,hers-raters,,,,
Professional Services,professional-services,18,"Sustainability, ESG & Environmental Consulting",sustainability-esg-environmental-consulting,58,LEED Consulting Firms,leed-consulting-firms,,,,
Professional Services,professional-services,18,"Sustainability, ESG & Environmental Consulting",sustainability-esg-environmental-consulting,59,WELL Consulting Firms,well-consulting-firms,,,,
Professional Services,professional-services,18,"Sustainability, ESG & Environmental Consulting",sustainability-esg-environmental-consulting,60,BREEAM Consulting Firms,breeam-consulting-firms,,,,
Professional Services,professional-services,18,"Sustainability, ESG & Environmental Consulting",sustainability-esg-environmental-consulting,61,Living Building Challenge Consultants,living-building-challenge-consultants,,,,
Professional Services,professional-services,18,"Sustainability, ESG & Environmental Consulting",sustainability-esg-environmental-consulting,62,Fitwel Consulting,fitwel-consulting,,,,
Professional Services,professional-services,18,"Sustainability, ESG & Environmental Consulting",sustainability-esg-environmental-consulting,63,Green Globes Consulting,green-globes-consulting,,,,
Professional Services,professional-services,18,"Sustainability, ESG & Environmental Consulting",sustainability-esg-environmental-consulting,64,Energy Star Consulting,energy-star-consulting,,,,
Professional Services,professional-services,18,"Sustainability, ESG & Environmental Consulting",sustainability-esg-environmental-consulting,65,Passive House Consulting Firms,passive-house-consulting-firms,,,,
Professional Services,professional-services,18,"Sustainability, ESG & Environmental Consulting",sustainability-esg-environmental-consulting,66,Net Zero Energy Consulting,net-zero-energy-consulting,,,,
Professional Services,professional-services,18,"Sustainability, ESG & Environmental Consulting",sustainability-esg-environmental-consulting,67,Zero Carbon Building Consulting,zero-carbon-building-consulting,,,,
Professional Services,professional-services,18,"Sustainability, ESG & Environmental Consulting",sustainability-esg-environmental-consulting,68,Embodied Carbon Consulting,embodied-carbon-consulting,,,,
Professional Services,professional-services,18,"Sustainability, ESG & Environmental Consulting",sustainability-esg-environmental-consulting,69,EPD Consultants,epd-consultants,,,,
Professional Services,professional-services,18,"Sustainability, ESG & Environmental Consulting",sustainability-esg-environmental-consulting,70,Cradle to Cradle Consultants,cradle-to-cradle-consultants,,,,
Professional Services,professional-services,18,"Sustainability, ESG & Environmental Consulting",sustainability-esg-environmental-consulting,71,Circular Economy Consultants,circular-economy-consultants,1,ESG,Circular Economy,esg-circular-economy
Professional Services,professional-services,18,"Sustainability, ESG & Environmental Consulting",sustainability-esg-environmental-consulting,72,Zero Waste Consultants,zero-waste-consultants,1,Waste Management,Hazardous Waste,waste-management-hazardous-waste
Professional Services,professional-services,18,"Sustainability, ESG & Environmental Consulting",sustainability-esg-environmental-consulting,72,Zero Waste Consultants,zero-waste-consultants,2,Waste Management,Medical Waste,waste-management-medical-waste
Professional Services,professional-services,18,"Sustainability, ESG & Environmental Consulting",sustainability-esg-environmental-consulting,72,Zero Waste Consultants,zero-waste-consultants,3,Waste Management,Electronic Waste,waste-management-electronic-waste
Professional Services,professional-services,18,"Sustainability, ESG & Environmental Consulting",sustainability-esg-environmental-consulting,72,Zero Waste Consultants,zero-waste-consultants,4,Waste Management,Construction Waste,waste-management-construction-waste
Professional Services,professional-services,18,"Sustainability, ESG & Environmental Consulting",sustainability-esg-environmental-consulting,72,Zero Waste Consultants,zero-waste-consultants,5,Waste Management,Industrial Waste,waste-management-industrial-waste
Professional Services,professional-services,18,"Sustainability, ESG & Environmental Consulting",sustainability-esg-environmental-consulting,72,Zero Waste Consultants,zero-waste-consultants,6,Waste Management,Recycling Program,waste-management-recycling-program
Professional Services,professional-services,18,"Sustainability, ESG & Environmental Consulting",sustainability-esg-environmental-consulting,72,Zero Waste Consultants,zero-waste-consultants,7,Waste Management,Waste Audit,waste-management-waste-audit
Professional Services,professional-services,18,"Sustainability, ESG & Environmental Consulting",sustainability-esg-environmental-consulting,72,Zero Waste Consultants,zero-waste-consultants,8,Waste Management,Waste Reduction,waste-management-waste-reduction
Professional Services,professional-services,18,"Sustainability, ESG & Environmental Consulting",sustainability-esg-environmental-consulting,72,Zero Waste Consultants,zero-waste-consultants,9,Waste Management,Composting Program,waste-management-composting-program
Professional Services,professional-services,18,"Sustainability, ESG & Environmental Consulting",sustainability-esg-environmental-consulting,72,Zero Waste Consultants,zero-waste-consultants,10,Waste Management,Landfill Management,waste-management-landfill-management
Professional Services,professional-services,18,"Sustainability, ESG & Environmental Consulting",sustainability-esg-environmental-consulting,73,Plastic Reduction Consultants,plastic-reduction-consultants,,,,
Professional Services,professional-services,18,"Sustainability, ESG & Environmental Consulting",sustainability-esg-environmental-consulting,74,Sustainable Packaging Consultants,sustainable-packaging-consultants,,,,
Professional Services,professional-services,18,"Sustainability, ESG & Environmental Consulting",sustainability-esg-environmental-consulting,75,Compostable Packaging Consultants,compostable-packaging-consultants,,,,
Professional Services,professional-services,18,"Sustainability, ESG & Environmental Consulting",sustainability-esg-environmental-consulting,76,Reusable Packaging Consultants,reusable-packaging-consultants,,,,
Professional Services,professional-services,18,"Sustainability, ESG & Environmental Consulting",sustainability-esg-environmental-consulting,77,Sustainable Sourcing Consultants,sustainable-sourcing-consultants,,,,
Professional Services,professional-services,18,"Sustainability, ESG & Environmental Consulting",sustainability-esg-environmental-consulting,78,Ethical Sourcing Consultants,ethical-sourcing-consultants,,,,
Professional Services,professional-services,18,"Sustainability, ESG & Environmental Consulting",sustainability-esg-environmental-consulting,79,Fair Trade Consultants,fair-trade-consultants,1,CSR,Fair Trade,csr-fair-trade
Professional Services,professional-services,18,"Sustainability, ESG & Environmental Consulting",sustainability-esg-environmental-consulting,80,Conflict Minerals Consultants,conflict-minerals-consultants,,,,
Professional Services,professional-services,18,"Sustainability, ESG & Environmental Consulting",sustainability-esg-environmental-consulting,81,Forced Labor Compliance Consultants,forced-labor-compliance-consultants,,,,
Professional Services,professional-services,18,"Sustainability, ESG & Environmental Consulting",sustainability-esg-environmental-consulting,82,UFLPA Compliance Consultants,uflpa-compliance-consultants,,,,
Professional Services,professional-services,18,"Sustainability, ESG & Environmental Consulting",sustainability-esg-environmental-consulting,83,Modern Slavery Consultants,modern-slavery-consultants,,,,
Professional Services,professional-services,18,"Sustainability, ESG & Environmental Consulting",sustainability-esg-environmental-consulting,84,Human Rights Due Diligence Firms,human-rights-due-diligence-firms,,,,
Professional Services,professional-services,18,"Sustainability, ESG & Environmental Consulting",sustainability-esg-environmental-consulting,85,Supply Chain ESG Auditors,supply-chain-esg-auditors,1,ESG,Supply Chain Sustainability,esg-supply-chain-sustainability
Professional Services,professional-services,18,"Sustainability, ESG & Environmental Consulting",sustainability-esg-environmental-consulting,85,Supply Chain ESG Auditors,supply-chain-esg-auditors,2,CSR,Ethical Supply Chain,csr-ethical-supply-chain
Professional Services,professional-services,18,"Sustainability, ESG & Environmental Consulting",sustainability-esg-environmental-consulting,86,Supplier Code of Conduct Consultants,supplier-code-of-conduct-consultants,,,,
Professional Services,professional-services,18,"Sustainability, ESG & Environmental Consulting",sustainability-esg-environmental-consulting,87,Responsible Sourcing Consultants,responsible-sourcing-consultants,,,,
Professional Services,professional-services,18,"Sustainability, ESG & Environmental Consulting",sustainability-esg-environmental-consulting,88,Forest Stewardship Council Consultants,forest-stewardship-council-consultants,,,,
Professional Services,professional-services,18,"Sustainability, ESG & Environmental Consulting",sustainability-esg-environmental-consulting,89,FSC Certification Consultants,fsc-certification-consultants,,,,
Professional Services,professional-services,18,"Sustainability, ESG & Environmental Consulting",sustainability-esg-environmental-consulting,90,Rainforest Alliance Consultants,rainforest-alliance-consultants,,,,
Professional Services,professional-services,18,"Sustainability, ESG & Environmental Consulting",sustainability-esg-environmental-consulting,91,Marine Stewardship Council Consultants,marine-stewardship-council-consultants,,,,
Professional Services,professional-services,18,"Sustainability, ESG & Environmental Consulting",sustainability-esg-environmental-consulting,92,B Corp Certification Consultants,b-corp-certification-consultants,1,CSR,B Corp Certification,csr-b-corp-certification
Professional Services,professional-services,18,"Sustainability, ESG & Environmental Consulting",sustainability-esg-environmental-consulting,93,B Corp Application Consultants,b-corp-application-consultants,,,,
Professional Services,professional-services,18,"Sustainability, ESG & Environmental Consulting",sustainability-esg-environmental-consulting,94,1% for the Planet Consultants,1-for-the-planet-consultants,,,,
Professional Services,professional-services,18,"Sustainability, ESG & Environmental Consulting",sustainability-esg-environmental-consulting,95,Climate Neutral Certified Consultants,climate-neutral-certified-consultants,,,,
Professional Services,professional-services,18,"Sustainability, ESG & Environmental Consulting",sustainability-esg-environmental-consulting,96,Just Transition Consultants,just-transition-consultants,,,,
Professional Services,professional-services,18,"Sustainability, ESG & Environmental Consulting",sustainability-esg-environmental-consulting,97,Environmental Justice Consultants,environmental-justice-consultants,1,Environmental Assessment,Environmental Impact,environmental-assessment-environmental-impact
Professional Services,professional-services,18,"Sustainability, ESG & Environmental Consulting",sustainability-esg-environmental-consulting,97,Environmental Justice Consultants,environmental-justice-consultants,2,Environmental Assessment,Wetland Delineation,environmental-assessment-wetland-delineation
Professional Services,professional-services,18,"Sustainability, ESG & Environmental Consulting",sustainability-esg-environmental-consulting,97,Environmental Justice Consultants,environmental-justice-consultants,3,Environmental Assessment,Water Quality,environmental-assessment-water-quality
Professional Services,professional-services,18,"Sustainability, ESG & Environmental Consulting",sustainability-esg-environmental-consulting,97,Environmental Justice Consultants,environmental-justice-consultants,4,Environmental Assessment,Soil Testing,environmental-assessment-soil-testing
Professional Services,professional-services,18,"Sustainability, ESG & Environmental Consulting",sustainability-esg-environmental-consulting,97,Environmental Justice Consultants,environmental-justice-consultants,5,Environmental Assessment,Remediation Planning,environmental-assessment-remediation-planning
Professional Services,professional-services,18,"Sustainability, ESG & Environmental Consulting",sustainability-esg-environmental-consulting,98,Stakeholder Capitalism Consultants,stakeholder-capitalism-consultants,,,,
Professional Services,professional-services,18,"Sustainability, ESG & Environmental Consulting",sustainability-esg-environmental-consulting,99,Impact Measurement Firms,impact-measurement-firms,1,CSR,Impact Measurement,csr-impact-measurement
Professional Services,professional-services,18,"Sustainability, ESG & Environmental Consulting",sustainability-esg-environmental-consulting,100,Theory of Change Consultants,theory-of-change-consultants,,,,
Professional Services,professional-services,18,"Sustainability, ESG & Environmental Consulting",sustainability-esg-environmental-consulting,101,Logic Model Consultants,logic-model-consultants,,,,
Professional Services,professional-services,18,"Sustainability, ESG & Environmental Consulting",sustainability-esg-environmental-consulting,102,Outcomes Measurement Firms,outcomes-measurement-firms,,,,
Professional Services,professional-services,18,"Sustainability, ESG & Environmental Consulting",sustainability-esg-environmental-consulting,103,SROI Consulting,sroi-consulting,,,,
Professional Services,professional-services,18,"Sustainability, ESG & Environmental Consulting",sustainability-esg-environmental-consulting,104,IRIS+ Consulting,iris-consulting,,,,
Professional Services,professional-services,18,"Sustainability, ESG & Environmental Consulting",sustainability-esg-environmental-consulting,105,Impact Investing Consultants,impact-investing-consultants,,,,
Professional Services,professional-services,18,"Sustainability, ESG & Environmental Consulting",sustainability-esg-environmental-consulting,106,Environmental Compliance Consulting,environmental-compliance-consulting,,,,
Professional Services,professional-services,18,"Sustainability, ESG & Environmental Consulting",sustainability-esg-environmental-consulting,107,EPA Compliance Consultants,epa-compliance-consultants,,,,
Professional Services,professional-services,18,"Sustainability, ESG & Environmental Consulting",sustainability-esg-environmental-consulting,108,RCRA Consultants,rcra-consultants,,,,
Professional Services,professional-services,18,"Sustainability, ESG & Environmental Consulting",sustainability-esg-environmental-consulting,109,CERCLA Consultants,cercla-consultants,,,,
Professional Services,professional-services,18,"Sustainability, ESG & Environmental Consulting",sustainability-esg-environmental-consulting,110,TSCA Consultants,tsca-consultants,,,,
Professional Services,professional-services,18,"Sustainability, ESG & Environmental Consulting",sustainability-esg-environmental-consulting,111,Clean Air Act Consultants,clean-air-act-consultants,,,,
Professional Services,professional-services,18,"Sustainability, ESG & Environmental Consulting",sustainability-esg-environmental-consulting,112,Clean Water Act Consultants,clean-water-act-consultants,1,ESG,Water Management,esg-water-management
Professional Services,professional-services,18,"Sustainability, ESG & Environmental Consulting",sustainability-esg-environmental-consulting,113,NEPA Consultants,nepa-consultants,,,,
Professional Services,professional-services,18,"Sustainability, ESG & Environmental Consulting",sustainability-esg-environmental-consulting,114,CEQA Consultants,ceqa-consultants,,,,
Professional Services,professional-services,18,"Sustainability, ESG & Environmental Consulting",sustainability-esg-environmental-consulting,115,EIS Consultants,eis-consultants,,,,
Professional Services,professional-services,18,"Sustainability, ESG & Environmental Consulting",sustainability-esg-environmental-consulting,116,EIR Consultants,eir-consultants,,,,
Professional Services,professional-services,18,"Sustainability, ESG & Environmental Consulting",sustainability-esg-environmental-consulting,117,Air Permitting Consultants,air-permitting-consultants,,,,
Professional Services,professional-services,18,"Sustainability, ESG & Environmental Consulting",sustainability-esg-environmental-consulting,118,Wastewater Permitting Consultants,wastewater-permitting-consultants,,,,
Professional Services,professional-services,18,"Sustainability, ESG & Environmental Consulting",sustainability-esg-environmental-consulting,119,Stormwater Permitting Consultants,stormwater-permitting-consultants,,,,
Professional Services,professional-services,18,"Sustainability, ESG & Environmental Consulting",sustainability-esg-environmental-consulting,120,SPCC Plan Consultants,spcc-plan-consultants,,,,
Professional Services,professional-services,18,"Sustainability, ESG & Environmental Consulting",sustainability-esg-environmental-consulting,121,SWPPP Consultants,swppp-consultants,,,,
Professional Services,professional-services,18,"Sustainability, ESG & Environmental Consulting",sustainability-esg-environmental-consulting,122,Hazmat Consultants,hazmat-consultants,,,,
Professional Services,professional-services,18,"Sustainability, ESG & Environmental Consulting",sustainability-esg-environmental-consulting,123,RCRA Generator Consultants,rcra-generator-consultants,,,,
Professional Services,professional-services,18,"Sustainability, ESG & Environmental Consulting",sustainability-esg-environmental-consulting,124,Universal Waste Consultants,universal-waste-consultants,,,,
Professional Services,professional-services,18,"Sustainability, ESG & Environmental Consulting",sustainability-esg-environmental-consulting,125,Used Oil Compliance Consultants,used-oil-compliance-consultants,,,,
Professional Services,professional-services,18,"Sustainability, ESG & Environmental Consulting",sustainability-esg-environmental-consulting,126,UST Consultants,ust-consultants,,,,
Professional Services,professional-services,18,"Sustainability, ESG & Environmental Consulting",sustainability-esg-environmental-consulting,127,AST Consultants,ast-consultants,,,,
Professional Services,professional-services,18,"Sustainability, ESG & Environmental Consulting",sustainability-esg-environmental-consulting,128,Phase I Environmental Site Assessors,phase-i-environmental-site-assessors,1,Environmental Assessment,Phase I ESA,environmental-assessment-phase-i-esa
Professional Services,professional-services,18,"Sustainability, ESG & Environmental Consulting",sustainability-esg-environmental-consulting,129,Phase II Environmental Site Assessors,phase-ii-environmental-site-assessors,1,Environmental Assessment,Phase II ESA,environmental-assessment-phase-ii-esa
Professional Services,professional-services,18,"Sustainability, ESG & Environmental Consulting",sustainability-esg-environmental-consulting,130,Brownfield Consultants,brownfield-consultants,,,,
Professional Services,professional-services,18,"Sustainability, ESG & Environmental Consulting",sustainability-esg-environmental-consulting,131,Vapor Intrusion Consultants,vapor-intrusion-consultants,,,,
Professional Services,professional-services,18,"Sustainability, ESG & Environmental Consulting",sustainability-esg-environmental-consulting,132,Indoor Air Quality Consultants,indoor-air-quality-consultants,1,Environmental Assessment,Air Quality,environmental-assessment-air-quality
Professional Services,professional-services,18,"Sustainability, ESG & Environmental Consulting",sustainability-esg-environmental-consulting,133,Mold Assessment Consultants,mold-assessment-consultants,1,ESG,Biodiversity Assessment,esg-biodiversity-assessment
Professional Services,professional-services,18,"Sustainability, ESG & Environmental Consulting",sustainability-esg-environmental-consulting,133,Mold Assessment Consultants,mold-assessment-consultants,2,Environmental Assessment,Contamination Assessment,environmental-assessment-contamination-assessment
Professional Services,professional-services,18,"Sustainability, ESG & Environmental Consulting",sustainability-esg-environmental-consulting,134,Asbestos Consultants,asbestos-consultants,,,,
Professional Services,professional-services,18,"Sustainability, ESG & Environmental Consulting",sustainability-esg-environmental-consulting,135,Lead Paint Consultants,lead-paint-consultants,,,,
Professional Services,professional-services,18,"Sustainability, ESG & Environmental Consulting",sustainability-esg-environmental-consulting,136,Radon Consultants,radon-consultants,,,,
Professional Services,professional-services,18,"Sustainability, ESG & Environmental Consulting",sustainability-esg-environmental-consulting,137,Wetlands Delineators,wetlands-delineators,,,,
Professional Services,professional-services,18,"Sustainability, ESG & Environmental Consulting",sustainability-esg-environmental-consulting,138,Wetland Mitigation Consultants,wetland-mitigation-consultants,,,,
Professional Services,professional-services,18,"Sustainability, ESG & Environmental Consulting",sustainability-esg-environmental-consulting,139,Stream Restoration Consultants,stream-restoration-consultants,,,,
Professional Services,professional-services,18,"Sustainability, ESG & Environmental Consulting",sustainability-esg-environmental-consulting,140,Habitat Restoration Firms,habitat-restoration-firms,,,,
Professional Services,professional-services,18,"Sustainability, ESG & Environmental Consulting",sustainability-esg-environmental-consulting,141,Wildlife Biologists,wildlife-biologists,,,,
Professional Services,professional-services,18,"Sustainability, ESG & Environmental Consulting",sustainability-esg-environmental-consulting,142,Endangered Species Consultants,endangered-species-consultants,1,Environmental Assessment,Endangered Species,environmental-assessment-endangered-species
Professional Services,professional-services,18,"Sustainability, ESG & Environmental Consulting",sustainability-esg-environmental-consulting,143,Section 7 Consultants,section-7-consultants,,,,
Professional Services,professional-services,18,"Sustainability, ESG & Environmental Consulting",sustainability-esg-environmental-consulting,144,Section 10 Consultants,section-10-consultants,,,,
Professional Services,professional-services,18,"Sustainability, ESG & Environmental Consulting",sustainability-esg-environmental-consulting,145,Cultural Resources Consultants,cultural-resources-consultants,,,,
Professional Services,professional-services,18,"Sustainability, ESG & Environmental Consulting",sustainability-esg-environmental-consulting,146,Archaeology Consultants,archaeology-consultants,,,,
Professional Services,professional-services,18,"Sustainability, ESG & Environmental Consulting",sustainability-esg-environmental-consulting,147,Tribal Consultation Specialists,tribal-consultation-specialists,,,,
Professional Services,professional-services,18,"Sustainability, ESG & Environmental Consulting",sustainability-esg-environmental-consulting,148,NEPA Tribal Consultation Specialists,nepa-tribal-consultation-specialists,,,,
Professional Services,professional-services,18,"Sustainability, ESG & Environmental Consulting",sustainability-esg-environmental-consulting,149,Section 106 Consultants,section-106-consultants,,,,
Professional Services,professional-services,18,"Sustainability, ESG & Environmental Consulting",sustainability-esg-environmental-consulting,150,Historic Preservation Consultants,historic-preservation-consultants,,,,
Professional Services,professional-services,19,"Risk Management, Compliance & Audit Services",risk-management-compliance-audit-services,1,Enterprise Risk Management Consulting Firms,enterprise-risk-management-consulting-firms,,,,
Professional Services,professional-services,19,"Risk Management, Compliance & Audit Services",risk-management-compliance-audit-services,2,ERM Implementation Consultants,erm-implementation-consultants,,,,
Professional Services,professional-services,19,"Risk Management, Compliance & Audit Services",risk-management-compliance-audit-services,3,Risk Appetite Consultants,risk-appetite-consultants,,,,
Professional Services,professional-services,19,"Risk Management, Compliance & Audit Services",risk-management-compliance-audit-services,4,Risk Assessment Firms,risk-assessment-firms,,,,
Professional Services,professional-services,19,"Risk Management, Compliance & Audit Services",risk-management-compliance-audit-services,5,Operational Risk Consultants,operational-risk-consultants,,,,
Professional Services,professional-services,19,"Risk Management, Compliance & Audit Services",risk-management-compliance-audit-services,6,Strategic Risk Consultants,strategic-risk-consultants,,,,
Professional Services,professional-services,19,"Risk Management, Compliance & Audit Services",risk-management-compliance-audit-services,7,Reputational Risk Consultants,reputational-risk-consultants,,,,
Professional Services,professional-services,19,"Risk Management, Compliance & Audit Services",risk-management-compliance-audit-services,8,Geopolitical Risk Advisory Firms,geopolitical-risk-advisory-firms,,,,
Professional Services,professional-services,19,"Risk Management, Compliance & Audit Services",risk-management-compliance-audit-services,9,Country Risk Advisors,country-risk-advisors,,,,
Professional Services,professional-services,19,"Risk Management, Compliance & Audit Services",risk-management-compliance-audit-services,10,Political Risk Advisors,political-risk-advisors,,,,
Professional Services,professional-services,19,"Risk Management, Compliance & Audit Services",risk-management-compliance-audit-services,11,Foreign Investment Risk Advisors,foreign-investment-risk-advisors,1,Investment Advisory,Financial Planning Service,investment-advisory-financial-planning-service
Professional Services,professional-services,19,"Risk Management, Compliance & Audit Services",risk-management-compliance-audit-services,11,Foreign Investment Risk Advisors,foreign-investment-risk-advisors,2,Investment Advisory,Retirement Planning Service,investment-advisory-retirement-planning-service
Professional Services,professional-services,19,"Risk Management, Compliance & Audit Services",risk-management-compliance-audit-services,11,Foreign Investment Risk Advisors,foreign-investment-risk-advisors,3,Investment Advisory,Estate Planning Service,investment-advisory-estate-planning-service
Professional Services,professional-services,19,"Risk Management, Compliance & Audit Services",risk-management-compliance-audit-services,11,Foreign Investment Risk Advisors,foreign-investment-risk-advisors,4,Investment Advisory,Tax Planning Service,investment-advisory-tax-planning-service
Professional Services,professional-services,19,"Risk Management, Compliance & Audit Services",risk-management-compliance-audit-services,11,Foreign Investment Risk Advisors,foreign-investment-risk-advisors,5,Investment Advisory,College Planning,investment-advisory-college-planning
Professional Services,professional-services,19,"Risk Management, Compliance & Audit Services",risk-management-compliance-audit-services,11,Foreign Investment Risk Advisors,foreign-investment-risk-advisors,6,Investment Advisory,Portfolio Management,investment-advisory-portfolio-management
Professional Services,professional-services,19,"Risk Management, Compliance & Audit Services",risk-management-compliance-audit-services,11,Foreign Investment Risk Advisors,foreign-investment-risk-advisors,7,Investment Advisory,Risk Management Service,investment-advisory-risk-management-service
Professional Services,professional-services,19,"Risk Management, Compliance & Audit Services",risk-management-compliance-audit-services,11,Foreign Investment Risk Advisors,foreign-investment-risk-advisors,8,Investment Advisory,Insurance Planning,investment-advisory-insurance-planning
Professional Services,professional-services,19,"Risk Management, Compliance & Audit Services",risk-management-compliance-audit-services,11,Foreign Investment Risk Advisors,foreign-investment-risk-advisors,9,Investment Advisory,Charitable Planning,investment-advisory-charitable-planning
Professional Services,professional-services,19,"Risk Management, Compliance & Audit Services",risk-management-compliance-audit-services,11,Foreign Investment Risk Advisors,foreign-investment-risk-advisors,10,Specialized Investment,Cryptocurrency Advisory,specialized-investment-cryptocurrency-advisory
Professional Services,professional-services,19,"Risk Management, Compliance & Audit Services",risk-management-compliance-audit-services,11,Foreign Investment Risk Advisors,foreign-investment-risk-advisors,11,Specialized Investment,Commodities Advisory,specialized-investment-commodities-advisory
Professional Services,professional-services,19,"Risk Management, Compliance & Audit Services",risk-management-compliance-audit-services,11,Foreign Investment Risk Advisors,foreign-investment-risk-advisors,12,Specialized Investment,Forex Advisory,specialized-investment-forex-advisory
Professional Services,professional-services,19,"Risk Management, Compliance & Audit Services",risk-management-compliance-audit-services,11,Foreign Investment Risk Advisors,foreign-investment-risk-advisors,13,Specialized Investment,Options Advisory,specialized-investment-options-advisory
Professional Services,professional-services,19,"Risk Management, Compliance & Audit Services",risk-management-compliance-audit-services,12,Sovereign Risk Advisors,sovereign-risk-advisors,,,,
Professional Services,professional-services,19,"Risk Management, Compliance & Audit Services",risk-management-compliance-audit-services,13,Crisis Response Consultants,crisis-response-consultants,,,,
Professional Services,professional-services,19,"Risk Management, Compliance & Audit Services",risk-management-compliance-audit-services,14,Business Continuity Consultants,business-continuity-consultants,,,,
Professional Services,professional-services,19,"Risk Management, Compliance & Audit Services",risk-management-compliance-audit-services,15,Disaster Recovery Consultants,disaster-recovery-consultants,,,,
Professional Services,professional-services,19,"Risk Management, Compliance & Audit Services",risk-management-compliance-audit-services,16,Pandemic Response Consultants,pandemic-response-consultants,,,,
Professional Services,professional-services,19,"Risk Management, Compliance & Audit Services",risk-management-compliance-audit-services,17,Crisis Drill Firms,crisis-drill-firms,,,,
Professional Services,professional-services,19,"Risk Management, Compliance & Audit Services",risk-management-compliance-audit-services,18,Tabletop Exercise Facilitators,risk-management-compliance-audit-services-tabletop-exercise-facilitators,,,,
Professional Services,professional-services,19,"Risk Management, Compliance & Audit Services",risk-management-compliance-audit-services,19,Threat Assessment Firms,threat-assessment-firms,,,,
Professional Services,professional-services,19,"Risk Management, Compliance & Audit Services",risk-management-compliance-audit-services,20,Workplace Threat Assessment Firms,workplace-threat-assessment-firms,,,,
Professional Services,professional-services,19,"Risk Management, Compliance & Audit Services",risk-management-compliance-audit-services,21,School Threat Assessment Firms,school-threat-assessment-firms,,,,
Professional Services,professional-services,19,"Risk Management, Compliance & Audit Services",risk-management-compliance-audit-services,22,Insider Threat Consultants,insider-threat-consultants,,,,
Professional Services,professional-services,19,"Risk Management, Compliance & Audit Services",risk-management-compliance-audit-services,23,Travel Risk Management Firms,travel-risk-management-firms,,,,
Professional Services,professional-services,19,"Risk Management, Compliance & Audit Services",risk-management-compliance-audit-services,24,Executive Protection Risk Advisors,executive-protection-risk-advisors,1,Security Services,Executive Protection,security-services-executive-protection
Professional Services,professional-services,19,"Risk Management, Compliance & Audit Services",risk-management-compliance-audit-services,25,Duty of Care Consulting Firms,duty-of-care-consulting-firms,,,,
Professional Services,professional-services,19,"Risk Management, Compliance & Audit Services",risk-management-compliance-audit-services,26,Internal Audit Firms,internal-audit-firms,1,Audit & Assurance,Internal Audit,audit-assurance-internal-audit
Professional Services,professional-services,19,"Risk Management, Compliance & Audit Services",risk-management-compliance-audit-services,27,Internal Audit Co-Sourcing,internal-audit-co-sourcing,,,,
Professional Services,professional-services,19,"Risk Management, Compliance & Audit Services",risk-management-compliance-audit-services,28,Internal Audit Outsourcing,internal-audit-outsourcing,,,,
Professional Services,professional-services,19,"Risk Management, Compliance & Audit Services",risk-management-compliance-audit-services,29,Risk-Based Internal Audit Firms,risk-based-internal-audit-firms,,,,
Professional Services,professional-services,19,"Risk Management, Compliance & Audit Services",risk-management-compliance-audit-services,30,SOX Compliance Firms,sox-compliance-firms,,,,
Professional Services,professional-services,19,"Risk Management, Compliance & Audit Services",risk-management-compliance-audit-services,31,SOX Consulting,sox-consulting,,,,
Professional Services,professional-services,19,"Risk Management, Compliance & Audit Services",risk-management-compliance-audit-services,32,Internal Controls Consultants,internal-controls-consultants,,,,
Professional Services,professional-services,19,"Risk Management, Compliance & Audit Services",risk-management-compliance-audit-services,33,ICFR Consultants,icfr-consultants,,,,
Professional Services,professional-services,19,"Risk Management, Compliance & Audit Services",risk-management-compliance-audit-services,34,Process Walkthroughs Consultants,process-walkthroughs-consultants,,,,
Professional Services,professional-services,19,"Risk Management, Compliance & Audit Services",risk-management-compliance-audit-services,35,Control Testing Firms,control-testing-firms,,,,
Professional Services,professional-services,19,"Risk Management, Compliance & Audit Services",risk-management-compliance-audit-services,36,GRC Software Implementation Firms,grc-software-implementation-firms,,,,
Professional Services,professional-services,19,"Risk Management, Compliance & Audit Services",risk-management-compliance-audit-services,37,Compliance Program Consultants,compliance-program-consultants,,,,
Professional Services,professional-services,19,"Risk Management, Compliance & Audit Services",risk-management-compliance-audit-services,38,Compliance Risk Assessment Firms,compliance-risk-assessment-firms,1,Cyber Services,Compliance Assessment,cyber-services-compliance-assessment
Professional Services,professional-services,19,"Risk Management, Compliance & Audit Services",risk-management-compliance-audit-services,39,Compliance Hotline Providers,compliance-hotline-providers,,,,
Professional Services,professional-services,19,"Risk Management, Compliance & Audit Services",risk-management-compliance-audit-services,40,Whistleblower Hotline Providers,whistleblower-hotline-providers,,,,
Professional Services,professional-services,19,"Risk Management, Compliance & Audit Services",risk-management-compliance-audit-services,41,Code of Conduct Consultants,code-of-conduct-consultants,,,,
Professional Services,professional-services,19,"Risk Management, Compliance & Audit Services",risk-management-compliance-audit-services,42,Conflicts of Interest Program Consultants,conflicts-of-interest-program-consultants,,,,
Professional Services,professional-services,19,"Risk Management, Compliance & Audit Services",risk-management-compliance-audit-services,43,Anti-Bribery Consulting Firms,anti-bribery-consulting-firms,,,,
Professional Services,professional-services,19,"Risk Management, Compliance & Audit Services",risk-management-compliance-audit-services,44,FCPA Compliance Consultants,fcpa-compliance-consultants,,,,
Professional Services,professional-services,19,"Risk Management, Compliance & Audit Services",risk-management-compliance-audit-services,45,UK Bribery Act Consultants,uk-bribery-act-consultants,,,,
Professional Services,professional-services,19,"Risk Management, Compliance & Audit Services",risk-management-compliance-audit-services,46,Global Anti-Corruption Consultants,global-anti-corruption-consultants,,,,
Professional Services,professional-services,19,"Risk Management, Compliance & Audit Services",risk-management-compliance-audit-services,47,Anti-Money Laundering Consultants,anti-money-laundering-consultants,,,,
Professional Services,professional-services,19,"Risk Management, Compliance & Audit Services",risk-management-compliance-audit-services,48,BSA Consultants,bsa-consultants,,,,
Professional Services,professional-services,19,"Risk Management, Compliance & Audit Services",risk-management-compliance-audit-services,49,KYC Consultants,kyc-consultants,,,,
Professional Services,professional-services,19,"Risk Management, Compliance & Audit Services",risk-management-compliance-audit-services,50,Customer Due Diligence Consultants,customer-due-diligence-consultants,,,,
Professional Services,professional-services,19,"Risk Management, Compliance & Audit Services",risk-management-compliance-audit-services,51,Enhanced Due Diligence Firms,enhanced-due-diligence-firms,,,,
Professional Services,professional-services,19,"Risk Management, Compliance & Audit Services",risk-management-compliance-audit-services,52,Sanctions Compliance Consultants,sanctions-compliance-consultants,,,,
Professional Services,professional-services,19,"Risk Management, Compliance & Audit Services",risk-management-compliance-audit-services,53,OFAC Consultants,ofac-consultants,,,,
Professional Services,professional-services,19,"Risk Management, Compliance & Audit Services",risk-management-compliance-audit-services,54,EU Sanctions Consultants,eu-sanctions-consultants,,,,
Professional Services,professional-services,19,"Risk Management, Compliance & Audit Services",risk-management-compliance-audit-services,55,UK Sanctions Consultants,uk-sanctions-consultants,,,,
Professional Services,professional-services,19,"Risk Management, Compliance & Audit Services",risk-management-compliance-audit-services,56,Export Control Consultants,export-control-consultants,1,Trade Services,Export Consulting,trade-services-export-consulting
Professional Services,professional-services,19,"Risk Management, Compliance & Audit Services",risk-management-compliance-audit-services,57,ITAR Consultants,itar-consultants,,,,
Professional Services,professional-services,19,"Risk Management, Compliance & Audit Services",risk-management-compliance-audit-services,58,EAR Consultants,ear-consultants,,,,
Professional Services,professional-services,19,"Risk Management, Compliance & Audit Services",risk-management-compliance-audit-services,59,Dual-Use Goods Consultants,dual-use-goods-consultants,,,,
Professional Services,professional-services,19,"Risk Management, Compliance & Audit Services",risk-management-compliance-audit-services,60,Customs Compliance Consultants,customs-compliance-consultants,,,,
Professional Services,professional-services,19,"Risk Management, Compliance & Audit Services",risk-management-compliance-audit-services,61,Trade Compliance Consultants,trade-compliance-consultants,1,Trade Services,Trade Compliance Consulting,trade-services-trade-compliance-consulting
Professional Services,professional-services,19,"Risk Management, Compliance & Audit Services",risk-management-compliance-audit-services,62,Import Compliance Consultants,import-compliance-consultants,1,Trade Services,Import Consulting,trade-services-import-consulting
Professional Services,professional-services,19,"Risk Management, Compliance & Audit Services",risk-management-compliance-audit-services,63,Free Trade Agreement Consultants,free-trade-agreement-consultants,,,,
Professional Services,professional-services,19,"Risk Management, Compliance & Audit Services",risk-management-compliance-audit-services,64,Country of Origin Consultants,country-of-origin-consultants,,,,
Professional Services,professional-services,19,"Risk Management, Compliance & Audit Services",risk-management-compliance-audit-services,65,Tariff Classification Consultants,tariff-classification-consultants,1,Trade Services,Tariff Classification,trade-services-tariff-classification
Professional Services,professional-services,19,"Risk Management, Compliance & Audit Services",risk-management-compliance-audit-services,66,Anti-Dumping Consultants,anti-dumping-consultants,,,,
Professional Services,professional-services,19,"Risk Management, Compliance & Audit Services",risk-management-compliance-audit-services,67,Countervailing Duty Consultants,countervailing-duty-consultants,,,,
Professional Services,professional-services,19,"Risk Management, Compliance & Audit Services",risk-management-compliance-audit-services,68,Section 232 Consultants,section-232-consultants,,,,
Professional Services,professional-services,19,"Risk Management, Compliance & Audit Services",risk-management-compliance-audit-services,69,Section 301 Consultants,section-301-consultants,,,,
Professional Services,professional-services,19,"Risk Management, Compliance & Audit Services",risk-management-compliance-audit-services,70,Privacy Compliance Consultants,privacy-compliance-consultants,,,,
Professional Services,professional-services,19,"Risk Management, Compliance & Audit Services",risk-management-compliance-audit-services,71,Data Protection Officers for Hire,data-protection-officers-for-hire,,,,
Professional Services,professional-services,19,"Risk Management, Compliance & Audit Services",risk-management-compliance-audit-services,72,GDPR DPO Services,gdpr-dpo-services,1,Cyber Services,Security Audit Service,cyber-services-security-audit-service
Professional Services,professional-services,19,"Risk Management, Compliance & Audit Services",risk-management-compliance-audit-services,72,GDPR DPO Services,gdpr-dpo-services,2,Cyber Services,Risk Assessment Service,cyber-services-risk-assessment-service
Professional Services,professional-services,19,"Risk Management, Compliance & Audit Services",risk-management-compliance-audit-services,73,Privacy Impact Assessment Consultants,privacy-impact-assessment-consultants,,,,
Professional Services,professional-services,19,"Risk Management, Compliance & Audit Services",risk-management-compliance-audit-services,74,Data Mapping Consultants,data-mapping-consultants,,,,
Professional Services,professional-services,19,"Risk Management, Compliance & Audit Services",risk-management-compliance-audit-services,75,Records of Processing Consultants,records-of-processing-consultants,1,Mailing Services,Mail Processing,mailing-services-mail-processing
Professional Services,professional-services,19,"Risk Management, Compliance & Audit Services",risk-management-compliance-audit-services,76,Cross-Border Data Transfer Consultants,cross-border-data-transfer-consultants,1,International Business,Cross-Border Payments,international-business-cross-border-payments
Professional Services,professional-services,19,"Risk Management, Compliance & Audit Services",risk-management-compliance-audit-services,77,Standard Contractual Clauses Consultants,standard-contractual-clauses-consultants,,,,
Professional Services,professional-services,19,"Risk Management, Compliance & Audit Services",risk-management-compliance-audit-services,78,BCR Consultants,bcr-consultants,,,,
Professional Services,professional-services,19,"Risk Management, Compliance & Audit Services",risk-management-compliance-audit-services,79,Privacy Shield Consultants,privacy-shield-consultants,,,,
Professional Services,professional-services,19,"Risk Management, Compliance & Audit Services",risk-management-compliance-audit-services,80,Cookie Compliance Consultants,cookie-compliance-consultants,,,,
Professional Services,professional-services,19,"Risk Management, Compliance & Audit Services",risk-management-compliance-audit-services,81,Consent Management Consultants,consent-management-consultants,,,,
Professional Services,professional-services,19,"Risk Management, Compliance & Audit Services",risk-management-compliance-audit-services,83,COPPA Consultants,coppa-consultants,,,,
Professional Services,professional-services,19,"Risk Management, Compliance & Audit Services",risk-management-compliance-audit-services,84,Healthcare Compliance Consultants,healthcare-compliance-consultants,,,,
Professional Services,professional-services,19,"Risk Management, Compliance & Audit Services",risk-management-compliance-audit-services,85,HIPAA Compliance Consultants,hipaa-compliance-consultants,,,,
Professional Services,professional-services,19,"Risk Management, Compliance & Audit Services",risk-management-compliance-audit-services,86,HITECH Consultants,hitech-consultants,,,,
Professional Services,professional-services,19,"Risk Management, Compliance & Audit Services",risk-management-compliance-audit-services,87,Stark Law Consultants,stark-law-consultants,,,,
Professional Services,professional-services,19,"Risk Management, Compliance & Audit Services",risk-management-compliance-audit-services,88,Anti-Kickback Statute Consultants,anti-kickback-statute-consultants,,,,
Professional Services,professional-services,19,"Risk Management, Compliance & Audit Services",risk-management-compliance-audit-services,89,False Claims Act Consultants,false-claims-act-consultants,,,,
Professional Services,professional-services,19,"Risk Management, Compliance & Audit Services",risk-management-compliance-audit-services,90,OIG Compliance Consultants,oig-compliance-consultants,,,,
Professional Services,professional-services,19,"Risk Management, Compliance & Audit Services",risk-management-compliance-audit-services,91,DEA Compliance Consultants,dea-compliance-consultants,,,,
Professional Services,professional-services,19,"Risk Management, Compliance & Audit Services",risk-management-compliance-audit-services,92,Pharmacy Compliance Consultants,pharmacy-compliance-consultants,,,,
Professional Services,professional-services,19,"Risk Management, Compliance & Audit Services",risk-management-compliance-audit-services,93,340B Program Consultants,340b-program-consultants,,,,
Professional Services,professional-services,19,"Risk Management, Compliance & Audit Services",risk-management-compliance-audit-services,94,Medicare Compliance Consultants,medicare-compliance-consultants,,,,
Professional Services,professional-services,19,"Risk Management, Compliance & Audit Services",risk-management-compliance-audit-services,95,Medicaid Compliance Consultants,medicaid-compliance-consultants,,,,
Professional Services,professional-services,19,"Risk Management, Compliance & Audit Services",risk-management-compliance-audit-services,96,Healthcare RAC Consultants,healthcare-rac-consultants,,,,
Professional Services,professional-services,19,"Risk Management, Compliance & Audit Services",risk-management-compliance-audit-services,97,FDA Regulatory Consultants,fda-regulatory-consultants,,,,
Professional Services,professional-services,19,"Risk Management, Compliance & Audit Services",risk-management-compliance-audit-services,98,FDA 510(k) Consultants,fda-510k-consultants,,,,
Professional Services,professional-services,19,"Risk Management, Compliance & Audit Services",risk-management-compliance-audit-services,99,FDA Premarket Approval Consultants,fda-premarket-approval-consultants,,,,
Professional Services,professional-services,19,"Risk Management, Compliance & Audit Services",risk-management-compliance-audit-services,100,FDA Quality System Consultants,fda-quality-system-consultants,,,,
Professional Services,professional-services,19,"Risk Management, Compliance & Audit Services",risk-management-compliance-audit-services,101,Medical Device Compliance Consultants,medical-device-compliance-consultants,,,,
Professional Services,professional-services,19,"Risk Management, Compliance & Audit Services",risk-management-compliance-audit-services,102,Pharma Compliance Consultants,pharma-compliance-consultants,,,,
Professional Services,professional-services,19,"Risk Management, Compliance & Audit Services",risk-management-compliance-audit-services,103,Clinical Trial Compliance Consultants,clinical-trial-compliance-consultants,,,,
Professional Services,professional-services,19,"Risk Management, Compliance & Audit Services",risk-management-compliance-audit-services,104,GxP Consultants,gxp-consultants,,,,
Professional Services,professional-services,19,"Risk Management, Compliance & Audit Services",risk-management-compliance-audit-services,105,GLP Consultants,glp-consultants,,,,
Professional Services,professional-services,19,"Risk Management, Compliance & Audit Services",risk-management-compliance-audit-services,106,GMP Consultants,gmp-consultants,,,,
Professional Services,professional-services,19,"Risk Management, Compliance & Audit Services",risk-management-compliance-audit-services,107,GCP Consultants,gcp-consultants,,,,
Professional Services,professional-services,19,"Risk Management, Compliance & Audit Services",risk-management-compliance-audit-services,108,Quality Management System Consultants,quality-management-system-consultants,,,,
Professional Services,professional-services,19,"Risk Management, Compliance & Audit Services",risk-management-compliance-audit-services,109,ISO 9001 Consultants,iso-9001-consultants,,,,
Professional Services,professional-services,19,"Risk Management, Compliance & Audit Services",risk-management-compliance-audit-services,110,ISO 13485 Consultants,iso-13485-consultants,,,,
Professional Services,professional-services,19,"Risk Management, Compliance & Audit Services",risk-management-compliance-audit-services,111,ISO 14001 Consultants,iso-14001-consultants,,,,
Professional Services,professional-services,19,"Risk Management, Compliance & Audit Services",risk-management-compliance-audit-services,112,ISO 45001 Consultants,iso-45001-consultants,,,,
Professional Services,professional-services,19,"Risk Management, Compliance & Audit Services",risk-management-compliance-audit-services,113,ISO 17025 Consultants,iso-17025-consultants,,,,
Professional Services,professional-services,19,"Risk Management, Compliance & Audit Services",risk-management-compliance-audit-services,114,ISO 22000 Consultants,iso-22000-consultants,,,,
Professional Services,professional-services,19,"Risk Management, Compliance & Audit Services",risk-management-compliance-audit-services,115,ISO 22301 Consultants,iso-22301-consultants,,,,
Professional Services,professional-services,19,"Risk Management, Compliance & Audit Services",risk-management-compliance-audit-services,116,ISO 27001 Consultants,iso-27001-consultants,,,,
Professional Services,professional-services,19,"Risk Management, Compliance & Audit Services",risk-management-compliance-audit-services,117,ISO 27701 Consultants,iso-27701-consultants,,,,
Professional Services,professional-services,19,"Risk Management, Compliance & Audit Services",risk-management-compliance-audit-services,118,ISO 31000 Consultants,iso-31000-consultants,,,,
Professional Services,professional-services,19,"Risk Management, Compliance & Audit Services",risk-management-compliance-audit-services,119,ISO 37001 Consultants,iso-37001-consultants,,,,
Professional Services,professional-services,19,"Risk Management, Compliance & Audit Services",risk-management-compliance-audit-services,120,ISO 50001 Consultants,iso-50001-consultants,,,,
Professional Services,professional-services,19,"Risk Management, Compliance & Audit Services",risk-management-compliance-audit-services,121,Environmental Management System Consultants,environmental-management-system-consultants,,,,
Professional Services,professional-services,19,"Risk Management, Compliance & Audit Services",risk-management-compliance-audit-services,122,Occupational Health Consultants,occupational-health-consultants,,,,
Professional Services,professional-services,19,"Risk Management, Compliance & Audit Services",risk-management-compliance-audit-services,123,OSHA Compliance Consultants,osha-compliance-consultants,,,,
Professional Services,professional-services,19,"Risk Management, Compliance & Audit Services",risk-management-compliance-audit-services,124,Workplace Safety Consultants,workplace-safety-consultants,,,,
Professional Services,professional-services,19,"Risk Management, Compliance & Audit Services",risk-management-compliance-audit-services,125,Construction Safety Consultants,construction-safety-consultants,,,,
Professional Services,professional-services,19,"Risk Management, Compliance & Audit Services",risk-management-compliance-audit-services,126,Industrial Hygiene Consultants,industrial-hygiene-consultants,,,,
Professional Services,professional-services,19,"Risk Management, Compliance & Audit Services",risk-management-compliance-audit-services,127,Ergonomic Consultants,ergonomic-consultants,,,,
Professional Services,professional-services,19,"Risk Management, Compliance & Audit Services",risk-management-compliance-audit-services,128,Workers Comp Loss Control Consultants,workers-comp-loss-control-consultants,,,,
Professional Services,professional-services,19,"Risk Management, Compliance & Audit Services",risk-management-compliance-audit-services,129,Drug-Free Workplace Consultants,drug-free-workplace-consultants,,,,
Professional Services,professional-services,19,"Risk Management, Compliance & Audit Services",risk-management-compliance-audit-services,130,Background Screening Compliance Consultants,background-screening-compliance-consultants,,,,
Professional Services,professional-services,19,"Risk Management, Compliance & Audit Services",risk-management-compliance-audit-services,131,I-9 Compliance Consultants,i-9-compliance-consultants,,,,
Professional Services,professional-services,19,"Risk Management, Compliance & Audit Services",risk-management-compliance-audit-services,132,E-Verify Compliance Consultants,e-verify-compliance-consultants,,,,
Professional Services,professional-services,19,"Risk Management, Compliance & Audit Services",risk-management-compliance-audit-services,133,Affirmative Action Plan Consultants,affirmative-action-plan-consultants,,,,
Professional Services,professional-services,19,"Risk Management, Compliance & Audit Services",risk-management-compliance-audit-services,134,OFCCP Compliance Consultants,ofccp-compliance-consultants,,,,
Professional Services,professional-services,19,"Risk Management, Compliance & Audit Services",risk-management-compliance-audit-services,135,EEO Compliance Consultants,eeo-compliance-consultants,,,,
Professional Services,professional-services,19,"Risk Management, Compliance & Audit Services",risk-management-compliance-audit-services,136,Pay Equity Compliance Consultants,pay-equity-compliance-consultants,,,,
Professional Services,professional-services,19,"Risk Management, Compliance & Audit Services",risk-management-compliance-audit-services,137,Title VII Compliance Consultants,title-vii-compliance-consultants,,,,
Professional Services,professional-services,20,Corporate Training & L&D Providers,corporate-training-ld-providers,1,Corporate Training Companies,corporate-training-companies,,,,
Professional Services,professional-services,20,Corporate Training & L&D Providers,corporate-training-ld-providers,2,Soft Skills Training Companies,soft-skills-training-companies,,,,
Professional Services,professional-services,20,Corporate Training & L&D Providers,corporate-training-ld-providers,3,Leadership Training Companies,leadership-training-companies,,,,
Professional Services,professional-services,20,Corporate Training & L&D Providers,corporate-training-ld-providers,4,Management Training Companies,management-training-companies,,,,
Professional Services,professional-services,20,Corporate Training & L&D Providers,corporate-training-ld-providers,5,Frontline Manager Training,frontline-manager-training,,,,
Professional Services,professional-services,20,Corporate Training & L&D Providers,corporate-training-ld-providers,6,First Time Manager Training,first-time-manager-training,,,,
Professional Services,professional-services,20,Corporate Training & L&D Providers,corporate-training-ld-providers,7,Mid-Level Manager Training,mid-level-manager-training,,,,
Professional Services,professional-services,20,Corporate Training & L&D Providers,corporate-training-ld-providers,8,Senior Leadership Training,senior-leadership-training,,,,
Professional Services,professional-services,20,Corporate Training & L&D Providers,corporate-training-ld-providers,9,Executive Development Programs,executive-development-programs,,,,
Professional Services,professional-services,20,Corporate Training & L&D Providers,corporate-training-ld-providers,10,C-Suite Development Programs,c-suite-development-programs,,,,
Professional Services,professional-services,20,Corporate Training & L&D Providers,corporate-training-ld-providers,11,Communication Skills Training Companies,communication-skills-training-companies,,,,
Professional Services,professional-services,20,Corporate Training & L&D Providers,corporate-training-ld-providers,12,Active Listening Training,active-listening-training,,,,
Professional Services,professional-services,20,Corporate Training & L&D Providers,corporate-training-ld-providers,13,Presentation Skills Training,presentation-skills-training,,,,
Professional Services,professional-services,20,Corporate Training & L&D Providers,corporate-training-ld-providers,14,Public Speaking Training,public-speaking-training,,,,
Professional Services,professional-services,20,Corporate Training & L&D Providers,corporate-training-ld-providers,15,Storytelling Training Companies,storytelling-training-companies,,,,
Professional Services,professional-services,20,Corporate Training & L&D Providers,corporate-training-ld-providers,16,Persuasion Training,persuasion-training,,,,
Professional Services,professional-services,20,Corporate Training & L&D Providers,corporate-training-ld-providers,17,Influence Training,influence-training,,,,
Professional Services,professional-services,20,Corporate Training & L&D Providers,corporate-training-ld-providers,18,Negotiation Training Companies,negotiation-training-companies,,,,
Professional Services,professional-services,20,Corporate Training & L&D Providers,corporate-training-ld-providers,19,Conflict Resolution Training,conflict-resolution-training,,,,
Professional Services,professional-services,20,Corporate Training & L&D Providers,corporate-training-ld-providers,20,Difficult Conversations Training,difficult-conversations-training,,,,
Professional Services,professional-services,20,Corporate Training & L&D Providers,corporate-training-ld-providers,21,Feedback Training,feedback-training,,,,
Professional Services,professional-services,20,Corporate Training & L&D Providers,corporate-training-ld-providers,22,Coaching Skills Training,coaching-skills-training,,,,
Professional Services,professional-services,20,Corporate Training & L&D Providers,corporate-training-ld-providers,23,Mentoring Skills Training,mentoring-skills-training,,,,
Professional Services,professional-services,20,Corporate Training & L&D Providers,corporate-training-ld-providers,24,Self-Awareness Training,self-awareness-training,,,,
Professional Services,professional-services,20,Corporate Training & L&D Providers,corporate-training-ld-providers,25,Mindfulness at Work Training,mindfulness-at-work-training,,,,
Professional Services,professional-services,20,Corporate Training & L&D Providers,corporate-training-ld-providers,26,Stress Management Training,stress-management-training,,,,
Professional Services,professional-services,20,Corporate Training & L&D Providers,corporate-training-ld-providers,27,Resilience Training,resilience-training,,,,
Professional Services,professional-services,20,Corporate Training & L&D Providers,corporate-training-ld-providers,28,Burnout Prevention Training,burnout-prevention-training,,,,
Professional Services,professional-services,20,Corporate Training & L&D Providers,corporate-training-ld-providers,29,Time Management Training,time-management-training,,,,
Professional Services,professional-services,20,Corporate Training & L&D Providers,corporate-training-ld-providers,30,Productivity Training,productivity-training,,,,
Professional Services,professional-services,20,Corporate Training & L&D Providers,corporate-training-ld-providers,31,Critical Thinking Training,critical-thinking-training,,,,
Professional Services,professional-services,20,Corporate Training & L&D Providers,corporate-training-ld-providers,32,Problem Solving Training,problem-solving-training,,,,
Professional Services,professional-services,20,Corporate Training & L&D Providers,corporate-training-ld-providers,33,Decision Making Training,decision-making-training,,,,
Professional Services,professional-services,20,Corporate Training & L&D Providers,corporate-training-ld-providers,34,Creative Thinking Training,creative-thinking-training,,,,
Professional Services,professional-services,20,Corporate Training & L&D Providers,corporate-training-ld-providers,35,Design Thinking Training,design-thinking-training,,,,
Professional Services,professional-services,20,Corporate Training & L&D Providers,corporate-training-ld-providers,36,Innovation Training,innovation-training,,,,
Professional Services,professional-services,20,Corporate Training & L&D Providers,corporate-training-ld-providers,37,Strategic Thinking Training,strategic-thinking-training,,,,
Professional Services,professional-services,20,Corporate Training & L&D Providers,corporate-training-ld-providers,38,Systems Thinking Training,systems-thinking-training,,,,
Professional Services,professional-services,20,Corporate Training & L&D Providers,corporate-training-ld-providers,39,Business Acumen Training,business-acumen-training,1,International Business,Cultural Training,international-business-cultural-training
Professional Services,professional-services,20,Corporate Training & L&D Providers,corporate-training-ld-providers,40,Financial Acumen Training,financial-acumen-training,,,,
Professional Services,professional-services,20,Corporate Training & L&D Providers,corporate-training-ld-providers,41,Finance for Non-Finance Training,finance-for-non-finance-training,,,,
Professional Services,professional-services,20,Corporate Training & L&D Providers,corporate-training-ld-providers,42,Cross-Functional Collaboration Training,cross-functional-collaboration-training,,,,
Professional Services,professional-services,20,Corporate Training & L&D Providers,corporate-training-ld-providers,43,Project Management Training,project-management-training,,,,
Professional Services,professional-services,20,Corporate Training & L&D Providers,corporate-training-ld-providers,44,PMP Certification Prep,pmp-certification-prep,,,,
Professional Services,professional-services,20,Corporate Training & L&D Providers,corporate-training-ld-providers,45,Scrum Master Training,scrum-master-training,,,,
Professional Services,professional-services,20,Corporate Training & L&D Providers,corporate-training-ld-providers,46,Product Owner Training,product-owner-training,,,,
Professional Services,professional-services,20,Corporate Training & L&D Providers,corporate-training-ld-providers,47,Agile Training Companies,agile-training-companies,,,,
Professional Services,professional-services,20,Corporate Training & L&D Providers,corporate-training-ld-providers,48,SAFe Training,safe-training,,,,
Professional Services,professional-services,20,Corporate Training & L&D Providers,corporate-training-ld-providers,49,Lean Training,lean-training,,,,
Professional Services,professional-services,20,Corporate Training & L&D Providers,corporate-training-ld-providers,50,Six Sigma Training,six-sigma-training,,,,
Professional Services,professional-services,20,Corporate Training & L&D Providers,corporate-training-ld-providers,51,DMAIC Training,dmaic-training,,,,
Professional Services,professional-services,20,Corporate Training & L&D Providers,corporate-training-ld-providers,52,Change Management Training,change-management-training,,,,
Professional Services,professional-services,20,Corporate Training & L&D Providers,corporate-training-ld-providers,53,Prosci Training,prosci-training,,,,
Professional Services,professional-services,20,Corporate Training & L&D Providers,corporate-training-ld-providers,54,Diversity Training,diversity-training,,,,
Professional Services,professional-services,20,Corporate Training & L&D Providers,corporate-training-ld-providers,55,Inclusive Leadership Training,inclusive-leadership-training,,,,
Professional Services,professional-services,20,Corporate Training & L&D Providers,corporate-training-ld-providers,56,Allyship Training,allyship-training,,,,
Professional Services,professional-services,20,Corporate Training & L&D Providers,corporate-training-ld-providers,57,Anti-Racism Training,anti-racism-training,,,,
Professional Services,professional-services,20,Corporate Training & L&D Providers,corporate-training-ld-providers,58,Microaggressions Training,microaggressions-training,,,,
Professional Services,professional-services,20,Corporate Training & L&D Providers,corporate-training-ld-providers,59,Cultural Competence Training,cultural-competence-training,,,,
Professional Services,professional-services,20,Corporate Training & L&D Providers,corporate-training-ld-providers,60,Generational Differences Training,generational-differences-training,,,,
Professional Services,professional-services,20,Corporate Training & L&D Providers,corporate-training-ld-providers,61,Disability Awareness Training,disability-awareness-training,,,,
Professional Services,professional-services,20,Corporate Training & L&D Providers,corporate-training-ld-providers,62,LGBTQ+ Inclusion Training,lgbtq-inclusion-training,,,,
Professional Services,professional-services,20,Corporate Training & L&D Providers,corporate-training-ld-providers,63,Religious Inclusion Training,religious-inclusion-training,,,,
Professional Services,professional-services,20,Corporate Training & L&D Providers,corporate-training-ld-providers,64,Veteran Inclusion Training,veteran-inclusion-training,,,,
Professional Services,professional-services,20,Corporate Training & L&D Providers,corporate-training-ld-providers,65,Sales Training Companies,sales-training-companies,,,,
Professional Services,professional-services,20,Corporate Training & L&D Providers,corporate-training-ld-providers,66,Inside Sales Training,inside-sales-training,,,,
Professional Services,professional-services,20,Corporate Training & L&D Providers,corporate-training-ld-providers,67,Outside Sales Training,outside-sales-training,,,,
Professional Services,professional-services,20,Corporate Training & L&D Providers,corporate-training-ld-providers,68,Field Sales Training,field-sales-training,,,,
Professional Services,professional-services,20,Corporate Training & L&D Providers,corporate-training-ld-providers,69,Channel Sales Training,channel-sales-training,,,,
Professional Services,professional-services,20,Corporate Training & L&D Providers,corporate-training-ld-providers,70,Solution Selling Training,solution-selling-training,,,,
Professional Services,professional-services,20,Corporate Training & L&D Providers,corporate-training-ld-providers,71,Consultative Selling Training,consultative-selling-training,,,,
Professional Services,professional-services,20,Corporate Training & L&D Providers,corporate-training-ld-providers,72,Challenger Sales Training,challenger-sales-training,,,,
Professional Services,professional-services,20,Corporate Training & L&D Providers,corporate-training-ld-providers,73,SPIN Selling Training,spin-selling-training,,,,
Professional Services,professional-services,20,Corporate Training & L&D Providers,corporate-training-ld-providers,74,MEDDIC Training,meddic-training,,,,
Professional Services,professional-services,20,Corporate Training & L&D Providers,corporate-training-ld-providers,75,Sandler Training,sandler-training,,,,
Professional Services,professional-services,20,Corporate Training & L&D Providers,corporate-training-ld-providers,76,Strategic Account Management Training,strategic-account-management-training,,,,
Professional Services,professional-services,20,Corporate Training & L&D Providers,corporate-training-ld-providers,77,Key Account Management Training,key-account-management-training,,,,
Professional Services,professional-services,20,Corporate Training & L&D Providers,corporate-training-ld-providers,78,Enterprise Sales Training,enterprise-sales-training,,,,
Professional Services,professional-services,20,Corporate Training & L&D Providers,corporate-training-ld-providers,79,SaaS Sales Training,saas-sales-training,,,,
Professional Services,professional-services,20,Corporate Training & L&D Providers,corporate-training-ld-providers,80,Sales Coaching Training,sales-coaching-training,,,,
Professional Services,professional-services,20,Corporate Training & L&D Providers,corporate-training-ld-providers,81,Sales Manager Training,sales-manager-training,,,,
Professional Services,professional-services,20,Corporate Training & L&D Providers,corporate-training-ld-providers,82,Sales Onboarding Programs,sales-onboarding-programs,,,,
Professional Services,professional-services,20,Corporate Training & L&D Providers,corporate-training-ld-providers,83,Customer Service Training,customer-service-training,1,Cyber Services,Security Training Service,cyber-services-security-training-service
Professional Services,professional-services,20,Corporate Training & L&D Providers,corporate-training-ld-providers,84,Customer Experience Training,customer-experience-training,,,,
Professional Services,professional-services,20,Corporate Training & L&D Providers,corporate-training-ld-providers,85,CX Training Companies,cx-training-companies,,,,
Professional Services,professional-services,20,Corporate Training & L&D Providers,corporate-training-ld-providers,86,Empathy Training,empathy-training,,,,
Professional Services,professional-services,20,Corporate Training & L&D Providers,corporate-training-ld-providers,87,De-Escalation Training,de-escalation-training,,,,
Professional Services,professional-services,20,Corporate Training & L&D Providers,corporate-training-ld-providers,88,Service Recovery Training,service-recovery-training,,,,
Professional Services,professional-services,20,Corporate Training & L&D Providers,corporate-training-ld-providers,89,IT Training Companies,it-training-companies,,,,
Professional Services,professional-services,20,Corporate Training & L&D Providers,corporate-training-ld-providers,90,Cybersecurity Awareness Training,cybersecurity-awareness-training,,,,
Professional Services,professional-services,20,Corporate Training & L&D Providers,corporate-training-ld-providers,91,Phishing Simulation Training,phishing-simulation-training,,,,
Professional Services,professional-services,20,Corporate Training & L&D Providers,corporate-training-ld-providers,92,Security Awareness Training,security-awareness-training,,,,
Professional Services,professional-services,20,Corporate Training & L&D Providers,corporate-training-ld-providers,93,Cloud Training Providers,cloud-training-providers,,,,
Professional Services,professional-services,20,Corporate Training & L&D Providers,corporate-training-ld-providers,94,AWS Training Providers,aws-training-providers,,,,
Professional Services,professional-services,20,Corporate Training & L&D Providers,corporate-training-ld-providers,95,Azure Training Providers,azure-training-providers,,,,
Professional Services,professional-services,20,Corporate Training & L&D Providers,corporate-training-ld-providers,96,GCP Training Providers,gcp-training-providers,,,,
Professional Services,professional-services,20,Corporate Training & L&D Providers,corporate-training-ld-providers,97,Kubernetes Training Providers,kubernetes-training-providers,,,,
Professional Services,professional-services,20,Corporate Training & L&D Providers,corporate-training-ld-providers,98,Docker Training Providers,docker-training-providers,,,,
Professional Services,professional-services,20,Corporate Training & L&D Providers,corporate-training-ld-providers,99,DevOps Training Providers,devops-training-providers,,,,
Professional Services,professional-services,20,Corporate Training & L&D Providers,corporate-training-ld-providers,100,Site Reliability Engineering Training,site-reliability-engineering-training,,,,
Professional Services,professional-services,20,Corporate Training & L&D Providers,corporate-training-ld-providers,101,AI Training Providers,ai-training-providers,,,,
Professional Services,professional-services,20,Corporate Training & L&D Providers,corporate-training-ld-providers,102,Machine Learning Training,machine-learning-training,,,,
Professional Services,professional-services,20,Corporate Training & L&D Providers,corporate-training-ld-providers,103,Data Science Training,data-science-training,,,,
Professional Services,professional-services,20,Corporate Training & L&D Providers,corporate-training-ld-providers,104,Python Training,python-training,,,,
Professional Services,professional-services,20,Corporate Training & L&D Providers,corporate-training-ld-providers,105,R Training,r-training,,,,
Professional Services,professional-services,20,Corporate Training & L&D Providers,corporate-training-ld-providers,106,SQL Training,sql-training,,,,
Professional Services,professional-services,20,Corporate Training & L&D Providers,corporate-training-ld-providers,107,Tableau Training,tableau-training,,,,
Professional Services,professional-services,20,Corporate Training & L&D Providers,corporate-training-ld-providers,108,Power BI Training,power-bi-training,,,,
Professional Services,professional-services,20,Corporate Training & L&D Providers,corporate-training-ld-providers,109,Excel Training,excel-training,,,,
Professional Services,professional-services,20,Corporate Training & L&D Providers,corporate-training-ld-providers,110,Power Query Training,power-query-training,,,,
Professional Services,professional-services,20,Corporate Training & L&D Providers,corporate-training-ld-providers,111,DAX Training,dax-training,,,,
Professional Services,professional-services,20,Corporate Training & L&D Providers,corporate-training-ld-providers,112,Microsoft Office Training,microsoft-office-training,,,,
Professional Services,professional-services,20,Corporate Training & L&D Providers,corporate-training-ld-providers,113,G Suite Training,g-suite-training,,,,
Professional Services,professional-services,20,Corporate Training & L&D Providers,corporate-training-ld-providers,114,Notion Training,notion-training,,,,
Professional Services,professional-services,20,Corporate Training & L&D Providers,corporate-training-ld-providers,115,Slack Training,slack-training,,,,
Professional Services,professional-services,20,Corporate Training & L&D Providers,corporate-training-ld-providers,116,Salesforce Training Providers,salesforce-training-providers,,,,
Professional Services,professional-services,20,Corporate Training & L&D Providers,corporate-training-ld-providers,117,HubSpot Training Providers,hubspot-training-providers,,,,
Professional Services,professional-services,20,Corporate Training & L&D Providers,corporate-training-ld-providers,118,Marketo Training Providers,marketo-training-providers,,,,
Professional Services,professional-services,20,Corporate Training & L&D Providers,corporate-training-ld-providers,119,SAP Training Providers,sap-training-providers,,,,
Professional Services,professional-services,20,Corporate Training & L&D Providers,corporate-training-ld-providers,120,Oracle Training Providers,oracle-training-providers,,,,
Professional Services,professional-services,20,Corporate Training & L&D Providers,corporate-training-ld-providers,121,Workday Training Providers,workday-training-providers,,,,
Professional Services,professional-services,20,Corporate Training & L&D Providers,corporate-training-ld-providers,122,Compliance Training Providers,compliance-training-providers,,,,
Professional Services,professional-services,20,Corporate Training & L&D Providers,corporate-training-ld-providers,123,Anti-Harassment Training,anti-harassment-training,,,,
Professional Services,professional-services,20,Corporate Training & L&D Providers,corporate-training-ld-providers,124,Ethics Training,ethics-training,,,,
Professional Services,professional-services,20,Corporate Training & L&D Providers,corporate-training-ld-providers,125,Code of Conduct Training,code-of-conduct-training,,,,
Professional Services,professional-services,20,Corporate Training & L&D Providers,corporate-training-ld-providers,126,Anti-Corruption Training,anti-corruption-training,,,,
Professional Services,professional-services,20,Corporate Training & L&D Providers,corporate-training-ld-providers,127,Anti-Money Laundering Training,anti-money-laundering-training,,,,
Professional Services,professional-services,20,Corporate Training & L&D Providers,corporate-training-ld-providers,128,Anti-Bribery Training,anti-bribery-training,,,,
Professional Services,professional-services,20,Corporate Training & L&D Providers,corporate-training-ld-providers,129,Insider Trading Training,insider-trading-training,,,,
Professional Services,professional-services,20,Corporate Training & L&D Providers,corporate-training-ld-providers,130,Whistleblower Training,whistleblower-training,,,,
Professional Services,professional-services,20,Corporate Training & L&D Providers,corporate-training-ld-providers,131,Information Security Training,information-security-training,,,,
Professional Services,professional-services,20,Corporate Training & L&D Providers,corporate-training-ld-providers,132,HIPAA Training,hipaa-training,,,,
Professional Services,professional-services,20,Corporate Training & L&D Providers,corporate-training-ld-providers,133,GDPR Training,gdpr-training,,,,
Professional Services,professional-services,20,Corporate Training & L&D Providers,corporate-training-ld-providers,134,Privacy Training,privacy-training,,,,
Professional Services,professional-services,20,Corporate Training & L&D Providers,corporate-training-ld-providers,135,OSHA Training,osha-training,,,,
Professional Services,professional-services,20,Corporate Training & L&D Providers,corporate-training-ld-providers,136,Workplace Safety Training,workplace-safety-training,,,,
Professional Services,professional-services,20,Corporate Training & L&D Providers,corporate-training-ld-providers,137,First Aid Training,first-aid-training,,,,
Professional Services,professional-services,20,Corporate Training & L&D Providers,corporate-training-ld-providers,138,CPR Training,cpr-training,,,,
Professional Services,professional-services,20,Corporate Training & L&D Providers,corporate-training-ld-providers,139,AED Training,aed-training,,,,
Professional Services,professional-services,20,Corporate Training & L&D Providers,corporate-training-ld-providers,140,Bloodborne Pathogen Training,bloodborne-pathogen-training,,,,
Professional Services,professional-services,20,Corporate Training & L&D Providers,corporate-training-ld-providers,141,Hazmat Training,hazmat-training,,,,
Professional Services,professional-services,20,Corporate Training & L&D Providers,corporate-training-ld-providers,142,Forklift Operator Training,forklift-operator-training,,,,
Professional Services,professional-services,20,Corporate Training & L&D Providers,corporate-training-ld-providers,143,Fall Protection Training,fall-protection-training,,,,
Professional Services,professional-services,20,Corporate Training & L&D Providers,corporate-training-ld-providers,144,Confined Space Training,confined-space-training,,,,
Professional Services,professional-services,20,Corporate Training & L&D Providers,corporate-training-ld-providers,145,Lockout Tagout Training,lockout-tagout-training,,,,
Professional Services,professional-services,20,Corporate Training & L&D Providers,corporate-training-ld-providers,146,Hot Work Training,hot-work-training,,,,
Professional Services,professional-services,20,Corporate Training & L&D Providers,corporate-training-ld-providers,147,Aerial Lift Training,aerial-lift-training,,,,
Professional Services,professional-services,20,Corporate Training & L&D Providers,corporate-training-ld-providers,148,OSHA 10 Training,osha-10-training,,,,
Professional Services,professional-services,20,Corporate Training & L&D Providers,corporate-training-ld-providers,149,OSHA 30 Training,osha-30-training,,,,
Professional Services,professional-services,20,Corporate Training & L&D Providers,corporate-training-ld-providers,150,HACCP Training,haccp-training,,,,
Professional Services,professional-services,20,Corporate Training & L&D Providers,corporate-training-ld-providers,151,Food Safety Training,food-safety-training,,,,
Professional Services,professional-services,20,Corporate Training & L&D Providers,corporate-training-ld-providers,152,Allergen Training,allergen-training,,,,
Professional Services,professional-services,20,Corporate Training & L&D Providers,corporate-training-ld-providers,153,Active Shooter Training,active-shooter-training,,,,
Professional Services,professional-services,20,Corporate Training & L&D Providers,corporate-training-ld-providers,154,Workplace Violence Training,workplace-violence-training,,,,
Professional Services,professional-services,20,Corporate Training & L&D Providers,corporate-training-ld-providers,155,Train the Trainer Programs,train-the-trainer-programs,,,,
Professional Services,professional-services,20,Corporate Training & L&D Providers,corporate-training-ld-providers,156,Instructional Designers,instructional-designers,,,,
Professional Services,professional-services,20,Corporate Training & L&D Providers,corporate-training-ld-providers,157,Curriculum Developers,curriculum-developers,,,,
Professional Services,professional-services,20,Corporate Training & L&D Providers,corporate-training-ld-providers,158,E-Learning Developers,e-learning-developers,,,,
Professional Services,professional-services,20,Corporate Training & L&D Providers,corporate-training-ld-providers,159,SCORM Developers,scorm-developers,,,,
Professional Services,professional-services,20,Corporate Training & L&D Providers,corporate-training-ld-providers,160,xAPI Developers,xapi-developers,,,,
Professional Services,professional-services,20,Corporate Training & L&D Providers,corporate-training-ld-providers,161,LMS Implementation Consultants,lms-implementation-consultants,,,,
Professional Services,professional-services,20,Corporate Training & L&D Providers,corporate-training-ld-providers,162,LXP Implementation Consultants,lxp-implementation-consultants,,,,
Professional Services,professional-services,20,Corporate Training & L&D Providers,corporate-training-ld-providers,163,Learning Strategy Consultants,learning-strategy-consultants,,,,
Professional Services,professional-services,20,Corporate Training & L&D Providers,corporate-training-ld-providers,164,Skills Strategy Consultants,skills-strategy-consultants,,,,
Professional Services,professional-services,20,Corporate Training & L&D Providers,corporate-training-ld-providers,165,Skills Mapping Consultants,skills-mapping-consultants,,,,
