L1,L1 Slug,L2 #,L2,L2 Slug,L3 #,L3,L3 Slug,L4 #,L4 Group,L4 Type,L4 Slug
Software & SaaS,software-saas,1,Sales & CRM Software,sales-crm-software,1,All-in-One CRM Software,all-in-one-crm-software,1,SMB CRM,Startup CRM,smb-crm-startup-crm
Software & SaaS,software-saas,1,Sales & CRM Software,sales-crm-software,1,All-in-One CRM Software,all-in-one-crm-software,2,SMB CRM,Freelancer CRM,smb-crm-freelancer-crm
Software & SaaS,software-saas,1,Sales & CRM Software,sales-crm-software,1,All-in-One CRM Software,all-in-one-crm-software,3,SMB CRM,Consulting CRM,smb-crm-consulting-crm
Software & SaaS,software-saas,1,Sales & CRM Software,sales-crm-software,1,All-in-One CRM Software,all-in-one-crm-software,4,SMB CRM,Church CRM,smb-crm-church-crm
Software & SaaS,software-saas,1,Sales & CRM Software,sales-crm-software,1,All-in-One CRM Software,all-in-one-crm-software,5,SMB CRM,Membership CRM,smb-crm-membership-crm
Software & SaaS,software-saas,1,Sales & CRM Software,sales-crm-software,1,All-in-One CRM Software,all-in-one-crm-software,6,SMB CRM,Personal CRM,smb-crm-personal-crm
Software & SaaS,software-saas,1,Sales & CRM Software,sales-crm-software,1,All-in-One CRM Software,all-in-one-crm-software,7,Industry-Specific CRM,Legal CRM,industry-specific-crm-legal-crm
Software & SaaS,software-saas,1,Sales & CRM Software,sales-crm-software,1,All-in-One CRM Software,all-in-one-crm-software,8,Industry-Specific CRM,Education CRM,industry-specific-crm-education-crm
Software & SaaS,software-saas,1,Sales & CRM Software,sales-crm-software,1,All-in-One CRM Software,all-in-one-crm-software,9,Industry-Specific CRM,Hospitality CRM,industry-specific-crm-hospitality-crm
Software & SaaS,software-saas,1,Sales & CRM Software,sales-crm-software,1,All-in-One CRM Software,all-in-one-crm-software,10,Industry-Specific CRM,Media CRM,industry-specific-crm-media-crm
Software & SaaS,software-saas,1,Sales & CRM Software,sales-crm-software,1,All-in-One CRM Software,all-in-one-crm-software,11,Industry-Specific CRM,Government CRM,industry-specific-crm-government-crm
Software & SaaS,software-saas,1,Sales & CRM Software,sales-crm-software,2,Small Business CRM Software,small-business-crm-software,1,SMB CRM,Small Business CRM,smb-crm-small-business-crm
Software & SaaS,software-saas,1,Sales & CRM Software,sales-crm-software,3,Enterprise CRM Suites,enterprise-crm-suites,1,Enterprise CRM,Full-Suite CRM,enterprise-crm-full-suite-crm
Software & SaaS,software-saas,1,Sales & CRM Software,sales-crm-software,3,Enterprise CRM Suites,enterprise-crm-suites,2,Enterprise CRM,Sales Cloud,enterprise-crm-sales-cloud
Software & SaaS,software-saas,1,Sales & CRM Software,sales-crm-software,3,Enterprise CRM Suites,enterprise-crm-suites,3,Enterprise CRM,Service Cloud,enterprise-crm-service-cloud
Software & SaaS,software-saas,1,Sales & CRM Software,sales-crm-software,3,Enterprise CRM Suites,enterprise-crm-suites,4,Enterprise CRM,Marketing Cloud,enterprise-crm-marketing-cloud
Software & SaaS,software-saas,1,Sales & CRM Software,sales-crm-software,3,Enterprise CRM Suites,enterprise-crm-suites,5,Enterprise CRM,Commerce Cloud,enterprise-crm-commerce-cloud
Software & SaaS,software-saas,1,Sales & CRM Software,sales-crm-software,3,Enterprise CRM Suites,enterprise-crm-suites,6,Enterprise CRM,Platform CRM,enterprise-crm-platform-crm
Software & SaaS,software-saas,1,Sales & CRM Software,sales-crm-software,3,Enterprise CRM Suites,enterprise-crm-suites,7,Enterprise CRM,Industry CRM,enterprise-crm-industry-crm
Software & SaaS,software-saas,1,Sales & CRM Software,sales-crm-software,3,Enterprise CRM Suites,enterprise-crm-suites,8,Enterprise CRM,AI-Powered CRM,enterprise-crm-ai-powered-crm
Software & SaaS,software-saas,1,Sales & CRM Software,sales-crm-software,3,Enterprise CRM Suites,enterprise-crm-suites,9,Enterprise CRM,Mobile CRM,enterprise-crm-mobile-crm
Software & SaaS,software-saas,1,Sales & CRM Software,sales-crm-software,3,Enterprise CRM Suites,enterprise-crm-suites,10,Enterprise CRM,Social CRM,enterprise-crm-social-crm
Software & SaaS,software-saas,1,Sales & CRM Software,sales-crm-software,4,Real Estate CRM Software,real-estate-crm-software,1,SMB CRM,Real Estate CRM,smb-crm-real-estate-crm
Software & SaaS,software-saas,1,Sales & CRM Software,sales-crm-software,5,Insurance Agency CRM Software,insurance-agency-crm-software,1,SMB CRM,Agency CRM,smb-crm-agency-crm
Software & SaaS,software-saas,1,Sales & CRM Software,sales-crm-software,5,Insurance Agency CRM Software,insurance-agency-crm-software,2,Industry-Specific CRM,Insurance CRM,industry-specific-crm-insurance-crm
Software & SaaS,software-saas,1,Sales & CRM Software,sales-crm-software,6,Mortgage CRM Software,mortgage-crm-software,,,,
Software & SaaS,software-saas,1,Sales & CRM Software,sales-crm-software,7,Financial Advisor CRM Software,financial-advisor-crm-software,1,Industry-Specific CRM,Financial Services CRM,industry-specific-crm-financial-services-crm
Software & SaaS,software-saas,1,Sales & CRM Software,sales-crm-software,8,Healthcare CRM Software,healthcare-crm-software,1,Industry-Specific CRM,Healthcare CRM,industry-specific-crm-healthcare-crm
Software & SaaS,software-saas,1,Sales & CRM Software,sales-crm-software,9,Nonprofit CRM Software,nonprofit-crm-software,1,SMB CRM,Nonprofit CRM,smb-crm-nonprofit-crm
Software & SaaS,software-saas,1,Sales & CRM Software,sales-crm-software,10,Construction CRM Software,construction-crm-software,1,Industry-Specific CRM,Construction CRM,industry-specific-crm-construction-crm
Software & SaaS,software-saas,1,Sales & CRM Software,sales-crm-software,11,Manufacturing CRM Software,manufacturing-crm-software,1,Industry-Specific CRM,Manufacturing CRM,industry-specific-crm-manufacturing-crm
Software & SaaS,software-saas,1,Sales & CRM Software,sales-crm-software,12,Automotive Dealership CRM,automotive-dealership-crm,,,,
Software & SaaS,software-saas,1,Sales & CRM Software,sales-crm-software,13,Travel Agency CRM Software,travel-agency-crm-software,,,,
Software & SaaS,software-saas,1,Sales & CRM Software,sales-crm-software,14,Hotel Sales CRM Software,hotel-sales-crm-software,,,,
Software & SaaS,software-saas,1,Sales & CRM Software,sales-crm-software,15,Recruiting CRM Software,recruiting-crm-software,,,,
Software & SaaS,software-saas,1,Sales & CRM Software,sales-crm-software,16,Inside Sales Software,inside-sales-software,,,,
Software & SaaS,software-saas,1,Sales & CRM Software,sales-crm-software,17,Outside Sales Tracking Software,outside-sales-tracking-software,1,Lead Generation,Affiliate Tracking,lead-generation-affiliate-tracking
Software & SaaS,software-saas,1,Sales & CRM Software,sales-crm-software,17,Outside Sales Tracking Software,outside-sales-tracking-software,2,Revenue Analytics,Commission Tracking,revenue-analytics-commission-tracking
Software & SaaS,software-saas,1,Sales & CRM Software,sales-crm-software,18,Field Sales Software,field-sales-software,,,,
Software & SaaS,software-saas,1,Sales & CRM Software,sales-crm-software,19,Sales Force Automation Software,sales-force-automation-software,1,Outreach & Sequences,Sales Email Automation,outreach-sequences-sales-email-automation
Software & SaaS,software-saas,1,Sales & CRM Software,sales-crm-software,19,Sales Force Automation Software,sales-force-automation-software,2,Outreach & Sequences,Follow-Up Automation,outreach-sequences-follow-up-automation
Software & SaaS,software-saas,1,Sales & CRM Software,sales-crm-software,20,Sales Pipeline Management Software,sales-pipeline-management-software,1,Proposal & Quotes,Quote Management,proposal-quotes-quote-management
Software & SaaS,software-saas,1,Sales & CRM Software,sales-crm-software,20,Sales Pipeline Management Software,sales-pipeline-management-software,2,Revenue Analytics,Territory Management,revenue-analytics-territory-management
Software & SaaS,software-saas,1,Sales & CRM Software,sales-crm-software,20,Sales Pipeline Management Software,sales-pipeline-management-software,3,Revenue Analytics,Compensation Management,revenue-analytics-compensation-management
Software & SaaS,software-saas,1,Sales & CRM Software,sales-crm-software,20,Sales Pipeline Management Software,sales-pipeline-management-software,4,Revenue Analytics,Quota Management,revenue-analytics-quota-management
Software & SaaS,software-saas,1,Sales & CRM Software,sales-crm-software,21,Sales Forecasting Software,sales-forecasting-software,1,Revenue Analytics,Forecasting,revenue-analytics-forecasting
Software & SaaS,software-saas,1,Sales & CRM Software,sales-crm-software,22,Sales Performance Management Software,sales-performance-management-software,1,Revenue Analytics,Sales Performance,revenue-analytics-sales-performance
Software & SaaS,software-saas,1,Sales & CRM Software,sales-crm-software,23,Sales Commission Software,sales-commission-software,,,,
Software & SaaS,software-saas,1,Sales & CRM Software,sales-crm-software,24,Sales Compensation Planning Software,sales-compensation-planning-software,,,,
Software & SaaS,software-saas,1,Sales & CRM Software,sales-crm-software,25,Sales Territory Mapping Software,sales-territory-mapping-software,,,,
Software & SaaS,software-saas,1,Sales & CRM Software,sales-crm-software,26,Sales Coaching Software,sales-coaching-software,,,,
Software & SaaS,software-saas,1,Sales & CRM Software,sales-crm-software,27,Sales Training Software,sales-training-software,,,,
Software & SaaS,software-saas,1,Sales & CRM Software,sales-crm-software,28,Sales Onboarding Software,sales-onboarding-software,,,,
Software & SaaS,software-saas,1,Sales & CRM Software,sales-crm-software,29,Sales Playbook Software,sales-playbook-software,,,,
Software & SaaS,software-saas,1,Sales & CRM Software,sales-crm-software,30,Sales Battle Card Software,sales-battle-card-software,,,,
Software & SaaS,software-saas,1,Sales & CRM Software,sales-crm-software,31,Sales Engagement Platforms,sales-engagement-platforms,1,Outreach & Sequences,Multi-Channel Sequences,outreach-sequences-multi-channel-sequences
Software & SaaS,software-saas,1,Sales & CRM Software,sales-crm-software,31,Sales Engagement Platforms,sales-engagement-platforms,2,Outreach & Sequences,LinkedIn Outreach,outreach-sequences-linkedin-outreach
Software & SaaS,software-saas,1,Sales & CRM Software,sales-crm-software,31,Sales Engagement Platforms,sales-engagement-platforms,3,Outreach & Sequences,Cold Calling Software,outreach-sequences-cold-calling-software
Software & SaaS,software-saas,1,Sales & CRM Software,sales-crm-software,31,Sales Engagement Platforms,sales-engagement-platforms,4,Outreach & Sequences,Power Dialers,outreach-sequences-power-dialers
Software & SaaS,software-saas,1,Sales & CRM Software,sales-crm-software,31,Sales Engagement Platforms,sales-engagement-platforms,5,Outreach & Sequences,Sales Cadence Tools,outreach-sequences-sales-cadence-tools
Software & SaaS,software-saas,1,Sales & CRM Software,sales-crm-software,31,Sales Engagement Platforms,sales-engagement-platforms,6,Outreach & Sequences,Meeting Booking,outreach-sequences-meeting-booking
Software & SaaS,software-saas,1,Sales & CRM Software,sales-crm-software,31,Sales Engagement Platforms,sales-engagement-platforms,7,Outreach & Sequences,Sales Playbooks,outreach-sequences-sales-playbooks
Software & SaaS,software-saas,1,Sales & CRM Software,sales-crm-software,31,Sales Engagement Platforms,sales-engagement-platforms,8,Outreach & Sequences,Conversation Intelligence,outreach-sequences-conversation-intelligence
Software & SaaS,software-saas,1,Sales & CRM Software,sales-crm-software,31,Sales Engagement Platforms,sales-engagement-platforms,9,Lead Generation,B2B Prospecting,lead-generation-b2b-prospecting
Software & SaaS,software-saas,1,Sales & CRM Software,sales-crm-software,31,Sales Engagement Platforms,sales-engagement-platforms,10,Lead Generation,Website Visitor ID,lead-generation-website-visitor-id
Software & SaaS,software-saas,1,Sales & CRM Software,sales-crm-software,31,Sales Engagement Platforms,sales-engagement-platforms,11,Lead Generation,Landing Page Builders,lead-generation-landing-page-builders
Software & SaaS,software-saas,1,Sales & CRM Software,sales-crm-software,31,Sales Engagement Platforms,sales-engagement-platforms,12,Lead Generation,Pop-Up & Exit Intent,lead-generation-pop-up-exit-intent
Software & SaaS,software-saas,1,Sales & CRM Software,sales-crm-software,31,Sales Engagement Platforms,sales-engagement-platforms,13,Lead Generation,Referral Software,lead-generation-referral-software
Software & SaaS,software-saas,1,Sales & CRM Software,sales-crm-software,31,Sales Engagement Platforms,sales-engagement-platforms,14,Proposal & Quotes,CPQ Software,proposal-quotes-cpq-software
Software & SaaS,software-saas,1,Sales & CRM Software,sales-crm-software,31,Sales Engagement Platforms,sales-engagement-platforms,15,Proposal & Quotes,Digital Sales Rooms,proposal-quotes-digital-sales-rooms
Software & SaaS,software-saas,1,Sales & CRM Software,sales-crm-software,31,Sales Engagement Platforms,sales-engagement-platforms,16,Proposal & Quotes,E-Signature,proposal-quotes-e-signature
Software & SaaS,software-saas,1,Sales & CRM Software,sales-crm-software,31,Sales Engagement Platforms,sales-engagement-platforms,17,Proposal & Quotes,Billing Integration,proposal-quotes-billing-integration
Software & SaaS,software-saas,1,Sales & CRM Software,sales-crm-software,31,Sales Engagement Platforms,sales-engagement-platforms,18,Proposal & Quotes,Deal Room,proposal-quotes-deal-room
Software & SaaS,software-saas,1,Sales & CRM Software,sales-crm-software,32,Sales Sequence Tools,sales-sequence-tools,,,,
Software & SaaS,software-saas,1,Sales & CRM Software,sales-crm-software,33,Cadence Management Software,cadence-management-software,,,,
Software & SaaS,software-saas,1,Sales & CRM Software,sales-crm-software,34,Lead Capture Software,lead-capture-software,1,Lead Generation,Lead Enrichment,lead-generation-lead-enrichment
Software & SaaS,software-saas,1,Sales & CRM Software,sales-crm-software,34,Lead Capture Software,lead-capture-software,2,Lead Generation,Lead Capture Forms,lead-generation-lead-capture-forms
Software & SaaS,software-saas,1,Sales & CRM Software,sales-crm-software,35,Lead Distribution Software,lead-distribution-software,,,,
Software & SaaS,software-saas,1,Sales & CRM Software,sales-crm-software,36,Lead Routing Software,lead-routing-software,,,,
Software & SaaS,software-saas,1,Sales & CRM Software,sales-crm-software,37,Lead Scoring Software,lead-scoring-software,,,,
Software & SaaS,software-saas,1,Sales & CRM Software,sales-crm-software,38,Lead Nurturing Software,lead-nurturing-software,,,,
Software & SaaS,software-saas,1,Sales & CRM Software,sales-crm-software,39,Lead Qualification Software,lead-qualification-software,,,,
Software & SaaS,software-saas,1,Sales & CRM Software,sales-crm-software,40,Lead Intelligence Software,lead-intelligence-software,1,Revenue Analytics,Competitive Intelligence,revenue-analytics-competitive-intelligence
Software & SaaS,software-saas,1,Sales & CRM Software,sales-crm-software,40,Lead Intelligence Software,lead-intelligence-software,2,Conversation Intelligence,Call Recording,conversation-intelligence-call-recording
Software & SaaS,software-saas,1,Sales & CRM Software,sales-crm-software,40,Lead Intelligence Software,lead-intelligence-software,3,Conversation Intelligence,Call Transcription,conversation-intelligence-call-transcription
Software & SaaS,software-saas,1,Sales & CRM Software,sales-crm-software,40,Lead Intelligence Software,lead-intelligence-software,4,Conversation Intelligence,Meeting Intelligence,conversation-intelligence-meeting-intelligence
Software & SaaS,software-saas,1,Sales & CRM Software,sales-crm-software,40,Lead Intelligence Software,lead-intelligence-software,5,Conversation Intelligence,Deal Intelligence,conversation-intelligence-deal-intelligence
Software & SaaS,software-saas,1,Sales & CRM Software,sales-crm-software,40,Lead Intelligence Software,lead-intelligence-software,6,Conversation Intelligence,Coaching Insights,conversation-intelligence-coaching-insights
Software & SaaS,software-saas,1,Sales & CRM Software,sales-crm-software,40,Lead Intelligence Software,lead-intelligence-software,7,Conversation Intelligence,Talk-Track Analysis,conversation-intelligence-talk-track-analysis
Software & SaaS,software-saas,1,Sales & CRM Software,sales-crm-software,40,Lead Intelligence Software,lead-intelligence-software,8,Conversation Intelligence,Objection Tracking,conversation-intelligence-objection-tracking
Software & SaaS,software-saas,1,Sales & CRM Software,sales-crm-software,40,Lead Intelligence Software,lead-intelligence-software,9,Conversation Intelligence,Sentiment Analysis,conversation-intelligence-sentiment-analysis
Software & SaaS,software-saas,1,Sales & CRM Software,sales-crm-software,40,Lead Intelligence Software,lead-intelligence-software,10,Conversation Intelligence,Talk Ratio Analytics,conversation-intelligence-talk-ratio-analytics
Software & SaaS,software-saas,1,Sales & CRM Software,sales-crm-software,40,Lead Intelligence Software,lead-intelligence-software,11,Conversation Intelligence,Keyword Spotting,conversation-intelligence-keyword-spotting
Software & SaaS,software-saas,1,Sales & CRM Software,sales-crm-software,41,Lead Database Software,lead-database-software,1,Lead Generation,Contact Database,lead-generation-contact-database
Software & SaaS,software-saas,1,Sales & CRM Software,sales-crm-software,42,Predictive Lead Scoring Software,predictive-lead-scoring-software,,,,
Software & SaaS,software-saas,1,Sales & CRM Software,sales-crm-software,43,Account-Based Marketing Software,account-based-marketing-software,,,,
Software & SaaS,software-saas,1,Sales & CRM Software,sales-crm-software,44,Account-Based Selling Tools,account-based-selling-tools,,,,
Software & SaaS,software-saas,1,Sales & CRM Software,sales-crm-software,45,Buyer Intent Data Tools,buyer-intent-data-tools,1,Lead Generation,Intent Data,lead-generation-intent-data
Software & SaaS,software-saas,1,Sales & CRM Software,sales-crm-software,46,Sales Enablement Platforms,sales-enablement-platforms,,,,
Software & SaaS,software-saas,1,Sales & CRM Software,sales-crm-software,47,Digital Sales Room Software,digital-sales-room-software,,,,
Software & SaaS,software-saas,1,Sales & CRM Software,sales-crm-software,48,Mutual Action Plan Software,mutual-action-plan-software,1,Proposal & Quotes,Mutual Action Plans,proposal-quotes-mutual-action-plans
Software & SaaS,software-saas,1,Sales & CRM Software,sales-crm-software,49,Quote-to-Cash Software,quote-to-cash-software,,,,
Software & SaaS,software-saas,1,Sales & CRM Software,sales-crm-software,50,Configure Price Quote Software,configure-price-quote-software,,,,
Software & SaaS,software-saas,1,Sales & CRM Software,sales-crm-software,51,Contract Lifecycle Management Software,contract-lifecycle-management-software,1,Proposal & Quotes,Contract Management,proposal-quotes-contract-management
Software & SaaS,software-saas,1,Sales & CRM Software,sales-crm-software,52,Proposal Software,proposal-software,1,Proposal & Quotes,Proposal Software,proposal-quotes-proposal-software
Software & SaaS,software-saas,1,Sales & CRM Software,sales-crm-software,53,RFP Response Software,rfp-response-software,,,,
Software & SaaS,software-saas,1,Sales & CRM Software,sales-crm-software,54,Salesperson Tracking Apps,salesperson-tracking-apps,,,,
Software & SaaS,software-saas,1,Sales & CRM Software,sales-crm-software,55,Door-to-Door Sales Apps,door-to-door-sales-apps,,,,
Software & SaaS,software-saas,1,Sales & CRM Software,sales-crm-software,56,Multi-Level Marketing Software,multi-level-marketing-software,,,,
Software & SaaS,software-saas,1,Sales & CRM Software,sales-crm-software,57,Direct Sales Software,direct-sales-software,1,Physical Marketing,Direct Mail CRM,physical-marketing-direct-mail-crm
Software & SaaS,software-saas,1,Sales & CRM Software,sales-crm-software,57,Direct Sales Software,direct-sales-software,2,Physical Marketing,Triggered Direct Mail,physical-marketing-triggered-direct-mail
Software & SaaS,software-saas,1,Sales & CRM Software,sales-crm-software,58,Channel Partner Management Software,channel-partner-management-software,1,Partner Management,Partner Portal,partner-management-partner-portal
Software & SaaS,software-saas,1,Sales & CRM Software,sales-crm-software,58,Channel Partner Management Software,channel-partner-management-software,2,Partner Management,Deal Registration,partner-management-deal-registration
Software & SaaS,software-saas,1,Sales & CRM Software,sales-crm-software,58,Channel Partner Management Software,channel-partner-management-software,3,Partner Management,Channel Marketing,partner-management-channel-marketing
Software & SaaS,software-saas,1,Sales & CRM Software,sales-crm-software,58,Channel Partner Management Software,channel-partner-management-software,4,Partner Management,Partner Enablement,partner-management-partner-enablement
Software & SaaS,software-saas,1,Sales & CRM Software,sales-crm-software,58,Channel Partner Management Software,channel-partner-management-software,5,Partner Management,Co-Selling Platform,partner-management-co-selling-platform
Software & SaaS,software-saas,1,Sales & CRM Software,sales-crm-software,58,Channel Partner Management Software,channel-partner-management-software,6,Partner Management,Partner Analytics,partner-management-partner-analytics
Software & SaaS,software-saas,1,Sales & CRM Software,sales-crm-software,58,Channel Partner Management Software,channel-partner-management-software,7,Partner Management,MDF Management,partner-management-mdf-management
Software & SaaS,software-saas,1,Sales & CRM Software,sales-crm-software,58,Channel Partner Management Software,channel-partner-management-software,8,Partner Management,Partner Onboarding,partner-management-partner-onboarding
Software & SaaS,software-saas,1,Sales & CRM Software,sales-crm-software,58,Channel Partner Management Software,channel-partner-management-software,9,Partner Management,Certification Management,partner-management-certification-management
Software & SaaS,software-saas,1,Sales & CRM Software,sales-crm-software,58,Channel Partner Management Software,channel-partner-management-software,10,Partner Management,Referral Tracking,partner-management-referral-tracking
Software & SaaS,software-saas,1,Sales & CRM Software,sales-crm-software,58,Channel Partner Management Software,channel-partner-management-software,11,Alliance Management,Technology Alliance,alliance-management-technology-alliance
Software & SaaS,software-saas,1,Sales & CRM Software,sales-crm-software,58,Channel Partner Management Software,channel-partner-management-software,12,Alliance Management,Strategic Alliance,alliance-management-strategic-alliance
Software & SaaS,software-saas,1,Sales & CRM Software,sales-crm-software,58,Channel Partner Management Software,channel-partner-management-software,13,Alliance Management,OEM Partnership,alliance-management-oem-partnership
Software & SaaS,software-saas,1,Sales & CRM Software,sales-crm-software,58,Channel Partner Management Software,channel-partner-management-software,14,Alliance Management,Reseller Management,alliance-management-reseller-management
Software & SaaS,software-saas,1,Sales & CRM Software,sales-crm-software,58,Channel Partner Management Software,channel-partner-management-software,15,Alliance Management,Distributor Management,alliance-management-distributor-management
Software & SaaS,software-saas,1,Sales & CRM Software,sales-crm-software,58,Channel Partner Management Software,channel-partner-management-software,16,Alliance Management,VAR Management,alliance-management-var-management
Software & SaaS,software-saas,1,Sales & CRM Software,sales-crm-software,58,Channel Partner Management Software,channel-partner-management-software,17,Alliance Management,MSP Management,alliance-management-msp-management
Software & SaaS,software-saas,1,Sales & CRM Software,sales-crm-software,58,Channel Partner Management Software,channel-partner-management-software,18,Alliance Management,ISV Partnership,alliance-management-isv-partnership
Software & SaaS,software-saas,1,Sales & CRM Software,sales-crm-software,58,Channel Partner Management Software,channel-partner-management-software,19,Alliance Management,Co-Development,alliance-management-co-development
Software & SaaS,software-saas,1,Sales & CRM Software,sales-crm-software,58,Channel Partner Management Software,channel-partner-management-software,20,Alliance Management,Joint Go-to-Market,alliance-management-joint-go-to-market
Software & SaaS,software-saas,1,Sales & CRM Software,sales-crm-software,59,Reseller Management Software,reseller-management-software,,,,
Software & SaaS,software-saas,1,Sales & CRM Software,sales-crm-software,60,Distributor Management Software,distributor-management-software,,,,
Software & SaaS,software-saas,1,Sales & CRM Software,sales-crm-software,61,Dealer Management Software,dealer-management-software,,,,
Software & SaaS,software-saas,1,Sales & CRM Software,sales-crm-software,62,Affiliate Management Software,affiliate-management-software,1,Affiliate Programs,Affiliate Tracking,affiliate-programs-affiliate-tracking
Software & SaaS,software-saas,1,Sales & CRM Software,sales-crm-software,62,Affiliate Management Software,affiliate-management-software,2,Affiliate Programs,Affiliate Network,affiliate-programs-affiliate-network
Software & SaaS,software-saas,1,Sales & CRM Software,sales-crm-software,62,Affiliate Management Software,affiliate-management-software,3,Affiliate Programs,Commission Management,affiliate-programs-commission-management
Software & SaaS,software-saas,1,Sales & CRM Software,sales-crm-software,62,Affiliate Management Software,affiliate-management-software,4,Affiliate Programs,Cookie Tracking,affiliate-programs-cookie-tracking
Software & SaaS,software-saas,1,Sales & CRM Software,sales-crm-software,62,Affiliate Management Software,affiliate-management-software,5,Affiliate Programs,Affiliate Recruitment,affiliate-programs-affiliate-recruitment
Software & SaaS,software-saas,1,Sales & CRM Software,sales-crm-software,62,Affiliate Management Software,affiliate-management-software,6,Affiliate Programs,Affiliate Creative,affiliate-programs-affiliate-creative
Software & SaaS,software-saas,1,Sales & CRM Software,sales-crm-software,62,Affiliate Management Software,affiliate-management-software,7,Affiliate Programs,Affiliate Reporting,affiliate-programs-affiliate-reporting
Software & SaaS,software-saas,1,Sales & CRM Software,sales-crm-software,62,Affiliate Management Software,affiliate-management-software,8,Affiliate Programs,Sub-Affiliate,affiliate-programs-sub-affiliate
Software & SaaS,software-saas,1,Sales & CRM Software,sales-crm-software,62,Affiliate Management Software,affiliate-management-software,9,Affiliate Programs,Influencer Affiliate,affiliate-programs-influencer-affiliate
Software & SaaS,software-saas,1,Sales & CRM Software,sales-crm-software,62,Affiliate Management Software,affiliate-management-software,10,Affiliate Programs,SaaS Affiliate,affiliate-programs-saas-affiliate
Software & SaaS,software-saas,1,Sales & CRM Software,sales-crm-software,63,Referral Program Software,referral-program-software,1,Referral Marketing,Customer Referral,referral-marketing-customer-referral
Software & SaaS,software-saas,1,Sales & CRM Software,sales-crm-software,63,Referral Program Software,referral-program-software,2,Referral Marketing,Employee Referral,referral-marketing-employee-referral
Software & SaaS,software-saas,1,Sales & CRM Software,sales-crm-software,63,Referral Program Software,referral-program-software,3,Referral Marketing,Partner Referral,referral-marketing-partner-referral
Software & SaaS,software-saas,1,Sales & CRM Software,sales-crm-software,63,Referral Program Software,referral-program-software,4,Referral Marketing,Ambassador Program,referral-marketing-ambassador-program
Software & SaaS,software-saas,1,Sales & CRM Software,sales-crm-software,63,Referral Program Software,referral-program-software,5,Referral Marketing,Viral Loop,referral-marketing-viral-loop
Software & SaaS,software-saas,1,Sales & CRM Software,sales-crm-software,63,Referral Program Software,referral-program-software,6,Referral Marketing,Refer-a-Friend,referral-marketing-refer-a-friend
Software & SaaS,software-saas,1,Sales & CRM Software,sales-crm-software,63,Referral Program Software,referral-program-software,7,Referral Marketing,Double-Sided Referral,referral-marketing-double-sided-referral
Software & SaaS,software-saas,1,Sales & CRM Software,sales-crm-software,63,Referral Program Software,referral-program-software,8,Referral Marketing,Tiered Referral,referral-marketing-tiered-referral
Software & SaaS,software-saas,1,Sales & CRM Software,sales-crm-software,64,Customer Reference Management Software,customer-reference-management-software,,,,
Software & SaaS,software-saas,1,Sales & CRM Software,sales-crm-software,65,Win-Loss Analysis Software,win-loss-analysis-software,1,Revenue Analytics,Win/Loss Analysis,revenue-analytics-win-loss-analysis
Software & SaaS,software-saas,1,Sales & CRM Software,sales-crm-software,65,Win-Loss Analysis Software,win-loss-analysis-software,2,Revenue Analytics,Coaching Analytics,revenue-analytics-coaching-analytics
Software & SaaS,software-saas,1,Sales & CRM Software,sales-crm-software,66,Revenue Operations Software,revenue-operations-software,1,Proposal & Quotes,Revenue Operations,proposal-quotes-revenue-operations
Software & SaaS,software-saas,1,Sales & CRM Software,sales-crm-software,67,Pipeline Analytics Software,pipeline-analytics-software,1,Revenue Analytics,Pipeline Analytics,revenue-analytics-pipeline-analytics
Software & SaaS,software-saas,1,Sales & CRM Software,sales-crm-software,68,Deal Desk Software,deal-desk-software,,,,
Software & SaaS,software-saas,1,Sales & CRM Software,sales-crm-software,69,Sales Tax Automation Software,sales-tax-automation-software,,,,
Software & SaaS,software-saas,2,Marketing Software,marketing-software,1,All-in-One Marketing Suites,all-in-one-marketing-suites,1,Referral Marketing,Advocate Marketing,referral-marketing-advocate-marketing
Software & SaaS,software-saas,2,Marketing Software,marketing-software,1,All-in-One Marketing Suites,all-in-one-marketing-suites,2,Physical Marketing,Branded Swag,physical-marketing-branded-swag
Software & SaaS,software-saas,2,Marketing Software,marketing-software,1,All-in-One Marketing Suites,all-in-one-marketing-suites,3,Physical Marketing,Dimensional Mail,physical-marketing-dimensional-mail
Software & SaaS,software-saas,2,Marketing Software,marketing-software,1,All-in-One Marketing Suites,all-in-one-marketing-suites,4,PMM Tools,Launch Planning,pmm-tools-launch-planning
Software & SaaS,software-saas,2,Marketing Software,marketing-software,1,All-in-One Marketing Suites,all-in-one-marketing-suites,5,PMM Tools,Competitive Intel,pmm-tools-competitive-intel
Software & SaaS,software-saas,2,Marketing Software,marketing-software,1,All-in-One Marketing Suites,all-in-one-marketing-suites,6,PMM Tools,Battle Cards,pmm-tools-battle-cards
Software & SaaS,software-saas,2,Marketing Software,marketing-software,1,All-in-One Marketing Suites,all-in-one-marketing-suites,7,PMM Tools,Win/Loss PMM,pmm-tools-win-loss-pmm
Software & SaaS,software-saas,2,Marketing Software,marketing-software,1,All-in-One Marketing Suites,all-in-one-marketing-suites,8,PMM Tools,Market Segmentation,pmm-tools-market-segmentation
Software & SaaS,software-saas,2,Marketing Software,marketing-software,1,All-in-One Marketing Suites,all-in-one-marketing-suites,9,PMM Tools,Positioning Framework,pmm-tools-positioning-framework
Software & SaaS,software-saas,2,Marketing Software,marketing-software,2,Marketing Automation Platforms,marketing-automation-platforms,1,Physical Marketing,Postcard Automation,physical-marketing-postcard-automation
Software & SaaS,software-saas,2,Marketing Software,marketing-software,2,Marketing Automation Platforms,marketing-automation-platforms,2,Physical Marketing,Letter Automation,physical-marketing-letter-automation
Software & SaaS,software-saas,2,Marketing Software,marketing-software,2,Marketing Automation Platforms,marketing-automation-platforms,3,Marketing Platforms,Marketing Automation Suites,marketing-platforms-marketing-automation-suites
Software & SaaS,software-saas,2,Marketing Software,marketing-software,2,Marketing Automation Platforms,marketing-automation-platforms,4,Marketing Platforms,Lead Nurturing,marketing-platforms-lead-nurturing
Software & SaaS,software-saas,2,Marketing Software,marketing-software,2,Marketing Automation Platforms,marketing-automation-platforms,5,Marketing Platforms,Lead Scoring,marketing-platforms-lead-scoring
Software & SaaS,software-saas,2,Marketing Software,marketing-software,2,Marketing Automation Platforms,marketing-automation-platforms,6,Marketing Platforms,Marketing Analytics,marketing-platforms-marketing-analytics
Software & SaaS,software-saas,2,Marketing Software,marketing-software,2,Marketing Automation Platforms,marketing-automation-platforms,7,Marketing Platforms,Campaign Management,marketing-platforms-campaign-management
Software & SaaS,software-saas,2,Marketing Software,marketing-software,2,Marketing Automation Platforms,marketing-automation-platforms,8,Marketing Platforms,Event Marketing,marketing-platforms-event-marketing
Software & SaaS,software-saas,2,Marketing Software,marketing-software,2,Marketing Automation Platforms,marketing-automation-platforms,9,Marketing Platforms,Webinar Marketing,marketing-platforms-webinar-marketing
Software & SaaS,software-saas,2,Marketing Software,marketing-software,2,Marketing Automation Platforms,marketing-automation-platforms,10,Marketing Platforms,Account-Based Marketing,marketing-platforms-account-based-marketing
Software & SaaS,software-saas,2,Marketing Software,marketing-software,2,Marketing Automation Platforms,marketing-automation-platforms,11,Marketing Platforms,Partner Marketing,marketing-platforms-partner-marketing
Software & SaaS,software-saas,2,Marketing Software,marketing-software,2,Marketing Automation Platforms,marketing-automation-platforms,12,Marketing Platforms,Channel Marketing,marketing-platforms-channel-marketing
Software & SaaS,software-saas,2,Marketing Software,marketing-software,2,Marketing Automation Platforms,marketing-automation-platforms,13,Landing & Forms,Chatbot Lead Capture,landing-forms-chatbot-lead-capture
Software & SaaS,software-saas,2,Marketing Software,marketing-software,2,Marketing Automation Platforms,marketing-automation-platforms,14,Landing & Forms,Progressive Profiling,landing-forms-progressive-profiling
Software & SaaS,software-saas,2,Marketing Software,marketing-software,2,Marketing Automation Platforms,marketing-automation-platforms,15,Landing & Forms,Smart Forms,landing-forms-smart-forms
Software & SaaS,software-saas,2,Marketing Software,marketing-software,2,Marketing Automation Platforms,marketing-automation-platforms,16,Landing & Forms,Conditional Logic Forms,landing-forms-conditional-logic-forms
Software & SaaS,software-saas,2,Marketing Software,marketing-software,2,Marketing Automation Platforms,marketing-automation-platforms,17,Landing & Forms,Payment Forms,landing-forms-payment-forms
Software & SaaS,software-saas,2,Marketing Software,marketing-software,2,Marketing Automation Platforms,marketing-automation-platforms,18,Video Platforms,Video Hosting,video-platforms-video-hosting
Software & SaaS,software-saas,2,Marketing Software,marketing-software,2,Marketing Automation Platforms,marketing-automation-platforms,19,Video Platforms,Video Analytics,video-platforms-video-analytics
Software & SaaS,software-saas,2,Marketing Software,marketing-software,2,Marketing Automation Platforms,marketing-automation-platforms,20,Video Platforms,Interactive Video,video-platforms-interactive-video
Software & SaaS,software-saas,2,Marketing Software,marketing-software,2,Marketing Automation Platforms,marketing-automation-platforms,21,Video Platforms,Shoppable Video,video-platforms-shoppable-video
Software & SaaS,software-saas,2,Marketing Software,marketing-software,2,Marketing Automation Platforms,marketing-automation-platforms,22,Video Platforms,Video Personalization,video-platforms-video-personalization
Software & SaaS,software-saas,2,Marketing Software,marketing-software,2,Marketing Automation Platforms,marketing-automation-platforms,23,Video Platforms,Video Testimonial,video-platforms-video-testimonial
Software & SaaS,software-saas,2,Marketing Software,marketing-software,2,Marketing Automation Platforms,marketing-automation-platforms,24,Video Platforms,Video Sales Letter,video-platforms-video-sales-letter
Software & SaaS,software-saas,2,Marketing Software,marketing-software,2,Marketing Automation Platforms,marketing-automation-platforms,25,Video Platforms,Video Onboarding,video-platforms-video-onboarding
Software & SaaS,software-saas,2,Marketing Software,marketing-software,2,Marketing Automation Platforms,marketing-automation-platforms,26,Video Platforms,Video Knowledge Base,video-platforms-video-knowledge-base
Software & SaaS,software-saas,2,Marketing Software,marketing-software,2,Marketing Automation Platforms,marketing-automation-platforms,27,Webinar & Events,Conference Platform,webinar-events-conference-platform
Software & SaaS,software-saas,2,Marketing Software,marketing-software,2,Marketing Automation Platforms,marketing-automation-platforms,28,Webinar & Events,Workshop Platform,webinar-events-workshop-platform
Software & SaaS,software-saas,2,Marketing Software,marketing-software,2,Marketing Automation Platforms,marketing-automation-platforms,29,Webinar & Events,AMA Platform,webinar-events-ama-platform
Software & SaaS,software-saas,2,Marketing Software,marketing-software,3,Drip Campaign Software,drip-campaign-software,1,Campaign Management,Drip Campaigns,campaign-management-drip-campaigns
Software & SaaS,software-saas,2,Marketing Software,marketing-software,4,Email Marketing Platforms,email-marketing-platforms,1,Email Clients,Email Productivity,email-clients-email-productivity
Software & SaaS,software-saas,2,Marketing Software,marketing-software,4,Email Marketing Platforms,email-marketing-platforms,2,Email Clients,Email Tracking,email-clients-email-tracking
Software & SaaS,software-saas,2,Marketing Software,marketing-software,4,Email Marketing Platforms,email-marketing-platforms,3,Email Clients,Email Templates,email-clients-email-templates
Software & SaaS,software-saas,2,Marketing Software,marketing-software,4,Email Marketing Platforms,email-marketing-platforms,4,Email Clients,Email Encryption,email-clients-email-encryption
Software & SaaS,software-saas,2,Marketing Software,marketing-software,4,Email Marketing Platforms,email-marketing-platforms,5,Email Clients,Email Migration,email-clients-email-migration
Software & SaaS,software-saas,2,Marketing Software,marketing-software,4,Email Marketing Platforms,email-marketing-platforms,6,Email Clients,Email Backup,email-clients-email-backup
Software & SaaS,software-saas,2,Marketing Software,marketing-software,4,Email Marketing Platforms,email-marketing-platforms,7,Campaign Management,Newsletter Platforms,campaign-management-newsletter-platforms
Software & SaaS,software-saas,2,Marketing Software,marketing-software,4,Email Marketing Platforms,email-marketing-platforms,8,Campaign Management,Email Automation,campaign-management-email-automation
Software & SaaS,software-saas,2,Marketing Software,marketing-software,4,Email Marketing Platforms,email-marketing-platforms,9,Campaign Management,Behavioral Email,campaign-management-behavioral-email
Software & SaaS,software-saas,2,Marketing Software,marketing-software,4,Email Marketing Platforms,email-marketing-platforms,10,Campaign Management,Email API,campaign-management-email-api
Software & SaaS,software-saas,2,Marketing Software,marketing-software,4,Email Marketing Platforms,email-marketing-platforms,11,Campaign Management,Email Analytics,campaign-management-email-analytics
Software & SaaS,software-saas,2,Marketing Software,marketing-software,4,Email Marketing Platforms,email-marketing-platforms,12,Campaign Management,Email A/B Testing,campaign-management-email-a-b-testing
Software & SaaS,software-saas,2,Marketing Software,marketing-software,4,Email Marketing Platforms,email-marketing-platforms,13,Campaign Management,Email Personalization,campaign-management-email-personalization
Software & SaaS,software-saas,2,Marketing Software,marketing-software,4,Email Marketing Platforms,email-marketing-platforms,14,Email Tools,Email Validation,email-tools-email-validation
Software & SaaS,software-saas,2,Marketing Software,marketing-software,4,Email Marketing Platforms,email-marketing-platforms,15,Email Tools,List Management,email-tools-list-management
Software & SaaS,software-saas,2,Marketing Software,marketing-software,4,Email Marketing Platforms,email-marketing-platforms,16,Email Tools,Segmentation Tools,email-tools-segmentation-tools
Software & SaaS,software-saas,2,Marketing Software,marketing-software,4,Email Marketing Platforms,email-marketing-platforms,17,Email Tools,Dynamic Content,email-tools-dynamic-content
Software & SaaS,software-saas,2,Marketing Software,marketing-software,4,Email Marketing Platforms,email-marketing-platforms,18,Email Tools,AMP Email,email-tools-amp-email
Software & SaaS,software-saas,2,Marketing Software,marketing-software,4,Email Marketing Platforms,email-marketing-platforms,19,Email Tools,Interactive Email,email-tools-interactive-email
Software & SaaS,software-saas,2,Marketing Software,marketing-software,4,Email Marketing Platforms,email-marketing-platforms,20,Email Tools,Email Rendering Testing,email-tools-email-rendering-testing
Software & SaaS,software-saas,2,Marketing Software,marketing-software,4,Email Marketing Platforms,email-marketing-platforms,21,Email Tools,Warm-Up Services,email-tools-warm-up-services
Software & SaaS,software-saas,2,Marketing Software,marketing-software,5,Newsletter Software,newsletter-software,,,,
Software & SaaS,software-saas,2,Marketing Software,marketing-software,6,Transactional Email Software,transactional-email-software,1,Campaign Management,Transactional Email,campaign-management-transactional-email
Software & SaaS,software-saas,2,Marketing Software,marketing-software,7,Email Verification Software,email-verification-software,1,Email Management,Email Verification,email-management-email-verification
Software & SaaS,software-saas,2,Marketing Software,marketing-software,7,Email Verification Software,email-verification-software,2,Physical Marketing,Address Verification,physical-marketing-address-verification
Software & SaaS,software-saas,2,Marketing Software,marketing-software,8,Email Deliverability Software,email-deliverability-software,1,Email Management,Email Deliverability,email-management-email-deliverability
Software & SaaS,software-saas,2,Marketing Software,marketing-software,8,Email Deliverability Software,email-deliverability-software,2,Email Tools,Deliverability Tools,email-tools-deliverability-tools
Software & SaaS,software-saas,2,Marketing Software,marketing-software,9,Email Template Builders,email-template-builders,1,Email Tools,Email Template Builders,email-tools-email-template-builders
Software & SaaS,software-saas,2,Marketing Software,marketing-software,10,Cold Email Software,cold-email-software,,,,
Software & SaaS,software-saas,2,Marketing Software,marketing-software,11,SMS Marketing Platforms,sms-marketing-platforms,,,,
Software & SaaS,software-saas,2,Marketing Software,marketing-software,12,MMS Marketing Software,mms-marketing-software,,,,
Software & SaaS,software-saas,2,Marketing Software,marketing-software,13,WhatsApp Marketing Software,whatsapp-marketing-software,,,,
Software & SaaS,software-saas,2,Marketing Software,marketing-software,14,Push Notification Software,push-notification-software,,,,
Software & SaaS,software-saas,2,Marketing Software,marketing-software,15,In-App Messaging Software,in-app-messaging-software,,,,
Software & SaaS,software-saas,2,Marketing Software,marketing-software,16,Conversational Marketing Software,conversational-marketing-software,,,,
Software & SaaS,software-saas,2,Marketing Software,marketing-software,17,Chat Marketing Platforms,chat-marketing-platforms,1,Webinar & Events,Fireside Chat,webinar-events-fireside-chat
Software & SaaS,software-saas,2,Marketing Software,marketing-software,18,Customer Data Platforms,customer-data-platforms,1,PMM Tools,Customer Advisory Board,pmm-tools-customer-advisory-board
Software & SaaS,software-saas,2,Marketing Software,marketing-software,19,Customer Journey Mapping Software,customer-journey-mapping-software,,,,
Software & SaaS,software-saas,2,Marketing Software,marketing-software,20,Customer Journey Analytics Software,customer-journey-analytics-software,1,Conversion & Attribution,Customer Journey Analytics,conversion-attribution-customer-journey-analytics
Software & SaaS,software-saas,2,Marketing Software,marketing-software,21,Personalization Engines,personalization-engines,1,Web Personalization,Homepage Personalization,web-personalization-homepage-personalization
Software & SaaS,software-saas,2,Marketing Software,marketing-software,21,Personalization Engines,personalization-engines,2,Web Personalization,Product Recommendation,web-personalization-product-recommendation
Software & SaaS,software-saas,2,Marketing Software,marketing-software,21,Personalization Engines,personalization-engines,3,Web Personalization,Content Personalization,web-personalization-content-personalization
Software & SaaS,software-saas,2,Marketing Software,marketing-software,21,Personalization Engines,personalization-engines,4,Web Personalization,Email Personalization,web-personalization-email-personalization
Software & SaaS,software-saas,2,Marketing Software,marketing-software,21,Personalization Engines,personalization-engines,5,Web Personalization,Search Personalization,web-personalization-search-personalization
Software & SaaS,software-saas,2,Marketing Software,marketing-software,21,Personalization Engines,personalization-engines,6,Web Personalization,Banner Personalization,web-personalization-banner-personalization
Software & SaaS,software-saas,2,Marketing Software,marketing-software,21,Personalization Engines,personalization-engines,7,Web Personalization,Pricing Personalization,web-personalization-pricing-personalization
Software & SaaS,software-saas,2,Marketing Software,marketing-software,21,Personalization Engines,personalization-engines,8,Web Personalization,Navigation Personalization,web-personalization-navigation-personalization
Software & SaaS,software-saas,2,Marketing Software,marketing-software,21,Personalization Engines,personalization-engines,9,Web Personalization,Popup Personalization,web-personalization-popup-personalization
Software & SaaS,software-saas,2,Marketing Software,marketing-software,21,Personalization Engines,personalization-engines,10,Web Personalization,Exit Intent Personalization,web-personalization-exit-intent-personalization
Software & SaaS,software-saas,2,Marketing Software,marketing-software,22,Recommendation Engines,recommendation-engines,,,,
Software & SaaS,software-saas,2,Marketing Software,marketing-software,23,Loyalty Marketing Software,loyalty-marketing-software,1,Conversion Tools,Loyalty Programs,conversion-tools-loyalty-programs
Software & SaaS,software-saas,2,Marketing Software,marketing-software,23,Loyalty Marketing Software,loyalty-marketing-software,2,Referral Marketing,Loyalty Referral,referral-marketing-loyalty-referral
Software & SaaS,software-saas,2,Marketing Software,marketing-software,23,Loyalty Marketing Software,loyalty-marketing-software,3,Loyalty Programs,Tiered Loyalty,loyalty-programs-tiered-loyalty
Software & SaaS,software-saas,2,Marketing Software,marketing-software,23,Loyalty Marketing Software,loyalty-marketing-software,4,Loyalty Programs,Stamp Card Digital,loyalty-programs-stamp-card-digital
Software & SaaS,software-saas,2,Marketing Software,marketing-software,23,Loyalty Marketing Software,loyalty-marketing-software,5,Loyalty Programs,Coalition Loyalty,loyalty-programs-coalition-loyalty
Software & SaaS,software-saas,2,Marketing Software,marketing-software,23,Loyalty Marketing Software,loyalty-marketing-software,6,Loyalty Programs,Subscription Loyalty,loyalty-programs-subscription-loyalty
Software & SaaS,software-saas,2,Marketing Software,marketing-software,23,Loyalty Marketing Software,loyalty-marketing-software,7,Loyalty Programs,Gamified Loyalty,loyalty-programs-gamified-loyalty
Software & SaaS,software-saas,2,Marketing Software,marketing-software,23,Loyalty Marketing Software,loyalty-marketing-software,8,Loyalty Programs,Social Loyalty,loyalty-programs-social-loyalty
Software & SaaS,software-saas,2,Marketing Software,marketing-software,23,Loyalty Marketing Software,loyalty-marketing-software,9,Loyalty Programs,Employee Loyalty,loyalty-programs-employee-loyalty
Software & SaaS,software-saas,2,Marketing Software,marketing-software,24,Customer Loyalty Program Builders,customer-loyalty-program-builders,1,Loyalty Programs,Points Program,loyalty-programs-points-program
Software & SaaS,software-saas,2,Marketing Software,marketing-software,24,Customer Loyalty Program Builders,customer-loyalty-program-builders,2,Loyalty Programs,Cashback Program,loyalty-programs-cashback-program
Software & SaaS,software-saas,2,Marketing Software,marketing-software,24,Customer Loyalty Program Builders,customer-loyalty-program-builders,3,Loyalty Programs,VIP Program,loyalty-programs-vip-program
Software & SaaS,software-saas,2,Marketing Software,marketing-software,25,Rewards Program Software,rewards-program-software,,,,
Software & SaaS,software-saas,2,Marketing Software,marketing-software,26,Gift Card Management Software,gift-card-management-software,1,PPC Management,Google Ads Management,ppc-management-google-ads-management
Software & SaaS,software-saas,2,Marketing Software,marketing-software,26,Gift Card Management Software,gift-card-management-software,2,PPC Management,Bing Ads Management,ppc-management-bing-ads-management
Software & SaaS,software-saas,2,Marketing Software,marketing-software,26,Gift Card Management Software,gift-card-management-software,3,PPC Management,Shopping Ads,ppc-management-shopping-ads
Software & SaaS,software-saas,2,Marketing Software,marketing-software,26,Gift Card Management Software,gift-card-management-software,4,Physical Marketing,Gift Sending,physical-marketing-gift-sending
Software & SaaS,software-saas,2,Marketing Software,marketing-software,27,Coupon Management Software,coupon-management-software,1,Conversion Tools,Coupon Management,conversion-tools-coupon-management
Software & SaaS,software-saas,2,Marketing Software,marketing-software,28,Promotion Management Software,promotion-management-software,,,,
Software & SaaS,software-saas,2,Marketing Software,marketing-software,29,Cashback Program Software,cashback-program-software,,,,
Software & SaaS,software-saas,2,Marketing Software,marketing-software,30,SEO Software Platforms,seo-software-platforms,1,SEO Platforms,All-in-One SEO Suites,seo-platforms-all-in-one-seo-suites
Software & SaaS,software-saas,2,Marketing Software,marketing-software,30,SEO Software Platforms,seo-software-platforms,2,SEO Platforms,Keyword Research Tools,seo-platforms-keyword-research-tools
Software & SaaS,software-saas,2,Marketing Software,marketing-software,30,SEO Software Platforms,seo-software-platforms,3,SEO Platforms,Rank Tracking,seo-platforms-rank-tracking
Software & SaaS,software-saas,2,Marketing Software,marketing-software,30,SEO Software Platforms,seo-software-platforms,4,SEO Platforms,Backlink Analysis,seo-platforms-backlink-analysis
Software & SaaS,software-saas,2,Marketing Software,marketing-software,30,SEO Software Platforms,seo-software-platforms,5,SEO Platforms,Site Audit Tools,seo-platforms-site-audit-tools
Software & SaaS,software-saas,2,Marketing Software,marketing-software,30,SEO Software Platforms,seo-software-platforms,6,SEO Platforms,Technical SEO,seo-platforms-technical-seo
Software & SaaS,software-saas,2,Marketing Software,marketing-software,30,SEO Software Platforms,seo-software-platforms,7,SEO Platforms,Local SEO Tools,seo-platforms-local-seo-tools
Software & SaaS,software-saas,2,Marketing Software,marketing-software,30,SEO Software Platforms,seo-software-platforms,8,SEO Platforms,International SEO,seo-platforms-international-seo
Software & SaaS,software-saas,2,Marketing Software,marketing-software,30,SEO Software Platforms,seo-software-platforms,9,SEO Platforms,Mobile SEO,seo-platforms-mobile-seo
Software & SaaS,software-saas,2,Marketing Software,marketing-software,30,SEO Software Platforms,seo-software-platforms,10,SEO Platforms,Voice Search SEO,seo-platforms-voice-search-seo
Software & SaaS,software-saas,2,Marketing Software,marketing-software,30,SEO Software Platforms,seo-software-platforms,11,SEO Content,Topic Cluster Tools,seo-content-topic-cluster-tools
Software & SaaS,software-saas,2,Marketing Software,marketing-software,30,SEO Software Platforms,seo-software-platforms,12,SEO Content,Featured Snippet Tools,seo-content-featured-snippet-tools
Software & SaaS,software-saas,2,Marketing Software,marketing-software,30,SEO Software Platforms,seo-software-platforms,13,SEO Content,Schema Markup,seo-content-schema-markup
Software & SaaS,software-saas,2,Marketing Software,marketing-software,30,SEO Software Platforms,seo-software-platforms,14,SEO Content,Internal Linking,seo-content-internal-linking
Software & SaaS,software-saas,2,Marketing Software,marketing-software,30,SEO Software Platforms,seo-software-platforms,15,SEO Content,Content Gap Analysis,seo-content-content-gap-analysis
Software & SaaS,software-saas,2,Marketing Software,marketing-software,30,SEO Software Platforms,seo-software-platforms,16,SEO Content,SERP Analysis,seo-content-serp-analysis
Software & SaaS,software-saas,2,Marketing Software,marketing-software,30,SEO Software Platforms,seo-software-platforms,17,SEO Content,Competitor SEO Analysis,seo-content-competitor-seo-analysis
Software & SaaS,software-saas,2,Marketing Software,marketing-software,31,Local SEO Software,local-seo-software,,,,
Software & SaaS,software-saas,2,Marketing Software,marketing-software,32,Technical SEO Audit Software,technical-seo-audit-software,,,,
Software & SaaS,software-saas,2,Marketing Software,marketing-software,33,Backlink Analysis Software,backlink-analysis-software,,,,
Software & SaaS,software-saas,2,Marketing Software,marketing-software,34,Rank Tracking Software,rank-tracking-software,1,Physical Marketing,Mail Tracking,physical-marketing-mail-tracking
Software & SaaS,software-saas,2,Marketing Software,marketing-software,35,Keyword Research Software,keyword-research-software,1,PMM Tools,Pricing Research,pmm-tools-pricing-research
Software & SaaS,software-saas,2,Marketing Software,marketing-software,36,Content Optimization Software,content-optimization-software,1,SEO Content,Content Optimization,seo-content-content-optimization
Software & SaaS,software-saas,2,Marketing Software,marketing-software,36,Content Optimization Software,content-optimization-software,2,SEO Content,Page Speed Optimization,seo-content-page-speed-optimization
Software & SaaS,software-saas,2,Marketing Software,marketing-software,37,AI Search Visibility Software,ai-search-visibility-software,,,,
Software & SaaS,software-saas,2,Marketing Software,marketing-software,38,Programmatic Advertising Platforms,programmatic-advertising-platforms,1,PPC Management,Amazon Advertising,ppc-management-amazon-advertising
Software & SaaS,software-saas,2,Marketing Software,marketing-software,38,Programmatic Advertising Platforms,programmatic-advertising-platforms,2,PPC Management,Video Advertising,ppc-management-video-advertising
Software & SaaS,software-saas,2,Marketing Software,marketing-software,38,Programmatic Advertising Platforms,programmatic-advertising-platforms,3,PPC Management,Native Advertising,ppc-management-native-advertising
Software & SaaS,software-saas,2,Marketing Software,marketing-software,38,Programmatic Advertising Platforms,programmatic-advertising-platforms,4,PPC Management,Programmatic Advertising,ppc-management-programmatic-advertising
Software & SaaS,software-saas,2,Marketing Software,marketing-software,38,Programmatic Advertising Platforms,programmatic-advertising-platforms,5,PPC Management,DSP Platforms,ppc-management-dsp-platforms
Software & SaaS,software-saas,2,Marketing Software,marketing-software,39,Display Ad Management Software,display-ad-management-software,1,PPC Management,Display Advertising,ppc-management-display-advertising
Software & SaaS,software-saas,2,Marketing Software,marketing-software,39,Display Ad Management Software,display-ad-management-software,2,PPC Management,Ad Exchange,ppc-management-ad-exchange
Software & SaaS,software-saas,2,Marketing Software,marketing-software,40,Search Ad Management Software,search-ad-management-software,,,,
Software & SaaS,software-saas,2,Marketing Software,marketing-software,41,Social Ad Management Software,social-ad-management-software,,,,
Software & SaaS,software-saas,2,Marketing Software,marketing-software,42,Connected TV Ad Software,connected-tv-ad-software,,,,
Software & SaaS,software-saas,2,Marketing Software,marketing-software,43,Retail Media Network Software,retail-media-network-software,,,,
Software & SaaS,software-saas,2,Marketing Software,marketing-software,44,Out-of-Home Ad Buying Software,out-of-home-ad-buying-software,,,,
Software & SaaS,software-saas,2,Marketing Software,marketing-software,45,Podcast Ad Software,podcast-ad-software,,,,
Software & SaaS,software-saas,2,Marketing Software,marketing-software,46,Ad Server Software,ad-server-software,,,,
Software & SaaS,software-saas,2,Marketing Software,marketing-software,47,Ad Verification Software,ad-verification-software,,,,
Software & SaaS,software-saas,2,Marketing Software,marketing-software,48,Brand Safety Software,brand-safety-software,,,,
Software & SaaS,software-saas,2,Marketing Software,marketing-software,49,Influencer Marketing Platforms,influencer-marketing-platforms,,,,
Software & SaaS,software-saas,2,Marketing Software,marketing-software,50,Creator Management Software,creator-management-software,,,,
Software & SaaS,software-saas,2,Marketing Software,marketing-software,51,Influencer Discovery Software,influencer-discovery-software,1,Influencer Marketing,Influencer Discovery,influencer-marketing-influencer-discovery
Software & SaaS,software-saas,2,Marketing Software,marketing-software,52,Influencer Outreach Software,influencer-outreach-software,,,,
Software & SaaS,software-saas,2,Marketing Software,marketing-software,53,UGC Marketing Platforms,ugc-marketing-platforms,,,,
Software & SaaS,software-saas,2,Marketing Software,marketing-software,54,Brand Ambassador Software,brand-ambassador-software,,,,
Software & SaaS,software-saas,2,Marketing Software,marketing-software,55,PR & Media Relations Software,pr-media-relations-software,1,PMM Tools,Analyst Relations,pmm-tools-analyst-relations
Software & SaaS,software-saas,2,Marketing Software,marketing-software,56,Press Release Distribution Software,press-release-distribution-software,,,,
Software & SaaS,software-saas,2,Marketing Software,marketing-software,57,Media Monitoring Software,media-monitoring-software,,,,
Software & SaaS,software-saas,2,Marketing Software,marketing-software,58,Brand Monitoring Software,brand-monitoring-software,,,,
Software & SaaS,software-saas,2,Marketing Software,marketing-software,59,Reputation Management Software,reputation-management-software,,,,
Software & SaaS,software-saas,2,Marketing Software,marketing-software,60,Online Review Monitoring Software,online-review-monitoring-software,,,,
Software & SaaS,software-saas,2,Marketing Software,marketing-software,61,Review Generation Software,review-generation-software,,,,
Software & SaaS,software-saas,2,Marketing Software,marketing-software,62,Local Listing Management Software,local-listing-management-software,,,,
Software & SaaS,software-saas,2,Marketing Software,marketing-software,63,Citation Management Software,citation-management-software,,,,
Software & SaaS,software-saas,2,Marketing Software,marketing-software,64,Content Marketing Platforms,content-marketing-platforms,1,Content Creation,Blog Platforms,content-creation-blog-platforms
Software & SaaS,software-saas,2,Marketing Software,marketing-software,64,Content Marketing Platforms,content-marketing-platforms,2,Content Creation,Content Writing Tools,content-creation-content-writing-tools
Software & SaaS,software-saas,2,Marketing Software,marketing-software,64,Content Marketing Platforms,content-marketing-platforms,3,Content Creation,Visual Content Creators,content-creation-visual-content-creators
Software & SaaS,software-saas,2,Marketing Software,marketing-software,64,Content Marketing Platforms,content-marketing-platforms,4,Content Creation,Infographic Makers,content-creation-infographic-makers
Software & SaaS,software-saas,2,Marketing Software,marketing-software,64,Content Marketing Platforms,content-marketing-platforms,5,Content Creation,eBook Creators,content-creation-ebook-creators
Software & SaaS,software-saas,2,Marketing Software,marketing-software,64,Content Marketing Platforms,content-marketing-platforms,6,Content Creation,Whitepaper Tools,content-creation-whitepaper-tools
Software & SaaS,software-saas,2,Marketing Software,marketing-software,64,Content Marketing Platforms,content-marketing-platforms,7,Content Creation,Podcast Platforms,content-creation-podcast-platforms
Software & SaaS,software-saas,2,Marketing Software,marketing-software,64,Content Marketing Platforms,content-marketing-platforms,8,Content Creation,Video Content Platforms,content-creation-video-content-platforms
Software & SaaS,software-saas,2,Marketing Software,marketing-software,64,Content Marketing Platforms,content-marketing-platforms,9,Content Creation,Interactive Content,content-creation-interactive-content
Software & SaaS,software-saas,2,Marketing Software,marketing-software,64,Content Marketing Platforms,content-marketing-platforms,10,Content Creation,Content Repurposing Tools,content-creation-content-repurposing-tools
Software & SaaS,software-saas,2,Marketing Software,marketing-software,64,Content Marketing Platforms,content-marketing-platforms,11,Content Strategy,Content Calendar,content-strategy-content-calendar
Software & SaaS,software-saas,2,Marketing Software,marketing-software,64,Content Marketing Platforms,content-marketing-platforms,12,Content Strategy,Editorial Planning,content-strategy-editorial-planning
Software & SaaS,software-saas,2,Marketing Software,marketing-software,64,Content Marketing Platforms,content-marketing-platforms,13,Content Strategy,Content Ideation,content-strategy-content-ideation
Software & SaaS,software-saas,2,Marketing Software,marketing-software,64,Content Marketing Platforms,content-marketing-platforms,14,Content Strategy,Competitor Content Analysis,content-strategy-competitor-content-analysis
Software & SaaS,software-saas,2,Marketing Software,marketing-software,64,Content Marketing Platforms,content-marketing-platforms,15,Content Strategy,Content Performance Analytics,content-strategy-content-performance-analytics
Software & SaaS,software-saas,2,Marketing Software,marketing-software,64,Content Marketing Platforms,content-marketing-platforms,16,Content Strategy,Content Distribution,content-strategy-content-distribution
Software & SaaS,software-saas,2,Marketing Software,marketing-software,64,Content Marketing Platforms,content-marketing-platforms,17,Content Strategy,Content Syndication,content-strategy-content-syndication
Software & SaaS,software-saas,2,Marketing Software,marketing-software,64,Content Marketing Platforms,content-marketing-platforms,18,Content Strategy,Content Governance,content-strategy-content-governance
Software & SaaS,software-saas,2,Marketing Software,marketing-software,64,Content Marketing Platforms,content-marketing-platforms,19,Content Strategy,Brand Guidelines,content-strategy-brand-guidelines
Software & SaaS,software-saas,2,Marketing Software,marketing-software,64,Content Marketing Platforms,content-marketing-platforms,20,Content Strategy,Asset Libraries,content-strategy-asset-libraries
Software & SaaS,software-saas,2,Marketing Software,marketing-software,64,Content Marketing Platforms,content-marketing-platforms,21,PMM Tools,Sales Enablement Content,pmm-tools-sales-enablement-content
Software & SaaS,software-saas,2,Marketing Software,marketing-software,65,Editorial Calendar Software,editorial-calendar-software,,,,
Software & SaaS,software-saas,2,Marketing Software,marketing-software,66,Content Workflow Software,content-workflow-software,,,,
Software & SaaS,software-saas,2,Marketing Software,marketing-software,67,Blog Management Software,blog-management-software,,,,
Software & SaaS,software-saas,2,Marketing Software,marketing-software,68,Headless CMS Platforms,headless-cms-platforms,1,CMS,Headless CMS,cms-headless-cms
Software & SaaS,software-saas,2,Marketing Software,marketing-software,68,Headless CMS Platforms,headless-cms-platforms,2,Video Platforms,Video CMS,video-platforms-video-cms
Software & SaaS,software-saas,2,Marketing Software,marketing-software,69,Web Content Management Software,web-content-management-software,1,SEO Content,Core Web Vitals,seo-content-core-web-vitals
Software & SaaS,software-saas,2,Marketing Software,marketing-software,70,Landing Page Builders,landing-page-builders,1,Website Builders,Landing Page Builders,website-builders-landing-page-builders
Software & SaaS,software-saas,2,Marketing Software,marketing-software,70,Landing Page Builders,landing-page-builders,2,Landing & Forms,Landing Page Builders,landing-forms-landing-page-builders
Software & SaaS,software-saas,2,Marketing Software,marketing-software,70,Landing Page Builders,landing-page-builders,3,Landing & Forms,Form Builders,landing-forms-form-builders
Software & SaaS,software-saas,2,Marketing Software,marketing-software,70,Landing Page Builders,landing-page-builders,4,Landing & Forms,Pop-Up Builders,landing-forms-pop-up-builders
Software & SaaS,software-saas,2,Marketing Software,marketing-software,70,Landing Page Builders,landing-page-builders,5,Landing & Forms,Quiz & Survey Builders,landing-forms-quiz-survey-builders
Software & SaaS,software-saas,2,Marketing Software,marketing-software,70,Landing Page Builders,landing-page-builders,6,Landing & Forms,Calculator Builders,landing-forms-calculator-builders
Software & SaaS,software-saas,2,Marketing Software,marketing-software,71,Popup Builders,popup-builders,,,,
Software & SaaS,software-saas,2,Marketing Software,marketing-software,72,Form Builders for Marketers,form-builders-for-marketers,,,,
Software & SaaS,software-saas,2,Marketing Software,marketing-software,73,Lead Magnet Builders,lead-magnet-builders,,,,
Software & SaaS,software-saas,2,Marketing Software,marketing-software,74,Quiz Funnel Builders,quiz-funnel-builders,,,,
Software & SaaS,software-saas,2,Marketing Software,marketing-software,75,Webinar Funnel Builders,webinar-funnel-builders,1,Webinar & Events,Webinar Platform,webinar-events-webinar-platform
Software & SaaS,software-saas,2,Marketing Software,marketing-software,75,Webinar Funnel Builders,webinar-funnel-builders,2,Webinar & Events,Virtual Events,webinar-events-virtual-events
Software & SaaS,software-saas,2,Marketing Software,marketing-software,75,Webinar Funnel Builders,webinar-funnel-builders,3,Webinar & Events,Hybrid Events,webinar-events-hybrid-events
Software & SaaS,software-saas,2,Marketing Software,marketing-software,75,Webinar Funnel Builders,webinar-funnel-builders,4,Webinar & Events,Training Webinar,webinar-events-training-webinar
Software & SaaS,software-saas,2,Marketing Software,marketing-software,75,Webinar Funnel Builders,webinar-funnel-builders,5,Webinar & Events,Product Demo Webinar,webinar-events-product-demo-webinar
Software & SaaS,software-saas,2,Marketing Software,marketing-software,75,Webinar Funnel Builders,webinar-funnel-builders,6,Webinar & Events,Panel Discussion,webinar-events-panel-discussion
Software & SaaS,software-saas,2,Marketing Software,marketing-software,76,A/B Testing Software,ab-testing-software,,,,
Software & SaaS,software-saas,2,Marketing Software,marketing-software,77,Multivariate Testing Software,multivariate-testing-software,,,,
Software & SaaS,software-saas,2,Marketing Software,marketing-software,78,Conversion Rate Optimization Software,conversion-rate-optimization-software,1,Conversion & Attribution,Conversion Rate Optimization,conversion-attribution-conversion-rate-optimization
Software & SaaS,software-saas,2,Marketing Software,marketing-software,78,Conversion Rate Optimization Software,conversion-rate-optimization-software,2,Conversion & Attribution,A/B Testing,conversion-attribution-a-b-testing
Software & SaaS,software-saas,2,Marketing Software,marketing-software,78,Conversion Rate Optimization Software,conversion-rate-optimization-software,3,Conversion & Attribution,Heatmaps,conversion-attribution-heatmaps
Software & SaaS,software-saas,2,Marketing Software,marketing-software,78,Conversion Rate Optimization Software,conversion-rate-optimization-software,4,Conversion & Attribution,Session Recording,conversion-attribution-session-recording
Software & SaaS,software-saas,2,Marketing Software,marketing-software,78,Conversion Rate Optimization Software,conversion-rate-optimization-software,5,Conversion & Attribution,Funnel Analysis,conversion-attribution-funnel-analysis
Software & SaaS,software-saas,2,Marketing Software,marketing-software,78,Conversion Rate Optimization Software,conversion-rate-optimization-software,6,Conversion & Attribution,Cross-Device Tracking,conversion-attribution-cross-device-tracking
Software & SaaS,software-saas,2,Marketing Software,marketing-software,78,Conversion Rate Optimization Software,conversion-rate-optimization-software,7,Conversion & Attribution,Incrementality Testing,conversion-attribution-incrementality-testing
Software & SaaS,software-saas,2,Marketing Software,marketing-software,79,Personalized Web Experience Software,personalized-web-experience-software,,,,
Software & SaaS,software-saas,2,Marketing Software,marketing-software,80,Heatmap & Session Replay Software,heatmap-session-replay-software,,,,
Software & SaaS,software-saas,2,Marketing Software,marketing-software,81,Form Analytics Software,form-analytics-software,,,,
Software & SaaS,software-saas,2,Marketing Software,marketing-software,82,Marketing Resource Management Software,marketing-resource-management-software,1,Campaign Management,Marketing Automation,campaign-management-marketing-automation
Software & SaaS,software-saas,2,Marketing Software,marketing-software,83,Brand Asset Management Software,brand-asset-management-software,1,Document Collaboration,Brand Asset Management,document-collaboration-brand-asset-management
Software & SaaS,software-saas,2,Marketing Software,marketing-software,84,Digital Asset Management Software,digital-asset-management-software,1,Document Collaboration,Digital Asset Management,document-collaboration-digital-asset-management
Software & SaaS,software-saas,2,Marketing Software,marketing-software,85,Marketing Project Management Software,marketing-project-management-software,,,,
Software & SaaS,software-saas,2,Marketing Software,marketing-software,86,Creative Operations Software,creative-operations-software,,,,
Software & SaaS,software-saas,2,Marketing Software,marketing-software,87,Marketing Attribution Software,marketing-attribution-software,,,,
Software & SaaS,software-saas,2,Marketing Software,marketing-software,88,Marketing Mix Modeling Software,marketing-mix-modeling-software,1,Conversion & Attribution,Marketing Mix Modeling,conversion-attribution-marketing-mix-modeling
Software & SaaS,software-saas,2,Marketing Software,marketing-software,89,Marketing Performance Dashboards,marketing-performance-dashboards,,,,
Software & SaaS,software-saas,2,Marketing Software,marketing-software,90,Marketing Budgeting Software,marketing-budgeting-software,,,,
Software & SaaS,software-saas,3,Social Media Software,social-media-software,1,Social Media Management Platforms,social-media-management-platforms,1,GRC Platforms,Policy Management,grc-platforms-policy-management
Software & SaaS,software-saas,3,Social Media Software,social-media-software,1,Social Media Management Platforms,social-media-management-platforms,2,Social Management,Multi-Platform Publishing,social-management-multi-platform-publishing
Software & SaaS,software-saas,3,Social Media Software,social-media-software,1,Social Media Management Platforms,social-media-management-platforms,3,Social Management,Content Scheduling,social-management-content-scheduling
Software & SaaS,software-saas,3,Social Media Software,social-media-software,1,Social Media Management Platforms,social-media-management-platforms,4,Social Management,Social Inbox,social-management-social-inbox
Software & SaaS,software-saas,3,Social Media Software,social-media-software,1,Social Media Management Platforms,social-media-management-platforms,5,Social Management,Social Listening,social-management-social-listening
Software & SaaS,software-saas,3,Social Media Software,social-media-software,1,Social Media Management Platforms,social-media-management-platforms,6,Social Management,Hashtag Research,social-management-hashtag-research
Software & SaaS,software-saas,3,Social Media Software,social-media-software,1,Social Media Management Platforms,social-media-management-platforms,7,Social Management,Best Time to Post,social-management-best-time-to-post
Software & SaaS,software-saas,3,Social Media Software,social-media-software,1,Social Media Management Platforms,social-media-management-platforms,8,Social Management,Social Analytics,social-management-social-analytics
Software & SaaS,software-saas,3,Social Media Software,social-media-software,1,Social Media Management Platforms,social-media-management-platforms,9,Social Management,Competitor Monitoring,social-management-competitor-monitoring
Software & SaaS,software-saas,3,Social Media Software,social-media-software,1,Social Media Management Platforms,social-media-management-platforms,10,Social Management,Team Collaboration,social-management-team-collaboration
Software & SaaS,software-saas,3,Social Media Software,social-media-software,1,Social Media Management Platforms,social-media-management-platforms,11,Social Management,Client Reporting,social-management-client-reporting
Software & SaaS,software-saas,3,Social Media Software,social-media-software,1,Social Media Management Platforms,social-media-management-platforms,12,Social Advertising,Facebook Ads Management,social-advertising-facebook-ads-management
Software & SaaS,software-saas,3,Social Media Software,social-media-software,1,Social Media Management Platforms,social-media-management-platforms,13,Social Advertising,Instagram Ads,social-advertising-instagram-ads
Software & SaaS,software-saas,3,Social Media Software,social-media-software,1,Social Media Management Platforms,social-media-management-platforms,14,Social Advertising,LinkedIn Ads,social-advertising-linkedin-ads
Software & SaaS,software-saas,3,Social Media Software,social-media-software,1,Social Media Management Platforms,social-media-management-platforms,15,Social Advertising,Twitter/X Ads,social-advertising-twitter-x-ads
Software & SaaS,software-saas,3,Social Media Software,social-media-software,1,Social Media Management Platforms,social-media-management-platforms,16,Social Advertising,TikTok Ads,social-advertising-tiktok-ads
Software & SaaS,software-saas,3,Social Media Software,social-media-software,1,Social Media Management Platforms,social-media-management-platforms,17,Social Advertising,Pinterest Ads,social-advertising-pinterest-ads
Software & SaaS,software-saas,3,Social Media Software,social-media-software,1,Social Media Management Platforms,social-media-management-platforms,18,Social Advertising,YouTube Ads,social-advertising-youtube-ads
Software & SaaS,software-saas,3,Social Media Software,social-media-software,1,Social Media Management Platforms,social-media-management-platforms,19,Social Advertising,Snapchat Ads,social-advertising-snapchat-ads
Software & SaaS,software-saas,3,Social Media Software,social-media-software,1,Social Media Management Platforms,social-media-management-platforms,20,Social Advertising,Cross-Platform Ad Management,social-advertising-cross-platform-ad-management
Software & SaaS,software-saas,3,Social Media Software,social-media-software,1,Social Media Management Platforms,social-media-management-platforms,21,Social Advertising,Social Ad Creative,social-advertising-social-ad-creative
Software & SaaS,software-saas,3,Social Media Software,social-media-software,1,Social Media Management Platforms,social-media-management-platforms,22,Influencer Marketing,Influencer Marketplace,influencer-marketing-influencer-marketplace
Software & SaaS,software-saas,3,Social Media Software,social-media-software,1,Social Media Management Platforms,social-media-management-platforms,23,Influencer Marketing,Campaign Management,influencer-marketing-campaign-management
Software & SaaS,software-saas,3,Social Media Software,social-media-software,1,Social Media Management Platforms,social-media-management-platforms,24,Influencer Marketing,Micro-Influencer Platforms,influencer-marketing-micro-influencer-platforms
Software & SaaS,software-saas,3,Social Media Software,social-media-software,1,Social Media Management Platforms,social-media-management-platforms,25,Influencer Marketing,Creator Payments,influencer-marketing-creator-payments
Software & SaaS,software-saas,3,Social Media Software,social-media-software,1,Social Media Management Platforms,social-media-management-platforms,26,Influencer Marketing,UGC Platforms,influencer-marketing-ugc-platforms
Software & SaaS,software-saas,3,Social Media Software,social-media-software,1,Social Media Management Platforms,social-media-management-platforms,27,Influencer Marketing,Brand Ambassador Programs,influencer-marketing-brand-ambassador-programs
Software & SaaS,software-saas,3,Social Media Software,social-media-software,1,Social Media Management Platforms,social-media-management-platforms,28,Influencer Marketing,Affiliate Influencer,influencer-marketing-affiliate-influencer
Software & SaaS,software-saas,3,Social Media Software,social-media-software,1,Social Media Management Platforms,social-media-management-platforms,29,Influencer Marketing,Influencer CRM,influencer-marketing-influencer-crm
Software & SaaS,software-saas,3,Social Media Software,social-media-software,2,Social Media Scheduling Tools,social-media-scheduling-tools,,,,
Software & SaaS,software-saas,3,Social Media Software,social-media-software,3,Social Media Publishing Tools,social-media-publishing-tools,,,,
Software & SaaS,software-saas,3,Social Media Software,social-media-software,4,Social Media Analytics Software,social-media-analytics-software,1,Influencer Marketing,Influencer Analytics,influencer-marketing-influencer-analytics
Software & SaaS,software-saas,3,Social Media Software,social-media-software,5,Social Listening Software,social-listening-software,,,,
Software & SaaS,software-saas,3,Social Media Software,social-media-software,6,Social Media Monitoring Software,social-media-monitoring-software,,,,
Software & SaaS,software-saas,3,Social Media Software,social-media-software,7,Social Customer Service Software,social-customer-service-software,,,,
Software & SaaS,software-saas,3,Social Media Software,social-media-software,8,Social Media Inbox Software,social-media-inbox-software,,,,
Software & SaaS,software-saas,3,Social Media Software,social-media-software,9,Social Media Engagement Software,social-media-engagement-software,,,,
Software & SaaS,software-saas,3,Social Media Software,social-media-software,10,Social Media Contest Software,social-media-contest-software,,,,
Software & SaaS,software-saas,3,Social Media Software,social-media-software,11,User-Generated Content Curation Software,user-generated-content-curation-software,,,,
Software & SaaS,software-saas,3,Social Media Software,social-media-software,12,Social Commerce Software,social-commerce-software,1,Social Selling,Instagram Shopping,social-selling-instagram-shopping
Software & SaaS,software-saas,3,Social Media Software,social-media-software,12,Social Commerce Software,social-commerce-software,2,Social Selling,Facebook Shops,social-selling-facebook-shops
Software & SaaS,software-saas,3,Social Media Software,social-media-software,12,Social Commerce Software,social-commerce-software,3,Social Selling,TikTok Shop,social-selling-tiktok-shop
Software & SaaS,software-saas,3,Social Media Software,social-media-software,12,Social Commerce Software,social-commerce-software,4,Social Selling,Pinterest Shopping,social-selling-pinterest-shopping
Software & SaaS,software-saas,3,Social Media Software,social-media-software,12,Social Commerce Software,social-commerce-software,5,Social Selling,YouTube Shopping,social-selling-youtube-shopping
Software & SaaS,software-saas,3,Social Media Software,social-media-software,12,Social Commerce Software,social-commerce-software,6,Social Selling,WhatsApp Commerce,social-selling-whatsapp-commerce
Software & SaaS,software-saas,3,Social Media Software,social-media-software,12,Social Commerce Software,social-commerce-software,7,Social Selling,WeChat Commerce,social-selling-wechat-commerce
Software & SaaS,software-saas,3,Social Media Software,social-media-software,12,Social Commerce Software,social-commerce-software,8,Social Selling,Line Shopping,social-selling-line-shopping
Software & SaaS,software-saas,3,Social Media Software,social-media-software,12,Social Commerce Software,social-commerce-software,9,Social Selling,Snapchat Commerce,social-selling-snapchat-commerce
Software & SaaS,software-saas,3,Social Media Software,social-media-software,12,Social Commerce Software,social-commerce-software,10,Social Selling,Live Shopping,social-selling-live-shopping
Software & SaaS,software-saas,3,Social Media Software,social-media-software,13,Live Streaming Software for Brands,live-streaming-software-for-brands,,,,
Software & SaaS,software-saas,3,Social Media Software,social-media-software,14,Hashtag Tracking Software,hashtag-tracking-software,,,,
Software & SaaS,software-saas,3,Social Media Software,social-media-software,15,Twitter Management Tools,twitter-management-tools,,,,
Software & SaaS,software-saas,3,Social Media Software,social-media-software,16,LinkedIn Management Tools,linkedin-management-tools,,,,
Software & SaaS,software-saas,3,Social Media Software,social-media-software,17,Instagram Management Tools,instagram-management-tools,,,,
Software & SaaS,software-saas,3,Social Media Software,social-media-software,18,TikTok Management Tools,tiktok-management-tools,,,,
Software & SaaS,software-saas,3,Social Media Software,social-media-software,19,YouTube Channel Management Tools,youtube-channel-management-tools,,,,
Software & SaaS,software-saas,3,Social Media Software,social-media-software,20,Pinterest Management Tools,pinterest-management-tools,,,,
Software & SaaS,software-saas,3,Social Media Software,social-media-software,21,Facebook Page Management Tools,facebook-page-management-tools,,,,
Software & SaaS,software-saas,4,Customer Service & Support Software,customer-service-support-software,1,Help Desk Software,help-desk-software,1,AI Chatbot Types,Sales Chatbot,ai-chatbot-types-sales-chatbot
Software & SaaS,software-saas,4,Customer Service & Support Software,customer-service-support-software,1,Help Desk Software,help-desk-software,2,AI Chatbot Types,Lead Gen Chatbot,ai-chatbot-types-lead-gen-chatbot
Software & SaaS,software-saas,4,Customer Service & Support Software,customer-service-support-software,1,Help Desk Software,help-desk-software,3,AI Chatbot Types,Booking Chatbot,ai-chatbot-types-booking-chatbot
Software & SaaS,software-saas,4,Customer Service & Support Software,customer-service-support-software,1,Help Desk Software,help-desk-software,4,AI Chatbot Types,eCommerce Chatbot,ai-chatbot-types-ecommerce-chatbot
Software & SaaS,software-saas,4,Customer Service & Support Software,customer-service-support-software,1,Help Desk Software,help-desk-software,5,AI Chatbot Types,Banking Chatbot,ai-chatbot-types-banking-chatbot
Software & SaaS,software-saas,4,Customer Service & Support Software,customer-service-support-software,1,Help Desk Software,help-desk-software,6,AI Chatbot Types,Healthcare Chatbot,ai-chatbot-types-healthcare-chatbot
Software & SaaS,software-saas,4,Customer Service & Support Software,customer-service-support-software,1,Help Desk Software,help-desk-software,7,AI Chatbot Types,HR Chatbot,ai-chatbot-types-hr-chatbot
Software & SaaS,software-saas,4,Customer Service & Support Software,customer-service-support-software,1,Help Desk Software,help-desk-software,8,Ticketing Systems,Cloud Help Desk,ticketing-systems-cloud-help-desk
Software & SaaS,software-saas,4,Customer Service & Support Software,customer-service-support-software,1,Help Desk Software,help-desk-software,9,Ticketing Systems,Enterprise Service Desk,ticketing-systems-enterprise-service-desk
Software & SaaS,software-saas,4,Customer Service & Support Software,customer-service-support-software,1,Help Desk Software,help-desk-software,10,Ticketing Systems,IT Help Desk,ticketing-systems-it-help-desk
Software & SaaS,software-saas,4,Customer Service & Support Software,customer-service-support-software,1,Help Desk Software,help-desk-software,11,Ticketing Systems,Multi-Channel Ticketing,ticketing-systems-multi-channel-ticketing
Software & SaaS,software-saas,4,Customer Service & Support Software,customer-service-support-software,1,Help Desk Software,help-desk-software,12,Ticketing Systems,AI Ticketing,ticketing-systems-ai-ticketing
Software & SaaS,software-saas,4,Customer Service & Support Software,customer-service-support-software,1,Help Desk Software,help-desk-software,13,Ticketing Systems,SLA Management,ticketing-systems-sla-management
Software & SaaS,software-saas,4,Customer Service & Support Software,customer-service-support-software,1,Help Desk Software,help-desk-software,14,Ticketing Systems,Ticket Automation,ticketing-systems-ticket-automation
Software & SaaS,software-saas,4,Customer Service & Support Software,customer-service-support-software,1,Help Desk Software,help-desk-software,15,Ticketing Systems,Ticket Routing,ticketing-systems-ticket-routing
Software & SaaS,software-saas,4,Customer Service & Support Software,customer-service-support-software,1,Help Desk Software,help-desk-software,16,Ticketing Systems,Ticket Prioritization,ticketing-systems-ticket-prioritization
Software & SaaS,software-saas,4,Customer Service & Support Software,customer-service-support-software,1,Help Desk Software,help-desk-software,17,Ticketing Systems,Ticket Analytics,ticketing-systems-ticket-analytics
Software & SaaS,software-saas,4,Customer Service & Support Software,customer-service-support-software,1,Help Desk Software,help-desk-software,18,Self-Service,Knowledge Base,self-service-knowledge-base
Software & SaaS,software-saas,4,Customer Service & Support Software,customer-service-support-software,1,Help Desk Software,help-desk-software,19,Self-Service,FAQ Builders,self-service-faq-builders
Software & SaaS,software-saas,4,Customer Service & Support Software,customer-service-support-software,1,Help Desk Software,help-desk-software,20,Self-Service,Community Forums,self-service-community-forums
Software & SaaS,software-saas,4,Customer Service & Support Software,customer-service-support-software,1,Help Desk Software,help-desk-software,21,Self-Service,Guided Troubleshooting,self-service-guided-troubleshooting
Software & SaaS,software-saas,4,Customer Service & Support Software,customer-service-support-software,1,Help Desk Software,help-desk-software,22,Self-Service,Decision Trees,self-service-decision-trees
Software & SaaS,software-saas,4,Customer Service & Support Software,customer-service-support-software,1,Help Desk Software,help-desk-software,23,Self-Service,Video Knowledge Base,self-service-video-knowledge-base
Software & SaaS,software-saas,4,Customer Service & Support Software,customer-service-support-software,1,Help Desk Software,help-desk-software,24,Self-Service,Interactive Guides,self-service-interactive-guides
Software & SaaS,software-saas,4,Customer Service & Support Software,customer-service-support-software,1,Help Desk Software,help-desk-software,25,Self-Service,Searchable Documentation,self-service-searchable-documentation
Software & SaaS,software-saas,4,Customer Service & Support Software,customer-service-support-software,2,IT Service Desk Software,it-service-desk-software,,,,
Software & SaaS,software-saas,4,Customer Service & Support Software,customer-service-support-software,3,Service Desk Automation Software,service-desk-automation-software,,,,
Software & SaaS,software-saas,4,Customer Service & Support Software,customer-service-support-software,4,Customer Self-Service Portals,customer-self-service-portals,1,Self-Service,Customer Portal,self-service-customer-portal
Software & SaaS,software-saas,4,Customer Service & Support Software,customer-service-support-software,4,Customer Self-Service Portals,customer-self-service-portals,2,Self-Service,AI Self-Service,self-service-ai-self-service
Software & SaaS,software-saas,4,Customer Service & Support Software,customer-service-support-software,5,Knowledge Base Software for Support,knowledge-base-software-for-support,1,AI Chatbot Types,Support Chatbot,ai-chatbot-types-support-chatbot
Software & SaaS,software-saas,4,Customer Service & Support Software,customer-service-support-software,5,Knowledge Base Software for Support,knowledge-base-software-for-support,2,AI Chatbot Types,IT Support Chatbot,ai-chatbot-types-it-support-chatbot
Software & SaaS,software-saas,4,Customer Service & Support Software,customer-service-support-software,6,FAQ Page Builders,faq-page-builders,1,AI Chatbot Types,FAQ Chatbot,ai-chatbot-types-faq-chatbot
Software & SaaS,software-saas,4,Customer Service & Support Software,customer-service-support-software,7,Community Forum Software,community-forum-software,1,Forum & Discussion,Product Community,forum-discussion-product-community
Software & SaaS,software-saas,4,Customer Service & Support Software,customer-service-support-software,7,Community Forum Software,community-forum-software,2,Forum & Discussion,Open Source Community,forum-discussion-open-source-community
Software & SaaS,software-saas,4,Customer Service & Support Software,customer-service-support-software,8,Customer Support Live Chat Software,customer-support-live-chat-software,1,Live Chat,Website Live Chat,live-chat-website-live-chat
Software & SaaS,software-saas,4,Customer Service & Support Software,customer-service-support-software,8,Customer Support Live Chat Software,customer-support-live-chat-software,2,Live Chat,In-App Chat,live-chat-in-app-chat
Software & SaaS,software-saas,4,Customer Service & Support Software,customer-service-support-software,8,Customer Support Live Chat Software,customer-support-live-chat-software,3,Live Chat,Proactive Chat,live-chat-proactive-chat
Software & SaaS,software-saas,4,Customer Service & Support Software,customer-service-support-software,8,Customer Support Live Chat Software,customer-support-live-chat-software,4,Live Chat,Co-Browsing,live-chat-co-browsing
Software & SaaS,software-saas,4,Customer Service & Support Software,customer-service-support-software,8,Customer Support Live Chat Software,customer-support-live-chat-software,5,Live Chat,Screen Sharing,live-chat-screen-sharing
Software & SaaS,software-saas,4,Customer Service & Support Software,customer-service-support-software,8,Customer Support Live Chat Software,customer-support-live-chat-software,6,Live Chat,File Sharing Chat,live-chat-file-sharing-chat
Software & SaaS,software-saas,4,Customer Service & Support Software,customer-service-support-software,8,Customer Support Live Chat Software,customer-support-live-chat-software,7,Live Chat,Chat Routing,live-chat-chat-routing
Software & SaaS,software-saas,4,Customer Service & Support Software,customer-service-support-software,8,Customer Support Live Chat Software,customer-support-live-chat-software,8,Live Chat,Chat Analytics,live-chat-chat-analytics
Software & SaaS,software-saas,4,Customer Service & Support Software,customer-service-support-software,8,Customer Support Live Chat Software,customer-support-live-chat-software,9,Live Chat,Chat Translation,live-chat-chat-translation
Software & SaaS,software-saas,4,Customer Service & Support Software,customer-service-support-software,8,Customer Support Live Chat Software,customer-support-live-chat-software,10,Live Chat,Chat Bots & Hybrid,live-chat-chat-bots-hybrid
Software & SaaS,software-saas,4,Customer Service & Support Software,customer-service-support-software,9,Co-Browsing Software,co-browsing-software,,,,
Software & SaaS,software-saas,4,Customer Service & Support Software,customer-service-support-software,10,Screen Sharing Support Software,screen-sharing-support-software,,,,
Software & SaaS,software-saas,4,Customer Service & Support Software,customer-service-support-software,11,Remote Desktop Support Software,remote-desktop-support-software,1,Remote Support,Remote Desktop,remote-support-remote-desktop
Software & SaaS,software-saas,4,Customer Service & Support Software,customer-service-support-software,11,Remote Desktop Support Software,remote-desktop-support-software,2,Remote Support,Remote Troubleshooting,remote-support-remote-troubleshooting
Software & SaaS,software-saas,4,Customer Service & Support Software,customer-service-support-software,11,Remote Desktop Support Software,remote-desktop-support-software,3,Remote Support,Augmented Reality Support,remote-support-augmented-reality-support
Software & SaaS,software-saas,4,Customer Service & Support Software,customer-service-support-software,11,Remote Desktop Support Software,remote-desktop-support-software,4,Remote Support,Video Support,remote-support-video-support
Software & SaaS,software-saas,4,Customer Service & Support Software,customer-service-support-software,11,Remote Desktop Support Software,remote-desktop-support-software,5,Remote Support,IoT Remote Monitoring,remote-support-iot-remote-monitoring
Software & SaaS,software-saas,4,Customer Service & Support Software,customer-service-support-software,11,Remote Desktop Support Software,remote-desktop-support-software,6,Remote Support,Asset Management,remote-support-asset-management
Software & SaaS,software-saas,4,Customer Service & Support Software,customer-service-support-software,11,Remote Desktop Support Software,remote-desktop-support-software,7,Remote Support,Warranty Management,remote-support-warranty-management
Software & SaaS,software-saas,4,Customer Service & Support Software,customer-service-support-software,11,Remote Desktop Support Software,remote-desktop-support-software,8,Remote Support,Preventive Maintenance,remote-support-preventive-maintenance
Software & SaaS,software-saas,4,Customer Service & Support Software,customer-service-support-software,12,Visual Support Software,visual-support-software,,,,
Software & SaaS,software-saas,4,Customer Service & Support Software,customer-service-support-software,13,Customer Service Voice Platforms,customer-service-voice-platforms,1,VoC Platforms,Feedback Aggregation,voc-platforms-feedback-aggregation
Software & SaaS,software-saas,4,Customer Service & Support Software,customer-service-support-software,13,Customer Service Voice Platforms,customer-service-voice-platforms,2,VoC Platforms,Sentiment Dashboard,voc-platforms-sentiment-dashboard
Software & SaaS,software-saas,4,Customer Service & Support Software,customer-service-support-software,13,Customer Service Voice Platforms,customer-service-voice-platforms,3,VoC Platforms,Theme Analysis,voc-platforms-theme-analysis
Software & SaaS,software-saas,4,Customer Service & Support Software,customer-service-support-software,13,Customer Service Voice Platforms,customer-service-voice-platforms,4,VoC Platforms,Journey Feedback,voc-platforms-journey-feedback
Software & SaaS,software-saas,4,Customer Service & Support Software,customer-service-support-software,13,Customer Service Voice Platforms,customer-service-voice-platforms,5,VoC Platforms,Touchpoint Feedback,voc-platforms-touchpoint-feedback
Software & SaaS,software-saas,4,Customer Service & Support Software,customer-service-support-software,13,Customer Service Voice Platforms,customer-service-voice-platforms,6,VoC Platforms,Real-Time Feedback,voc-platforms-real-time-feedback
Software & SaaS,software-saas,4,Customer Service & Support Software,customer-service-support-software,13,Customer Service Voice Platforms,customer-service-voice-platforms,7,VoC Platforms,Closed-Loop Feedback,voc-platforms-closed-loop-feedback
Software & SaaS,software-saas,4,Customer Service & Support Software,customer-service-support-software,13,Customer Service Voice Platforms,customer-service-voice-platforms,8,VoC Platforms,Feedback Routing,voc-platforms-feedback-routing
Software & SaaS,software-saas,4,Customer Service & Support Software,customer-service-support-software,13,Customer Service Voice Platforms,customer-service-voice-platforms,9,VoC Platforms,Feedback Prioritization,voc-platforms-feedback-prioritization
Software & SaaS,software-saas,4,Customer Service & Support Software,customer-service-support-software,13,Customer Service Voice Platforms,customer-service-voice-platforms,10,VoC Platforms,Customer Advisory,voc-platforms-customer-advisory
Software & SaaS,software-saas,4,Customer Service & Support Software,customer-service-support-software,14,Inbound Call Center Software,inbound-call-center-software,1,Call Center,Cloud Contact Center,call-center-cloud-contact-center
Software & SaaS,software-saas,4,Customer Service & Support Software,customer-service-support-software,14,Inbound Call Center Software,inbound-call-center-software,2,Call Center,Inbound Call Center,call-center-inbound-call-center
Software & SaaS,software-saas,4,Customer Service & Support Software,customer-service-support-software,14,Inbound Call Center Software,inbound-call-center-software,3,Call Center,Blended Call Center,call-center-blended-call-center
Software & SaaS,software-saas,4,Customer Service & Support Software,customer-service-support-software,14,Inbound Call Center Software,inbound-call-center-software,4,Call Center,Omnichannel Contact Center,call-center-omnichannel-contact-center
Software & SaaS,software-saas,4,Customer Service & Support Software,customer-service-support-software,14,Inbound Call Center Software,inbound-call-center-software,5,Call Center,IVR Systems,call-center-ivr-systems
Software & SaaS,software-saas,4,Customer Service & Support Software,customer-service-support-software,14,Inbound Call Center Software,inbound-call-center-software,6,Call Center,ACD Systems,call-center-acd-systems
Software & SaaS,software-saas,4,Customer Service & Support Software,customer-service-support-software,14,Inbound Call Center Software,inbound-call-center-software,7,Call Center,Call Recording,call-center-call-recording
Software & SaaS,software-saas,4,Customer Service & Support Software,customer-service-support-software,14,Inbound Call Center Software,inbound-call-center-software,8,Call Center,Call Monitoring,call-center-call-monitoring
Software & SaaS,software-saas,4,Customer Service & Support Software,customer-service-support-software,14,Inbound Call Center Software,inbound-call-center-software,9,Call Center,Workforce Management,call-center-workforce-management
Software & SaaS,software-saas,4,Customer Service & Support Software,customer-service-support-software,15,Outbound Call Center Software,outbound-call-center-software,1,Call Center,Outbound Call Center,call-center-outbound-call-center
Software & SaaS,software-saas,4,Customer Service & Support Software,customer-service-support-software,16,Contact Center as a Service,contact-center-as-a-service,,,,
Software & SaaS,software-saas,4,Customer Service & Support Software,customer-service-support-software,17,Cloud Phone Systems for Support,cloud-phone-systems-for-support,,,,
Software & SaaS,software-saas,4,Customer Service & Support Software,customer-service-support-software,18,Workforce Management for Contact Centers,workforce-management-for-contact-centers,1,Review Management,Review Monitoring,review-management-review-monitoring
Software & SaaS,software-saas,4,Customer Service & Support Software,customer-service-support-software,18,Workforce Management for Contact Centers,workforce-management-for-contact-centers,2,Review Management,Review Response,review-management-review-response
Software & SaaS,software-saas,4,Customer Service & Support Software,customer-service-support-software,18,Workforce Management for Contact Centers,workforce-management-for-contact-centers,3,Review Management,Review Generation,review-management-review-generation
Software & SaaS,software-saas,4,Customer Service & Support Software,customer-service-support-software,18,Workforce Management for Contact Centers,workforce-management-for-contact-centers,4,Review Management,Review Widgets,review-management-review-widgets
Software & SaaS,software-saas,4,Customer Service & Support Software,customer-service-support-software,18,Workforce Management for Contact Centers,workforce-management-for-contact-centers,5,Review Management,Social Proof,review-management-social-proof
Software & SaaS,software-saas,4,Customer Service & Support Software,customer-service-support-software,18,Workforce Management for Contact Centers,workforce-management-for-contact-centers,6,Review Management,Testimonial Management,review-management-testimonial-management
Software & SaaS,software-saas,4,Customer Service & Support Software,customer-service-support-software,18,Workforce Management for Contact Centers,workforce-management-for-contact-centers,7,Review Management,Case Study Builders,review-management-case-study-builders
Software & SaaS,software-saas,4,Customer Service & Support Software,customer-service-support-software,18,Workforce Management for Contact Centers,workforce-management-for-contact-centers,8,Review Management,Star Rating Widgets,review-management-star-rating-widgets
Software & SaaS,software-saas,4,Customer Service & Support Software,customer-service-support-software,18,Workforce Management for Contact Centers,workforce-management-for-contact-centers,9,Review Management,Reputation Analytics,review-management-reputation-analytics
Software & SaaS,software-saas,4,Customer Service & Support Software,customer-service-support-software,18,Workforce Management for Contact Centers,workforce-management-for-contact-centers,10,Review Management,Sentiment Tracking,review-management-sentiment-tracking
Software & SaaS,software-saas,4,Customer Service & Support Software,customer-service-support-software,19,Call Recording & Analytics Software,call-recording-analytics-software,,,,
Software & SaaS,software-saas,4,Customer Service & Support Software,customer-service-support-software,20,Call Quality Monitoring Software,call-quality-monitoring-software,1,Brand Monitoring,Brand Mention Tracking,brand-monitoring-brand-mention-tracking
Software & SaaS,software-saas,4,Customer Service & Support Software,customer-service-support-software,20,Call Quality Monitoring Software,call-quality-monitoring-software,2,Brand Monitoring,Social Listening,brand-monitoring-social-listening
Software & SaaS,software-saas,4,Customer Service & Support Software,customer-service-support-software,20,Call Quality Monitoring Software,call-quality-monitoring-software,3,Brand Monitoring,Media Monitoring,brand-monitoring-media-monitoring
Software & SaaS,software-saas,4,Customer Service & Support Software,customer-service-support-software,20,Call Quality Monitoring Software,call-quality-monitoring-software,4,Brand Monitoring,PR Monitoring,brand-monitoring-pr-monitoring
Software & SaaS,software-saas,4,Customer Service & Support Software,customer-service-support-software,20,Call Quality Monitoring Software,call-quality-monitoring-software,5,Brand Monitoring,Competitor Monitoring,brand-monitoring-competitor-monitoring
Software & SaaS,software-saas,4,Customer Service & Support Software,customer-service-support-software,20,Call Quality Monitoring Software,call-quality-monitoring-software,6,Brand Monitoring,Crisis Alert,brand-monitoring-crisis-alert
Software & SaaS,software-saas,4,Customer Service & Support Software,customer-service-support-software,20,Call Quality Monitoring Software,call-quality-monitoring-software,7,Brand Monitoring,Influencer Monitoring,brand-monitoring-influencer-monitoring
Software & SaaS,software-saas,4,Customer Service & Support Software,customer-service-support-software,20,Call Quality Monitoring Software,call-quality-monitoring-software,8,Brand Monitoring,Industry Monitoring,brand-monitoring-industry-monitoring
Software & SaaS,software-saas,4,Customer Service & Support Software,customer-service-support-software,20,Call Quality Monitoring Software,call-quality-monitoring-software,9,Brand Monitoring,Review Site Monitoring,brand-monitoring-review-site-monitoring
Software & SaaS,software-saas,4,Customer Service & Support Software,customer-service-support-software,20,Call Quality Monitoring Software,call-quality-monitoring-software,10,Brand Monitoring,News Monitoring,brand-monitoring-news-monitoring
Software & SaaS,software-saas,4,Customer Service & Support Software,customer-service-support-software,21,Speech Analytics Software,speech-analytics-software,,,,
Software & SaaS,software-saas,4,Customer Service & Support Software,customer-service-support-software,22,Customer Experience Management Software,customer-experience-management-software,,,,
Software & SaaS,software-saas,4,Customer Service & Support Software,customer-service-support-software,23,Voice of Customer Platforms,voice-of-customer-platforms,,,,
Software & SaaS,software-saas,4,Customer Service & Support Software,customer-service-support-software,24,Customer Feedback Software,customer-feedback-software,1,Feedback & NPS,Survey Tools,feedback-nps-survey-tools
Software & SaaS,software-saas,4,Customer Service & Support Software,customer-service-support-software,24,Customer Feedback Software,customer-feedback-software,2,Feedback & NPS,NPS Software,feedback-nps-nps-software
Software & SaaS,software-saas,4,Customer Service & Support Software,customer-service-support-software,24,Customer Feedback Software,customer-feedback-software,3,Feedback & NPS,CSAT Tools,feedback-nps-csat-tools
Software & SaaS,software-saas,4,Customer Service & Support Software,customer-service-support-software,24,Customer Feedback Software,customer-feedback-software,4,Feedback & NPS,CES Tracking,feedback-nps-ces-tracking
Software & SaaS,software-saas,4,Customer Service & Support Software,customer-service-support-software,24,Customer Feedback Software,customer-feedback-software,5,Feedback & NPS,In-App Surveys,feedback-nps-in-app-surveys
Software & SaaS,software-saas,4,Customer Service & Support Software,customer-service-support-software,24,Customer Feedback Software,customer-feedback-software,6,Feedback & NPS,Email Surveys,feedback-nps-email-surveys
Software & SaaS,software-saas,4,Customer Service & Support Software,customer-service-support-software,24,Customer Feedback Software,customer-feedback-software,7,Feedback & NPS,Product Feedback,feedback-nps-product-feedback
Software & SaaS,software-saas,4,Customer Service & Support Software,customer-service-support-software,24,Customer Feedback Software,customer-feedback-software,8,Feedback & NPS,Feature Voting,feedback-nps-feature-voting
Software & SaaS,software-saas,4,Customer Service & Support Software,customer-service-support-software,24,Customer Feedback Software,customer-feedback-software,9,Feedback & NPS,User Research,feedback-nps-user-research
Software & SaaS,software-saas,4,Customer Service & Support Software,customer-service-support-software,24,Customer Feedback Software,customer-feedback-software,10,Feedback & NPS,Voice of Customer,feedback-nps-voice-of-customer
Software & SaaS,software-saas,4,Customer Service & Support Software,customer-service-support-software,25,Net Promoter Score Software,net-promoter-score-software,,,,
Software & SaaS,software-saas,4,Customer Service & Support Software,customer-service-support-software,26,Customer Satisfaction Survey Software,customer-satisfaction-survey-software,,,,
Software & SaaS,software-saas,4,Customer Service & Support Software,customer-service-support-software,27,Complaint Management Software,complaint-management-software,,,,
Software & SaaS,software-saas,4,Customer Service & Support Software,customer-service-support-software,28,Field Service Customer Apps,field-service-customer-apps,1,Field Operations,Field Service Management,field-operations-field-service-management
Software & SaaS,software-saas,4,Customer Service & Support Software,customer-service-support-software,28,Field Service Customer Apps,field-service-customer-apps,2,Field Operations,Dispatch Software,field-operations-dispatch-software
Software & SaaS,software-saas,4,Customer Service & Support Software,customer-service-support-software,28,Field Service Customer Apps,field-service-customer-apps,3,Field Operations,Mobile Workforce,field-operations-mobile-workforce
Software & SaaS,software-saas,4,Customer Service & Support Software,customer-service-support-software,28,Field Service Customer Apps,field-service-customer-apps,4,Field Operations,Work Order Management,field-operations-work-order-management
Software & SaaS,software-saas,4,Customer Service & Support Software,customer-service-support-software,28,Field Service Customer Apps,field-service-customer-apps,5,Field Operations,Service Routing,field-operations-service-routing
Software & SaaS,software-saas,4,Customer Service & Support Software,customer-service-support-software,28,Field Service Customer Apps,field-service-customer-apps,6,Field Operations,Parts Management,field-operations-parts-management
Software & SaaS,software-saas,4,Customer Service & Support Software,customer-service-support-software,28,Field Service Customer Apps,field-service-customer-apps,7,Field Operations,Equipment Tracking,field-operations-equipment-tracking
Software & SaaS,software-saas,4,Customer Service & Support Software,customer-service-support-software,28,Field Service Customer Apps,field-service-customer-apps,8,Field Operations,Customer Communication,field-operations-customer-communication
Software & SaaS,software-saas,4,Customer Service & Support Software,customer-service-support-software,28,Field Service Customer Apps,field-service-customer-apps,9,Field Operations,Service Contracts,field-operations-service-contracts
Software & SaaS,software-saas,4,Customer Service & Support Software,customer-service-support-software,28,Field Service Customer Apps,field-service-customer-apps,10,Field Operations,Field Sales,field-operations-field-sales
Software & SaaS,software-saas,4,Customer Service & Support Software,customer-service-support-software,28,Field Service Customer Apps,field-service-customer-apps,11,Remote Support,Predictive Service,remote-support-predictive-service
Software & SaaS,software-saas,4,Customer Service & Support Software,customer-service-support-software,28,Field Service Customer Apps,field-service-customer-apps,12,Remote Support,Service Level Agreement,remote-support-service-level-agreement
Software & SaaS,software-saas,4,Customer Service & Support Software,customer-service-support-software,29,Appointment Reminder Software,appointment-reminder-software,,,,
Software & SaaS,software-saas,4,Customer Service & Support Software,customer-service-support-software,30,Customer Onboarding Software,customer-onboarding-software,,,,
Software & SaaS,software-saas,4,Customer Service & Support Software,customer-service-support-software,31,Customer Education Platforms,customer-education-platforms,,,,
Software & SaaS,software-saas,4,Customer Service & Support Software,customer-service-support-software,32,Customer Success Platforms,customer-success-platforms,1,CS Platforms,Customer Success Platforms,cs-platforms-customer-success-platforms
Software & SaaS,software-saas,4,Customer Service & Support Software,customer-service-support-software,32,Customer Success Platforms,customer-success-platforms,2,CS Platforms,Health Score Tracking,cs-platforms-health-score-tracking
Software & SaaS,software-saas,4,Customer Service & Support Software,customer-service-support-software,32,Customer Success Platforms,customer-success-platforms,3,CS Platforms,Renewal Management,cs-platforms-renewal-management
Software & SaaS,software-saas,4,Customer Service & Support Software,customer-service-support-software,32,Customer Success Platforms,customer-success-platforms,4,CS Platforms,Expansion Revenue,cs-platforms-expansion-revenue
Software & SaaS,software-saas,4,Customer Service & Support Software,customer-service-support-software,32,Customer Success Platforms,customer-success-platforms,5,CS Platforms,Onboarding Automation,cs-platforms-onboarding-automation
Software & SaaS,software-saas,4,Customer Service & Support Software,customer-service-support-software,32,Customer Success Platforms,customer-success-platforms,6,CS Platforms,QBR Automation,cs-platforms-qbr-automation
Software & SaaS,software-saas,4,Customer Service & Support Software,customer-service-support-software,32,Customer Success Platforms,customer-success-platforms,7,CS Platforms,Customer Segmentation,cs-platforms-customer-segmentation
Software & SaaS,software-saas,4,Customer Service & Support Software,customer-service-support-software,32,Customer Success Platforms,customer-success-platforms,8,CS Platforms,Risk Alerts,cs-platforms-risk-alerts
Software & SaaS,software-saas,4,Customer Service & Support Software,customer-service-support-software,32,Customer Success Platforms,customer-success-platforms,9,CS Platforms,Playbook Automation,cs-platforms-playbook-automation
Software & SaaS,software-saas,4,Customer Service & Support Software,customer-service-support-software,32,Customer Success Platforms,customer-success-platforms,10,CS Platforms,CS Analytics,cs-platforms-cs-analytics
Software & SaaS,software-saas,4,Customer Service & Support Software,customer-service-support-software,33,Customer Health Score Software,customer-health-score-software,,,,
Software & SaaS,software-saas,4,Customer Service & Support Software,customer-service-support-software,34,Customer Engagement Platforms,customer-engagement-platforms,,,,
Software & SaaS,software-saas,4,Customer Service & Support Software,customer-service-support-software,35,Customer Communication Management Software,customer-communication-management-software,,,,
Software & SaaS,software-saas,4,Customer Service & Support Software,customer-service-support-software,36,Outage & Incident Communication Software,outage-incident-communication-software,,,,
Software & SaaS,software-saas,5,Communication & Collaboration Software,communication-collaboration-software,1,Business Phone Systems,business-phone-systems,1,Email Clients,Business Email,email-clients-business-email
Software & SaaS,software-saas,5,Communication & Collaboration Software,communication-collaboration-software,1,Business Phone Systems,business-phone-systems,2,Email Clients,Shared Inbox,email-clients-shared-inbox
Software & SaaS,software-saas,5,Communication & Collaboration Software,communication-collaboration-software,1,Business Phone Systems,business-phone-systems,3,Email Management,Priority Inbox AI,email-management-priority-inbox-ai
Software & SaaS,software-saas,5,Communication & Collaboration Software,communication-collaboration-software,1,Business Phone Systems,business-phone-systems,4,Unified Communications,VoIP Phone Systems,unified-communications-voip-phone-systems
Software & SaaS,software-saas,5,Communication & Collaboration Software,communication-collaboration-software,1,Business Phone Systems,business-phone-systems,5,Unified Communications,Business Phone,unified-communications-business-phone
Software & SaaS,software-saas,5,Communication & Collaboration Software,communication-collaboration-software,1,Business Phone Systems,business-phone-systems,6,Unified Communications,IVR Systems,unified-communications-ivr-systems
Software & SaaS,software-saas,5,Communication & Collaboration Software,communication-collaboration-software,1,Business Phone Systems,business-phone-systems,7,Alert Systems,Push Notification,alert-systems-push-notification
Software & SaaS,software-saas,5,Communication & Collaboration Software,communication-collaboration-software,1,Business Phone Systems,business-phone-systems,8,Alert Systems,SMS Notification,alert-systems-sms-notification
Software & SaaS,software-saas,5,Communication & Collaboration Software,communication-collaboration-software,1,Business Phone Systems,business-phone-systems,9,Alert Systems,Email Notification,alert-systems-email-notification
Software & SaaS,software-saas,5,Communication & Collaboration Software,communication-collaboration-software,1,Business Phone Systems,business-phone-systems,10,Alert Systems,In-App Notification,alert-systems-in-app-notification
Software & SaaS,software-saas,5,Communication & Collaboration Software,communication-collaboration-software,1,Business Phone Systems,business-phone-systems,11,Alert Systems,Browser Notification,alert-systems-browser-notification
Software & SaaS,software-saas,5,Communication & Collaboration Software,communication-collaboration-software,1,Business Phone Systems,business-phone-systems,12,Alert Systems,Slack Notification,alert-systems-slack-notification
Software & SaaS,software-saas,5,Communication & Collaboration Software,communication-collaboration-software,1,Business Phone Systems,business-phone-systems,13,Alert Systems,Teams Notification,alert-systems-teams-notification
Software & SaaS,software-saas,5,Communication & Collaboration Software,communication-collaboration-software,1,Business Phone Systems,business-phone-systems,14,Alert Systems,Webhook Notification,alert-systems-webhook-notification
Software & SaaS,software-saas,5,Communication & Collaboration Software,communication-collaboration-software,1,Business Phone Systems,business-phone-systems,15,Alert Systems,Mobile Alert,alert-systems-mobile-alert
Software & SaaS,software-saas,5,Communication & Collaboration Software,communication-collaboration-software,1,Business Phone Systems,business-phone-systems,16,Alert Systems,Desktop Alert,alert-systems-desktop-alert
Software & SaaS,software-saas,5,Communication & Collaboration Software,communication-collaboration-software,1,Business Phone Systems,business-phone-systems,17,Forum & Discussion,Idea Board,forum-discussion-idea-board
Software & SaaS,software-saas,5,Communication & Collaboration Software,communication-collaboration-software,1,Business Phone Systems,business-phone-systems,18,Forum & Discussion,Feature Request Board,forum-discussion-feature-request-board
Software & SaaS,software-saas,5,Communication & Collaboration Software,communication-collaboration-software,1,Business Phone Systems,business-phone-systems,19,Forum & Discussion,Beta Feedback,forum-discussion-beta-feedback
Software & SaaS,software-saas,5,Communication & Collaboration Software,communication-collaboration-software,1,Business Phone Systems,business-phone-systems,20,Forum & Discussion,Professional Network,forum-discussion-professional-network
Software & SaaS,software-saas,5,Communication & Collaboration Software,communication-collaboration-software,1,Business Phone Systems,business-phone-systems,21,Forum & Discussion,Knowledge Exchange,forum-discussion-knowledge-exchange
Software & SaaS,software-saas,5,Communication & Collaboration Software,communication-collaboration-software,2,Cloud PBX Software,cloud-pbx-software,1,Unified Communications,Cloud PBX,unified-communications-cloud-pbx
Software & SaaS,software-saas,5,Communication & Collaboration Software,communication-collaboration-software,3,Voice over IP Software,voice-over-ip-software,,,,
Software & SaaS,software-saas,5,Communication & Collaboration Software,communication-collaboration-software,4,Softphone Apps,softphone-apps,,,,
Software & SaaS,software-saas,5,Communication & Collaboration Software,communication-collaboration-software,5,SIP Trunking Services,sip-trunking-services,,,,
Software & SaaS,software-saas,5,Communication & Collaboration Software,communication-collaboration-software,6,Business Texting Software,business-texting-software,,,,
Software & SaaS,software-saas,5,Communication & Collaboration Software,communication-collaboration-software,7,Internal Messaging Apps,internal-messaging-apps,1,Unified Communications,Auto-Attendant,unified-communications-auto-attendant
Software & SaaS,software-saas,5,Communication & Collaboration Software,communication-collaboration-software,7,Internal Messaging Apps,internal-messaging-apps,2,Unified Communications,Call Routing,unified-communications-call-routing
Software & SaaS,software-saas,5,Communication & Collaboration Software,communication-collaboration-software,7,Internal Messaging Apps,internal-messaging-apps,3,Unified Communications,Call Recording,unified-communications-call-recording
Software & SaaS,software-saas,5,Communication & Collaboration Software,communication-collaboration-software,7,Internal Messaging Apps,internal-messaging-apps,4,Unified Communications,Voicemail-to-Text,unified-communications-voicemail-to-text
Software & SaaS,software-saas,5,Communication & Collaboration Software,communication-collaboration-software,7,Internal Messaging Apps,internal-messaging-apps,5,Unified Communications,Fax-to-Email,unified-communications-fax-to-email
Software & SaaS,software-saas,5,Communication & Collaboration Software,communication-collaboration-software,8,Team Chat Platforms,team-chat-platforms,1,Team Chat,Business Messaging,team-chat-business-messaging
Software & SaaS,software-saas,5,Communication & Collaboration Software,communication-collaboration-software,8,Team Chat Platforms,team-chat-platforms,2,Team Chat,Channel-Based Chat,team-chat-channel-based-chat
Software & SaaS,software-saas,5,Communication & Collaboration Software,communication-collaboration-software,8,Team Chat Platforms,team-chat-platforms,3,Team Chat,Threaded Discussions,team-chat-threaded-discussions
Software & SaaS,software-saas,5,Communication & Collaboration Software,communication-collaboration-software,8,Team Chat Platforms,team-chat-platforms,4,Team Chat,Group Messaging,team-chat-group-messaging
Software & SaaS,software-saas,5,Communication & Collaboration Software,communication-collaboration-software,8,Team Chat Platforms,team-chat-platforms,5,Team Chat,Direct Messaging,team-chat-direct-messaging
Software & SaaS,software-saas,5,Communication & Collaboration Software,communication-collaboration-software,8,Team Chat Platforms,team-chat-platforms,6,Team Chat,Huddles & Audio Chat,team-chat-huddles-audio-chat
Software & SaaS,software-saas,5,Communication & Collaboration Software,communication-collaboration-software,8,Team Chat Platforms,team-chat-platforms,7,Team Chat,AI-Powered Chat,team-chat-ai-powered-chat
Software & SaaS,software-saas,5,Communication & Collaboration Software,communication-collaboration-software,8,Team Chat Platforms,team-chat-platforms,8,Team Chat,Encrypted Messaging,team-chat-encrypted-messaging
Software & SaaS,software-saas,5,Communication & Collaboration Software,communication-collaboration-software,8,Team Chat Platforms,team-chat-platforms,9,Team Chat,Cross-Org Chat,team-chat-cross-org-chat
Software & SaaS,software-saas,5,Communication & Collaboration Software,communication-collaboration-software,8,Team Chat Platforms,team-chat-platforms,10,Forum & Discussion,Q&A Platform,forum-discussion-q-a-platform
Software & SaaS,software-saas,5,Communication & Collaboration Software,communication-collaboration-software,8,Team Chat Platforms,team-chat-platforms,11,Workspaces,Team Wiki,workspaces-team-wiki
Software & SaaS,software-saas,5,Communication & Collaboration Software,communication-collaboration-software,8,Team Chat Platforms,team-chat-platforms,12,Workspaces,Team Hub,workspaces-team-hub
Software & SaaS,software-saas,5,Communication & Collaboration Software,communication-collaboration-software,9,Group Video Calling Software,group-video-calling-software,1,Video Conferencing,Team Video Calls,video-conferencing-team-video-calls
Software & SaaS,software-saas,5,Communication & Collaboration Software,communication-collaboration-software,9,Group Video Calling Software,group-video-calling-software,2,Video Conferencing,Virtual Events,video-conferencing-virtual-events
Software & SaaS,software-saas,5,Communication & Collaboration Software,communication-collaboration-software,9,Group Video Calling Software,group-video-calling-software,3,Video Conferencing,Room Systems,video-conferencing-room-systems
Software & SaaS,software-saas,5,Communication & Collaboration Software,communication-collaboration-software,9,Group Video Calling Software,group-video-calling-software,4,Video Conferencing,Screen Sharing,video-conferencing-screen-sharing
Software & SaaS,software-saas,5,Communication & Collaboration Software,communication-collaboration-software,9,Group Video Calling Software,group-video-calling-software,5,Video Conferencing,Virtual Backgrounds,video-conferencing-virtual-backgrounds
Software & SaaS,software-saas,5,Communication & Collaboration Software,communication-collaboration-software,9,Group Video Calling Software,group-video-calling-software,6,Video Conferencing,Meeting Recording,video-conferencing-meeting-recording
Software & SaaS,software-saas,5,Communication & Collaboration Software,communication-collaboration-software,9,Group Video Calling Software,group-video-calling-software,7,Video Conferencing,AI Meeting Notes,video-conferencing-ai-meeting-notes
Software & SaaS,software-saas,5,Communication & Collaboration Software,communication-collaboration-software,9,Group Video Calling Software,group-video-calling-software,8,Meeting Productivity,Loom-Style Video,meeting-productivity-loom-style-video
Software & SaaS,software-saas,5,Communication & Collaboration Software,communication-collaboration-software,10,Web Conferencing Platforms,web-conferencing-platforms,1,Video Conferencing,Large Meeting Platforms,video-conferencing-large-meeting-platforms
Software & SaaS,software-saas,5,Communication & Collaboration Software,communication-collaboration-software,10,Web Conferencing Platforms,web-conferencing-platforms,2,Video Conferencing,Webinar Platforms,video-conferencing-webinar-platforms
Software & SaaS,software-saas,5,Communication & Collaboration Software,communication-collaboration-software,11,Online Meeting Software,online-meeting-software,1,Meeting Productivity,Meeting Schedulers,meeting-productivity-meeting-schedulers
Software & SaaS,software-saas,5,Communication & Collaboration Software,communication-collaboration-software,11,Online Meeting Software,online-meeting-software,2,Meeting Productivity,Agenda Builders,meeting-productivity-agenda-builders
Software & SaaS,software-saas,5,Communication & Collaboration Software,communication-collaboration-software,11,Online Meeting Software,online-meeting-software,3,Meeting Productivity,Meeting Transcription,meeting-productivity-meeting-transcription
Software & SaaS,software-saas,5,Communication & Collaboration Software,communication-collaboration-software,11,Online Meeting Software,online-meeting-software,4,Meeting Productivity,Action Item Trackers,meeting-productivity-action-item-trackers
Software & SaaS,software-saas,5,Communication & Collaboration Software,communication-collaboration-software,11,Online Meeting Software,online-meeting-software,5,Meeting Productivity,Meeting Analytics,meeting-productivity-meeting-analytics
Software & SaaS,software-saas,5,Communication & Collaboration Software,communication-collaboration-software,12,Virtual Town Hall Software,virtual-town-hall-software,,,,
Software & SaaS,software-saas,5,Communication & Collaboration Software,communication-collaboration-software,13,All-Hands Meeting Software,all-hands-meeting-software,,,,
Software & SaaS,software-saas,5,Communication & Collaboration Software,communication-collaboration-software,14,Boardroom Meeting Software,boardroom-meeting-software,,,,
Software & SaaS,software-saas,5,Communication & Collaboration Software,communication-collaboration-software,15,Audio Conferencing Software,audio-conferencing-software,,,,
Software & SaaS,software-saas,5,Communication & Collaboration Software,communication-collaboration-software,16,Screen Recording for Async Updates,screen-recording-for-async-updates,1,Meeting Productivity,Screen Recording,meeting-productivity-screen-recording
Software & SaaS,software-saas,5,Communication & Collaboration Software,communication-collaboration-software,17,Async Video Messaging Software,async-video-messaging-software,1,Team Chat,Async Messaging,team-chat-async-messaging
Software & SaaS,software-saas,5,Communication & Collaboration Software,communication-collaboration-software,17,Async Video Messaging Software,async-video-messaging-software,2,Meeting Productivity,Async Video Messaging,meeting-productivity-async-video-messaging
Software & SaaS,software-saas,5,Communication & Collaboration Software,communication-collaboration-software,18,Team Q&A Software,team-qa-software,,,,
Software & SaaS,software-saas,5,Communication & Collaboration Software,communication-collaboration-software,19,Polling & Voting Apps for Teams,polling-voting-apps-for-teams,,,,
Software & SaaS,software-saas,5,Communication & Collaboration Software,communication-collaboration-software,20,Internal Wiki Software,internal-wiki-software,,,,
Software & SaaS,software-saas,5,Communication & Collaboration Software,communication-collaboration-software,21,Internal Newsletter Software,internal-newsletter-software,,,,
Software & SaaS,software-saas,5,Communication & Collaboration Software,communication-collaboration-software,22,Employee Communication Platforms,employee-communication-platforms,1,Unified Communications,UCaaS Platforms,unified-communications-ucaas-platforms
Software & SaaS,software-saas,5,Communication & Collaboration Software,communication-collaboration-software,22,Employee Communication Platforms,employee-communication-platforms,2,Community Platforms,Employee Community,community-platforms-employee-community
Software & SaaS,software-saas,5,Communication & Collaboration Software,communication-collaboration-software,23,Frontline Worker Apps,frontline-worker-apps,,,,
Software & SaaS,software-saas,5,Communication & Collaboration Software,communication-collaboration-software,24,Shift Worker Communication Apps,shift-worker-communication-apps,,,,
Software & SaaS,software-saas,5,Communication & Collaboration Software,communication-collaboration-software,25,Translation & Interpretation Software,translation-interpretation-software,1,Business Translation,Document Translation SaaS,business-translation-document-translation-saas
Software & SaaS,software-saas,5,Communication & Collaboration Software,communication-collaboration-software,25,Translation & Interpretation Software,translation-interpretation-software,2,Business Translation,Website Translation SaaS,business-translation-website-translation-saas
Software & SaaS,software-saas,5,Communication & Collaboration Software,communication-collaboration-software,25,Translation & Interpretation Software,translation-interpretation-software,3,Business Translation,Chat Translation,business-translation-chat-translation
Software & SaaS,software-saas,5,Communication & Collaboration Software,communication-collaboration-software,25,Translation & Interpretation Software,translation-interpretation-software,4,Business Translation,Email Translation,business-translation-email-translation
Software & SaaS,software-saas,5,Communication & Collaboration Software,communication-collaboration-software,25,Translation & Interpretation Software,translation-interpretation-software,5,Business Translation,Help Center Translation,business-translation-help-center-translation
Software & SaaS,software-saas,5,Communication & Collaboration Software,communication-collaboration-software,25,Translation & Interpretation Software,translation-interpretation-software,6,Business Translation,Marketing Translation SaaS,business-translation-marketing-translation-saas
Software & SaaS,software-saas,5,Communication & Collaboration Software,communication-collaboration-software,25,Translation & Interpretation Software,translation-interpretation-software,7,Business Translation,Legal Translation SaaS,business-translation-legal-translation-saas
Software & SaaS,software-saas,5,Communication & Collaboration Software,communication-collaboration-software,25,Translation & Interpretation Software,translation-interpretation-software,8,Business Translation,Technical Translation SaaS,business-translation-technical-translation-saas
Software & SaaS,software-saas,5,Communication & Collaboration Software,communication-collaboration-software,25,Translation & Interpretation Software,translation-interpretation-software,9,Business Translation,App Translation,business-translation-app-translation
Software & SaaS,software-saas,5,Communication & Collaboration Software,communication-collaboration-software,25,Translation & Interpretation Software,translation-interpretation-software,10,Business Translation,Content Translation,business-translation-content-translation
Software & SaaS,software-saas,5,Communication & Collaboration Software,communication-collaboration-software,26,Multilingual Meeting Tools,multilingual-meeting-tools,1,Email Management,Unsubscribe Tools,email-management-unsubscribe-tools
Software & SaaS,software-saas,5,Communication & Collaboration Software,communication-collaboration-software,26,Multilingual Meeting Tools,multilingual-meeting-tools,2,Email Management,Inbox Zero Tools,email-management-inbox-zero-tools
Software & SaaS,software-saas,5,Communication & Collaboration Software,communication-collaboration-software,26,Multilingual Meeting Tools,multilingual-meeting-tools,3,KM Tools,Lessons Learned,km-tools-lessons-learned
Software & SaaS,software-saas,5,Communication & Collaboration Software,communication-collaboration-software,26,Multilingual Meeting Tools,multilingual-meeting-tools,4,KM Tools,Best Practice Library,km-tools-best-practice-library
Software & SaaS,software-saas,5,Communication & Collaboration Software,communication-collaboration-software,26,Multilingual Meeting Tools,multilingual-meeting-tools,5,KM Tools,FAQ Management,km-tools-faq-management
Software & SaaS,software-saas,5,Communication & Collaboration Software,communication-collaboration-software,26,Multilingual Meeting Tools,multilingual-meeting-tools,6,KM Tools,Knowledge Graph,km-tools-knowledge-graph
Software & SaaS,software-saas,5,Communication & Collaboration Software,communication-collaboration-software,26,Multilingual Meeting Tools,multilingual-meeting-tools,7,KM Tools,Content Curation,km-tools-content-curation
Software & SaaS,software-saas,5,Communication & Collaboration Software,communication-collaboration-software,26,Multilingual Meeting Tools,multilingual-meeting-tools,8,KM Tools,Knowledge Sharing,km-tools-knowledge-sharing
Software & SaaS,software-saas,5,Communication & Collaboration Software,communication-collaboration-software,26,Multilingual Meeting Tools,multilingual-meeting-tools,9,KM Tools,Expertise Location,km-tools-expertise-location
Software & SaaS,software-saas,5,Communication & Collaboration Software,communication-collaboration-software,26,Multilingual Meeting Tools,multilingual-meeting-tools,10,Video Conferencing,Hybrid Meeting Tools,video-conferencing-hybrid-meeting-tools
Software & SaaS,software-saas,5,Communication & Collaboration Software,communication-collaboration-software,26,Multilingual Meeting Tools,multilingual-meeting-tools,11,Meeting Productivity,Standup Meeting Tools,meeting-productivity-standup-meeting-tools
Software & SaaS,software-saas,5,Communication & Collaboration Software,communication-collaboration-software,26,Multilingual Meeting Tools,multilingual-meeting-tools,12,Meeting Productivity,One-on-One Meeting Tools,meeting-productivity-one-on-one-meeting-tools
Software & SaaS,software-saas,6,"Project, Task & Work Management Software",project-task-work-management-software,1,Project Management Software,project-management-software,1,Kanban Boards,Client Project Boards,kanban-boards-client-project-boards
Software & SaaS,software-saas,6,"Project, Task & Work Management Software",project-task-work-management-software,1,Project Management Software,project-management-software,2,Gantt & Timeline,Project Timeline Tools,gantt-timeline-project-timeline-tools
Software & SaaS,software-saas,6,"Project, Task & Work Management Software",project-task-work-management-software,1,Project Management Software,project-management-software,3,Workspaces,All-in-One Workspace,workspaces-all-in-one-workspace
Software & SaaS,software-saas,6,"Project, Task & Work Management Software",project-task-work-management-software,1,Project Management Software,project-management-software,4,Workspaces,Knowledge Management,workspaces-knowledge-management
Software & SaaS,software-saas,6,"Project, Task & Work Management Software",project-task-work-management-software,1,Project Management Software,project-management-software,5,Workspaces,Company Intranet,workspaces-company-intranet
Software & SaaS,software-saas,6,"Project, Task & Work Management Software",project-task-work-management-software,1,Project Management Software,project-management-software,6,Workspaces,Digital Headquarters,workspaces-digital-headquarters
Software & SaaS,software-saas,6,"Project, Task & Work Management Software",project-task-work-management-software,1,Project Management Software,project-management-software,7,Workspaces,Virtual Office,workspaces-virtual-office
Software & SaaS,software-saas,6,"Project, Task & Work Management Software",project-task-work-management-software,1,Project Management Software,project-management-software,8,Workspaces,Collaboration Suite,workspaces-collaboration-suite
Software & SaaS,software-saas,6,"Project, Task & Work Management Software",project-task-work-management-software,1,Project Management Software,project-management-software,9,Workspaces,Work Management Platform,workspaces-work-management-platform
Software & SaaS,software-saas,6,"Project, Task & Work Management Software",project-task-work-management-software,1,Project Management Software,project-management-software,10,Workspaces,Connected Workspace,workspaces-connected-workspace
Software & SaaS,software-saas,6,"Project, Task & Work Management Software",project-task-work-management-software,1,Project Management Software,project-management-software,11,Documentation,Wiki Software,documentation-wiki-software
Software & SaaS,software-saas,6,"Project, Task & Work Management Software",project-task-work-management-software,1,Project Management Software,project-management-software,12,Documentation,Shared Notebooks,documentation-shared-notebooks
Software & SaaS,software-saas,6,"Project, Task & Work Management Software",project-task-work-management-software,1,Project Management Software,project-management-software,13,Whiteboarding,Digital Whiteboard,whiteboarding-digital-whiteboard
Software & SaaS,software-saas,6,"Project, Task & Work Management Software",project-task-work-management-software,1,Project Management Software,project-management-software,14,Whiteboarding,Mind Mapping,whiteboarding-mind-mapping
Software & SaaS,software-saas,6,"Project, Task & Work Management Software",project-task-work-management-software,1,Project Management Software,project-management-software,15,Whiteboarding,Brainstorming Tools,whiteboarding-brainstorming-tools
Software & SaaS,software-saas,6,"Project, Task & Work Management Software",project-task-work-management-software,1,Project Management Software,project-management-software,16,Whiteboarding,Diagramming Tools,whiteboarding-diagramming-tools
Software & SaaS,software-saas,6,"Project, Task & Work Management Software",project-task-work-management-software,1,Project Management Software,project-management-software,17,Whiteboarding,Flowchart Makers,whiteboarding-flowchart-makers
Software & SaaS,software-saas,6,"Project, Task & Work Management Software",project-task-work-management-software,1,Project Management Software,project-management-software,18,Whiteboarding,Wireframing Tools,whiteboarding-wireframing-tools
Software & SaaS,software-saas,6,"Project, Task & Work Management Software",project-task-work-management-software,1,Project Management Software,project-management-software,19,Whiteboarding,Concept Mapping,whiteboarding-concept-mapping
Software & SaaS,software-saas,6,"Project, Task & Work Management Software",project-task-work-management-software,1,Project Management Software,project-management-software,20,Whiteboarding,Visual Collaboration,whiteboarding-visual-collaboration
Software & SaaS,software-saas,6,"Project, Task & Work Management Software",project-task-work-management-software,1,Project Management Software,project-management-software,21,Whiteboarding,Strategy Mapping,whiteboarding-strategy-mapping
Software & SaaS,software-saas,6,"Project, Task & Work Management Software",project-task-work-management-software,1,Project Management Software,project-management-software,22,Whiteboarding,Design Thinking Tools,whiteboarding-design-thinking-tools
Software & SaaS,software-saas,6,"Project, Task & Work Management Software",project-task-work-management-software,2,Task Management Apps,task-management-apps,1,Kanban Boards,Sprint Boards,kanban-boards-sprint-boards
Software & SaaS,software-saas,6,"Project, Task & Work Management Software",project-task-work-management-software,2,Task Management Apps,task-management-apps,2,Kanban Boards,Workflow Boards,kanban-boards-workflow-boards
Software & SaaS,software-saas,6,"Project, Task & Work Management Software",project-task-work-management-software,2,Task Management Apps,task-management-apps,3,Kanban Boards,Editorial Boards,kanban-boards-editorial-boards
Software & SaaS,software-saas,6,"Project, Task & Work Management Software",project-task-work-management-software,2,Task Management Apps,task-management-apps,4,Kanban Boards,Bug Tracking Boards,kanban-boards-bug-tracking-boards
Software & SaaS,software-saas,6,"Project, Task & Work Management Software",project-task-work-management-software,2,Task Management Apps,task-management-apps,5,Kanban Boards,Feature Request Boards,kanban-boards-feature-request-boards
Software & SaaS,software-saas,6,"Project, Task & Work Management Software",project-task-work-management-software,2,Task Management Apps,task-management-apps,6,To-Do & Checklists,Team Task Lists,to-do-checklists-team-task-lists
Software & SaaS,software-saas,6,"Project, Task & Work Management Software",project-task-work-management-software,2,Task Management Apps,task-management-apps,7,To-Do & Checklists,Recurring Task Managers,to-do-checklists-recurring-task-managers
Software & SaaS,software-saas,6,"Project, Task & Work Management Software",project-task-work-management-software,2,Task Management Apps,task-management-apps,8,To-Do & Checklists,Habit Trackers,to-do-checklists-habit-trackers
Software & SaaS,software-saas,6,"Project, Task & Work Management Software",project-task-work-management-software,2,Task Management Apps,task-management-apps,9,To-Do & Checklists,Daily Planners,to-do-checklists-daily-planners
Software & SaaS,software-saas,6,"Project, Task & Work Management Software",project-task-work-management-software,2,Task Management Apps,task-management-apps,10,To-Do & Checklists,Weekly Review Tools,to-do-checklists-weekly-review-tools
Software & SaaS,software-saas,6,"Project, Task & Work Management Software",project-task-work-management-software,2,Task Management Apps,task-management-apps,11,To-Do & Checklists,GTD Apps,to-do-checklists-gtd-apps
Software & SaaS,software-saas,6,"Project, Task & Work Management Software",project-task-work-management-software,2,Task Management Apps,task-management-apps,12,To-Do & Checklists,Priority Matrix Tools,to-do-checklists-priority-matrix-tools
Software & SaaS,software-saas,6,"Project, Task & Work Management Software",project-task-work-management-software,2,Task Management Apps,task-management-apps,13,To-Do & Checklists,Goal Tracking Apps,to-do-checklists-goal-tracking-apps
Software & SaaS,software-saas,6,"Project, Task & Work Management Software",project-task-work-management-software,2,Task Management Apps,task-management-apps,14,Gantt & Timeline,Milestone Trackers,gantt-timeline-milestone-trackers
Software & SaaS,software-saas,6,"Project, Task & Work Management Software",project-task-work-management-software,2,Task Management Apps,task-management-apps,15,Gantt & Timeline,Dependency Mapping,gantt-timeline-dependency-mapping
Software & SaaS,software-saas,6,"Project, Task & Work Management Software",project-task-work-management-software,2,Task Management Apps,task-management-apps,16,Gantt & Timeline,Critical Path Analysis,gantt-timeline-critical-path-analysis
Software & SaaS,software-saas,6,"Project, Task & Work Management Software",project-task-work-management-software,2,Task Management Apps,task-management-apps,17,Gantt & Timeline,Marketing Calendars,gantt-timeline-marketing-calendars
Software & SaaS,software-saas,6,"Project, Task & Work Management Software",project-task-work-management-software,2,Task Management Apps,task-management-apps,18,Gantt & Timeline,Event Timelines,gantt-timeline-event-timelines
Software & SaaS,software-saas,6,"Project, Task & Work Management Software",project-task-work-management-software,3,To-Do List Apps for Teams,to-do-list-apps-for-teams,1,To-Do & Checklists,Personal To-Do Apps,to-do-checklists-personal-to-do-apps
Software & SaaS,software-saas,6,"Project, Task & Work Management Software",project-task-work-management-software,4,Gantt Chart Software,gantt-chart-software,1,Gantt & Timeline,Gantt Chart Software,gantt-timeline-gantt-chart-software
Software & SaaS,software-saas,6,"Project, Task & Work Management Software",project-task-work-management-software,4,Gantt Chart Software,gantt-chart-software,2,Gantt & Timeline,Resource Gantt,gantt-timeline-resource-gantt
Software & SaaS,software-saas,6,"Project, Task & Work Management Software",project-task-work-management-software,5,Kanban Board Software,kanban-board-software,1,Kanban Boards,Visual Board Tools,kanban-boards-visual-board-tools
Software & SaaS,software-saas,6,"Project, Task & Work Management Software",project-task-work-management-software,5,Kanban Board Software,kanban-board-software,2,Kanban Boards,Team Kanban,kanban-boards-team-kanban
Software & SaaS,software-saas,6,"Project, Task & Work Management Software",project-task-work-management-software,5,Kanban Board Software,kanban-board-software,3,Kanban Boards,Personal Kanban,kanban-boards-personal-kanban
Software & SaaS,software-saas,6,"Project, Task & Work Management Software",project-task-work-management-software,5,Kanban Board Software,kanban-board-software,4,Kanban Boards,Portfolio Kanban,kanban-boards-portfolio-kanban
Software & SaaS,software-saas,6,"Project, Task & Work Management Software",project-task-work-management-software,6,Scrum Software,scrum-software,,,,
Software & SaaS,software-saas,6,"Project, Task & Work Management Software",project-task-work-management-software,7,Sprint Planning Software,sprint-planning-software,1,Sprint Management,Sprint Planning Tools,sprint-management-sprint-planning-tools
Software & SaaS,software-saas,6,"Project, Task & Work Management Software",project-task-work-management-software,7,Sprint Planning Software,sprint-planning-software,2,Sprint Management,Sprint Retrospective,sprint-management-sprint-retrospective
Software & SaaS,software-saas,6,"Project, Task & Work Management Software",project-task-work-management-software,7,Sprint Planning Software,sprint-planning-software,3,Sprint Management,Sprint Report Generators,sprint-management-sprint-report-generators
Software & SaaS,software-saas,6,"Project, Task & Work Management Software",project-task-work-management-software,7,Sprint Planning Software,sprint-planning-software,4,Sprint Management,Release Planning,sprint-management-release-planning
Software & SaaS,software-saas,6,"Project, Task & Work Management Software",project-task-work-management-software,8,Agile Project Management Software,agile-project-management-software,1,Sprint Management,Scrum Boards,sprint-management-scrum-boards
Software & SaaS,software-saas,6,"Project, Task & Work Management Software",project-task-work-management-software,8,Agile Project Management Software,agile-project-management-software,2,Sprint Management,Backlog Management,sprint-management-backlog-management
Software & SaaS,software-saas,6,"Project, Task & Work Management Software",project-task-work-management-software,8,Agile Project Management Software,agile-project-management-software,3,Sprint Management,Velocity Tracking,sprint-management-velocity-tracking
Software & SaaS,software-saas,6,"Project, Task & Work Management Software",project-task-work-management-software,8,Agile Project Management Software,agile-project-management-software,4,Sprint Management,Burndown Charts,sprint-management-burndown-charts
Software & SaaS,software-saas,6,"Project, Task & Work Management Software",project-task-work-management-software,8,Agile Project Management Software,agile-project-management-software,5,Sprint Management,Story Point Estimators,sprint-management-story-point-estimators
Software & SaaS,software-saas,6,"Project, Task & Work Management Software",project-task-work-management-software,8,Agile Project Management Software,agile-project-management-software,6,Sprint Management,Daily Standup Tools,sprint-management-daily-standup-tools
Software & SaaS,software-saas,6,"Project, Task & Work Management Software",project-task-work-management-software,8,Agile Project Management Software,agile-project-management-software,7,Product Management,Roadmap Tools,product-management-roadmap-tools
Software & SaaS,software-saas,6,"Project, Task & Work Management Software",project-task-work-management-software,8,Agile Project Management Software,agile-project-management-software,8,Product Management,Feature Prioritization,product-management-feature-prioritization
Software & SaaS,software-saas,6,"Project, Task & Work Management Software",project-task-work-management-software,8,Agile Project Management Software,agile-project-management-software,9,Product Management,User Story Mapping,product-management-user-story-mapping
Software & SaaS,software-saas,6,"Project, Task & Work Management Software",project-task-work-management-software,8,Agile Project Management Software,agile-project-management-software,10,Product Management,Feedback Collection,product-management-feedback-collection
Software & SaaS,software-saas,6,"Project, Task & Work Management Software",project-task-work-management-software,8,Agile Project Management Software,agile-project-management-software,11,Product Management,Product Analytics,product-management-product-analytics
Software & SaaS,software-saas,6,"Project, Task & Work Management Software",project-task-work-management-software,8,Agile Project Management Software,agile-project-management-software,12,Product Management,Feature Flag Management,product-management-feature-flag-management
Software & SaaS,software-saas,6,"Project, Task & Work Management Software",project-task-work-management-software,8,Agile Project Management Software,agile-project-management-software,13,Product Management,Beta Testing Platforms,product-management-beta-testing-platforms
Software & SaaS,software-saas,6,"Project, Task & Work Management Software",project-task-work-management-software,8,Agile Project Management Software,agile-project-management-software,14,Product Management,Product-Led Growth Tools,product-management-product-led-growth-tools
Software & SaaS,software-saas,6,"Project, Task & Work Management Software",project-task-work-management-software,8,Agile Project Management Software,agile-project-management-software,15,Product Management,Onboarding Flow Builders,product-management-onboarding-flow-builders
Software & SaaS,software-saas,6,"Project, Task & Work Management Software",project-task-work-management-software,8,Agile Project Management Software,agile-project-management-software,16,Product Management,Usage Analytics,product-management-usage-analytics
Software & SaaS,software-saas,6,"Project, Task & Work Management Software",project-task-work-management-software,8,Agile Project Management Software,agile-project-management-software,17,DevOps Project Management,Issue Trackers,devops-project-management-issue-trackers
Software & SaaS,software-saas,6,"Project, Task & Work Management Software",project-task-work-management-software,8,Agile Project Management Software,agile-project-management-software,18,DevOps Project Management,Bug Trackers,devops-project-management-bug-trackers
Software & SaaS,software-saas,6,"Project, Task & Work Management Software",project-task-work-management-software,8,Agile Project Management Software,agile-project-management-software,19,DevOps Project Management,Incident Management,devops-project-management-incident-management
Software & SaaS,software-saas,6,"Project, Task & Work Management Software",project-task-work-management-software,8,Agile Project Management Software,agile-project-management-software,20,DevOps Project Management,Change Management,devops-project-management-change-management
Software & SaaS,software-saas,6,"Project, Task & Work Management Software",project-task-work-management-software,8,Agile Project Management Software,agile-project-management-software,21,DevOps Project Management,Release Management,devops-project-management-release-management
Software & SaaS,software-saas,6,"Project, Task & Work Management Software",project-task-work-management-software,8,Agile Project Management Software,agile-project-management-software,22,DevOps Project Management,Configuration Management,devops-project-management-configuration-management
Software & SaaS,software-saas,6,"Project, Task & Work Management Software",project-task-work-management-software,8,Agile Project Management Software,agile-project-management-software,23,DevOps Project Management,Service Desk,devops-project-management-service-desk
Software & SaaS,software-saas,6,"Project, Task & Work Management Software",project-task-work-management-software,8,Agile Project Management Software,agile-project-management-software,24,DevOps Project Management,IT Project Management,devops-project-management-it-project-management
Software & SaaS,software-saas,6,"Project, Task & Work Management Software",project-task-work-management-software,8,Agile Project Management Software,agile-project-management-software,25,DevOps Project Management,Infrastructure Tracking,devops-project-management-infrastructure-tracking
Software & SaaS,software-saas,6,"Project, Task & Work Management Software",project-task-work-management-software,8,Agile Project Management Software,agile-project-management-software,26,DevOps Project Management,Deployment Tracking,devops-project-management-deployment-tracking
Software & SaaS,software-saas,6,"Project, Task & Work Management Software",project-task-work-management-software,9,Waterfall Project Management Software,waterfall-project-management-software,,,,
Software & SaaS,software-saas,6,"Project, Task & Work Management Software",project-task-work-management-software,10,Hybrid Project Management Software,hybrid-project-management-software,,,,
Software & SaaS,software-saas,6,"Project, Task & Work Management Software",project-task-work-management-software,11,Portfolio Project Management Software,portfolio-project-management-software,1,PMO Tools,PMO Dashboard,pmo-tools-pmo-dashboard
Software & SaaS,software-saas,6,"Project, Task & Work Management Software",project-task-work-management-software,11,Portfolio Project Management Software,portfolio-project-management-software,2,PMO Tools,Resource Pool,pmo-tools-resource-pool
Software & SaaS,software-saas,6,"Project, Task & Work Management Software",project-task-work-management-software,11,Portfolio Project Management Software,portfolio-project-management-software,3,PMO Tools,Governance Framework,pmo-tools-governance-framework
Software & SaaS,software-saas,6,"Project, Task & Work Management Software",project-task-work-management-software,11,Portfolio Project Management Software,portfolio-project-management-software,4,PMO Tools,Template Library,pmo-tools-template-library
Software & SaaS,software-saas,6,"Project, Task & Work Management Software",project-task-work-management-software,11,Portfolio Project Management Software,portfolio-project-management-software,5,PMO Tools,Methodology Management,pmo-tools-methodology-management
Software & SaaS,software-saas,6,"Project, Task & Work Management Software",project-task-work-management-software,11,Portfolio Project Management Software,portfolio-project-management-software,6,PMO Tools,Maturity Assessment,pmo-tools-maturity-assessment
Software & SaaS,software-saas,6,"Project, Task & Work Management Software",project-task-work-management-software,11,Portfolio Project Management Software,portfolio-project-management-software,7,PMO Tools,Lessons Learned,pmo-tools-lessons-learned
Software & SaaS,software-saas,6,"Project, Task & Work Management Software",project-task-work-management-software,11,Portfolio Project Management Software,portfolio-project-management-software,8,PMO Tools,Best Practices,pmo-tools-best-practices
Software & SaaS,software-saas,6,"Project, Task & Work Management Software",project-task-work-management-software,11,Portfolio Project Management Software,portfolio-project-management-software,9,PMO Tools,Benchmarking,pmo-tools-benchmarking
Software & SaaS,software-saas,6,"Project, Task & Work Management Software",project-task-work-management-software,11,Portfolio Project Management Software,portfolio-project-management-software,10,PMO Tools,Compliance Tracking,pmo-tools-compliance-tracking
Software & SaaS,software-saas,6,"Project, Task & Work Management Software",project-task-work-management-software,11,Portfolio Project Management Software,portfolio-project-management-software,11,Gantt & Timeline,Portfolio Timelines,gantt-timeline-portfolio-timelines
Software & SaaS,software-saas,6,"Project, Task & Work Management Software",project-task-work-management-software,12,Strategic Portfolio Management Software,strategic-portfolio-management-software,1,Strategic Planning,Portfolio Dashboard,strategic-planning-portfolio-dashboard
Software & SaaS,software-saas,6,"Project, Task & Work Management Software",project-task-work-management-software,12,Strategic Portfolio Management Software,strategic-portfolio-management-software,2,Strategic Planning,Program Management,strategic-planning-program-management
Software & SaaS,software-saas,6,"Project, Task & Work Management Software",project-task-work-management-software,12,Strategic Portfolio Management Software,strategic-portfolio-management-software,3,Strategic Planning,Initiative Tracking,strategic-planning-initiative-tracking
Software & SaaS,software-saas,6,"Project, Task & Work Management Software",project-task-work-management-software,12,Strategic Portfolio Management Software,strategic-portfolio-management-software,4,Strategic Planning,Benefits Realization,strategic-planning-benefits-realization
Software & SaaS,software-saas,6,"Project, Task & Work Management Software",project-task-work-management-software,12,Strategic Portfolio Management Software,strategic-portfolio-management-software,5,Strategic Planning,Strategic Alignment,strategic-planning-strategic-alignment
Software & SaaS,software-saas,6,"Project, Task & Work Management Software",project-task-work-management-software,12,Strategic Portfolio Management Software,strategic-portfolio-management-software,6,Strategic Planning,Investment Analysis,strategic-planning-investment-analysis
Software & SaaS,software-saas,6,"Project, Task & Work Management Software",project-task-work-management-software,12,Strategic Portfolio Management Software,strategic-portfolio-management-software,7,Strategic Planning,Dependency Mapping,strategic-planning-dependency-mapping
Software & SaaS,software-saas,6,"Project, Task & Work Management Software",project-task-work-management-software,12,Strategic Portfolio Management Software,strategic-portfolio-management-software,8,Strategic Planning,Risk Register,strategic-planning-risk-register
Software & SaaS,software-saas,6,"Project, Task & Work Management Software",project-task-work-management-software,12,Strategic Portfolio Management Software,strategic-portfolio-management-software,9,Strategic Planning,Change Request,strategic-planning-change-request
Software & SaaS,software-saas,6,"Project, Task & Work Management Software",project-task-work-management-software,12,Strategic Portfolio Management Software,strategic-portfolio-management-software,10,Strategic Planning,Status Reporting,strategic-planning-status-reporting
Software & SaaS,software-saas,6,"Project, Task & Work Management Software",project-task-work-management-software,13,Resource Planning Software,resource-planning-software,1,Resource Management,Resource Planning,resource-management-resource-planning
Software & SaaS,software-saas,6,"Project, Task & Work Management Software",project-task-work-management-software,13,Resource Planning Software,resource-planning-software,2,Resource Management,Capacity Planning,resource-management-capacity-planning
Software & SaaS,software-saas,6,"Project, Task & Work Management Software",project-task-work-management-software,13,Resource Planning Software,resource-planning-software,3,Resource Management,Team Scheduling,resource-management-team-scheduling
Software & SaaS,software-saas,6,"Project, Task & Work Management Software",project-task-work-management-software,13,Resource Planning Software,resource-planning-software,4,Resource Management,Skills Management,resource-management-skills-management
Software & SaaS,software-saas,6,"Project, Task & Work Management Software",project-task-work-management-software,13,Resource Planning Software,resource-planning-software,5,Resource Management,Contractor Management,resource-management-contractor-management
Software & SaaS,software-saas,6,"Project, Task & Work Management Software",project-task-work-management-software,13,Resource Planning Software,resource-planning-software,6,Resource Management,Bench Management,resource-management-bench-management
Software & SaaS,software-saas,6,"Project, Task & Work Management Software",project-task-work-management-software,13,Resource Planning Software,resource-planning-software,7,Resource Management,Scenario Planning,resource-management-scenario-planning
Software & SaaS,software-saas,6,"Project, Task & Work Management Software",project-task-work-management-software,13,Resource Planning Software,resource-planning-software,8,Attendance & Leave,Leave Management,attendance-leave-leave-management
Software & SaaS,software-saas,6,"Project, Task & Work Management Software",project-task-work-management-software,13,Resource Planning Software,resource-planning-software,9,Attendance & Leave,Shift Scheduling,attendance-leave-shift-scheduling
Software & SaaS,software-saas,6,"Project, Task & Work Management Software",project-task-work-management-software,13,Resource Planning Software,resource-planning-software,10,Attendance & Leave,Absence Management,attendance-leave-absence-management
Software & SaaS,software-saas,6,"Project, Task & Work Management Software",project-task-work-management-software,13,Resource Planning Software,resource-planning-software,11,Attendance & Leave,Geofenced Attendance,attendance-leave-geofenced-attendance
Software & SaaS,software-saas,6,"Project, Task & Work Management Software",project-task-work-management-software,13,Resource Planning Software,resource-planning-software,12,Attendance & Leave,Biometric Attendance,attendance-leave-biometric-attendance
Software & SaaS,software-saas,6,"Project, Task & Work Management Software",project-task-work-management-software,13,Resource Planning Software,resource-planning-software,13,Attendance & Leave,Overtime Management,attendance-leave-overtime-management
Software & SaaS,software-saas,6,"Project, Task & Work Management Software",project-task-work-management-software,14,Capacity Planning Software,capacity-planning-software,,,,
Software & SaaS,software-saas,6,"Project, Task & Work Management Software",project-task-work-management-software,15,Time-Off Planning Software,time-off-planning-software,1,To-Do & Checklists,Time-Blocked Planners,to-do-checklists-time-blocked-planners
Software & SaaS,software-saas,6,"Project, Task & Work Management Software",project-task-work-management-software,16,Workload Management Software,workload-management-software,1,Resource Management,Workload Management,resource-management-workload-management
Software & SaaS,software-saas,6,"Project, Task & Work Management Software",project-task-work-management-software,17,Time Tracking Software,time-tracking-software,1,Time Tracking,Employee Time Tracking,time-tracking-employee-time-tracking
Software & SaaS,software-saas,6,"Project, Task & Work Management Software",project-task-work-management-software,17,Time Tracking Software,time-tracking-software,2,Time Tracking,Freelancer Time Tracking,time-tracking-freelancer-time-tracking
Software & SaaS,software-saas,6,"Project, Task & Work Management Software",project-task-work-management-software,17,Time Tracking Software,time-tracking-software,3,Time Tracking,Project Time Tracking,time-tracking-project-time-tracking
Software & SaaS,software-saas,6,"Project, Task & Work Management Software",project-task-work-management-software,17,Time Tracking Software,time-tracking-software,4,Time Tracking,Automatic Time Tracking,time-tracking-automatic-time-tracking
Software & SaaS,software-saas,6,"Project, Task & Work Management Software",project-task-work-management-software,17,Time Tracking Software,time-tracking-software,5,Time Tracking,Pomodoro Timer Apps,time-tracking-pomodoro-timer-apps
Software & SaaS,software-saas,6,"Project, Task & Work Management Software",project-task-work-management-software,17,Time Tracking Software,time-tracking-software,6,Time Tracking,Timesheet Software,time-tracking-timesheet-software
Software & SaaS,software-saas,6,"Project, Task & Work Management Software",project-task-work-management-software,17,Time Tracking Software,time-tracking-software,7,Time Tracking,Time Audit Tools,time-tracking-time-audit-tools
Software & SaaS,software-saas,6,"Project, Task & Work Management Software",project-task-work-management-software,17,Time Tracking Software,time-tracking-software,8,Time Tracking,Productivity Analytics,time-tracking-productivity-analytics
Software & SaaS,software-saas,6,"Project, Task & Work Management Software",project-task-work-management-software,17,Time Tracking Software,time-tracking-software,9,Time Tracking,Screen Time Tracking,time-tracking-screen-time-tracking
Software & SaaS,software-saas,6,"Project, Task & Work Management Software",project-task-work-management-software,17,Time Tracking Software,time-tracking-software,10,Resource Management,Utilization Tracking,resource-management-utilization-tracking
Software & SaaS,software-saas,6,"Project, Task & Work Management Software",project-task-work-management-software,17,Time Tracking Software,time-tracking-software,11,Resource Management,Cost Tracking,resource-management-cost-tracking
Software & SaaS,software-saas,6,"Project, Task & Work Management Software",project-task-work-management-software,17,Time Tracking Software,time-tracking-software,12,Attendance & Leave,Attendance Tracking,attendance-leave-attendance-tracking
Software & SaaS,software-saas,6,"Project, Task & Work Management Software",project-task-work-management-software,17,Time Tracking Software,time-tracking-software,13,Attendance & Leave,PTO Tracking,attendance-leave-pto-tracking
Software & SaaS,software-saas,6,"Project, Task & Work Management Software",project-task-work-management-software,17,Time Tracking Software,time-tracking-software,14,Attendance & Leave,Remote Work Tracking,attendance-leave-remote-work-tracking
Software & SaaS,software-saas,6,"Project, Task & Work Management Software",project-task-work-management-software,18,Timesheet Software,timesheet-software,,,,
Software & SaaS,software-saas,6,"Project, Task & Work Management Software",project-task-work-management-software,19,Billable Hours Tracking Software,billable-hours-tracking-software,1,Time Tracking,Billable Hours Tracker,time-tracking-billable-hours-tracker
Software & SaaS,software-saas,6,"Project, Task & Work Management Software",project-task-work-management-software,20,Employee Time Clock Software,employee-time-clock-software,1,Attendance & Leave,Clock-In / Clock-Out,attendance-leave-clock-in-clock-out
Software & SaaS,software-saas,6,"Project, Task & Work Management Software",project-task-work-management-software,21,Punch Clock Apps,punch-clock-apps,,,,
Software & SaaS,software-saas,6,"Project, Task & Work Management Software",project-task-work-management-software,22,Project Accounting Software,project-accounting-software,,,,
Software & SaaS,software-saas,6,"Project, Task & Work Management Software",project-task-work-management-software,23,Project Budgeting Software,project-budgeting-software,,,,
Software & SaaS,software-saas,6,"Project, Task & Work Management Software",project-task-work-management-software,24,Project Costing Software,project-costing-software,,,,
Software & SaaS,software-saas,6,"Project, Task & Work Management Software",project-task-work-management-software,25,Construction Project Management Software,construction-project-management-software,1,Construction Tools,Submittal Management,construction-tools-submittal-management
Software & SaaS,software-saas,6,"Project, Task & Work Management Software",project-task-work-management-software,25,Construction Project Management Software,construction-project-management-software,2,Construction Tools,RFI Management,construction-tools-rfi-management
Software & SaaS,software-saas,6,"Project, Task & Work Management Software",project-task-work-management-software,25,Construction Project Management Software,construction-project-management-software,3,Construction Tools,Safety Management,construction-tools-safety-management
Software & SaaS,software-saas,6,"Project, Task & Work Management Software",project-task-work-management-software,25,Construction Project Management Software,construction-project-management-software,4,Construction Tools,Drawing Management,construction-tools-drawing-management
Software & SaaS,software-saas,6,"Project, Task & Work Management Software",project-task-work-management-software,25,Construction Project Management Software,construction-project-management-software,5,Construction Tools,Bid Leveling,construction-tools-bid-leveling
Software & SaaS,software-saas,6,"Project, Task & Work Management Software",project-task-work-management-software,25,Construction Project Management Software,construction-project-management-software,6,Construction Tools,Closeout Management,construction-tools-closeout-management
Software & SaaS,software-saas,6,"Project, Task & Work Management Software",project-task-work-management-software,25,Construction Project Management Software,construction-project-management-software,7,Construction Tools,Warranty Tracking,construction-tools-warranty-tracking
Software & SaaS,software-saas,6,"Project, Task & Work Management Software",project-task-work-management-software,25,Construction Project Management Software,construction-project-management-software,8,Construction Tools,Lien Waiver,construction-tools-lien-waiver
Software & SaaS,software-saas,6,"Project, Task & Work Management Software",project-task-work-management-software,25,Construction Project Management Software,construction-project-management-software,9,Construction Tools,Change Order,construction-tools-change-order
Software & SaaS,software-saas,6,"Project, Task & Work Management Software",project-task-work-management-software,25,Construction Project Management Software,construction-project-management-software,10,Gantt & Timeline,Construction Scheduling,gantt-timeline-construction-scheduling
Software & SaaS,software-saas,6,"Project, Task & Work Management Software",project-task-work-management-software,26,Engineering Project Management Software,engineering-project-management-software,,,,
Software & SaaS,software-saas,6,"Project, Task & Work Management Software",project-task-work-management-software,27,Creative Project Management Software,creative-project-management-software,,,,
Software & SaaS,software-saas,6,"Project, Task & Work Management Software",project-task-work-management-software,28,IT Project Management Software,it-project-management-software,,,,
Software & SaaS,software-saas,6,"Project, Task & Work Management Software",project-task-work-management-software,29,Manufacturing Project Management Software,manufacturing-project-management-software,,,,
Software & SaaS,software-saas,6,"Project, Task & Work Management Software",project-task-work-management-software,30,Professional Services Automation Software,professional-services-automation-software,,,,
Software & SaaS,software-saas,6,"Project, Task & Work Management Software",project-task-work-management-software,31,Client Portal Software,client-portal-software,,,,
Software & SaaS,software-saas,6,"Project, Task & Work Management Software",project-task-work-management-software,32,Workflow Automation Software,workflow-automation-software,,,,
Software & SaaS,software-saas,6,"Project, Task & Work Management Software",project-task-work-management-software,33,No-Code Workflow Builders,no-code-workflow-builders,1,Website Builders,No-Code Builders,website-builders-no-code-builders
Software & SaaS,software-saas,6,"Project, Task & Work Management Software",project-task-work-management-software,33,No-Code Workflow Builders,no-code-workflow-builders,2,Documentation,Knowledge Base Builders,documentation-knowledge-base-builders
Software & SaaS,software-saas,6,"Project, Task & Work Management Software",project-task-work-management-software,33,No-Code Workflow Builders,no-code-workflow-builders,3,Documentation,Runbook Builders,documentation-runbook-builders
Software & SaaS,software-saas,6,"Project, Task & Work Management Software",project-task-work-management-software,34,Business Process Automation Software,business-process-automation-software,,,,
Software & SaaS,software-saas,6,"Project, Task & Work Management Software",project-task-work-management-software,35,Approval Workflow Software,approval-workflow-software,,,,
Software & SaaS,software-saas,6,"Project, Task & Work Management Software",project-task-work-management-software,36,Decision Management Software,decision-management-software,1,Documentation,Decision Logs,documentation-decision-logs
Software & SaaS,software-saas,6,"Project, Task & Work Management Software",project-task-work-management-software,37,Workflow Orchestration Software,workflow-orchestration-software,,,,
Software & SaaS,software-saas,6,"Project, Task & Work Management Software",project-task-work-management-software,38,Cross-App Automation Software,cross-app-automation-software,,,,
Software & SaaS,software-saas,7,"HR, Workforce & People Software",hr-workforce-people-software,1,Human Resources Information Systems,human-resources-information-systems,1,Immigration Management,Visa Tracking,immigration-management-visa-tracking
Software & SaaS,software-saas,7,"HR, Workforce & People Software",hr-workforce-people-software,1,Human Resources Information Systems,human-resources-information-systems,2,Immigration Management,Work Permit,immigration-management-work-permit
Software & SaaS,software-saas,7,"HR, Workforce & People Software",hr-workforce-people-software,1,Human Resources Information Systems,human-resources-information-systems,3,Immigration Management,Global Mobility,immigration-management-global-mobility
Software & SaaS,software-saas,7,"HR, Workforce & People Software",hr-workforce-people-software,1,Human Resources Information Systems,human-resources-information-systems,4,Immigration Management,Immigration Compliance,immigration-management-immigration-compliance
Software & SaaS,software-saas,7,"HR, Workforce & People Software",hr-workforce-people-software,1,Human Resources Information Systems,human-resources-information-systems,5,Immigration Management,Petition Management,immigration-management-petition-management
Software & SaaS,software-saas,7,"HR, Workforce & People Software",hr-workforce-people-software,1,Human Resources Information Systems,human-resources-information-systems,6,Immigration Management,Case Tracking Immigration,immigration-management-case-tracking-immigration
Software & SaaS,software-saas,7,"HR, Workforce & People Software",hr-workforce-people-software,1,Human Resources Information Systems,human-resources-information-systems,7,Immigration Management,Document Collection,immigration-management-document-collection
Software & SaaS,software-saas,7,"HR, Workforce & People Software",hr-workforce-people-software,1,Human Resources Information Systems,human-resources-information-systems,8,Immigration Management,Expiry Alerts,immigration-management-expiry-alerts
Software & SaaS,software-saas,7,"HR, Workforce & People Software",hr-workforce-people-software,1,Human Resources Information Systems,human-resources-information-systems,9,Immigration Management,Attorney Coordination,immigration-management-attorney-coordination
Software & SaaS,software-saas,7,"HR, Workforce & People Software",hr-workforce-people-software,1,Human Resources Information Systems,human-resources-information-systems,10,Immigration Management,Employee Self-Service Immigration,immigration-management-employee-self-service-immigration
Software & SaaS,software-saas,7,"HR, Workforce & People Software",hr-workforce-people-software,1,Human Resources Information Systems,human-resources-information-systems,11,LMS,Microlearning,lms-microlearning
Software & SaaS,software-saas,7,"HR, Workforce & People Software",hr-workforce-people-software,1,Human Resources Information Systems,human-resources-information-systems,12,LMS,Gamified Learning,lms-gamified-learning
Software & SaaS,software-saas,7,"HR, Workforce & People Software",hr-workforce-people-software,1,Human Resources Information Systems,human-resources-information-systems,13,Content Creation,Video Training,content-creation-video-training
Software & SaaS,software-saas,7,"HR, Workforce & People Software",hr-workforce-people-software,1,Human Resources Information Systems,human-resources-information-systems,14,Content Creation,Interactive Modules,content-creation-interactive-modules
Software & SaaS,software-saas,7,"HR, Workforce & People Software",hr-workforce-people-software,1,Human Resources Information Systems,human-resources-information-systems,15,Content Creation,Quiz & Assessment,content-creation-quiz-assessment
Software & SaaS,software-saas,7,"HR, Workforce & People Software",hr-workforce-people-software,1,Human Resources Information Systems,human-resources-information-systems,16,Content Creation,VR Training,content-creation-vr-training
Software & SaaS,software-saas,7,"HR, Workforce & People Software",hr-workforce-people-software,1,Human Resources Information Systems,human-resources-information-systems,17,Content Creation,Mentor Matching,content-creation-mentor-matching
Software & SaaS,software-saas,7,"HR, Workforce & People Software",hr-workforce-people-software,1,Human Resources Information Systems,human-resources-information-systems,18,Content Creation,Skill Assessment,content-creation-skill-assessment
Software & SaaS,software-saas,7,"HR, Workforce & People Software",hr-workforce-people-software,2,Core HR Software,core-hr-software,1,HRIS / HCM,All-in-One HR Platform,hris-hcm-all-in-one-hr-platform
Software & SaaS,software-saas,7,"HR, Workforce & People Software",hr-workforce-people-software,2,Core HR Software,core-hr-software,2,HRIS / HCM,HR Analytics,hris-hcm-hr-analytics
Software & SaaS,software-saas,7,"HR, Workforce & People Software",hr-workforce-people-software,2,Core HR Software,core-hr-software,3,HRIS / HCM,HR Reporting,hris-hcm-hr-reporting
Software & SaaS,software-saas,7,"HR, Workforce & People Software",hr-workforce-people-software,2,Core HR Software,core-hr-software,4,HRIS / HCM,HR Workflow Automation,hris-hcm-hr-workflow-automation
Software & SaaS,software-saas,7,"HR, Workforce & People Software",hr-workforce-people-software,2,Core HR Software,core-hr-software,5,HRIS / HCM,Global HR,hris-hcm-global-hr
Software & SaaS,software-saas,7,"HR, Workforce & People Software",hr-workforce-people-software,2,Core HR Software,core-hr-software,6,HRIS / HCM,Multi-Location HR,hris-hcm-multi-location-hr
Software & SaaS,software-saas,7,"HR, Workforce & People Software",hr-workforce-people-software,2,Core HR Software,core-hr-software,7,Benefits,401(k) Management,benefits-401-k-management
Software & SaaS,software-saas,7,"HR, Workforce & People Software",hr-workforce-people-software,2,Core HR Software,core-hr-software,8,Benefits,Life Insurance,benefits-life-insurance
Software & SaaS,software-saas,7,"HR, Workforce & People Software",hr-workforce-people-software,2,Core HR Software,core-hr-software,9,Benefits,Disability Insurance,benefits-disability-insurance
Software & SaaS,software-saas,7,"HR, Workforce & People Software",hr-workforce-people-software,2,Core HR Software,core-hr-software,10,Benefits,Pet Insurance,benefits-pet-insurance
Software & SaaS,software-saas,7,"HR, Workforce & People Software",hr-workforce-people-software,2,Core HR Software,core-hr-software,11,Benefits,Wellness Programs,benefits-wellness-programs
Software & SaaS,software-saas,7,"HR, Workforce & People Software",hr-workforce-people-software,3,HR Suite Platforms,hr-suite-platforms,1,Content Creation,Coaching Platforms,content-creation-coaching-platforms
Software & SaaS,software-saas,7,"HR, Workforce & People Software",hr-workforce-people-software,4,Small Business HR Software,small-business-hr-software,,,,
Software & SaaS,software-saas,7,"HR, Workforce & People Software",hr-workforce-people-software,5,Employee Self-Service Portals,employee-self-service-portals,1,HRIS / HCM,Employee Self-Service,hris-hcm-employee-self-service
Software & SaaS,software-saas,7,"HR, Workforce & People Software",hr-workforce-people-software,5,Employee Self-Service Portals,employee-self-service-portals,2,Wellness Programs,EAP Services,wellness-programs-eap-services
Software & SaaS,software-saas,7,"HR, Workforce & People Software",hr-workforce-people-software,5,Employee Self-Service Portals,employee-self-service-portals,3,Work-Life Balance,Flexible Work Policy,work-life-balance-flexible-work-policy
Software & SaaS,software-saas,7,"HR, Workforce & People Software",hr-workforce-people-software,5,Employee Self-Service Portals,employee-self-service-portals,4,Work-Life Balance,Parental Leave,work-life-balance-parental-leave
Software & SaaS,software-saas,7,"HR, Workforce & People Software",hr-workforce-people-software,5,Employee Self-Service Portals,employee-self-service-portals,5,Work-Life Balance,Unlimited PTO,work-life-balance-unlimited-pto
Software & SaaS,software-saas,7,"HR, Workforce & People Software",hr-workforce-people-software,5,Employee Self-Service Portals,employee-self-service-portals,6,Work-Life Balance,Compressed Workweek,work-life-balance-compressed-workweek
Software & SaaS,software-saas,7,"HR, Workforce & People Software",hr-workforce-people-software,5,Employee Self-Service Portals,employee-self-service-portals,7,Work-Life Balance,Job Sharing,work-life-balance-job-sharing
Software & SaaS,software-saas,7,"HR, Workforce & People Software",hr-workforce-people-software,5,Employee Self-Service Portals,employee-self-service-portals,8,Work-Life Balance,Remote Work Policy,work-life-balance-remote-work-policy
Software & SaaS,software-saas,7,"HR, Workforce & People Software",hr-workforce-people-software,5,Employee Self-Service Portals,employee-self-service-portals,9,Work-Life Balance,Hybrid Work,work-life-balance-hybrid-work
Software & SaaS,software-saas,7,"HR, Workforce & People Software",hr-workforce-people-software,5,Employee Self-Service Portals,employee-self-service-portals,10,Work-Life Balance,Digital Detox,work-life-balance-digital-detox
Software & SaaS,software-saas,7,"HR, Workforce & People Software",hr-workforce-people-software,5,Employee Self-Service Portals,employee-self-service-portals,11,Work-Life Balance,Mindfulness at Work,work-life-balance-mindfulness-at-work
Software & SaaS,software-saas,7,"HR, Workforce & People Software",hr-workforce-people-software,6,Manager Self-Service Portals,manager-self-service-portals,1,Content Creation,Certification Management,content-creation-certification-management
Software & SaaS,software-saas,7,"HR, Workforce & People Software",hr-workforce-people-software,6,Manager Self-Service Portals,manager-self-service-portals,2,Office Management,Visitor Management,office-management-visitor-management
Software & SaaS,software-saas,7,"HR, Workforce & People Software",hr-workforce-people-software,6,Manager Self-Service Portals,manager-self-service-portals,3,Office Management,Room Booking,office-management-room-booking
Software & SaaS,software-saas,7,"HR, Workforce & People Software",hr-workforce-people-software,6,Manager Self-Service Portals,manager-self-service-portals,4,Office Management,Desk Booking,office-management-desk-booking
Software & SaaS,software-saas,7,"HR, Workforce & People Software",hr-workforce-people-software,6,Manager Self-Service Portals,manager-self-service-portals,5,Office Management,Office Maps,office-management-office-maps
Software & SaaS,software-saas,7,"HR, Workforce & People Software",hr-workforce-people-software,6,Manager Self-Service Portals,manager-self-service-portals,6,Office Management,Space Planning,office-management-space-planning
Software & SaaS,software-saas,7,"HR, Workforce & People Software",hr-workforce-people-software,6,Manager Self-Service Portals,manager-self-service-portals,7,Office Management,Facility Management,office-management-facility-management
Software & SaaS,software-saas,7,"HR, Workforce & People Software",hr-workforce-people-software,6,Manager Self-Service Portals,manager-self-service-portals,8,Office Management,Janitorial Scheduling,office-management-janitorial-scheduling
Software & SaaS,software-saas,7,"HR, Workforce & People Software",hr-workforce-people-software,6,Manager Self-Service Portals,manager-self-service-portals,9,Office Management,Mail & Package,office-management-mail-package
Software & SaaS,software-saas,7,"HR, Workforce & People Software",hr-workforce-people-software,6,Manager Self-Service Portals,manager-self-service-portals,10,Office Management,Office Supplies,office-management-office-supplies
Software & SaaS,software-saas,7,"HR, Workforce & People Software",hr-workforce-people-software,6,Manager Self-Service Portals,manager-self-service-portals,11,Office Management,Cafeteria Management,office-management-cafeteria-management
Software & SaaS,software-saas,7,"HR, Workforce & People Software",hr-workforce-people-software,6,Manager Self-Service Portals,manager-self-service-portals,12,Remote Work,Remote Team Management,remote-work-remote-team-management
Software & SaaS,software-saas,7,"HR, Workforce & People Software",hr-workforce-people-software,6,Manager Self-Service Portals,manager-self-service-portals,13,Remote Work,Time Zone Management,remote-work-time-zone-management
Software & SaaS,software-saas,7,"HR, Workforce & People Software",hr-workforce-people-software,7,HR Help Desk Software,hr-help-desk-software,,,,
Software & SaaS,software-saas,7,"HR, Workforce & People Software",hr-workforce-people-software,8,HR Analytics Software,hr-analytics-software,1,Remote Work,Distributed Team Analytics,remote-work-distributed-team-analytics
Software & SaaS,software-saas,7,"HR, Workforce & People Software",hr-workforce-people-software,9,People Analytics Platforms,people-analytics-platforms,,,,
Software & SaaS,software-saas,7,"HR, Workforce & People Software",hr-workforce-people-software,10,Workforce Planning Software,workforce-planning-software,,,,
Software & SaaS,software-saas,7,"HR, Workforce & People Software",hr-workforce-people-software,11,Headcount Planning Software,headcount-planning-software,,,,
Software & SaaS,software-saas,7,"HR, Workforce & People Software",hr-workforce-people-software,12,Org Chart Software,org-chart-software,1,HRIS / HCM,Org Chart Software,hris-hcm-org-chart-software
Software & SaaS,software-saas,7,"HR, Workforce & People Software",hr-workforce-people-software,13,Employee Directory Software,employee-directory-software,1,HRIS / HCM,Employee Directory,hris-hcm-employee-directory
Software & SaaS,software-saas,7,"HR, Workforce & People Software",hr-workforce-people-software,14,Employee Database Software,employee-database-software,1,HRIS / HCM,Employee Database,hris-hcm-employee-database
Software & SaaS,software-saas,7,"HR, Workforce & People Software",hr-workforce-people-software,15,Employee Onboarding Software,employee-onboarding-software,1,LMS,Onboarding LMS,lms-onboarding-lms
Software & SaaS,software-saas,7,"HR, Workforce & People Software",hr-workforce-people-software,15,Employee Onboarding Software,employee-onboarding-software,2,Remote Work,Remote Onboarding,remote-work-remote-onboarding
Software & SaaS,software-saas,7,"HR, Workforce & People Software",hr-workforce-people-software,16,New Hire Paperwork Software,new-hire-paperwork-software,,,,
Software & SaaS,software-saas,7,"HR, Workforce & People Software",hr-workforce-people-software,17,Pre-Boarding Software,pre-boarding-software,,,,
Software & SaaS,software-saas,7,"HR, Workforce & People Software",hr-workforce-people-software,18,Employee Offboarding Software,employee-offboarding-software,,,,
Software & SaaS,software-saas,7,"HR, Workforce & People Software",hr-workforce-people-software,19,Exit Interview Software,exit-interview-software,,,,
Software & SaaS,software-saas,7,"HR, Workforce & People Software",hr-workforce-people-software,20,Performance Review Software,performance-review-software,,,,
Software & SaaS,software-saas,7,"HR, Workforce & People Software",hr-workforce-people-software,21,360 Degree Feedback Software,360-degree-feedback-software,,,,
Software & SaaS,software-saas,7,"HR, Workforce & People Software",hr-workforce-people-software,22,Goal Setting & OKR Software,goal-setting-okr-software,,,,
Software & SaaS,software-saas,7,"HR, Workforce & People Software",hr-workforce-people-software,23,Continuous Performance Management Software,continuous-performance-management-software,1,Performance Management,Performance Reviews,performance-management-performance-reviews
Software & SaaS,software-saas,7,"HR, Workforce & People Software",hr-workforce-people-software,23,Continuous Performance Management Software,continuous-performance-management-software,2,Performance Management,360 Feedback,performance-management-360-feedback
Software & SaaS,software-saas,7,"HR, Workforce & People Software",hr-workforce-people-software,23,Continuous Performance Management Software,continuous-performance-management-software,3,Performance Management,OKR Software,performance-management-okr-software
Software & SaaS,software-saas,7,"HR, Workforce & People Software",hr-workforce-people-software,23,Continuous Performance Management Software,continuous-performance-management-software,4,Performance Management,Goal Setting,performance-management-goal-setting
Software & SaaS,software-saas,7,"HR, Workforce & People Software",hr-workforce-people-software,23,Continuous Performance Management Software,continuous-performance-management-software,5,Performance Management,Continuous Feedback,performance-management-continuous-feedback
Software & SaaS,software-saas,7,"HR, Workforce & People Software",hr-workforce-people-software,23,Continuous Performance Management Software,continuous-performance-management-software,6,Performance Management,1-on-1 Meeting Tools,performance-management-1-on-1-meeting-tools
Software & SaaS,software-saas,7,"HR, Workforce & People Software",hr-workforce-people-software,23,Continuous Performance Management Software,continuous-performance-management-software,7,Performance Management,Competency Management,performance-management-competency-management
Software & SaaS,software-saas,7,"HR, Workforce & People Software",hr-workforce-people-software,23,Continuous Performance Management Software,continuous-performance-management-software,8,Performance Management,Calibration Tools,performance-management-calibration-tools
Software & SaaS,software-saas,7,"HR, Workforce & People Software",hr-workforce-people-software,23,Continuous Performance Management Software,continuous-performance-management-software,9,Performance Management,Performance Improvement Plans,performance-management-performance-improvement-plans
Software & SaaS,software-saas,7,"HR, Workforce & People Software",hr-workforce-people-software,23,Continuous Performance Management Software,continuous-performance-management-software,10,Performance Management,Manager Effectiveness,performance-management-manager-effectiveness
Software & SaaS,software-saas,7,"HR, Workforce & People Software",hr-workforce-people-software,24,One-on-One Meeting Software,one-on-one-meeting-software,,,,
Software & SaaS,software-saas,7,"HR, Workforce & People Software",hr-workforce-people-software,25,Recognition & Rewards Software,recognition-rewards-software,,,,
Software & SaaS,software-saas,7,"HR, Workforce & People Software",hr-workforce-people-software,26,Peer Recognition Software,peer-recognition-software,,,,
Software & SaaS,software-saas,7,"HR, Workforce & People Software",hr-workforce-people-software,27,Service Anniversary Software,service-anniversary-software,,,,
Software & SaaS,software-saas,7,"HR, Workforce & People Software",hr-workforce-people-software,28,Pulse Survey Software,pulse-survey-software,,,,
Software & SaaS,software-saas,7,"HR, Workforce & People Software",hr-workforce-people-software,29,Employee Engagement Survey Software,employee-engagement-survey-software,1,Employee Engagement,Engagement Surveys,employee-engagement-engagement-surveys
Software & SaaS,software-saas,7,"HR, Workforce & People Software",hr-workforce-people-software,29,Employee Engagement Survey Software,employee-engagement-survey-software,2,Employee Engagement,Pulse Surveys,employee-engagement-pulse-surveys
Software & SaaS,software-saas,7,"HR, Workforce & People Software",hr-workforce-people-software,29,Employee Engagement Survey Software,employee-engagement-survey-software,3,Employee Engagement,Recognition Platforms,employee-engagement-recognition-platforms
Software & SaaS,software-saas,7,"HR, Workforce & People Software",hr-workforce-people-software,29,Employee Engagement Survey Software,employee-engagement-survey-software,4,Employee Engagement,Rewards Programs,employee-engagement-rewards-programs
Software & SaaS,software-saas,7,"HR, Workforce & People Software",hr-workforce-people-software,29,Employee Engagement Survey Software,employee-engagement-survey-software,5,Employee Engagement,Employee Awards,employee-engagement-employee-awards
Software & SaaS,software-saas,7,"HR, Workforce & People Software",hr-workforce-people-software,29,Employee Engagement Survey Software,employee-engagement-survey-software,6,Employee Engagement,Team Building,employee-engagement-team-building
Software & SaaS,software-saas,7,"HR, Workforce & People Software",hr-workforce-people-software,29,Employee Engagement Survey Software,employee-engagement-survey-software,7,Employee Engagement,Culture Assessment,employee-engagement-culture-assessment
Software & SaaS,software-saas,7,"HR, Workforce & People Software",hr-workforce-people-software,29,Employee Engagement Survey Software,employee-engagement-survey-software,8,Employee Engagement,eNPS Tracking,employee-engagement-enps-tracking
Software & SaaS,software-saas,7,"HR, Workforce & People Software",hr-workforce-people-software,29,Employee Engagement Survey Software,employee-engagement-survey-software,9,Employee Engagement,Stay Interviews,employee-engagement-stay-interviews
Software & SaaS,software-saas,7,"HR, Workforce & People Software",hr-workforce-people-software,29,Employee Engagement Survey Software,employee-engagement-survey-software,10,Employee Engagement,Exit Interviews,employee-engagement-exit-interviews
Software & SaaS,software-saas,7,"HR, Workforce & People Software",hr-workforce-people-software,30,eNPS Software,enps-software,,,,
Software & SaaS,software-saas,7,"HR, Workforce & People Software",hr-workforce-people-software,31,Employee Listening Platforms,employee-listening-platforms,1,Wellness Programs,Mental Health Platform,wellness-programs-mental-health-platform
Software & SaaS,software-saas,7,"HR, Workforce & People Software",hr-workforce-people-software,32,DEI Analytics Software,dei-analytics-software,1,DEI Tools,DEI Analytics,dei-tools-dei-analytics
Software & SaaS,software-saas,7,"HR, Workforce & People Software",hr-workforce-people-software,32,DEI Analytics Software,dei-analytics-software,2,DEI Tools,Bias Training,dei-tools-bias-training
Software & SaaS,software-saas,7,"HR, Workforce & People Software",hr-workforce-people-software,32,DEI Analytics Software,dei-analytics-software,3,DEI Tools,Inclusive Hiring,dei-tools-inclusive-hiring
Software & SaaS,software-saas,7,"HR, Workforce & People Software",hr-workforce-people-software,32,DEI Analytics Software,dei-analytics-software,4,DEI Tools,Employee Resource Group,dei-tools-employee-resource-group
Software & SaaS,software-saas,7,"HR, Workforce & People Software",hr-workforce-people-software,32,DEI Analytics Software,dei-analytics-software,5,DEI Tools,DEI Survey,dei-tools-dei-survey
Software & SaaS,software-saas,7,"HR, Workforce & People Software",hr-workforce-people-software,32,DEI Analytics Software,dei-analytics-software,6,DEI Tools,Accessibility Workplace,dei-tools-accessibility-workplace
Software & SaaS,software-saas,7,"HR, Workforce & People Software",hr-workforce-people-software,32,DEI Analytics Software,dei-analytics-software,7,DEI Tools,Cultural Competency,dei-tools-cultural-competency
Software & SaaS,software-saas,7,"HR, Workforce & People Software",hr-workforce-people-software,32,DEI Analytics Software,dei-analytics-software,8,DEI Tools,Inclusion Index,dei-tools-inclusion-index
Software & SaaS,software-saas,7,"HR, Workforce & People Software",hr-workforce-people-software,32,DEI Analytics Software,dei-analytics-software,9,DEI Tools,Belonging Score,dei-tools-belonging-score
Software & SaaS,software-saas,7,"HR, Workforce & People Software",hr-workforce-people-software,33,Pay Equity Analysis Software,pay-equity-analysis-software,1,DEI Tools,Pay Equity Analysis,dei-tools-pay-equity-analysis
Software & SaaS,software-saas,7,"HR, Workforce & People Software",hr-workforce-people-software,34,Employee Wellbeing Platforms,employee-wellbeing-platforms,,,,
Software & SaaS,software-saas,7,"HR, Workforce & People Software",hr-workforce-people-software,35,Mental Health Benefits Software,mental-health-benefits-software,1,Benefits,Health Insurance,benefits-health-insurance
Software & SaaS,software-saas,7,"HR, Workforce & People Software",hr-workforce-people-software,35,Mental Health Benefits Software,mental-health-benefits-software,2,Benefits,Commuter Benefits,benefits-commuter-benefits
Software & SaaS,software-saas,7,"HR, Workforce & People Software",hr-workforce-people-software,35,Mental Health Benefits Software,mental-health-benefits-software,3,Benefits,Student Loan Benefits,benefits-student-loan-benefits
Software & SaaS,software-saas,7,"HR, Workforce & People Software",hr-workforce-people-software,36,Financial Wellness Software,financial-wellness-software,1,Wellness Programs,Fitness Benefit,wellness-programs-fitness-benefit
Software & SaaS,software-saas,7,"HR, Workforce & People Software",hr-workforce-people-software,36,Financial Wellness Software,financial-wellness-software,2,Wellness Programs,Financial Wellness,wellness-programs-financial-wellness
Software & SaaS,software-saas,7,"HR, Workforce & People Software",hr-workforce-people-software,36,Financial Wellness Software,financial-wellness-software,3,Wellness Programs,Social Wellness,wellness-programs-social-wellness
Software & SaaS,software-saas,7,"HR, Workforce & People Software",hr-workforce-people-software,36,Financial Wellness Software,financial-wellness-software,4,Wellness Programs,Ergonomic Assessment,wellness-programs-ergonomic-assessment
Software & SaaS,software-saas,7,"HR, Workforce & People Software",hr-workforce-people-software,36,Financial Wellness Software,financial-wellness-software,5,Wellness Programs,Substance Abuse,wellness-programs-substance-abuse
Software & SaaS,software-saas,7,"HR, Workforce & People Software",hr-workforce-people-software,36,Financial Wellness Software,financial-wellness-software,6,Wellness Programs,Smoking Cessation,wellness-programs-smoking-cessation
Software & SaaS,software-saas,7,"HR, Workforce & People Software",hr-workforce-people-software,37,Caregiver Support Software,caregiver-support-software,,,,
Software & SaaS,software-saas,7,"HR, Workforce & People Software",hr-workforce-people-software,38,Employee Assistance Program Software,employee-assistance-program-software,1,Wellness Programs,Nutrition Program,wellness-programs-nutrition-program
Software & SaaS,software-saas,7,"HR, Workforce & People Software",hr-workforce-people-software,38,Employee Assistance Program Software,employee-assistance-program-software,2,Wellness Programs,Sleep Program,wellness-programs-sleep-program
Software & SaaS,software-saas,7,"HR, Workforce & People Software",hr-workforce-people-software,38,Employee Assistance Program Software,employee-assistance-program-software,3,Work-Life Balance,Sabbatical Program,work-life-balance-sabbatical-program
Software & SaaS,software-saas,7,"HR, Workforce & People Software",hr-workforce-people-software,39,Workplace Safety Software,workplace-safety-software,1,Remote Work,Virtual Office,remote-work-virtual-office
Software & SaaS,software-saas,7,"HR, Workforce & People Software",hr-workforce-people-software,39,Workplace Safety Software,workplace-safety-software,2,Remote Work,Async Communication,remote-work-async-communication
Software & SaaS,software-saas,7,"HR, Workforce & People Software",hr-workforce-people-software,39,Workplace Safety Software,workplace-safety-software,3,Remote Work,Digital Nomad Tools,remote-work-digital-nomad-tools
Software & SaaS,software-saas,7,"HR, Workforce & People Software",hr-workforce-people-software,39,Workplace Safety Software,workplace-safety-software,4,Remote Work,Remote Culture,remote-work-remote-culture
Software & SaaS,software-saas,7,"HR, Workforce & People Software",hr-workforce-people-software,39,Workplace Safety Software,workplace-safety-software,5,Remote Work,Home Office Stipend,remote-work-home-office-stipend
Software & SaaS,software-saas,7,"HR, Workforce & People Software",hr-workforce-people-software,39,Workplace Safety Software,workplace-safety-software,6,Remote Work,Remote Compliance,remote-work-remote-compliance
Software & SaaS,software-saas,7,"HR, Workforce & People Software",hr-workforce-people-software,40,Incident Reporting Software,incident-reporting-software,,,,
Software & SaaS,software-saas,7,"HR, Workforce & People Software",hr-workforce-people-software,41,OSHA Compliance Software,osha-compliance-software,1,HR Compliance,ADA Compliance,hr-compliance-ada-compliance
Software & SaaS,software-saas,7,"HR, Workforce & People Software",hr-workforce-people-software,41,OSHA Compliance Software,osha-compliance-software,2,HR Compliance,EEO Compliance,hr-compliance-eeo-compliance
Software & SaaS,software-saas,7,"HR, Workforce & People Software",hr-workforce-people-software,41,OSHA Compliance Software,osha-compliance-software,3,HR Compliance,FLSA Compliance,hr-compliance-flsa-compliance
Software & SaaS,software-saas,7,"HR, Workforce & People Software",hr-workforce-people-software,41,OSHA Compliance Software,osha-compliance-software,4,HR Compliance,I-9 Verification,hr-compliance-i-9-verification
Software & SaaS,software-saas,7,"HR, Workforce & People Software",hr-workforce-people-software,41,OSHA Compliance Software,osha-compliance-software,5,HR Compliance,OSHA Compliance HR,hr-compliance-osha-compliance-hr
Software & SaaS,software-saas,7,"HR, Workforce & People Software",hr-workforce-people-software,41,OSHA Compliance Software,osha-compliance-software,6,HR Compliance,Drug Testing,hr-compliance-drug-testing
Software & SaaS,software-saas,7,"HR, Workforce & People Software",hr-workforce-people-software,41,OSHA Compliance Software,osha-compliance-software,7,HR Compliance,Background Check,hr-compliance-background-check
Software & SaaS,software-saas,7,"HR, Workforce & People Software",hr-workforce-people-software,41,OSHA Compliance Software,osha-compliance-software,8,HR Compliance,Workers Comp Compliance,hr-compliance-workers-comp-compliance
Software & SaaS,software-saas,7,"HR, Workforce & People Software",hr-workforce-people-software,42,HR Case Management Software,hr-case-management-software,1,HR Compliance,FMLA Management,hr-compliance-fmla-management
Software & SaaS,software-saas,7,"HR, Workforce & People Software",hr-workforce-people-software,43,Workplace Investigation Software,workplace-investigation-software,,,,
Software & SaaS,software-saas,7,"HR, Workforce & People Software",hr-workforce-people-software,44,Whistleblower Hotline Software,whistleblower-hotline-software,,,,
Software & SaaS,software-saas,7,"HR, Workforce & People Software",hr-workforce-people-software,45,Employee Relations Software,employee-relations-software,,,,
Software & SaaS,software-saas,7,"HR, Workforce & People Software",hr-workforce-people-software,46,Labor Relations Software,labor-relations-software,,,,
Software & SaaS,software-saas,7,"HR, Workforce & People Software",hr-workforce-people-software,47,Union Management Software,union-management-software,,,,
Software & SaaS,software-saas,7,"HR, Workforce & People Software",hr-workforce-people-software,48,Compensation Management Software,compensation-management-software,,,,
Software & SaaS,software-saas,7,"HR, Workforce & People Software",hr-workforce-people-software,49,Total Rewards Software,total-rewards-software,,,,
Software & SaaS,software-saas,7,"HR, Workforce & People Software",hr-workforce-people-software,50,Salary Benchmarking Tools,salary-benchmarking-tools,,,,
Software & SaaS,software-saas,7,"HR, Workforce & People Software",hr-workforce-people-software,51,Pay Transparency Software,pay-transparency-software,,,,
Software & SaaS,software-saas,7,"HR, Workforce & People Software",hr-workforce-people-software,52,Employee Stock Plan Administration Software,employee-stock-plan-administration-software,,,,
Software & SaaS,software-saas,7,"HR, Workforce & People Software",hr-workforce-people-software,53,Benefits Administration Software,benefits-administration-software,1,Benefits,Benefits Administration,benefits-benefits-administration
Software & SaaS,software-saas,7,"HR, Workforce & People Software",hr-workforce-people-software,54,COBRA Administration Software,cobra-administration-software,1,HR Compliance,COBRA Administration,hr-compliance-cobra-administration
Software & SaaS,software-saas,7,"HR, Workforce & People Software",hr-workforce-people-software,55,Open Enrollment Software,open-enrollment-software,,,,
Software & SaaS,software-saas,7,"HR, Workforce & People Software",hr-workforce-people-software,56,Retirement Plan Administration Software,retirement-plan-administration-software,,,,
Software & SaaS,software-saas,7,"HR, Workforce & People Software",hr-workforce-people-software,57,HSA & FSA Management Software,hsa-fsa-management-software,1,Benefits,FSA / HSA,benefits-fsa-hsa
Software & SaaS,software-saas,7,"HR, Workforce & People Software",hr-workforce-people-software,58,Workers Compensation Software,workers-compensation-software,,,,
Software & SaaS,software-saas,7,"HR, Workforce & People Software",hr-workforce-people-software,59,Leave of Absence Management Software,leave-of-absence-management-software,,,,
Software & SaaS,software-saas,7,"HR, Workforce & People Software",hr-workforce-people-software,60,FMLA Tracking Software,fmla-tracking-software,,,,
Software & SaaS,software-saas,7,"HR, Workforce & People Software",hr-workforce-people-software,61,PTO Tracking Software,pto-tracking-software,,,,
Software & SaaS,software-saas,7,"HR, Workforce & People Software",hr-workforce-people-software,62,Employee Scheduling Software,employee-scheduling-software,,,,
Software & SaaS,software-saas,7,"HR, Workforce & People Software",hr-workforce-people-software,63,Shift Scheduling Apps,shift-scheduling-apps,,,,
Software & SaaS,software-saas,7,"HR, Workforce & People Software",hr-workforce-people-software,64,Workforce Management Software,workforce-management-software,,,,
Software & SaaS,software-saas,7,"HR, Workforce & People Software",hr-workforce-people-software,65,Labor Forecasting Software,labor-forecasting-software,,,,
Software & SaaS,software-saas,7,"HR, Workforce & People Software",hr-workforce-people-software,66,Geofencing Time Clock Software,geofencing-time-clock-software,,,,
Software & SaaS,software-saas,8,Recruiting & Talent Acquisition Software,recruiting-talent-acquisition-software,1,Applicant Tracking Systems,applicant-tracking-systems,1,ATS,Enterprise ATS,ats-enterprise-ats
Software & SaaS,software-saas,8,Recruiting & Talent Acquisition Software,recruiting-talent-acquisition-software,1,Applicant Tracking Systems,applicant-tracking-systems,2,ATS,SMB ATS,ats-smb-ats
Software & SaaS,software-saas,8,Recruiting & Talent Acquisition Software,recruiting-talent-acquisition-software,1,Applicant Tracking Systems,applicant-tracking-systems,3,ATS,High-Volume ATS,ats-high-volume-ats
Software & SaaS,software-saas,8,Recruiting & Talent Acquisition Software,recruiting-talent-acquisition-software,1,Applicant Tracking Systems,applicant-tracking-systems,4,ATS,Agency ATS,ats-agency-ats
Software & SaaS,software-saas,8,Recruiting & Talent Acquisition Software,recruiting-talent-acquisition-software,1,Applicant Tracking Systems,applicant-tracking-systems,5,ATS,Internal Mobility,ats-internal-mobility
Software & SaaS,software-saas,8,Recruiting & Talent Acquisition Software,recruiting-talent-acquisition-software,1,Applicant Tracking Systems,applicant-tracking-systems,6,ATS,Candidate Sourcing,ats-candidate-sourcing
Software & SaaS,software-saas,8,Recruiting & Talent Acquisition Software,recruiting-talent-acquisition-software,1,Applicant Tracking Systems,applicant-tracking-systems,7,ATS,Resume Parsing,ats-resume-parsing
Software & SaaS,software-saas,8,Recruiting & Talent Acquisition Software,recruiting-talent-acquisition-software,1,Applicant Tracking Systems,applicant-tracking-systems,8,ATS,Interview Scheduling,ats-interview-scheduling
Software & SaaS,software-saas,8,Recruiting & Talent Acquisition Software,recruiting-talent-acquisition-software,1,Applicant Tracking Systems,applicant-tracking-systems,9,ATS,Offer Management,ats-offer-management
Software & SaaS,software-saas,8,Recruiting & Talent Acquisition Software,recruiting-talent-acquisition-software,1,Applicant Tracking Systems,applicant-tracking-systems,10,ATS,Background Checks,ats-background-checks
Software & SaaS,software-saas,8,Recruiting & Talent Acquisition Software,recruiting-talent-acquisition-software,1,Applicant Tracking Systems,applicant-tracking-systems,11,Job Posting,Job Board Aggregators,job-posting-job-board-aggregators
Software & SaaS,software-saas,8,Recruiting & Talent Acquisition Software,recruiting-talent-acquisition-software,1,Applicant Tracking Systems,applicant-tracking-systems,12,Job Posting,Niche Job Boards,job-posting-niche-job-boards
Software & SaaS,software-saas,8,Recruiting & Talent Acquisition Software,recruiting-talent-acquisition-software,1,Applicant Tracking Systems,applicant-tracking-systems,13,Job Posting,Remote Job Boards,job-posting-remote-job-boards
Software & SaaS,software-saas,8,Recruiting & Talent Acquisition Software,recruiting-talent-acquisition-software,1,Applicant Tracking Systems,applicant-tracking-systems,14,Job Posting,Freelance Marketplaces,job-posting-freelance-marketplaces
Software & SaaS,software-saas,8,Recruiting & Talent Acquisition Software,recruiting-talent-acquisition-software,1,Applicant Tracking Systems,applicant-tracking-systems,15,Job Posting,Executive Search,job-posting-executive-search
Software & SaaS,software-saas,8,Recruiting & Talent Acquisition Software,recruiting-talent-acquisition-software,1,Applicant Tracking Systems,applicant-tracking-systems,16,Job Posting,Campus Recruiting,job-posting-campus-recruiting
Software & SaaS,software-saas,8,Recruiting & Talent Acquisition Software,recruiting-talent-acquisition-software,1,Applicant Tracking Systems,applicant-tracking-systems,17,Job Posting,Diversity Job Boards,job-posting-diversity-job-boards
Software & SaaS,software-saas,8,Recruiting & Talent Acquisition Software,recruiting-talent-acquisition-software,1,Applicant Tracking Systems,applicant-tracking-systems,18,Job Posting,Gig Economy Platforms,job-posting-gig-economy-platforms
Software & SaaS,software-saas,8,Recruiting & Talent Acquisition Software,recruiting-talent-acquisition-software,1,Applicant Tracking Systems,applicant-tracking-systems,19,Job Posting,Temp Staffing,job-posting-temp-staffing
Software & SaaS,software-saas,8,Recruiting & Talent Acquisition Software,recruiting-talent-acquisition-software,1,Applicant Tracking Systems,applicant-tracking-systems,20,Job Posting,Volunteer Platforms,job-posting-volunteer-platforms
Software & SaaS,software-saas,8,Recruiting & Talent Acquisition Software,recruiting-talent-acquisition-software,2,Recruitment Marketing Platforms,recruitment-marketing-platforms,,,,
Software & SaaS,software-saas,8,Recruiting & Talent Acquisition Software,recruiting-talent-acquisition-software,3,Career Site Builders,career-site-builders,,,,
Software & SaaS,software-saas,8,Recruiting & Talent Acquisition Software,recruiting-talent-acquisition-software,4,Candidate Relationship Management Software,candidate-relationship-management-software,,,,
Software & SaaS,software-saas,8,Recruiting & Talent Acquisition Software,recruiting-talent-acquisition-software,5,Candidate Sourcing Software,candidate-sourcing-software,,,,
Software & SaaS,software-saas,8,Recruiting & Talent Acquisition Software,recruiting-talent-acquisition-software,6,Boolean Search Recruiting Tools,boolean-search-recruiting-tools,,,,
Software & SaaS,software-saas,8,Recruiting & Talent Acquisition Software,recruiting-talent-acquisition-software,7,Talent Pool Software,talent-pool-software,,,,
Software & SaaS,software-saas,8,Recruiting & Talent Acquisition Software,recruiting-talent-acquisition-software,8,Talent Pipeline Software,talent-pipeline-software,,,,
Software & SaaS,software-saas,8,Recruiting & Talent Acquisition Software,recruiting-talent-acquisition-software,9,Job Distribution Software,job-distribution-software,,,,
Software & SaaS,software-saas,8,Recruiting & Talent Acquisition Software,recruiting-talent-acquisition-software,10,Job Board Software,job-board-software,,,,
Software & SaaS,software-saas,8,Recruiting & Talent Acquisition Software,recruiting-talent-acquisition-software,11,Programmatic Job Advertising,programmatic-job-advertising,,,,
Software & SaaS,software-saas,8,Recruiting & Talent Acquisition Software,recruiting-talent-acquisition-software,12,Job Posting Tools,job-posting-tools,,,,
Software & SaaS,software-saas,8,Recruiting & Talent Acquisition Software,recruiting-talent-acquisition-software,13,Recruitment Agency Software,recruitment-agency-software,,,,
Software & SaaS,software-saas,8,Recruiting & Talent Acquisition Software,recruiting-talent-acquisition-software,14,Staffing Agency Software,staffing-agency-software,,,,
Software & SaaS,software-saas,8,Recruiting & Talent Acquisition Software,recruiting-talent-acquisition-software,15,Executive Search Software,executive-search-software,,,,
Software & SaaS,software-saas,8,Recruiting & Talent Acquisition Software,recruiting-talent-acquisition-software,16,Diversity Recruiting Software,diversity-recruiting-software,,,,
Software & SaaS,software-saas,8,Recruiting & Talent Acquisition Software,recruiting-talent-acquisition-software,17,Blind Hiring Software,blind-hiring-software,,,,
Software & SaaS,software-saas,8,Recruiting & Talent Acquisition Software,recruiting-talent-acquisition-software,18,Skills-Based Hiring Software,skills-based-hiring-software,,,,
Software & SaaS,software-saas,8,Recruiting & Talent Acquisition Software,recruiting-talent-acquisition-software,19,Pre-Employment Assessment Software,pre-employment-assessment-software,,,,
Software & SaaS,software-saas,8,Recruiting & Talent Acquisition Software,recruiting-talent-acquisition-software,20,Coding Assessment Software,coding-assessment-software,,,,
Software & SaaS,software-saas,8,Recruiting & Talent Acquisition Software,recruiting-talent-acquisition-software,21,Personality Assessment Software,personality-assessment-software,,,,
Software & SaaS,software-saas,8,Recruiting & Talent Acquisition Software,recruiting-talent-acquisition-software,22,Cognitive Ability Test Software,cognitive-ability-test-software,,,,
Software & SaaS,software-saas,8,Recruiting & Talent Acquisition Software,recruiting-talent-acquisition-software,23,Reference Check Software,reference-check-software,,,,
Software & SaaS,software-saas,8,Recruiting & Talent Acquisition Software,recruiting-talent-acquisition-software,24,Background Check Software,background-check-software,,,,
Software & SaaS,software-saas,8,Recruiting & Talent Acquisition Software,recruiting-talent-acquisition-software,25,Drug Testing Management Software,drug-testing-management-software,,,,
Software & SaaS,software-saas,8,Recruiting & Talent Acquisition Software,recruiting-talent-acquisition-software,26,E-Verify Software,e-verify-software,,,,
Software & SaaS,software-saas,8,Recruiting & Talent Acquisition Software,recruiting-talent-acquisition-software,27,Identity Verification Software,identity-verification-software,,,,
Software & SaaS,software-saas,8,Recruiting & Talent Acquisition Software,recruiting-talent-acquisition-software,28,Video Interview Software,video-interview-software,,,,
Software & SaaS,software-saas,8,Recruiting & Talent Acquisition Software,recruiting-talent-acquisition-software,29,One-Way Interview Software,one-way-interview-software,,,,
Software & SaaS,software-saas,8,Recruiting & Talent Acquisition Software,recruiting-talent-acquisition-software,30,Live Interview Software,live-interview-software,,,,
Software & SaaS,software-saas,8,Recruiting & Talent Acquisition Software,recruiting-talent-acquisition-software,31,Interview Scheduling Software,interview-scheduling-software,,,,
Software & SaaS,software-saas,8,Recruiting & Talent Acquisition Software,recruiting-talent-acquisition-software,32,Interview Intelligence Software,interview-intelligence-software,,,,
Software & SaaS,software-saas,8,Recruiting & Talent Acquisition Software,recruiting-talent-acquisition-software,33,Interview Note-Taking Software,interview-note-taking-software,,,,
Software & SaaS,software-saas,8,Recruiting & Talent Acquisition Software,recruiting-talent-acquisition-software,34,Candidate Experience Software,candidate-experience-software,,,,
Software & SaaS,software-saas,8,Recruiting & Talent Acquisition Software,recruiting-talent-acquisition-software,35,Recruitment Analytics Software,recruitment-analytics-software,,,,
Software & SaaS,software-saas,8,Recruiting & Talent Acquisition Software,recruiting-talent-acquisition-software,36,Hiring Manager Tools,hiring-manager-tools,,,,
Software & SaaS,software-saas,8,Recruiting & Talent Acquisition Software,recruiting-talent-acquisition-software,37,Internal Mobility Platforms,internal-mobility-platforms,,,,
Software & SaaS,software-saas,8,Recruiting & Talent Acquisition Software,recruiting-talent-acquisition-software,38,Talent Marketplace Software,talent-marketplace-software,,,,
Software & SaaS,software-saas,8,Recruiting & Talent Acquisition Software,recruiting-talent-acquisition-software,39,Contractor Management Software,contractor-management-software,,,,
Software & SaaS,software-saas,8,Recruiting & Talent Acquisition Software,recruiting-talent-acquisition-software,40,Freelance Management Software,freelance-management-software,,,,
Software & SaaS,software-saas,8,Recruiting & Talent Acquisition Software,recruiting-talent-acquisition-software,41,Contingent Workforce Management Software,contingent-workforce-management-software,,,,
Software & SaaS,software-saas,8,Recruiting & Talent Acquisition Software,recruiting-talent-acquisition-software,42,Vendor Management Systems for Staffing,vendor-management-systems-for-staffing,,,,
Software & SaaS,software-saas,9,"Learning, Training & Development Software",learning-training-development-software,1,Learning Management Systems,learning-management-systems,,,,
Software & SaaS,software-saas,9,"Learning, Training & Development Software",learning-training-development-software,2,Corporate LMS Platforms,corporate-lms-platforms,1,DX Platforms,Developer Portal,dx-platforms-developer-portal
Software & SaaS,software-saas,9,"Learning, Training & Development Software",learning-training-development-software,2,Corporate LMS Platforms,corporate-lms-platforms,2,DX Platforms,Developer Documentation,dx-platforms-developer-documentation
Software & SaaS,software-saas,9,"Learning, Training & Development Software",learning-training-development-software,2,Corporate LMS Platforms,corporate-lms-platforms,3,DX Platforms,Code Sandbox,dx-platforms-code-sandbox
Software & SaaS,software-saas,9,"Learning, Training & Development Software",learning-training-development-software,2,Corporate LMS Platforms,corporate-lms-platforms,4,DX Platforms,Developer Community,dx-platforms-developer-community
Software & SaaS,software-saas,9,"Learning, Training & Development Software",learning-training-development-software,2,Corporate LMS Platforms,corporate-lms-platforms,5,DX Platforms,Developer Relations,dx-platforms-developer-relations
Software & SaaS,software-saas,9,"Learning, Training & Development Software",learning-training-development-software,2,Corporate LMS Platforms,corporate-lms-platforms,6,DX Platforms,Hackathon Platform,dx-platforms-hackathon-platform
Software & SaaS,software-saas,9,"Learning, Training & Development Software",learning-training-development-software,2,Corporate LMS Platforms,corporate-lms-platforms,7,DX Platforms,Developer Analytics,dx-platforms-developer-analytics
Software & SaaS,software-saas,9,"Learning, Training & Development Software",learning-training-development-software,2,Corporate LMS Platforms,corporate-lms-platforms,8,DX Platforms,Developer Onboarding,dx-platforms-developer-onboarding
Software & SaaS,software-saas,9,"Learning, Training & Development Software",learning-training-development-software,2,Corporate LMS Platforms,corporate-lms-platforms,9,LMS,Corporate LMS,lms-corporate-lms
Software & SaaS,software-saas,9,"Learning, Training & Development Software",learning-training-development-software,2,Corporate LMS Platforms,corporate-lms-platforms,10,LMS,Technical Training,lms-technical-training
Software & SaaS,software-saas,9,"Learning, Training & Development Software",learning-training-development-software,2,Corporate LMS Platforms,corporate-lms-platforms,11,LMS,Customer Training,lms-customer-training
Software & SaaS,software-saas,9,"Learning, Training & Development Software",learning-training-development-software,3,Academic LMS Platforms,academic-lms-platforms,,,,
Software & SaaS,software-saas,9,"Learning, Training & Development Software",learning-training-development-software,4,Healthcare LMS Software,healthcare-lms-software,,,,
Software & SaaS,software-saas,9,"Learning, Training & Development Software",learning-training-development-software,5,Compliance LMS Software,compliance-lms-software,1,IT Compliance,Software Asset Management,it-compliance-software-asset-management
Software & SaaS,software-saas,9,"Learning, Training & Development Software",learning-training-development-software,5,Compliance LMS Software,compliance-lms-software,2,IT Compliance,Open Source Compliance,it-compliance-open-source-compliance
Software & SaaS,software-saas,9,"Learning, Training & Development Software",learning-training-development-software,5,Compliance LMS Software,compliance-lms-software,3,IT Compliance,Export Control,it-compliance-export-control
Software & SaaS,software-saas,9,"Learning, Training & Development Software",learning-training-development-software,5,Compliance LMS Software,compliance-lms-software,4,IT Compliance,Data Residency,it-compliance-data-residency
Software & SaaS,software-saas,9,"Learning, Training & Development Software",learning-training-development-software,5,Compliance LMS Software,compliance-lms-software,5,IT Compliance,SBOM Management,it-compliance-sbom-management
Software & SaaS,software-saas,9,"Learning, Training & Development Software",learning-training-development-software,5,Compliance LMS Software,compliance-lms-software,6,IT Compliance,Supply Chain Security,it-compliance-supply-chain-security
Software & SaaS,software-saas,9,"Learning, Training & Development Software",learning-training-development-software,5,Compliance LMS Software,compliance-lms-software,7,LMS,Compliance Training,lms-compliance-training
Software & SaaS,software-saas,9,"Learning, Training & Development Software",learning-training-development-software,6,Manufacturing LMS Software,manufacturing-lms-software,,,,
Software & SaaS,software-saas,9,"Learning, Training & Development Software",learning-training-development-software,7,Course Authoring Software,course-authoring-software,1,Content Creation,Course Authoring,content-creation-course-authoring
Software & SaaS,software-saas,9,"Learning, Training & Development Software",learning-training-development-software,8,SCORM Authoring Software,scorm-authoring-software,,,,
Software & SaaS,software-saas,9,"Learning, Training & Development Software",learning-training-development-software,9,Microlearning Platforms,microlearning-platforms,,,,
Software & SaaS,software-saas,9,"Learning, Training & Development Software",learning-training-development-software,10,Mobile Learning Apps,mobile-learning-apps,1,LMS,Mobile Learning,lms-mobile-learning
Software & SaaS,software-saas,9,"Learning, Training & Development Software",learning-training-development-software,11,Blended Learning Platforms,blended-learning-platforms,,,,
Software & SaaS,software-saas,9,"Learning, Training & Development Software",learning-training-development-software,12,Virtual Classroom Software,virtual-classroom-software,,,,
Software & SaaS,software-saas,9,"Learning, Training & Development Software",learning-training-development-software,13,Training Management Software,training-management-software,,,,
Software & SaaS,software-saas,9,"Learning, Training & Development Software",learning-training-development-software,14,Instructor-Led Training Software,instructor-led-training-software,,,,
Software & SaaS,software-saas,9,"Learning, Training & Development Software",learning-training-development-software,15,On-the-Job Training Software,on-the-job-training-software,,,,
Software & SaaS,software-saas,9,"Learning, Training & Development Software",learning-training-development-software,16,Apprenticeship Management Software,apprenticeship-management-software,,,,
Software & SaaS,software-saas,9,"Learning, Training & Development Software",learning-training-development-software,17,Skills Management Software,skills-management-software,,,,
Software & SaaS,software-saas,9,"Learning, Training & Development Software",learning-training-development-software,18,Skills Gap Analysis Software,skills-gap-analysis-software,,,,
Software & SaaS,software-saas,9,"Learning, Training & Development Software",learning-training-development-software,19,Career Development Software,career-development-software,,,,
Software & SaaS,software-saas,9,"Learning, Training & Development Software",learning-training-development-software,20,Internal Mentorship Software,internal-mentorship-software,1,Internal Tools,Admin Panel Builder,internal-tools-admin-panel-builder
Software & SaaS,software-saas,9,"Learning, Training & Development Software",learning-training-development-software,20,Internal Mentorship Software,internal-mentorship-software,2,Internal Tools,Dashboard Builder,internal-tools-dashboard-builder
Software & SaaS,software-saas,9,"Learning, Training & Development Software",learning-training-development-software,20,Internal Mentorship Software,internal-mentorship-software,3,Internal Tools,Form Builder Internal,internal-tools-form-builder-internal
Software & SaaS,software-saas,9,"Learning, Training & Development Software",learning-training-development-software,20,Internal Mentorship Software,internal-mentorship-software,4,Internal Tools,Report Builder,internal-tools-report-builder
Software & SaaS,software-saas,9,"Learning, Training & Development Software",learning-training-development-software,21,Leadership Development Software,leadership-development-software,,,,
Software & SaaS,software-saas,9,"Learning, Training & Development Software",learning-training-development-software,22,Sales Onboarding Training Software,sales-onboarding-training-software,1,LMS,Sales Training,lms-sales-training
Software & SaaS,software-saas,9,"Learning, Training & Development Software",learning-training-development-software,23,Customer Education Software,customer-education-software,,,,
Software & SaaS,software-saas,9,"Learning, Training & Development Software",learning-training-development-software,24,Channel Partner Training Software,channel-partner-training-software,1,LMS,Partner Training,lms-partner-training
Software & SaaS,software-saas,9,"Learning, Training & Development Software",learning-training-development-software,25,Compliance Training Software,compliance-training-software,,,,
Software & SaaS,software-saas,9,"Learning, Training & Development Software",learning-training-development-software,26,Anti-Harassment Training Software,anti-harassment-training-software,,,,
Software & SaaS,software-saas,9,"Learning, Training & Development Software",learning-training-development-software,27,Cybersecurity Training Software,cybersecurity-training-software,,,,
Software & SaaS,software-saas,9,"Learning, Training & Development Software",learning-training-development-software,28,Phishing Simulation Software,phishing-simulation-software,1,Content Creation,Simulation Training,content-creation-simulation-training
Software & SaaS,software-saas,9,"Learning, Training & Development Software",learning-training-development-software,29,Code of Conduct Training Software,code-of-conduct-training-software,,,,
Software & SaaS,software-saas,9,"Learning, Training & Development Software",learning-training-development-software,30,Safety Training Software,safety-training-software,,,,
Software & SaaS,software-saas,9,"Learning, Training & Development Software",learning-training-development-software,31,Course Marketplaces,course-marketplaces,,,,
Software & SaaS,software-saas,9,"Learning, Training & Development Software",learning-training-development-software,32,Online Tutoring Platforms,online-tutoring-platforms,,,,
Software & SaaS,software-saas,9,"Learning, Training & Development Software",learning-training-development-software,33,Coaching Platforms,coaching-platforms,,,,
Software & SaaS,software-saas,9,"Learning, Training & Development Software",learning-training-development-software,34,Live Cohort Course Software,live-cohort-course-software,,,,
Software & SaaS,software-saas,9,"Learning, Training & Development Software",learning-training-development-software,35,Membership Course Software,membership-course-software,,,,
Software & SaaS,software-saas,9,"Learning, Training & Development Software",learning-training-development-software,36,Test Prep Software,test-prep-software,,,,
Software & SaaS,software-saas,9,"Learning, Training & Development Software",learning-training-development-software,37,Continuing Education Software,continuing-education-software,,,,
Software & SaaS,software-saas,9,"Learning, Training & Development Software",learning-training-development-software,38,Certification Management Software,certification-management-software,,,,
Software & SaaS,software-saas,9,"Learning, Training & Development Software",learning-training-development-software,39,Credentialing Software,credentialing-software,,,,
Software & SaaS,software-saas,9,"Learning, Training & Development Software",learning-training-development-software,40,Digital Badge Software,digital-badge-software,,,,
Software & SaaS,software-saas,10,"Finance, Accounting & Tax Software",finance-accounting-tax-software,1,Accounting Software for Small Business,accounting-software-for-small-business,1,General Accounting,Small Business Accounting,general-accounting-small-business-accounting
Software & SaaS,software-saas,10,"Finance, Accounting & Tax Software",finance-accounting-tax-software,1,Accounting Software for Small Business,accounting-software-for-small-business,2,General Accounting,Fund Accounting,general-accounting-fund-accounting
Software & SaaS,software-saas,10,"Finance, Accounting & Tax Software",finance-accounting-tax-software,1,Accounting Software for Small Business,accounting-software-for-small-business,3,General Accounting,Government Accounting,general-accounting-government-accounting
Software & SaaS,software-saas,10,"Finance, Accounting & Tax Software",finance-accounting-tax-software,1,Accounting Software for Small Business,accounting-software-for-small-business,4,General Accounting,Construction Accounting,general-accounting-construction-accounting
Software & SaaS,software-saas,10,"Finance, Accounting & Tax Software",finance-accounting-tax-software,1,Accounting Software for Small Business,accounting-software-for-small-business,5,General Accounting,Restaurant Accounting,general-accounting-restaurant-accounting
Software & SaaS,software-saas,10,"Finance, Accounting & Tax Software",finance-accounting-tax-software,1,Accounting Software for Small Business,accounting-software-for-small-business,6,General Accounting,Nonprofit Accounting,general-accounting-nonprofit-accounting
Software & SaaS,software-saas,10,"Finance, Accounting & Tax Software",finance-accounting-tax-software,1,Accounting Software for Small Business,accounting-software-for-small-business,7,General Accounting,International Accounting,general-accounting-international-accounting
Software & SaaS,software-saas,10,"Finance, Accounting & Tax Software",finance-accounting-tax-software,1,Accounting Software for Small Business,accounting-software-for-small-business,8,Specialized Accounting,Tax Preparation Software,specialized-accounting-tax-preparation-software
Software & SaaS,software-saas,10,"Finance, Accounting & Tax Software",finance-accounting-tax-software,1,Accounting Software for Small Business,accounting-software-for-small-business,9,Specialized Accounting,VAT Management,specialized-accounting-vat-management
Software & SaaS,software-saas,10,"Finance, Accounting & Tax Software",finance-accounting-tax-software,1,Accounting Software for Small Business,accounting-software-for-small-business,10,Specialized Accounting,Fixed Asset Management,specialized-accounting-fixed-asset-management
Software & SaaS,software-saas,10,"Finance, Accounting & Tax Software",finance-accounting-tax-software,1,Accounting Software for Small Business,accounting-software-for-small-business,11,Specialized Accounting,Lease Accounting,specialized-accounting-lease-accounting
Software & SaaS,software-saas,10,"Finance, Accounting & Tax Software",finance-accounting-tax-software,1,Accounting Software for Small Business,accounting-software-for-small-business,12,Specialized Accounting,Revenue Recognition,specialized-accounting-revenue-recognition
Software & SaaS,software-saas,10,"Finance, Accounting & Tax Software",finance-accounting-tax-software,1,Accounting Software for Small Business,accounting-software-for-small-business,13,Specialized Accounting,Cost Accounting,specialized-accounting-cost-accounting
Software & SaaS,software-saas,10,"Finance, Accounting & Tax Software",finance-accounting-tax-software,1,Accounting Software for Small Business,accounting-software-for-small-business,14,Specialized Accounting,Project Accounting,specialized-accounting-project-accounting
Software & SaaS,software-saas,10,"Finance, Accounting & Tax Software",finance-accounting-tax-software,1,Accounting Software for Small Business,accounting-software-for-small-business,15,Invoicing,Invoice Generators,invoicing-invoice-generators
Software & SaaS,software-saas,10,"Finance, Accounting & Tax Software",finance-accounting-tax-software,1,Accounting Software for Small Business,accounting-software-for-small-business,16,Invoicing,Recurring Invoicing,invoicing-recurring-invoicing
Software & SaaS,software-saas,10,"Finance, Accounting & Tax Software",finance-accounting-tax-software,1,Accounting Software for Small Business,accounting-software-for-small-business,17,Invoicing,Milestone Billing,invoicing-milestone-billing
Software & SaaS,software-saas,10,"Finance, Accounting & Tax Software",finance-accounting-tax-software,1,Accounting Software for Small Business,accounting-software-for-small-business,18,Invoicing,Progress Billing,invoicing-progress-billing
Software & SaaS,software-saas,10,"Finance, Accounting & Tax Software",finance-accounting-tax-software,1,Accounting Software for Small Business,accounting-software-for-small-business,19,Invoicing,Retainer Billing,invoicing-retainer-billing
Software & SaaS,software-saas,10,"Finance, Accounting & Tax Software",finance-accounting-tax-software,1,Accounting Software for Small Business,accounting-software-for-small-business,20,Invoicing,Invoice Templates,invoicing-invoice-templates
Software & SaaS,software-saas,10,"Finance, Accounting & Tax Software",finance-accounting-tax-software,1,Accounting Software for Small Business,accounting-software-for-small-business,21,POS Systems,Salon POS,pos-systems-salon-pos
Software & SaaS,software-saas,10,"Finance, Accounting & Tax Software",finance-accounting-tax-software,1,Accounting Software for Small Business,accounting-software-for-small-business,22,POS Systems,Kiosk POS,pos-systems-kiosk-pos
Software & SaaS,software-saas,10,"Finance, Accounting & Tax Software",finance-accounting-tax-software,2,Enterprise Accounting Software,enterprise-accounting-software,1,General Accounting,Enterprise Accounting,general-accounting-enterprise-accounting
Software & SaaS,software-saas,10,"Finance, Accounting & Tax Software",finance-accounting-tax-software,3,Cloud Accounting Software,cloud-accounting-software,1,General Accounting,Cloud Accounting,general-accounting-cloud-accounting
Software & SaaS,software-saas,10,"Finance, Accounting & Tax Software",finance-accounting-tax-software,4,Bookkeeping Software,bookkeeping-software,,,,
Software & SaaS,software-saas,10,"Finance, Accounting & Tax Software",finance-accounting-tax-software,5,Bank Reconciliation Software,bank-reconciliation-software,,,,
Software & SaaS,software-saas,10,"Finance, Accounting & Tax Software",finance-accounting-tax-software,6,General Ledger Software,general-ledger-software,,,,
Software & SaaS,software-saas,10,"Finance, Accounting & Tax Software",finance-accounting-tax-software,7,Accounts Payable Software,accounts-payable-software,1,AP Automation,Invoice Capture,ap-automation-invoice-capture
Software & SaaS,software-saas,10,"Finance, Accounting & Tax Software",finance-accounting-tax-software,7,Accounts Payable Software,accounts-payable-software,2,AP Automation,Invoice Approval,ap-automation-invoice-approval
Software & SaaS,software-saas,10,"Finance, Accounting & Tax Software",finance-accounting-tax-software,7,Accounts Payable Software,accounts-payable-software,3,AP Automation,Payment Processing AP,ap-automation-payment-processing-ap
Software & SaaS,software-saas,10,"Finance, Accounting & Tax Software",finance-accounting-tax-software,7,Accounts Payable Software,accounts-payable-software,4,AP Automation,Vendor Portal AP,ap-automation-vendor-portal-ap
Software & SaaS,software-saas,10,"Finance, Accounting & Tax Software",finance-accounting-tax-software,7,Accounts Payable Software,accounts-payable-software,5,AP Automation,Purchase Order Matching,ap-automation-purchase-order-matching
Software & SaaS,software-saas,10,"Finance, Accounting & Tax Software",finance-accounting-tax-software,7,Accounts Payable Software,accounts-payable-software,6,AP Automation,Early Payment Discount,ap-automation-early-payment-discount
Software & SaaS,software-saas,10,"Finance, Accounting & Tax Software",finance-accounting-tax-software,7,Accounts Payable Software,accounts-payable-software,7,AP Automation,ACH Payment,ap-automation-ach-payment
Software & SaaS,software-saas,10,"Finance, Accounting & Tax Software",finance-accounting-tax-software,7,Accounts Payable Software,accounts-payable-software,8,AP Automation,Payment Reconciliation,ap-automation-payment-reconciliation
Software & SaaS,software-saas,10,"Finance, Accounting & Tax Software",finance-accounting-tax-software,8,Accounts Receivable Software,accounts-receivable-software,,,,
Software & SaaS,software-saas,10,"Finance, Accounting & Tax Software",finance-accounting-tax-software,9,Spend Management Software,spend-management-software,1,Expense Tracking,Spend Management,expense-tracking-spend-management
Software & SaaS,software-saas,10,"Finance, Accounting & Tax Software",finance-accounting-tax-software,9,Spend Management Software,spend-management-software,2,Revenue Management,Revenue Recognition,revenue-management-revenue-recognition
Software & SaaS,software-saas,10,"Finance, Accounting & Tax Software",finance-accounting-tax-software,9,Spend Management Software,spend-management-software,3,Revenue Management,ASC 606,revenue-management-asc-606
Software & SaaS,software-saas,10,"Finance, Accounting & Tax Software",finance-accounting-tax-software,9,Spend Management Software,spend-management-software,4,Revenue Management,IFRS 15,revenue-management-ifrs-15
Software & SaaS,software-saas,10,"Finance, Accounting & Tax Software",finance-accounting-tax-software,9,Spend Management Software,spend-management-software,5,Revenue Management,Deferred Revenue,revenue-management-deferred-revenue
Software & SaaS,software-saas,10,"Finance, Accounting & Tax Software",finance-accounting-tax-software,9,Spend Management Software,spend-management-software,6,Revenue Management,Contract Revenue,revenue-management-contract-revenue
Software & SaaS,software-saas,10,"Finance, Accounting & Tax Software",finance-accounting-tax-software,9,Spend Management Software,spend-management-software,7,Revenue Management,Usage Revenue,revenue-management-usage-revenue
Software & SaaS,software-saas,10,"Finance, Accounting & Tax Software",finance-accounting-tax-software,9,Spend Management Software,spend-management-software,8,Revenue Management,Milestone Revenue,revenue-management-milestone-revenue
Software & SaaS,software-saas,10,"Finance, Accounting & Tax Software",finance-accounting-tax-software,9,Spend Management Software,spend-management-software,9,Revenue Management,Subscription Revenue,revenue-management-subscription-revenue
Software & SaaS,software-saas,10,"Finance, Accounting & Tax Software",finance-accounting-tax-software,9,Spend Management Software,spend-management-software,10,Revenue Management,Multi-Element,revenue-management-multi-element
Software & SaaS,software-saas,10,"Finance, Accounting & Tax Software",finance-accounting-tax-software,9,Spend Management Software,spend-management-software,11,Revenue Management,Revenue Forecasting SaaS,revenue-management-revenue-forecasting-saas
Software & SaaS,software-saas,10,"Finance, Accounting & Tax Software",finance-accounting-tax-software,10,Corporate Card Software,corporate-card-software,1,Expense Tracking,Corporate Card Management,expense-tracking-corporate-card-management
Software & SaaS,software-saas,10,"Finance, Accounting & Tax Software",finance-accounting-tax-software,11,Virtual Card Issuing Software,virtual-card-issuing-software,1,AP Automation,Virtual Card Payment,ap-automation-virtual-card-payment
Software & SaaS,software-saas,10,"Finance, Accounting & Tax Software",finance-accounting-tax-software,12,Travel & Expense Software,travel-expense-software,1,Expense Tracking,Corporate Expense Tracking,expense-tracking-corporate-expense-tracking
Software & SaaS,software-saas,10,"Finance, Accounting & Tax Software",finance-accounting-tax-software,12,Travel & Expense Software,travel-expense-software,2,Expense Tracking,Receipt Scanning,expense-tracking-receipt-scanning
Software & SaaS,software-saas,10,"Finance, Accounting & Tax Software",finance-accounting-tax-software,12,Travel & Expense Software,travel-expense-software,3,Expense Tracking,Per Diem Management,expense-tracking-per-diem-management
Software & SaaS,software-saas,10,"Finance, Accounting & Tax Software",finance-accounting-tax-software,12,Travel & Expense Software,travel-expense-software,4,Expense Tracking,Virtual Cards,expense-tracking-virtual-cards
Software & SaaS,software-saas,10,"Finance, Accounting & Tax Software",finance-accounting-tax-software,12,Travel & Expense Software,travel-expense-software,5,Expense Tracking,Budget Tracking,expense-tracking-budget-tracking
Software & SaaS,software-saas,10,"Finance, Accounting & Tax Software",finance-accounting-tax-software,12,Travel & Expense Software,travel-expense-software,6,Expense Tracking,Reimbursement Management,expense-tracking-reimbursement-management
Software & SaaS,software-saas,10,"Finance, Accounting & Tax Software",finance-accounting-tax-software,12,Travel & Expense Software,travel-expense-software,7,Expense Tracking,Policy Compliance,expense-tracking-policy-compliance
Software & SaaS,software-saas,10,"Finance, Accounting & Tax Software",finance-accounting-tax-software,13,Mileage Tracking Apps,mileage-tracking-apps,1,Expense Tracking,Mileage Tracking,expense-tracking-mileage-tracking
Software & SaaS,software-saas,10,"Finance, Accounting & Tax Software",finance-accounting-tax-software,13,Mileage Tracking Apps,mileage-tracking-apps,2,Invoicing,Invoice Tracking,invoicing-invoice-tracking
Software & SaaS,software-saas,10,"Finance, Accounting & Tax Software",finance-accounting-tax-software,14,Receipt Capture Apps,receipt-capture-apps,,,,
Software & SaaS,software-saas,10,"Finance, Accounting & Tax Software",finance-accounting-tax-software,15,Reimbursement Software,reimbursement-software,,,,
Software & SaaS,software-saas,10,"Finance, Accounting & Tax Software",finance-accounting-tax-software,16,Procurement-to-Pay Software,procurement-to-pay-software,1,Procurement Software,Purchase Order Software,procurement-software-purchase-order-software
Software & SaaS,software-saas,10,"Finance, Accounting & Tax Software",finance-accounting-tax-software,16,Procurement-to-Pay Software,procurement-to-pay-software,2,Procurement Software,Requisition Management,procurement-software-requisition-management
Software & SaaS,software-saas,10,"Finance, Accounting & Tax Software",finance-accounting-tax-software,16,Procurement-to-Pay Software,procurement-to-pay-software,3,Procurement Software,Vendor Management Procurement,procurement-software-vendor-management-procurement
Software & SaaS,software-saas,10,"Finance, Accounting & Tax Software",finance-accounting-tax-software,16,Procurement-to-Pay Software,procurement-to-pay-software,4,Procurement Software,Contract Management Procurement,procurement-software-contract-management-procurement
Software & SaaS,software-saas,10,"Finance, Accounting & Tax Software",finance-accounting-tax-software,16,Procurement-to-Pay Software,procurement-to-pay-software,5,Procurement Software,Spend Analysis,procurement-software-spend-analysis
Software & SaaS,software-saas,10,"Finance, Accounting & Tax Software",finance-accounting-tax-software,16,Procurement-to-Pay Software,procurement-to-pay-software,6,Procurement Software,Sourcing Software,procurement-software-sourcing-software
Software & SaaS,software-saas,10,"Finance, Accounting & Tax Software",finance-accounting-tax-software,16,Procurement-to-Pay Software,procurement-to-pay-software,7,Procurement Software,Bid Management,procurement-software-bid-management
Software & SaaS,software-saas,10,"Finance, Accounting & Tax Software",finance-accounting-tax-software,16,Procurement-to-Pay Software,procurement-to-pay-software,8,Procurement Software,Supplier Portal,procurement-software-supplier-portal
Software & SaaS,software-saas,10,"Finance, Accounting & Tax Software",finance-accounting-tax-software,16,Procurement-to-Pay Software,procurement-to-pay-software,9,Procurement Software,Invoice Matching Procurement,procurement-software-invoice-matching-procurement
Software & SaaS,software-saas,10,"Finance, Accounting & Tax Software",finance-accounting-tax-software,17,Vendor Payment Software,vendor-payment-software,1,Invoicing,Online Invoice Payment,invoicing-online-invoice-payment
Software & SaaS,software-saas,10,"Finance, Accounting & Tax Software",finance-accounting-tax-software,17,Vendor Payment Software,vendor-payment-software,2,Invoicing,Late Payment Reminders,invoicing-late-payment-reminders
Software & SaaS,software-saas,10,"Finance, Accounting & Tax Software",finance-accounting-tax-software,17,Vendor Payment Software,vendor-payment-software,3,Payment Processing,Mobile Payments,payment-processing-mobile-payments
Software & SaaS,software-saas,10,"Finance, Accounting & Tax Software",finance-accounting-tax-software,17,Vendor Payment Software,vendor-payment-software,4,Payment Processing,Wire Transfers,payment-processing-wire-transfers
Software & SaaS,software-saas,10,"Finance, Accounting & Tax Software",finance-accounting-tax-software,17,Vendor Payment Software,vendor-payment-software,5,Payment Processing,Digital Wallets,payment-processing-digital-wallets
Software & SaaS,software-saas,10,"Finance, Accounting & Tax Software",finance-accounting-tax-software,17,Vendor Payment Software,vendor-payment-software,6,Payment Processing,Payment Links,payment-processing-payment-links
Software & SaaS,software-saas,10,"Finance, Accounting & Tax Software",finance-accounting-tax-software,17,Vendor Payment Software,vendor-payment-software,7,Payment Processing,Embedded Payments,payment-processing-embedded-payments
Software & SaaS,software-saas,10,"Finance, Accounting & Tax Software",finance-accounting-tax-software,18,International Payment Software,international-payment-software,1,Global Commerce,Local Payment Methods,global-commerce-local-payment-methods
Software & SaaS,software-saas,10,"Finance, Accounting & Tax Software",finance-accounting-tax-software,18,International Payment Software,international-payment-software,2,AP Automation,International Payment AP,ap-automation-international-payment-ap
Software & SaaS,software-saas,10,"Finance, Accounting & Tax Software",finance-accounting-tax-software,18,International Payment Software,international-payment-software,3,Payment Processing,International Payments,payment-processing-international-payments
Software & SaaS,software-saas,10,"Finance, Accounting & Tax Software",finance-accounting-tax-software,19,Treasury Management Software,treasury-management-software,1,Cash Management,Cash Visibility,cash-management-cash-visibility
Software & SaaS,software-saas,10,"Finance, Accounting & Tax Software",finance-accounting-tax-software,19,Treasury Management Software,treasury-management-software,2,Cash Management,Bank Connectivity,cash-management-bank-connectivity
Software & SaaS,software-saas,10,"Finance, Accounting & Tax Software",finance-accounting-tax-software,19,Treasury Management Software,treasury-management-software,3,Cash Management,Payment Factory,cash-management-payment-factory
Software & SaaS,software-saas,10,"Finance, Accounting & Tax Software",finance-accounting-tax-software,19,Treasury Management Software,treasury-management-software,4,Cash Management,In-House Banking,cash-management-in-house-banking
Software & SaaS,software-saas,10,"Finance, Accounting & Tax Software",finance-accounting-tax-software,19,Treasury Management Software,treasury-management-software,5,Cash Management,Intercompany Netting,cash-management-intercompany-netting
Software & SaaS,software-saas,10,"Finance, Accounting & Tax Software",finance-accounting-tax-software,19,Treasury Management Software,treasury-management-software,6,Cash Management,Foreign Exchange,cash-management-foreign-exchange
Software & SaaS,software-saas,10,"Finance, Accounting & Tax Software",finance-accounting-tax-software,19,Treasury Management Software,treasury-management-software,7,Cash Management,Hedge Accounting,cash-management-hedge-accounting
Software & SaaS,software-saas,10,"Finance, Accounting & Tax Software",finance-accounting-tax-software,19,Treasury Management Software,treasury-management-software,8,Cash Management,Debt Management,cash-management-debt-management
Software & SaaS,software-saas,10,"Finance, Accounting & Tax Software",finance-accounting-tax-software,19,Treasury Management Software,treasury-management-software,9,Cash Management,Investment Portfolio,cash-management-investment-portfolio
Software & SaaS,software-saas,10,"Finance, Accounting & Tax Software",finance-accounting-tax-software,19,Treasury Management Software,treasury-management-software,10,Risk Management Finance,Market Risk,risk-management-finance-market-risk
Software & SaaS,software-saas,10,"Finance, Accounting & Tax Software",finance-accounting-tax-software,19,Treasury Management Software,treasury-management-software,11,Risk Management Finance,Credit Risk,risk-management-finance-credit-risk
Software & SaaS,software-saas,10,"Finance, Accounting & Tax Software",finance-accounting-tax-software,19,Treasury Management Software,treasury-management-software,12,Risk Management Finance,Operational Risk,risk-management-finance-operational-risk
Software & SaaS,software-saas,10,"Finance, Accounting & Tax Software",finance-accounting-tax-software,19,Treasury Management Software,treasury-management-software,13,Risk Management Finance,Liquidity Risk,risk-management-finance-liquidity-risk
Software & SaaS,software-saas,10,"Finance, Accounting & Tax Software",finance-accounting-tax-software,19,Treasury Management Software,treasury-management-software,14,Risk Management Finance,Interest Rate Risk,risk-management-finance-interest-rate-risk
Software & SaaS,software-saas,10,"Finance, Accounting & Tax Software",finance-accounting-tax-software,19,Treasury Management Software,treasury-management-software,15,Risk Management Finance,Currency Risk,risk-management-finance-currency-risk
Software & SaaS,software-saas,10,"Finance, Accounting & Tax Software",finance-accounting-tax-software,19,Treasury Management Software,treasury-management-software,16,Risk Management Finance,Commodity Risk,risk-management-finance-commodity-risk
Software & SaaS,software-saas,10,"Finance, Accounting & Tax Software",finance-accounting-tax-software,19,Treasury Management Software,treasury-management-software,17,Risk Management Finance,Counterparty Risk,risk-management-finance-counterparty-risk
Software & SaaS,software-saas,10,"Finance, Accounting & Tax Software",finance-accounting-tax-software,19,Treasury Management Software,treasury-management-software,18,Risk Management Finance,Regulatory Capital,risk-management-finance-regulatory-capital
Software & SaaS,software-saas,10,"Finance, Accounting & Tax Software",finance-accounting-tax-software,19,Treasury Management Software,treasury-management-software,19,Risk Management Finance,Stress Testing,risk-management-finance-stress-testing
Software & SaaS,software-saas,10,"Finance, Accounting & Tax Software",finance-accounting-tax-software,20,Cash Flow Forecasting Software,cash-flow-forecasting-software,1,FP&A Tools,Cash Flow Management,fp-a-tools-cash-flow-management
Software & SaaS,software-saas,10,"Finance, Accounting & Tax Software",finance-accounting-tax-software,20,Cash Flow Forecasting Software,cash-flow-forecasting-software,2,Cash Management,Cash Forecasting,cash-management-cash-forecasting
Software & SaaS,software-saas,10,"Finance, Accounting & Tax Software",finance-accounting-tax-software,21,Working Capital Management Software,working-capital-management-software,,,,
Software & SaaS,software-saas,10,"Finance, Accounting & Tax Software",finance-accounting-tax-software,22,Bank Connectivity Software,bank-connectivity-software,,,,
Software & SaaS,software-saas,10,"Finance, Accounting & Tax Software",finance-accounting-tax-software,23,Multi-Entity Accounting Software,multi-entity-accounting-software,1,General Accounting,Multi-Entity Accounting,general-accounting-multi-entity-accounting
Software & SaaS,software-saas,10,"Finance, Accounting & Tax Software",finance-accounting-tax-software,24,Multi-Currency Accounting Software,multi-currency-accounting-software,1,Global Commerce,Multi-Currency,global-commerce-multi-currency
Software & SaaS,software-saas,10,"Finance, Accounting & Tax Software",finance-accounting-tax-software,24,Multi-Currency Accounting Software,multi-currency-accounting-software,2,Specialized Accounting,Multi-Currency Accounting,specialized-accounting-multi-currency-accounting
Software & SaaS,software-saas,10,"Finance, Accounting & Tax Software",finance-accounting-tax-software,25,Consolidation Software,consolidation-software,,,,
Software & SaaS,software-saas,10,"Finance, Accounting & Tax Software",finance-accounting-tax-software,26,Close Management Software,close-management-software,,,,
Software & SaaS,software-saas,10,"Finance, Accounting & Tax Software",finance-accounting-tax-software,27,Account Reconciliation Software,account-reconciliation-software,,,,
Software & SaaS,software-saas,10,"Finance, Accounting & Tax Software",finance-accounting-tax-software,28,Audit Management Software,audit-management-software,1,Specialized Accounting,Audit Management,specialized-accounting-audit-management
Software & SaaS,software-saas,10,"Finance, Accounting & Tax Software",finance-accounting-tax-software,29,Internal Audit Software,internal-audit-software,,,,
Software & SaaS,software-saas,10,"Finance, Accounting & Tax Software",finance-accounting-tax-software,30,External Audit Software,external-audit-software,,,,
Software & SaaS,software-saas,10,"Finance, Accounting & Tax Software",finance-accounting-tax-software,31,SOX Compliance Software,sox-compliance-software,,,,
Software & SaaS,software-saas,10,"Finance, Accounting & Tax Software",finance-accounting-tax-software,32,Corporate Tax Software,corporate-tax-software,,,,
Software & SaaS,software-saas,10,"Finance, Accounting & Tax Software",finance-accounting-tax-software,33,Sales Tax Compliance Software,sales-tax-compliance-software,1,Specialized Accounting,Sales Tax Automation,specialized-accounting-sales-tax-automation
Software & SaaS,software-saas,10,"Finance, Accounting & Tax Software",finance-accounting-tax-software,34,VAT Compliance Software,vat-compliance-software,,,,
Software & SaaS,software-saas,10,"Finance, Accounting & Tax Software",finance-accounting-tax-software,35,International Tax Software,international-tax-software,1,Global Commerce,International Tax,global-commerce-international-tax
Software & SaaS,software-saas,10,"Finance, Accounting & Tax Software",finance-accounting-tax-software,36,Indirect Tax Software,indirect-tax-software,,,,
Software & SaaS,software-saas,10,"Finance, Accounting & Tax Software",finance-accounting-tax-software,37,Property Tax Management Software,property-tax-management-software,,,,
Software & SaaS,software-saas,10,"Finance, Accounting & Tax Software",finance-accounting-tax-software,38,Payroll Tax Software,payroll-tax-software,1,Payroll Software,Full-Service Payroll,payroll-software-full-service-payroll
Software & SaaS,software-saas,10,"Finance, Accounting & Tax Software",finance-accounting-tax-software,38,Payroll Tax Software,payroll-tax-software,2,Payroll Software,Self-Service Payroll,payroll-software-self-service-payroll
Software & SaaS,software-saas,10,"Finance, Accounting & Tax Software",finance-accounting-tax-software,38,Payroll Tax Software,payroll-tax-software,3,Payroll Software,Global Payroll,payroll-software-global-payroll
Software & SaaS,software-saas,10,"Finance, Accounting & Tax Software",finance-accounting-tax-software,38,Payroll Tax Software,payroll-tax-software,4,Payroll Software,Multi-State Payroll,payroll-software-multi-state-payroll
Software & SaaS,software-saas,10,"Finance, Accounting & Tax Software",finance-accounting-tax-software,38,Payroll Tax Software,payroll-tax-software,5,Payroll Software,Construction Payroll,payroll-software-construction-payroll
Software & SaaS,software-saas,10,"Finance, Accounting & Tax Software",finance-accounting-tax-software,38,Payroll Tax Software,payroll-tax-software,6,Payroll Software,Restaurant Payroll,payroll-software-restaurant-payroll
Software & SaaS,software-saas,10,"Finance, Accounting & Tax Software",finance-accounting-tax-software,38,Payroll Tax Software,payroll-tax-software,7,Payroll Software,Church Payroll,payroll-software-church-payroll
Software & SaaS,software-saas,10,"Finance, Accounting & Tax Software",finance-accounting-tax-software,38,Payroll Tax Software,payroll-tax-software,8,Payroll Software,Nonprofit Payroll,payroll-software-nonprofit-payroll
Software & SaaS,software-saas,10,"Finance, Accounting & Tax Software",finance-accounting-tax-software,38,Payroll Tax Software,payroll-tax-software,9,Payroll Software,Farm Payroll,payroll-software-farm-payroll
Software & SaaS,software-saas,10,"Finance, Accounting & Tax Software",finance-accounting-tax-software,38,Payroll Tax Software,payroll-tax-software,10,Payroll Software,Household Payroll,payroll-software-household-payroll
Software & SaaS,software-saas,10,"Finance, Accounting & Tax Software",finance-accounting-tax-software,38,Payroll Tax Software,payroll-tax-software,11,Payroll Add-Ons,Benefits Administration,payroll-add-ons-benefits-administration
Software & SaaS,software-saas,10,"Finance, Accounting & Tax Software",finance-accounting-tax-software,38,Payroll Tax Software,payroll-tax-software,12,Payroll Add-Ons,Workers Comp,payroll-add-ons-workers-comp
Software & SaaS,software-saas,10,"Finance, Accounting & Tax Software",finance-accounting-tax-software,38,Payroll Tax Software,payroll-tax-software,13,Payroll Add-Ons,Garnishment Management,payroll-add-ons-garnishment-management
Software & SaaS,software-saas,10,"Finance, Accounting & Tax Software",finance-accounting-tax-software,38,Payroll Tax Software,payroll-tax-software,14,Payroll Add-Ons,Tax Filing,payroll-add-ons-tax-filing
Software & SaaS,software-saas,10,"Finance, Accounting & Tax Software",finance-accounting-tax-software,38,Payroll Tax Software,payroll-tax-software,15,Payroll Add-Ons,Year-End Processing,payroll-add-ons-year-end-processing
Software & SaaS,software-saas,10,"Finance, Accounting & Tax Software",finance-accounting-tax-software,38,Payroll Tax Software,payroll-tax-software,16,Payroll Add-Ons,Pay Stubs,payroll-add-ons-pay-stubs
Software & SaaS,software-saas,10,"Finance, Accounting & Tax Software",finance-accounting-tax-software,38,Payroll Tax Software,payroll-tax-software,17,Payroll Add-Ons,Direct Deposit,payroll-add-ons-direct-deposit
Software & SaaS,software-saas,10,"Finance, Accounting & Tax Software",finance-accounting-tax-software,38,Payroll Tax Software,payroll-tax-software,18,Payroll Add-Ons,Pay Cards,payroll-add-ons-pay-cards
Software & SaaS,software-saas,10,"Finance, Accounting & Tax Software",finance-accounting-tax-software,38,Payroll Tax Software,payroll-tax-software,19,Payroll Add-Ons,Earned Wage Access,payroll-add-ons-earned-wage-access
Software & SaaS,software-saas,10,"Finance, Accounting & Tax Software",finance-accounting-tax-software,38,Payroll Tax Software,payroll-tax-software,20,Payroll Add-Ons,Payroll Analytics,payroll-add-ons-payroll-analytics
Software & SaaS,software-saas,10,"Finance, Accounting & Tax Software",finance-accounting-tax-software,39,R&D Tax Credit Software,rd-tax-credit-software,,,,
Software & SaaS,software-saas,10,"Finance, Accounting & Tax Software",finance-accounting-tax-software,40,Tax Provision Software,tax-provision-software,,,,
Software & SaaS,software-saas,10,"Finance, Accounting & Tax Software",finance-accounting-tax-software,41,Transfer Pricing Software,transfer-pricing-software,,,,
Software & SaaS,software-saas,10,"Finance, Accounting & Tax Software",finance-accounting-tax-software,42,Tax Workflow Software,tax-workflow-software,,,,
Software & SaaS,software-saas,10,"Finance, Accounting & Tax Software",finance-accounting-tax-software,43,Personal Tax Filing Software,personal-tax-filing-software,,,,
Software & SaaS,software-saas,10,"Finance, Accounting & Tax Software",finance-accounting-tax-software,44,Crypto Tax Software,crypto-tax-software,1,Crypto Finance,Crypto Accounting,crypto-finance-crypto-accounting
Software & SaaS,software-saas,10,"Finance, Accounting & Tax Software",finance-accounting-tax-software,44,Crypto Tax Software,crypto-tax-software,2,Crypto Finance,Crypto Tax,crypto-finance-crypto-tax
Software & SaaS,software-saas,10,"Finance, Accounting & Tax Software",finance-accounting-tax-software,44,Crypto Tax Software,crypto-tax-software,3,Crypto Finance,Crypto Portfolio,crypto-finance-crypto-portfolio
Software & SaaS,software-saas,10,"Finance, Accounting & Tax Software",finance-accounting-tax-software,44,Crypto Tax Software,crypto-tax-software,4,Crypto Finance,Crypto Payment Processing,crypto-finance-crypto-payment-processing
Software & SaaS,software-saas,10,"Finance, Accounting & Tax Software",finance-accounting-tax-software,44,Crypto Tax Software,crypto-tax-software,5,Crypto Finance,Crypto Compliance,crypto-finance-crypto-compliance
Software & SaaS,software-saas,10,"Finance, Accounting & Tax Software",finance-accounting-tax-software,44,Crypto Tax Software,crypto-tax-software,6,Crypto Finance,Crypto Treasury,crypto-finance-crypto-treasury
Software & SaaS,software-saas,10,"Finance, Accounting & Tax Software",finance-accounting-tax-software,44,Crypto Tax Software,crypto-tax-software,7,Crypto Finance,DeFi Accounting,crypto-finance-defi-accounting
Software & SaaS,software-saas,10,"Finance, Accounting & Tax Software",finance-accounting-tax-software,44,Crypto Tax Software,crypto-tax-software,8,Crypto Finance,NFT Accounting,crypto-finance-nft-accounting
Software & SaaS,software-saas,10,"Finance, Accounting & Tax Software",finance-accounting-tax-software,44,Crypto Tax Software,crypto-tax-software,9,Crypto Finance,DAO Treasury,crypto-finance-dao-treasury
Software & SaaS,software-saas,10,"Finance, Accounting & Tax Software",finance-accounting-tax-software,44,Crypto Tax Software,crypto-tax-software,10,Crypto Finance,Crypto Payroll,crypto-finance-crypto-payroll
Software & SaaS,software-saas,10,"Finance, Accounting & Tax Software",finance-accounting-tax-software,45,Self-Employed Tax Software,self-employed-tax-software,1,POS Systems,Self-Checkout,pos-systems-self-checkout
Software & SaaS,software-saas,10,"Finance, Accounting & Tax Software",finance-accounting-tax-software,46,Financial Reporting Software,financial-reporting-software,1,FP&A Tools,Board Reporting,fp-a-tools-board-reporting
Software & SaaS,software-saas,10,"Finance, Accounting & Tax Software",finance-accounting-tax-software,47,Management Reporting Software,management-reporting-software,,,,
Software & SaaS,software-saas,10,"Finance, Accounting & Tax Software",finance-accounting-tax-software,48,Board Reporting Software,board-reporting-software,,,,
Software & SaaS,software-saas,10,"Finance, Accounting & Tax Software",finance-accounting-tax-software,49,Investor Reporting Software,investor-reporting-software,,,,
Software & SaaS,software-saas,10,"Finance, Accounting & Tax Software",finance-accounting-tax-software,50,ESG Reporting Software,esg-reporting-software,,,,
Software & SaaS,software-saas,10,"Finance, Accounting & Tax Software",finance-accounting-tax-software,51,Carbon Accounting Software,carbon-accounting-software,,,,
Software & SaaS,software-saas,10,"Finance, Accounting & Tax Software",finance-accounting-tax-software,52,Sustainability Reporting Software,sustainability-reporting-software,1,Green IT,Carbon Footprint IT,green-it-carbon-footprint-it
Software & SaaS,software-saas,10,"Finance, Accounting & Tax Software",finance-accounting-tax-software,52,Sustainability Reporting Software,sustainability-reporting-software,2,Green IT,Green Cloud,green-it-green-cloud
Software & SaaS,software-saas,10,"Finance, Accounting & Tax Software",finance-accounting-tax-software,52,Sustainability Reporting Software,sustainability-reporting-software,3,Green IT,Energy Efficient Code,green-it-energy-efficient-code
Software & SaaS,software-saas,10,"Finance, Accounting & Tax Software",finance-accounting-tax-software,52,Sustainability Reporting Software,sustainability-reporting-software,4,Green IT,E-Waste Management,green-it-e-waste-management
Software & SaaS,software-saas,10,"Finance, Accounting & Tax Software",finance-accounting-tax-software,52,Sustainability Reporting Software,sustainability-reporting-software,5,Green IT,Sustainable Hosting,green-it-sustainable-hosting
Software & SaaS,software-saas,10,"Finance, Accounting & Tax Software",finance-accounting-tax-software,52,Sustainability Reporting Software,sustainability-reporting-software,6,Green IT,Green Data Center,green-it-green-data-center
Software & SaaS,software-saas,10,"Finance, Accounting & Tax Software",finance-accounting-tax-software,52,Sustainability Reporting Software,sustainability-reporting-software,7,Green IT,Carbon Offset IT,green-it-carbon-offset-it
Software & SaaS,software-saas,10,"Finance, Accounting & Tax Software",finance-accounting-tax-software,52,Sustainability Reporting Software,sustainability-reporting-software,8,Green IT,Renewable Energy IT,green-it-renewable-energy-it
Software & SaaS,software-saas,10,"Finance, Accounting & Tax Software",finance-accounting-tax-software,52,Sustainability Reporting Software,sustainability-reporting-software,9,Green IT,Circular IT,green-it-circular-it
Software & SaaS,software-saas,10,"Finance, Accounting & Tax Software",finance-accounting-tax-software,52,Sustainability Reporting Software,sustainability-reporting-software,10,Green IT,Sustainability Reporting IT,green-it-sustainability-reporting-it
Software & SaaS,software-saas,10,"Finance, Accounting & Tax Software",finance-accounting-tax-software,53,Financial Planning & Analysis Software,financial-planning-analysis-software,1,FP&A Tools,Budgeting Software,fp-a-tools-budgeting-software
Software & SaaS,software-saas,10,"Finance, Accounting & Tax Software",finance-accounting-tax-software,53,Financial Planning & Analysis Software,financial-planning-analysis-software,2,FP&A Tools,Financial Forecasting,fp-a-tools-financial-forecasting
Software & SaaS,software-saas,10,"Finance, Accounting & Tax Software",finance-accounting-tax-software,53,Financial Planning & Analysis Software,financial-planning-analysis-software,3,FP&A Tools,Scenario Planning,fp-a-tools-scenario-planning
Software & SaaS,software-saas,10,"Finance, Accounting & Tax Software",finance-accounting-tax-software,53,Financial Planning & Analysis Software,financial-planning-analysis-software,4,FP&A Tools,Financial Modeling,fp-a-tools-financial-modeling
Software & SaaS,software-saas,10,"Finance, Accounting & Tax Software",finance-accounting-tax-software,53,Financial Planning & Analysis Software,financial-planning-analysis-software,5,FP&A Tools,Variance Analysis,fp-a-tools-variance-analysis
Software & SaaS,software-saas,10,"Finance, Accounting & Tax Software",finance-accounting-tax-software,53,Financial Planning & Analysis Software,financial-planning-analysis-software,6,FP&A Tools,Rolling Forecasts,fp-a-tools-rolling-forecasts
Software & SaaS,software-saas,10,"Finance, Accounting & Tax Software",finance-accounting-tax-software,53,Financial Planning & Analysis Software,financial-planning-analysis-software,7,FP&A Tools,Driver-Based Planning,fp-a-tools-driver-based-planning
Software & SaaS,software-saas,10,"Finance, Accounting & Tax Software",finance-accounting-tax-software,53,Financial Planning & Analysis Software,financial-planning-analysis-software,8,FP&A Tools,Consolidation,fp-a-tools-consolidation
Software & SaaS,software-saas,10,"Finance, Accounting & Tax Software",finance-accounting-tax-software,54,Budgeting Software,budgeting-software,,,,
Software & SaaS,software-saas,10,"Finance, Accounting & Tax Software",finance-accounting-tax-software,55,Rolling Forecast Software,rolling-forecast-software,,,,
Software & SaaS,software-saas,10,"Finance, Accounting & Tax Software",finance-accounting-tax-software,56,Scenario Planning Software,scenario-planning-software,,,,
Software & SaaS,software-saas,10,"Finance, Accounting & Tax Software",finance-accounting-tax-software,57,xP&A Platforms,xpa-platforms,,,,
Software & SaaS,software-saas,10,"Finance, Accounting & Tax Software",finance-accounting-tax-software,58,Equity Management Software,equity-management-software,,,,
Software & SaaS,software-saas,10,"Finance, Accounting & Tax Software",finance-accounting-tax-software,59,Cap Table Software,cap-table-software,,,,
Software & SaaS,software-saas,10,"Finance, Accounting & Tax Software",finance-accounting-tax-software,60,409A Valuation Software,409a-valuation-software,,,,
Software & SaaS,software-saas,10,"Finance, Accounting & Tax Software",finance-accounting-tax-software,61,Fund Administration Software,fund-administration-software,,,,
Software & SaaS,software-saas,10,"Finance, Accounting & Tax Software",finance-accounting-tax-software,62,Portfolio Monitoring Software,portfolio-monitoring-software,,,,
Software & SaaS,software-saas,10,"Finance, Accounting & Tax Software",finance-accounting-tax-software,63,Investment Accounting Software,investment-accounting-software,,,,
Software & SaaS,software-saas,10,"Finance, Accounting & Tax Software",finance-accounting-tax-software,64,Wealth Management Software,wealth-management-software,,,,
Software & SaaS,software-saas,10,"Finance, Accounting & Tax Software",finance-accounting-tax-software,65,Trust Accounting Software,trust-accounting-software,,,,
Software & SaaS,software-saas,10,"Finance, Accounting & Tax Software",finance-accounting-tax-software,66,Family Office Software,family-office-software,,,,
Software & SaaS,software-saas,10,"Finance, Accounting & Tax Software",finance-accounting-tax-software,67,Robo-Advisory Platforms,robo-advisory-platforms,,,,
Software & SaaS,software-saas,10,"Finance, Accounting & Tax Software",finance-accounting-tax-software,68,Stock Trading Platforms,stock-trading-platforms,,,,
Software & SaaS,software-saas,10,"Finance, Accounting & Tax Software",finance-accounting-tax-software,69,Crypto Trading Platforms,crypto-trading-platforms,,,,
Software & SaaS,software-saas,10,"Finance, Accounting & Tax Software",finance-accounting-tax-software,70,Personal Budgeting Apps,personal-budgeting-apps,,,,
Software & SaaS,software-saas,10,"Finance, Accounting & Tax Software",finance-accounting-tax-software,71,Personal Finance Apps,personal-finance-apps,,,,
Software & SaaS,software-saas,10,"Finance, Accounting & Tax Software",finance-accounting-tax-software,72,Bill Splitting Apps,bill-splitting-apps,,,,
Software & SaaS,software-saas,10,"Finance, Accounting & Tax Software",finance-accounting-tax-software,73,Subscription Tracking Apps,subscription-tracking-apps,,,,
Software & SaaS,software-saas,10,"Finance, Accounting & Tax Software",finance-accounting-tax-software,74,Financial Goal Tracking Apps,financial-goal-tracking-apps,,,,
Software & SaaS,software-saas,11,"Payments, Billing & Subscription Software",payments-billing-subscription-software,1,Payment Gateway Software,payment-gateway-software,,,,
Software & SaaS,software-saas,11,"Payments, Billing & Subscription Software",payments-billing-subscription-software,2,Online Payment Processing,online-payment-processing,1,Payment Processing,Online Payment Gateway,payment-processing-online-payment-gateway
Software & SaaS,software-saas,11,"Payments, Billing & Subscription Software",payments-billing-subscription-software,2,Online Payment Processing,online-payment-processing,2,Payment Processing,ACH Processing,payment-processing-ach-processing
Software & SaaS,software-saas,11,"Payments, Billing & Subscription Software",payments-billing-subscription-software,3,In-Person Payment Processing,in-person-payment-processing,1,Payment Processing,In-Person Payments,payment-processing-in-person-payments
Software & SaaS,software-saas,11,"Payments, Billing & Subscription Software",payments-billing-subscription-software,4,Mobile Payment Software,mobile-payment-software,,,,
Software & SaaS,software-saas,11,"Payments, Billing & Subscription Software",payments-billing-subscription-software,5,ACH Payment Software,ach-payment-software,,,,
Software & SaaS,software-saas,11,"Payments, Billing & Subscription Software",payments-billing-subscription-software,6,Wire Transfer Software,wire-transfer-software,,,,
Software & SaaS,software-saas,11,"Payments, Billing & Subscription Software",payments-billing-subscription-software,7,Crypto Payment Processing,crypto-payment-processing,,,,
Software & SaaS,software-saas,11,"Payments, Billing & Subscription Software",payments-billing-subscription-software,8,Cross-Border Payment Software,cross-border-payment-software,1,Global Commerce,Cross-Border Shipping,global-commerce-cross-border-shipping
Software & SaaS,software-saas,11,"Payments, Billing & Subscription Software",payments-billing-subscription-software,8,Cross-Border Payment Software,cross-border-payment-software,2,Privacy,Cross-Border Privacy,privacy-cross-border-privacy
Software & SaaS,software-saas,11,"Payments, Billing & Subscription Software",payments-billing-subscription-software,9,Recurring Payment Software,recurring-payment-software,,,,
Software & SaaS,software-saas,11,"Payments, Billing & Subscription Software",payments-billing-subscription-software,10,Subscription Management Software,subscription-management-software,,,,
Software & SaaS,software-saas,11,"Payments, Billing & Subscription Software",payments-billing-subscription-software,11,Subscription Billing Platforms,subscription-billing-platforms,1,Subscription Billing,Recurring Billing,subscription-billing-recurring-billing
Software & SaaS,software-saas,11,"Payments, Billing & Subscription Software",payments-billing-subscription-software,11,Subscription Billing Platforms,subscription-billing-platforms,2,Subscription Billing,Dunning Management,subscription-billing-dunning-management
Software & SaaS,software-saas,11,"Payments, Billing & Subscription Software",payments-billing-subscription-software,11,Subscription Billing Platforms,subscription-billing-platforms,3,Subscription Billing,Revenue Recovery,subscription-billing-revenue-recovery
Software & SaaS,software-saas,11,"Payments, Billing & Subscription Software",payments-billing-subscription-software,11,Subscription Billing Platforms,subscription-billing-platforms,4,Subscription Billing,Subscription Analytics,subscription-billing-subscription-analytics
Software & SaaS,software-saas,11,"Payments, Billing & Subscription Software",payments-billing-subscription-software,11,Subscription Billing Platforms,subscription-billing-platforms,5,Subscription Billing,Plan Management,subscription-billing-plan-management
Software & SaaS,software-saas,11,"Payments, Billing & Subscription Software",payments-billing-subscription-software,11,Subscription Billing Platforms,subscription-billing-platforms,6,Subscription Billing,Proration,subscription-billing-proration
Software & SaaS,software-saas,11,"Payments, Billing & Subscription Software",payments-billing-subscription-software,11,Subscription Billing Platforms,subscription-billing-platforms,7,Subscription Billing,Trial Management,subscription-billing-trial-management
Software & SaaS,software-saas,11,"Payments, Billing & Subscription Software",payments-billing-subscription-software,11,Subscription Billing Platforms,subscription-billing-platforms,8,Subscription Billing,Pricing Page Builders,subscription-billing-pricing-page-builders
Software & SaaS,software-saas,11,"Payments, Billing & Subscription Software",payments-billing-subscription-software,12,Usage-Based Billing Software,usage-based-billing-software,1,Invoicing,Time-Based Billing,invoicing-time-based-billing
Software & SaaS,software-saas,11,"Payments, Billing & Subscription Software",payments-billing-subscription-software,12,Usage-Based Billing Software,usage-based-billing-software,2,Subscription Billing,Usage-Based Billing,subscription-billing-usage-based-billing
Software & SaaS,software-saas,11,"Payments, Billing & Subscription Software",payments-billing-subscription-software,13,Metered Billing Software,metered-billing-software,1,Subscription Billing,Metered Billing,subscription-billing-metered-billing
Software & SaaS,software-saas,11,"Payments, Billing & Subscription Software",payments-billing-subscription-software,14,Hybrid Billing Software,hybrid-billing-software,,,,
Software & SaaS,software-saas,11,"Payments, Billing & Subscription Software",payments-billing-subscription-software,15,Telecom Billing Software,telecom-billing-software,,,,
Software & SaaS,software-saas,11,"Payments, Billing & Subscription Software",payments-billing-subscription-software,16,Utility Billing Software,utility-billing-software,,,,
Software & SaaS,software-saas,11,"Payments, Billing & Subscription Software",payments-billing-subscription-software,17,Rent Collection Software,rent-collection-software,,,,
Software & SaaS,software-saas,11,"Payments, Billing & Subscription Software",payments-billing-subscription-software,18,HOA Dues Collection Software,hoa-dues-collection-software,,,,
Software & SaaS,software-saas,11,"Payments, Billing & Subscription Software",payments-billing-subscription-software,19,Tuition Payment Software,tuition-payment-software,,,,
Software & SaaS,software-saas,11,"Payments, Billing & Subscription Software",payments-billing-subscription-software,20,Donation Payment Software,donation-payment-software,,,,
Software & SaaS,software-saas,11,"Payments, Billing & Subscription Software",payments-billing-subscription-software,21,Fundraising Payment Software,fundraising-payment-software,,,,
Software & SaaS,software-saas,11,"Payments, Billing & Subscription Software",payments-billing-subscription-software,22,Revenue Recognition Software,revenue-recognition-software,,,,
Software & SaaS,software-saas,11,"Payments, Billing & Subscription Software",payments-billing-subscription-software,23,Dunning Management Software,dunning-management-software,,,,
Software & SaaS,software-saas,11,"Payments, Billing & Subscription Software",payments-billing-subscription-software,24,Chargeback Management Software,chargeback-management-software,,,,
Software & SaaS,software-saas,11,"Payments, Billing & Subscription Software",payments-billing-subscription-software,25,PCI Compliance Software,pci-compliance-software,,,,
Software & SaaS,software-saas,11,"Payments, Billing & Subscription Software",payments-billing-subscription-software,26,Tokenization Services,tokenization-services,,,,
Software & SaaS,software-saas,11,"Payments, Billing & Subscription Software",payments-billing-subscription-software,27,Fraud Prevention for Payments,fraud-prevention-for-payments,,,,
Software & SaaS,software-saas,11,"Payments, Billing & Subscription Software",payments-billing-subscription-software,28,Buy Now Pay Later Software,buy-now-pay-later-software,1,Payment Processing,Buy Now Pay Later,payment-processing-buy-now-pay-later
Software & SaaS,software-saas,11,"Payments, Billing & Subscription Software",payments-billing-subscription-software,29,Installment Payment Software,installment-payment-software,,,,
Software & SaaS,software-saas,11,"Payments, Billing & Subscription Software",payments-billing-subscription-software,30,Embedded Finance Platforms,embedded-finance-platforms,,,,
Software & SaaS,software-saas,11,"Payments, Billing & Subscription Software",payments-billing-subscription-software,31,Banking-as-a-Service Platforms,banking-as-a-service-platforms,,,,
Software & SaaS,software-saas,11,"Payments, Billing & Subscription Software",payments-billing-subscription-software,32,Card Issuing Platforms,card-issuing-platforms,,,,
Software & SaaS,software-saas,12,ERP & Business Operations Software,erp-business-operations-software,1,Cloud ERP Software,cloud-erp-software,1,ERP Platforms,Cloud ERP,erp-platforms-cloud-erp
Software & SaaS,software-saas,12,ERP & Business Operations Software,erp-business-operations-software,1,Cloud ERP Software,cloud-erp-software,2,ERP Platforms,On-Premise ERP,erp-platforms-on-premise-erp
Software & SaaS,software-saas,12,ERP & Business Operations Software,erp-business-operations-software,1,Cloud ERP Software,cloud-erp-software,3,ERP Platforms,Small Business ERP,erp-platforms-small-business-erp
Software & SaaS,software-saas,12,ERP & Business Operations Software,erp-business-operations-software,1,Cloud ERP Software,cloud-erp-software,4,ERP Platforms,Mid-Market ERP,erp-platforms-mid-market-erp
Software & SaaS,software-saas,12,ERP & Business Operations Software,erp-business-operations-software,1,Cloud ERP Software,cloud-erp-software,5,ERP Platforms,Enterprise ERP,erp-platforms-enterprise-erp
Software & SaaS,software-saas,12,ERP & Business Operations Software,erp-business-operations-software,1,Cloud ERP Software,cloud-erp-software,6,ERP Modules,Financial Module,erp-modules-financial-module
Software & SaaS,software-saas,12,ERP & Business Operations Software,erp-business-operations-software,1,Cloud ERP Software,cloud-erp-software,7,ERP Modules,HR Module,erp-modules-hr-module
Software & SaaS,software-saas,12,ERP & Business Operations Software,erp-business-operations-software,1,Cloud ERP Software,cloud-erp-software,8,ERP Modules,Supply Chain Module,erp-modules-supply-chain-module
Software & SaaS,software-saas,12,ERP & Business Operations Software,erp-business-operations-software,1,Cloud ERP Software,cloud-erp-software,9,ERP Modules,CRM Module,erp-modules-crm-module
Software & SaaS,software-saas,12,ERP & Business Operations Software,erp-business-operations-software,1,Cloud ERP Software,cloud-erp-software,10,ERP Modules,Procurement Module,erp-modules-procurement-module
Software & SaaS,software-saas,12,ERP & Business Operations Software,erp-business-operations-software,1,Cloud ERP Software,cloud-erp-software,11,ERP Modules,Inventory Module,erp-modules-inventory-module
Software & SaaS,software-saas,12,ERP & Business Operations Software,erp-business-operations-software,1,Cloud ERP Software,cloud-erp-software,12,ERP Modules,Project Module,erp-modules-project-module
Software & SaaS,software-saas,12,ERP & Business Operations Software,erp-business-operations-software,1,Cloud ERP Software,cloud-erp-software,13,ERP Modules,Analytics Module,erp-modules-analytics-module
Software & SaaS,software-saas,12,ERP & Business Operations Software,erp-business-operations-software,1,Cloud ERP Software,cloud-erp-software,14,ERP Modules,eCommerce Module,erp-modules-ecommerce-module
Software & SaaS,software-saas,12,ERP & Business Operations Software,erp-business-operations-software,2,On-Premises ERP Software,on-premises-erp-software,,,,
Software & SaaS,software-saas,12,ERP & Business Operations Software,erp-business-operations-software,3,Two-Tier ERP Software,two-tier-erp-software,,,,
Software & SaaS,software-saas,12,ERP & Business Operations Software,erp-business-operations-software,4,Discrete Manufacturing ERP Software,discrete-manufacturing-erp-software,1,ERP Platforms,Manufacturing ERP,erp-platforms-manufacturing-erp
Software & SaaS,software-saas,12,ERP & Business Operations Software,erp-business-operations-software,4,Discrete Manufacturing ERP Software,discrete-manufacturing-erp-software,2,ERP Modules,Manufacturing Module,erp-modules-manufacturing-module
Software & SaaS,software-saas,12,ERP & Business Operations Software,erp-business-operations-software,5,Process Manufacturing ERP Software,process-manufacturing-erp-software,1,BPM,Process Automation,bpm-process-automation
Software & SaaS,software-saas,12,ERP & Business Operations Software,erp-business-operations-software,5,Process Manufacturing ERP Software,process-manufacturing-erp-software,2,BPM,Process Monitoring,bpm-process-monitoring
Software & SaaS,software-saas,12,ERP & Business Operations Software,erp-business-operations-software,5,Process Manufacturing ERP Software,process-manufacturing-erp-software,3,BPM,Process Analytics,bpm-process-analytics
Software & SaaS,software-saas,12,ERP & Business Operations Software,erp-business-operations-software,5,Process Manufacturing ERP Software,process-manufacturing-erp-software,4,BPM,Process Documentation,bpm-process-documentation
Software & SaaS,software-saas,12,ERP & Business Operations Software,erp-business-operations-software,5,Process Manufacturing ERP Software,process-manufacturing-erp-software,5,BPM,Process Governance,bpm-process-governance
Software & SaaS,software-saas,12,ERP & Business Operations Software,erp-business-operations-software,5,Process Manufacturing ERP Software,process-manufacturing-erp-software,6,BPM,Process Simulation,bpm-process-simulation
Software & SaaS,software-saas,12,ERP & Business Operations Software,erp-business-operations-software,5,Process Manufacturing ERP Software,process-manufacturing-erp-software,7,BPM,Process Compliance,bpm-process-compliance
Software & SaaS,software-saas,12,ERP & Business Operations Software,erp-business-operations-software,5,Process Manufacturing ERP Software,process-manufacturing-erp-software,8,RPA,Desktop Automation,rpa-desktop-automation
Software & SaaS,software-saas,12,ERP & Business Operations Software,erp-business-operations-software,5,Process Manufacturing ERP Software,process-manufacturing-erp-software,9,RPA,Web Automation,rpa-web-automation
Software & SaaS,software-saas,12,ERP & Business Operations Software,erp-business-operations-software,5,Process Manufacturing ERP Software,process-manufacturing-erp-software,10,RPA,Document Automation,rpa-document-automation
Software & SaaS,software-saas,12,ERP & Business Operations Software,erp-business-operations-software,5,Process Manufacturing ERP Software,process-manufacturing-erp-software,11,RPA,Email Automation,rpa-email-automation
Software & SaaS,software-saas,12,ERP & Business Operations Software,erp-business-operations-software,5,Process Manufacturing ERP Software,process-manufacturing-erp-software,12,RPA,Data Entry Automation,rpa-data-entry-automation
Software & SaaS,software-saas,12,ERP & Business Operations Software,erp-business-operations-software,5,Process Manufacturing ERP Software,process-manufacturing-erp-software,13,RPA,Report Automation,rpa-report-automation
Software & SaaS,software-saas,12,ERP & Business Operations Software,erp-business-operations-software,5,Process Manufacturing ERP Software,process-manufacturing-erp-software,14,RPA,Invoice Automation,rpa-invoice-automation
Software & SaaS,software-saas,12,ERP & Business Operations Software,erp-business-operations-software,5,Process Manufacturing ERP Software,process-manufacturing-erp-software,15,RPA,HR Automation,rpa-hr-automation
Software & SaaS,software-saas,12,ERP & Business Operations Software,erp-business-operations-software,5,Process Manufacturing ERP Software,process-manufacturing-erp-software,16,RPA,Finance Automation,rpa-finance-automation
Software & SaaS,software-saas,12,ERP & Business Operations Software,erp-business-operations-software,5,Process Manufacturing ERP Software,process-manufacturing-erp-software,17,RPA,IT Automation,rpa-it-automation
Software & SaaS,software-saas,12,ERP & Business Operations Software,erp-business-operations-software,6,Mixed-Mode Manufacturing ERP,mixed-mode-manufacturing-erp,,,,
Software & SaaS,software-saas,12,ERP & Business Operations Software,erp-business-operations-software,7,Distribution ERP Software,distribution-erp-software,1,ERP Platforms,Distribution ERP,erp-platforms-distribution-erp
Software & SaaS,software-saas,12,ERP & Business Operations Software,erp-business-operations-software,8,Wholesale ERP Software,wholesale-erp-software,,,,
Software & SaaS,software-saas,12,ERP & Business Operations Software,erp-business-operations-software,9,Retail ERP Software,retail-erp-software,,,,
Software & SaaS,software-saas,12,ERP & Business Operations Software,erp-business-operations-software,10,Construction ERP Software,construction-erp-software,,,,
Software & SaaS,software-saas,12,ERP & Business Operations Software,erp-business-operations-software,11,Professional Services ERP Software,professional-services-erp-software,1,ERP Platforms,Services ERP,erp-platforms-services-erp
Software & SaaS,software-saas,12,ERP & Business Operations Software,erp-business-operations-software,11,Professional Services ERP Software,professional-services-erp-software,2,Field Service,Dispatch & Scheduling,field-service-dispatch-scheduling
Software & SaaS,software-saas,12,ERP & Business Operations Software,erp-business-operations-software,11,Professional Services ERP Software,professional-services-erp-software,3,Field Service,Mobile Workforce,field-service-mobile-workforce
Software & SaaS,software-saas,12,ERP & Business Operations Software,erp-business-operations-software,11,Professional Services ERP Software,professional-services-erp-software,4,Field Service,Technician Management,field-service-technician-management
Software & SaaS,software-saas,12,ERP & Business Operations Software,erp-business-operations-software,11,Professional Services ERP Software,professional-services-erp-software,5,Field Service,Service Contracts,field-service-service-contracts
Software & SaaS,software-saas,12,ERP & Business Operations Software,erp-business-operations-software,11,Professional Services ERP Software,professional-services-erp-software,6,Field Service,Parts Management,field-service-parts-management
Software & SaaS,software-saas,12,ERP & Business Operations Software,erp-business-operations-software,11,Professional Services ERP Software,professional-services-erp-software,7,Field Service,Route Planning,field-service-route-planning
Software & SaaS,software-saas,12,ERP & Business Operations Software,erp-business-operations-software,11,Professional Services ERP Software,professional-services-erp-software,8,Field Service,Customer Communication,field-service-customer-communication
Software & SaaS,software-saas,12,ERP & Business Operations Software,erp-business-operations-software,11,Professional Services ERP Software,professional-services-erp-software,9,Field Service,Invoicing,field-service-invoicing
Software & SaaS,software-saas,12,ERP & Business Operations Software,erp-business-operations-software,11,Professional Services ERP Software,professional-services-erp-software,10,Field Service,Reporting,field-service-reporting
Software & SaaS,software-saas,12,ERP & Business Operations Software,erp-business-operations-software,12,Nonprofit ERP Software,nonprofit-erp-software,1,ERP Platforms,Nonprofit ERP,erp-platforms-nonprofit-erp
Software & SaaS,software-saas,12,ERP & Business Operations Software,erp-business-operations-software,13,Public Sector ERP Software,public-sector-erp-software,,,,
Software & SaaS,software-saas,12,ERP & Business Operations Software,erp-business-operations-software,14,Higher Education ERP Software,higher-education-erp-software,,,,
Software & SaaS,software-saas,12,ERP & Business Operations Software,erp-business-operations-software,15,Healthcare ERP Software,healthcare-erp-software,,,,
Software & SaaS,software-saas,12,ERP & Business Operations Software,erp-business-operations-software,16,Food & Beverage ERP Software,food-beverage-erp-software,,,,
Software & SaaS,software-saas,12,ERP & Business Operations Software,erp-business-operations-software,17,Apparel ERP Software,apparel-erp-software,,,,
Software & SaaS,software-saas,12,ERP & Business Operations Software,erp-business-operations-software,18,Automotive ERP Software,automotive-erp-software,,,,
Software & SaaS,software-saas,12,ERP & Business Operations Software,erp-business-operations-software,19,Aerospace & Defense ERP Software,aerospace-defense-erp-software,,,,
Software & SaaS,software-saas,12,ERP & Business Operations Software,erp-business-operations-software,20,Chemical Industry ERP Software,chemical-industry-erp-software,1,ERP Platforms,Industry ERP,erp-platforms-industry-erp
Software & SaaS,software-saas,12,ERP & Business Operations Software,erp-business-operations-software,20,Chemical Industry ERP Software,chemical-industry-erp-software,2,Industry Quality,ISO 9001,industry-quality-iso-9001
Software & SaaS,software-saas,12,ERP & Business Operations Software,erp-business-operations-software,20,Chemical Industry ERP Software,chemical-industry-erp-software,3,Industry Quality,ISO 13485,industry-quality-iso-13485
Software & SaaS,software-saas,12,ERP & Business Operations Software,erp-business-operations-software,20,Chemical Industry ERP Software,chemical-industry-erp-software,4,Industry Quality,AS9100,industry-quality-as9100
Software & SaaS,software-saas,12,ERP & Business Operations Software,erp-business-operations-software,20,Chemical Industry ERP Software,chemical-industry-erp-software,5,Industry Quality,IATF 16949,industry-quality-iatf-16949
Software & SaaS,software-saas,12,ERP & Business Operations Software,erp-business-operations-software,20,Chemical Industry ERP Software,chemical-industry-erp-software,6,Industry Quality,ISO 14001,industry-quality-iso-14001
Software & SaaS,software-saas,12,ERP & Business Operations Software,erp-business-operations-software,20,Chemical Industry ERP Software,chemical-industry-erp-software,7,Industry Quality,ISO 45001,industry-quality-iso-45001
Software & SaaS,software-saas,12,ERP & Business Operations Software,erp-business-operations-software,20,Chemical Industry ERP Software,chemical-industry-erp-software,8,Industry Quality,FDA Compliance,industry-quality-fda-compliance
Software & SaaS,software-saas,12,ERP & Business Operations Software,erp-business-operations-software,20,Chemical Industry ERP Software,chemical-industry-erp-software,9,Industry Quality,GMP Compliance,industry-quality-gmp-compliance
Software & SaaS,software-saas,12,ERP & Business Operations Software,erp-business-operations-software,20,Chemical Industry ERP Software,chemical-industry-erp-software,10,Industry Quality,HACCP,industry-quality-haccp
Software & SaaS,software-saas,12,ERP & Business Operations Software,erp-business-operations-software,21,Pharmaceutical ERP Software,pharmaceutical-erp-software,,,,
Software & SaaS,software-saas,12,ERP & Business Operations Software,erp-business-operations-software,22,Energy & Utilities ERP Software,energy-utilities-erp-software,,,,
Software & SaaS,software-saas,12,ERP & Business Operations Software,erp-business-operations-software,23,Mining ERP Software,mining-erp-software,,,,
Software & SaaS,software-saas,12,ERP & Business Operations Software,erp-business-operations-software,24,Marine ERP Software,marine-erp-software,,,,
Software & SaaS,software-saas,12,ERP & Business Operations Software,erp-business-operations-software,25,Hospitality ERP Software,hospitality-erp-software,,,,
Software & SaaS,software-saas,12,ERP & Business Operations Software,erp-business-operations-software,26,Operations Management Software,operations-management-software,1,Facility Management,CMMS Software,facility-management-cmms-software
Software & SaaS,software-saas,12,ERP & Business Operations Software,erp-business-operations-software,26,Operations Management Software,operations-management-software,2,Facility Management,Preventive Maintenance,facility-management-preventive-maintenance
Software & SaaS,software-saas,12,ERP & Business Operations Software,erp-business-operations-software,26,Operations Management Software,operations-management-software,3,Facility Management,Work Order Management,facility-management-work-order-management
Software & SaaS,software-saas,12,ERP & Business Operations Software,erp-business-operations-software,26,Operations Management Software,operations-management-software,4,Facility Management,Asset Management,facility-management-asset-management
Software & SaaS,software-saas,12,ERP & Business Operations Software,erp-business-operations-software,26,Operations Management Software,operations-management-software,5,Facility Management,Space Management,facility-management-space-management
Software & SaaS,software-saas,12,ERP & Business Operations Software,erp-business-operations-software,26,Operations Management Software,operations-management-software,6,Facility Management,Lease Management,facility-management-lease-management
Software & SaaS,software-saas,12,ERP & Business Operations Software,erp-business-operations-software,26,Operations Management Software,operations-management-software,7,Facility Management,Energy Management,facility-management-energy-management
Software & SaaS,software-saas,12,ERP & Business Operations Software,erp-business-operations-software,26,Operations Management Software,operations-management-software,8,Facility Management,Sustainability Tracking,facility-management-sustainability-tracking
Software & SaaS,software-saas,12,ERP & Business Operations Software,erp-business-operations-software,26,Operations Management Software,operations-management-software,9,Facility Management,BMS Integration,facility-management-bms-integration
Software & SaaS,software-saas,12,ERP & Business Operations Software,erp-business-operations-software,26,Operations Management Software,operations-management-software,10,Facility Management,Facility Booking,facility-management-facility-booking
Software & SaaS,software-saas,12,ERP & Business Operations Software,erp-business-operations-software,26,Operations Management Software,operations-management-software,11,Vehicle Management,Fleet Tracking,vehicle-management-fleet-tracking
Software & SaaS,software-saas,12,ERP & Business Operations Software,erp-business-operations-software,26,Operations Management Software,operations-management-software,12,Vehicle Management,Driver Management,vehicle-management-driver-management
Software & SaaS,software-saas,12,ERP & Business Operations Software,erp-business-operations-software,26,Operations Management Software,operations-management-software,13,Vehicle Management,Fuel Management,vehicle-management-fuel-management
Software & SaaS,software-saas,12,ERP & Business Operations Software,erp-business-operations-software,26,Operations Management Software,operations-management-software,14,Vehicle Management,Maintenance Scheduling,vehicle-management-maintenance-scheduling
Software & SaaS,software-saas,12,ERP & Business Operations Software,erp-business-operations-software,26,Operations Management Software,operations-management-software,15,Vehicle Management,Vehicle Inspection,vehicle-management-vehicle-inspection
Software & SaaS,software-saas,12,ERP & Business Operations Software,erp-business-operations-software,26,Operations Management Software,operations-management-software,16,Vehicle Management,Route Planning Fleet,vehicle-management-route-planning-fleet
Software & SaaS,software-saas,12,ERP & Business Operations Software,erp-business-operations-software,26,Operations Management Software,operations-management-software,17,Vehicle Management,Compliance Fleet,vehicle-management-compliance-fleet
Software & SaaS,software-saas,12,ERP & Business Operations Software,erp-business-operations-software,26,Operations Management Software,operations-management-software,18,Vehicle Management,Insurance Fleet,vehicle-management-insurance-fleet
Software & SaaS,software-saas,12,ERP & Business Operations Software,erp-business-operations-software,26,Operations Management Software,operations-management-software,19,Vehicle Management,Telematics,vehicle-management-telematics
Software & SaaS,software-saas,12,ERP & Business Operations Software,erp-business-operations-software,26,Operations Management Software,operations-management-software,20,Vehicle Management,EV Fleet Management,vehicle-management-ev-fleet-management
Software & SaaS,software-saas,12,ERP & Business Operations Software,erp-business-operations-software,26,Operations Management Software,operations-management-software,21,QMS Systems,Document Control,qms-systems-document-control
Software & SaaS,software-saas,12,ERP & Business Operations Software,erp-business-operations-software,26,Operations Management Software,operations-management-software,22,QMS Systems,CAPA Management,qms-systems-capa-management
Software & SaaS,software-saas,12,ERP & Business Operations Software,erp-business-operations-software,26,Operations Management Software,operations-management-software,23,QMS Systems,Audit Management QMS,qms-systems-audit-management-qms
Software & SaaS,software-saas,12,ERP & Business Operations Software,erp-business-operations-software,26,Operations Management Software,operations-management-software,24,QMS Systems,Training Management,qms-systems-training-management
Software & SaaS,software-saas,12,ERP & Business Operations Software,erp-business-operations-software,26,Operations Management Software,operations-management-software,25,QMS Systems,Inspection Management,qms-systems-inspection-management
Software & SaaS,software-saas,12,ERP & Business Operations Software,erp-business-operations-software,26,Operations Management Software,operations-management-software,26,QMS Systems,Nonconformance,qms-systems-nonconformance
Software & SaaS,software-saas,12,ERP & Business Operations Software,erp-business-operations-software,26,Operations Management Software,operations-management-software,27,QMS Systems,Risk Management QMS,qms-systems-risk-management-qms
Software & SaaS,software-saas,12,ERP & Business Operations Software,erp-business-operations-software,26,Operations Management Software,operations-management-software,28,QMS Systems,Change Control,qms-systems-change-control
Software & SaaS,software-saas,12,ERP & Business Operations Software,erp-business-operations-software,26,Operations Management Software,operations-management-software,29,QMS Systems,Calibration Management,qms-systems-calibration-management
Software & SaaS,software-saas,12,ERP & Business Operations Software,erp-business-operations-software,27,Operations Dashboards,operations-dashboards,,,,
Software & SaaS,software-saas,12,ERP & Business Operations Software,erp-business-operations-software,28,Process Mining Software,process-mining-software,1,BPM,Process Mining,bpm-process-mining
Software & SaaS,software-saas,12,ERP & Business Operations Software,erp-business-operations-software,29,Process Modeling Software,process-modeling-software,1,BPM,Process Modeling,bpm-process-modeling
Software & SaaS,software-saas,12,ERP & Business Operations Software,erp-business-operations-software,30,Standard Operating Procedure Software,standard-operating-procedure-software,,,,
Software & SaaS,software-saas,12,ERP & Business Operations Software,erp-business-operations-software,31,Issue Tracking for Operations,issue-tracking-for-operations,1,Shipping & Fulfillment,Package Tracking,shipping-fulfillment-package-tracking
Software & SaaS,software-saas,12,ERP & Business Operations Software,erp-business-operations-software,31,Issue Tracking for Operations,issue-tracking-for-operations,2,Asset Tracking,IT Asset Tracking,asset-tracking-it-asset-tracking
Software & SaaS,software-saas,12,ERP & Business Operations Software,erp-business-operations-software,31,Issue Tracking for Operations,issue-tracking-for-operations,3,Asset Tracking,Equipment Tracking,asset-tracking-equipment-tracking
Software & SaaS,software-saas,12,ERP & Business Operations Software,erp-business-operations-software,31,Issue Tracking for Operations,issue-tracking-for-operations,4,Asset Tracking,Tool Tracking,asset-tracking-tool-tracking
Software & SaaS,software-saas,12,ERP & Business Operations Software,erp-business-operations-software,31,Issue Tracking for Operations,issue-tracking-for-operations,5,Asset Tracking,Medical Equipment,asset-tracking-medical-equipment
Software & SaaS,software-saas,12,ERP & Business Operations Software,erp-business-operations-software,31,Issue Tracking for Operations,issue-tracking-for-operations,6,Asset Tracking,Construction Equipment,asset-tracking-construction-equipment
Software & SaaS,software-saas,12,ERP & Business Operations Software,erp-business-operations-software,31,Issue Tracking for Operations,issue-tracking-for-operations,7,Asset Tracking,AV Equipment,asset-tracking-av-equipment
Software & SaaS,software-saas,12,ERP & Business Operations Software,erp-business-operations-software,31,Issue Tracking for Operations,issue-tracking-for-operations,8,Asset Tracking,Lab Equipment,asset-tracking-lab-equipment
Software & SaaS,software-saas,12,ERP & Business Operations Software,erp-business-operations-software,32,Continuous Improvement Software,continuous-improvement-software,1,BPM,Continuous Improvement,bpm-continuous-improvement
Software & SaaS,software-saas,12,ERP & Business Operations Software,erp-business-operations-software,33,Lean Manufacturing Software,lean-manufacturing-software,,,,
Software & SaaS,software-saas,12,ERP & Business Operations Software,erp-business-operations-software,34,Six Sigma Software,six-sigma-software,1,Industry Quality,Six Sigma,industry-quality-six-sigma
Software & SaaS,software-saas,13,Supply Chain & Logistics Software,supply-chain-logistics-software,1,Supply Chain Management Software,supply-chain-management-software,1,Procurement,Purchasing Software,procurement-purchasing-software
Software & SaaS,software-saas,13,Supply Chain & Logistics Software,supply-chain-logistics-software,1,Supply Chain Management Software,supply-chain-management-software,2,Procurement,Vendor Management,procurement-vendor-management
Software & SaaS,software-saas,13,Supply Chain & Logistics Software,supply-chain-logistics-software,1,Supply Chain Management Software,supply-chain-management-software,3,Procurement,Sourcing,procurement-sourcing
Software & SaaS,software-saas,13,Supply Chain & Logistics Software,supply-chain-logistics-software,1,Supply Chain Management Software,supply-chain-management-software,4,Procurement,Contract Procurement,procurement-contract-procurement
Software & SaaS,software-saas,13,Supply Chain & Logistics Software,supply-chain-logistics-software,1,Supply Chain Management Software,supply-chain-management-software,5,Procurement,Spend Analysis,procurement-spend-analysis
Software & SaaS,software-saas,13,Supply Chain & Logistics Software,supply-chain-logistics-software,1,Supply Chain Management Software,supply-chain-management-software,6,Procurement,Purchase Requisition,procurement-purchase-requisition
Software & SaaS,software-saas,13,Supply Chain & Logistics Software,supply-chain-logistics-software,1,Supply Chain Management Software,supply-chain-management-software,7,Procurement,Purchase Order,procurement-purchase-order
Software & SaaS,software-saas,13,Supply Chain & Logistics Software,supply-chain-logistics-software,1,Supply Chain Management Software,supply-chain-management-software,8,Procurement,Invoice Matching,procurement-invoice-matching
Software & SaaS,software-saas,13,Supply Chain & Logistics Software,supply-chain-logistics-software,1,Supply Chain Management Software,supply-chain-management-software,9,Procurement,Supplier Portal,procurement-supplier-portal
Software & SaaS,software-saas,13,Supply Chain & Logistics Software,supply-chain-logistics-software,1,Supply Chain Management Software,supply-chain-management-software,10,Procurement,Procurement Analytics,procurement-procurement-analytics
Software & SaaS,software-saas,13,Supply Chain & Logistics Software,supply-chain-logistics-software,1,Supply Chain Management Software,supply-chain-management-software,11,Logistics,Transportation Management,logistics-transportation-management
Software & SaaS,software-saas,13,Supply Chain & Logistics Software,supply-chain-logistics-software,1,Supply Chain Management Software,supply-chain-management-software,12,Logistics,Fleet Management,logistics-fleet-management
Software & SaaS,software-saas,13,Supply Chain & Logistics Software,supply-chain-logistics-software,1,Supply Chain Management Software,supply-chain-management-software,13,Logistics,Freight Management,logistics-freight-management
Software & SaaS,software-saas,13,Supply Chain & Logistics Software,supply-chain-logistics-software,1,Supply Chain Management Software,supply-chain-management-software,14,Logistics,Carrier Management,logistics-carrier-management
Software & SaaS,software-saas,13,Supply Chain & Logistics Software,supply-chain-logistics-software,1,Supply Chain Management Software,supply-chain-management-software,15,Logistics,Cross-Docking,logistics-cross-docking
Software & SaaS,software-saas,13,Supply Chain & Logistics Software,supply-chain-logistics-software,1,Supply Chain Management Software,supply-chain-management-software,16,Warehouse,WMS Software,warehouse-wms-software
Software & SaaS,software-saas,13,Supply Chain & Logistics Software,supply-chain-logistics-software,1,Supply Chain Management Software,supply-chain-management-software,17,Warehouse,Inventory Control,warehouse-inventory-control
Software & SaaS,software-saas,13,Supply Chain & Logistics Software,supply-chain-logistics-software,1,Supply Chain Management Software,supply-chain-management-software,18,Warehouse,RFID Solutions,warehouse-rfid-solutions
Software & SaaS,software-saas,13,Supply Chain & Logistics Software,supply-chain-logistics-software,1,Supply Chain Management Software,supply-chain-management-software,19,Warehouse,Yard Management,warehouse-yard-management
Software & SaaS,software-saas,13,Supply Chain & Logistics Software,supply-chain-logistics-software,1,Supply Chain Management Software,supply-chain-management-software,20,Warehouse,Labor Management,warehouse-labor-management
Software & SaaS,software-saas,13,Supply Chain & Logistics Software,supply-chain-logistics-software,1,Supply Chain Management Software,supply-chain-management-software,21,Warehouse,Slotting Optimization,warehouse-slotting-optimization
Software & SaaS,software-saas,13,Supply Chain & Logistics Software,supply-chain-logistics-software,2,Supply Chain Visibility Software,supply-chain-visibility-software,1,Logistics,Tracking & Visibility,logistics-tracking-visibility
Software & SaaS,software-saas,13,Supply Chain & Logistics Software,supply-chain-logistics-software,3,Supply Chain Planning Software,supply-chain-planning-software,,,,
Software & SaaS,software-saas,13,Supply Chain & Logistics Software,supply-chain-logistics-software,4,Demand Planning Software,demand-planning-software,,,,
Software & SaaS,software-saas,13,Supply Chain & Logistics Software,supply-chain-logistics-software,5,Sales & Operations Planning Software,sales-operations-planning-software,,,,
Software & SaaS,software-saas,13,Supply Chain & Logistics Software,supply-chain-logistics-software,6,Inventory Optimization Software,inventory-optimization-software,,,,
Software & SaaS,software-saas,13,Supply Chain & Logistics Software,supply-chain-logistics-software,7,Order Management Systems,order-management-systems,,,,
Software & SaaS,software-saas,13,Supply Chain & Logistics Software,supply-chain-logistics-software,8,Distributed Order Management Software,distributed-order-management-software,,,,
Software & SaaS,software-saas,13,Supply Chain & Logistics Software,supply-chain-logistics-software,9,Warehouse Management Systems,warehouse-management-systems,1,Warehouse,3PL Warehouse,warehouse-3pl-warehouse
Software & SaaS,software-saas,13,Supply Chain & Logistics Software,supply-chain-logistics-software,10,Warehouse Execution Systems,warehouse-execution-systems,,,,
Software & SaaS,software-saas,13,Supply Chain & Logistics Software,supply-chain-logistics-software,11,Yard Management Software,yard-management-software,,,,
Software & SaaS,software-saas,13,Supply Chain & Logistics Software,supply-chain-logistics-software,12,Dock Scheduling Software,dock-scheduling-software,1,Logistics,Dock Scheduling,logistics-dock-scheduling
Software & SaaS,software-saas,13,Supply Chain & Logistics Software,supply-chain-logistics-software,13,Pick Pack Ship Software,pick-pack-ship-software,1,Warehouse,Pick & Pack,warehouse-pick-pack
Software & SaaS,software-saas,13,Supply Chain & Logistics Software,supply-chain-logistics-software,14,Barcode Scanning Software,barcode-scanning-software,1,Warehouse,Barcode Scanning,warehouse-barcode-scanning
Software & SaaS,software-saas,13,Supply Chain & Logistics Software,supply-chain-logistics-software,15,Mobile Inventory Apps,mobile-inventory-apps,,,,
Software & SaaS,software-saas,13,Supply Chain & Logistics Software,supply-chain-logistics-software,16,Cycle Counting Software,cycle-counting-software,1,Warehouse,Cycle Counting,warehouse-cycle-counting
Software & SaaS,software-saas,13,Supply Chain & Logistics Software,supply-chain-logistics-software,17,Lot & Serial Tracking Software,lot-serial-tracking-software,,,,
Software & SaaS,software-saas,13,Supply Chain & Logistics Software,supply-chain-logistics-software,18,RFID Inventory Software,rfid-inventory-software,,,,
Software & SaaS,software-saas,13,Supply Chain & Logistics Software,supply-chain-logistics-software,19,Cold Chain Management Software,cold-chain-management-software,1,Logistics,Cold Chain,logistics-cold-chain
Software & SaaS,software-saas,13,Supply Chain & Logistics Software,supply-chain-logistics-software,20,Returns Management Software,returns-management-software,,,,
Software & SaaS,software-saas,13,Supply Chain & Logistics Software,supply-chain-logistics-software,21,Reverse Logistics Software,reverse-logistics-software,1,Logistics,Reverse Logistics,logistics-reverse-logistics
Software & SaaS,software-saas,13,Supply Chain & Logistics Software,supply-chain-logistics-software,22,Transportation Management Systems,transportation-management-systems,,,,
Software & SaaS,software-saas,13,Supply Chain & Logistics Software,supply-chain-logistics-software,23,Freight Management Software,freight-management-software,,,,
Software & SaaS,software-saas,13,Supply Chain & Logistics Software,supply-chain-logistics-software,24,Less-than-Truckload Software,less-than-truckload-software,,,,
Software & SaaS,software-saas,13,Supply Chain & Logistics Software,supply-chain-logistics-software,25,Full-Truckload Management Software,full-truckload-management-software,,,,
Software & SaaS,software-saas,13,Supply Chain & Logistics Software,supply-chain-logistics-software,26,Parcel Shipping Software,parcel-shipping-software,,,,
Software & SaaS,software-saas,13,Supply Chain & Logistics Software,supply-chain-logistics-software,27,Multi-Carrier Shipping Software,multi-carrier-shipping-software,,,,
Software & SaaS,software-saas,13,Supply Chain & Logistics Software,supply-chain-logistics-software,28,Shipping Rate Comparison Software,shipping-rate-comparison-software,1,Shipping & Fulfillment,Rate Comparison,shipping-fulfillment-rate-comparison
Software & SaaS,software-saas,13,Supply Chain & Logistics Software,supply-chain-logistics-software,29,Freight Audit & Payment Software,freight-audit-payment-software,,,,
Software & SaaS,software-saas,13,Supply Chain & Logistics Software,supply-chain-logistics-software,30,Customs Brokerage Software,customs-brokerage-software,,,,
Software & SaaS,software-saas,13,Supply Chain & Logistics Software,supply-chain-logistics-software,31,Trade Compliance Software,trade-compliance-software,1,Global Commerce,Trade Compliance,global-commerce-trade-compliance
Software & SaaS,software-saas,13,Supply Chain & Logistics Software,supply-chain-logistics-software,31,Trade Compliance Software,trade-compliance-software,2,Industry Compliance,Trade Compliance,industry-compliance-trade-compliance
Software & SaaS,software-saas,13,Supply Chain & Logistics Software,supply-chain-logistics-software,32,Import Export Management Software,import-export-management-software,,,,
Software & SaaS,software-saas,13,Supply Chain & Logistics Software,supply-chain-logistics-software,33,Container Tracking Software,container-tracking-software,,,,
Software & SaaS,software-saas,13,Supply Chain & Logistics Software,supply-chain-logistics-software,34,Last-Mile Delivery Software,last-mile-delivery-software,1,Shipping & Fulfillment,Last-Mile Delivery,shipping-fulfillment-last-mile-delivery
Software & SaaS,software-saas,13,Supply Chain & Logistics Software,supply-chain-logistics-software,35,Route Optimization Software,route-optimization-software,1,Logistics,Route Optimization,logistics-route-optimization
Software & SaaS,software-saas,13,Supply Chain & Logistics Software,supply-chain-logistics-software,36,Driver Dispatch Software,driver-dispatch-software,,,,
Software & SaaS,software-saas,13,Supply Chain & Logistics Software,supply-chain-logistics-software,37,Courier Software,courier-software,,,,
Software & SaaS,software-saas,13,Supply Chain & Logistics Software,supply-chain-logistics-software,38,Crowdsourced Delivery Software,crowdsourced-delivery-software,,,,
Software & SaaS,software-saas,13,Supply Chain & Logistics Software,supply-chain-logistics-software,39,Delivery Tracking Apps for Customers,delivery-tracking-apps-for-customers,,,,
Software & SaaS,software-saas,13,Supply Chain & Logistics Software,supply-chain-logistics-software,40,Proof of Delivery Software,proof-of-delivery-software,,,,
Software & SaaS,software-saas,13,Supply Chain & Logistics Software,supply-chain-logistics-software,41,Fleet Management Software,fleet-management-software,,,,
Software & SaaS,software-saas,13,Supply Chain & Logistics Software,supply-chain-logistics-software,42,Fuel Card Management Software,fuel-card-management-software,,,,
Software & SaaS,software-saas,13,Supply Chain & Logistics Software,supply-chain-logistics-software,43,Driver Safety Software,driver-safety-software,,,,
Software & SaaS,software-saas,13,Supply Chain & Logistics Software,supply-chain-logistics-software,44,ELD Compliance Software,eld-compliance-software,,,,
Software & SaaS,software-saas,13,Supply Chain & Logistics Software,supply-chain-logistics-software,45,Telematics Software,telematics-software,,,,
Software & SaaS,software-saas,13,Supply Chain & Logistics Software,supply-chain-logistics-software,46,Vehicle Maintenance Software,vehicle-maintenance-software,,,,
Software & SaaS,software-saas,13,Supply Chain & Logistics Software,supply-chain-logistics-software,47,Tire Management Software,tire-management-software,,,,
Software & SaaS,software-saas,13,Supply Chain & Logistics Software,supply-chain-logistics-software,48,Trailer Tracking Software,trailer-tracking-software,,,,
Software & SaaS,software-saas,14,Manufacturing & Production Software,manufacturing-production-software,1,Manufacturing Execution Systems,manufacturing-execution-systems,,,,
Software & SaaS,software-saas,14,Manufacturing & Production Software,manufacturing-production-software,2,Shop Floor Control Software,shop-floor-control-software,,,,
Software & SaaS,software-saas,14,Manufacturing & Production Software,manufacturing-production-software,3,Production Scheduling Software,production-scheduling-software,,,,
Software & SaaS,software-saas,14,Manufacturing & Production Software,manufacturing-production-software,4,Capacity Planning for Manufacturing,capacity-planning-for-manufacturing,,,,
Software & SaaS,software-saas,14,Manufacturing & Production Software,manufacturing-production-software,5,Material Requirements Planning Software,material-requirements-planning-software,,,,
Software & SaaS,software-saas,14,Manufacturing & Production Software,manufacturing-production-software,6,Bill of Materials Software,bill-of-materials-software,,,,
Software & SaaS,software-saas,14,Manufacturing & Production Software,manufacturing-production-software,7,Engineering Change Management Software,engineering-change-management-software,,,,
Software & SaaS,software-saas,14,Manufacturing & Production Software,manufacturing-production-software,8,Product Lifecycle Management Software,product-lifecycle-management-software,,,,
Software & SaaS,software-saas,14,Manufacturing & Production Software,manufacturing-production-software,9,Computer-Aided Design Software,computer-aided-design-software,,,,
Software & SaaS,software-saas,14,Manufacturing & Production Software,manufacturing-production-software,10,Computer-Aided Manufacturing Software,computer-aided-manufacturing-software,,,,
Software & SaaS,software-saas,14,Manufacturing & Production Software,manufacturing-production-software,11,CNC Programming Software,cnc-programming-software,,,,
Software & SaaS,software-saas,14,Manufacturing & Production Software,manufacturing-production-software,12,3D Printing Workflow Software,3d-printing-workflow-software,,,,
Software & SaaS,software-saas,14,Manufacturing & Production Software,manufacturing-production-software,13,Quality Management Systems,quality-management-systems,1,QMS Systems,Supplier Quality,qms-systems-supplier-quality
Software & SaaS,software-saas,14,Manufacturing & Production Software,manufacturing-production-software,14,Statistical Process Control Software,statistical-process-control-software,,,,
Software & SaaS,software-saas,14,Manufacturing & Production Software,manufacturing-production-software,15,Calibration Management Software,calibration-management-software,,,,
Software & SaaS,software-saas,14,Manufacturing & Production Software,manufacturing-production-software,16,Non-Conformance Tracking Software,non-conformance-tracking-software,,,,
Software & SaaS,software-saas,14,Manufacturing & Production Software,manufacturing-production-software,17,CAPA Management Software,capa-management-software,,,,
Software & SaaS,software-saas,14,Manufacturing & Production Software,manufacturing-production-software,18,Document Control for Quality,document-control-for-quality,,,,
Software & SaaS,software-saas,14,Manufacturing & Production Software,manufacturing-production-software,19,Equipment Maintenance Software,equipment-maintenance-software,,,,
Software & SaaS,software-saas,14,Manufacturing & Production Software,manufacturing-production-software,20,Computerized Maintenance Management Systems,computerized-maintenance-management-systems,,,,
Software & SaaS,software-saas,14,Manufacturing & Production Software,manufacturing-production-software,21,Enterprise Asset Management Software,enterprise-asset-management-software,,,,
Software & SaaS,software-saas,14,Manufacturing & Production Software,manufacturing-production-software,22,Predictive Maintenance Software,predictive-maintenance-software,,,,
Software & SaaS,software-saas,14,Manufacturing & Production Software,manufacturing-production-software,23,Reliability-Centered Maintenance Software,reliability-centered-maintenance-software,,,,
Software & SaaS,software-saas,14,Manufacturing & Production Software,manufacturing-production-software,24,OEE Tracking Software,oee-tracking-software,,,,
Software & SaaS,software-saas,14,Manufacturing & Production Software,manufacturing-production-software,25,Industrial IoT Platforms,industrial-iot-platforms,,,,
Software & SaaS,software-saas,14,Manufacturing & Production Software,manufacturing-production-software,26,SCADA Software,scada-software,,,,
Software & SaaS,software-saas,14,Manufacturing & Production Software,manufacturing-production-software,27,Industrial Automation Software,industrial-automation-software,,,,
Software & SaaS,software-saas,14,Manufacturing & Production Software,manufacturing-production-software,28,Robotics Programming Software,robotics-programming-software,,,,
Software & SaaS,software-saas,14,Manufacturing & Production Software,manufacturing-production-software,29,Vision Inspection Software,vision-inspection-software,,,,
Software & SaaS,software-saas,14,Manufacturing & Production Software,manufacturing-production-software,30,Energy Management for Manufacturing,energy-management-for-manufacturing,,,,
Software & SaaS,software-saas,14,Manufacturing & Production Software,manufacturing-production-software,31,Plant Floor Visualization Software,plant-floor-visualization-software,,,,
Software & SaaS,software-saas,14,Manufacturing & Production Software,manufacturing-production-software,32,Andon System Software,andon-system-software,,,,
Software & SaaS,software-saas,14,Manufacturing & Production Software,manufacturing-production-software,33,Job Shop Management Software,job-shop-management-software,,,,
Software & SaaS,software-saas,14,Manufacturing & Production Software,manufacturing-production-software,34,Custom Fabrication Software,custom-fabrication-software,,,,
Software & SaaS,software-saas,14,Manufacturing & Production Software,manufacturing-production-software,35,Metal Fabrication Software,metal-fabrication-software,,,,
Software & SaaS,software-saas,14,Manufacturing & Production Software,manufacturing-production-software,36,Woodworking Shop Software,woodworking-shop-software,,,,
Software & SaaS,software-saas,14,Manufacturing & Production Software,manufacturing-production-software,37,Print Shop Management Software,print-shop-management-software,,,,
Software & SaaS,software-saas,14,Manufacturing & Production Software,manufacturing-production-software,38,Sign Shop Software,sign-shop-software,,,,
Software & SaaS,software-saas,14,Manufacturing & Production Software,manufacturing-production-software,39,Embroidery Shop Software,embroidery-shop-software,,,,
Software & SaaS,software-saas,14,Manufacturing & Production Software,manufacturing-production-software,40,Brewery Management Software,brewery-management-software,,,,
Software & SaaS,software-saas,14,Manufacturing & Production Software,manufacturing-production-software,41,Distillery Management Software,distillery-management-software,,,,
Software & SaaS,software-saas,14,Manufacturing & Production Software,manufacturing-production-software,42,Winery Management Software,winery-management-software,,,,
Software & SaaS,software-saas,15,Procurement & Vendor Management Software,procurement-vendor-management-software,1,Source-to-Pay Software,source-to-pay-software,,,,
Software & SaaS,software-saas,15,Procurement & Vendor Management Software,procurement-vendor-management-software,2,Strategic Sourcing Software,strategic-sourcing-software,,,,
Software & SaaS,software-saas,15,Procurement & Vendor Management Software,procurement-vendor-management-software,3,E-Sourcing Software,e-sourcing-software,,,,
Software & SaaS,software-saas,15,Procurement & Vendor Management Software,procurement-vendor-management-software,4,Supplier Discovery Software,supplier-discovery-software,,,,
Software & SaaS,software-saas,15,Procurement & Vendor Management Software,procurement-vendor-management-software,5,Supplier Onboarding Software,supplier-onboarding-software,,,,
Software & SaaS,software-saas,15,Procurement & Vendor Management Software,procurement-vendor-management-software,6,Supplier Risk Management Software,supplier-risk-management-software,,,,
Software & SaaS,software-saas,15,Procurement & Vendor Management Software,procurement-vendor-management-software,7,Supplier Performance Management Software,supplier-performance-management-software,,,,
Software & SaaS,software-saas,15,Procurement & Vendor Management Software,procurement-vendor-management-software,8,Supplier Information Management Software,supplier-information-management-software,,,,
Software & SaaS,software-saas,15,Procurement & Vendor Management Software,procurement-vendor-management-software,9,Third-Party Risk Management Software,third-party-risk-management-software,1,IT Compliance,Third-Party Risk,it-compliance-third-party-risk
Software & SaaS,software-saas,15,Procurement & Vendor Management Software,procurement-vendor-management-software,10,Vendor Onboarding Software,vendor-onboarding-software,,,,
Software & SaaS,software-saas,15,Procurement & Vendor Management Software,procurement-vendor-management-software,11,Vendor Compliance Software,vendor-compliance-software,1,IT Compliance,Vendor Risk,it-compliance-vendor-risk
Software & SaaS,software-saas,15,Procurement & Vendor Management Software,procurement-vendor-management-software,11,Vendor Compliance Software,vendor-compliance-software,2,Privacy,Vendor Privacy,privacy-vendor-privacy
Software & SaaS,software-saas,15,Procurement & Vendor Management Software,procurement-vendor-management-software,11,Vendor Compliance Software,vendor-compliance-software,3,Industry Compliance,Whistleblower Management,industry-compliance-whistleblower-management
Software & SaaS,software-saas,15,Procurement & Vendor Management Software,procurement-vendor-management-software,12,Vendor Payment Tracking Software,vendor-payment-tracking-software,,,,
Software & SaaS,software-saas,15,Procurement & Vendor Management Software,procurement-vendor-management-software,13,Purchase Order Software,purchase-order-software,,,,
Software & SaaS,software-saas,15,Procurement & Vendor Management Software,procurement-vendor-management-software,14,Purchase Requisition Software,purchase-requisition-software,,,,
Software & SaaS,software-saas,15,Procurement & Vendor Management Software,procurement-vendor-management-software,15,Catalog Management for Procurement,catalog-management-for-procurement,1,Procurement Software,Catalog Management,procurement-software-catalog-management
Software & SaaS,software-saas,15,Procurement & Vendor Management Software,procurement-vendor-management-software,16,Spot Buy Software,spot-buy-software,,,,
Software & SaaS,software-saas,15,Procurement & Vendor Management Software,procurement-vendor-management-software,17,Tail Spend Management Software,tail-spend-management-software,,,,
Software & SaaS,software-saas,15,Procurement & Vendor Management Software,procurement-vendor-management-software,18,Indirect Procurement Software,indirect-procurement-software,,,,
Software & SaaS,software-saas,15,Procurement & Vendor Management Software,procurement-vendor-management-software,19,Direct Procurement Software,direct-procurement-software,,,,
Software & SaaS,software-saas,15,Procurement & Vendor Management Software,procurement-vendor-management-software,20,Auction & Bidding Software,auction-bidding-software,,,,
Software & SaaS,software-saas,15,Procurement & Vendor Management Software,procurement-vendor-management-software,21,Reverse Auction Software,reverse-auction-software,,,,
Software & SaaS,software-saas,15,Procurement & Vendor Management Software,procurement-vendor-management-software,22,Supplier Diversity Software,supplier-diversity-software,,,,
Software & SaaS,software-saas,15,Procurement & Vendor Management Software,procurement-vendor-management-software,23,Supplier Negotiation Software,supplier-negotiation-software,,,,
Software & SaaS,software-saas,16,E-Commerce & Retail Software,e-commerce-retail-software,1,E-Commerce Platforms,e-commerce-platforms,1,Commerce Analytics,Attribution Commerce,commerce-analytics-attribution-commerce
Software & SaaS,software-saas,16,E-Commerce & Retail Software,e-commerce-retail-software,1,E-Commerce Platforms,e-commerce-platforms,2,Store Builders,Full eCommerce Platform,store-builders-full-ecommerce-platform
Software & SaaS,software-saas,16,E-Commerce & Retail Software,e-commerce-retail-software,1,E-Commerce Platforms,e-commerce-platforms,3,Store Builders,Open Source Commerce,store-builders-open-source-commerce
Software & SaaS,software-saas,16,E-Commerce & Retail Software,e-commerce-retail-software,1,E-Commerce Platforms,e-commerce-platforms,4,Store Builders,Enterprise Commerce,store-builders-enterprise-commerce
Software & SaaS,software-saas,16,E-Commerce & Retail Software,e-commerce-retail-software,1,E-Commerce Platforms,e-commerce-platforms,5,Store Builders,Subscription Commerce,store-builders-subscription-commerce
Software & SaaS,software-saas,16,E-Commerce & Retail Software,e-commerce-retail-software,1,E-Commerce Platforms,e-commerce-platforms,6,Store Builders,Multi-Vendor Platforms,store-builders-multi-vendor-platforms
Software & SaaS,software-saas,16,E-Commerce & Retail Software,e-commerce-retail-software,1,E-Commerce Platforms,e-commerce-platforms,7,Store Builders,Social Commerce,store-builders-social-commerce
Software & SaaS,software-saas,16,E-Commerce & Retail Software,e-commerce-retail-software,1,E-Commerce Platforms,e-commerce-platforms,8,Store Builders,Mobile Commerce,store-builders-mobile-commerce
Software & SaaS,software-saas,16,E-Commerce & Retail Software,e-commerce-retail-software,1,E-Commerce Platforms,e-commerce-platforms,9,Platform Extensions,Shopify Apps,platform-extensions-shopify-apps
Software & SaaS,software-saas,16,E-Commerce & Retail Software,e-commerce-retail-software,1,E-Commerce Platforms,e-commerce-platforms,10,Platform Extensions,WooCommerce Plugins,platform-extensions-woocommerce-plugins
Software & SaaS,software-saas,16,E-Commerce & Retail Software,e-commerce-retail-software,1,E-Commerce Platforms,e-commerce-platforms,11,Platform Extensions,BigCommerce Apps,platform-extensions-bigcommerce-apps
Software & SaaS,software-saas,16,E-Commerce & Retail Software,e-commerce-retail-software,1,E-Commerce Platforms,e-commerce-platforms,12,Platform Extensions,Magento Extensions,platform-extensions-magento-extensions
Software & SaaS,software-saas,16,E-Commerce & Retail Software,e-commerce-retail-software,1,E-Commerce Platforms,e-commerce-platforms,13,Platform Extensions,PrestaShop Modules,platform-extensions-prestashop-modules
Software & SaaS,software-saas,16,E-Commerce & Retail Software,e-commerce-retail-software,1,E-Commerce Platforms,e-commerce-platforms,14,Platform Extensions,Salesforce Commerce,platform-extensions-salesforce-commerce
Software & SaaS,software-saas,16,E-Commerce & Retail Software,e-commerce-retail-software,1,E-Commerce Platforms,e-commerce-platforms,15,Platform Extensions,Adobe Commerce,platform-extensions-adobe-commerce
Software & SaaS,software-saas,16,E-Commerce & Retail Software,e-commerce-retail-software,1,E-Commerce Platforms,e-commerce-platforms,16,Platform Extensions,Custom Integrations,platform-extensions-custom-integrations
Software & SaaS,software-saas,16,E-Commerce & Retail Software,e-commerce-retail-software,1,E-Commerce Platforms,e-commerce-platforms,17,Platform Extensions,PWA Storefront,platform-extensions-pwa-storefront
Software & SaaS,software-saas,16,E-Commerce & Retail Software,e-commerce-retail-software,1,E-Commerce Platforms,e-commerce-platforms,18,Global Commerce,Currency Conversion,global-commerce-currency-conversion
Software & SaaS,software-saas,16,E-Commerce & Retail Software,e-commerce-retail-software,1,E-Commerce Platforms,e-commerce-platforms,19,Global Commerce,Export Documentation,global-commerce-export-documentation
Software & SaaS,software-saas,16,E-Commerce & Retail Software,e-commerce-retail-software,2,Headless Commerce Platforms,headless-commerce-platforms,1,Store Builders,Headless Commerce,store-builders-headless-commerce
Software & SaaS,software-saas,16,E-Commerce & Retail Software,e-commerce-retail-software,2,Headless Commerce Platforms,headless-commerce-platforms,2,Platform Extensions,Headless Storefront,platform-extensions-headless-storefront
Software & SaaS,software-saas,16,E-Commerce & Retail Software,e-commerce-retail-software,3,Composable Commerce Platforms,composable-commerce-platforms,,,,
Software & SaaS,software-saas,16,E-Commerce & Retail Software,e-commerce-retail-software,4,B2B E-Commerce Platforms,b2b-e-commerce-platforms,1,Store Builders,B2B Commerce,store-builders-b2b-commerce
Software & SaaS,software-saas,16,E-Commerce & Retail Software,e-commerce-retail-software,5,Direct-to-Consumer E-Commerce Platforms,direct-to-consumer-e-commerce-platforms,,,,
Software & SaaS,software-saas,16,E-Commerce & Retail Software,e-commerce-retail-software,6,Marketplace Platform Software,marketplace-platform-software,1,Store Builders,Marketplace Builders,store-builders-marketplace-builders
Software & SaaS,software-saas,16,E-Commerce & Retail Software,e-commerce-retail-software,7,Multi-Vendor Marketplace Software,multi-vendor-marketplace-software,1,Global Commerce,Multi-Language Shop,global-commerce-multi-language-shop
Software & SaaS,software-saas,16,E-Commerce & Retail Software,e-commerce-retail-software,8,Subscription Box Software,subscription-box-software,,,,
Software & SaaS,software-saas,16,E-Commerce & Retail Software,e-commerce-retail-software,9,Print-on-Demand Software,print-on-demand-software,,,,
Software & SaaS,software-saas,16,E-Commerce & Retail Software,e-commerce-retail-software,10,Dropshipping Software,dropshipping-software,,,,
Software & SaaS,software-saas,16,E-Commerce & Retail Software,e-commerce-retail-software,11,Wholesale E-Commerce Software,wholesale-e-commerce-software,,,,
Software & SaaS,software-saas,16,E-Commerce & Retail Software,e-commerce-retail-software,12,Mobile Commerce Apps,mobile-commerce-apps,,,,
Software & SaaS,software-saas,16,E-Commerce & Retail Software,e-commerce-retail-software,13,Progressive Web App Builders,progressive-web-app-builders,,,,
Software & SaaS,software-saas,16,E-Commerce & Retail Software,e-commerce-retail-software,14,Product Information Management Software,product-information-management-software,,,,
Software & SaaS,software-saas,16,E-Commerce & Retail Software,e-commerce-retail-software,15,Product Catalog Software,product-catalog-software,1,Product & Catalog,PIM Software,product-catalog-pim-software
Software & SaaS,software-saas,16,E-Commerce & Retail Software,e-commerce-retail-software,15,Product Catalog Software,product-catalog-software,2,Product & Catalog,Product Data Management,product-catalog-product-data-management
Software & SaaS,software-saas,16,E-Commerce & Retail Software,e-commerce-retail-software,15,Product Catalog Software,product-catalog-software,3,Product & Catalog,Digital Asset Management,product-catalog-digital-asset-management
Software & SaaS,software-saas,16,E-Commerce & Retail Software,e-commerce-retail-software,15,Product Catalog Software,product-catalog-software,4,Product & Catalog,Product Feeds,product-catalog-product-feeds
Software & SaaS,software-saas,16,E-Commerce & Retail Software,e-commerce-retail-software,15,Product Catalog Software,product-catalog-software,5,Product & Catalog,Product Comparison,product-catalog-product-comparison
Software & SaaS,software-saas,16,E-Commerce & Retail Software,e-commerce-retail-software,15,Product Catalog Software,product-catalog-software,6,Product & Catalog,Product Reviews,product-catalog-product-reviews
Software & SaaS,software-saas,16,E-Commerce & Retail Software,e-commerce-retail-software,15,Product Catalog Software,product-catalog-software,7,Product & Catalog,Product Recommendation,product-catalog-product-recommendation
Software & SaaS,software-saas,16,E-Commerce & Retail Software,e-commerce-retail-software,15,Product Catalog Software,product-catalog-software,8,Product & Catalog,Catalog Management,product-catalog-catalog-management
Software & SaaS,software-saas,16,E-Commerce & Retail Software,e-commerce-retail-software,15,Product Catalog Software,product-catalog-software,9,Product & Catalog,Product Bundling,product-catalog-product-bundling
Software & SaaS,software-saas,16,E-Commerce & Retail Software,e-commerce-retail-software,15,Product Catalog Software,product-catalog-software,10,Product & Catalog,Product Configurator,product-catalog-product-configurator
Software & SaaS,software-saas,16,E-Commerce & Retail Software,e-commerce-retail-software,16,Master Data Management for Commerce,master-data-management-for-commerce,1,Inventory & Order,Inventory Management,inventory-order-inventory-management
Software & SaaS,software-saas,16,E-Commerce & Retail Software,e-commerce-retail-software,16,Master Data Management for Commerce,master-data-management-for-commerce,2,Inventory & Order,Warehouse Management,inventory-order-warehouse-management
Software & SaaS,software-saas,16,E-Commerce & Retail Software,e-commerce-retail-software,16,Master Data Management for Commerce,master-data-management-for-commerce,3,Inventory & Order,Vendor Management,inventory-order-vendor-management
Software & SaaS,software-saas,16,E-Commerce & Retail Software,e-commerce-retail-software,16,Master Data Management for Commerce,master-data-management-for-commerce,4,Inventory & Order,Returns Management,inventory-order-returns-management
Software & SaaS,software-saas,16,E-Commerce & Retail Software,e-commerce-retail-software,16,Master Data Management for Commerce,master-data-management-for-commerce,5,Shipping & Fulfillment,3PL Management,shipping-fulfillment-3pl-management
Software & SaaS,software-saas,16,E-Commerce & Retail Software,e-commerce-retail-software,16,Master Data Management for Commerce,master-data-management-for-commerce,6,Global Commerce,Import Management,global-commerce-import-management
Software & SaaS,software-saas,16,E-Commerce & Retail Software,e-commerce-retail-software,17,Digital Shelf Analytics Software,digital-shelf-analytics-software,1,Commerce Analytics,Revenue Analytics,commerce-analytics-revenue-analytics
Software & SaaS,software-saas,16,E-Commerce & Retail Software,e-commerce-retail-software,17,Digital Shelf Analytics Software,digital-shelf-analytics-software,2,Commerce Analytics,Cart Analytics,commerce-analytics-cart-analytics
Software & SaaS,software-saas,16,E-Commerce & Retail Software,e-commerce-retail-software,17,Digital Shelf Analytics Software,digital-shelf-analytics-software,3,Commerce Analytics,Search Analytics,commerce-analytics-search-analytics
Software & SaaS,software-saas,16,E-Commerce & Retail Software,e-commerce-retail-software,17,Digital Shelf Analytics Software,digital-shelf-analytics-software,4,Commerce Analytics,Merchandising Analytics,commerce-analytics-merchandising-analytics
Software & SaaS,software-saas,16,E-Commerce & Retail Software,e-commerce-retail-software,17,Digital Shelf Analytics Software,digital-shelf-analytics-software,5,Commerce Analytics,RFM Analysis,commerce-analytics-rfm-analysis
Software & SaaS,software-saas,16,E-Commerce & Retail Software,e-commerce-retail-software,17,Digital Shelf Analytics Software,digital-shelf-analytics-software,6,Commerce Analytics,Basket Analysis,commerce-analytics-basket-analysis
Software & SaaS,software-saas,16,E-Commerce & Retail Software,e-commerce-retail-software,17,Digital Shelf Analytics Software,digital-shelf-analytics-software,7,Marketplace Analytics,Seller Analytics,marketplace-analytics-seller-analytics
Software & SaaS,software-saas,16,E-Commerce & Retail Software,e-commerce-retail-software,17,Digital Shelf Analytics Software,digital-shelf-analytics-software,8,Marketplace Analytics,Fee Analysis,marketplace-analytics-fee-analysis
Software & SaaS,software-saas,16,E-Commerce & Retail Software,e-commerce-retail-software,17,Digital Shelf Analytics Software,digital-shelf-analytics-software,9,Marketplace Analytics,Competitive Pricing,marketplace-analytics-competitive-pricing
Software & SaaS,software-saas,16,E-Commerce & Retail Software,e-commerce-retail-software,17,Digital Shelf Analytics Software,digital-shelf-analytics-software,10,Marketplace Analytics,Buy Box Tracking,marketplace-analytics-buy-box-tracking
Software & SaaS,software-saas,16,E-Commerce & Retail Software,e-commerce-retail-software,17,Digital Shelf Analytics Software,digital-shelf-analytics-software,11,Marketplace Analytics,Review Analytics,marketplace-analytics-review-analytics
Software & SaaS,software-saas,16,E-Commerce & Retail Software,e-commerce-retail-software,17,Digital Shelf Analytics Software,digital-shelf-analytics-software,12,Marketplace Analytics,Keyword Ranking,marketplace-analytics-keyword-ranking
Software & SaaS,software-saas,16,E-Commerce & Retail Software,e-commerce-retail-software,17,Digital Shelf Analytics Software,digital-shelf-analytics-software,13,Marketplace Analytics,Advertising Analytics,marketplace-analytics-advertising-analytics
Software & SaaS,software-saas,16,E-Commerce & Retail Software,e-commerce-retail-software,17,Digital Shelf Analytics Software,digital-shelf-analytics-software,14,Marketplace Analytics,Inventory Analytics,marketplace-analytics-inventory-analytics
Software & SaaS,software-saas,16,E-Commerce & Retail Software,e-commerce-retail-software,17,Digital Shelf Analytics Software,digital-shelf-analytics-software,15,Marketplace Analytics,Profit Analytics,marketplace-analytics-profit-analytics
Software & SaaS,software-saas,16,E-Commerce & Retail Software,e-commerce-retail-software,17,Digital Shelf Analytics Software,digital-shelf-analytics-software,16,Marketplace Analytics,Trend Analysis,marketplace-analytics-trend-analysis
Software & SaaS,software-saas,16,E-Commerce & Retail Software,e-commerce-retail-software,18,Marketplace Listing Software,marketplace-listing-software,,,,
Software & SaaS,software-saas,16,E-Commerce & Retail Software,e-commerce-retail-software,19,Amazon Seller Tools,amazon-seller-tools,1,Conversion Tools,Exit Intent,conversion-tools-exit-intent
Software & SaaS,software-saas,16,E-Commerce & Retail Software,e-commerce-retail-software,19,Amazon Seller Tools,amazon-seller-tools,2,Conversion Tools,Social Proof,conversion-tools-social-proof
Software & SaaS,software-saas,16,E-Commerce & Retail Software,e-commerce-retail-software,19,Amazon Seller Tools,amazon-seller-tools,3,Conversion Tools,Urgency & Scarcity,conversion-tools-urgency-scarcity
Software & SaaS,software-saas,16,E-Commerce & Retail Software,e-commerce-retail-software,19,Amazon Seller Tools,amazon-seller-tools,4,Conversion Tools,Cross-Sell / Up-Sell,conversion-tools-cross-sell-up-sell
Software & SaaS,software-saas,16,E-Commerce & Retail Software,e-commerce-retail-software,19,Amazon Seller Tools,amazon-seller-tools,5,Conversion Tools,Referral Programs,conversion-tools-referral-programs
Software & SaaS,software-saas,16,E-Commerce & Retail Software,e-commerce-retail-software,19,Amazon Seller Tools,amazon-seller-tools,6,Conversion Tools,Affiliate Programs,conversion-tools-affiliate-programs
Software & SaaS,software-saas,16,E-Commerce & Retail Software,e-commerce-retail-software,19,Amazon Seller Tools,amazon-seller-tools,7,Conversion Tools,Gift Cards,conversion-tools-gift-cards
Software & SaaS,software-saas,16,E-Commerce & Retail Software,e-commerce-retail-software,20,eBay Seller Tools,ebay-seller-tools,,,,
Software & SaaS,software-saas,16,E-Commerce & Retail Software,e-commerce-retail-software,21,Walmart Seller Tools,walmart-seller-tools,,,,
Software & SaaS,software-saas,16,E-Commerce & Retail Software,e-commerce-retail-software,22,Etsy Seller Tools,etsy-seller-tools,,,,
Software & SaaS,software-saas,16,E-Commerce & Retail Software,e-commerce-retail-software,23,TikTok Shop Seller Tools,tiktok-shop-seller-tools,,,,
Software & SaaS,software-saas,16,E-Commerce & Retail Software,e-commerce-retail-software,24,Shopify Apps for Stores,shopify-apps-for-stores,,,,
Software & SaaS,software-saas,16,E-Commerce & Retail Software,e-commerce-retail-software,25,Cart Abandonment Recovery Software,cart-abandonment-recovery-software,1,Conversion Tools,Cart Abandonment,conversion-tools-cart-abandonment
Software & SaaS,software-saas,16,E-Commerce & Retail Software,e-commerce-retail-software,26,Checkout Optimization Software,checkout-optimization-software,,,,
Software & SaaS,software-saas,16,E-Commerce & Retail Software,e-commerce-retail-software,27,One-Click Checkout Software,one-click-checkout-software,,,,
Software & SaaS,software-saas,16,E-Commerce & Retail Software,e-commerce-retail-software,28,Buy Online Pickup In Store Software,buy-online-pickup-in-store-software,,,,
Software & SaaS,software-saas,16,E-Commerce & Retail Software,e-commerce-retail-software,29,Curbside Pickup Software,curbside-pickup-software,,,,
Software & SaaS,software-saas,16,E-Commerce & Retail Software,e-commerce-retail-software,30,Endless Aisle Software,endless-aisle-software,,,,
Software & SaaS,software-saas,16,E-Commerce & Retail Software,e-commerce-retail-software,31,Customer Reviews Software,customer-reviews-software,,,,
Software & SaaS,software-saas,16,E-Commerce & Retail Software,e-commerce-retail-software,32,Q&A Software for E-Commerce,qa-software-for-e-commerce,,,,
Software & SaaS,software-saas,16,E-Commerce & Retail Software,e-commerce-retail-software,33,Visual Commerce Software,visual-commerce-software,,,,
Software & SaaS,software-saas,16,E-Commerce & Retail Software,e-commerce-retail-software,34,Augmented Reality Try-On Software,augmented-reality-try-on-software,,,,
Software & SaaS,software-saas,16,E-Commerce & Retail Software,e-commerce-retail-software,35,Virtual Try-On for Apparel,virtual-try-on-for-apparel,,,,
Software & SaaS,software-saas,16,E-Commerce & Retail Software,e-commerce-retail-software,36,Size & Fit Recommendation Software,size-fit-recommendation-software,,,,
Software & SaaS,software-saas,16,E-Commerce & Retail Software,e-commerce-retail-software,37,Personal Shopper Software,personal-shopper-software,,,,
Software & SaaS,software-saas,16,E-Commerce & Retail Software,e-commerce-retail-software,38,Live Shopping Software,live-shopping-software,,,,
Software & SaaS,software-saas,16,E-Commerce & Retail Software,e-commerce-retail-software,39,Shoppable Video Software,shoppable-video-software,,,,
Software & SaaS,software-saas,16,E-Commerce & Retail Software,e-commerce-retail-software,40,Wishlist & Registry Software,wishlist-registry-software,,,,
Software & SaaS,software-saas,16,E-Commerce & Retail Software,e-commerce-retail-software,41,Gift Card Software,gift-card-software,,,,
Software & SaaS,software-saas,16,E-Commerce & Retail Software,e-commerce-retail-software,42,Returns Portal Software,returns-portal-software,,,,
Software & SaaS,software-saas,16,E-Commerce & Retail Software,e-commerce-retail-software,43,Exchange Management Software,exchange-management-software,,,,
Software & SaaS,software-saas,16,E-Commerce & Retail Software,e-commerce-retail-software,44,Pre-Order Software,pre-order-software,1,Inventory & Order,Order Management,inventory-order-order-management
Software & SaaS,software-saas,16,E-Commerce & Retail Software,e-commerce-retail-software,44,Pre-Order Software,pre-order-software,2,Inventory & Order,Multi-Channel Inventory,inventory-order-multi-channel-inventory
Software & SaaS,software-saas,16,E-Commerce & Retail Software,e-commerce-retail-software,44,Pre-Order Software,pre-order-software,3,Inventory & Order,Barcode & RFID,inventory-order-barcode-rfid
Software & SaaS,software-saas,16,E-Commerce & Retail Software,e-commerce-retail-software,44,Pre-Order Software,pre-order-software,4,Inventory & Order,Stock Alerts,inventory-order-stock-alerts
Software & SaaS,software-saas,16,E-Commerce & Retail Software,e-commerce-retail-software,44,Pre-Order Software,pre-order-software,5,Inventory & Order,Purchase Orders,inventory-order-purchase-orders
Software & SaaS,software-saas,16,E-Commerce & Retail Software,e-commerce-retail-software,44,Pre-Order Software,pre-order-software,6,Inventory & Order,Dropshipping Tools,inventory-order-dropshipping-tools
Software & SaaS,software-saas,16,E-Commerce & Retail Software,e-commerce-retail-software,45,Crowdfunding Storefront Software,crowdfunding-storefront-software,,,,
Software & SaaS,software-saas,16,E-Commerce & Retail Software,e-commerce-retail-software,46,Pricing Optimization Software,pricing-optimization-software,1,Global Commerce,Regional Pricing,global-commerce-regional-pricing
Software & SaaS,software-saas,16,E-Commerce & Retail Software,e-commerce-retail-software,47,Dynamic Pricing Software,dynamic-pricing-software,,,,
Software & SaaS,software-saas,16,E-Commerce & Retail Software,e-commerce-retail-software,48,Competitive Price Monitoring Software,competitive-price-monitoring-software,,,,
Software & SaaS,software-saas,16,E-Commerce & Retail Software,e-commerce-retail-software,49,MAP Compliance Software,map-compliance-software,,,,
Software & SaaS,software-saas,16,E-Commerce & Retail Software,e-commerce-retail-software,50,Promotion Optimization Software,promotion-optimization-software,,,,
Software & SaaS,software-saas,16,E-Commerce & Retail Software,e-commerce-retail-software,51,Markdown Optimization Software,markdown-optimization-software,,,,
Software & SaaS,software-saas,16,E-Commerce & Retail Software,e-commerce-retail-software,52,Retail Analytics Software,retail-analytics-software,,,,
Software & SaaS,software-saas,16,E-Commerce & Retail Software,e-commerce-retail-software,53,Store Operations Software,store-operations-software,1,Shipping & Fulfillment,Shipping Software,shipping-fulfillment-shipping-software
Software & SaaS,software-saas,16,E-Commerce & Retail Software,e-commerce-retail-software,53,Store Operations Software,store-operations-software,2,Shipping & Fulfillment,Label Printing,shipping-fulfillment-label-printing
Software & SaaS,software-saas,16,E-Commerce & Retail Software,e-commerce-retail-software,53,Store Operations Software,store-operations-software,3,Shipping & Fulfillment,Fulfillment Services,shipping-fulfillment-fulfillment-services
Software & SaaS,software-saas,16,E-Commerce & Retail Software,e-commerce-retail-software,53,Store Operations Software,store-operations-software,4,Shipping & Fulfillment,International Shipping,shipping-fulfillment-international-shipping
Software & SaaS,software-saas,16,E-Commerce & Retail Software,e-commerce-retail-software,53,Store Operations Software,store-operations-software,5,Shipping & Fulfillment,Shipping Insurance,shipping-fulfillment-shipping-insurance
Software & SaaS,software-saas,16,E-Commerce & Retail Software,e-commerce-retail-software,53,Store Operations Software,store-operations-software,6,Shipping & Fulfillment,Customs & Duties,shipping-fulfillment-customs-duties
Software & SaaS,software-saas,16,E-Commerce & Retail Software,e-commerce-retail-software,54,Retail Workforce Management Software,retail-workforce-management-software,,,,
Software & SaaS,software-saas,16,E-Commerce & Retail Software,e-commerce-retail-software,55,Visual Merchandising Software,visual-merchandising-software,,,,
Software & SaaS,software-saas,16,E-Commerce & Retail Software,e-commerce-retail-software,56,Planogram Software,planogram-software,,,,
Software & SaaS,software-saas,16,E-Commerce & Retail Software,e-commerce-retail-software,57,Shelf Edge Analytics Software,shelf-edge-analytics-software,,,,
Software & SaaS,software-saas,16,E-Commerce & Retail Software,e-commerce-retail-software,58,Retail Foot Traffic Analytics Software,retail-foot-traffic-analytics-software,,,,
Software & SaaS,software-saas,16,E-Commerce & Retail Software,e-commerce-retail-software,59,Store Audit Software,store-audit-software,,,,
Software & SaaS,software-saas,16,E-Commerce & Retail Software,e-commerce-retail-software,60,Mystery Shopping Software,mystery-shopping-software,,,,
Software & SaaS,software-saas,17,Point of Sale & Restaurant Software,point-of-sale-restaurant-software,1,Point of Sale Software,point-of-sale-software,,,,
Software & SaaS,software-saas,17,Point of Sale & Restaurant Software,point-of-sale-restaurant-software,2,Mobile POS Software,mobile-pos-software,1,POS Systems,Mobile POS,pos-systems-mobile-pos
Software & SaaS,software-saas,17,Point of Sale & Restaurant Software,point-of-sale-restaurant-software,3,Tablet POS Software,tablet-pos-software,,,,
Software & SaaS,software-saas,17,Point of Sale & Restaurant Software,point-of-sale-restaurant-software,4,Cloud POS Software,cloud-pos-software,,,,
Software & SaaS,software-saas,17,Point of Sale & Restaurant Software,point-of-sale-restaurant-software,5,iPad POS Software,ipad-pos-software,1,POS Systems,iPad POS,pos-systems-ipad-pos
Software & SaaS,software-saas,17,Point of Sale & Restaurant Software,point-of-sale-restaurant-software,6,Android POS Software,android-pos-software,,,,
Software & SaaS,software-saas,17,Point of Sale & Restaurant Software,point-of-sale-restaurant-software,7,Restaurant POS Software,restaurant-pos-software,1,POS Systems,Restaurant POS,pos-systems-restaurant-pos
Software & SaaS,software-saas,17,Point of Sale & Restaurant Software,point-of-sale-restaurant-software,8,Bar POS Software,bar-pos-software,1,POS Systems,Bar POS,pos-systems-bar-pos
Software & SaaS,software-saas,17,Point of Sale & Restaurant Software,point-of-sale-restaurant-software,9,Coffee Shop POS Software,coffee-shop-pos-software,,,,
Software & SaaS,software-saas,17,Point of Sale & Restaurant Software,point-of-sale-restaurant-software,10,Food Truck POS Software,food-truck-pos-software,,,,
Software & SaaS,software-saas,17,Point of Sale & Restaurant Software,point-of-sale-restaurant-software,11,Quick Service Restaurant POS Software,quick-service-restaurant-pos-software,,,,
Software & SaaS,software-saas,17,Point of Sale & Restaurant Software,point-of-sale-restaurant-software,12,Fine Dining POS Software,fine-dining-pos-software,,,,
Software & SaaS,software-saas,17,Point of Sale & Restaurant Software,point-of-sale-restaurant-software,13,Bakery POS Software,bakery-pos-software,,,,
Software & SaaS,software-saas,17,Point of Sale & Restaurant Software,point-of-sale-restaurant-software,14,Pizza Shop POS Software,pizza-shop-pos-software,,,,
Software & SaaS,software-saas,17,Point of Sale & Restaurant Software,point-of-sale-restaurant-software,15,Ice Cream Shop POS Software,ice-cream-shop-pos-software,,,,
Software & SaaS,software-saas,17,Point of Sale & Restaurant Software,point-of-sale-restaurant-software,16,Retail POS Software,retail-pos-software,1,POS Systems,Retail POS,pos-systems-retail-pos
Software & SaaS,software-saas,17,Point of Sale & Restaurant Software,point-of-sale-restaurant-software,17,Boutique POS Software,boutique-pos-software,,,,
Software & SaaS,software-saas,17,Point of Sale & Restaurant Software,point-of-sale-restaurant-software,18,Grocery Store POS Software,grocery-store-pos-software,1,POS Systems,Grocery POS,pos-systems-grocery-pos
Software & SaaS,software-saas,17,Point of Sale & Restaurant Software,point-of-sale-restaurant-software,19,Convenience Store POS Software,convenience-store-pos-software,1,POS Systems,Convenience Store POS,pos-systems-convenience-store-pos
Software & SaaS,software-saas,17,Point of Sale & Restaurant Software,point-of-sale-restaurant-software,20,Liquor Store POS Software,liquor-store-pos-software,,,,
Software & SaaS,software-saas,17,Point of Sale & Restaurant Software,point-of-sale-restaurant-software,21,Cannabis Dispensary POS Software,cannabis-dispensary-pos-software,,,,
Software & SaaS,software-saas,17,Point of Sale & Restaurant Software,point-of-sale-restaurant-software,22,Vape Shop POS Software,vape-shop-pos-software,,,,
Software & SaaS,software-saas,17,Point of Sale & Restaurant Software,point-of-sale-restaurant-software,23,Garden Center POS Software,garden-center-pos-software,,,,
Software & SaaS,software-saas,17,Point of Sale & Restaurant Software,point-of-sale-restaurant-software,24,Jewelry Store POS Software,jewelry-store-pos-software,,,,
Software & SaaS,software-saas,17,Point of Sale & Restaurant Software,point-of-sale-restaurant-software,25,Pawn Shop Software,pawn-shop-software,,,,
Software & SaaS,software-saas,17,Point of Sale & Restaurant Software,point-of-sale-restaurant-software,26,Thrift Store POS Software,thrift-store-pos-software,,,,
Software & SaaS,software-saas,17,Point of Sale & Restaurant Software,point-of-sale-restaurant-software,27,Consignment Shop Software,consignment-shop-software,,,,
Software & SaaS,software-saas,17,Point of Sale & Restaurant Software,point-of-sale-restaurant-software,28,Restaurant Management Software,restaurant-management-software,,,,
Software & SaaS,software-saas,17,Point of Sale & Restaurant Software,point-of-sale-restaurant-software,29,Restaurant Reservation Software,restaurant-reservation-software,,,,
Software & SaaS,software-saas,17,Point of Sale & Restaurant Software,point-of-sale-restaurant-software,30,Waitlist Management Software,waitlist-management-software,,,,
Software & SaaS,software-saas,17,Point of Sale & Restaurant Software,point-of-sale-restaurant-software,31,Table Management Software,table-management-software,,,,
Software & SaaS,software-saas,17,Point of Sale & Restaurant Software,point-of-sale-restaurant-software,32,Online Ordering for Restaurants,online-ordering-for-restaurants,,,,
Software & SaaS,software-saas,17,Point of Sale & Restaurant Software,point-of-sale-restaurant-software,33,Direct Online Ordering Platforms,direct-online-ordering-platforms,,,,
Software & SaaS,software-saas,17,Point of Sale & Restaurant Software,point-of-sale-restaurant-software,34,Food Delivery Marketplace Integration,food-delivery-marketplace-integration,,,,
Software & SaaS,software-saas,17,Point of Sale & Restaurant Software,point-of-sale-restaurant-software,35,Ghost Kitchen Software,ghost-kitchen-software,,,,
Software & SaaS,software-saas,17,Point of Sale & Restaurant Software,point-of-sale-restaurant-software,36,Restaurant Inventory Software,restaurant-inventory-software,,,,
Software & SaaS,software-saas,17,Point of Sale & Restaurant Software,point-of-sale-restaurant-software,37,Recipe Costing Software,recipe-costing-software,,,,
Software & SaaS,software-saas,17,Point of Sale & Restaurant Software,point-of-sale-restaurant-software,38,Menu Engineering Software,menu-engineering-software,,,,
Software & SaaS,software-saas,17,Point of Sale & Restaurant Software,point-of-sale-restaurant-software,39,Restaurant Loyalty Software,restaurant-loyalty-software,,,,
Software & SaaS,software-saas,17,Point of Sale & Restaurant Software,point-of-sale-restaurant-software,40,Restaurant Marketing Software,restaurant-marketing-software,,,,
Software & SaaS,software-saas,17,Point of Sale & Restaurant Software,point-of-sale-restaurant-software,41,Tip Management Software,tip-management-software,,,,
Software & SaaS,software-saas,17,Point of Sale & Restaurant Software,point-of-sale-restaurant-software,42,Server Handheld Ordering Software,server-handheld-ordering-software,,,,
Software & SaaS,software-saas,17,Point of Sale & Restaurant Software,point-of-sale-restaurant-software,43,Kitchen Display Systems,kitchen-display-systems,,,,
Software & SaaS,software-saas,17,Point of Sale & Restaurant Software,point-of-sale-restaurant-software,44,Kitchen Production Software,kitchen-production-software,,,,
Software & SaaS,software-saas,17,Point of Sale & Restaurant Software,point-of-sale-restaurant-software,45,Restaurant Accounting Software,restaurant-accounting-software,,,,
Software & SaaS,software-saas,17,Point of Sale & Restaurant Software,point-of-sale-restaurant-software,46,Restaurant Payroll Software,restaurant-payroll-software,,,,
Software & SaaS,software-saas,17,Point of Sale & Restaurant Software,point-of-sale-restaurant-software,47,Catering Management Software,catering-management-software,,,,
Software & SaaS,software-saas,17,Point of Sale & Restaurant Software,point-of-sale-restaurant-software,48,Banquet Management Software,banquet-management-software,,,,
Software & SaaS,software-saas,17,Point of Sale & Restaurant Software,point-of-sale-restaurant-software,49,Event Catering Software,event-catering-software,,,,
Software & SaaS,software-saas,17,Point of Sale & Restaurant Software,point-of-sale-restaurant-software,50,Buffet Management Software,buffet-management-software,,,,
Software & SaaS,software-saas,17,Point of Sale & Restaurant Software,point-of-sale-restaurant-software,51,Food Cost Management Software,food-cost-management-software,,,,
Software & SaaS,software-saas,18,Hospitality & Travel Software,hospitality-travel-software,1,Hotel Property Management Systems,hotel-property-management-systems,,,,
Software & SaaS,software-saas,18,Hospitality & Travel Software,hospitality-travel-software,2,Hostel Management Software,hostel-management-software,,,,
Software & SaaS,software-saas,18,Hospitality & Travel Software,hospitality-travel-software,3,Bed & Breakfast Software,bed-breakfast-software,,,,
Software & SaaS,software-saas,18,Hospitality & Travel Software,hospitality-travel-software,4,Vacation Rental Management Software,vacation-rental-management-software,,,,
Software & SaaS,software-saas,18,Hospitality & Travel Software,hospitality-travel-software,5,Short-Term Rental Software,short-term-rental-software,,,,
Software & SaaS,software-saas,18,Hospitality & Travel Software,hospitality-travel-software,6,Channel Manager for Hotels,channel-manager-for-hotels,,,,
Software & SaaS,software-saas,18,Hospitality & Travel Software,hospitality-travel-software,7,Hotel Booking Engines,hotel-booking-engines,,,,
Software & SaaS,software-saas,18,Hospitality & Travel Software,hospitality-travel-software,8,Hotel Revenue Management Software,hotel-revenue-management-software,,,,
Software & SaaS,software-saas,18,Hospitality & Travel Software,hospitality-travel-software,9,Hotel CRM Software,hotel-crm-software,,,,
Software & SaaS,software-saas,18,Hospitality & Travel Software,hospitality-travel-software,10,Guest Experience Platforms,guest-experience-platforms,,,,
Software & SaaS,software-saas,18,Hospitality & Travel Software,hospitality-travel-software,11,Hotel Housekeeping Software,hotel-housekeeping-software,,,,
Software & SaaS,software-saas,18,Hospitality & Travel Software,hospitality-travel-software,12,Hotel Maintenance Software,hotel-maintenance-software,,,,
Software & SaaS,software-saas,18,Hospitality & Travel Software,hospitality-travel-software,13,Concierge Software,concierge-software,,,,
Software & SaaS,software-saas,18,Hospitality & Travel Software,hospitality-travel-software,14,Spa Software,spa-software,,,,
Software & SaaS,software-saas,18,Hospitality & Travel Software,hospitality-travel-software,15,Wellness Center Software,wellness-center-software,,,,
Software & SaaS,software-saas,18,Hospitality & Travel Software,hospitality-travel-software,16,Gym Membership Software,gym-membership-software,,,,
Software & SaaS,software-saas,18,Hospitality & Travel Software,hospitality-travel-software,17,Yoga Studio Software,yoga-studio-software,,,,
Software & SaaS,software-saas,18,Hospitality & Travel Software,hospitality-travel-software,18,Pilates Studio Software,pilates-studio-software,,,,
Software & SaaS,software-saas,18,Hospitality & Travel Software,hospitality-travel-software,19,Martial Arts Studio Software,martial-arts-studio-software,,,,
Software & SaaS,software-saas,18,Hospitality & Travel Software,hospitality-travel-software,20,Climbing Gym Software,climbing-gym-software,,,,
Software & SaaS,software-saas,18,Hospitality & Travel Software,hospitality-travel-software,21,Personal Trainer Software,personal-trainer-software,,,,
Software & SaaS,software-saas,18,Hospitality & Travel Software,hospitality-travel-software,22,Tour Operator Software,tour-operator-software,,,,
Software & SaaS,software-saas,18,Hospitality & Travel Software,hospitality-travel-software,23,Activity Booking Software,activity-booking-software,,,,
Software & SaaS,software-saas,18,Hospitality & Travel Software,hospitality-travel-software,24,Excursion Booking Software,excursion-booking-software,,,,
Software & SaaS,software-saas,18,Hospitality & Travel Software,hospitality-travel-software,25,Travel Agency Software,travel-agency-software,,,,
Software & SaaS,software-saas,18,Hospitality & Travel Software,hospitality-travel-software,26,Corporate Travel Booking Software,corporate-travel-booking-software,,,,
Software & SaaS,software-saas,18,Hospitality & Travel Software,hospitality-travel-software,27,Travel Itinerary Software,travel-itinerary-software,,,,
Software & SaaS,software-saas,18,Hospitality & Travel Software,hospitality-travel-software,28,Group Travel Management Software,group-travel-management-software,,,,
Software & SaaS,software-saas,18,Hospitality & Travel Software,hospitality-travel-software,29,Religious Travel Software,religious-travel-software,,,,
Software & SaaS,software-saas,18,Hospitality & Travel Software,hospitality-travel-software,30,Cruise Booking Software,cruise-booking-software,,,,
Software & SaaS,software-saas,18,Hospitality & Travel Software,hospitality-travel-software,31,Airport Ground Handling Software,airport-ground-handling-software,,,,
Software & SaaS,software-saas,18,Hospitality & Travel Software,hospitality-travel-software,32,Airline Operations Software,airline-operations-software,,,,
Software & SaaS,software-saas,18,Hospitality & Travel Software,hospitality-travel-software,33,Charter Flight Software,charter-flight-software,,,,
Software & SaaS,software-saas,18,Hospitality & Travel Software,hospitality-travel-software,34,Limousine Reservation Software,limousine-reservation-software,,,,
Software & SaaS,software-saas,18,Hospitality & Travel Software,hospitality-travel-software,35,Taxi Dispatch Software,taxi-dispatch-software,,,,
Software & SaaS,software-saas,18,Hospitality & Travel Software,hospitality-travel-software,36,Rideshare Driver Apps,rideshare-driver-apps,,,,
Software & SaaS,software-saas,18,Hospitality & Travel Software,hospitality-travel-software,37,Car Rental Management Software,car-rental-management-software,,,,
Software & SaaS,software-saas,18,Hospitality & Travel Software,hospitality-travel-software,38,RV Rental Software,rv-rental-software,,,,
Software & SaaS,software-saas,18,Hospitality & Travel Software,hospitality-travel-software,39,Boat Rental Software,boat-rental-software,,,,
Software & SaaS,software-saas,18,Hospitality & Travel Software,hospitality-travel-software,40,Equipment Rental Software,equipment-rental-software,,,,
Software & SaaS,software-saas,18,Hospitality & Travel Software,hospitality-travel-software,41,Party Rental Software,party-rental-software,,,,
Software & SaaS,software-saas,18,Hospitality & Travel Software,hospitality-travel-software,42,Tool Rental Software,tool-rental-software,,,,
Software & SaaS,software-saas,19,Real Estate & Property Software,real-estate-property-software,1,Real Estate Brokerage Software,real-estate-brokerage-software,,,,
Software & SaaS,software-saas,19,Real Estate & Property Software,real-estate-property-software,2,Real Estate Transaction Management Software,real-estate-transaction-management-software,,,,
Software & SaaS,software-saas,19,Real Estate & Property Software,real-estate-property-software,3,Multiple Listing Service Software,multiple-listing-service-software,,,,
Software & SaaS,software-saas,19,Real Estate & Property Software,real-estate-property-software,4,IDX Website Builders,idx-website-builders,1,Website Builders,Drag-and-Drop,website-builders-drag-and-drop
Software & SaaS,software-saas,19,Real Estate & Property Software,real-estate-property-software,4,IDX Website Builders,idx-website-builders,2,Website Builders,Blog Platforms,website-builders-blog-platforms
Software & SaaS,software-saas,19,Real Estate & Property Software,real-estate-property-software,4,IDX Website Builders,idx-website-builders,3,Website Builders,Portfolio Builders,website-builders-portfolio-builders
Software & SaaS,software-saas,19,Real Estate & Property Software,real-estate-property-software,4,IDX Website Builders,idx-website-builders,4,Website Builders,eCommerce Builders,website-builders-ecommerce-builders
Software & SaaS,software-saas,19,Real Estate & Property Software,real-estate-property-software,4,IDX Website Builders,idx-website-builders,5,Website Builders,Wiki Builders,website-builders-wiki-builders
Software & SaaS,software-saas,19,Real Estate & Property Software,real-estate-property-software,4,IDX Website Builders,idx-website-builders,6,Website Builders,Documentation Sites,website-builders-documentation-sites
Software & SaaS,software-saas,19,Real Estate & Property Software,real-estate-property-software,4,IDX Website Builders,idx-website-builders,7,Website Builders,Community Platforms,website-builders-community-platforms
Software & SaaS,software-saas,19,Real Estate & Property Software,real-estate-property-software,4,IDX Website Builders,idx-website-builders,8,Website Builders,Forum Builders,website-builders-forum-builders
Software & SaaS,software-saas,19,Real Estate & Property Software,real-estate-property-software,5,Real Estate Lead Generation Software,real-estate-lead-generation-software,,,,
Software & SaaS,software-saas,19,Real Estate & Property Software,real-estate-property-software,6,Open House Software,open-house-software,,,,
Software & SaaS,software-saas,19,Real Estate & Property Software,real-estate-property-software,7,Real Estate Showing Software,real-estate-showing-software,,,,
Software & SaaS,software-saas,19,Real Estate & Property Software,real-estate-property-software,8,Real Estate Document Management,real-estate-document-management,,,,
Software & SaaS,software-saas,19,Real Estate & Property Software,real-estate-property-software,9,Real Estate Forms Software,real-estate-forms-software,,,,
Software & SaaS,software-saas,19,Real Estate & Property Software,real-estate-property-software,10,Real Estate Commission Tracking Software,real-estate-commission-tracking-software,,,,
Software & SaaS,software-saas,19,Real Estate & Property Software,real-estate-property-software,11,Real Estate Back Office Software,real-estate-back-office-software,,,,
Software & SaaS,software-saas,19,Real Estate & Property Software,real-estate-property-software,12,Real Estate Marketing Software,real-estate-marketing-software,,,,
Software & SaaS,software-saas,19,Real Estate & Property Software,real-estate-property-software,13,Property Listing Syndication Software,property-listing-syndication-software,,,,
Software & SaaS,software-saas,19,Real Estate & Property Software,real-estate-property-software,14,Virtual Property Tour Software,virtual-property-tour-software,,,,
Software & SaaS,software-saas,19,Real Estate & Property Software,real-estate-property-software,15,3D Property Tour Software,3d-property-tour-software,,,,
Software & SaaS,software-saas,19,Real Estate & Property Software,real-estate-property-software,16,Drone Real Estate Software,drone-real-estate-software,,,,
Software & SaaS,software-saas,19,Real Estate & Property Software,real-estate-property-software,17,Property Management Software,property-management-software,,,,
Software & SaaS,software-saas,19,Real Estate & Property Software,real-estate-property-software,18,Single-Family Rental Management Software,single-family-rental-management-software,,,,
Software & SaaS,software-saas,19,Real Estate & Property Software,real-estate-property-software,19,Multifamily Property Management Software,multifamily-property-management-software,,,,
Software & SaaS,software-saas,19,Real Estate & Property Software,real-estate-property-software,20,Student Housing Management Software,student-housing-management-software,,,,
Software & SaaS,software-saas,19,Real Estate & Property Software,real-estate-property-software,21,Senior Housing Management Software,senior-housing-management-software,,,,
Software & SaaS,software-saas,19,Real Estate & Property Software,real-estate-property-software,22,Affordable Housing Management Software,affordable-housing-management-software,,,,
Software & SaaS,software-saas,19,Real Estate & Property Software,real-estate-property-software,23,Mobile Home Park Management Software,mobile-home-park-management-software,,,,
Software & SaaS,software-saas,19,Real Estate & Property Software,real-estate-property-software,24,Self-Storage Management Software,self-storage-management-software,,,,
Software & SaaS,software-saas,19,Real Estate & Property Software,real-estate-property-software,25,Community Association Management Software,community-association-management-software,,,,
Software & SaaS,software-saas,19,Real Estate & Property Software,real-estate-property-software,26,HOA Management Software,hoa-management-software,,,,
Software & SaaS,software-saas,19,Real Estate & Property Software,real-estate-property-software,27,Condo Management Software,condo-management-software,,,,
Software & SaaS,software-saas,19,Real Estate & Property Software,real-estate-property-software,28,Commercial Real Estate Software,commercial-real-estate-software,,,,
Software & SaaS,software-saas,19,Real Estate & Property Software,real-estate-property-software,29,Industrial Real Estate Software,industrial-real-estate-software,,,,
Software & SaaS,software-saas,19,Real Estate & Property Software,real-estate-property-software,30,Retail Real Estate Software,retail-real-estate-software,,,,
Software & SaaS,software-saas,19,Real Estate & Property Software,real-estate-property-software,31,Office Lease Management Software,office-lease-management-software,,,,
Software & SaaS,software-saas,19,Real Estate & Property Software,real-estate-property-software,32,Coworking Space Management Software,coworking-space-management-software,,,,
Software & SaaS,software-saas,19,Real Estate & Property Software,real-estate-property-software,33,Flex Space Booking Software,flex-space-booking-software,,,,
Software & SaaS,software-saas,19,Real Estate & Property Software,real-estate-property-software,34,Tenant Screening Software,tenant-screening-software,,,,
Software & SaaS,software-saas,19,Real Estate & Property Software,real-estate-property-software,35,Online Rental Application Software,online-rental-application-software,,,,
Software & SaaS,software-saas,19,Real Estate & Property Software,real-estate-property-software,36,Lease Signing Software,lease-signing-software,,,,
Software & SaaS,software-saas,19,Real Estate & Property Software,real-estate-property-software,37,Rent Payment Apps,rent-payment-apps,,,,
Software & SaaS,software-saas,19,Real Estate & Property Software,real-estate-property-software,38,Maintenance Request Software,maintenance-request-software,,,,
Software & SaaS,software-saas,19,Real Estate & Property Software,real-estate-property-software,39,Work Order Software for Property,work-order-software-for-property,,,,
Software & SaaS,software-saas,19,Real Estate & Property Software,real-estate-property-software,40,Property Inspection Software,property-inspection-software,,,,
Software & SaaS,software-saas,19,Real Estate & Property Software,real-estate-property-software,41,Move-In Move-Out Inspection Software,move-in-move-out-inspection-software,,,,
Software & SaaS,software-saas,19,Real Estate & Property Software,real-estate-property-software,42,Real Estate Appraisal Software,real-estate-appraisal-software,,,,
Software & SaaS,software-saas,19,Real Estate & Property Software,real-estate-property-software,43,Real Estate Investment Analysis Software,real-estate-investment-analysis-software,,,,
Software & SaaS,software-saas,19,Real Estate & Property Software,real-estate-property-software,44,Real Estate Underwriting Software,real-estate-underwriting-software,,,,
Software & SaaS,software-saas,19,Real Estate & Property Software,real-estate-property-software,45,Real Estate Crowdfunding Platforms,real-estate-crowdfunding-platforms,,,,
Software & SaaS,software-saas,19,Real Estate & Property Software,real-estate-property-software,46,Mortgage Origination Software,mortgage-origination-software,,,,
Software & SaaS,software-saas,19,Real Estate & Property Software,real-estate-property-software,47,Mortgage Servicing Software,mortgage-servicing-software,,,,
Software & SaaS,software-saas,19,Real Estate & Property Software,real-estate-property-software,48,Title Insurance Software,title-insurance-software,,,,
Software & SaaS,software-saas,19,Real Estate & Property Software,real-estate-property-software,49,Escrow Management Software,escrow-management-software,,,,
Software & SaaS,software-saas,19,Real Estate & Property Software,real-estate-property-software,50,Closing Disclosure Software,closing-disclosure-software,,,,
Software & SaaS,software-saas,20,Construction & Field Service Software,construction-field-service-software,1,Construction Bidding Software,construction-bidding-software,,,,
Software & SaaS,software-saas,20,Construction & Field Service Software,construction-field-service-software,2,Construction Estimating Software,construction-estimating-software,,,,
Software & SaaS,software-saas,20,Construction & Field Service Software,construction-field-service-software,3,Construction Takeoff Software,construction-takeoff-software,,,,
Software & SaaS,software-saas,20,Construction & Field Service Software,construction-field-service-software,4,Construction Scheduling Software,construction-scheduling-software,,,,
Software & SaaS,software-saas,20,Construction & Field Service Software,construction-field-service-software,5,Construction Submittal Software,construction-submittal-software,,,,
Software & SaaS,software-saas,20,Construction & Field Service Software,construction-field-service-software,6,RFI Management Software,rfi-management-software,,,,
Software & SaaS,software-saas,20,Construction & Field Service Software,construction-field-service-software,7,Construction Punch List Software,construction-punch-list-software,,,,
Software & SaaS,software-saas,20,Construction & Field Service Software,construction-field-service-software,8,Construction Daily Log Software,construction-daily-log-software,1,Construction Tools,Daily Log,construction-tools-daily-log
Software & SaaS,software-saas,20,Construction & Field Service Software,construction-field-service-software,9,Construction Drawing Management Software,construction-drawing-management-software,,,,
Software & SaaS,software-saas,20,Construction & Field Service Software,construction-field-service-software,10,BIM Collaboration Software,bim-collaboration-software,,,,
Software & SaaS,software-saas,20,Construction & Field Service Software,construction-field-service-software,11,Construction Field Reporting Software,construction-field-reporting-software,,,,
Software & SaaS,software-saas,20,Construction & Field Service Software,construction-field-service-software,12,Construction Safety Software,construction-safety-software,,,,
Software & SaaS,software-saas,20,Construction & Field Service Software,construction-field-service-software,13,Toolbox Talk Software,toolbox-talk-software,,,,
Software & SaaS,software-saas,20,Construction & Field Service Software,construction-field-service-software,14,Construction Equipment Tracking Software,construction-equipment-tracking-software,,,,
Software & SaaS,software-saas,20,Construction & Field Service Software,construction-field-service-software,15,Heavy Equipment Management Software,heavy-equipment-management-software,,,,
Software & SaaS,software-saas,20,Construction & Field Service Software,construction-field-service-software,16,Crane Management Software,crane-management-software,,,,
Software & SaaS,software-saas,20,Construction & Field Service Software,construction-field-service-software,17,Aerial Lift Management Software,aerial-lift-management-software,,,,
Software & SaaS,software-saas,20,Construction & Field Service Software,construction-field-service-software,18,Construction Document Control Software,construction-document-control-software,,,,
Software & SaaS,software-saas,20,Construction & Field Service Software,construction-field-service-software,19,Construction Accounting Software,construction-accounting-software,,,,
Software & SaaS,software-saas,20,Construction & Field Service Software,construction-field-service-software,20,Construction Payroll Software,construction-payroll-software,,,,
Software & SaaS,software-saas,20,Construction & Field Service Software,construction-field-service-software,21,Construction Time Tracking Software,construction-time-tracking-software,,,,
Software & SaaS,software-saas,20,Construction & Field Service Software,construction-field-service-software,22,Job Costing Software,job-costing-software,,,,
Software & SaaS,software-saas,20,Construction & Field Service Software,construction-field-service-software,23,Subcontractor Management Software,subcontractor-management-software,,,,
Software & SaaS,software-saas,20,Construction & Field Service Software,construction-field-service-software,24,Lien Waiver Management Software,lien-waiver-management-software,,,,
Software & SaaS,software-saas,20,Construction & Field Service Software,construction-field-service-software,25,Pay Application Software,pay-application-software,,,,
Software & SaaS,software-saas,20,Construction & Field Service Software,construction-field-service-software,26,Field Service Management Software,field-service-management-software,1,Field Service,Field Service Management,field-service-field-service-management
Software & SaaS,software-saas,20,Construction & Field Service Software,construction-field-service-software,27,HVAC Service Software,hvac-service-software,,,,
Software & SaaS,software-saas,20,Construction & Field Service Software,construction-field-service-software,28,Plumbing Service Software,plumbing-service-software,,,,
Software & SaaS,software-saas,20,Construction & Field Service Software,construction-field-service-software,29,Electrician Service Software,electrician-service-software,,,,
Software & SaaS,software-saas,20,Construction & Field Service Software,construction-field-service-software,30,Roofing Contractor Software,roofing-contractor-software,,,,
Software & SaaS,software-saas,20,Construction & Field Service Software,construction-field-service-software,31,Landscaping Business Software,landscaping-business-software,,,,
Software & SaaS,software-saas,20,Construction & Field Service Software,construction-field-service-software,32,Lawn Care Software,lawn-care-software,,,,
Software & SaaS,software-saas,20,Construction & Field Service Software,construction-field-service-software,33,Tree Service Software,tree-service-software,,,,
Software & SaaS,software-saas,20,Construction & Field Service Software,construction-field-service-software,34,Snow Removal Software,snow-removal-software,,,,
Software & SaaS,software-saas,20,Construction & Field Service Software,construction-field-service-software,35,Pest Control Software,pest-control-software,,,,
Software & SaaS,software-saas,20,Construction & Field Service Software,construction-field-service-software,36,Cleaning Business Software,cleaning-business-software,,,,
Software & SaaS,software-saas,20,Construction & Field Service Software,construction-field-service-software,37,Maid Service Software,maid-service-software,,,,
Software & SaaS,software-saas,20,Construction & Field Service Software,construction-field-service-software,38,Window Cleaning Software,window-cleaning-software,,,,
Software & SaaS,software-saas,20,Construction & Field Service Software,construction-field-service-software,39,Pool Service Software,pool-service-software,,,,
Software & SaaS,software-saas,20,Construction & Field Service Software,construction-field-service-software,40,Carpet Cleaning Software,carpet-cleaning-software,,,,
Software & SaaS,software-saas,20,Construction & Field Service Software,construction-field-service-software,41,Junk Removal Software,junk-removal-software,,,,
Software & SaaS,software-saas,20,Construction & Field Service Software,construction-field-service-software,42,Moving Company Software,moving-company-software,,,,
Software & SaaS,software-saas,20,Construction & Field Service Software,construction-field-service-software,43,Auto Detailing Software,auto-detailing-software,,,,
Software & SaaS,software-saas,20,Construction & Field Service Software,construction-field-service-software,44,Mobile Mechanic Software,mobile-mechanic-software,,,,
Software & SaaS,software-saas,20,Construction & Field Service Software,construction-field-service-software,45,Locksmith Software,locksmith-software,,,,
Software & SaaS,software-saas,20,Construction & Field Service Software,construction-field-service-software,46,Garage Door Service Software,garage-door-service-software,,,,
Software & SaaS,software-saas,20,Construction & Field Service Software,construction-field-service-software,47,Appliance Repair Software,appliance-repair-software,,,,
Software & SaaS,software-saas,20,Construction & Field Service Software,construction-field-service-software,48,Handyman Software,handyman-software,,,,
Software & SaaS,software-saas,20,Construction & Field Service Software,construction-field-service-software,49,Home Inspection Software,home-inspection-software,,,,
Software & SaaS,software-saas,20,Construction & Field Service Software,construction-field-service-software,50,Pest Inspection Software,pest-inspection-software,,,,
Software & SaaS,software-saas,20,Construction & Field Service Software,construction-field-service-software,51,Mold Inspection Software,mold-inspection-software,,,,
Software & SaaS,software-saas,20,Construction & Field Service Software,construction-field-service-software,52,Energy Audit Software,energy-audit-software,,,,
Software & SaaS,software-saas,21,Healthcare & Medical Software,healthcare-medical-software,1,Electronic Health Record Software,electronic-health-record-software,,,,
Software & SaaS,software-saas,21,Healthcare & Medical Software,healthcare-medical-software,2,Electronic Medical Record Software,electronic-medical-record-software,,,,
Software & SaaS,software-saas,21,Healthcare & Medical Software,healthcare-medical-software,3,Practice Management Software,practice-management-software,,,,
Software & SaaS,software-saas,21,Healthcare & Medical Software,healthcare-medical-software,4,Medical Billing Software,medical-billing-software,,,,
Software & SaaS,software-saas,21,Healthcare & Medical Software,healthcare-medical-software,5,Revenue Cycle Management Software,revenue-cycle-management-software,,,,
Software & SaaS,software-saas,21,Healthcare & Medical Software,healthcare-medical-software,6,Medical Coding Software,medical-coding-software,,,,
Software & SaaS,software-saas,21,Healthcare & Medical Software,healthcare-medical-software,7,Charge Capture Software,charge-capture-software,,,,
Software & SaaS,software-saas,21,Healthcare & Medical Software,healthcare-medical-software,8,Claims Management Software,claims-management-software,,,,
Software & SaaS,software-saas,21,Healthcare & Medical Software,healthcare-medical-software,9,Eligibility Verification Software,eligibility-verification-software,,,,
Software & SaaS,software-saas,21,Healthcare & Medical Software,healthcare-medical-software,10,Prior Authorization Software,prior-authorization-software,,,,
Software & SaaS,software-saas,21,Healthcare & Medical Software,healthcare-medical-software,11,Patient Scheduling Software,patient-scheduling-software,,,,
Software & SaaS,software-saas,21,Healthcare & Medical Software,healthcare-medical-software,12,Patient Portal Software,patient-portal-software,,,,
Software & SaaS,software-saas,21,Healthcare & Medical Software,healthcare-medical-software,13,Patient Intake Software,patient-intake-software,,,,
Software & SaaS,software-saas,21,Healthcare & Medical Software,healthcare-medical-software,14,Patient Engagement Software,patient-engagement-software,,,,
Software & SaaS,software-saas,21,Healthcare & Medical Software,healthcare-medical-software,15,Patient Communication Software,patient-communication-software,,,,
Software & SaaS,software-saas,21,Healthcare & Medical Software,healthcare-medical-software,16,Patient Recall Software,patient-recall-software,,,,
Software & SaaS,software-saas,21,Healthcare & Medical Software,healthcare-medical-software,17,Telemedicine Platforms,telemedicine-platforms,,,,
Software & SaaS,software-saas,21,Healthcare & Medical Software,healthcare-medical-software,18,Telehealth Video Software,telehealth-video-software,,,,
Software & SaaS,software-saas,21,Healthcare & Medical Software,healthcare-medical-software,19,Remote Patient Monitoring Software,remote-patient-monitoring-software,,,,
Software & SaaS,software-saas,21,Healthcare & Medical Software,healthcare-medical-software,20,Chronic Care Management Software,chronic-care-management-software,,,,
Software & SaaS,software-saas,21,Healthcare & Medical Software,healthcare-medical-software,21,Care Coordination Software,care-coordination-software,,,,
Software & SaaS,software-saas,21,Healthcare & Medical Software,healthcare-medical-software,22,Population Health Management Software,population-health-management-software,,,,
Software & SaaS,software-saas,21,Healthcare & Medical Software,healthcare-medical-software,23,Health Risk Assessment Software,health-risk-assessment-software,1,GRC Platforms,Risk Assessment,grc-platforms-risk-assessment
Software & SaaS,software-saas,21,Healthcare & Medical Software,healthcare-medical-software,24,Clinical Decision Support Software,clinical-decision-support-software,,,,
Software & SaaS,software-saas,21,Healthcare & Medical Software,healthcare-medical-software,25,ePrescribing Software,eprescribing-software,,,,
Software & SaaS,software-saas,21,Healthcare & Medical Software,healthcare-medical-software,26,Medication Management Software,medication-management-software,,,,
Software & SaaS,software-saas,21,Healthcare & Medical Software,healthcare-medical-software,27,Pharmacy Management Software,pharmacy-management-software,,,,
Software & SaaS,software-saas,21,Healthcare & Medical Software,healthcare-medical-software,28,Long-Term Care Pharmacy Software,long-term-care-pharmacy-software,,,,
Software & SaaS,software-saas,21,Healthcare & Medical Software,healthcare-medical-software,29,Compounding Pharmacy Software,compounding-pharmacy-software,,,,
Software & SaaS,software-saas,21,Healthcare & Medical Software,healthcare-medical-software,30,Pharmacy POS Software,pharmacy-pos-software,,,,
Software & SaaS,software-saas,21,Healthcare & Medical Software,healthcare-medical-software,31,Hospital Information Systems,hospital-information-systems,,,,
Software & SaaS,software-saas,21,Healthcare & Medical Software,healthcare-medical-software,32,Hospital Bed Management Software,hospital-bed-management-software,,,,
Software & SaaS,software-saas,21,Healthcare & Medical Software,healthcare-medical-software,33,Operating Room Scheduling Software,operating-room-scheduling-software,,,,
Software & SaaS,software-saas,21,Healthcare & Medical Software,healthcare-medical-software,34,Anesthesia Information Management Software,anesthesia-information-management-software,,,,
Software & SaaS,software-saas,21,Healthcare & Medical Software,healthcare-medical-software,35,Emergency Department Software,emergency-department-software,,,,
Software & SaaS,software-saas,21,Healthcare & Medical Software,healthcare-medical-software,36,ICU Software,icu-software,,,,
Software & SaaS,software-saas,21,Healthcare & Medical Software,healthcare-medical-software,37,Laboratory Information Systems,laboratory-information-systems,,,,
Software & SaaS,software-saas,21,Healthcare & Medical Software,healthcare-medical-software,38,Pathology Lab Software,pathology-lab-software,,,,
Software & SaaS,software-saas,21,Healthcare & Medical Software,healthcare-medical-software,39,Radiology Information Systems,radiology-information-systems,,,,
Software & SaaS,software-saas,21,Healthcare & Medical Software,healthcare-medical-software,40,PACS Software,pacs-software,,,,
Software & SaaS,software-saas,21,Healthcare & Medical Software,healthcare-medical-software,41,Imaging Center Software,imaging-center-software,,,,
Software & SaaS,software-saas,21,Healthcare & Medical Software,healthcare-medical-software,42,Cardiology Information Systems,cardiology-information-systems,,,,
Software & SaaS,software-saas,21,Healthcare & Medical Software,healthcare-medical-software,43,Oncology EMR Software,oncology-emr-software,,,,
Software & SaaS,software-saas,21,Healthcare & Medical Software,healthcare-medical-software,44,Mental Health EHR Software,mental-health-ehr-software,,,,
Software & SaaS,software-saas,21,Healthcare & Medical Software,healthcare-medical-software,45,Behavioral Health EHR Software,behavioral-health-ehr-software,,,,
Software & SaaS,software-saas,21,Healthcare & Medical Software,healthcare-medical-software,46,Substance Abuse Treatment Software,substance-abuse-treatment-software,,,,
Software & SaaS,software-saas,21,Healthcare & Medical Software,healthcare-medical-software,47,Therapy Practice Software,therapy-practice-software,,,,
Software & SaaS,software-saas,21,Healthcare & Medical Software,healthcare-medical-software,48,Counselor Software,counselor-software,,,,
Software & SaaS,software-saas,21,Healthcare & Medical Software,healthcare-medical-software,49,Speech Therapy Software,speech-therapy-software,,,,
Software & SaaS,software-saas,21,Healthcare & Medical Software,healthcare-medical-software,50,Occupational Therapy Software,occupational-therapy-software,,,,
Software & SaaS,software-saas,21,Healthcare & Medical Software,healthcare-medical-software,51,Physical Therapy EMR Software,physical-therapy-emr-software,,,,
Software & SaaS,software-saas,21,Healthcare & Medical Software,healthcare-medical-software,52,Chiropractic Software,chiropractic-software,,,,
Software & SaaS,software-saas,21,Healthcare & Medical Software,healthcare-medical-software,53,Acupuncture Practice Software,acupuncture-practice-software,,,,
Software & SaaS,software-saas,21,Healthcare & Medical Software,healthcare-medical-software,54,Massage Therapy Software,massage-therapy-software,,,,
Software & SaaS,software-saas,21,Healthcare & Medical Software,healthcare-medical-software,55,Optometry Software,optometry-software,,,,
Software & SaaS,software-saas,21,Healthcare & Medical Software,healthcare-medical-software,56,Ophthalmology EMR Software,ophthalmology-emr-software,,,,
Software & SaaS,software-saas,21,Healthcare & Medical Software,healthcare-medical-software,57,Audiology Software,audiology-software,,,,
Software & SaaS,software-saas,21,Healthcare & Medical Software,healthcare-medical-software,58,Dental Practice Management Software,dental-practice-management-software,,,,
Software & SaaS,software-saas,21,Healthcare & Medical Software,healthcare-medical-software,59,Orthodontic Software,orthodontic-software,,,,
Software & SaaS,software-saas,21,Healthcare & Medical Software,healthcare-medical-software,60,Dental Imaging Software,dental-imaging-software,,,,
Software & SaaS,software-saas,21,Healthcare & Medical Software,healthcare-medical-software,61,Dermatology EMR Software,dermatology-emr-software,,,,
Software & SaaS,software-saas,21,Healthcare & Medical Software,healthcare-medical-software,62,Plastic Surgery Practice Software,plastic-surgery-practice-software,,,,
Software & SaaS,software-saas,21,Healthcare & Medical Software,healthcare-medical-software,63,Med Spa Software,med-spa-software,,,,
Software & SaaS,software-saas,21,Healthcare & Medical Software,healthcare-medical-software,64,Veterinary Practice Management Software,veterinary-practice-management-software,,,,
Software & SaaS,software-saas,21,Healthcare & Medical Software,healthcare-medical-software,65,Animal Hospital Software,animal-hospital-software,,,,
Software & SaaS,software-saas,21,Healthcare & Medical Software,healthcare-medical-software,66,Pet Boarding Software,pet-boarding-software,,,,
Software & SaaS,software-saas,21,Healthcare & Medical Software,healthcare-medical-software,67,Pet Grooming Software,pet-grooming-software,,,,
Software & SaaS,software-saas,21,Healthcare & Medical Software,healthcare-medical-software,68,Doggy Daycare Software,doggy-daycare-software,,,,
Software & SaaS,software-saas,21,Healthcare & Medical Software,healthcare-medical-software,69,Home Health Agency Software,home-health-agency-software,,,,
Software & SaaS,software-saas,21,Healthcare & Medical Software,healthcare-medical-software,70,Hospice Software,hospice-software,,,,
Software & SaaS,software-saas,21,Healthcare & Medical Software,healthcare-medical-software,71,Nursing Home Software,nursing-home-software,,,,
Software & SaaS,software-saas,21,Healthcare & Medical Software,healthcare-medical-software,72,Assisted Living Software,assisted-living-software,,,,
Software & SaaS,software-saas,21,Healthcare & Medical Software,healthcare-medical-software,73,Adult Day Care Software,adult-day-care-software,,,,
Software & SaaS,software-saas,21,Healthcare & Medical Software,healthcare-medical-software,74,Dietitian Practice Software,dietitian-practice-software,,,,
Software & SaaS,software-saas,21,Healthcare & Medical Software,healthcare-medical-software,75,Doula Software,doula-software,,,,
Software & SaaS,software-saas,21,Healthcare & Medical Software,healthcare-medical-software,76,Midwifery Software,midwifery-software,,,,
Software & SaaS,software-saas,21,Healthcare & Medical Software,healthcare-medical-software,77,Birth Center Software,birth-center-software,,,,
Software & SaaS,software-saas,21,Healthcare & Medical Software,healthcare-medical-software,78,Fertility Clinic Software,fertility-clinic-software,,,,
Software & SaaS,software-saas,21,Healthcare & Medical Software,healthcare-medical-software,79,Clinical Trial Management Systems,clinical-trial-management-systems,,,,
Software & SaaS,software-saas,21,Healthcare & Medical Software,healthcare-medical-software,80,eClinical Software,eclinical-software,,,,
Software & SaaS,software-saas,21,Healthcare & Medical Software,healthcare-medical-software,81,Electronic Data Capture Software,electronic-data-capture-software,,,,
Software & SaaS,software-saas,21,Healthcare & Medical Software,healthcare-medical-software,82,Patient Recruitment Software for Trials,patient-recruitment-software-for-trials,,,,
Software & SaaS,software-saas,21,Healthcare & Medical Software,healthcare-medical-software,83,Lab Notebook Software,lab-notebook-software,,,,
Software & SaaS,software-saas,21,Healthcare & Medical Software,healthcare-medical-software,84,Research Compliance Software,research-compliance-software,,,,
Software & SaaS,software-saas,21,Healthcare & Medical Software,healthcare-medical-software,85,Medical Device Tracking Software,medical-device-tracking-software,,,,
Software & SaaS,software-saas,21,Healthcare & Medical Software,healthcare-medical-software,86,Healthcare Compliance Software,healthcare-compliance-software,1,Industry Compliance,Healthcare Compliance,industry-compliance-healthcare-compliance
Software & SaaS,software-saas,21,Healthcare & Medical Software,healthcare-medical-software,87,HIPAA Compliance Software,hipaa-compliance-software,1,GRC Platforms,HIPAA Compliance,grc-platforms-hipaa-compliance
Software & SaaS,software-saas,21,Healthcare & Medical Software,healthcare-medical-software,88,Healthcare Analytics Software,healthcare-analytics-software,,,,
Software & SaaS,software-saas,21,Healthcare & Medical Software,healthcare-medical-software,89,Quality Reporting Software for Healthcare,quality-reporting-software-for-healthcare,,,,
Software & SaaS,software-saas,22,Legal & Professional Services Software,legal-professional-services-software,1,Law Practice Management Software,law-practice-management-software,1,Practice Management,Law Firm Management,practice-management-law-firm-management
Software & SaaS,software-saas,22,Legal & Professional Services Software,legal-professional-services-software,1,Law Practice Management Software,law-practice-management-software,2,Practice Management,Legal Billing,practice-management-legal-billing
Software & SaaS,software-saas,22,Legal & Professional Services Software,legal-professional-services-software,1,Law Practice Management Software,law-practice-management-software,3,Practice Management,Timekeeping,practice-management-timekeeping
Software & SaaS,software-saas,22,Legal & Professional Services Software,legal-professional-services-software,1,Law Practice Management Software,law-practice-management-software,4,Practice Management,Client Intake,practice-management-client-intake
Software & SaaS,software-saas,22,Legal & Professional Services Software,legal-professional-services-software,1,Law Practice Management Software,law-practice-management-software,5,Practice Management,Document Management,practice-management-document-management
Software & SaaS,software-saas,22,Legal & Professional Services Software,legal-professional-services-software,1,Law Practice Management Software,law-practice-management-software,6,Practice Management,Court Filing,practice-management-court-filing
Software & SaaS,software-saas,22,Legal & Professional Services Software,legal-professional-services-software,1,Law Practice Management Software,law-practice-management-software,7,Practice Management,Legal Research,practice-management-legal-research
Software & SaaS,software-saas,22,Legal & Professional Services Software,legal-professional-services-software,1,Law Practice Management Software,law-practice-management-software,8,Practice Management,Conflict Checks,practice-management-conflict-checks
Software & SaaS,software-saas,22,Legal & Professional Services Software,legal-professional-services-software,1,Law Practice Management Software,law-practice-management-software,9,Practice Management,Docket Management,practice-management-docket-management
Software & SaaS,software-saas,22,Legal & Professional Services Software,legal-professional-services-software,1,Law Practice Management Software,law-practice-management-software,10,Reporting Systems,Anonymous Reporting,reporting-systems-anonymous-reporting
Software & SaaS,software-saas,22,Legal & Professional Services Software,legal-professional-services-software,1,Law Practice Management Software,law-practice-management-software,11,Reporting Systems,Ethics Hotline,reporting-systems-ethics-hotline
Software & SaaS,software-saas,22,Legal & Professional Services Software,legal-professional-services-software,1,Law Practice Management Software,law-practice-management-software,12,Reporting Systems,Case Management Whistle,reporting-systems-case-management-whistle
Software & SaaS,software-saas,22,Legal & Professional Services Software,legal-professional-services-software,1,Law Practice Management Software,law-practice-management-software,13,Reporting Systems,Investigation Tool,reporting-systems-investigation-tool
Software & SaaS,software-saas,22,Legal & Professional Services Software,legal-professional-services-software,1,Law Practice Management Software,law-practice-management-software,14,Reporting Systems,Speak Up Platform,reporting-systems-speak-up-platform
Software & SaaS,software-saas,22,Legal & Professional Services Software,legal-professional-services-software,1,Law Practice Management Software,law-practice-management-software,15,Reporting Systems,Retaliation Monitoring,reporting-systems-retaliation-monitoring
Software & SaaS,software-saas,22,Legal & Professional Services Software,legal-professional-services-software,1,Law Practice Management Software,law-practice-management-software,16,Reporting Systems,Report Analytics,reporting-systems-report-analytics
Software & SaaS,software-saas,22,Legal & Professional Services Software,legal-professional-services-software,1,Law Practice Management Software,law-practice-management-software,17,Reporting Systems,Compliance Training Whistle,reporting-systems-compliance-training-whistle
Software & SaaS,software-saas,22,Legal & Professional Services Software,legal-professional-services-software,1,Law Practice Management Software,law-practice-management-software,18,Reporting Systems,Policy Acknowledgment,reporting-systems-policy-acknowledgment
Software & SaaS,software-saas,22,Legal & Professional Services Software,legal-professional-services-software,1,Law Practice Management Software,law-practice-management-software,19,Reporting Systems,Incident Documentation,reporting-systems-incident-documentation
Software & SaaS,software-saas,22,Legal & Professional Services Software,legal-professional-services-software,2,Legal Case Management Software,legal-case-management-software,1,E-Signature,Notarization,e-signature-notarization
Software & SaaS,software-saas,22,Legal & Professional Services Software,legal-professional-services-software,2,Legal Case Management Software,legal-case-management-software,2,E-Signature,Identity Verification,e-signature-identity-verification
Software & SaaS,software-saas,22,Legal & Professional Services Software,legal-professional-services-software,2,Legal Case Management Software,legal-case-management-software,3,E-Signature,Signing Workflows,e-signature-signing-workflows
Software & SaaS,software-saas,22,Legal & Professional Services Software,legal-professional-services-software,2,Legal Case Management Software,legal-case-management-software,4,E-Signature,Bulk Signing,e-signature-bulk-signing
Software & SaaS,software-saas,22,Legal & Professional Services Software,legal-professional-services-software,2,Legal Case Management Software,legal-case-management-software,5,E-Signature,Template Signing,e-signature-template-signing
Software & SaaS,software-saas,22,Legal & Professional Services Software,legal-professional-services-software,2,Legal Case Management Software,legal-case-management-software,6,E-Signature,API Signing,e-signature-api-signing
Software & SaaS,software-saas,22,Legal & Professional Services Software,legal-professional-services-software,2,Legal Case Management Software,legal-case-management-software,7,E-Signature,Mobile Signing,e-signature-mobile-signing
Software & SaaS,software-saas,22,Legal & Professional Services Software,legal-professional-services-software,2,Legal Case Management Software,legal-case-management-software,8,Practice Management,Case Management,practice-management-case-management
Software & SaaS,software-saas,22,Legal & Professional Services Software,legal-professional-services-software,2,Legal Case Management Software,legal-case-management-software,9,IP Management,Copyright Registration,ip-management-copyright-registration
Software & SaaS,software-saas,22,Legal & Professional Services Software,legal-professional-services-software,2,Legal Case Management Software,legal-case-management-software,10,IP Management,IP Valuation,ip-management-ip-valuation
Software & SaaS,software-saas,22,Legal & Professional Services Software,legal-professional-services-software,2,Legal Case Management Software,legal-case-management-software,11,IP Management,IP Licensing,ip-management-ip-licensing
Software & SaaS,software-saas,22,Legal & Professional Services Software,legal-professional-services-software,2,Legal Case Management Software,legal-case-management-software,12,IP Management,IP Monitoring,ip-management-ip-monitoring
Software & SaaS,software-saas,22,Legal & Professional Services Software,legal-professional-services-software,2,Legal Case Management Software,legal-case-management-software,13,IP Management,IP Analytics,ip-management-ip-analytics
Software & SaaS,software-saas,22,Legal & Professional Services Software,legal-professional-services-software,2,Legal Case Management Software,legal-case-management-software,14,IP Management,Prior Art Search,ip-management-prior-art-search
Software & SaaS,software-saas,22,Legal & Professional Services Software,legal-professional-services-software,2,Legal Case Management Software,legal-case-management-software,15,IP Management,IP Docketing,ip-management-ip-docketing
Software & SaaS,software-saas,22,Legal & Professional Services Software,legal-professional-services-software,2,Legal Case Management Software,legal-case-management-software,16,IP Management,IP Renewal,ip-management-ip-renewal
Software & SaaS,software-saas,22,Legal & Professional Services Software,legal-professional-services-software,2,Legal Case Management Software,legal-case-management-software,17,Legal Ops,Legal Spend Management,legal-ops-legal-spend-management
Software & SaaS,software-saas,22,Legal & Professional Services Software,legal-professional-services-software,2,Legal Case Management Software,legal-case-management-software,18,Legal Ops,Outside Counsel Management,legal-ops-outside-counsel-management
Software & SaaS,software-saas,22,Legal & Professional Services Software,legal-professional-services-software,2,Legal Case Management Software,legal-case-management-software,19,Legal Ops,Legal Analytics,legal-ops-legal-analytics
Software & SaaS,software-saas,22,Legal & Professional Services Software,legal-professional-services-software,2,Legal Case Management Software,legal-case-management-software,20,Legal Ops,Legal Intake,legal-ops-legal-intake
Software & SaaS,software-saas,22,Legal & Professional Services Software,legal-professional-services-software,2,Legal Case Management Software,legal-case-management-software,21,Legal Ops,Legal Project Management,legal-ops-legal-project-management
Software & SaaS,software-saas,22,Legal & Professional Services Software,legal-professional-services-software,2,Legal Case Management Software,legal-case-management-software,22,Legal Ops,Legal Reporting,legal-ops-legal-reporting
Software & SaaS,software-saas,22,Legal & Professional Services Software,legal-professional-services-software,2,Legal Case Management Software,legal-case-management-software,23,Legal Ops,Legal Dashboard,legal-ops-legal-dashboard
Software & SaaS,software-saas,22,Legal & Professional Services Software,legal-professional-services-software,2,Legal Case Management Software,legal-case-management-software,24,Legal Ops,Legal Benchmarking,legal-ops-legal-benchmarking
Software & SaaS,software-saas,22,Legal & Professional Services Software,legal-professional-services-software,3,Legal Matter Management Software,legal-matter-management-software,1,Legal Ops,Matter Management,legal-ops-matter-management
Software & SaaS,software-saas,22,Legal & Professional Services Software,legal-professional-services-software,4,Legal Time & Billing Software,legal-time-billing-software,,,,
Software & SaaS,software-saas,22,Legal & Professional Services Software,legal-professional-services-software,5,Legal Trust Accounting Software,legal-trust-accounting-software,,,,
Software & SaaS,software-saas,22,Legal & Professional Services Software,legal-professional-services-software,6,Legal Calendaring Software,legal-calendaring-software,,,,
Software & SaaS,software-saas,22,Legal & Professional Services Software,legal-professional-services-software,7,Court Docketing Software,court-docketing-software,,,,
Software & SaaS,software-saas,22,Legal & Professional Services Software,legal-professional-services-software,8,Legal Document Automation Software,legal-document-automation-software,1,E-Signature,Document Signing,e-signature-document-signing
Software & SaaS,software-saas,22,Legal & Professional Services Software,legal-professional-services-software,9,Legal Form Builder Software,legal-form-builder-software,,,,
Software & SaaS,software-saas,22,Legal & Professional Services Software,legal-professional-services-software,10,Legal Research Platforms,legal-research-platforms,1,GRC Platforms,Governance Risk Compliance,grc-platforms-governance-risk-compliance
Software & SaaS,software-saas,22,Legal & Professional Services Software,legal-professional-services-software,10,Legal Research Platforms,legal-research-platforms,2,GRC Platforms,FedRAMP,grc-platforms-fedramp
Software & SaaS,software-saas,22,Legal & Professional Services Software,legal-professional-services-software,11,Legal Citation Tools,legal-citation-tools,,,,
Software & SaaS,software-saas,22,Legal & Professional Services Software,legal-professional-services-software,12,Legal eDiscovery Software,legal-ediscovery-software,,,,
Software & SaaS,software-saas,22,Legal & Professional Services Software,legal-professional-services-software,13,Legal Hold Software,legal-hold-software,1,Legal Ops,Legal Hold,legal-ops-legal-hold
Software & SaaS,software-saas,22,Legal & Professional Services Software,legal-professional-services-software,14,Contract Drafting Software,contract-drafting-software,,,,
Software & SaaS,software-saas,22,Legal & Professional Services Software,legal-professional-services-software,15,Contract Negotiation Software,contract-negotiation-software,,,,
Software & SaaS,software-saas,22,Legal & Professional Services Software,legal-professional-services-software,16,Contract Review Software,contract-review-software,,,,
Software & SaaS,software-saas,22,Legal & Professional Services Software,legal-professional-services-software,17,Contract Repository Software,contract-repository-software,,,,
Software & SaaS,software-saas,22,Legal & Professional Services Software,legal-professional-services-software,18,Vendor Contract Management,vendor-contract-management,1,Contract Management,Contract Lifecycle,contract-management-contract-lifecycle
Software & SaaS,software-saas,22,Legal & Professional Services Software,legal-professional-services-software,18,Vendor Contract Management,vendor-contract-management,2,Contract Management,Contract Drafting,contract-management-contract-drafting
Software & SaaS,software-saas,22,Legal & Professional Services Software,legal-professional-services-software,18,Vendor Contract Management,vendor-contract-management,3,Contract Management,Contract Review,contract-management-contract-review
Software & SaaS,software-saas,22,Legal & Professional Services Software,legal-professional-services-software,18,Vendor Contract Management,vendor-contract-management,4,Contract Management,Contract Analytics,contract-management-contract-analytics
Software & SaaS,software-saas,22,Legal & Professional Services Software,legal-professional-services-software,18,Vendor Contract Management,vendor-contract-management,5,Contract Management,Contract Repository,contract-management-contract-repository
Software & SaaS,software-saas,22,Legal & Professional Services Software,legal-professional-services-software,18,Vendor Contract Management,vendor-contract-management,6,Contract Management,Clause Library,contract-management-clause-library
Software & SaaS,software-saas,22,Legal & Professional Services Software,legal-professional-services-software,18,Vendor Contract Management,vendor-contract-management,7,Contract Management,Approval Workflows,contract-management-approval-workflows
Software & SaaS,software-saas,22,Legal & Professional Services Software,legal-professional-services-software,18,Vendor Contract Management,vendor-contract-management,8,Contract Management,Obligation Tracking,contract-management-obligation-tracking
Software & SaaS,software-saas,22,Legal & Professional Services Software,legal-professional-services-software,18,Vendor Contract Management,vendor-contract-management,9,Contract Management,Expiry Alerts,contract-management-expiry-alerts
Software & SaaS,software-saas,22,Legal & Professional Services Software,legal-professional-services-software,18,Vendor Contract Management,vendor-contract-management,10,Contract Management,Vendor Contracts,contract-management-vendor-contracts
Software & SaaS,software-saas,22,Legal & Professional Services Software,legal-professional-services-software,19,NDA Management Software,nda-management-software,,,,
Software & SaaS,software-saas,22,Legal & Professional Services Software,legal-professional-services-software,20,Corporate Entity Management Software,corporate-entity-management-software,,,,
Software & SaaS,software-saas,22,Legal & Professional Services Software,legal-professional-services-software,21,Board Portal Software,board-portal-software,,,,
Software & SaaS,software-saas,22,Legal & Professional Services Software,legal-professional-services-software,22,Minute Book Software,minute-book-software,,,,
Software & SaaS,software-saas,22,Legal & Professional Services Software,legal-professional-services-software,23,Cap Table Management for Counsel,cap-table-management-for-counsel,,,,
Software & SaaS,software-saas,22,Legal & Professional Services Software,legal-professional-services-software,24,Intellectual Property Management Software,intellectual-property-management-software,,,,
Software & SaaS,software-saas,22,Legal & Professional Services Software,legal-professional-services-software,25,Patent Docketing Software,patent-docketing-software,,,,
Software & SaaS,software-saas,22,Legal & Professional Services Software,legal-professional-services-software,26,Trademark Docketing Software,trademark-docketing-software,,,,
Software & SaaS,software-saas,22,Legal & Professional Services Software,legal-professional-services-software,27,Domain Portfolio Management Software,domain-portfolio-management-software,1,IP Management,Patent Portfolio,ip-management-patent-portfolio
Software & SaaS,software-saas,22,Legal & Professional Services Software,legal-professional-services-software,27,Domain Portfolio Management Software,domain-portfolio-management-software,2,IP Management,Trademark Portfolio,ip-management-trademark-portfolio
Software & SaaS,software-saas,22,Legal & Professional Services Software,legal-professional-services-software,28,Court Reporter Software,court-reporter-software,,,,
Software & SaaS,software-saas,22,Legal & Professional Services Software,legal-professional-services-software,29,Legal Transcription Software,legal-transcription-software,,,,
Software & SaaS,software-saas,22,Legal & Professional Services Software,legal-professional-services-software,30,Process Server Software,process-server-software,,,,
Software & SaaS,software-saas,22,Legal & Professional Services Software,legal-professional-services-software,31,Bail Bond Management Software,bail-bond-management-software,,,,
Software & SaaS,software-saas,22,Legal & Professional Services Software,legal-professional-services-software,32,Notary Software,notary-software,,,,
Software & SaaS,software-saas,22,Legal & Professional Services Software,legal-professional-services-software,33,Mediator Software,mediator-software,,,,
Software & SaaS,software-saas,22,Legal & Professional Services Software,legal-professional-services-software,34,Arbitration Management Software,arbitration-management-software,,,,
Software & SaaS,software-saas,22,Legal & Professional Services Software,legal-professional-services-software,35,Immigration Case Management Software,immigration-case-management-software,,,,
Software & SaaS,software-saas,22,Legal & Professional Services Software,legal-professional-services-software,36,Personal Injury Case Management Software,personal-injury-case-management-software,,,,
Software & SaaS,software-saas,22,Legal & Professional Services Software,legal-professional-services-software,37,Family Law Practice Software,family-law-practice-software,,,,
Software & SaaS,software-saas,22,Legal & Professional Services Software,legal-professional-services-software,38,Estate Planning Software,estate-planning-software,,,,
Software & SaaS,software-saas,22,Legal & Professional Services Software,legal-professional-services-software,39,Probate Software,probate-software,,,,
Software & SaaS,software-saas,22,Legal & Professional Services Software,legal-professional-services-software,40,Bankruptcy Software,bankruptcy-software,,,,
Software & SaaS,software-saas,22,Legal & Professional Services Software,legal-professional-services-software,41,Criminal Defense Practice Software,criminal-defense-practice-software,,,,
Software & SaaS,software-saas,22,Legal & Professional Services Software,legal-professional-services-software,42,Real Estate Closing Software,real-estate-closing-software,,,,
Software & SaaS,software-saas,22,Legal & Professional Services Software,legal-professional-services-software,43,Title Search Software,title-search-software,,,,
Software & SaaS,software-saas,22,Legal & Professional Services Software,legal-professional-services-software,44,Conveyancing Software,conveyancing-software,,,,
Software & SaaS,software-saas,22,Legal & Professional Services Software,legal-professional-services-software,45,Accounting Practice Management Software,accounting-practice-management-software,,,,
Software & SaaS,software-saas,22,Legal & Professional Services Software,legal-professional-services-software,46,Tax Practice Management Software,tax-practice-management-software,,,,
Software & SaaS,software-saas,22,Legal & Professional Services Software,legal-professional-services-software,47,Audit Practice Management Software,audit-practice-management-software,,,,
Software & SaaS,software-saas,22,Legal & Professional Services Software,legal-professional-services-software,48,Bookkeeping Practice Software,bookkeeping-practice-software,,,,
Software & SaaS,software-saas,22,Legal & Professional Services Software,legal-professional-services-software,49,Consulting Firm Software,consulting-firm-software,,,,
Software & SaaS,software-saas,22,Legal & Professional Services Software,legal-professional-services-software,50,Architecture Firm Management Software,architecture-firm-management-software,,,,
Software & SaaS,software-saas,22,Legal & Professional Services Software,legal-professional-services-software,51,Engineering Firm Management Software,engineering-firm-management-software,,,,
Software & SaaS,software-saas,22,Legal & Professional Services Software,legal-professional-services-software,52,Marketing Agency Management Software,marketing-agency-management-software,,,,
Software & SaaS,software-saas,22,Legal & Professional Services Software,legal-professional-services-software,53,PR Agency Software,pr-agency-software,,,,
Software & SaaS,software-saas,22,Legal & Professional Services Software,legal-professional-services-software,54,Translation Agency Software,translation-agency-software,,,,
Software & SaaS,software-saas,23,Education & Academic Software,education-academic-software,1,Student Information Systems,student-information-systems,,,,
Software & SaaS,software-saas,23,Education & Academic Software,education-academic-software,2,School Administration Software,school-administration-software,,,,
Software & SaaS,software-saas,23,Education & Academic Software,education-academic-software,3,K-12 School Management Software,k-12-school-management-software,,,,
Software & SaaS,software-saas,23,Education & Academic Software,education-academic-software,4,Higher Education Student Information Systems,higher-education-student-information-systems,,,,
Software & SaaS,software-saas,23,Education & Academic Software,education-academic-software,5,Enrollment Management Software,enrollment-management-software,,,,
Software & SaaS,software-saas,23,Education & Academic Software,education-academic-software,6,Admissions Software,admissions-software,,,,
Software & SaaS,software-saas,23,Education & Academic Software,education-academic-software,7,College Application Software,college-application-software,,,,
Software & SaaS,software-saas,23,Education & Academic Software,education-academic-software,8,Student Recruitment Software,student-recruitment-software,,,,
Software & SaaS,software-saas,23,Education & Academic Software,education-academic-software,9,Financial Aid Management Software,financial-aid-management-software,,,,
Software & SaaS,software-saas,23,Education & Academic Software,education-academic-software,10,Scholarship Management Software,scholarship-management-software,,,,
Software & SaaS,software-saas,23,Education & Academic Software,education-academic-software,11,Bursar Software,bursar-software,,,,
Software & SaaS,software-saas,23,Education & Academic Software,education-academic-software,12,Student Billing Software,student-billing-software,,,,
Software & SaaS,software-saas,23,Education & Academic Software,education-academic-software,13,Tuition Management Software,tuition-management-software,,,,
Software & SaaS,software-saas,23,Education & Academic Software,education-academic-software,14,Campus Card Software,campus-card-software,,,,
Software & SaaS,software-saas,23,Education & Academic Software,education-academic-software,15,Campus Safety Software,campus-safety-software,,,,
Software & SaaS,software-saas,23,Education & Academic Software,education-academic-software,16,Visitor Management for Schools,visitor-management-for-schools,,,,
Software & SaaS,software-saas,23,Education & Academic Software,education-academic-software,17,Bus Routing Software,bus-routing-software,,,,
Software & SaaS,software-saas,23,Education & Academic Software,education-academic-software,18,School Transportation Management Software,school-transportation-management-software,,,,
Software & SaaS,software-saas,23,Education & Academic Software,education-academic-software,19,Cafeteria Management Software,cafeteria-management-software,,,,
Software & SaaS,software-saas,23,Education & Academic Software,education-academic-software,20,School Lunch Payment Software,school-lunch-payment-software,,,,
Software & SaaS,software-saas,23,Education & Academic Software,education-academic-software,21,Library Management Software,library-management-software,,,,
Software & SaaS,software-saas,23,Education & Academic Software,education-academic-software,22,Academic Library Software,academic-library-software,,,,
Software & SaaS,software-saas,23,Education & Academic Software,education-academic-software,23,Public Library Software,public-library-software,,,,
Software & SaaS,software-saas,23,Education & Academic Software,education-academic-software,24,Book Cataloging Software,book-cataloging-software,,,,
Software & SaaS,software-saas,23,Education & Academic Software,education-academic-software,25,Learning Experience Platforms,learning-experience-platforms,,,,
Software & SaaS,software-saas,23,Education & Academic Software,education-academic-software,26,Special Education Software,special-education-software,,,,
Software & SaaS,software-saas,23,Education & Academic Software,education-academic-software,27,IEP Management Software,iep-management-software,,,,
Software & SaaS,software-saas,23,Education & Academic Software,education-academic-software,28,504 Plan Software,504-plan-software,,,,
Software & SaaS,software-saas,23,Education & Academic Software,education-academic-software,29,RTI MTSS Software,rti-mtss-software,,,,
Software & SaaS,software-saas,23,Education & Academic Software,education-academic-software,30,Behavior Management Software,behavior-management-software,,,,
Software & SaaS,software-saas,23,Education & Academic Software,education-academic-software,31,Classroom Management Software,classroom-management-software,,,,
Software & SaaS,software-saas,23,Education & Academic Software,education-academic-software,32,Gradebook Software,gradebook-software,,,,
Software & SaaS,software-saas,23,Education & Academic Software,education-academic-software,33,Standards-Based Grading Software,standards-based-grading-software,,,,
Software & SaaS,software-saas,23,Education & Academic Software,education-academic-software,34,Parent Communication Software,parent-communication-software,,,,
Software & SaaS,software-saas,23,Education & Academic Software,education-academic-software,35,School Newsletter Software,school-newsletter-software,,,,
Software & SaaS,software-saas,23,Education & Academic Software,education-academic-software,36,School Website Builders,school-website-builders,,,,
Software & SaaS,software-saas,23,Education & Academic Software,education-academic-software,37,Attendance Tracking Software,attendance-tracking-software,,,,
Software & SaaS,software-saas,23,Education & Academic Software,education-academic-software,38,Hall Pass Software,hall-pass-software,,,,
Software & SaaS,software-saas,23,Education & Academic Software,education-academic-software,39,Detention Tracking Software,detention-tracking-software,,,,
Software & SaaS,software-saas,23,Education & Academic Software,education-academic-software,40,Substitute Teacher Management Software,substitute-teacher-management-software,,,,
Software & SaaS,software-saas,23,Education & Academic Software,education-academic-software,41,Teacher Evaluation Software,teacher-evaluation-software,,,,
Software & SaaS,software-saas,23,Education & Academic Software,education-academic-software,42,Professional Development for Teachers,professional-development-for-teachers,,,,
Software & SaaS,software-saas,23,Education & Academic Software,education-academic-software,43,Curriculum Mapping Software,curriculum-mapping-software,,,,
Software & SaaS,software-saas,23,Education & Academic Software,education-academic-software,44,Lesson Planning Software,lesson-planning-software,,,,
Software & SaaS,software-saas,23,Education & Academic Software,education-academic-software,45,Standards Alignment Software,standards-alignment-software,,,,
Software & SaaS,software-saas,23,Education & Academic Software,education-academic-software,46,Assessment Authoring Software,assessment-authoring-software,,,,
Software & SaaS,software-saas,23,Education & Academic Software,education-academic-software,47,Online Proctoring Software,online-proctoring-software,,,,
Software & SaaS,software-saas,23,Education & Academic Software,education-academic-software,48,Test Generation Software,test-generation-software,,,,
Software & SaaS,software-saas,23,Education & Academic Software,education-academic-software,49,Plagiarism Detection Software,plagiarism-detection-software,,,,
Software & SaaS,software-saas,23,Education & Academic Software,education-academic-software,50,Course Registration Software,course-registration-software,,,,
Software & SaaS,software-saas,23,Education & Academic Software,education-academic-software,51,Academic Advising Software,academic-advising-software,,,,
Software & SaaS,software-saas,23,Education & Academic Software,education-academic-software,52,Degree Audit Software,degree-audit-software,,,,
Software & SaaS,software-saas,23,Education & Academic Software,education-academic-software,53,Graduation Planning Software,graduation-planning-software,,,,
Software & SaaS,software-saas,23,Education & Academic Software,education-academic-software,54,Alumni Management Software,alumni-management-software,,,,
Software & SaaS,software-saas,23,Education & Academic Software,education-academic-software,55,Donor Management for Schools,donor-management-for-schools,,,,
Software & SaaS,software-saas,23,Education & Academic Software,education-academic-software,56,Childcare Management Software,childcare-management-software,,,,
Software & SaaS,software-saas,23,Education & Academic Software,education-academic-software,57,Daycare Software,daycare-software,,,,
Software & SaaS,software-saas,23,Education & Academic Software,education-academic-software,58,Preschool Management Software,preschool-management-software,,,,
Software & SaaS,software-saas,23,Education & Academic Software,education-academic-software,59,After-School Program Software,after-school-program-software,,,,
Software & SaaS,software-saas,23,Education & Academic Software,education-academic-software,60,Summer Camp Software,summer-camp-software,,,,
Software & SaaS,software-saas,23,Education & Academic Software,education-academic-software,61,Driving School Management Software,driving-school-management-software,,,,
Software & SaaS,software-saas,23,Education & Academic Software,education-academic-software,62,Cooking School Software,cooking-school-software,,,,
Software & SaaS,software-saas,23,Education & Academic Software,education-academic-software,63,Music School Software,music-school-software,,,,
Software & SaaS,software-saas,23,Education & Academic Software,education-academic-software,64,Dance Studio Software,dance-studio-software,,,,
Software & SaaS,software-saas,23,Education & Academic Software,education-academic-software,65,Art School Management Software,art-school-management-software,,,,
Software & SaaS,software-saas,23,Education & Academic Software,education-academic-software,66,Tutoring Center Management Software,tutoring-center-management-software,,,,
Software & SaaS,software-saas,23,Education & Academic Software,education-academic-software,67,Test Prep Center Management Software,test-prep-center-management-software,,,,
Software & SaaS,software-saas,23,Education & Academic Software,education-academic-software,68,Coding Bootcamp Software,coding-bootcamp-software,,,,
Software & SaaS,software-saas,23,Education & Academic Software,education-academic-software,69,Trade School Management Software,trade-school-management-software,,,,
Software & SaaS,software-saas,24,"Nonprofit, Fundraising & Association Software",nonprofit-fundraising-association-software,1,Donor Management Software,donor-management-software,,,,
Software & SaaS,software-saas,24,"Nonprofit, Fundraising & Association Software",nonprofit-fundraising-association-software,2,Fundraising Software,fundraising-software,,,,
Software & SaaS,software-saas,24,"Nonprofit, Fundraising & Association Software",nonprofit-fundraising-association-software,3,Online Donation Software,online-donation-software,,,,
Software & SaaS,software-saas,24,"Nonprofit, Fundraising & Association Software",nonprofit-fundraising-association-software,4,Peer-to-Peer Fundraising Software,peer-to-peer-fundraising-software,,,,
Software & SaaS,software-saas,24,"Nonprofit, Fundraising & Association Software",nonprofit-fundraising-association-software,5,Auction Fundraising Software,auction-fundraising-software,,,,
Software & SaaS,software-saas,24,"Nonprofit, Fundraising & Association Software",nonprofit-fundraising-association-software,6,Crowdfunding Platforms for Nonprofits,crowdfunding-platforms-for-nonprofits,,,,
Software & SaaS,software-saas,24,"Nonprofit, Fundraising & Association Software",nonprofit-fundraising-association-software,7,Planned Giving Software,planned-giving-software,,,,
Software & SaaS,software-saas,24,"Nonprofit, Fundraising & Association Software",nonprofit-fundraising-association-software,8,Recurring Giving Software,recurring-giving-software,,,,
Software & SaaS,software-saas,24,"Nonprofit, Fundraising & Association Software",nonprofit-fundraising-association-software,9,Text-to-Give Software,text-to-give-software,,,,
Software & SaaS,software-saas,24,"Nonprofit, Fundraising & Association Software",nonprofit-fundraising-association-software,10,Grant Management Software,grant-management-software,,,,
Software & SaaS,software-saas,24,"Nonprofit, Fundraising & Association Software",nonprofit-fundraising-association-software,11,Grant Application Software,grant-application-software,,,,
Software & SaaS,software-saas,24,"Nonprofit, Fundraising & Association Software",nonprofit-fundraising-association-software,12,Grant Reporting Software,grant-reporting-software,,,,
Software & SaaS,software-saas,24,"Nonprofit, Fundraising & Association Software",nonprofit-fundraising-association-software,13,Volunteer Management Software,volunteer-management-software,,,,
Software & SaaS,software-saas,24,"Nonprofit, Fundraising & Association Software",nonprofit-fundraising-association-software,14,Volunteer Scheduling Software,volunteer-scheduling-software,,,,
Software & SaaS,software-saas,24,"Nonprofit, Fundraising & Association Software",nonprofit-fundraising-association-software,15,Volunteer Hour Tracking Software,volunteer-hour-tracking-software,,,,
Software & SaaS,software-saas,24,"Nonprofit, Fundraising & Association Software",nonprofit-fundraising-association-software,16,Background Check Software for Volunteers,background-check-software-for-volunteers,,,,
Software & SaaS,software-saas,24,"Nonprofit, Fundraising & Association Software",nonprofit-fundraising-association-software,17,Membership Management Software,membership-management-software,,,,
Software & SaaS,software-saas,24,"Nonprofit, Fundraising & Association Software",nonprofit-fundraising-association-software,18,Association Management Software,association-management-software,,,,
Software & SaaS,software-saas,24,"Nonprofit, Fundraising & Association Software",nonprofit-fundraising-association-software,19,Chapter Management Software,chapter-management-software,,,,
Software & SaaS,software-saas,24,"Nonprofit, Fundraising & Association Software",nonprofit-fundraising-association-software,20,Continuing Education for Associations,continuing-education-for-associations,,,,
Software & SaaS,software-saas,24,"Nonprofit, Fundraising & Association Software",nonprofit-fundraising-association-software,21,Event Management for Associations,event-management-for-associations,,,,
Software & SaaS,software-saas,24,"Nonprofit, Fundraising & Association Software",nonprofit-fundraising-association-software,22,Member Directory Software,member-directory-software,,,,
Software & SaaS,software-saas,24,"Nonprofit, Fundraising & Association Software",nonprofit-fundraising-association-software,23,Member Renewal Software,member-renewal-software,,,,
Software & SaaS,software-saas,24,"Nonprofit, Fundraising & Association Software",nonprofit-fundraising-association-software,24,Dues Management Software,dues-management-software,,,,
Software & SaaS,software-saas,24,"Nonprofit, Fundraising & Association Software",nonprofit-fundraising-association-software,25,Constituent Relationship Management Software,constituent-relationship-management-software,,,,
Software & SaaS,software-saas,24,"Nonprofit, Fundraising & Association Software",nonprofit-fundraising-association-software,26,Outcomes Tracking Software,outcomes-tracking-software,,,,
Software & SaaS,software-saas,24,"Nonprofit, Fundraising & Association Software",nonprofit-fundraising-association-software,27,Impact Reporting Software,impact-reporting-software,,,,
Software & SaaS,software-saas,24,"Nonprofit, Fundraising & Association Software",nonprofit-fundraising-association-software,28,Case Management for Social Services,case-management-for-social-services,,,,
Software & SaaS,software-saas,24,"Nonprofit, Fundraising & Association Software",nonprofit-fundraising-association-software,29,Foster Care Case Management,foster-care-case-management,,,,
Software & SaaS,software-saas,24,"Nonprofit, Fundraising & Association Software",nonprofit-fundraising-association-software,30,Homeless Services Case Management,homeless-services-case-management,,,,
Software & SaaS,software-saas,24,"Nonprofit, Fundraising & Association Software",nonprofit-fundraising-association-software,31,Domestic Violence Shelter Software,domestic-violence-shelter-software,,,,
Software & SaaS,software-saas,24,"Nonprofit, Fundraising & Association Software",nonprofit-fundraising-association-software,32,Food Bank Management Software,food-bank-management-software,,,,
Software & SaaS,software-saas,24,"Nonprofit, Fundraising & Association Software",nonprofit-fundraising-association-software,33,Soup Kitchen Software,soup-kitchen-software,,,,
Software & SaaS,software-saas,24,"Nonprofit, Fundraising & Association Software",nonprofit-fundraising-association-software,34,Animal Shelter Management Software,animal-shelter-management-software,,,,
Software & SaaS,software-saas,24,"Nonprofit, Fundraising & Association Software",nonprofit-fundraising-association-software,35,Wildlife Rehabilitation Software,wildlife-rehabilitation-software,,,,
Software & SaaS,software-saas,24,"Nonprofit, Fundraising & Association Software",nonprofit-fundraising-association-software,36,Conservation Database Software,conservation-database-software,,,,
Software & SaaS,software-saas,25,Religious & Faith-Based Software,religious-faith-based-software,1,Church Management Software,church-management-software,,,,
Software & SaaS,software-saas,25,Religious & Faith-Based Software,religious-faith-based-software,2,Synagogue Management Software,synagogue-management-software,,,,
Software & SaaS,software-saas,25,Religious & Faith-Based Software,religious-faith-based-software,3,Mosque Management Software,mosque-management-software,,,,
Software & SaaS,software-saas,25,Religious & Faith-Based Software,religious-faith-based-software,4,Temple Management Software,temple-management-software,,,,
Software & SaaS,software-saas,25,Religious & Faith-Based Software,religious-faith-based-software,5,Religious School Management Software,religious-school-management-software,,,,
Software & SaaS,software-saas,25,Religious & Faith-Based Software,religious-faith-based-software,6,Sunday School Software,sunday-school-software,,,,
Software & SaaS,software-saas,25,Religious & Faith-Based Software,religious-faith-based-software,7,Vacation Bible School Management,vacation-bible-school-management,,,,
Software & SaaS,software-saas,25,Religious & Faith-Based Software,religious-faith-based-software,8,Church Online Giving Software,church-online-giving-software,,,,
Software & SaaS,software-saas,25,Religious & Faith-Based Software,religious-faith-based-software,9,Tithing & Offering Software,tithing-offering-software,,,,
Software & SaaS,software-saas,25,Religious & Faith-Based Software,religious-faith-based-software,10,Religious Live Streaming Software,religious-live-streaming-software,,,,
Software & SaaS,software-saas,25,Religious & Faith-Based Software,religious-faith-based-software,11,Sermon Management Software,sermon-management-software,,,,
Software & SaaS,software-saas,25,Religious & Faith-Based Software,religious-faith-based-software,12,Worship Planning Software,worship-planning-software,,,,
Software & SaaS,software-saas,25,Religious & Faith-Based Software,religious-faith-based-software,13,Songbook & Hymnal Software,songbook-hymnal-software,,,,
Software & SaaS,software-saas,25,Religious & Faith-Based Software,religious-faith-based-software,14,Bible Study Software,bible-study-software,,,,
Software & SaaS,software-saas,25,Religious & Faith-Based Software,religious-faith-based-software,15,Religious Curriculum Software,religious-curriculum-software,,,,
Software & SaaS,software-saas,25,Religious & Faith-Based Software,religious-faith-based-software,16,Pastoral Care Software,pastoral-care-software,,,,
Software & SaaS,software-saas,25,Religious & Faith-Based Software,religious-faith-based-software,17,Mission Trip Management Software,mission-trip-management-software,,,,
Software & SaaS,software-saas,25,Religious & Faith-Based Software,religious-faith-based-software,18,Religious Event Software,religious-event-software,,,,
Software & SaaS,software-saas,25,Religious & Faith-Based Software,religious-faith-based-software,20,Youth Ministry Software,youth-ministry-software,,,,
Software & SaaS,software-saas,25,Religious & Faith-Based Software,religious-faith-based-software,21,Religious CRM Software,religious-crm-software,,,,
Software & SaaS,software-saas,26,Government & Public Sector Software,government-public-sector-software,1,311 Citizen Request Software,311-citizen-request-software,,,,
Software & SaaS,software-saas,26,Government & Public Sector Software,government-public-sector-software,2,Citizen Engagement Platforms,citizen-engagement-platforms,,,,
Software & SaaS,software-saas,26,Government & Public Sector Software,government-public-sector-software,3,Permit & Licensing Software,permit-licensing-software,,,,
Software & SaaS,software-saas,26,Government & Public Sector Software,government-public-sector-software,4,Code Enforcement Software,code-enforcement-software,,,,
Software & SaaS,software-saas,26,Government & Public Sector Software,government-public-sector-software,5,Building Department Software,building-department-software,,,,
Software & SaaS,software-saas,26,Government & Public Sector Software,government-public-sector-software,6,Planning Department Software,planning-department-software,,,,
Software & SaaS,software-saas,26,Government & Public Sector Software,government-public-sector-software,7,Public Records Request Software,public-records-request-software,,,,
Software & SaaS,software-saas,26,Government & Public Sector Software,government-public-sector-software,8,Public Meeting Management Software,public-meeting-management-software,,,,
Software & SaaS,software-saas,26,Government & Public Sector Software,government-public-sector-software,9,Agenda Management Software,agenda-management-software,,,,
Software & SaaS,software-saas,26,Government & Public Sector Software,government-public-sector-software,10,Voting & Elections Software,voting-elections-software,,,,
Software & SaaS,software-saas,26,Government & Public Sector Software,government-public-sector-software,11,Voter Registration Software,voter-registration-software,,,,
Software & SaaS,software-saas,26,Government & Public Sector Software,government-public-sector-software,12,Election Night Reporting Software,election-night-reporting-software,,,,
Software & SaaS,software-saas,26,Government & Public Sector Software,government-public-sector-software,13,Court Case Management Software,court-case-management-software,,,,
Software & SaaS,software-saas,26,Government & Public Sector Software,government-public-sector-software,14,Jury Management Software,jury-management-software,,,,
Software & SaaS,software-saas,26,Government & Public Sector Software,government-public-sector-software,15,Probation Case Management Software,probation-case-management-software,,,,
Software & SaaS,software-saas,26,Government & Public Sector Software,government-public-sector-software,16,Pretrial Services Software,pretrial-services-software,,,,
Software & SaaS,software-saas,26,Government & Public Sector Software,government-public-sector-software,17,Corrections Management Software,corrections-management-software,,,,
Software & SaaS,software-saas,26,Government & Public Sector Software,government-public-sector-software,18,Inmate Management Software,inmate-management-software,,,,
Software & SaaS,software-saas,26,Government & Public Sector Software,government-public-sector-software,19,Public Defender Case Management,public-defender-case-management,,,,
Software & SaaS,software-saas,26,Government & Public Sector Software,government-public-sector-software,20,Police Records Management Systems,police-records-management-systems,,,,
Software & SaaS,software-saas,26,Government & Public Sector Software,government-public-sector-software,21,Computer-Aided Dispatch Software,computer-aided-dispatch-software,,,,
Software & SaaS,software-saas,26,Government & Public Sector Software,government-public-sector-software,22,Body Camera Evidence Management,body-camera-evidence-management,,,,
Software & SaaS,software-saas,26,Government & Public Sector Software,government-public-sector-software,23,Digital Evidence Management Software,digital-evidence-management-software,,,,
Software & SaaS,software-saas,26,Government & Public Sector Software,government-public-sector-software,24,Police Scheduling Software,police-scheduling-software,,,,
Software & SaaS,software-saas,26,Government & Public Sector Software,government-public-sector-software,25,Fire Department Management Software,fire-department-management-software,,,,
Software & SaaS,software-saas,26,Government & Public Sector Software,government-public-sector-software,26,Fire Incident Reporting Software,fire-incident-reporting-software,,,,
Software & SaaS,software-saas,26,Government & Public Sector Software,government-public-sector-software,27,EMS Management Software,ems-management-software,,,,
Software & SaaS,software-saas,26,Government & Public Sector Software,government-public-sector-software,28,Emergency Notification Software,emergency-notification-software,,,,
Software & SaaS,software-saas,26,Government & Public Sector Software,government-public-sector-software,29,Mass Notification Software,mass-notification-software,,,,
Software & SaaS,software-saas,26,Government & Public Sector Software,government-public-sector-software,30,Public Safety Analytics Software,public-safety-analytics-software,,,,
Software & SaaS,software-saas,26,Government & Public Sector Software,government-public-sector-software,31,Public Works Software,public-works-software,,,,
Software & SaaS,software-saas,26,Government & Public Sector Software,government-public-sector-software,32,Asset Management for Government,asset-management-for-government,,,,
Software & SaaS,software-saas,26,Government & Public Sector Software,government-public-sector-software,33,GIS Software for Government,gis-software-for-government,,,,
Software & SaaS,software-saas,26,Government & Public Sector Software,government-public-sector-software,34,Tax Assessment Software,tax-assessment-software,,,,
Software & SaaS,software-saas,26,Government & Public Sector Software,government-public-sector-software,35,Property Tax Billing Software,property-tax-billing-software,,,,
Software & SaaS,software-saas,26,Government & Public Sector Software,government-public-sector-software,36,Utility Billing for Municipalities,utility-billing-for-municipalities,,,,
Software & SaaS,software-saas,26,Government & Public Sector Software,government-public-sector-software,37,Court-Ordered Payment Software,court-ordered-payment-software,,,,
Software & SaaS,software-saas,26,Government & Public Sector Software,government-public-sector-software,38,Public Housing Management Software,public-housing-management-software,,,,
Software & SaaS,software-saas,26,Government & Public Sector Software,government-public-sector-software,39,Section 8 Management Software,section-8-management-software,,,,
Software & SaaS,software-saas,26,Government & Public Sector Software,government-public-sector-software,40,Vital Records Management Software,vital-records-management-software,,,,
Software & SaaS,software-saas,26,Government & Public Sector Software,government-public-sector-software,41,Land Records Management Software,land-records-management-software,,,,
Software & SaaS,software-saas,26,Government & Public Sector Software,government-public-sector-software,42,Recorder of Deeds Software,recorder-of-deeds-software,,,,
Software & SaaS,software-saas,27,"Design, Creative & Digital Asset Software",design-creative-digital-asset-software,1,Graphic Design Software,graphic-design-software,1,Immersive Design,AR Filter Design,immersive-design-ar-filter-design
Software & SaaS,software-saas,27,"Design, Creative & Digital Asset Software",design-creative-digital-asset-software,1,Graphic Design Software,graphic-design-software,2,Immersive Design,VR Environment Design,immersive-design-vr-environment-design
Software & SaaS,software-saas,27,"Design, Creative & Digital Asset Software",design-creative-digital-asset-software,1,Graphic Design Software,graphic-design-software,3,Immersive Design,360 Content,immersive-design-360-content
Software & SaaS,software-saas,27,"Design, Creative & Digital Asset Software",design-creative-digital-asset-software,1,Graphic Design Software,graphic-design-software,4,Immersive Design,Holographic Design,immersive-design-holographic-design
Software & SaaS,software-saas,27,"Design, Creative & Digital Asset Software",design-creative-digital-asset-software,1,Graphic Design Software,graphic-design-software,5,Immersive Design,Mixed Reality Design,immersive-design-mixed-reality-design
Software & SaaS,software-saas,27,"Design, Creative & Digital Asset Software",design-creative-digital-asset-software,1,Graphic Design Software,graphic-design-software,6,Immersive Design,AR Product Preview,immersive-design-ar-product-preview
Software & SaaS,software-saas,27,"Design, Creative & Digital Asset Software",design-creative-digital-asset-software,1,Graphic Design Software,graphic-design-software,7,Immersive Design,VR Training Design,immersive-design-vr-training-design
Software & SaaS,software-saas,27,"Design, Creative & Digital Asset Software",design-creative-digital-asset-software,1,Graphic Design Software,graphic-design-software,8,Immersive Design,AR Wayfinding Design,immersive-design-ar-wayfinding-design
Software & SaaS,software-saas,27,"Design, Creative & Digital Asset Software",design-creative-digital-asset-software,1,Graphic Design Software,graphic-design-software,9,Immersive Design,Interactive 3D,immersive-design-interactive-3d
Software & SaaS,software-saas,27,"Design, Creative & Digital Asset Software",design-creative-digital-asset-software,1,Graphic Design Software,graphic-design-software,10,DesignOps,Design Review,designops-design-review
Software & SaaS,software-saas,27,"Design, Creative & Digital Asset Software",design-creative-digital-asset-software,1,Graphic Design Software,graphic-design-software,11,DesignOps,Design QA,designops-design-qa
Software & SaaS,software-saas,27,"Design, Creative & Digital Asset Software",design-creative-digital-asset-software,1,Graphic Design Software,graphic-design-software,12,DesignOps,Design Versioning,designops-design-versioning
Software & SaaS,software-saas,27,"Design, Creative & Digital Asset Software",design-creative-digital-asset-software,1,Graphic Design Software,graphic-design-software,13,DesignOps,Creative Brief,designops-creative-brief
Software & SaaS,software-saas,27,"Design, Creative & Digital Asset Software",design-creative-digital-asset-software,1,Graphic Design Software,graphic-design-software,14,DesignOps,Creative Workflow,designops-creative-workflow
Software & SaaS,software-saas,27,"Design, Creative & Digital Asset Software",design-creative-digital-asset-software,1,Graphic Design Software,graphic-design-software,15,DesignOps,Design Sprint Tools,designops-design-sprint-tools
Software & SaaS,software-saas,27,"Design, Creative & Digital Asset Software",design-creative-digital-asset-software,1,Graphic Design Software,graphic-design-software,16,Design Platforms,All-in-One Design,design-platforms-all-in-one-design
Software & SaaS,software-saas,27,"Design, Creative & Digital Asset Software",design-creative-digital-asset-software,1,Graphic Design Software,graphic-design-software,17,Design Platforms,Browser-Based Design,design-platforms-browser-based-design
Software & SaaS,software-saas,27,"Design, Creative & Digital Asset Software",design-creative-digital-asset-software,1,Graphic Design Software,graphic-design-software,18,Design Platforms,Desktop Design,design-platforms-desktop-design
Software & SaaS,software-saas,27,"Design, Creative & Digital Asset Software",design-creative-digital-asset-software,1,Graphic Design Software,graphic-design-software,19,Design Platforms,Collaborative Design,design-platforms-collaborative-design
Software & SaaS,software-saas,27,"Design, Creative & Digital Asset Software",design-creative-digital-asset-software,1,Graphic Design Software,graphic-design-software,20,Design Platforms,Template Libraries,design-platforms-template-libraries
Software & SaaS,software-saas,27,"Design, Creative & Digital Asset Software",design-creative-digital-asset-software,1,Graphic Design Software,graphic-design-software,21,Design Platforms,Brand Kit Tools,design-platforms-brand-kit-tools
Software & SaaS,software-saas,27,"Design, Creative & Digital Asset Software",design-creative-digital-asset-software,1,Graphic Design Software,graphic-design-software,22,Design Platforms,Design System Tools,design-platforms-design-system-tools
Software & SaaS,software-saas,27,"Design, Creative & Digital Asset Software",design-creative-digital-asset-software,1,Graphic Design Software,graphic-design-software,23,Design Platforms,Icon Design,design-platforms-icon-design
Software & SaaS,software-saas,27,"Design, Creative & Digital Asset Software",design-creative-digital-asset-software,1,Graphic Design Software,graphic-design-software,24,Design Platforms,Illustration Tools,design-platforms-illustration-tools
Software & SaaS,software-saas,27,"Design, Creative & Digital Asset Software",design-creative-digital-asset-software,1,Graphic Design Software,graphic-design-software,25,Design Platforms,Print Design,design-platforms-print-design
Software & SaaS,software-saas,27,"Design, Creative & Digital Asset Software",design-creative-digital-asset-software,1,Graphic Design Software,graphic-design-software,26,CMS,Traditional CMS,cms-traditional-cms
Software & SaaS,software-saas,27,"Design, Creative & Digital Asset Software",design-creative-digital-asset-software,1,Graphic Design Software,graphic-design-software,27,CMS,Enterprise CMS,cms-enterprise-cms
Software & SaaS,software-saas,27,"Design, Creative & Digital Asset Software",design-creative-digital-asset-software,1,Graphic Design Software,graphic-design-software,28,CMS,eCommerce CMS,cms-ecommerce-cms
Software & SaaS,software-saas,27,"Design, Creative & Digital Asset Software",design-creative-digital-asset-software,1,Graphic Design Software,graphic-design-software,29,CMS,Blog CMS,cms-blog-cms
Software & SaaS,software-saas,27,"Design, Creative & Digital Asset Software",design-creative-digital-asset-software,1,Graphic Design Software,graphic-design-software,30,CMS,Multilingual CMS,cms-multilingual-cms
Software & SaaS,software-saas,27,"Design, Creative & Digital Asset Software",design-creative-digital-asset-software,1,Graphic Design Software,graphic-design-software,31,CMS,Static Site Generators,cms-static-site-generators
Software & SaaS,software-saas,27,"Design, Creative & Digital Asset Software",design-creative-digital-asset-software,1,Graphic Design Software,graphic-design-software,32,CMS,JAMstack CMS,cms-jamstack-cms
Software & SaaS,software-saas,27,"Design, Creative & Digital Asset Software",design-creative-digital-asset-software,1,Graphic Design Software,graphic-design-software,33,CMS,Content Hub,cms-content-hub
Software & SaaS,software-saas,27,"Design, Creative & Digital Asset Software",design-creative-digital-asset-software,2,Vector Illustration Software,vector-illustration-software,,,,
Software & SaaS,software-saas,27,"Design, Creative & Digital Asset Software",design-creative-digital-asset-software,3,Photo Editing Software,photo-editing-software,1,Photo Tools,Photo Editing,photo-tools-photo-editing
Software & SaaS,software-saas,27,"Design, Creative & Digital Asset Software",design-creative-digital-asset-software,3,Photo Editing Software,photo-editing-software,2,Photo Tools,Photo Management,photo-tools-photo-management
Software & SaaS,software-saas,27,"Design, Creative & Digital Asset Software",design-creative-digital-asset-software,3,Photo Editing Software,photo-editing-software,3,Photo Tools,Photo Galleries,photo-tools-photo-galleries
Software & SaaS,software-saas,27,"Design, Creative & Digital Asset Software",design-creative-digital-asset-software,3,Photo Editing Software,photo-editing-software,4,Photo Tools,Photo Printing,photo-tools-photo-printing
Software & SaaS,software-saas,27,"Design, Creative & Digital Asset Software",design-creative-digital-asset-software,3,Photo Editing Software,photo-editing-software,5,Photo Tools,Photo Books,photo-tools-photo-books
Software & SaaS,software-saas,27,"Design, Creative & Digital Asset Software",design-creative-digital-asset-software,3,Photo Editing Software,photo-editing-software,6,Photo Tools,Photo Proofing,photo-tools-photo-proofing
Software & SaaS,software-saas,27,"Design, Creative & Digital Asset Software",design-creative-digital-asset-software,3,Photo Editing Software,photo-editing-software,7,Photo Tools,Lightroom Alternatives,photo-tools-lightroom-alternatives
Software & SaaS,software-saas,27,"Design, Creative & Digital Asset Software",design-creative-digital-asset-software,3,Photo Editing Software,photo-editing-software,8,Photo Tools,RAW Processing,photo-tools-raw-processing
Software & SaaS,software-saas,27,"Design, Creative & Digital Asset Software",design-creative-digital-asset-software,3,Photo Editing Software,photo-editing-software,9,Photo Tools,Batch Photo Editing,photo-tools-batch-photo-editing
Software & SaaS,software-saas,27,"Design, Creative & Digital Asset Software",design-creative-digital-asset-software,4,Raster Image Editing Software,raster-image-editing-software,,,,
Software & SaaS,software-saas,27,"Design, Creative & Digital Asset Software",design-creative-digital-asset-software,5,Page Layout Software,page-layout-software,,,,
Software & SaaS,software-saas,27,"Design, Creative & Digital Asset Software",design-creative-digital-asset-software,6,Print Design Software,print-design-software,,,,
Software & SaaS,software-saas,27,"Design, Creative & Digital Asset Software",design-creative-digital-asset-software,7,UI Design Software,ui-design-software,1,Immersive Design,Spatial UI Design,immersive-design-spatial-ui-design
Software & SaaS,software-saas,27,"Design, Creative & Digital Asset Software",design-creative-digital-asset-software,7,UI Design Software,ui-design-software,2,UI/UX Design,Interface Design,ui-ux-design-interface-design
Software & SaaS,software-saas,27,"Design, Creative & Digital Asset Software",design-creative-digital-asset-software,7,UI Design Software,ui-design-software,3,UI/UX Design,Prototyping,ui-ux-design-prototyping
Software & SaaS,software-saas,27,"Design, Creative & Digital Asset Software",design-creative-digital-asset-software,7,UI Design Software,ui-design-software,4,UI/UX Design,Wireframing,ui-ux-design-wireframing
Software & SaaS,software-saas,27,"Design, Creative & Digital Asset Software",design-creative-digital-asset-software,7,UI Design Software,ui-design-software,5,UI/UX Design,Design Systems,ui-ux-design-design-systems
Software & SaaS,software-saas,27,"Design, Creative & Digital Asset Software",design-creative-digital-asset-software,7,UI Design Software,ui-design-software,6,UI/UX Design,Component Libraries,ui-ux-design-component-libraries
Software & SaaS,software-saas,27,"Design, Creative & Digital Asset Software",design-creative-digital-asset-software,7,UI Design Software,ui-design-software,7,UI/UX Design,Design Tokens,ui-ux-design-design-tokens
Software & SaaS,software-saas,27,"Design, Creative & Digital Asset Software",design-creative-digital-asset-software,7,UI Design Software,ui-design-software,8,UI/UX Design,User Research,ui-ux-design-user-research
Software & SaaS,software-saas,27,"Design, Creative & Digital Asset Software",design-creative-digital-asset-software,7,UI Design Software,ui-design-software,9,UI/UX Design,Usability Testing,ui-ux-design-usability-testing
Software & SaaS,software-saas,27,"Design, Creative & Digital Asset Software",design-creative-digital-asset-software,7,UI Design Software,ui-design-software,10,UI/UX Design,Information Architecture,ui-ux-design-information-architecture
Software & SaaS,software-saas,27,"Design, Creative & Digital Asset Software",design-creative-digital-asset-software,7,UI Design Software,ui-design-software,11,UI/UX Design,Accessibility Audit,ui-ux-design-accessibility-audit
Software & SaaS,software-saas,27,"Design, Creative & Digital Asset Software",design-creative-digital-asset-software,8,UX Research Software,ux-research-software,,,,
Software & SaaS,software-saas,27,"Design, Creative & Digital Asset Software",design-creative-digital-asset-software,9,Prototyping Software,prototyping-software,,,,
Software & SaaS,software-saas,27,"Design, Creative & Digital Asset Software",design-creative-digital-asset-software,10,Interaction Design Software,interaction-design-software,,,,
Software & SaaS,software-saas,27,"Design, Creative & Digital Asset Software",design-creative-digital-asset-software,11,Wireframing Software,wireframing-software,,,,
Software & SaaS,software-saas,27,"Design, Creative & Digital Asset Software",design-creative-digital-asset-software,12,Mockup Tools,mockup-tools,,,,
Software & SaaS,software-saas,27,"Design, Creative & Digital Asset Software",design-creative-digital-asset-software,13,Design Handoff Software,design-handoff-software,1,DesignOps,Design Handoff,designops-design-handoff
Software & SaaS,software-saas,27,"Design, Creative & Digital Asset Software",design-creative-digital-asset-software,14,Design System Management Software,design-system-management-software,1,DesignOps,Design Project Management,designops-design-project-management
Software & SaaS,software-saas,27,"Design, Creative & Digital Asset Software",design-creative-digital-asset-software,14,Design System Management Software,design-system-management-software,2,DesignOps,Design Asset Management,designops-design-asset-management
Software & SaaS,software-saas,27,"Design, Creative & Digital Asset Software",design-creative-digital-asset-software,14,Design System Management Software,design-system-management-software,3,Brand Management,Brand Asset Manager,brand-management-brand-asset-manager
Software & SaaS,software-saas,27,"Design, Creative & Digital Asset Software",design-creative-digital-asset-software,14,Design System Management Software,design-system-management-software,4,Brand Management,Template Manager,brand-management-template-manager
Software & SaaS,software-saas,27,"Design, Creative & Digital Asset Software",design-creative-digital-asset-software,14,Design System Management Software,design-system-management-software,5,Brand Management,Style Guide,brand-management-style-guide
Software & SaaS,software-saas,27,"Design, Creative & Digital Asset Software",design-creative-digital-asset-software,14,Design System Management Software,design-system-management-software,6,Brand Management,Brand Monitoring,brand-management-brand-monitoring
Software & SaaS,software-saas,27,"Design, Creative & Digital Asset Software",design-creative-digital-asset-software,14,Design System Management Software,design-system-management-software,7,Brand Management,Brand Compliance,brand-management-brand-compliance
Software & SaaS,software-saas,27,"Design, Creative & Digital Asset Software",design-creative-digital-asset-software,14,Design System Management Software,design-system-management-software,8,Brand Management,Logo Usage Tracker,brand-management-logo-usage-tracker
Software & SaaS,software-saas,27,"Design, Creative & Digital Asset Software",design-creative-digital-asset-software,14,Design System Management Software,design-system-management-software,9,Brand Management,Trademark Monitor,brand-management-trademark-monitor
Software & SaaS,software-saas,27,"Design, Creative & Digital Asset Software",design-creative-digital-asset-software,15,Component Library Software,component-library-software,,,,
Software & SaaS,software-saas,27,"Design, Creative & Digital Asset Software",design-creative-digital-asset-software,16,Brand Guidelines Software,brand-guidelines-software,1,DesignOps,Brand Compliance,designops-brand-compliance
Software & SaaS,software-saas,27,"Design, Creative & Digital Asset Software",design-creative-digital-asset-software,17,Logo Design Software,logo-design-software,,,,
Software & SaaS,software-saas,27,"Design, Creative & Digital Asset Software",design-creative-digital-asset-software,18,Font Management Software,font-management-software,,,,
Software & SaaS,software-saas,27,"Design, Creative & Digital Asset Software",design-creative-digital-asset-software,19,Color Palette Software,color-palette-software,,,,
Software & SaaS,software-saas,27,"Design, Creative & Digital Asset Software",design-creative-digital-asset-software,20,Stock Photo Marketplaces,stock-photo-marketplaces,1,Photo Tools,Stock Photography,photo-tools-stock-photography
Software & SaaS,software-saas,27,"Design, Creative & Digital Asset Software",design-creative-digital-asset-software,21,Stock Video Marketplaces,stock-video-marketplaces,1,Video Production,Screen Recording,video-production-screen-recording
Software & SaaS,software-saas,27,"Design, Creative & Digital Asset Software",design-creative-digital-asset-software,21,Stock Video Marketplaces,stock-video-marketplaces,2,Video Production,Video Hosting,video-production-video-hosting
Software & SaaS,software-saas,27,"Design, Creative & Digital Asset Software",design-creative-digital-asset-software,21,Stock Video Marketplaces,stock-video-marketplaces,3,Video Production,Video Analytics,video-production-video-analytics
Software & SaaS,software-saas,27,"Design, Creative & Digital Asset Software",design-creative-digital-asset-software,21,Stock Video Marketplaces,stock-video-marketplaces,4,Video Production,Interactive Video,video-production-interactive-video
Software & SaaS,software-saas,27,"Design, Creative & Digital Asset Software",design-creative-digital-asset-software,21,Stock Video Marketplaces,stock-video-marketplaces,5,Video Production,Shoppable Video,video-production-shoppable-video
Software & SaaS,software-saas,27,"Design, Creative & Digital Asset Software",design-creative-digital-asset-software,21,Stock Video Marketplaces,stock-video-marketplaces,6,Video Production,Video Personalization,video-production-video-personalization
Software & SaaS,software-saas,27,"Design, Creative & Digital Asset Software",design-creative-digital-asset-software,21,Stock Video Marketplaces,stock-video-marketplaces,7,Video Production,Video Testimonials,video-production-video-testimonials
Software & SaaS,software-saas,27,"Design, Creative & Digital Asset Software",design-creative-digital-asset-software,21,Stock Video Marketplaces,stock-video-marketplaces,8,Video Production,Video Sales Letters,video-production-video-sales-letters
Software & SaaS,software-saas,27,"Design, Creative & Digital Asset Software",design-creative-digital-asset-software,21,Stock Video Marketplaces,stock-video-marketplaces,9,Video Production,Video Onboarding,video-production-video-onboarding
Software & SaaS,software-saas,27,"Design, Creative & Digital Asset Software",design-creative-digital-asset-software,22,Stock Music Marketplaces,stock-music-marketplaces,,,,
Software & SaaS,software-saas,27,"Design, Creative & Digital Asset Software",design-creative-digital-asset-software,23,Stock Illustration Marketplaces,stock-illustration-marketplaces,,,,
Software & SaaS,software-saas,27,"Design, Creative & Digital Asset Software",design-creative-digital-asset-software,24,Digital Asset Management for Brands,digital-asset-management-for-brands,1,Brand Management,Digital Asset Manager,brand-management-digital-asset-manager
Software & SaaS,software-saas,27,"Design, Creative & Digital Asset Software",design-creative-digital-asset-software,24,Digital Asset Management for Brands,digital-asset-management-for-brands,2,CMS,Digital Experience Platform,cms-digital-experience-platform
Software & SaaS,software-saas,27,"Design, Creative & Digital Asset Software",design-creative-digital-asset-software,24,Digital Asset Management for Brands,digital-asset-management-for-brands,3,Asset Tracking,Vehicle Asset,asset-tracking-vehicle-asset
Software & SaaS,software-saas,27,"Design, Creative & Digital Asset Software",design-creative-digital-asset-software,24,Digital Asset Management for Brands,digital-asset-management-for-brands,4,Asset Tracking,Furniture Asset,asset-tracking-furniture-asset
Software & SaaS,software-saas,27,"Design, Creative & Digital Asset Software",design-creative-digital-asset-software,24,Digital Asset Management for Brands,digital-asset-management-for-brands,5,Asset Tracking,Facility Asset,asset-tracking-facility-asset
Software & SaaS,software-saas,27,"Design, Creative & Digital Asset Software",design-creative-digital-asset-software,25,Marketing Asset Management Software,marketing-asset-management-software,,,,
Software & SaaS,software-saas,27,"Design, Creative & Digital Asset Software",design-creative-digital-asset-software,26,Brand Portal Software,brand-portal-software,1,Brand Management,Brand Portal,brand-management-brand-portal
Software & SaaS,software-saas,27,"Design, Creative & Digital Asset Software",design-creative-digital-asset-software,27,Image Recognition Software for DAM,image-recognition-software-for-dam,,,,
Software & SaaS,software-saas,27,"Design, Creative & Digital Asset Software",design-creative-digital-asset-software,28,Video Asset Management Software,video-asset-management-software,,,,
Software & SaaS,software-saas,27,"Design, Creative & Digital Asset Software",design-creative-digital-asset-software,29,Video Editing Software,video-editing-software,1,Video Production,Video Editing,video-production-video-editing
Software & SaaS,software-saas,27,"Design, Creative & Digital Asset Software",design-creative-digital-asset-software,30,Color Grading Software,color-grading-software,,,,
Software & SaaS,software-saas,27,"Design, Creative & Digital Asset Software",design-creative-digital-asset-software,31,Motion Graphics Software,motion-graphics-software,1,Animation & Motion,Motion Graphics,animation-motion-motion-graphics
Software & SaaS,software-saas,27,"Design, Creative & Digital Asset Software",design-creative-digital-asset-software,32,Visual Effects Software,visual-effects-software,,,,
Software & SaaS,software-saas,27,"Design, Creative & Digital Asset Software",design-creative-digital-asset-software,33,Rotoscoping Software,rotoscoping-software,,,,
Software & SaaS,software-saas,27,"Design, Creative & Digital Asset Software",design-creative-digital-asset-software,34,Compositing Software,compositing-software,,,,
Software & SaaS,software-saas,27,"Design, Creative & Digital Asset Software",design-creative-digital-asset-software,35,Audio Editing Software,audio-editing-software,1,Audio Tools,Podcast Hosting,audio-tools-podcast-hosting
Software & SaaS,software-saas,27,"Design, Creative & Digital Asset Software",design-creative-digital-asset-software,35,Audio Editing Software,audio-editing-software,2,Audio Tools,Audio Editing,audio-tools-audio-editing
Software & SaaS,software-saas,27,"Design, Creative & Digital Asset Software",design-creative-digital-asset-software,35,Audio Editing Software,audio-editing-software,3,Audio Tools,Sound Library,audio-tools-sound-library
Software & SaaS,software-saas,27,"Design, Creative & Digital Asset Software",design-creative-digital-asset-software,35,Audio Editing Software,audio-editing-software,4,Audio Tools,Audio Distribution,audio-tools-audio-distribution
Software & SaaS,software-saas,27,"Design, Creative & Digital Asset Software",design-creative-digital-asset-software,35,Audio Editing Software,audio-editing-software,5,Audio Tools,Audio Analytics,audio-tools-audio-analytics
Software & SaaS,software-saas,27,"Design, Creative & Digital Asset Software",design-creative-digital-asset-software,35,Audio Editing Software,audio-editing-software,6,Audio Tools,Audio Transcription,audio-tools-audio-transcription
Software & SaaS,software-saas,27,"Design, Creative & Digital Asset Software",design-creative-digital-asset-software,35,Audio Editing Software,audio-editing-software,7,Audio Tools,Audio Enhancement,audio-tools-audio-enhancement
Software & SaaS,software-saas,27,"Design, Creative & Digital Asset Software",design-creative-digital-asset-software,35,Audio Editing Software,audio-editing-software,8,Audio Tools,Audio Streaming,audio-tools-audio-streaming
Software & SaaS,software-saas,27,"Design, Creative & Digital Asset Software",design-creative-digital-asset-software,35,Audio Editing Software,audio-editing-software,9,Audio Tools,Audio Monetization,audio-tools-audio-monetization
Software & SaaS,software-saas,27,"Design, Creative & Digital Asset Software",design-creative-digital-asset-software,36,Multitrack Recording Software,multitrack-recording-software,,,,
Software & SaaS,software-saas,27,"Design, Creative & Digital Asset Software",design-creative-digital-asset-software,37,Podcast Editing Software,podcast-editing-software,,,,
Software & SaaS,software-saas,27,"Design, Creative & Digital Asset Software",design-creative-digital-asset-software,38,Sound Design Software,sound-design-software,,,,
Software & SaaS,software-saas,27,"Design, Creative & Digital Asset Software",design-creative-digital-asset-software,39,Music Production Software,music-production-software,1,Audio Tools,Music Production,audio-tools-music-production
Software & SaaS,software-saas,27,"Design, Creative & Digital Asset Software",design-creative-digital-asset-software,40,DAW Software,daw-software,,,,
Software & SaaS,software-saas,27,"Design, Creative & Digital Asset Software",design-creative-digital-asset-software,41,Notation Software,notation-software,,,,
Software & SaaS,software-saas,27,"Design, Creative & Digital Asset Software",design-creative-digital-asset-software,42,Sample Library Management Software,sample-library-management-software,1,Brand Management,Media Library,brand-management-media-library
Software & SaaS,software-saas,27,"Design, Creative & Digital Asset Software",design-creative-digital-asset-software,43,3D Modeling Software,3d-modeling-software,,,,
Software & SaaS,software-saas,27,"Design, Creative & Digital Asset Software",design-creative-digital-asset-software,44,3D Sculpting Software,3d-sculpting-software,,,,
Software & SaaS,software-saas,27,"Design, Creative & Digital Asset Software",design-creative-digital-asset-software,45,3D Animation Software,3d-animation-software,1,Animation & Motion,2D Animation,animation-motion-2d-animation
Software & SaaS,software-saas,27,"Design, Creative & Digital Asset Software",design-creative-digital-asset-software,45,3D Animation Software,3d-animation-software,2,Animation & Motion,3D Animation,animation-motion-3d-animation
Software & SaaS,software-saas,27,"Design, Creative & Digital Asset Software",design-creative-digital-asset-software,45,3D Animation Software,3d-animation-software,3,Animation & Motion,Whiteboard Animation,animation-motion-whiteboard-animation
Software & SaaS,software-saas,27,"Design, Creative & Digital Asset Software",design-creative-digital-asset-software,45,3D Animation Software,3d-animation-software,4,Animation & Motion,Explainer Videos,animation-motion-explainer-videos
Software & SaaS,software-saas,27,"Design, Creative & Digital Asset Software",design-creative-digital-asset-software,45,3D Animation Software,3d-animation-software,5,Animation & Motion,Animated Presentations,animation-motion-animated-presentations
Software & SaaS,software-saas,27,"Design, Creative & Digital Asset Software",design-creative-digital-asset-software,45,3D Animation Software,3d-animation-software,6,Animation & Motion,GIF Makers,animation-motion-gif-makers
Software & SaaS,software-saas,27,"Design, Creative & Digital Asset Software",design-creative-digital-asset-software,45,3D Animation Software,3d-animation-software,7,Animation & Motion,Lottie Animations,animation-motion-lottie-animations
Software & SaaS,software-saas,27,"Design, Creative & Digital Asset Software",design-creative-digital-asset-software,45,3D Animation Software,3d-animation-software,8,Animation & Motion,Product Animations,animation-motion-product-animations
Software & SaaS,software-saas,27,"Design, Creative & Digital Asset Software",design-creative-digital-asset-software,45,3D Animation Software,3d-animation-software,9,Animation & Motion,Social Animations,animation-motion-social-animations
Software & SaaS,software-saas,27,"Design, Creative & Digital Asset Software",design-creative-digital-asset-software,46,Character Rigging Software,character-rigging-software,,,,
Software & SaaS,software-saas,27,"Design, Creative & Digital Asset Software",design-creative-digital-asset-software,47,Game Engine Software,game-engine-software,,,,
Software & SaaS,software-saas,27,"Design, Creative & Digital Asset Software",design-creative-digital-asset-software,48,Level Design Software,level-design-software,,,,
Software & SaaS,software-saas,27,"Design, Creative & Digital Asset Software",design-creative-digital-asset-software,49,Texture Painting Software,texture-painting-software,,,,
Software & SaaS,software-saas,27,"Design, Creative & Digital Asset Software",design-creative-digital-asset-software,50,Architectural Visualization Software,architectural-visualization-software,,,,
Software & SaaS,software-saas,27,"Design, Creative & Digital Asset Software",design-creative-digital-asset-software,51,Interior Design Software,interior-design-software,,,,
Software & SaaS,software-saas,27,"Design, Creative & Digital Asset Software",design-creative-digital-asset-software,52,Landscape Design Software,landscape-design-software,,,,
Software & SaaS,software-saas,27,"Design, Creative & Digital Asset Software",design-creative-digital-asset-software,53,Fashion Design CAD Software,fashion-design-cad-software,,,,
Software & SaaS,software-saas,27,"Design, Creative & Digital Asset Software",design-creative-digital-asset-software,54,Pattern Making Software,pattern-making-software,,,,
Software & SaaS,software-saas,27,"Design, Creative & Digital Asset Software",design-creative-digital-asset-software,55,Jewelry Design Software,jewelry-design-software,,,,
Software & SaaS,software-saas,27,"Design, Creative & Digital Asset Software",design-creative-digital-asset-software,56,Tattoo Design Software,tattoo-design-software,,,,
Software & SaaS,software-saas,28,Content & Document Management Software,content-document-management-software,1,Enterprise Content Management Software,enterprise-content-management-software,,,,
Software & SaaS,software-saas,28,Content & Document Management Software,content-document-management-software,2,Document Management Software,document-management-software,1,DMS,Document OCR,dms-document-ocr
Software & SaaS,software-saas,28,Content & Document Management Software,content-document-management-software,2,Document Management Software,document-management-software,2,DMS,Document Search,dms-document-search
Software & SaaS,software-saas,28,Content & Document Management Software,content-document-management-software,2,Document Management Software,document-management-software,3,DMS,Document Security,dms-document-security
Software & SaaS,software-saas,28,Content & Document Management Software,content-document-management-software,2,Document Management Software,document-management-software,4,DMS,Document Archiving,dms-document-archiving
Software & SaaS,software-saas,28,Content & Document Management Software,content-document-management-software,2,Document Management Software,document-management-software,5,DMS,Document Templates,dms-document-templates
Software & SaaS,software-saas,28,Content & Document Management Software,content-document-management-software,2,Document Management Software,document-management-software,6,Digital Forms,Form Builder,digital-forms-form-builder
Software & SaaS,software-saas,28,Content & Document Management Software,content-document-management-software,3,Document Storage Software,document-storage-software,1,DMS,Document Storage,dms-document-storage
Software & SaaS,software-saas,28,Content & Document Management Software,content-document-management-software,4,Cloud File Storage Software,cloud-file-storage-software,1,Cloud Storage,Business Cloud Storage,cloud-storage-business-cloud-storage
Software & SaaS,software-saas,28,Content & Document Management Software,content-document-management-software,4,Cloud File Storage Software,cloud-file-storage-software,2,Cloud Storage,Personal Cloud Storage,cloud-storage-personal-cloud-storage
Software & SaaS,software-saas,28,Content & Document Management Software,content-document-management-software,4,Cloud File Storage Software,cloud-file-storage-software,3,Cloud Storage,Encrypted Storage,cloud-storage-encrypted-storage
Software & SaaS,software-saas,28,Content & Document Management Software,content-document-management-software,4,Cloud File Storage Software,cloud-file-storage-software,4,Cloud Storage,File Sync,cloud-storage-file-sync
Software & SaaS,software-saas,28,Content & Document Management Software,content-document-management-software,4,Cloud File Storage Software,cloud-file-storage-software,5,Cloud Storage,Team File Sharing,cloud-storage-team-file-sharing
Software & SaaS,software-saas,28,Content & Document Management Software,content-document-management-software,4,Cloud File Storage Software,cloud-file-storage-software,6,Cloud Storage,Large File Transfer,cloud-storage-large-file-transfer
Software & SaaS,software-saas,28,Content & Document Management Software,content-document-management-software,4,Cloud File Storage Software,cloud-file-storage-software,7,Cloud Storage,File Version Control,cloud-storage-file-version-control
Software & SaaS,software-saas,28,Content & Document Management Software,content-document-management-software,4,Cloud File Storage Software,cloud-file-storage-software,8,Cloud Storage,Cloud Backup,cloud-storage-cloud-backup
Software & SaaS,software-saas,28,Content & Document Management Software,content-document-management-software,4,Cloud File Storage Software,cloud-file-storage-software,9,Cloud Storage,Hybrid Cloud Storage,cloud-storage-hybrid-cloud-storage
Software & SaaS,software-saas,28,Content & Document Management Software,content-document-management-software,4,Cloud File Storage Software,cloud-file-storage-software,10,Cloud Storage,Cold Storage,cloud-storage-cold-storage
Software & SaaS,software-saas,28,Content & Document Management Software,content-document-management-software,5,File Sync & Share Software,file-sync-share-software,,,,
Software & SaaS,software-saas,28,Content & Document Management Software,content-document-management-software,6,Secure File Transfer Software,secure-file-transfer-software,,,,
Software & SaaS,software-saas,28,Content & Document Management Software,content-document-management-software,7,Large File Sharing Software,large-file-sharing-software,,,,
Software & SaaS,software-saas,28,Content & Document Management Software,content-document-management-software,8,Document Scanning Software,document-scanning-software,1,DMS,Document Scanning,dms-document-scanning
Software & SaaS,software-saas,28,Content & Document Management Software,content-document-management-software,9,OCR Software,ocr-software,,,,
Software & SaaS,software-saas,28,Content & Document Management Software,content-document-management-software,10,Document Capture Software,document-capture-software,,,,
Software & SaaS,software-saas,28,Content & Document Management Software,content-document-management-software,11,Forms Processing Software,forms-processing-software,1,Digital Forms,Electronic Forms,digital-forms-electronic-forms
Software & SaaS,software-saas,28,Content & Document Management Software,content-document-management-software,11,Forms Processing Software,forms-processing-software,2,Digital Forms,Mobile Forms,digital-forms-mobile-forms
Software & SaaS,software-saas,28,Content & Document Management Software,content-document-management-software,11,Forms Processing Software,forms-processing-software,3,Digital Forms,Inspection Forms,digital-forms-inspection-forms
Software & SaaS,software-saas,28,Content & Document Management Software,content-document-management-software,11,Forms Processing Software,forms-processing-software,4,Digital Forms,Work Order Forms,digital-forms-work-order-forms
Software & SaaS,software-saas,28,Content & Document Management Software,content-document-management-software,11,Forms Processing Software,forms-processing-software,5,Digital Forms,Incident Report Forms,digital-forms-incident-report-forms
Software & SaaS,software-saas,28,Content & Document Management Software,content-document-management-software,11,Forms Processing Software,forms-processing-software,6,Digital Forms,Audit Forms,digital-forms-audit-forms
Software & SaaS,software-saas,28,Content & Document Management Software,content-document-management-software,11,Forms Processing Software,forms-processing-software,7,Digital Forms,Checklist Forms,digital-forms-checklist-forms
Software & SaaS,software-saas,28,Content & Document Management Software,content-document-management-software,11,Forms Processing Software,forms-processing-software,8,Digital Forms,Survey Forms,digital-forms-survey-forms
Software & SaaS,software-saas,28,Content & Document Management Software,content-document-management-software,11,Forms Processing Software,forms-processing-software,9,Digital Forms,Feedback Forms,digital-forms-feedback-forms
Software & SaaS,software-saas,28,Content & Document Management Software,content-document-management-software,12,Document Workflow Software,document-workflow-software,1,DMS,Document Workflow,dms-document-workflow
Software & SaaS,software-saas,28,Content & Document Management Software,content-document-management-software,13,Document Approval Software,document-approval-software,,,,
Software & SaaS,software-saas,28,Content & Document Management Software,content-document-management-software,14,Records Management Software,records-management-software,,,,
Software & SaaS,software-saas,28,Content & Document Management Software,content-document-management-software,15,Records Retention Software,records-retention-software,,,,
Software & SaaS,software-saas,28,Content & Document Management Software,content-document-management-software,16,Information Governance Software,information-governance-software,,,,
Software & SaaS,software-saas,28,Content & Document Management Software,content-document-management-software,17,Archive Management Software,archive-management-software,,,,
Software & SaaS,software-saas,28,Content & Document Management Software,content-document-management-software,18,Email Archiving Software,email-archiving-software,1,Email Clients,Email Alias Management,email-clients-email-alias-management
Software & SaaS,software-saas,28,Content & Document Management Software,content-document-management-software,18,Email Archiving Software,email-archiving-software,2,Email Clients,Email Archiving,email-clients-email-archiving
Software & SaaS,software-saas,28,Content & Document Management Software,content-document-management-software,18,Email Archiving Software,email-archiving-software,3,Email Management,Email Organization,email-management-email-organization
Software & SaaS,software-saas,28,Content & Document Management Software,content-document-management-software,18,Email Archiving Software,email-archiving-software,4,Email Management,Email Automation,email-management-email-automation
Software & SaaS,software-saas,28,Content & Document Management Software,content-document-management-software,18,Email Archiving Software,email-archiving-software,5,Email Management,Email Filtering,email-management-email-filtering
Software & SaaS,software-saas,28,Content & Document Management Software,content-document-management-software,18,Email Archiving Software,email-archiving-software,6,Email Management,Email Warm-Up,email-management-email-warm-up
Software & SaaS,software-saas,28,Content & Document Management Software,content-document-management-software,18,Email Archiving Software,email-archiving-software,7,Email Management,Email Snooze,email-management-email-snooze
Software & SaaS,software-saas,28,Content & Document Management Software,content-document-management-software,19,Document Versioning Software,document-versioning-software,1,DMS,Document Versioning,dms-document-versioning
Software & SaaS,software-saas,28,Content & Document Management Software,content-document-management-software,20,Document Comparison Software,document-comparison-software,,,,
Software & SaaS,software-saas,28,Content & Document Management Software,content-document-management-software,21,Document Redaction Software,document-redaction-software,,,,
Software & SaaS,software-saas,28,Content & Document Management Software,content-document-management-software,22,Document Watermarking Software,document-watermarking-software,,,,
Software & SaaS,software-saas,28,Content & Document Management Software,content-document-management-software,23,Document Tracking Software,document-tracking-software,,,,
Software & SaaS,software-saas,28,Content & Document Management Software,content-document-management-software,24,Electronic Signature Software,electronic-signature-software,1,E-Signature,Electronic Signature,e-signature-electronic-signature
Software & SaaS,software-saas,28,Content & Document Management Software,content-document-management-software,25,Digital Signature Software,digital-signature-software,1,E-Signature,Digital Signature,e-signature-digital-signature
Software & SaaS,software-saas,28,Content & Document Management Software,content-document-management-software,26,Notarization Software,notarization-software,,,,
Software & SaaS,software-saas,28,Content & Document Management Software,content-document-management-software,27,Document Generation Software,document-generation-software,,,,
Software & SaaS,software-saas,28,Content & Document Management Software,content-document-management-software,28,Template Management Software,template-management-software,,,,
Software & SaaS,software-saas,28,Content & Document Management Software,content-document-management-software,29,Mail Merge Software,mail-merge-software,1,Document Collaboration,Mail Merge,document-collaboration-mail-merge
Software & SaaS,software-saas,28,Content & Document Management Software,content-document-management-software,30,PDF Editing Software,pdf-editing-software,1,Document Collaboration,PDF Editing,document-collaboration-pdf-editing
Software & SaaS,software-saas,28,Content & Document Management Software,content-document-management-software,31,PDF Conversion Software,pdf-conversion-software,,,,
Software & SaaS,software-saas,28,Content & Document Management Software,content-document-management-software,32,PDF Forms Software,pdf-forms-software,,,,
Software & SaaS,software-saas,28,Content & Document Management Software,content-document-management-software,33,Document Collaboration Software,document-collaboration-software,1,Document Collaboration,Real-Time Editing,document-collaboration-real-time-editing
Software & SaaS,software-saas,28,Content & Document Management Software,content-document-management-software,33,Document Collaboration Software,document-collaboration-software,2,Document Collaboration,Document Co-Authoring,document-collaboration-document-co-authoring
Software & SaaS,software-saas,28,Content & Document Management Software,content-document-management-software,33,Document Collaboration Software,document-collaboration-software,3,Document Collaboration,Commenting & Review,document-collaboration-commenting-review
Software & SaaS,software-saas,28,Content & Document Management Software,content-document-management-software,33,Document Collaboration Software,document-collaboration-software,4,Document Collaboration,Document Approval,document-collaboration-document-approval
Software & SaaS,software-saas,28,Content & Document Management Software,content-document-management-software,33,Document Collaboration Software,document-collaboration-software,5,Document Collaboration,Template Libraries,document-collaboration-template-libraries
Software & SaaS,software-saas,28,Content & Document Management Software,content-document-management-software,33,Document Collaboration Software,document-collaboration-software,6,Document Collaboration,Document Automation,document-collaboration-document-automation
Software & SaaS,software-saas,28,Content & Document Management Software,content-document-management-software,33,Document Collaboration Software,document-collaboration-software,7,DMS,Document Collaboration,dms-document-collaboration
Software & SaaS,software-saas,28,Content & Document Management Software,content-document-management-software,34,Web Annotation Software,web-annotation-software,,,,
Software & SaaS,software-saas,28,Content & Document Management Software,content-document-management-software,35,PDF Annotation Software,pdf-annotation-software,,,,
Software & SaaS,software-saas,28,Content & Document Management Software,content-document-management-software,36,Image Annotation Software for Teams,image-annotation-software-for-teams,,,,
Software & SaaS,software-saas,29,Knowledge Management & Internal Content Software,knowledge-management-internal-content-software,1,Company Knowledge Base Software,company-knowledge-base-software,1,Company Intranet,Employee Portal,company-intranet-employee-portal
Software & SaaS,software-saas,29,Knowledge Management & Internal Content Software,knowledge-management-internal-content-software,1,Company Knowledge Base Software,company-knowledge-base-software,2,Company Intranet,Company News Feed,company-intranet-company-news-feed
Software & SaaS,software-saas,29,Knowledge Management & Internal Content Software,knowledge-management-internal-content-software,1,Company Knowledge Base Software,company-knowledge-base-software,3,Company Intranet,Employee Directory,company-intranet-employee-directory
Software & SaaS,software-saas,29,Knowledge Management & Internal Content Software,knowledge-management-internal-content-software,1,Company Knowledge Base Software,company-knowledge-base-software,4,Company Intranet,Company Wiki,company-intranet-company-wiki
Software & SaaS,software-saas,29,Knowledge Management & Internal Content Software,knowledge-management-internal-content-software,1,Company Knowledge Base Software,company-knowledge-base-software,5,Company Intranet,Policy Library,company-intranet-policy-library
Software & SaaS,software-saas,29,Knowledge Management & Internal Content Software,knowledge-management-internal-content-software,1,Company Knowledge Base Software,company-knowledge-base-software,6,Company Intranet,Event Calendar,company-intranet-event-calendar
Software & SaaS,software-saas,29,Knowledge Management & Internal Content Software,knowledge-management-internal-content-software,1,Company Knowledge Base Software,company-knowledge-base-software,7,Company Intranet,Recognition Wall,company-intranet-recognition-wall
Software & SaaS,software-saas,29,Knowledge Management & Internal Content Software,knowledge-management-internal-content-software,1,Company Knowledge Base Software,company-knowledge-base-software,8,Company Intranet,Social Feed,company-intranet-social-feed
Software & SaaS,software-saas,29,Knowledge Management & Internal Content Software,knowledge-management-internal-content-software,1,Company Knowledge Base Software,company-knowledge-base-software,9,Company Intranet,Team Pages,company-intranet-team-pages
Software & SaaS,software-saas,29,Knowledge Management & Internal Content Software,knowledge-management-internal-content-software,1,Company Knowledge Base Software,company-knowledge-base-software,10,Company Intranet,Department Hub,company-intranet-department-hub
Software & SaaS,software-saas,29,Knowledge Management & Internal Content Software,knowledge-management-internal-content-software,1,Company Knowledge Base Software,company-knowledge-base-software,11,Employee Experience,Onboarding Portal,employee-experience-onboarding-portal
Software & SaaS,software-saas,29,Knowledge Management & Internal Content Software,knowledge-management-internal-content-software,1,Company Knowledge Base Software,company-knowledge-base-software,12,Employee Experience,Benefits Portal,employee-experience-benefits-portal
Software & SaaS,software-saas,29,Knowledge Management & Internal Content Software,knowledge-management-internal-content-software,1,Company Knowledge Base Software,company-knowledge-base-software,13,Employee Experience,Learning Hub,employee-experience-learning-hub
Software & SaaS,software-saas,29,Knowledge Management & Internal Content Software,knowledge-management-internal-content-software,1,Company Knowledge Base Software,company-knowledge-base-software,14,Employee Experience,Career Development,employee-experience-career-development
Software & SaaS,software-saas,29,Knowledge Management & Internal Content Software,knowledge-management-internal-content-software,1,Company Knowledge Base Software,company-knowledge-base-software,15,Employee Experience,Internal Marketplace,employee-experience-internal-marketplace
Software & SaaS,software-saas,29,Knowledge Management & Internal Content Software,knowledge-management-internal-content-software,1,Company Knowledge Base Software,company-knowledge-base-software,16,Employee Experience,Suggestion Box,employee-experience-suggestion-box
Software & SaaS,software-saas,29,Knowledge Management & Internal Content Software,knowledge-management-internal-content-software,1,Company Knowledge Base Software,company-knowledge-base-software,17,Employee Experience,Town Hall,employee-experience-town-hall
Software & SaaS,software-saas,29,Knowledge Management & Internal Content Software,knowledge-management-internal-content-software,1,Company Knowledge Base Software,company-knowledge-base-software,18,Employee Experience,Employee Survey,employee-experience-employee-survey
Software & SaaS,software-saas,29,Knowledge Management & Internal Content Software,knowledge-management-internal-content-software,1,Company Knowledge Base Software,company-knowledge-base-software,19,Employee Experience,Wellness Portal,employee-experience-wellness-portal
Software & SaaS,software-saas,29,Knowledge Management & Internal Content Software,knowledge-management-internal-content-software,1,Company Knowledge Base Software,company-knowledge-base-software,20,Employee Experience,Volunteering Platform,employee-experience-volunteering-platform
Software & SaaS,software-saas,29,Knowledge Management & Internal Content Software,knowledge-management-internal-content-software,2,Internal Documentation Software,internal-documentation-software,1,Documentation,Internal Documentation,documentation-internal-documentation
Software & SaaS,software-saas,29,Knowledge Management & Internal Content Software,knowledge-management-internal-content-software,3,Standard Operating Procedure Builders,standard-operating-procedure-builders,1,Documentation,Standard Operating Procedures,documentation-standard-operating-procedures
Software & SaaS,software-saas,29,Knowledge Management & Internal Content Software,knowledge-management-internal-content-software,4,Process Documentation Software,process-documentation-software,1,Documentation,Process Documentation,documentation-process-documentation
Software & SaaS,software-saas,29,Knowledge Management & Internal Content Software,knowledge-management-internal-content-software,5,Tribal Knowledge Capture Software,tribal-knowledge-capture-software,1,KM Tools,Tribal Knowledge,km-tools-tribal-knowledge
Software & SaaS,software-saas,29,Knowledge Management & Internal Content Software,knowledge-management-internal-content-software,6,Team Handbook Software,team-handbook-software,,,,
Software & SaaS,software-saas,29,Knowledge Management & Internal Content Software,knowledge-management-internal-content-software,7,Onboarding Documentation Software,onboarding-documentation-software,,,,
Software & SaaS,software-saas,29,Knowledge Management & Internal Content Software,knowledge-management-internal-content-software,8,Internal FAQ Software,internal-faq-software,,,,
Software & SaaS,software-saas,29,Knowledge Management & Internal Content Software,knowledge-management-internal-content-software,9,Decision Log Software,decision-log-software,,,,
Software & SaaS,software-saas,29,Knowledge Management & Internal Content Software,knowledge-management-internal-content-software,10,Meeting Notes Repository Software,meeting-notes-repository-software,1,Documentation,Meeting Notes,documentation-meeting-notes
Software & SaaS,software-saas,29,Knowledge Management & Internal Content Software,knowledge-management-internal-content-software,11,Internal Search Software,internal-search-software,,,,
Software & SaaS,software-saas,29,Knowledge Management & Internal Content Software,knowledge-management-internal-content-software,12,Enterprise Search Software,enterprise-search-software,1,KM Tools,Search Enterprise,km-tools-search-enterprise
Software & SaaS,software-saas,29,Knowledge Management & Internal Content Software,knowledge-management-internal-content-software,13,Workplace Q&A Software,workplace-qa-software,,,,
Software & SaaS,software-saas,29,Knowledge Management & Internal Content Software,knowledge-management-internal-content-software,14,Expert Finder Software,expert-finder-software,1,KM Tools,Expert Finder,km-tools-expert-finder
Software & SaaS,software-saas,29,Knowledge Management & Internal Content Software,knowledge-management-internal-content-software,15,Mentorship Matching Software,mentorship-matching-software,,,,
Software & SaaS,software-saas,29,Knowledge Management & Internal Content Software,knowledge-management-internal-content-software,16,Subject Matter Expert Directory Software,subject-matter-expert-directory-software,,,,
Software & SaaS,software-saas,30,Developer & Engineering Tools,developer-engineering-tools,1,Integrated Development Environments,integrated-development-environments,1,IDE & Editors,Notebook Environments,ide-editors-notebook-environments
Software & SaaS,software-saas,30,Developer & Engineering Tools,developer-engineering-tools,2,Code Editors,code-editors,1,IDE & Editors,Code Editors,ide-editors-code-editors
Software & SaaS,software-saas,30,Developer & Engineering Tools,developer-engineering-tools,2,Code Editors,code-editors,2,IDE & Editors,Cloud IDE,ide-editors-cloud-ide
Software & SaaS,software-saas,30,Developer & Engineering Tools,developer-engineering-tools,2,Code Editors,code-editors,3,IDE & Editors,Terminal Emulators,ide-editors-terminal-emulators
Software & SaaS,software-saas,30,Developer & Engineering Tools,developer-engineering-tools,2,Code Editors,code-editors,4,IDE & Editors,SSH Clients,ide-editors-ssh-clients
Software & SaaS,software-saas,30,Developer & Engineering Tools,developer-engineering-tools,2,Code Editors,code-editors,5,IDE & Editors,Git Clients,ide-editors-git-clients
Software & SaaS,software-saas,30,Developer & Engineering Tools,developer-engineering-tools,2,Code Editors,code-editors,6,IDE & Editors,Diff Tools,ide-editors-diff-tools
Software & SaaS,software-saas,30,Developer & Engineering Tools,developer-engineering-tools,3,Lightweight Code Editors,lightweight-code-editors,,,,
Software & SaaS,software-saas,30,Developer & Engineering Tools,developer-engineering-tools,4,Database Management Tools,database-management-tools,1,Databases,Database-as-a-Service,databases-database-as-a-service
Software & SaaS,software-saas,30,Developer & Engineering Tools,developer-engineering-tools,4,Database Management Tools,database-management-tools,2,Databases,Database Proxy,databases-database-proxy
Software & SaaS,software-saas,30,Developer & Engineering Tools,developer-engineering-tools,4,Database Management Tools,database-management-tools,3,Internal Tools,Config Management,internal-tools-config-management
Software & SaaS,software-saas,30,Developer & Engineering Tools,developer-engineering-tools,4,Database Management Tools,database-management-tools,4,Internal Tools,Secret Management,internal-tools-secret-management
Software & SaaS,software-saas,30,Developer & Engineering Tools,developer-engineering-tools,4,Database Management Tools,database-management-tools,5,IDE & Editors,Database Clients,ide-editors-database-clients
Software & SaaS,software-saas,30,Developer & Engineering Tools,developer-engineering-tools,4,Database Management Tools,database-management-tools,6,Version Control,Branch Management,version-control-branch-management
Software & SaaS,software-saas,30,Developer & Engineering Tools,developer-engineering-tools,4,Database Management Tools,database-management-tools,7,Version Control,Merge Tools,version-control-merge-tools
Software & SaaS,software-saas,30,Developer & Engineering Tools,developer-engineering-tools,4,Database Management Tools,database-management-tools,8,Version Control,Monorepo Tools,version-control-monorepo-tools
Software & SaaS,software-saas,30,Developer & Engineering Tools,developer-engineering-tools,5,SQL Client Software,sql-client-software,,,,
Software & SaaS,software-saas,30,Developer & Engineering Tools,developer-engineering-tools,6,NoSQL Database Tools,nosql-database-tools,,,,
Software & SaaS,software-saas,30,Developer & Engineering Tools,developer-engineering-tools,7,Database Modeling Software,database-modeling-software,,,,
Software & SaaS,software-saas,30,Developer & Engineering Tools,developer-engineering-tools,8,Schema Migration Tools,schema-migration-tools,,,,
Software & SaaS,software-saas,30,Developer & Engineering Tools,developer-engineering-tools,9,Database Backup Software,database-backup-software,,,,
Software & SaaS,software-saas,30,Developer & Engineering Tools,developer-engineering-tools,10,Source Control Hosting,source-control-hosting,1,Version Control,Git Hosting,version-control-git-hosting
Software & SaaS,software-saas,30,Developer & Engineering Tools,developer-engineering-tools,10,Source Control Hosting,source-control-hosting,2,Version Control,Changelog Generators,version-control-changelog-generators
Software & SaaS,software-saas,30,Developer & Engineering Tools,developer-engineering-tools,10,Source Control Hosting,source-control-hosting,3,Version Control,Semantic Versioning,version-control-semantic-versioning
Software & SaaS,software-saas,30,Developer & Engineering Tools,developer-engineering-tools,10,Source Control Hosting,source-control-hosting,4,Version Control,Git Hooks,version-control-git-hooks
Software & SaaS,software-saas,30,Developer & Engineering Tools,developer-engineering-tools,11,Git Repository Hosting,git-repository-hosting,,,,
Software & SaaS,software-saas,30,Developer & Engineering Tools,developer-engineering-tools,12,Code Review Tools,code-review-tools,1,Version Control,Code Review,version-control-code-review
Software & SaaS,software-saas,30,Developer & Engineering Tools,developer-engineering-tools,12,Code Review Tools,code-review-tools,2,Version Control,Code Owners,version-control-code-owners
Software & SaaS,software-saas,30,Developer & Engineering Tools,developer-engineering-tools,12,Code Review Tools,code-review-tools,3,Low-Code / No-Code,App Builders,low-code-no-code-app-builders
Software & SaaS,software-saas,30,Developer & Engineering Tools,developer-engineering-tools,12,Code Review Tools,code-review-tools,4,Low-Code / No-Code,Workflow Automation,low-code-no-code-workflow-automation
Software & SaaS,software-saas,30,Developer & Engineering Tools,developer-engineering-tools,12,Code Review Tools,code-review-tools,5,Low-Code / No-Code,Form Builders,low-code-no-code-form-builders
Software & SaaS,software-saas,30,Developer & Engineering Tools,developer-engineering-tools,12,Code Review Tools,code-review-tools,6,Low-Code / No-Code,Database Builders,low-code-no-code-database-builders
Software & SaaS,software-saas,30,Developer & Engineering Tools,developer-engineering-tools,12,Code Review Tools,code-review-tools,7,Low-Code / No-Code,Website Builders,low-code-no-code-website-builders
Software & SaaS,software-saas,30,Developer & Engineering Tools,developer-engineering-tools,12,Code Review Tools,code-review-tools,8,Low-Code / No-Code,Internal Tool Builders,low-code-no-code-internal-tool-builders
Software & SaaS,software-saas,30,Developer & Engineering Tools,developer-engineering-tools,12,Code Review Tools,code-review-tools,9,Low-Code / No-Code,Automation Platforms,low-code-no-code-automation-platforms
Software & SaaS,software-saas,30,Developer & Engineering Tools,developer-engineering-tools,12,Code Review Tools,code-review-tools,10,Low-Code / No-Code,Chatbot Builders,low-code-no-code-chatbot-builders
Software & SaaS,software-saas,30,Developer & Engineering Tools,developer-engineering-tools,13,Pull Request Management Software,pull-request-management-software,,,,
Software & SaaS,software-saas,30,Developer & Engineering Tools,developer-engineering-tools,14,Static Code Analysis Tools,static-code-analysis-tools,,,,
Software & SaaS,software-saas,30,Developer & Engineering Tools,developer-engineering-tools,15,Dependency Management Tools,dependency-management-tools,,,,
Software & SaaS,software-saas,30,Developer & Engineering Tools,developer-engineering-tools,16,Software Composition Analysis Tools,software-composition-analysis-tools,,,,
Software & SaaS,software-saas,30,Developer & Engineering Tools,developer-engineering-tools,17,License Compliance Tools,license-compliance-tools,1,IT Compliance,License Management,it-compliance-license-management
Software & SaaS,software-saas,30,Developer & Engineering Tools,developer-engineering-tools,17,License Compliance Tools,license-compliance-tools,2,IT Compliance,Privacy Engineering,it-compliance-privacy-engineering
Software & SaaS,software-saas,30,Developer & Engineering Tools,developer-engineering-tools,18,Continuous Integration Tools,continuous-integration-tools,1,CI/CD,Continuous Integration,ci-cd-continuous-integration
Software & SaaS,software-saas,30,Developer & Engineering Tools,developer-engineering-tools,18,Continuous Integration Tools,continuous-integration-tools,2,CI/CD,Continuous Deployment,ci-cd-continuous-deployment
Software & SaaS,software-saas,30,Developer & Engineering Tools,developer-engineering-tools,18,Continuous Integration Tools,continuous-integration-tools,3,CI/CD,Build Automation,ci-cd-build-automation
Software & SaaS,software-saas,30,Developer & Engineering Tools,developer-engineering-tools,18,Continuous Integration Tools,continuous-integration-tools,4,CI/CD,Release Orchestration,ci-cd-release-orchestration
Software & SaaS,software-saas,30,Developer & Engineering Tools,developer-engineering-tools,18,Continuous Integration Tools,continuous-integration-tools,5,CI/CD,Feature Flags,ci-cd-feature-flags
Software & SaaS,software-saas,30,Developer & Engineering Tools,developer-engineering-tools,18,Continuous Integration Tools,continuous-integration-tools,6,CI/CD,Canary Deployments,ci-cd-canary-deployments
Software & SaaS,software-saas,30,Developer & Engineering Tools,developer-engineering-tools,18,Continuous Integration Tools,continuous-integration-tools,7,CI/CD,Blue/Green Deployments,ci-cd-blue-green-deployments
Software & SaaS,software-saas,30,Developer & Engineering Tools,developer-engineering-tools,18,Continuous Integration Tools,continuous-integration-tools,8,CI/CD,Pipeline as Code,ci-cd-pipeline-as-code
Software & SaaS,software-saas,30,Developer & Engineering Tools,developer-engineering-tools,18,Continuous Integration Tools,continuous-integration-tools,9,CI/CD,Artifact Management,ci-cd-artifact-management
Software & SaaS,software-saas,30,Developer & Engineering Tools,developer-engineering-tools,18,Continuous Integration Tools,continuous-integration-tools,10,CI/CD,Environment Management,ci-cd-environment-management
Software & SaaS,software-saas,30,Developer & Engineering Tools,developer-engineering-tools,18,Continuous Integration Tools,continuous-integration-tools,11,Cloud Platforms,IaaS Providers,cloud-platforms-iaas-providers
Software & SaaS,software-saas,30,Developer & Engineering Tools,developer-engineering-tools,18,Continuous Integration Tools,continuous-integration-tools,12,Cloud Platforms,PaaS Providers,cloud-platforms-paas-providers
Software & SaaS,software-saas,30,Developer & Engineering Tools,developer-engineering-tools,18,Continuous Integration Tools,continuous-integration-tools,13,Cloud Platforms,Serverless Platforms,cloud-platforms-serverless-platforms
Software & SaaS,software-saas,30,Developer & Engineering Tools,developer-engineering-tools,18,Continuous Integration Tools,continuous-integration-tools,14,Cloud Platforms,Edge Computing,cloud-platforms-edge-computing
Software & SaaS,software-saas,30,Developer & Engineering Tools,developer-engineering-tools,18,Continuous Integration Tools,continuous-integration-tools,15,Cloud Platforms,Multi-Cloud Management,cloud-platforms-multi-cloud-management
Software & SaaS,software-saas,30,Developer & Engineering Tools,developer-engineering-tools,18,Continuous Integration Tools,continuous-integration-tools,16,Cloud Platforms,Cloud Cost Optimization,cloud-platforms-cloud-cost-optimization
Software & SaaS,software-saas,30,Developer & Engineering Tools,developer-engineering-tools,18,Continuous Integration Tools,continuous-integration-tools,17,Cloud Platforms,Cloud Migration,cloud-platforms-cloud-migration
Software & SaaS,software-saas,30,Developer & Engineering Tools,developer-engineering-tools,18,Continuous Integration Tools,continuous-integration-tools,18,Cloud Platforms,Cloud Security,cloud-platforms-cloud-security
Software & SaaS,software-saas,30,Developer & Engineering Tools,developer-engineering-tools,18,Continuous Integration Tools,continuous-integration-tools,19,Cloud Platforms,Cloud Compliance,cloud-platforms-cloud-compliance
Software & SaaS,software-saas,30,Developer & Engineering Tools,developer-engineering-tools,18,Continuous Integration Tools,continuous-integration-tools,20,Cloud Platforms,Cloud Training,cloud-platforms-cloud-training
Software & SaaS,software-saas,30,Developer & Engineering Tools,developer-engineering-tools,18,Continuous Integration Tools,continuous-integration-tools,21,Containers & Orchestration,Docker,containers-orchestration-docker
Software & SaaS,software-saas,30,Developer & Engineering Tools,developer-engineering-tools,18,Continuous Integration Tools,continuous-integration-tools,22,Containers & Orchestration,Kubernetes,containers-orchestration-kubernetes
Software & SaaS,software-saas,30,Developer & Engineering Tools,developer-engineering-tools,18,Continuous Integration Tools,continuous-integration-tools,23,Containers & Orchestration,Container Registry,containers-orchestration-container-registry
Software & SaaS,software-saas,30,Developer & Engineering Tools,developer-engineering-tools,18,Continuous Integration Tools,continuous-integration-tools,24,Containers & Orchestration,Service Mesh,containers-orchestration-service-mesh
Software & SaaS,software-saas,30,Developer & Engineering Tools,developer-engineering-tools,18,Continuous Integration Tools,continuous-integration-tools,25,Containers & Orchestration,Container Security,containers-orchestration-container-security
Software & SaaS,software-saas,30,Developer & Engineering Tools,developer-engineering-tools,18,Continuous Integration Tools,continuous-integration-tools,26,Containers & Orchestration,Serverless Containers,containers-orchestration-serverless-containers
Software & SaaS,software-saas,30,Developer & Engineering Tools,developer-engineering-tools,18,Continuous Integration Tools,continuous-integration-tools,27,Containers & Orchestration,Container Monitoring,containers-orchestration-container-monitoring
Software & SaaS,software-saas,30,Developer & Engineering Tools,developer-engineering-tools,18,Continuous Integration Tools,continuous-integration-tools,28,Containers & Orchestration,Container Networking,containers-orchestration-container-networking
Software & SaaS,software-saas,30,Developer & Engineering Tools,developer-engineering-tools,18,Continuous Integration Tools,continuous-integration-tools,29,Containers & Orchestration,Container Storage,containers-orchestration-container-storage
Software & SaaS,software-saas,30,Developer & Engineering Tools,developer-engineering-tools,18,Continuous Integration Tools,continuous-integration-tools,30,Containers & Orchestration,Container CI/CD,containers-orchestration-container-ci-cd
Software & SaaS,software-saas,30,Developer & Engineering Tools,developer-engineering-tools,18,Continuous Integration Tools,continuous-integration-tools,31,Monitoring,Application Performance,monitoring-application-performance
Software & SaaS,software-saas,30,Developer & Engineering Tools,developer-engineering-tools,18,Continuous Integration Tools,continuous-integration-tools,32,Monitoring,Infrastructure Monitoring,monitoring-infrastructure-monitoring
Software & SaaS,software-saas,30,Developer & Engineering Tools,developer-engineering-tools,18,Continuous Integration Tools,continuous-integration-tools,33,Monitoring,Log Management,monitoring-log-management
Software & SaaS,software-saas,30,Developer & Engineering Tools,developer-engineering-tools,18,Continuous Integration Tools,continuous-integration-tools,34,Monitoring,Error Tracking,monitoring-error-tracking
Software & SaaS,software-saas,30,Developer & Engineering Tools,developer-engineering-tools,18,Continuous Integration Tools,continuous-integration-tools,35,Monitoring,Uptime Monitoring,monitoring-uptime-monitoring
Software & SaaS,software-saas,30,Developer & Engineering Tools,developer-engineering-tools,18,Continuous Integration Tools,continuous-integration-tools,36,Monitoring,Real User Monitoring,monitoring-real-user-monitoring
Software & SaaS,software-saas,30,Developer & Engineering Tools,developer-engineering-tools,18,Continuous Integration Tools,continuous-integration-tools,37,Monitoring,Synthetic Monitoring,monitoring-synthetic-monitoring
Software & SaaS,software-saas,30,Developer & Engineering Tools,developer-engineering-tools,18,Continuous Integration Tools,continuous-integration-tools,38,Monitoring,Database Monitoring,monitoring-database-monitoring
Software & SaaS,software-saas,30,Developer & Engineering Tools,developer-engineering-tools,18,Continuous Integration Tools,continuous-integration-tools,39,Monitoring,Network Monitoring,monitoring-network-monitoring
Software & SaaS,software-saas,30,Developer & Engineering Tools,developer-engineering-tools,18,Continuous Integration Tools,continuous-integration-tools,40,Monitoring,Cloud Monitoring,monitoring-cloud-monitoring
Software & SaaS,software-saas,30,Developer & Engineering Tools,developer-engineering-tools,19,Continuous Delivery Tools,continuous-delivery-tools,,,,
Software & SaaS,software-saas,30,Developer & Engineering Tools,developer-engineering-tools,20,Build Automation Tools,build-automation-tools,,,,
Software & SaaS,software-saas,30,Developer & Engineering Tools,developer-engineering-tools,21,Artifact Repository Software,artifact-repository-software,,,,
Software & SaaS,software-saas,30,Developer & Engineering Tools,developer-engineering-tools,22,Release Management Software,release-management-software,1,Version Control,Release Management,version-control-release-management
Software & SaaS,software-saas,30,Developer & Engineering Tools,developer-engineering-tools,23,Feature Flag Management Software,feature-flag-management-software,1,Internal Tools,Feature Flag,internal-tools-feature-flag
Software & SaaS,software-saas,30,Developer & Engineering Tools,developer-engineering-tools,24,A/B Testing for Developers,ab-testing-for-developers,1,Testing & QA,Unit Testing,testing-qa-unit-testing
Software & SaaS,software-saas,30,Developer & Engineering Tools,developer-engineering-tools,24,A/B Testing for Developers,ab-testing-for-developers,2,Testing & QA,Integration Testing,testing-qa-integration-testing
Software & SaaS,software-saas,30,Developer & Engineering Tools,developer-engineering-tools,24,A/B Testing for Developers,ab-testing-for-developers,3,Testing & QA,E2E Testing,testing-qa-e2e-testing
Software & SaaS,software-saas,30,Developer & Engineering Tools,developer-engineering-tools,24,A/B Testing for Developers,ab-testing-for-developers,4,Testing & QA,Security Testing,testing-qa-security-testing
Software & SaaS,software-saas,30,Developer & Engineering Tools,developer-engineering-tools,24,A/B Testing for Developers,ab-testing-for-developers,5,Testing & QA,Accessibility Testing,testing-qa-accessibility-testing
Software & SaaS,software-saas,30,Developer & Engineering Tools,developer-engineering-tools,25,Application Performance Monitoring,application-performance-monitoring,,,,
Software & SaaS,software-saas,30,Developer & Engineering Tools,developer-engineering-tools,26,Real User Monitoring Software,real-user-monitoring-software,,,,
Software & SaaS,software-saas,30,Developer & Engineering Tools,developer-engineering-tools,27,Synthetic Monitoring Software,synthetic-monitoring-software,,,,
Software & SaaS,software-saas,30,Developer & Engineering Tools,developer-engineering-tools,28,Distributed Tracing Software,distributed-tracing-software,,,,
Software & SaaS,software-saas,30,Developer & Engineering Tools,developer-engineering-tools,29,Log Management Software,log-management-software,,,,
Software & SaaS,software-saas,30,Developer & Engineering Tools,developer-engineering-tools,30,Logging as a Service,logging-as-a-service,,,,
Software & SaaS,software-saas,30,Developer & Engineering Tools,developer-engineering-tools,31,Error Tracking Software,error-tracking-software,,,,
Software & SaaS,software-saas,30,Developer & Engineering Tools,developer-engineering-tools,32,Incident Management Software,incident-management-software,,,,
Software & SaaS,software-saas,30,Developer & Engineering Tools,developer-engineering-tools,33,On-Call Scheduling Software,on-call-scheduling-software,,,,
Software & SaaS,software-saas,30,Developer & Engineering Tools,developer-engineering-tools,34,Status Page Software,status-page-software,,,,
Software & SaaS,software-saas,30,Developer & Engineering Tools,developer-engineering-tools,35,Postmortem Software,postmortem-software,,,,
Software & SaaS,software-saas,30,Developer & Engineering Tools,developer-engineering-tools,36,Chaos Engineering Tools,chaos-engineering-tools,,,,
Software & SaaS,software-saas,30,Developer & Engineering Tools,developer-engineering-tools,37,Load Testing Tools,load-testing-tools,1,Testing & QA,Load Testing,testing-qa-load-testing
Software & SaaS,software-saas,30,Developer & Engineering Tools,developer-engineering-tools,38,Performance Testing Tools,performance-testing-tools,,,,
Software & SaaS,software-saas,30,Developer & Engineering Tools,developer-engineering-tools,39,Penetration Testing Tools,penetration-testing-tools,,,,
Software & SaaS,software-saas,30,Developer & Engineering Tools,developer-engineering-tools,40,API Testing Tools,api-testing-tools,1,IDE & Editors,API Clients,ide-editors-api-clients
Software & SaaS,software-saas,30,Developer & Engineering Tools,developer-engineering-tools,40,API Testing Tools,api-testing-tools,2,API Development,API Design,api-development-api-design
Software & SaaS,software-saas,30,Developer & Engineering Tools,developer-engineering-tools,40,API Testing Tools,api-testing-tools,3,API Development,API Testing,api-development-api-testing
Software & SaaS,software-saas,30,Developer & Engineering Tools,developer-engineering-tools,40,API Testing Tools,api-testing-tools,4,API Development,API Monitoring,api-development-api-monitoring
Software & SaaS,software-saas,30,Developer & Engineering Tools,developer-engineering-tools,40,API Testing Tools,api-testing-tools,5,API Development,API Marketplace,api-development-api-marketplace
Software & SaaS,software-saas,30,Developer & Engineering Tools,developer-engineering-tools,40,API Testing Tools,api-testing-tools,6,API Development,API Versioning,api-development-api-versioning
Software & SaaS,software-saas,30,Developer & Engineering Tools,developer-engineering-tools,40,API Testing Tools,api-testing-tools,7,API Development,GraphQL Tools,api-development-graphql-tools
Software & SaaS,software-saas,30,Developer & Engineering Tools,developer-engineering-tools,40,API Testing Tools,api-testing-tools,8,API Development,REST Tools,api-development-rest-tools
Software & SaaS,software-saas,30,Developer & Engineering Tools,developer-engineering-tools,41,Browser Testing Tools,browser-testing-tools,1,Accessibility Tools,Screen Reader,accessibility-tools-screen-reader
Software & SaaS,software-saas,30,Developer & Engineering Tools,developer-engineering-tools,41,Browser Testing Tools,browser-testing-tools,2,Accessibility Tools,Voice Control,accessibility-tools-voice-control
Software & SaaS,software-saas,30,Developer & Engineering Tools,developer-engineering-tools,41,Browser Testing Tools,browser-testing-tools,3,Accessibility Tools,Caption Service,accessibility-tools-caption-service
Software & SaaS,software-saas,30,Developer & Engineering Tools,developer-engineering-tools,41,Browser Testing Tools,browser-testing-tools,4,Accessibility Tools,Alt Text Generator,accessibility-tools-alt-text-generator
Software & SaaS,software-saas,30,Developer & Engineering Tools,developer-engineering-tools,41,Browser Testing Tools,browser-testing-tools,5,Accessibility Tools,Color Contrast Checker,accessibility-tools-color-contrast-checker
Software & SaaS,software-saas,30,Developer & Engineering Tools,developer-engineering-tools,41,Browser Testing Tools,browser-testing-tools,6,Accessibility Tools,Keyboard Navigation,accessibility-tools-keyboard-navigation
Software & SaaS,software-saas,30,Developer & Engineering Tools,developer-engineering-tools,41,Browser Testing Tools,browser-testing-tools,7,Accessibility Tools,ARIA Compliance,accessibility-tools-aria-compliance
Software & SaaS,software-saas,30,Developer & Engineering Tools,developer-engineering-tools,41,Browser Testing Tools,browser-testing-tools,8,Accessibility Tools,WCAG Audit,accessibility-tools-wcag-audit
Software & SaaS,software-saas,30,Developer & Engineering Tools,developer-engineering-tools,41,Browser Testing Tools,browser-testing-tools,9,Accessibility Tools,PDF Accessibility,accessibility-tools-pdf-accessibility
Software & SaaS,software-saas,30,Developer & Engineering Tools,developer-engineering-tools,41,Browser Testing Tools,browser-testing-tools,10,Accessibility Tools,Video Accessibility,accessibility-tools-video-accessibility
Software & SaaS,software-saas,30,Developer & Engineering Tools,developer-engineering-tools,41,Browser Testing Tools,browser-testing-tools,11,Testing & QA,Cross-Browser Testing,testing-qa-cross-browser-testing
Software & SaaS,software-saas,30,Developer & Engineering Tools,developer-engineering-tools,42,Mobile App Testing Tools,mobile-app-testing-tools,1,Internal Tools,Internal App Builder,internal-tools-internal-app-builder
Software & SaaS,software-saas,30,Developer & Engineering Tools,developer-engineering-tools,42,Mobile App Testing Tools,mobile-app-testing-tools,2,IDE & Editors,Mobile IDE,ide-editors-mobile-ide
Software & SaaS,software-saas,30,Developer & Engineering Tools,developer-engineering-tools,42,Mobile App Testing Tools,mobile-app-testing-tools,3,Low-Code / No-Code,Mobile App Builders,low-code-no-code-mobile-app-builders
Software & SaaS,software-saas,30,Developer & Engineering Tools,developer-engineering-tools,42,Mobile App Testing Tools,mobile-app-testing-tools,4,Testing & QA,Mobile Testing,testing-qa-mobile-testing
Software & SaaS,software-saas,30,Developer & Engineering Tools,developer-engineering-tools,43,Test Case Management Software,test-case-management-software,,,,
Software & SaaS,software-saas,30,Developer & Engineering Tools,developer-engineering-tools,44,Test Automation Frameworks,test-automation-frameworks,1,Testing & QA,Test Automation,testing-qa-test-automation
Software & SaaS,software-saas,30,Developer & Engineering Tools,developer-engineering-tools,45,Visual Regression Testing Tools,visual-regression-testing-tools,1,Testing & QA,Visual Regression,testing-qa-visual-regression
Software & SaaS,software-saas,30,Developer & Engineering Tools,developer-engineering-tools,46,Bug Tracking Software,bug-tracking-software,,,,
Software & SaaS,software-saas,30,Developer & Engineering Tools,developer-engineering-tools,47,Test Data Management Software,test-data-management-software,1,Databases,Relational Databases,databases-relational-databases
Software & SaaS,software-saas,30,Developer & Engineering Tools,developer-engineering-tools,47,Test Data Management Software,test-data-management-software,2,Databases,NoSQL Databases,databases-nosql-databases
Software & SaaS,software-saas,30,Developer & Engineering Tools,developer-engineering-tools,47,Test Data Management Software,test-data-management-software,3,Databases,Graph Databases,databases-graph-databases
Software & SaaS,software-saas,30,Developer & Engineering Tools,developer-engineering-tools,47,Test Data Management Software,test-data-management-software,4,Databases,Time-Series Databases,databases-time-series-databases
Software & SaaS,software-saas,30,Developer & Engineering Tools,developer-engineering-tools,47,Test Data Management Software,test-data-management-software,5,Databases,In-Memory Databases,databases-in-memory-databases
Software & SaaS,software-saas,30,Developer & Engineering Tools,developer-engineering-tools,47,Test Data Management Software,test-data-management-software,6,Databases,Distributed Databases,databases-distributed-databases
Software & SaaS,software-saas,30,Developer & Engineering Tools,developer-engineering-tools,47,Test Data Management Software,test-data-management-software,7,Databases,Managed Databases,databases-managed-databases
Software & SaaS,software-saas,30,Developer & Engineering Tools,developer-engineering-tools,47,Test Data Management Software,test-data-management-software,8,Data Warehousing,Cloud Data Warehouse,data-warehousing-cloud-data-warehouse
Software & SaaS,software-saas,30,Developer & Engineering Tools,developer-engineering-tools,47,Test Data Management Software,test-data-management-software,9,Data Warehousing,Data Lake,data-warehousing-data-lake
Software & SaaS,software-saas,30,Developer & Engineering Tools,developer-engineering-tools,47,Test Data Management Software,test-data-management-software,10,Data Warehousing,Data Lakehouse,data-warehousing-data-lakehouse
Software & SaaS,software-saas,30,Developer & Engineering Tools,developer-engineering-tools,47,Test Data Management Software,test-data-management-software,11,Data Warehousing,Real-Time Warehousing,data-warehousing-real-time-warehousing
Software & SaaS,software-saas,30,Developer & Engineering Tools,developer-engineering-tools,47,Test Data Management Software,test-data-management-software,12,Data Warehousing,Data Warehouse Automation,data-warehousing-data-warehouse-automation
Software & SaaS,software-saas,30,Developer & Engineering Tools,developer-engineering-tools,47,Test Data Management Software,test-data-management-software,13,Data Warehousing,Query Engine,data-warehousing-query-engine
Software & SaaS,software-saas,30,Developer & Engineering Tools,developer-engineering-tools,47,Test Data Management Software,test-data-management-software,14,Data Warehousing,Data Sharing,data-warehousing-data-sharing
Software & SaaS,software-saas,30,Developer & Engineering Tools,developer-engineering-tools,47,Test Data Management Software,test-data-management-software,15,Data Warehousing,Data Marketplace,data-warehousing-data-marketplace
Software & SaaS,software-saas,30,Developer & Engineering Tools,developer-engineering-tools,47,Test Data Management Software,test-data-management-software,16,Data Warehousing,Data Virtualization,data-warehousing-data-virtualization
Software & SaaS,software-saas,30,Developer & Engineering Tools,developer-engineering-tools,47,Test Data Management Software,test-data-management-software,17,Data Warehousing,Data Fabric,data-warehousing-data-fabric
Software & SaaS,software-saas,30,Developer & Engineering Tools,developer-engineering-tools,47,Test Data Management Software,test-data-management-software,18,Data Integration,Webhook Management,data-integration-webhook-management
Software & SaaS,software-saas,30,Developer & Engineering Tools,developer-engineering-tools,47,Test Data Management Software,test-data-management-software,19,Business Intelligence,Data Visualization,business-intelligence-data-visualization-2
Software & SaaS,software-saas,30,Developer & Engineering Tools,developer-engineering-tools,47,Test Data Management Software,test-data-management-software,20,Business Intelligence,Dashboards,business-intelligence-dashboards
Software & SaaS,software-saas,30,Developer & Engineering Tools,developer-engineering-tools,47,Test Data Management Software,test-data-management-software,21,Business Intelligence,Reporting Tools,business-intelligence-reporting-tools-2
Software & SaaS,software-saas,30,Developer & Engineering Tools,developer-engineering-tools,47,Test Data Management Software,test-data-management-software,22,Business Intelligence,Data Storytelling,business-intelligence-data-storytelling
Software & SaaS,software-saas,30,Developer & Engineering Tools,developer-engineering-tools,48,API Management Platforms,api-management-platforms,1,DX Platforms,API Developer Portal,dx-platforms-api-developer-portal
Software & SaaS,software-saas,30,Developer & Engineering Tools,developer-engineering-tools,48,API Management Platforms,api-management-platforms,2,DX Platforms,SDK Management,dx-platforms-sdk-management
Software & SaaS,software-saas,30,Developer & Engineering Tools,developer-engineering-tools,49,API Documentation Software,api-documentation-software,1,API Development,API Documentation,api-development-api-documentation
Software & SaaS,software-saas,30,Developer & Engineering Tools,developer-engineering-tools,49,API Documentation Software,api-documentation-software,2,Documentation,API Documentation,documentation-api-documentation
Software & SaaS,software-saas,30,Developer & Engineering Tools,developer-engineering-tools,50,API Mocking Tools,api-mocking-tools,1,API Development,API Mocking,api-development-api-mocking
Software & SaaS,software-saas,30,Developer & Engineering Tools,developer-engineering-tools,51,API Gateway Software,api-gateway-software,1,API Development,API Gateway,api-development-api-gateway
Software & SaaS,software-saas,30,Developer & Engineering Tools,developer-engineering-tools,52,GraphQL Tools,graphql-tools,,,,
Software & SaaS,software-saas,30,Developer & Engineering Tools,developer-engineering-tools,53,Webhook Management Software,webhook-management-software,,,,
Software & SaaS,software-saas,30,Developer & Engineering Tools,developer-engineering-tools,54,Integration Platform as a Service,integration-platform-as-a-service,1,Low-Code / No-Code,Integration Platforms,low-code-no-code-integration-platforms
Software & SaaS,software-saas,30,Developer & Engineering Tools,developer-engineering-tools,54,Integration Platform as a Service,integration-platform-as-a-service,2,Blockchain Dev Tools,Smart Contract IDE,blockchain-dev-tools-smart-contract-ide
Software & SaaS,software-saas,30,Developer & Engineering Tools,developer-engineering-tools,54,Integration Platform as a Service,integration-platform-as-a-service,3,Blockchain Dev Tools,Blockchain Explorer,blockchain-dev-tools-blockchain-explorer
Software & SaaS,software-saas,30,Developer & Engineering Tools,developer-engineering-tools,54,Integration Platform as a Service,integration-platform-as-a-service,4,Blockchain Dev Tools,Testnet Provider,blockchain-dev-tools-testnet-provider
Software & SaaS,software-saas,30,Developer & Engineering Tools,developer-engineering-tools,54,Integration Platform as a Service,integration-platform-as-a-service,5,Blockchain Dev Tools,Wallet SDK,blockchain-dev-tools-wallet-sdk
Software & SaaS,software-saas,30,Developer & Engineering Tools,developer-engineering-tools,54,Integration Platform as a Service,integration-platform-as-a-service,6,Blockchain Dev Tools,Token Standard,blockchain-dev-tools-token-standard
Software & SaaS,software-saas,30,Developer & Engineering Tools,developer-engineering-tools,54,Integration Platform as a Service,integration-platform-as-a-service,7,Blockchain Dev Tools,NFT API,blockchain-dev-tools-nft-api
Software & SaaS,software-saas,30,Developer & Engineering Tools,developer-engineering-tools,54,Integration Platform as a Service,integration-platform-as-a-service,8,Blockchain Dev Tools,DeFi SDK,blockchain-dev-tools-defi-sdk
Software & SaaS,software-saas,30,Developer & Engineering Tools,developer-engineering-tools,54,Integration Platform as a Service,integration-platform-as-a-service,9,Blockchain Dev Tools,DAO Framework,blockchain-dev-tools-dao-framework
Software & SaaS,software-saas,30,Developer & Engineering Tools,developer-engineering-tools,54,Integration Platform as a Service,integration-platform-as-a-service,10,Blockchain Dev Tools,Oracle Service,blockchain-dev-tools-oracle-service
Software & SaaS,software-saas,30,Developer & Engineering Tools,developer-engineering-tools,54,Integration Platform as a Service,integration-platform-as-a-service,11,Blockchain Dev Tools,Bridge Protocol,blockchain-dev-tools-bridge-protocol
Software & SaaS,software-saas,30,Developer & Engineering Tools,developer-engineering-tools,55,Embedded Integration Platforms,embedded-integration-platforms,,,,
Software & SaaS,software-saas,30,Developer & Engineering Tools,developer-engineering-tools,56,Reverse ETL Tools,reverse-etl-tools,,,,
Software & SaaS,software-saas,30,Developer & Engineering Tools,developer-engineering-tools,57,Data Integration Tools,data-integration-tools,1,Data Integration,ETL Tools,data-integration-etl-tools
Software & SaaS,software-saas,30,Developer & Engineering Tools,developer-engineering-tools,57,Data Integration Tools,data-integration-tools,2,Data Integration,ELT Tools,data-integration-elt-tools
Software & SaaS,software-saas,30,Developer & Engineering Tools,developer-engineering-tools,57,Data Integration Tools,data-integration-tools,3,Data Integration,iPaaS,data-integration-ipaas
Software & SaaS,software-saas,30,Developer & Engineering Tools,developer-engineering-tools,57,Data Integration Tools,data-integration-tools,4,Data Integration,API Integration,data-integration-api-integration
Software & SaaS,software-saas,30,Developer & Engineering Tools,developer-engineering-tools,57,Data Integration Tools,data-integration-tools,5,Data Integration,Event Streaming,data-integration-event-streaming
Software & SaaS,software-saas,30,Developer & Engineering Tools,developer-engineering-tools,57,Data Integration Tools,data-integration-tools,6,Data Integration,Change Data Capture,data-integration-change-data-capture
Software & SaaS,software-saas,30,Developer & Engineering Tools,developer-engineering-tools,57,Data Integration Tools,data-integration-tools,7,Data Integration,Data Quality,data-integration-data-quality
Software & SaaS,software-saas,30,Developer & Engineering Tools,developer-engineering-tools,57,Data Integration Tools,data-integration-tools,8,Internal Tools,Data Explorer,internal-tools-data-explorer
Software & SaaS,software-saas,30,Developer & Engineering Tools,developer-engineering-tools,58,ETL Software,etl-software,,,,
Software & SaaS,software-saas,30,Developer & Engineering Tools,developer-engineering-tools,59,Data Pipeline Tools,data-pipeline-tools,,,,
Software & SaaS,software-saas,30,Developer & Engineering Tools,developer-engineering-tools,60,Workflow Orchestration Tools,workflow-orchestration-tools,1,Internal Tools,Workflow Builder,internal-tools-workflow-builder
Software & SaaS,software-saas,30,Developer & Engineering Tools,developer-engineering-tools,61,Job Scheduler Software,job-scheduler-software,,,,
Software & SaaS,software-saas,30,Developer & Engineering Tools,developer-engineering-tools,62,Cron Job Management Software,cron-job-management-software,,,,
Software & SaaS,software-saas,30,Developer & Engineering Tools,developer-engineering-tools,63,Containerization Tools,containerization-tools,,,,
Software & SaaS,software-saas,30,Developer & Engineering Tools,developer-engineering-tools,64,Container Registry Software,container-registry-software,,,,
Software & SaaS,software-saas,30,Developer & Engineering Tools,developer-engineering-tools,65,Container Orchestration Software,container-orchestration-software,,,,
Software & SaaS,software-saas,30,Developer & Engineering Tools,developer-engineering-tools,66,Service Mesh Software,service-mesh-software,,,,
Software & SaaS,software-saas,30,Developer & Engineering Tools,developer-engineering-tools,67,Serverless Function Platforms,serverless-function-platforms,,,,
Software & SaaS,software-saas,30,Developer & Engineering Tools,developer-engineering-tools,68,Edge Function Software,edge-function-software,,,,
Software & SaaS,software-saas,30,Developer & Engineering Tools,developer-engineering-tools,69,Static Site Hosting,static-site-hosting,,,,
Software & SaaS,software-saas,30,Developer & Engineering Tools,developer-engineering-tools,70,Frontend Hosting Platforms,frontend-hosting-platforms,,,,
Software & SaaS,software-saas,30,Developer & Engineering Tools,developer-engineering-tools,71,Backend-as-a-Service Platforms,backend-as-a-service-platforms,,,,
Software & SaaS,software-saas,30,Developer & Engineering Tools,developer-engineering-tools,72,Database-as-a-Service Platforms,database-as-a-service-platforms,,,,
Software & SaaS,software-saas,30,Developer & Engineering Tools,developer-engineering-tools,73,Authentication-as-a-Service,authentication-as-a-service,,,,
Software & SaaS,software-saas,30,Developer & Engineering Tools,developer-engineering-tools,74,Identity Provider Software,identity-provider-software,,,,
Software & SaaS,software-saas,30,Developer & Engineering Tools,developer-engineering-tools,75,Single Sign-On Software,single-sign-on-software,,,,
Software & SaaS,software-saas,30,Developer & Engineering Tools,developer-engineering-tools,76,User Management APIs,user-management-apis,,,,
Software & SaaS,software-saas,30,Developer & Engineering Tools,developer-engineering-tools,77,Email API Services,email-api-services,,,,
Software & SaaS,software-saas,30,Developer & Engineering Tools,developer-engineering-tools,78,SMS API Services,sms-api-services,,,,
Software & SaaS,software-saas,30,Developer & Engineering Tools,developer-engineering-tools,79,Push Notification API Services,push-notification-api-services,,,,
Software & SaaS,software-saas,30,Developer & Engineering Tools,developer-engineering-tools,80,Geocoding API Services,geocoding-api-services,,,,
Software & SaaS,software-saas,30,Developer & Engineering Tools,developer-engineering-tools,81,Mapping API Services,mapping-api-services,,,,
Software & SaaS,software-saas,30,Developer & Engineering Tools,developer-engineering-tools,82,Maps SDK Software,maps-sdk-software,,,,
Software & SaaS,software-saas,30,Developer & Engineering Tools,developer-engineering-tools,83,Document Generation APIs,document-generation-apis,,,,
Software & SaaS,software-saas,30,Developer & Engineering Tools,developer-engineering-tools,84,PDF Generation APIs,pdf-generation-apis,,,,
Software & SaaS,software-saas,30,Developer & Engineering Tools,developer-engineering-tools,85,Speech-to-Text APIs,speech-to-text-apis,,,,
Software & SaaS,software-saas,30,Developer & Engineering Tools,developer-engineering-tools,86,Translation APIs,translation-apis,,,,
Software & SaaS,software-saas,30,Developer & Engineering Tools,developer-engineering-tools,87,Background Removal APIs,background-removal-apis,,,,
Software & SaaS,software-saas,30,Developer & Engineering Tools,developer-engineering-tools,88,Image Recognition APIs,image-recognition-apis,,,,
Software & SaaS,software-saas,31,IT Management & Infrastructure Software,it-management-infrastructure-software,1,IT Asset Management Software,it-asset-management-software,1,Edge Platforms,Edge Application,edge-platforms-edge-application
Software & SaaS,software-saas,31,IT Management & Infrastructure Software,it-management-infrastructure-software,1,IT Asset Management Software,it-asset-management-software,2,Edge Platforms,Edge Database,edge-platforms-edge-database
Software & SaaS,software-saas,31,IT Management & Infrastructure Software,it-management-infrastructure-software,1,IT Asset Management Software,it-asset-management-software,3,Edge Platforms,Edge AI,edge-platforms-edge-ai
Software & SaaS,software-saas,31,IT Management & Infrastructure Software,it-management-infrastructure-software,1,IT Asset Management Software,it-asset-management-software,4,Edge Platforms,Edge CDN,edge-platforms-edge-cdn
Software & SaaS,software-saas,31,IT Management & Infrastructure Software,it-management-infrastructure-software,1,IT Asset Management Software,it-asset-management-software,5,Edge Platforms,Edge Security,edge-platforms-edge-security
Software & SaaS,software-saas,31,IT Management & Infrastructure Software,it-management-infrastructure-software,1,IT Asset Management Software,it-asset-management-software,6,Edge Platforms,Edge IoT,edge-platforms-edge-iot
Software & SaaS,software-saas,31,IT Management & Infrastructure Software,it-management-infrastructure-software,1,IT Asset Management Software,it-asset-management-software,7,Edge Platforms,Edge Analytics,edge-platforms-edge-analytics
Software & SaaS,software-saas,31,IT Management & Infrastructure Software,it-management-infrastructure-software,1,IT Asset Management Software,it-asset-management-software,8,Edge Platforms,Edge Serverless,edge-platforms-edge-serverless
Software & SaaS,software-saas,31,IT Management & Infrastructure Software,it-management-infrastructure-software,1,IT Asset Management Software,it-asset-management-software,9,Edge Platforms,Edge Container,edge-platforms-edge-container
Software & SaaS,software-saas,31,IT Management & Infrastructure Software,it-management-infrastructure-software,1,IT Asset Management Software,it-asset-management-software,10,Edge Platforms,Edge Networking,edge-platforms-edge-networking
Software & SaaS,software-saas,31,IT Management & Infrastructure Software,it-management-infrastructure-software,2,Software Asset Management Software,software-asset-management-software,,,,
Software & SaaS,software-saas,31,IT Management & Infrastructure Software,it-management-infrastructure-software,3,Hardware Inventory Software,hardware-inventory-software,,,,
Software & SaaS,software-saas,31,IT Management & Infrastructure Software,it-management-infrastructure-software,4,License Management Software,license-management-software,,,,
Software & SaaS,software-saas,31,IT Management & Infrastructure Software,it-management-infrastructure-software,5,SaaS Management Platforms,saas-management-platforms,,,,
Software & SaaS,software-saas,31,IT Management & Infrastructure Software,it-management-infrastructure-software,6,Shadow IT Discovery Software,shadow-it-discovery-software,,,,
Software & SaaS,software-saas,31,IT Management & Infrastructure Software,it-management-infrastructure-software,7,Endpoint Management Software,endpoint-management-software,,,,
Software & SaaS,software-saas,31,IT Management & Infrastructure Software,it-management-infrastructure-software,8,Mobile Device Management Software,mobile-device-management-software,,,,
Software & SaaS,software-saas,31,IT Management & Infrastructure Software,it-management-infrastructure-software,9,Unified Endpoint Management Software,unified-endpoint-management-software,,,,
Software & SaaS,software-saas,31,IT Management & Infrastructure Software,it-management-infrastructure-software,10,Patch Management Software,patch-management-software,,,,
Software & SaaS,software-saas,31,IT Management & Infrastructure Software,it-management-infrastructure-software,11,Configuration Management Software,configuration-management-software,,,,
Software & SaaS,software-saas,31,IT Management & Infrastructure Software,it-management-infrastructure-software,12,Server Monitoring Software,server-monitoring-software,,,,
Software & SaaS,software-saas,31,IT Management & Infrastructure Software,it-management-infrastructure-software,13,Network Monitoring Software,network-monitoring-software,,,,
Software & SaaS,software-saas,31,IT Management & Infrastructure Software,it-management-infrastructure-software,14,Network Performance Monitoring,network-performance-monitoring,,,,
Software & SaaS,software-saas,31,IT Management & Infrastructure Software,it-management-infrastructure-software,15,Bandwidth Monitoring Software,bandwidth-monitoring-software,,,,
Software & SaaS,software-saas,31,IT Management & Infrastructure Software,it-management-infrastructure-software,16,Network Mapping Software,network-mapping-software,,,,
Software & SaaS,software-saas,31,IT Management & Infrastructure Software,it-management-infrastructure-software,17,Network Configuration Management Software,network-configuration-management-software,,,,
Software & SaaS,software-saas,31,IT Management & Infrastructure Software,it-management-infrastructure-software,18,Wi-Fi Management Software,wi-fi-management-software,,,,
Software & SaaS,software-saas,31,IT Management & Infrastructure Software,it-management-infrastructure-software,19,DNS Management Software,dns-management-software,,,,
Software & SaaS,software-saas,31,IT Management & Infrastructure Software,it-management-infrastructure-software,20,Domain Management Software,domain-management-software,,,,
Software & SaaS,software-saas,31,IT Management & Infrastructure Software,it-management-infrastructure-software,21,SSL Certificate Management Software,ssl-certificate-management-software,,,,
Software & SaaS,software-saas,31,IT Management & Infrastructure Software,it-management-infrastructure-software,22,DDI Software,ddi-software,,,,
Software & SaaS,software-saas,31,IT Management & Infrastructure Software,it-management-infrastructure-software,23,IP Address Management Software,ip-address-management-software,,,,
Software & SaaS,software-saas,31,IT Management & Infrastructure Software,it-management-infrastructure-software,24,Cloud Cost Management Software,cloud-cost-management-software,,,,
Software & SaaS,software-saas,31,IT Management & Infrastructure Software,it-management-infrastructure-software,25,Cloud Management Platforms,cloud-management-platforms,,,,
Software & SaaS,software-saas,31,IT Management & Infrastructure Software,it-management-infrastructure-software,26,Multi-Cloud Management Software,multi-cloud-management-software,,,,
Software & SaaS,software-saas,31,IT Management & Infrastructure Software,it-management-infrastructure-software,27,Hybrid Cloud Management Software,hybrid-cloud-management-software,,,,
Software & SaaS,software-saas,31,IT Management & Infrastructure Software,it-management-infrastructure-software,28,Backup Software,backup-software,,,,
Software & SaaS,software-saas,31,IT Management & Infrastructure Software,it-management-infrastructure-software,29,Disaster Recovery Software,disaster-recovery-software,,,,
Software & SaaS,software-saas,31,IT Management & Infrastructure Software,it-management-infrastructure-software,30,Business Continuity Software,business-continuity-software,,,,
Software & SaaS,software-saas,31,IT Management & Infrastructure Software,it-management-infrastructure-software,31,Data Replication Software,data-replication-software,1,Data Integration,Data Replication,data-integration-data-replication
Software & SaaS,software-saas,31,IT Management & Infrastructure Software,it-management-infrastructure-software,32,Data Migration Software,data-migration-software,1,Databases,Database Migration,databases-database-migration
Software & SaaS,software-saas,31,IT Management & Infrastructure Software,it-management-infrastructure-software,33,Cloud Migration Software,cloud-migration-software,,,,
Software & SaaS,software-saas,31,IT Management & Infrastructure Software,it-management-infrastructure-software,34,Server Provisioning Software,server-provisioning-software,,,,
Software & SaaS,software-saas,31,IT Management & Infrastructure Software,it-management-infrastructure-software,35,Infrastructure Automation Software,infrastructure-automation-software,,,,
Software & SaaS,software-saas,31,IT Management & Infrastructure Software,it-management-infrastructure-software,36,Bare Metal Provisioning Software,bare-metal-provisioning-software,,,,
Software & SaaS,software-saas,31,IT Management & Infrastructure Software,it-management-infrastructure-software,37,Virtualization Management Software,virtualization-management-software,,,,
Software & SaaS,software-saas,31,IT Management & Infrastructure Software,it-management-infrastructure-software,38,Hypervisor Management Software,hypervisor-management-software,,,,
Software & SaaS,software-saas,31,IT Management & Infrastructure Software,it-management-infrastructure-software,39,Storage Management Software,storage-management-software,,,,
Software & SaaS,software-saas,31,IT Management & Infrastructure Software,it-management-infrastructure-software,40,Storage as a Service,storage-as-a-service,,,,
Software & SaaS,software-saas,31,IT Management & Infrastructure Software,it-management-infrastructure-software,41,Data Archiving Software,data-archiving-software,,,,
Software & SaaS,software-saas,31,IT Management & Infrastructure Software,it-management-infrastructure-software,42,Computer Hardware Diagnostics,computer-hardware-diagnostics,,,,
Software & SaaS,software-saas,31,IT Management & Infrastructure Software,it-management-infrastructure-software,43,Help Desk for IT Software,help-desk-for-it-software,,,,
Software & SaaS,software-saas,31,IT Management & Infrastructure Software,it-management-infrastructure-software,44,IT Ticketing Software,it-ticketing-software,,,,
Software & SaaS,software-saas,31,IT Management & Infrastructure Software,it-management-infrastructure-software,45,ITSM Software,itsm-software,,,,
Software & SaaS,software-saas,31,IT Management & Infrastructure Software,it-management-infrastructure-software,46,ITIL Software,itil-software,,,,
Software & SaaS,software-saas,31,IT Management & Infrastructure Software,it-management-infrastructure-software,47,Change Management for IT,change-management-for-it,,,,
Software & SaaS,software-saas,31,IT Management & Infrastructure Software,it-management-infrastructure-software,48,CMDB Software,cmdb-software,,,,
Software & SaaS,software-saas,31,IT Management & Infrastructure Software,it-management-infrastructure-software,49,Knowledge Base for IT,knowledge-base-for-it,,,,
Software & SaaS,software-saas,31,IT Management & Infrastructure Software,it-management-infrastructure-software,50,Self-Service Portal for IT,self-service-portal-for-it,,,,
Software & SaaS,software-saas,31,IT Management & Infrastructure Software,it-management-infrastructure-software,51,IT Project Portfolio Management Software,it-project-portfolio-management-software,,,,
Software & SaaS,software-saas,32,Cybersecurity & Identity Software,cybersecurity-identity-software,1,Endpoint Detection & Response Software,endpoint-detection-response-software,1,Endpoint Security,Antivirus & EDR,endpoint-security-antivirus-edr
Software & SaaS,software-saas,32,Cybersecurity & Identity Software,cybersecurity-identity-software,1,Endpoint Detection & Response Software,endpoint-detection-response-software,2,Endpoint Security,Endpoint Detection,endpoint-security-endpoint-detection
Software & SaaS,software-saas,32,Cybersecurity & Identity Software,cybersecurity-identity-software,1,Endpoint Detection & Response Software,endpoint-detection-response-software,3,Endpoint Security,DLP Solutions,endpoint-security-dlp-solutions
Software & SaaS,software-saas,32,Cybersecurity & Identity Software,cybersecurity-identity-software,1,Endpoint Detection & Response Software,endpoint-detection-response-software,4,Endpoint Security,Encryption,endpoint-security-encryption
Software & SaaS,software-saas,32,Cybersecurity & Identity Software,cybersecurity-identity-software,2,Antivirus Software for Business,antivirus-software-for-business,,,,
Software & SaaS,software-saas,32,Cybersecurity & Identity Software,cybersecurity-identity-software,3,Anti-Malware Software,anti-malware-software,,,,
Software & SaaS,software-saas,32,Cybersecurity & Identity Software,cybersecurity-identity-software,4,Ransomware Protection Software,ransomware-protection-software,,,,
Software & SaaS,software-saas,32,Cybersecurity & Identity Software,cybersecurity-identity-software,5,Email Security Software,email-security-software,1,Endpoint Security,Mobile Security,endpoint-security-mobile-security
Software & SaaS,software-saas,32,Cybersecurity & Identity Software,cybersecurity-identity-software,5,Email Security Software,email-security-software,2,Endpoint Security,IoT Security,endpoint-security-iot-security
Software & SaaS,software-saas,32,Cybersecurity & Identity Software,cybersecurity-identity-software,5,Email Security Software,email-security-software,3,Endpoint Security,Browser Security,endpoint-security-browser-security
Software & SaaS,software-saas,32,Cybersecurity & Identity Software,cybersecurity-identity-software,5,Email Security Software,email-security-software,4,Endpoint Security,Email Security,endpoint-security-email-security
Software & SaaS,software-saas,32,Cybersecurity & Identity Software,cybersecurity-identity-software,5,Email Security Software,email-security-software,5,Network Security,Firewall,network-security-firewall
Software & SaaS,software-saas,32,Cybersecurity & Identity Software,cybersecurity-identity-software,5,Email Security Software,email-security-software,6,Network Security,VPN,network-security-vpn
Software & SaaS,software-saas,32,Cybersecurity & Identity Software,cybersecurity-identity-software,5,Email Security Software,email-security-software,7,Network Security,SASE,network-security-sase
Software & SaaS,software-saas,32,Cybersecurity & Identity Software,cybersecurity-identity-software,5,Email Security Software,email-security-software,8,Network Security,WAF,network-security-waf
Software & SaaS,software-saas,32,Cybersecurity & Identity Software,cybersecurity-identity-software,5,Email Security Software,email-security-software,9,Network Security,DDoS Protection,network-security-ddos-protection
Software & SaaS,software-saas,32,Cybersecurity & Identity Software,cybersecurity-identity-software,5,Email Security Software,email-security-software,10,Network Security,DNS Security,network-security-dns-security
Software & SaaS,software-saas,32,Cybersecurity & Identity Software,cybersecurity-identity-software,5,Email Security Software,email-security-software,11,Network Security,Packet Analysis,network-security-packet-analysis
Software & SaaS,software-saas,32,Cybersecurity & Identity Software,cybersecurity-identity-software,5,Email Security Software,email-security-software,12,Network Security,Micro-Segmentation,network-security-micro-segmentation
Software & SaaS,software-saas,32,Cybersecurity & Identity Software,cybersecurity-identity-software,5,Email Security Software,email-security-software,13,Security Operations,SIEM,security-operations-siem
Software & SaaS,software-saas,32,Cybersecurity & Identity Software,cybersecurity-identity-software,5,Email Security Software,email-security-software,14,Security Operations,SOAR,security-operations-soar
Software & SaaS,software-saas,32,Cybersecurity & Identity Software,cybersecurity-identity-software,5,Email Security Software,email-security-software,15,Security Operations,Security Awareness,security-operations-security-awareness
Software & SaaS,software-saas,32,Cybersecurity & Identity Software,cybersecurity-identity-software,6,Anti-Phishing Software,anti-phishing-software,,,,
Software & SaaS,software-saas,32,Cybersecurity & Identity Software,cybersecurity-identity-software,7,Secure Email Gateway Software,secure-email-gateway-software,,,,
Software & SaaS,software-saas,32,Cybersecurity & Identity Software,cybersecurity-identity-software,8,DMARC Management Software,dmarc-management-software,,,,
Software & SaaS,software-saas,32,Cybersecurity & Identity Software,cybersecurity-identity-software,9,Brand Impersonation Protection Software,brand-impersonation-protection-software,,,,
Software & SaaS,software-saas,32,Cybersecurity & Identity Software,cybersecurity-identity-software,10,Web Filtering Software,web-filtering-software,,,,
Software & SaaS,software-saas,32,Cybersecurity & Identity Software,cybersecurity-identity-software,11,DNS Filtering Software,dns-filtering-software,,,,
Software & SaaS,software-saas,32,Cybersecurity & Identity Software,cybersecurity-identity-software,12,Browser Isolation Software,browser-isolation-software,,,,
Software & SaaS,software-saas,32,Cybersecurity & Identity Software,cybersecurity-identity-software,13,Secure Web Gateway Software,secure-web-gateway-software,,,,
Software & SaaS,software-saas,32,Cybersecurity & Identity Software,cybersecurity-identity-software,14,Cloud Access Security Broker Software,cloud-access-security-broker-software,,,,
Software & SaaS,software-saas,32,Cybersecurity & Identity Software,cybersecurity-identity-software,15,SASE Platforms,sase-platforms,,,,
Software & SaaS,software-saas,32,Cybersecurity & Identity Software,cybersecurity-identity-software,16,Zero Trust Network Access Software,zero-trust-network-access-software,1,Network Security,Zero Trust,network-security-zero-trust
Software & SaaS,software-saas,32,Cybersecurity & Identity Software,cybersecurity-identity-software,17,VPN Software for Business,vpn-software-for-business,,,,
Software & SaaS,software-saas,32,Cybersecurity & Identity Software,cybersecurity-identity-software,18,Secure Remote Access Software,secure-remote-access-software,,,,
Software & SaaS,software-saas,32,Cybersecurity & Identity Software,cybersecurity-identity-software,19,Privileged Access Management Software,privileged-access-management-software,1,Identity & Access,Privileged Access,identity-access-privileged-access
Software & SaaS,software-saas,32,Cybersecurity & Identity Software,cybersecurity-identity-software,20,Identity Governance Software,identity-governance-software,,,,
Software & SaaS,software-saas,32,Cybersecurity & Identity Software,cybersecurity-identity-software,21,Identity Lifecycle Management Software,identity-lifecycle-management-software,,,,
Software & SaaS,software-saas,32,Cybersecurity & Identity Software,cybersecurity-identity-software,22,Multi-Factor Authentication Software,multi-factor-authentication-software,,,,
Software & SaaS,software-saas,32,Cybersecurity & Identity Software,cybersecurity-identity-software,23,Passwordless Authentication Software,passwordless-authentication-software,,,,
Software & SaaS,software-saas,32,Cybersecurity & Identity Software,cybersecurity-identity-software,24,Customer Identity & Access Management,customer-identity-access-management,1,Identity & Access,IAM Platforms,identity-access-iam-platforms
Software & SaaS,software-saas,32,Cybersecurity & Identity Software,cybersecurity-identity-software,24,Customer Identity & Access Management,customer-identity-access-management,2,Identity & Access,SSO Solutions,identity-access-sso-solutions
Software & SaaS,software-saas,32,Cybersecurity & Identity Software,cybersecurity-identity-software,24,Customer Identity & Access Management,customer-identity-access-management,3,Identity & Access,MFA Providers,identity-access-mfa-providers
Software & SaaS,software-saas,32,Cybersecurity & Identity Software,cybersecurity-identity-software,24,Customer Identity & Access Management,customer-identity-access-management,4,Identity & Access,Password Managers,identity-access-password-managers
Software & SaaS,software-saas,32,Cybersecurity & Identity Software,cybersecurity-identity-software,24,Customer Identity & Access Management,customer-identity-access-management,5,Identity & Access,Directory Services,identity-access-directory-services
Software & SaaS,software-saas,32,Cybersecurity & Identity Software,cybersecurity-identity-software,24,Customer Identity & Access Management,customer-identity-access-management,6,Identity & Access,CIAM,identity-access-ciam
Software & SaaS,software-saas,32,Cybersecurity & Identity Software,cybersecurity-identity-software,24,Customer Identity & Access Management,customer-identity-access-management,7,Identity & Access,Passwordless Auth,identity-access-passwordless-auth
Software & SaaS,software-saas,32,Cybersecurity & Identity Software,cybersecurity-identity-software,24,Customer Identity & Access Management,customer-identity-access-management,8,Identity & Access,Biometric Auth,identity-access-biometric-auth
Software & SaaS,software-saas,32,Cybersecurity & Identity Software,cybersecurity-identity-software,24,Customer Identity & Access Management,customer-identity-access-management,9,Identity & Access,Certificate Management,identity-access-certificate-management
Software & SaaS,software-saas,32,Cybersecurity & Identity Software,cybersecurity-identity-software,25,B2B Identity Management Software,b2b-identity-management-software,,,,
Software & SaaS,software-saas,32,Cybersecurity & Identity Software,cybersecurity-identity-software,26,Password Manager Software for Business,password-manager-software-for-business,,,,
Software & SaaS,software-saas,32,Cybersecurity & Identity Software,cybersecurity-identity-software,27,Secrets Management Software,secrets-management-software,,,,
Software & SaaS,software-saas,32,Cybersecurity & Identity Software,cybersecurity-identity-software,28,Key Management Software,key-management-software,,,,
Software & SaaS,software-saas,32,Cybersecurity & Identity Software,cybersecurity-identity-software,29,Hardware Security Module Software,hardware-security-module-software,,,,
Software & SaaS,software-saas,32,Cybersecurity & Identity Software,cybersecurity-identity-software,30,Encryption Key Management Software,encryption-key-management-software,,,,
Software & SaaS,software-saas,32,Cybersecurity & Identity Software,cybersecurity-identity-software,31,Database Encryption Software,database-encryption-software,,,,
Software & SaaS,software-saas,32,Cybersecurity & Identity Software,cybersecurity-identity-software,32,File Encryption Software,file-encryption-software,,,,
Software & SaaS,software-saas,32,Cybersecurity & Identity Software,cybersecurity-identity-software,33,Data Loss Prevention Software,data-loss-prevention-software,,,,
Software & SaaS,software-saas,32,Cybersecurity & Identity Software,cybersecurity-identity-software,34,Insider Threat Detection Software,insider-threat-detection-software,,,,
Software & SaaS,software-saas,32,Cybersecurity & Identity Software,cybersecurity-identity-software,35,User Behavior Analytics Software,user-behavior-analytics-software,,,,
Software & SaaS,software-saas,32,Cybersecurity & Identity Software,cybersecurity-identity-software,36,Security Information & Event Management,security-information-event-management,1,Endpoint Security,Device Management,endpoint-security-device-management
Software & SaaS,software-saas,32,Cybersecurity & Identity Software,cybersecurity-identity-software,36,Security Information & Event Management,security-information-event-management,2,Endpoint Security,Patch Management,endpoint-security-patch-management
Software & SaaS,software-saas,32,Cybersecurity & Identity Software,cybersecurity-identity-software,36,Security Information & Event Management,security-information-event-management,3,Security Operations,Vulnerability Management,security-operations-vulnerability-management
Software & SaaS,software-saas,32,Cybersecurity & Identity Software,cybersecurity-identity-software,36,Security Information & Event Management,security-information-event-management,4,Security Operations,Compliance Management,security-operations-compliance-management
Software & SaaS,software-saas,32,Cybersecurity & Identity Software,cybersecurity-identity-software,36,Security Information & Event Management,security-information-event-management,5,Security Operations,Risk Management,security-operations-risk-management
Software & SaaS,software-saas,32,Cybersecurity & Identity Software,cybersecurity-identity-software,37,Extended Detection & Response,extended-detection-response,,,,
Software & SaaS,software-saas,32,Cybersecurity & Identity Software,cybersecurity-identity-software,38,Security Orchestration & Automated Response,security-orchestration-automated-response,1,Security Operations,Incident Response,security-operations-incident-response
Software & SaaS,software-saas,32,Cybersecurity & Identity Software,cybersecurity-identity-software,39,Threat Intelligence Platforms,threat-intelligence-platforms,1,Security Operations,Threat Intelligence,security-operations-threat-intelligence
Software & SaaS,software-saas,32,Cybersecurity & Identity Software,cybersecurity-identity-software,40,Vulnerability Management Software,vulnerability-management-software,,,,
Software & SaaS,software-saas,32,Cybersecurity & Identity Software,cybersecurity-identity-software,41,Vulnerability Scanning Software,vulnerability-scanning-software,,,,
Software & SaaS,software-saas,32,Cybersecurity & Identity Software,cybersecurity-identity-software,42,Penetration Testing as a Service,penetration-testing-as-a-service,,,,
Software & SaaS,software-saas,32,Cybersecurity & Identity Software,cybersecurity-identity-software,43,Bug Bounty Platforms,bug-bounty-platforms,1,Security Operations,Bug Bounty,security-operations-bug-bounty
Software & SaaS,software-saas,32,Cybersecurity & Identity Software,cybersecurity-identity-software,44,Attack Surface Management Software,attack-surface-management-software,,,,
Software & SaaS,software-saas,32,Cybersecurity & Identity Software,cybersecurity-identity-software,45,External Attack Surface Management,external-attack-surface-management,,,,
Software & SaaS,software-saas,32,Cybersecurity & Identity Software,cybersecurity-identity-software,46,Cloud Security Posture Management,cloud-security-posture-management,,,,
Software & SaaS,software-saas,32,Cybersecurity & Identity Software,cybersecurity-identity-software,47,Cloud Workload Protection Software,cloud-workload-protection-software,,,,
Software & SaaS,software-saas,32,Cybersecurity & Identity Software,cybersecurity-identity-software,48,Container Security Software,container-security-software,,,,
Software & SaaS,software-saas,32,Cybersecurity & Identity Software,cybersecurity-identity-software,49,Kubernetes Security Software,kubernetes-security-software,,,,
Software & SaaS,software-saas,32,Cybersecurity & Identity Software,cybersecurity-identity-software,50,Application Security Testing Software,application-security-testing-software,1,Security Operations,Penetration Testing,security-operations-penetration-testing
Software & SaaS,software-saas,32,Cybersecurity & Identity Software,cybersecurity-identity-software,51,Static Application Security Testing,static-application-security-testing,,,,
Software & SaaS,software-saas,32,Cybersecurity & Identity Software,cybersecurity-identity-software,52,Dynamic Application Security Testing,dynamic-application-security-testing,,,,
Software & SaaS,software-saas,32,Cybersecurity & Identity Software,cybersecurity-identity-software,53,Interactive Application Security Testing,interactive-application-security-testing,,,,
Software & SaaS,software-saas,32,Cybersecurity & Identity Software,cybersecurity-identity-software,54,Software Composition Analysis Software,software-composition-analysis-software,,,,
Software & SaaS,software-saas,32,Cybersecurity & Identity Software,cybersecurity-identity-software,55,Runtime Application Self-Protection,runtime-application-self-protection,,,,
Software & SaaS,software-saas,32,Cybersecurity & Identity Software,cybersecurity-identity-software,56,API Security Software,api-security-software,,,,
Software & SaaS,software-saas,32,Cybersecurity & Identity Software,cybersecurity-identity-software,57,Bot Management Software,bot-management-software,,,,
Software & SaaS,software-saas,32,Cybersecurity & Identity Software,cybersecurity-identity-software,58,Web Application Firewall Software,web-application-firewall-software,,,,
Software & SaaS,software-saas,32,Cybersecurity & Identity Software,cybersecurity-identity-software,59,DDoS Mitigation Software,ddos-mitigation-software,,,,
Software & SaaS,software-saas,32,Cybersecurity & Identity Software,cybersecurity-identity-software,60,Network Detection & Response Software,network-detection-response-software,1,Network Security,Network Detection,network-security-network-detection
Software & SaaS,software-saas,32,Cybersecurity & Identity Software,cybersecurity-identity-software,61,Firewall Management Software,firewall-management-software,,,,
Software & SaaS,software-saas,32,Cybersecurity & Identity Software,cybersecurity-identity-software,62,Intrusion Detection Software,intrusion-detection-software,,,,
Software & SaaS,software-saas,32,Cybersecurity & Identity Software,cybersecurity-identity-software,63,Honeypot Software,honeypot-software,,,,
Software & SaaS,software-saas,32,Cybersecurity & Identity Software,cybersecurity-identity-software,64,Deception Technology Software,deception-technology-software,,,,
Software & SaaS,software-saas,32,Cybersecurity & Identity Software,cybersecurity-identity-software,65,Digital Risk Protection Software,digital-risk-protection-software,,,,
Software & SaaS,software-saas,32,Cybersecurity & Identity Software,cybersecurity-identity-software,66,Dark Web Monitoring Software,dark-web-monitoring-software,,,,
Software & SaaS,software-saas,32,Cybersecurity & Identity Software,cybersecurity-identity-software,67,Compliance Automation Software,compliance-automation-software,1,Industry Regulation,Banking Regulation,industry-regulation-banking-regulation
Software & SaaS,software-saas,32,Cybersecurity & Identity Software,cybersecurity-identity-software,67,Compliance Automation Software,compliance-automation-software,2,Industry Regulation,Insurance Regulation,industry-regulation-insurance-regulation
Software & SaaS,software-saas,32,Cybersecurity & Identity Software,cybersecurity-identity-software,67,Compliance Automation Software,compliance-automation-software,3,Industry Regulation,Healthcare Regulation,industry-regulation-healthcare-regulation
Software & SaaS,software-saas,32,Cybersecurity & Identity Software,cybersecurity-identity-software,67,Compliance Automation Software,compliance-automation-software,4,Industry Regulation,Pharmaceutical Regulation,industry-regulation-pharmaceutical-regulation
Software & SaaS,software-saas,32,Cybersecurity & Identity Software,cybersecurity-identity-software,67,Compliance Automation Software,compliance-automation-software,5,Industry Regulation,Food Safety Regulation,industry-regulation-food-safety-regulation
Software & SaaS,software-saas,32,Cybersecurity & Identity Software,cybersecurity-identity-software,67,Compliance Automation Software,compliance-automation-software,6,Industry Regulation,Environmental Regulation,industry-regulation-environmental-regulation
Software & SaaS,software-saas,32,Cybersecurity & Identity Software,cybersecurity-identity-software,67,Compliance Automation Software,compliance-automation-software,7,Industry Regulation,Energy Regulation,industry-regulation-energy-regulation
Software & SaaS,software-saas,32,Cybersecurity & Identity Software,cybersecurity-identity-software,67,Compliance Automation Software,compliance-automation-software,8,Industry Regulation,Telecom Regulation,industry-regulation-telecom-regulation
Software & SaaS,software-saas,32,Cybersecurity & Identity Software,cybersecurity-identity-software,67,Compliance Automation Software,compliance-automation-software,9,Industry Regulation,Aviation Regulation,industry-regulation-aviation-regulation
Software & SaaS,software-saas,32,Cybersecurity & Identity Software,cybersecurity-identity-software,67,Compliance Automation Software,compliance-automation-software,10,Industry Regulation,Maritime Regulation,industry-regulation-maritime-regulation
Software & SaaS,software-saas,32,Cybersecurity & Identity Software,cybersecurity-identity-software,68,SOC 2 Compliance Software,soc-2-compliance-software,1,GRC Platforms,SOC 2 Compliance,grc-platforms-soc-2-compliance
Software & SaaS,software-saas,32,Cybersecurity & Identity Software,cybersecurity-identity-software,69,ISO 27001 Compliance Software,iso-27001-compliance-software,1,GRC Platforms,ISO 27001,grc-platforms-iso-27001
Software & SaaS,software-saas,32,Cybersecurity & Identity Software,cybersecurity-identity-software,70,PCI DSS Compliance Software,pci-dss-compliance-software,1,GRC Platforms,PCI DSS,grc-platforms-pci-dss
Software & SaaS,software-saas,32,Cybersecurity & Identity Software,cybersecurity-identity-software,71,HIPAA Security Software,hipaa-security-software,,,,
Software & SaaS,software-saas,32,Cybersecurity & Identity Software,cybersecurity-identity-software,72,GDPR Compliance Software,gdpr-compliance-software,1,GRC Platforms,GDPR Compliance,grc-platforms-gdpr-compliance
Software & SaaS,software-saas,32,Cybersecurity & Identity Software,cybersecurity-identity-software,73,CCPA Compliance Software,ccpa-compliance-software,1,GRC Platforms,CCPA Compliance,grc-platforms-ccpa-compliance
Software & SaaS,software-saas,32,Cybersecurity & Identity Software,cybersecurity-identity-software,74,Privacy Management Software,privacy-management-software,1,Privacy,Privacy Management,privacy-privacy-management
Software & SaaS,software-saas,32,Cybersecurity & Identity Software,cybersecurity-identity-software,74,Privacy Management Software,privacy-management-software,2,Privacy,Consent Management,privacy-consent-management
Software & SaaS,software-saas,32,Cybersecurity & Identity Software,cybersecurity-identity-software,74,Privacy Management Software,privacy-management-software,3,Privacy,DSAR Management,privacy-dsar-management
Software & SaaS,software-saas,32,Cybersecurity & Identity Software,cybersecurity-identity-software,74,Privacy Management Software,privacy-management-software,4,Privacy,Privacy Impact Assessment,privacy-privacy-impact-assessment
Software & SaaS,software-saas,32,Cybersecurity & Identity Software,cybersecurity-identity-software,74,Privacy Management Software,privacy-management-software,5,Privacy,Employee Privacy,privacy-employee-privacy
Software & SaaS,software-saas,32,Cybersecurity & Identity Software,cybersecurity-identity-software,75,Cookie Consent Software,cookie-consent-software,1,Privacy,Cookie Consent,privacy-cookie-consent
Software & SaaS,software-saas,32,Cybersecurity & Identity Software,cybersecurity-identity-software,76,Consent Management Platforms,consent-management-platforms,,,,
Software & SaaS,software-saas,32,Cybersecurity & Identity Software,cybersecurity-identity-software,77,Data Subject Request Software,data-subject-request-software,,,,
Software & SaaS,software-saas,32,Cybersecurity & Identity Software,cybersecurity-identity-software,78,Data Mapping for Privacy Software,data-mapping-for-privacy-software,1,Privacy,Data Mapping,privacy-data-mapping
Software & SaaS,software-saas,33,"Data, Analytics & BI Software",data-analytics-bi-software,1,Self-Service BI Software,self-service-bi-software,1,Business Intelligence,Self-Service Analytics,business-intelligence-self-service-analytics
Software & SaaS,software-saas,33,"Data, Analytics & BI Software",data-analytics-bi-software,1,Self-Service BI Software,self-service-bi-software,2,Business Intelligence,BI Platforms,business-intelligence-bi-platforms-2
Software & SaaS,software-saas,33,"Data, Analytics & BI Software",data-analytics-bi-software,1,Self-Service BI Software,self-service-bi-software,3,Business Intelligence,Self-Service BI,business-intelligence-self-service-bi
Software & SaaS,software-saas,33,"Data, Analytics & BI Software",data-analytics-bi-software,1,Self-Service BI Software,self-service-bi-software,4,Business Intelligence,Collaborative BI,business-intelligence-collaborative-bi-2
Software & SaaS,software-saas,33,"Data, Analytics & BI Software",data-analytics-bi-software,2,Embedded Analytics Software,embedded-analytics-software,1,Business Intelligence,Embedded Analytics,business-intelligence-embedded-analytics
Software & SaaS,software-saas,33,"Data, Analytics & BI Software",data-analytics-bi-software,2,Embedded Analytics Software,embedded-analytics-software,2,Web Analytics,Embedded Analytics,web-analytics-embedded-analytics
Software & SaaS,software-saas,33,"Data, Analytics & BI Software",data-analytics-bi-software,2,Embedded Analytics Software,embedded-analytics-software,3,Business Intelligence,Embedded BI,business-intelligence-embedded-bi
Software & SaaS,software-saas,33,"Data, Analytics & BI Software",data-analytics-bi-software,3,Augmented Analytics Software,augmented-analytics-software,1,Business Intelligence,Augmented Analytics,business-intelligence-augmented-analytics
Software & SaaS,software-saas,33,"Data, Analytics & BI Software",data-analytics-bi-software,3,Augmented Analytics Software,augmented-analytics-software,2,Business Intelligence,Augmented Analytics,business-intelligence-augmented-analytics-2
Software & SaaS,software-saas,33,"Data, Analytics & BI Software",data-analytics-bi-software,4,Operational BI Software,operational-bi-software,,,,
Software & SaaS,software-saas,33,"Data, Analytics & BI Software",data-analytics-bi-software,5,Mobile BI Software,mobile-bi-software,1,Business Intelligence,Mobile BI,business-intelligence-mobile-bi
Software & SaaS,software-saas,33,"Data, Analytics & BI Software",data-analytics-bi-software,5,Mobile BI Software,mobile-bi-software,2,Business Intelligence,Mobile BI,business-intelligence-mobile-bi-2
Software & SaaS,software-saas,33,"Data, Analytics & BI Software",data-analytics-bi-software,6,Data Visualization Tools,data-visualization-tools,1,Business Intelligence,Data Visualization,business-intelligence-data-visualization
Software & SaaS,software-saas,33,"Data, Analytics & BI Software",data-analytics-bi-software,7,Dashboard Software,dashboard-software,,,,
Software & SaaS,software-saas,33,"Data, Analytics & BI Software",data-analytics-bi-software,8,KPI Tracking Software,kpi-tracking-software,,,,
Software & SaaS,software-saas,33,"Data, Analytics & BI Software",data-analytics-bi-software,9,Metrics Layer Software,metrics-layer-software,,,,
Software & SaaS,software-saas,33,"Data, Analytics & BI Software",data-analytics-bi-software,10,Data Catalog Software,data-catalog-software,1,Business Intelligence,Data Catalog,business-intelligence-data-catalog
Software & SaaS,software-saas,33,"Data, Analytics & BI Software",data-analytics-bi-software,11,Data Discovery Software,data-discovery-software,,,,
Software & SaaS,software-saas,33,"Data, Analytics & BI Software",data-analytics-bi-software,12,Data Lineage Software,data-lineage-software,,,,
Software & SaaS,software-saas,33,"Data, Analytics & BI Software",data-analytics-bi-software,13,Data Observability Software,data-observability-software,,,,
Software & SaaS,software-saas,33,"Data, Analytics & BI Software",data-analytics-bi-software,14,Data Quality Software,data-quality-software,,,,
Software & SaaS,software-saas,33,"Data, Analytics & BI Software",data-analytics-bi-software,15,Master Data Management Software,master-data-management-software,1,Data Integration,Master Data Management,data-integration-master-data-management
Software & SaaS,software-saas,33,"Data, Analytics & BI Software",data-analytics-bi-software,15,Master Data Management Software,master-data-management-software,2,Business Intelligence,BI Platforms,business-intelligence-bi-platforms
Software & SaaS,software-saas,33,"Data, Analytics & BI Software",data-analytics-bi-software,15,Master Data Management Software,master-data-management-software,3,Business Intelligence,Collaborative BI,business-intelligence-collaborative-bi
Software & SaaS,software-saas,33,"Data, Analytics & BI Software",data-analytics-bi-software,16,Reference Data Management Software,reference-data-management-software,,,,
Software & SaaS,software-saas,33,"Data, Analytics & BI Software",data-analytics-bi-software,17,Data Governance Software,data-governance-software,,,,
Software & SaaS,software-saas,33,"Data, Analytics & BI Software",data-analytics-bi-software,18,Data Stewardship Software,data-stewardship-software,,,,
Software & SaaS,software-saas,33,"Data, Analytics & BI Software",data-analytics-bi-software,19,Data Modeling Software,data-modeling-software,,,,
Software & SaaS,software-saas,33,"Data, Analytics & BI Software",data-analytics-bi-software,20,Data Warehouse Software,data-warehouse-software,,,,
Software & SaaS,software-saas,33,"Data, Analytics & BI Software",data-analytics-bi-software,21,Data Lake Software,data-lake-software,,,,
Software & SaaS,software-saas,33,"Data, Analytics & BI Software",data-analytics-bi-software,22,Lakehouse Platforms,lakehouse-platforms,,,,
Software & SaaS,software-saas,33,"Data, Analytics & BI Software",data-analytics-bi-software,23,Streaming Data Platforms,streaming-data-platforms,,,,
Software & SaaS,software-saas,33,"Data, Analytics & BI Software",data-analytics-bi-software,24,Real-Time Analytics Software,real-time-analytics-software,1,Web Analytics,Real-Time Analytics,web-analytics-real-time-analytics
Software & SaaS,software-saas,33,"Data, Analytics & BI Software",data-analytics-bi-software,25,Customer Analytics Software,customer-analytics-software,1,Commerce Analytics,Customer Analytics,commerce-analytics-customer-analytics
Software & SaaS,software-saas,33,"Data, Analytics & BI Software",data-analytics-bi-software,26,Product Analytics Software,product-analytics-software,1,Commerce Analytics,Product Analytics,commerce-analytics-product-analytics
Software & SaaS,software-saas,33,"Data, Analytics & BI Software",data-analytics-bi-software,26,Product Analytics Software,product-analytics-software,2,Web Analytics,Product Analytics,web-analytics-product-analytics
Software & SaaS,software-saas,33,"Data, Analytics & BI Software",data-analytics-bi-software,27,Behavioral Analytics Software,behavioral-analytics-software,,,,
Software & SaaS,software-saas,33,"Data, Analytics & BI Software",data-analytics-bi-software,28,Funnel Analysis Software,funnel-analysis-software,,,,
Software & SaaS,software-saas,33,"Data, Analytics & BI Software",data-analytics-bi-software,29,Cohort Analysis Software,cohort-analysis-software,1,Commerce Analytics,Cohort Analysis,commerce-analytics-cohort-analysis
Software & SaaS,software-saas,33,"Data, Analytics & BI Software",data-analytics-bi-software,30,Retention Analytics Software,retention-analytics-software,,,,
Software & SaaS,software-saas,33,"Data, Analytics & BI Software",data-analytics-bi-software,31,Mobile App Analytics Software,mobile-app-analytics-software,1,Web Analytics,Mobile Analytics,web-analytics-mobile-analytics
Software & SaaS,software-saas,33,"Data, Analytics & BI Software",data-analytics-bi-software,32,Game Analytics Software,game-analytics-software,,,,
Software & SaaS,software-saas,33,"Data, Analytics & BI Software",data-analytics-bi-software,33,Video Analytics Software,video-analytics-software,,,,
Software & SaaS,software-saas,33,"Data, Analytics & BI Software",data-analytics-bi-software,34,Marketing Analytics Software,marketing-analytics-software,1,Web Analytics,Website Analytics,web-analytics-website-analytics
Software & SaaS,software-saas,33,"Data, Analytics & BI Software",data-analytics-bi-software,34,Marketing Analytics Software,marketing-analytics-software,2,Web Analytics,User Behavior Analytics,web-analytics-user-behavior-analytics
Software & SaaS,software-saas,33,"Data, Analytics & BI Software",data-analytics-bi-software,34,Marketing Analytics Software,marketing-analytics-software,3,Web Analytics,Privacy-First Analytics,web-analytics-privacy-first-analytics
Software & SaaS,software-saas,33,"Data, Analytics & BI Software",data-analytics-bi-software,34,Marketing Analytics Software,marketing-analytics-software,4,Web Analytics,Cookieless Analytics,web-analytics-cookieless-analytics
Software & SaaS,software-saas,33,"Data, Analytics & BI Software",data-analytics-bi-software,34,Marketing Analytics Software,marketing-analytics-software,5,Web Analytics,Serverless Analytics,web-analytics-serverless-analytics
Software & SaaS,software-saas,33,"Data, Analytics & BI Software",data-analytics-bi-software,34,Marketing Analytics Software,marketing-analytics-software,6,Web Analytics,Custom Dashboard,web-analytics-custom-dashboard
Software & SaaS,software-saas,33,"Data, Analytics & BI Software",data-analytics-bi-software,34,Marketing Analytics Software,marketing-analytics-software,7,Physical Marketing,Mail Analytics,physical-marketing-mail-analytics
Software & SaaS,software-saas,33,"Data, Analytics & BI Software",data-analytics-bi-software,35,Multi-Touch Attribution Software,multi-touch-attribution-software,1,Conversion & Attribution,Multi-Touch Attribution,conversion-attribution-multi-touch-attribution
Software & SaaS,software-saas,33,"Data, Analytics & BI Software",data-analytics-bi-software,36,SaaS Metrics Software,saas-metrics-software,,,,
Software & SaaS,software-saas,33,"Data, Analytics & BI Software",data-analytics-bi-software,37,Subscription Analytics Software,subscription-analytics-software,,,,
Software & SaaS,software-saas,33,"Data, Analytics & BI Software",data-analytics-bi-software,38,Revenue Intelligence Software,revenue-intelligence-software,1,Business Intelligence,Dashboard Tools,business-intelligence-dashboard-tools
Software & SaaS,software-saas,33,"Data, Analytics & BI Software",data-analytics-bi-software,38,Revenue Intelligence Software,revenue-intelligence-software,2,Business Intelligence,Reporting Tools,business-intelligence-reporting-tools
Software & SaaS,software-saas,33,"Data, Analytics & BI Software",data-analytics-bi-software,39,Pipeline Intelligence Software,pipeline-intelligence-software,,,,
Software & SaaS,software-saas,33,"Data, Analytics & BI Software",data-analytics-bi-software,40,Forecasting Analytics Software,forecasting-analytics-software,,,,
Software & SaaS,software-saas,33,"Data, Analytics & BI Software",data-analytics-bi-software,41,Statistical Analysis Software,statistical-analysis-software,,,,
Software & SaaS,software-saas,33,"Data, Analytics & BI Software",data-analytics-bi-software,42,Survey Statistics Software,survey-statistics-software,,,,
Software & SaaS,software-saas,33,"Data, Analytics & BI Software",data-analytics-bi-software,43,Qualitative Data Analysis Software,qualitative-data-analysis-software,,,,
Software & SaaS,software-saas,33,"Data, Analytics & BI Software",data-analytics-bi-software,44,Geospatial Analytics Software,geospatial-analytics-software,,,,
Software & SaaS,software-saas,33,"Data, Analytics & BI Software",data-analytics-bi-software,45,Location Intelligence Software,location-intelligence-software,,,,
Software & SaaS,software-saas,33,"Data, Analytics & BI Software",data-analytics-bi-software,46,Satellite Imagery Analytics Software,satellite-imagery-analytics-software,,,,
Software & SaaS,software-saas,33,"Data, Analytics & BI Software",data-analytics-bi-software,47,Drone Data Analytics Software,drone-data-analytics-software,,,,
Software & SaaS,software-saas,34,Productivity & Personal Software,productivity-personal-software,1,Personal Note-Taking Apps,personal-note-taking-apps,,,,
Software & SaaS,software-saas,34,Productivity & Personal Software,productivity-personal-software,2,Outlining Software,outlining-software,,,,
Software & SaaS,software-saas,34,Productivity & Personal Software,productivity-personal-software,3,Mind Mapping Software,mind-mapping-software,,,,
Software & SaaS,software-saas,34,Productivity & Personal Software,productivity-personal-software,4,Concept Mapping Software,concept-mapping-software,,,,
Software & SaaS,software-saas,34,Productivity & Personal Software,productivity-personal-software,5,Diagramming Software,diagramming-software,,,,
Software & SaaS,software-saas,34,Productivity & Personal Software,productivity-personal-software,6,Flowchart Software,flowchart-software,,,,
Software & SaaS,software-saas,34,Productivity & Personal Software,productivity-personal-software,7,Org Chart Drawing Software,org-chart-drawing-software,,,,
Software & SaaS,software-saas,34,Productivity & Personal Software,productivity-personal-software,8,Floor Plan Design Software,floor-plan-design-software,,,,
Software & SaaS,software-saas,34,Productivity & Personal Software,productivity-personal-software,9,Calendar Apps,calendar-apps,,,,
Software & SaaS,software-saas,34,Productivity & Personal Software,productivity-personal-software,10,Personal Scheduling Apps,personal-scheduling-apps,,,,
Software & SaaS,software-saas,34,Productivity & Personal Software,productivity-personal-software,11,Task Apps for Individuals,task-apps-for-individuals,,,,
Software & SaaS,software-saas,34,Productivity & Personal Software,productivity-personal-software,12,Personal Habit Tracker Apps,personal-habit-tracker-apps,,,,
Software & SaaS,software-saas,34,Productivity & Personal Software,productivity-personal-software,13,Goal Tracker Apps,goal-tracker-apps,,,,
Software & SaaS,software-saas,34,Productivity & Personal Software,productivity-personal-software,14,Personal Journal Apps,personal-journal-apps,,,,
Software & SaaS,software-saas,34,Productivity & Personal Software,productivity-personal-software,15,Daily Planner Apps,daily-planner-apps,,,,
Software & SaaS,software-saas,34,Productivity & Personal Software,productivity-personal-software,16,Pomodoro Timer Apps,pomodoro-timer-apps,,,,
Software & SaaS,software-saas,34,Productivity & Personal Software,productivity-personal-software,17,Focus Music Apps,focus-music-apps,,,,
Software & SaaS,software-saas,34,Productivity & Personal Software,productivity-personal-software,18,Distraction Blocker Apps,distraction-blocker-apps,,,,
Software & SaaS,software-saas,34,Productivity & Personal Software,productivity-personal-software,19,Website Blocker Apps,website-blocker-apps,,,,
Software & SaaS,software-saas,34,Productivity & Personal Software,productivity-personal-software,20,Read-It-Later Apps,read-it-later-apps,,,,
Software & SaaS,software-saas,34,Productivity & Personal Software,productivity-personal-software,21,Bookmark Manager Apps,bookmark-manager-apps,,,,
Software & SaaS,software-saas,34,Productivity & Personal Software,productivity-personal-software,22,Personal CRM Apps,personal-crm-apps,,,,
Software & SaaS,software-saas,34,Productivity & Personal Software,productivity-personal-software,23,Personal Knowledge Management Apps,personal-knowledge-management-apps,,,,
Software & SaaS,software-saas,34,Productivity & Personal Software,productivity-personal-software,24,Reference Management Apps,reference-management-apps,,,,
Software & SaaS,software-saas,34,Productivity & Personal Software,productivity-personal-software,25,Citation Manager Apps,citation-manager-apps,,,,
Software & SaaS,software-saas,34,Productivity & Personal Software,productivity-personal-software,26,E-Reader Apps,e-reader-apps,,,,
Software & SaaS,software-saas,34,Productivity & Personal Software,productivity-personal-software,27,Audiobook Apps for Productivity,audiobook-apps-for-productivity,,,,
Software & SaaS,software-saas,34,Productivity & Personal Software,productivity-personal-software,28,Personal Password Managers,personal-password-managers,,,,
Software & SaaS,software-saas,34,Productivity & Personal Software,productivity-personal-software,29,Personal Backup Apps,personal-backup-apps,,,,
Software & SaaS,software-saas,34,Productivity & Personal Software,productivity-personal-software,30,Personal Cloud Storage Apps,personal-cloud-storage-apps,,,,
Software & SaaS,software-saas,34,Productivity & Personal Software,productivity-personal-software,31,Family Organizer Apps,family-organizer-apps,,,,
Software & SaaS,software-saas,34,Productivity & Personal Software,productivity-personal-software,32,Shared Grocery List Apps,shared-grocery-list-apps,,,,
Software & SaaS,software-saas,34,Productivity & Personal Software,productivity-personal-software,33,Household Chore Apps,household-chore-apps,,,,
Software & SaaS,software-saas,34,Productivity & Personal Software,productivity-personal-software,34,Wedding Planning Apps,wedding-planning-apps,,,,
Software & SaaS,software-saas,34,Productivity & Personal Software,productivity-personal-software,35,Baby Tracker Apps,baby-tracker-apps,,,,
Software & SaaS,software-saas,34,Productivity & Personal Software,productivity-personal-software,36,Pregnancy Tracker Apps,pregnancy-tracker-apps,,,,
Software & SaaS,software-saas,34,Productivity & Personal Software,productivity-personal-software,37,Period Tracker Apps,period-tracker-apps,,,,
Software & SaaS,software-saas,34,Productivity & Personal Software,productivity-personal-software,38,Sleep Tracking Apps,sleep-tracking-apps,,,,
Software & SaaS,software-saas,34,Productivity & Personal Software,productivity-personal-software,39,Meditation Apps for Individuals,meditation-apps-for-individuals,,,,
Software & SaaS,software-saas,34,Productivity & Personal Software,productivity-personal-software,40,Mood Tracker Apps,mood-tracker-apps,,,,
Software & SaaS,software-saas,34,Productivity & Personal Software,productivity-personal-software,41,Gratitude Journal Apps,gratitude-journal-apps,,,,
Software & SaaS,software-saas,35,"Survey, Feedback & Research Software",survey-feedback-research-software,1,Survey Software,survey-software,,,,
Software & SaaS,software-saas,35,"Survey, Feedback & Research Software",survey-feedback-research-software,2,Online Form Builders,online-form-builders,,,,
Software & SaaS,software-saas,35,"Survey, Feedback & Research Software",survey-feedback-research-software,3,Online Quiz Builders,online-quiz-builders,,,,
Software & SaaS,software-saas,35,"Survey, Feedback & Research Software",survey-feedback-research-software,4,Online Poll Builders,online-poll-builders,,,,
Software & SaaS,software-saas,35,"Survey, Feedback & Research Software",survey-feedback-research-software,5,Customer Feedback Collection Software,customer-feedback-collection-software,,,,
Software & SaaS,software-saas,35,"Survey, Feedback & Research Software",survey-feedback-research-software,6,Employee Feedback Software,employee-feedback-software,,,,
Software & SaaS,software-saas,35,"Survey, Feedback & Research Software",survey-feedback-research-software,7,360 Feedback Software for Teams,360-feedback-software-for-teams,,,,
Software & SaaS,software-saas,35,"Survey, Feedback & Research Software",survey-feedback-research-software,8,Market Research Survey Software,market-research-survey-software,,,,
Software & SaaS,software-saas,35,"Survey, Feedback & Research Software",survey-feedback-research-software,9,Panel Management Software,panel-management-software,,,,
Software & SaaS,software-saas,35,"Survey, Feedback & Research Software",survey-feedback-research-software,10,Conjoint Analysis Software,conjoint-analysis-software,,,,
Software & SaaS,software-saas,35,"Survey, Feedback & Research Software",survey-feedback-research-software,11,MaxDiff Survey Software,maxdiff-survey-software,,,,
Software & SaaS,software-saas,35,"Survey, Feedback & Research Software",survey-feedback-research-software,12,Concept Testing Software,concept-testing-software,,,,
Software & SaaS,software-saas,35,"Survey, Feedback & Research Software",survey-feedback-research-software,13,Brand Tracking Software,brand-tracking-software,,,,
Software & SaaS,software-saas,35,"Survey, Feedback & Research Software",survey-feedback-research-software,14,Ad Testing Software,ad-testing-software,,,,
Software & SaaS,software-saas,35,"Survey, Feedback & Research Software",survey-feedback-research-software,15,Pricing Research Software,pricing-research-software,,,,
Software & SaaS,software-saas,35,"Survey, Feedback & Research Software",survey-feedback-research-software,16,Customer Interview Scheduling Software,customer-interview-scheduling-software,,,,
Software & SaaS,software-saas,35,"Survey, Feedback & Research Software",survey-feedback-research-software,17,Usability Testing Software,usability-testing-software,,,,
Software & SaaS,software-saas,35,"Survey, Feedback & Research Software",survey-feedback-research-software,18,Tree Testing Software,tree-testing-software,,,,
Software & SaaS,software-saas,35,"Survey, Feedback & Research Software",survey-feedback-research-software,19,Card Sorting Software,card-sorting-software,,,,
Software & SaaS,software-saas,35,"Survey, Feedback & Research Software",survey-feedback-research-software,20,Diary Study Software,diary-study-software,,,,
Software & SaaS,software-saas,35,"Survey, Feedback & Research Software",survey-feedback-research-software,21,Click Test Software,click-test-software,,,,
Software & SaaS,software-saas,35,"Survey, Feedback & Research Software",survey-feedback-research-software,22,User Research Repository Software,user-research-repository-software,,,,
Software & SaaS,software-saas,35,"Survey, Feedback & Research Software",survey-feedback-research-software,23,Insight Management Software,insight-management-software,,,,
Software & SaaS,software-saas,35,"Survey, Feedback & Research Software",survey-feedback-research-software,24,Voice of Employee Software,voice-of-employee-software,,,,
Software & SaaS,software-saas,36,"Event, Webinar & Community Software",event-webinar-community-software,1,Event Management Software,event-management-software,1,Event Tools,Event Gamification,event-tools-event-gamification
Software & SaaS,software-saas,36,"Event, Webinar & Community Software",event-webinar-community-software,1,Event Management Software,event-management-software,2,Event Tools,Event Sponsorship,event-tools-event-sponsorship
Software & SaaS,software-saas,36,"Event, Webinar & Community Software",event-webinar-community-software,1,Event Management Software,event-management-software,3,Event Tools,Event Badge,event-tools-event-badge
Software & SaaS,software-saas,36,"Event, Webinar & Community Software",event-webinar-community-software,1,Event Management Software,event-management-software,4,Event Tools,Event Survey,event-tools-event-survey
Software & SaaS,software-saas,36,"Event, Webinar & Community Software",event-webinar-community-software,1,Event Management Software,event-management-software,5,Event Tools,Event Analytics SaaS,event-tools-event-analytics-saas
Software & SaaS,software-saas,36,"Event, Webinar & Community Software",event-webinar-community-software,1,Event Management Software,event-management-software,6,Event Tools,Event Follow-Up,event-tools-event-follow-up
Software & SaaS,software-saas,36,"Event, Webinar & Community Software",event-webinar-community-software,1,Event Management Software,event-management-software,7,Event Tools,Event ROI,event-tools-event-roi
Software & SaaS,software-saas,36,"Event, Webinar & Community Software",event-webinar-community-software,2,Conference Management Software,conference-management-software,,,,
Software & SaaS,software-saas,36,"Event, Webinar & Community Software",event-webinar-community-software,3,Trade Show Management Software,trade-show-management-software,,,,
Software & SaaS,software-saas,36,"Event, Webinar & Community Software",event-webinar-community-software,4,Exhibition Management Software,exhibition-management-software,,,,
Software & SaaS,software-saas,36,"Event, Webinar & Community Software",event-webinar-community-software,5,Festival Management Software,festival-management-software,,,,
Software & SaaS,software-saas,36,"Event, Webinar & Community Software",event-webinar-community-software,6,Sports Event Management Software,sports-event-management-software,,,,
Software & SaaS,software-saas,36,"Event, Webinar & Community Software",event-webinar-community-software,7,Race Registration Software,race-registration-software,,,,
Software & SaaS,software-saas,36,"Event, Webinar & Community Software",event-webinar-community-software,8,Tournament Management Software,tournament-management-software,,,,
Software & SaaS,software-saas,36,"Event, Webinar & Community Software",event-webinar-community-software,9,League Management Software,league-management-software,,,,
Software & SaaS,software-saas,36,"Event, Webinar & Community Software",event-webinar-community-software,10,Event Registration Software,event-registration-software,1,Event Tools,Event Registration,event-tools-event-registration
Software & SaaS,software-saas,36,"Event, Webinar & Community Software",event-webinar-community-software,11,Event Ticketing Software,event-ticketing-software,,,,
Software & SaaS,software-saas,36,"Event, Webinar & Community Software",event-webinar-community-software,12,Box Office Software,box-office-software,,,,
Software & SaaS,software-saas,36,"Event, Webinar & Community Software",event-webinar-community-software,13,Event Mobile App Builders,event-mobile-app-builders,1,Event Tools,Event App,event-tools-event-app
Software & SaaS,software-saas,36,"Event, Webinar & Community Software",event-webinar-community-software,14,Event Engagement Software,event-engagement-software,,,,
Software & SaaS,software-saas,36,"Event, Webinar & Community Software",event-webinar-community-software,15,Event Networking Software,event-networking-software,1,Event Tools,Event Networking,event-tools-event-networking
Software & SaaS,software-saas,36,"Event, Webinar & Community Software",event-webinar-community-software,16,Event Lead Capture Software,event-lead-capture-software,,,,
Software & SaaS,software-saas,36,"Event, Webinar & Community Software",event-webinar-community-software,17,Badge Printing Software,badge-printing-software,,,,
Software & SaaS,software-saas,36,"Event, Webinar & Community Software",event-webinar-community-software,18,Event Floor Plan Software,event-floor-plan-software,,,,
Software & SaaS,software-saas,36,"Event, Webinar & Community Software",event-webinar-community-software,19,Booth Management Software,booth-management-software,,,,
Software & SaaS,software-saas,36,"Event, Webinar & Community Software",event-webinar-community-software,20,Speaker Management Software,speaker-management-software,,,,
Software & SaaS,software-saas,36,"Event, Webinar & Community Software",event-webinar-community-software,21,Session Management Software,session-management-software,,,,
Software & SaaS,software-saas,36,"Event, Webinar & Community Software",event-webinar-community-software,22,Call for Papers Software,call-for-papers-software,,,,
Software & SaaS,software-saas,36,"Event, Webinar & Community Software",event-webinar-community-software,23,Sponsorship Management Software,sponsorship-management-software,,,,
Software & SaaS,software-saas,36,"Event, Webinar & Community Software",event-webinar-community-software,24,Venue Booking Software,venue-booking-software,,,,
Software & SaaS,software-saas,36,"Event, Webinar & Community Software",event-webinar-community-software,25,Conference Room Booking Software,conference-room-booking-software,,,,
Software & SaaS,software-saas,36,"Event, Webinar & Community Software",event-webinar-community-software,26,Meeting Room Display Software,meeting-room-display-software,,,,
Software & SaaS,software-saas,36,"Event, Webinar & Community Software",event-webinar-community-software,27,Virtual Event Platforms,virtual-event-platforms,,,,
Software & SaaS,software-saas,36,"Event, Webinar & Community Software",event-webinar-community-software,28,Hybrid Event Platforms,hybrid-event-platforms,,,,
Software & SaaS,software-saas,36,"Event, Webinar & Community Software",event-webinar-community-software,29,Webinar Software,webinar-software,,,,
Software & SaaS,software-saas,36,"Event, Webinar & Community Software",event-webinar-community-software,30,Webinar Registration Software,webinar-registration-software,,,,
Software & SaaS,software-saas,36,"Event, Webinar & Community Software",event-webinar-community-software,31,Webinar Replay Software,webinar-replay-software,,,,
Software & SaaS,software-saas,36,"Event, Webinar & Community Software",event-webinar-community-software,32,Online Workshop Software,online-workshop-software,,,,
Software & SaaS,software-saas,36,"Event, Webinar & Community Software",event-webinar-community-software,33,Virtual Booth Software,virtual-booth-software,,,,
Software & SaaS,software-saas,36,"Event, Webinar & Community Software",event-webinar-community-software,34,Online Community Software,online-community-software,,,,
Software & SaaS,software-saas,36,"Event, Webinar & Community Software",event-webinar-community-software,35,Forum Software,forum-software,1,Forum & Discussion,Discussion Forum,forum-discussion-discussion-forum
Software & SaaS,software-saas,36,"Event, Webinar & Community Software",event-webinar-community-software,35,Forum Software,forum-software,2,Forum & Discussion,Industry Forum,forum-discussion-industry-forum
Software & SaaS,software-saas,36,"Event, Webinar & Community Software",event-webinar-community-software,36,Customer Community Platforms,customer-community-platforms,1,Community Platforms,Customer Community,community-platforms-customer-community
Software & SaaS,software-saas,36,"Event, Webinar & Community Software",event-webinar-community-software,36,Customer Community Platforms,customer-community-platforms,2,Community Platforms,Developer Community,community-platforms-developer-community
Software & SaaS,software-saas,36,"Event, Webinar & Community Software",event-webinar-community-software,36,Customer Community Platforms,customer-community-platforms,3,Community Platforms,Partner Community,community-platforms-partner-community
Software & SaaS,software-saas,36,"Event, Webinar & Community Software",event-webinar-community-software,36,Customer Community Platforms,customer-community-platforms,4,Community Platforms,Alumni Community,community-platforms-alumni-community
Software & SaaS,software-saas,36,"Event, Webinar & Community Software",event-webinar-community-software,36,Customer Community Platforms,customer-community-platforms,5,Community Platforms,Membership Community,community-platforms-membership-community
Software & SaaS,software-saas,36,"Event, Webinar & Community Software",event-webinar-community-software,36,Customer Community Platforms,customer-community-platforms,6,Community Platforms,Event Community,community-platforms-event-community
Software & SaaS,software-saas,36,"Event, Webinar & Community Software",event-webinar-community-software,36,Customer Community Platforms,customer-community-platforms,7,Community Platforms,Learning Community,community-platforms-learning-community
Software & SaaS,software-saas,36,"Event, Webinar & Community Software",event-webinar-community-software,36,Customer Community Platforms,customer-community-platforms,8,Community Platforms,Support Community,community-platforms-support-community
Software & SaaS,software-saas,36,"Event, Webinar & Community Software",event-webinar-community-software,37,Brand Community Platforms,brand-community-platforms,1,Community Platforms,Brand Community,community-platforms-brand-community
Software & SaaS,software-saas,36,"Event, Webinar & Community Software",event-webinar-community-software,38,Membership Site Software,membership-site-software,,,,
Software & SaaS,software-saas,36,"Event, Webinar & Community Software",event-webinar-community-software,39,Online Course Community Software,online-course-community-software,,,,
Software & SaaS,software-saas,36,"Event, Webinar & Community Software",event-webinar-community-software,40,Discord Community Tools,discord-community-tools,,,,
Software & SaaS,software-saas,36,"Event, Webinar & Community Software",event-webinar-community-software,41,Slack Community Tools,slack-community-tools,,,,
Software & SaaS,software-saas,36,"Event, Webinar & Community Software",event-webinar-community-software,42,Creator Community Platforms,creator-community-platforms,,,,
Software & SaaS,software-saas,37,Industry Niche & Vertical Software,industry-niche-vertical-software,1,Auto Repair Shop Software,auto-repair-shop-software,,,,
Software & SaaS,software-saas,37,Industry Niche & Vertical Software,industry-niche-vertical-software,2,Body Shop Management Software,body-shop-management-software,,,,
Software & SaaS,software-saas,37,Industry Niche & Vertical Software,industry-niche-vertical-software,3,Automotive Service Writer Software,automotive-service-writer-software,,,,
Software & SaaS,software-saas,37,Industry Niche & Vertical Software,industry-niche-vertical-software,4,Tire Shop Management Software,tire-shop-management-software,,,,
Software & SaaS,software-saas,37,Industry Niche & Vertical Software,industry-niche-vertical-software,5,Quick Lube Shop Software,quick-lube-shop-software,,,,
Software & SaaS,software-saas,37,Industry Niche & Vertical Software,industry-niche-vertical-software,6,Car Wash Management Software,car-wash-management-software,,,,
Software & SaaS,software-saas,37,Industry Niche & Vertical Software,industry-niche-vertical-software,7,Auto Dealership Management Software,auto-dealership-management-software,,,,
Software & SaaS,software-saas,37,Industry Niche & Vertical Software,industry-niche-vertical-software,8,Automotive Parts Management Software,automotive-parts-management-software,,,,
Software & SaaS,software-saas,37,Industry Niche & Vertical Software,industry-niche-vertical-software,9,Salvage Yard Software,salvage-yard-software,,,,
Software & SaaS,software-saas,37,Industry Niche & Vertical Software,industry-niche-vertical-software,10,Marine Dealership Software,marine-dealership-software,,,,
Software & SaaS,software-saas,37,Industry Niche & Vertical Software,industry-niche-vertical-software,11,Powersports Dealership Software,powersports-dealership-software,,,,
Software & SaaS,software-saas,37,Industry Niche & Vertical Software,industry-niche-vertical-software,12,Bicycle Shop Software,bicycle-shop-software,,,,
Software & SaaS,software-saas,37,Industry Niche & Vertical Software,industry-niche-vertical-software,13,Funeral Home Management Software,funeral-home-management-software,,,,
Software & SaaS,software-saas,37,Industry Niche & Vertical Software,industry-niche-vertical-software,14,Cemetery Management Software,cemetery-management-software,,,,
Software & SaaS,software-saas,37,Industry Niche & Vertical Software,industry-niche-vertical-software,15,Crematory Management Software,crematory-management-software,,,,
Software & SaaS,software-saas,37,Industry Niche & Vertical Software,industry-niche-vertical-software,16,Florist Management Software,florist-management-software,,,,
Software & SaaS,software-saas,37,Industry Niche & Vertical Software,industry-niche-vertical-software,17,Bakery Order Management Software,bakery-order-management-software,,,,
Software & SaaS,software-saas,37,Industry Niche & Vertical Software,industry-niche-vertical-software,18,Custom Cake Order Software,custom-cake-order-software,,,,
Software & SaaS,software-saas,37,Industry Niche & Vertical Software,industry-niche-vertical-software,19,Photography Studio Management Software,photography-studio-management-software,,,,
Software & SaaS,software-saas,37,Industry Niche & Vertical Software,industry-niche-vertical-software,20,Wedding Photographer Software,wedding-photographer-software,,,,
Software & SaaS,software-saas,37,Industry Niche & Vertical Software,industry-niche-vertical-software,21,School Photography Software,school-photography-software,,,,
Software & SaaS,software-saas,37,Industry Niche & Vertical Software,industry-niche-vertical-software,22,Sports Photography Software,sports-photography-software,,,,
Software & SaaS,software-saas,37,Industry Niche & Vertical Software,industry-niche-vertical-software,23,Studio Booking Software,studio-booking-software,,,,
Software & SaaS,software-saas,37,Industry Niche & Vertical Software,industry-niche-vertical-software,24,Recording Studio Management Software,recording-studio-management-software,,,,
Software & SaaS,software-saas,37,Industry Niche & Vertical Software,industry-niche-vertical-software,25,Music Lesson Studio Software,music-lesson-studio-software,,,,
Software & SaaS,software-saas,37,Industry Niche & Vertical Software,industry-niche-vertical-software,26,Tutoring Business Software,tutoring-business-software,,,,
Software & SaaS,software-saas,37,Industry Niche & Vertical Software,industry-niche-vertical-software,27,Test Prep Business Software,test-prep-business-software,,,,
Software & SaaS,software-saas,37,Industry Niche & Vertical Software,industry-niche-vertical-software,28,Salon Management Software,salon-management-software,,,,
Software & SaaS,software-saas,37,Industry Niche & Vertical Software,industry-niche-vertical-software,29,Barbershop Management Software,barbershop-management-software,,,,
Software & SaaS,software-saas,37,Industry Niche & Vertical Software,industry-niche-vertical-software,30,Nail Salon Software,nail-salon-software,,,,
Software & SaaS,software-saas,37,Industry Niche & Vertical Software,industry-niche-vertical-software,31,Tattoo Studio Software,tattoo-studio-software,,,,
Software & SaaS,software-saas,37,Industry Niche & Vertical Software,industry-niche-vertical-software,32,Lash & Brow Salon Software,lash-brow-salon-software,,,,
Software & SaaS,software-saas,37,Industry Niche & Vertical Software,industry-niche-vertical-software,33,Tanning Salon Software,tanning-salon-software,,,,
Software & SaaS,software-saas,37,Industry Niche & Vertical Software,industry-niche-vertical-software,34,Pet Sitting Software,pet-sitting-software,,,,
Software & SaaS,software-saas,37,Industry Niche & Vertical Software,industry-niche-vertical-software,35,Dog Walking Software,dog-walking-software,,,,
Software & SaaS,software-saas,37,Industry Niche & Vertical Software,industry-niche-vertical-software,36,Pet Boarding & Daycare Software,pet-boarding-daycare-software,,,,
Software & SaaS,software-saas,37,Industry Niche & Vertical Software,industry-niche-vertical-software,37,Equestrian Stable Management Software,equestrian-stable-management-software,,,,
Software & SaaS,software-saas,37,Industry Niche & Vertical Software,industry-niche-vertical-software,38,Riding Lesson Software,riding-lesson-software,,,,
Software & SaaS,software-saas,37,Industry Niche & Vertical Software,industry-niche-vertical-software,39,Horse Breeding Software,horse-breeding-software,,,,
Software & SaaS,software-saas,37,Industry Niche & Vertical Software,industry-niche-vertical-software,40,Livestock Management Software,livestock-management-software,,,,
Software & SaaS,software-saas,37,Industry Niche & Vertical Software,industry-niche-vertical-software,41,Farm Management Software,farm-management-software,,,,
Software & SaaS,software-saas,37,Industry Niche & Vertical Software,industry-niche-vertical-software,42,Crop Management Software,crop-management-software,,,,
Software & SaaS,software-saas,37,Industry Niche & Vertical Software,industry-niche-vertical-software,43,Vineyard Management Software,vineyard-management-software,,,,
Software & SaaS,software-saas,37,Industry Niche & Vertical Software,industry-niche-vertical-software,44,Greenhouse Management Software,greenhouse-management-software,,,,
Software & SaaS,software-saas,37,Industry Niche & Vertical Software,industry-niche-vertical-software,45,Cannabis Cultivation Software,cannabis-cultivation-software,,,,
Software & SaaS,software-saas,37,Industry Niche & Vertical Software,industry-niche-vertical-software,46,Cannabis Compliance Software,cannabis-compliance-software,1,Industry Compliance,Financial Compliance,industry-compliance-financial-compliance
Software & SaaS,software-saas,37,Industry Niche & Vertical Software,industry-niche-vertical-software,46,Cannabis Compliance Software,cannabis-compliance-software,2,Industry Compliance,Environmental Compliance,industry-compliance-environmental-compliance
Software & SaaS,software-saas,37,Industry Niche & Vertical Software,industry-niche-vertical-software,46,Cannabis Compliance Software,cannabis-compliance-software,3,Industry Compliance,Safety Compliance,industry-compliance-safety-compliance
Software & SaaS,software-saas,37,Industry Niche & Vertical Software,industry-niche-vertical-software,46,Cannabis Compliance Software,cannabis-compliance-software,4,Industry Compliance,Labor Compliance,industry-compliance-labor-compliance
Software & SaaS,software-saas,37,Industry Niche & Vertical Software,industry-niche-vertical-software,46,Cannabis Compliance Software,cannabis-compliance-software,5,Industry Compliance,Anti-Money Laundering,industry-compliance-anti-money-laundering
Software & SaaS,software-saas,37,Industry Niche & Vertical Software,industry-niche-vertical-software,46,Cannabis Compliance Software,cannabis-compliance-software,6,Industry Compliance,Know Your Customer,industry-compliance-know-your-customer
Software & SaaS,software-saas,37,Industry Niche & Vertical Software,industry-niche-vertical-software,46,Cannabis Compliance Software,cannabis-compliance-software,7,Industry Compliance,Sanctions Screening,industry-compliance-sanctions-screening
Software & SaaS,software-saas,37,Industry Niche & Vertical Software,industry-niche-vertical-software,47,Cannabis Distribution Software,cannabis-distribution-software,,,,
Software & SaaS,software-saas,37,Industry Niche & Vertical Software,industry-niche-vertical-software,48,Brewery Sales Software,brewery-sales-software,,,,
Software & SaaS,software-saas,37,Industry Niche & Vertical Software,industry-niche-vertical-software,49,Winery Tasting Room Software,winery-tasting-room-software,,,,
Software & SaaS,software-saas,37,Industry Niche & Vertical Software,industry-niche-vertical-software,50,Winery Wine Club Software,winery-wine-club-software,,,,
Software & SaaS,software-saas,37,Industry Niche & Vertical Software,industry-niche-vertical-software,51,Distillery Direct-to-Consumer Software,distillery-direct-to-consumer-software,,,,
Software & SaaS,software-saas,37,Industry Niche & Vertical Software,industry-niche-vertical-software,52,Recycling Center Management Software,recycling-center-management-software,,,,
Software & SaaS,software-saas,37,Industry Niche & Vertical Software,industry-niche-vertical-software,53,Waste Hauler Software,waste-hauler-software,,,,
Software & SaaS,software-saas,37,Industry Niche & Vertical Software,industry-niche-vertical-software,54,Scrap Metal Software,scrap-metal-software,,,,
Software & SaaS,software-saas,37,Industry Niche & Vertical Software,industry-niche-vertical-software,55,Auction House Software,auction-house-software,,,,
Software & SaaS,software-saas,37,Industry Niche & Vertical Software,industry-niche-vertical-software,56,Estate Sale Software,estate-sale-software,,,,
Software & SaaS,software-saas,37,Industry Niche & Vertical Software,industry-niche-vertical-software,57,Reseller Inventory Apps,reseller-inventory-apps,,,,
