L1,L1 Slug,L2 #,L2,L2 Slug,L3 #,L3,L3 Slug,L4 #,L4 Group,L4 Type,L4 Slug
Startups & Innovation,startups-innovation,1,FinTech & Financial Services Startups,fintech-financial-services-startups,1,Neobank Startups,neobank-startups,,,,
Startups & Innovation,startups-innovation,1,FinTech & Financial Services Startups,fintech-financial-services-startups,2,Digital Banking Startups,digital-banking-startups,1,Banking & Payments,Neobanks,banking-payments-neobanks
Startups & Innovation,startups-innovation,1,FinTech & Financial Services Startups,fintech-financial-services-startups,2,Digital Banking Startups,digital-banking-startups,2,Banking & Payments,Digital Wallets,banking-payments-digital-wallets
Startups & Innovation,startups-innovation,1,FinTech & Financial Services Startups,fintech-financial-services-startups,2,Digital Banking Startups,digital-banking-startups,3,Banking & Payments,Payment Processing,banking-payments-payment-processing
Startups & Innovation,startups-innovation,1,FinTech & Financial Services Startups,fintech-financial-services-startups,2,Digital Banking Startups,digital-banking-startups,4,Banking & Payments,Payment Infrastructure,banking-payments-payment-infrastructure
Startups & Innovation,startups-innovation,1,FinTech & Financial Services Startups,fintech-financial-services-startups,2,Digital Banking Startups,digital-banking-startups,5,Banking & Payments,Cryptocurrency Exchanges,banking-payments-cryptocurrency-exchanges
Startups & Innovation,startups-innovation,1,FinTech & Financial Services Startups,fintech-financial-services-startups,3,Challenger Bank Startups,challenger-bank-startups,,,,
Startups & Innovation,startups-innovation,1,FinTech & Financial Services Startups,fintech-financial-services-startups,4,Banking-as-a-Service Startups,banking-as-a-service-startups,1,Banking & Payments,Banking-as-a-Service,banking-payments-banking-as-a-service
Startups & Innovation,startups-innovation,1,FinTech & Financial Services Startups,fintech-financial-services-startups,5,Embedded Finance Startups,embedded-finance-startups,1,Banking & Payments,Embedded Finance,banking-payments-embedded-finance
Startups & Innovation,startups-innovation,1,FinTech & Financial Services Startups,fintech-financial-services-startups,6,Open Banking Startups,open-banking-startups,1,Banking & Payments,Open Banking,banking-payments-open-banking
Startups & Innovation,startups-innovation,1,FinTech & Financial Services Startups,fintech-financial-services-startups,7,Personal Finance App Startups,personal-finance-app-startups,,,,
Startups & Innovation,startups-innovation,1,FinTech & Financial Services Startups,fintech-financial-services-startups,8,Family Finance App Startups,family-finance-app-startups,,,,
Startups & Innovation,startups-innovation,1,FinTech & Financial Services Startups,fintech-financial-services-startups,9,Teen Banking Startups,teen-banking-startups,,,,
Startups & Innovation,startups-innovation,1,FinTech & Financial Services Startups,fintech-financial-services-startups,10,Senior Banking Startups,senior-banking-startups,,,,
Startups & Innovation,startups-innovation,1,FinTech & Financial Services Startups,fintech-financial-services-startups,11,Stock Trading App Startups,stock-trading-app-startups,1,Investment & Wealth,Stock Trading Apps,investment-wealth-stock-trading-apps
Startups & Innovation,startups-innovation,1,FinTech & Financial Services Startups,fintech-financial-services-startups,12,Fractional Investing Startups,fractional-investing-startups,1,Investment & Wealth,Robo-Advisors,investment-wealth-robo-advisors
Startups & Innovation,startups-innovation,1,FinTech & Financial Services Startups,fintech-financial-services-startups,12,Fractional Investing Startups,fractional-investing-startups,2,Investment & Wealth,Crypto Trading,investment-wealth-crypto-trading
Startups & Innovation,startups-innovation,1,FinTech & Financial Services Startups,fintech-financial-services-startups,12,Fractional Investing Startups,fractional-investing-startups,3,Investment & Wealth,Tax Optimization,investment-wealth-tax-optimization
Startups & Innovation,startups-innovation,1,FinTech & Financial Services Startups,fintech-financial-services-startups,12,Fractional Investing Startups,fractional-investing-startups,4,Investment & Wealth,Financial Planning,investment-wealth-financial-planning
Startups & Innovation,startups-innovation,1,FinTech & Financial Services Startups,fintech-financial-services-startups,12,Fractional Investing Startups,fractional-investing-startups,5,Investment & Wealth,Investment Research,investment-wealth-investment-research
Startups & Innovation,startups-innovation,1,FinTech & Financial Services Startups,fintech-financial-services-startups,13,Robo-Advisor Startups,robo-advisor-startups,,,,
Startups & Innovation,startups-innovation,1,FinTech & Financial Services Startups,fintech-financial-services-startups,14,Wealth Management Tech Startups,wealth-management-tech-startups,1,Investment & Wealth,Wealth Management,investment-wealth-wealth-management
Startups & Innovation,startups-innovation,1,FinTech & Financial Services Startups,fintech-financial-services-startups,15,Retirement Planning Startups,retirement-planning-startups,1,Investment & Wealth,Retirement Planning,investment-wealth-retirement-planning
Startups & Innovation,startups-innovation,1,FinTech & Financial Services Startups,fintech-financial-services-startups,16,529 Plan Tech Startups,529-plan-tech-startups,,,,
Startups & Innovation,startups-innovation,1,FinTech & Financial Services Startups,fintech-financial-services-startups,17,Estate Planning Tech Startups,estate-planning-tech-startups,,,,
Startups & Innovation,startups-innovation,1,FinTech & Financial Services Startups,fintech-financial-services-startups,18,Tax Filing Startups,tax-filing-startups,,,,
Startups & Innovation,startups-innovation,1,FinTech & Financial Services Startups,fintech-financial-services-startups,19,Crypto Tax Startups,crypto-tax-startups,,,,
Startups & Innovation,startups-innovation,1,FinTech & Financial Services Startups,fintech-financial-services-startups,20,Bookkeeping Automation Startups,bookkeeping-automation-startups,,,,
Startups & Innovation,startups-innovation,1,FinTech & Financial Services Startups,fintech-financial-services-startups,21,Accounting Software Startups,accounting-software-startups,,,,
Startups & Innovation,startups-innovation,1,FinTech & Financial Services Startups,fintech-financial-services-startups,22,Invoicing Tech Startups,invoicing-tech-startups,,,,
Startups & Innovation,startups-innovation,1,FinTech & Financial Services Startups,fintech-financial-services-startups,23,B2B Payment Startups,b2b-payment-startups,,,,
Startups & Innovation,startups-innovation,1,FinTech & Financial Services Startups,fintech-financial-services-startups,24,Cross-Border Payment Startups,cross-border-payment-startups,1,Banking & Payments,Cross-Border Payments,banking-payments-cross-border-payments
Startups & Innovation,startups-innovation,1,FinTech & Financial Services Startups,fintech-financial-services-startups,25,Remittance Startups,remittance-startups,,,,
Startups & Innovation,startups-innovation,1,FinTech & Financial Services Startups,fintech-financial-services-startups,26,Crypto Payment Startups,crypto-payment-startups,,,,
Startups & Innovation,startups-innovation,1,FinTech & Financial Services Startups,fintech-financial-services-startups,27,Stablecoin Payment Startups,stablecoin-payment-startups,,,,
Startups & Innovation,startups-innovation,1,FinTech & Financial Services Startups,fintech-financial-services-startups,28,POS Payment Startups,pos-payment-startups,,,,
Startups & Innovation,startups-innovation,1,FinTech & Financial Services Startups,fintech-financial-services-startups,29,Payment Orchestration Startups,payment-orchestration-startups,,,,
Startups & Innovation,startups-innovation,1,FinTech & Financial Services Startups,fintech-financial-services-startups,30,Subscription Billing Startups,subscription-billing-startups,,,,
Startups & Innovation,startups-innovation,1,FinTech & Financial Services Startups,fintech-financial-services-startups,31,Recurring Payments Startups,recurring-payments-startups,1,Banking & Payments,B2B Payments,banking-payments-b2b-payments
Startups & Innovation,startups-innovation,1,FinTech & Financial Services Startups,fintech-financial-services-startups,32,Buy Now Pay Later Startups,buy-now-pay-later-startups,1,Lending & Insurance,Buy Now Pay Later,lending-insurance-buy-now-pay-later
Startups & Innovation,startups-innovation,1,FinTech & Financial Services Startups,fintech-financial-services-startups,33,Income-Share Agreement Startups,income-share-agreement-startups,,,,
Startups & Innovation,startups-innovation,1,FinTech & Financial Services Startups,fintech-financial-services-startups,34,Earned Wage Access Startups,earned-wage-access-startups,,,,
Startups & Innovation,startups-innovation,1,FinTech & Financial Services Startups,fintech-financial-services-startups,35,Payroll Tech Startups,payroll-tech-startups,,,,
Startups & Innovation,startups-innovation,1,FinTech & Financial Services Startups,fintech-financial-services-startups,36,Contractor Payment Startups,contractor-payment-startups,,,,
Startups & Innovation,startups-innovation,1,FinTech & Financial Services Startups,fintech-financial-services-startups,37,Equity Compensation Startups,equity-compensation-startups,,,,
Startups & Innovation,startups-innovation,1,FinTech & Financial Services Startups,fintech-financial-services-startups,38,Cap Table Tech Startups,cap-table-tech-startups,,,,
Startups & Innovation,startups-innovation,1,FinTech & Financial Services Startups,fintech-financial-services-startups,39,Carry Tracking Startups,carry-tracking-startups,,,,
Startups & Innovation,startups-innovation,1,FinTech & Financial Services Startups,fintech-financial-services-startups,40,Lending Tech Startups,lending-tech-startups,1,Lending & Insurance,Digital Lending,lending-insurance-digital-lending
Startups & Innovation,startups-innovation,1,FinTech & Financial Services Startups,fintech-financial-services-startups,40,Lending Tech Startups,lending-tech-startups,2,Lending & Insurance,Peer-to-Peer Lending,lending-insurance-peer-to-peer-lending
Startups & Innovation,startups-innovation,1,FinTech & Financial Services Startups,fintech-financial-services-startups,40,Lending Tech Startups,lending-tech-startups,3,Lending & Insurance,Mortgage Tech,lending-insurance-mortgage-tech
Startups & Innovation,startups-innovation,1,FinTech & Financial Services Startups,fintech-financial-services-startups,40,Lending Tech Startups,lending-tech-startups,4,Lending & Insurance,InsurTech,lending-insurance-insurtech
Startups & Innovation,startups-innovation,1,FinTech & Financial Services Startups,fintech-financial-services-startups,40,Lending Tech Startups,lending-tech-startups,5,Lending & Insurance,Claims Automation,lending-insurance-claims-automation
Startups & Innovation,startups-innovation,1,FinTech & Financial Services Startups,fintech-financial-services-startups,40,Lending Tech Startups,lending-tech-startups,6,Lending & Insurance,Underwriting AI,lending-insurance-underwriting-ai
Startups & Innovation,startups-innovation,1,FinTech & Financial Services Startups,fintech-financial-services-startups,40,Lending Tech Startups,lending-tech-startups,7,Lending & Insurance,Fraud Prevention,lending-insurance-fraud-prevention
Startups & Innovation,startups-innovation,1,FinTech & Financial Services Startups,fintech-financial-services-startups,40,Lending Tech Startups,lending-tech-startups,8,Lending & Insurance,Credit Scoring,lending-insurance-credit-scoring
Startups & Innovation,startups-innovation,1,FinTech & Financial Services Startups,fintech-financial-services-startups,41,SMB Lending Startups,smb-lending-startups,,,,
Startups & Innovation,startups-innovation,1,FinTech & Financial Services Startups,fintech-financial-services-startups,42,Consumer Lending Startups,consumer-lending-startups,,,,
Startups & Innovation,startups-innovation,1,FinTech & Financial Services Startups,fintech-financial-services-startups,43,Mortgage Tech Startups,mortgage-tech-startups,,,,
Startups & Innovation,startups-innovation,1,FinTech & Financial Services Startups,fintech-financial-services-startups,44,Auto Loan Tech Startups,auto-loan-tech-startups,,,,
Startups & Innovation,startups-innovation,1,FinTech & Financial Services Startups,fintech-financial-services-startups,45,Student Loan Tech Startups,student-loan-tech-startups,,,,
Startups & Innovation,startups-innovation,1,FinTech & Financial Services Startups,fintech-financial-services-startups,46,Credit Building Startups,credit-building-startups,,,,
Startups & Innovation,startups-innovation,1,FinTech & Financial Services Startups,fintech-financial-services-startups,47,Credit Score Startups,credit-score-startups,,,,
Startups & Innovation,startups-innovation,1,FinTech & Financial Services Startups,fintech-financial-services-startups,48,Credit Card Startups,credit-card-startups,,,,
Startups & Innovation,startups-innovation,1,FinTech & Financial Services Startups,fintech-financial-services-startups,49,Corporate Card Startups,corporate-card-startups,,,,
Startups & Innovation,startups-innovation,1,FinTech & Financial Services Startups,fintech-financial-services-startups,50,Spend Management Startups,spend-management-startups,,,,
Startups & Innovation,startups-innovation,1,FinTech & Financial Services Startups,fintech-financial-services-startups,51,Treasury Tech Startups,treasury-tech-startups,,,,
Startups & Innovation,startups-innovation,1,FinTech & Financial Services Startups,fintech-financial-services-startups,52,Cash Flow Forecasting Startups,cash-flow-forecasting-startups,,,,
Startups & Innovation,startups-innovation,1,FinTech & Financial Services Startups,fintech-financial-services-startups,53,Fraud Detection Startups,fraud-detection-startups,,,,
Startups & Innovation,startups-innovation,1,FinTech & Financial Services Startups,fintech-financial-services-startups,54,KYC Tech Startups,kyc-tech-startups,,,,
Startups & Innovation,startups-innovation,1,FinTech & Financial Services Startups,fintech-financial-services-startups,55,AML Tech Startups,aml-tech-startups,,,,
Startups & Innovation,startups-innovation,1,FinTech & Financial Services Startups,fintech-financial-services-startups,56,Identity Verification Startups,identity-verification-startups,,,,
Startups & Innovation,startups-innovation,1,FinTech & Financial Services Startups,fintech-financial-services-startups,57,Insurance Tech Startups,insurance-tech-startups,1,Lending & Insurance,Micro-Insurance,lending-insurance-micro-insurance
Startups & Innovation,startups-innovation,1,FinTech & Financial Services Startups,fintech-financial-services-startups,58,Auto Insurance Tech,auto-insurance-tech,,,,
Startups & Innovation,startups-innovation,1,FinTech & Financial Services Startups,fintech-financial-services-startups,59,Home Insurance Tech,home-insurance-tech,,,,
Startups & Innovation,startups-innovation,1,FinTech & Financial Services Startups,fintech-financial-services-startups,60,Pet Insurance Tech,pet-insurance-tech,1,Pet Industry Tech,Pet Health Tech,pet-industry-tech-pet-health-tech
Startups & Innovation,startups-innovation,1,FinTech & Financial Services Startups,fintech-financial-services-startups,60,Pet Insurance Tech,pet-insurance-tech,2,Pet Industry Tech,Pet Food Tech,pet-industry-tech-pet-food-tech
Startups & Innovation,startups-innovation,1,FinTech & Financial Services Startups,fintech-financial-services-startups,60,Pet Insurance Tech,pet-insurance-tech,3,Pet Industry Tech,Pet Wearables,pet-industry-tech-pet-wearables
Startups & Innovation,startups-innovation,1,FinTech & Financial Services Startups,fintech-financial-services-startups,60,Pet Insurance Tech,pet-insurance-tech,4,Pet Industry Tech,Pet Insurance Tech,pet-industry-tech-pet-insurance-tech
Startups & Innovation,startups-innovation,1,FinTech & Financial Services Startups,fintech-financial-services-startups,60,Pet Insurance Tech,pet-insurance-tech,5,Pet Industry Tech,Pet Training Tech,pet-industry-tech-pet-training-tech
Startups & Innovation,startups-innovation,1,FinTech & Financial Services Startups,fintech-financial-services-startups,60,Pet Insurance Tech,pet-insurance-tech,6,Pet Industry Tech,Pet Social Network,pet-industry-tech-pet-social-network
Startups & Innovation,startups-innovation,1,FinTech & Financial Services Startups,fintech-financial-services-startups,60,Pet Insurance Tech,pet-insurance-tech,7,Pet Industry Tech,Pet Marketplace,pet-industry-tech-pet-marketplace
Startups & Innovation,startups-innovation,1,FinTech & Financial Services Startups,fintech-financial-services-startups,60,Pet Insurance Tech,pet-insurance-tech,8,Pet Industry Tech,Pet Care Platform,pet-industry-tech-pet-care-platform
Startups & Innovation,startups-innovation,1,FinTech & Financial Services Startups,fintech-financial-services-startups,60,Pet Insurance Tech,pet-insurance-tech,9,Pet Industry Tech,Pet Travel,pet-industry-tech-pet-travel
Startups & Innovation,startups-innovation,1,FinTech & Financial Services Startups,fintech-financial-services-startups,60,Pet Insurance Tech,pet-insurance-tech,10,Pet Industry Tech,Pet DNA Testing,pet-industry-tech-pet-dna-testing
Startups & Innovation,startups-innovation,1,FinTech & Financial Services Startups,fintech-financial-services-startups,61,Health Insurance Tech,health-insurance-tech,,,,
Startups & Innovation,startups-innovation,1,FinTech & Financial Services Startups,fintech-financial-services-startups,62,Life Insurance Tech,life-insurance-tech,,,,
Startups & Innovation,startups-innovation,1,FinTech & Financial Services Startups,fintech-financial-services-startups,63,Travel Insurance Tech,travel-insurance-tech,1,Travel Innovation,Travel Planning AI,travel-innovation-travel-planning-ai
Startups & Innovation,startups-innovation,1,FinTech & Financial Services Startups,fintech-financial-services-startups,63,Travel Insurance Tech,travel-insurance-tech,2,Travel Innovation,Airline Tech,travel-innovation-airline-tech
Startups & Innovation,startups-innovation,1,FinTech & Financial Services Startups,fintech-financial-services-startups,63,Travel Insurance Tech,travel-insurance-tech,3,Travel Innovation,Experience Marketplace,travel-innovation-experience-marketplace
Startups & Innovation,startups-innovation,1,FinTech & Financial Services Startups,fintech-financial-services-startups,63,Travel Insurance Tech,travel-insurance-tech,4,Travel Innovation,Travel Insurance Tech,travel-innovation-travel-insurance-tech
Startups & Innovation,startups-innovation,1,FinTech & Financial Services Startups,fintech-financial-services-startups,63,Travel Insurance Tech,travel-insurance-tech,5,Travel Innovation,Travel Fintech,travel-innovation-travel-fintech
Startups & Innovation,startups-innovation,1,FinTech & Financial Services Startups,fintech-financial-services-startups,63,Travel Insurance Tech,travel-insurance-tech,6,Travel Innovation,Corporate Travel,travel-innovation-corporate-travel
Startups & Innovation,startups-innovation,1,FinTech & Financial Services Startups,fintech-financial-services-startups,63,Travel Insurance Tech,travel-insurance-tech,7,Travel Innovation,Sustainable Travel,travel-innovation-sustainable-travel
Startups & Innovation,startups-innovation,1,FinTech & Financial Services Startups,fintech-financial-services-startups,64,Cyber Insurance Tech,cyber-insurance-tech,,,,
Startups & Innovation,startups-innovation,1,FinTech & Financial Services Startups,fintech-financial-services-startups,65,Parametric Insurance Startups,parametric-insurance-startups,,,,
Startups & Innovation,startups-innovation,1,FinTech & Financial Services Startups,fintech-financial-services-startups,66,Reinsurance Tech Startups,reinsurance-tech-startups,,,,
Startups & Innovation,startups-innovation,1,FinTech & Financial Services Startups,fintech-financial-services-startups,67,Embedded Insurance Startups,embedded-insurance-startups,,,,
Startups & Innovation,startups-innovation,1,FinTech & Financial Services Startups,fintech-financial-services-startups,68,Real Estate Investment Startups,real-estate-investment-startups,1,Investment & Wealth,Estate Planning,investment-wealth-estate-planning
Startups & Innovation,startups-innovation,1,FinTech & Financial Services Startups,fintech-financial-services-startups,69,REIT Tech Startups,reit-tech-startups,,,,
Startups & Innovation,startups-innovation,1,FinTech & Financial Services Startups,fintech-financial-services-startups,70,Fractional Real Estate Startups,fractional-real-estate-startups,,,,
Startups & Innovation,startups-innovation,1,FinTech & Financial Services Startups,fintech-financial-services-startups,71,Alternative Investment Platforms,alternative-investment-platforms,1,Investment & Wealth,Alternative Investments,investment-wealth-alternative-investments
Startups & Innovation,startups-innovation,1,FinTech & Financial Services Startups,fintech-financial-services-startups,72,Art Investment Startups,art-investment-startups,,,,
Startups & Innovation,startups-innovation,1,FinTech & Financial Services Startups,fintech-financial-services-startups,73,Wine Investment Startups,wine-investment-startups,,,,
Startups & Innovation,startups-innovation,1,FinTech & Financial Services Startups,fintech-financial-services-startups,74,Sneaker Investment Startups,sneaker-investment-startups,,,,
Startups & Innovation,startups-innovation,1,FinTech & Financial Services Startups,fintech-financial-services-startups,75,Sports Card Investment Startups,sports-card-investment-startups,,,,
Startups & Innovation,startups-innovation,1,FinTech & Financial Services Startups,fintech-financial-services-startups,76,Music Royalty Investment Startups,music-royalty-investment-startups,,,,
Startups & Innovation,startups-innovation,1,FinTech & Financial Services Startups,fintech-financial-services-startups,77,Private Market Tech Startups,private-market-tech-startups,1,Event Innovation,Event Marketing Tech,event-innovation-event-marketing-tech
Startups & Innovation,startups-innovation,1,FinTech & Financial Services Startups,fintech-financial-services-startups,77,Private Market Tech Startups,private-market-tech-startups,2,Marketing Technology,Attribution Tech,marketing-technology-attribution-tech
Startups & Innovation,startups-innovation,1,FinTech & Financial Services Startups,fintech-financial-services-startups,77,Private Market Tech Startups,private-market-tech-startups,3,Marketing Technology,Marketing Analytics,marketing-technology-marketing-analytics
Startups & Innovation,startups-innovation,1,FinTech & Financial Services Startups,fintech-financial-services-startups,77,Private Market Tech Startups,private-market-tech-startups,4,Marketing Technology,Marketing Ops,marketing-technology-marketing-ops
Startups & Innovation,startups-innovation,1,FinTech & Financial Services Startups,fintech-financial-services-startups,78,Secondary Market Startups,secondary-market-startups,,,,
Startups & Innovation,startups-innovation,1,FinTech & Financial Services Startups,fintech-financial-services-startups,79,Crowdfunding Investment Startups,crowdfunding-investment-startups,,,,
Startups & Innovation,startups-innovation,1,FinTech & Financial Services Startups,fintech-financial-services-startups,80,Equity Crowdfunding Platforms,equity-crowdfunding-platforms,,,,
Startups & Innovation,startups-innovation,1,FinTech & Financial Services Startups,fintech-financial-services-startups,81,Revenue-Based Financing Startups,revenue-based-financing-startups,,,,
Startups & Innovation,startups-innovation,1,FinTech & Financial Services Startups,fintech-financial-services-startups,82,Venture Debt Startups,venture-debt-startups,,,,
Startups & Innovation,startups-innovation,1,FinTech & Financial Services Startups,fintech-financial-services-startups,83,Factoring & Invoice Finance Startups,factoring-invoice-finance-startups,,,,
Startups & Innovation,startups-innovation,1,FinTech & Financial Services Startups,fintech-financial-services-startups,84,Trade Finance Startups,trade-finance-startups,,,,
Startups & Innovation,startups-innovation,1,FinTech & Financial Services Startups,fintech-financial-services-startups,85,ESG Finance Startups,esg-finance-startups,,,,
Startups & Innovation,startups-innovation,1,FinTech & Financial Services Startups,fintech-financial-services-startups,86,Carbon Credit Trading Startups,carbon-credit-trading-startups,,,,
Startups & Innovation,startups-innovation,1,FinTech & Financial Services Startups,fintech-financial-services-startups,87,Climate Finance Startups,climate-finance-startups,,,,
Startups & Innovation,startups-innovation,2,HealthTech & MedTech Startups,healthtech-medtech-startups,1,Telemedicine Startups,telemedicine-startups,1,Patient Care,Telemedicine,patient-care-telemedicine
Startups & Innovation,startups-innovation,2,HealthTech & MedTech Startups,healthtech-medtech-startups,1,Telemedicine Startups,telemedicine-startups,2,Patient Care,Remote Monitoring,patient-care-remote-monitoring
Startups & Innovation,startups-innovation,2,HealthTech & MedTech Startups,healthtech-medtech-startups,1,Telemedicine Startups,telemedicine-startups,3,Patient Care,Digital Therapeutics,patient-care-digital-therapeutics
Startups & Innovation,startups-innovation,2,HealthTech & MedTech Startups,healthtech-medtech-startups,1,Telemedicine Startups,telemedicine-startups,4,Patient Care,Mental Health Apps,patient-care-mental-health-apps
Startups & Innovation,startups-innovation,2,HealthTech & MedTech Startups,healthtech-medtech-startups,1,Telemedicine Startups,telemedicine-startups,7,Patient Care,Pediatric Health,patient-care-pediatric-health
Startups & Innovation,startups-innovation,2,HealthTech & MedTech Startups,healthtech-medtech-startups,1,Telemedicine Startups,telemedicine-startups,8,Patient Care,Elder Care Tech,patient-care-elder-care-tech
Startups & Innovation,startups-innovation,2,HealthTech & MedTech Startups,healthtech-medtech-startups,1,Telemedicine Startups,telemedicine-startups,9,Patient Care,Chronic Disease Management,patient-care-chronic-disease-management
Startups & Innovation,startups-innovation,2,HealthTech & MedTech Startups,healthtech-medtech-startups,1,Telemedicine Startups,telemedicine-startups,10,Patient Care,Rehabilitation Tech,patient-care-rehabilitation-tech
Startups & Innovation,startups-innovation,2,HealthTech & MedTech Startups,healthtech-medtech-startups,1,Telemedicine Startups,telemedicine-startups,11,Healthcare Infrastructure,EHR Innovation,healthcare-infrastructure-ehr-innovation
Startups & Innovation,startups-innovation,2,HealthTech & MedTech Startups,healthtech-medtech-startups,1,Telemedicine Startups,telemedicine-startups,12,Healthcare Infrastructure,Clinical Trial Tech,healthcare-infrastructure-clinical-trial-tech
Startups & Innovation,startups-innovation,2,HealthTech & MedTech Startups,healthtech-medtech-startups,1,Telemedicine Startups,telemedicine-startups,13,Healthcare Infrastructure,Drug Discovery,healthcare-infrastructure-drug-discovery
Startups & Innovation,startups-innovation,2,HealthTech & MedTech Startups,healthtech-medtech-startups,1,Telemedicine Startups,telemedicine-startups,14,Healthcare Infrastructure,Genomics,healthcare-infrastructure-genomics
Startups & Innovation,startups-innovation,2,HealthTech & MedTech Startups,healthtech-medtech-startups,1,Telemedicine Startups,telemedicine-startups,15,Healthcare Infrastructure,Lab Automation,healthcare-infrastructure-lab-automation
Startups & Innovation,startups-innovation,2,HealthTech & MedTech Startups,healthtech-medtech-startups,1,Telemedicine Startups,telemedicine-startups,16,Healthcare Infrastructure,Hospital Operations,healthcare-infrastructure-hospital-operations
Startups & Innovation,startups-innovation,2,HealthTech & MedTech Startups,healthtech-medtech-startups,1,Telemedicine Startups,telemedicine-startups,17,Healthcare Infrastructure,Healthcare AI,healthcare-infrastructure-healthcare-ai
Startups & Innovation,startups-innovation,2,HealthTech & MedTech Startups,healthtech-medtech-startups,1,Telemedicine Startups,telemedicine-startups,18,Healthcare Infrastructure,Medical Devices,healthcare-infrastructure-medical-devices
Startups & Innovation,startups-innovation,2,HealthTech & MedTech Startups,healthtech-medtech-startups,1,Telemedicine Startups,telemedicine-startups,19,Healthcare Infrastructure,Wearable Health,healthcare-infrastructure-wearable-health
Startups & Innovation,startups-innovation,2,HealthTech & MedTech Startups,healthtech-medtech-startups,1,Telemedicine Startups,telemedicine-startups,20,Healthcare Infrastructure,Healthcare Data,healthcare-infrastructure-healthcare-data
Startups & Innovation,startups-innovation,2,HealthTech & MedTech Startups,healthtech-medtech-startups,2,Virtual Primary Care Startups,virtual-primary-care-startups,,,,
Startups & Innovation,startups-innovation,2,HealthTech & MedTech Startups,healthtech-medtech-startups,3,Direct Primary Care Tech,direct-primary-care-tech,,,,
Startups & Innovation,startups-innovation,2,HealthTech & MedTech Startups,healthtech-medtech-startups,4,Asynchronous Care Startups,asynchronous-care-startups,,,,
Startups & Innovation,startups-innovation,2,HealthTech & MedTech Startups,healthtech-medtech-startups,5,Concierge Medicine Tech,concierge-medicine-tech,,,,
Startups & Innovation,startups-innovation,2,HealthTech & MedTech Startups,healthtech-medtech-startups,6,Home Health Tech Startups,home-health-tech-startups,,,,
Startups & Innovation,startups-innovation,2,HealthTech & MedTech Startups,healthtech-medtech-startups,7,Remote Patient Monitoring Startups,remote-patient-monitoring-startups,,,,
Startups & Innovation,startups-innovation,2,HealthTech & MedTech Startups,healthtech-medtech-startups,8,Wearable Health Device Startups,wearable-health-device-startups,,,,
Startups & Innovation,startups-innovation,2,HealthTech & MedTech Startups,healthtech-medtech-startups,9,Smart Patch Startups,smart-patch-startups,,,,
Startups & Innovation,startups-innovation,2,HealthTech & MedTech Startups,healthtech-medtech-startups,10,Continuous Glucose Monitor Startups,continuous-glucose-monitor-startups,,,,
Startups & Innovation,startups-innovation,2,HealthTech & MedTech Startups,healthtech-medtech-startups,11,Continuous Blood Pressure Monitor Startups,continuous-blood-pressure-monitor-startups,,,,
Startups & Innovation,startups-innovation,2,HealthTech & MedTech Startups,healthtech-medtech-startups,12,Smart Ring Health Startups,smart-ring-health-startups,,,,
Startups & Innovation,startups-innovation,2,HealthTech & MedTech Startups,healthtech-medtech-startups,13,Sleep Tracking Device Startups,sleep-tracking-device-startups,,,,
Startups & Innovation,startups-innovation,2,HealthTech & MedTech Startups,healthtech-medtech-startups,14,Hearables Startups,hearables-startups,,,,
Startups & Innovation,startups-innovation,2,HealthTech & MedTech Startups,healthtech-medtech-startups,15,At-Home Diagnostic Startups,at-home-diagnostic-startups,,,,
Startups & Innovation,startups-innovation,2,HealthTech & MedTech Startups,healthtech-medtech-startups,16,At-Home Lab Test Startups,at-home-lab-test-startups,,,,
Startups & Innovation,startups-innovation,2,HealthTech & MedTech Startups,healthtech-medtech-startups,17,DNA Test Kit Startups,dna-test-kit-startups,,,,
Startups & Innovation,startups-innovation,2,HealthTech & MedTech Startups,healthtech-medtech-startups,18,Microbiome Test Startups,microbiome-test-startups,,,,
Startups & Innovation,startups-innovation,2,HealthTech & MedTech Startups,healthtech-medtech-startups,19,Hormone Test Kit Startups,hormone-test-kit-startups,,,,
Startups & Innovation,startups-innovation,2,HealthTech & MedTech Startups,healthtech-medtech-startups,20,Food Sensitivity Test Startups,food-sensitivity-test-startups,,,,
Startups & Innovation,startups-innovation,2,HealthTech & MedTech Startups,healthtech-medtech-startups,21,Allergy Test Startups,allergy-test-startups,,,,
Startups & Innovation,startups-innovation,2,HealthTech & MedTech Startups,healthtech-medtech-startups,22,Fertility Tracking Startups,fertility-tracking-startups,,,,
Startups & Innovation,startups-innovation,2,HealthTech & MedTech Startups,healthtech-medtech-startups,23,IVF Tech Startups,ivf-tech-startups,,,,
Startups & Innovation,startups-innovation,2,HealthTech & MedTech Startups,healthtech-medtech-startups,24,Fertility Clinic Tech,fertility-clinic-tech,,,,
Startups & Innovation,startups-innovation,2,HealthTech & MedTech Startups,healthtech-medtech-startups,25,Egg Freezing Startups,egg-freezing-startups,,,,
Startups & Innovation,startups-innovation,2,HealthTech & MedTech Startups,healthtech-medtech-startups,26,Maternal Health Startups,maternal-health-startups,,,,
Startups & Innovation,startups-innovation,2,HealthTech & MedTech Startups,healthtech-medtech-startups,27,Postpartum Care Startups,postpartum-care-startups,,,,
Startups & Innovation,startups-innovation,2,HealthTech & MedTech Startups,healthtech-medtech-startups,28,Lactation Tech Startups,lactation-tech-startups,,,,
Startups & Innovation,startups-innovation,2,HealthTech & MedTech Startups,healthtech-medtech-startups,29,Pediatric Telehealth Startups,pediatric-telehealth-startups,,,,
Startups & Innovation,startups-innovation,2,HealthTech & MedTech Startups,healthtech-medtech-startups,31,Adolescent Health Startups,adolescent-health-startups,,,,
Startups & Innovation,startups-innovation,2,HealthTech & MedTech Startups,healthtech-medtech-startups,32,Senior Care Tech Startups,senior-care-tech-startups,,,,
Startups & Innovation,startups-innovation,2,HealthTech & MedTech Startups,healthtech-medtech-startups,33,Dementia Care Tech Startups,dementia-care-tech-startups,,,,
Startups & Innovation,startups-innovation,2,HealthTech & MedTech Startups,healthtech-medtech-startups,34,Caregiver Support Startups,caregiver-support-startups,,,,
Startups & Innovation,startups-innovation,2,HealthTech & MedTech Startups,healthtech-medtech-startups,35,End-of-Life Care Tech Startups,end-of-life-care-tech-startups,,,,
Startups & Innovation,startups-innovation,2,HealthTech & MedTech Startups,healthtech-medtech-startups,36,Hospice Tech Startups,hospice-tech-startups,,,,
Startups & Innovation,startups-innovation,2,HealthTech & MedTech Startups,healthtech-medtech-startups,37,Palliative Care Tech,palliative-care-tech,,,,
Startups & Innovation,startups-innovation,2,HealthTech & MedTech Startups,healthtech-medtech-startups,38,Chronic Disease Management Startups,chronic-disease-management-startups,,,,
Startups & Innovation,startups-innovation,2,HealthTech & MedTech Startups,healthtech-medtech-startups,39,Diabetes Management Startups,diabetes-management-startups,,,,
Startups & Innovation,startups-innovation,2,HealthTech & MedTech Startups,healthtech-medtech-startups,40,Hypertension Management Startups,hypertension-management-startups,,,,
Startups & Innovation,startups-innovation,2,HealthTech & MedTech Startups,healthtech-medtech-startups,41,Heart Health Startups,heart-health-startups,,,,
Startups & Innovation,startups-innovation,2,HealthTech & MedTech Startups,healthtech-medtech-startups,42,Kidney Care Tech Startups,kidney-care-tech-startups,,,,
Startups & Innovation,startups-innovation,2,HealthTech & MedTech Startups,healthtech-medtech-startups,43,Cancer Care Tech Startups,cancer-care-tech-startups,,,,
Startups & Innovation,startups-innovation,2,HealthTech & MedTech Startups,healthtech-medtech-startups,44,Oncology Tech Startups,oncology-tech-startups,,,,
Startups & Innovation,startups-innovation,2,HealthTech & MedTech Startups,healthtech-medtech-startups,45,Rare Disease Tech Startups,rare-disease-tech-startups,,,,
Startups & Innovation,startups-innovation,2,HealthTech & MedTech Startups,healthtech-medtech-startups,46,Genetic Testing Startups,genetic-testing-startups,,,,
Startups & Innovation,startups-innovation,2,HealthTech & MedTech Startups,healthtech-medtech-startups,47,Precision Medicine Startups,precision-medicine-startups,,,,
Startups & Innovation,startups-innovation,2,HealthTech & MedTech Startups,healthtech-medtech-startups,48,Personalized Nutrition Startups,personalized-nutrition-startups,,,,
Startups & Innovation,startups-innovation,2,HealthTech & MedTech Startups,healthtech-medtech-startups,49,Functional Medicine Startups,functional-medicine-startups,,,,
Startups & Innovation,startups-innovation,2,HealthTech & MedTech Startups,healthtech-medtech-startups,50,Integrative Health Startups,integrative-health-startups,,,,
Startups & Innovation,startups-innovation,2,HealthTech & MedTech Startups,healthtech-medtech-startups,51,Mental Health Tech Startups,mental-health-tech-startups,1,Mental Health Tech,Therapy Matching,mental-health-tech-therapy-matching
Startups & Innovation,startups-innovation,2,HealthTech & MedTech Startups,healthtech-medtech-startups,51,Mental Health Tech Startups,mental-health-tech-startups,2,Mental Health Tech,CBT App,mental-health-tech-cbt-app
Startups & Innovation,startups-innovation,2,HealthTech & MedTech Startups,healthtech-medtech-startups,51,Mental Health Tech Startups,mental-health-tech-startups,3,Mental Health Tech,Meditation App,mental-health-tech-meditation-app
Startups & Innovation,startups-innovation,2,HealthTech & MedTech Startups,healthtech-medtech-startups,51,Mental Health Tech Startups,mental-health-tech-startups,4,Mental Health Tech,Journaling App,mental-health-tech-journaling-app
Startups & Innovation,startups-innovation,2,HealthTech & MedTech Startups,healthtech-medtech-startups,51,Mental Health Tech Startups,mental-health-tech-startups,5,Mental Health Tech,Mood Tracker,mental-health-tech-mood-tracker
Startups & Innovation,startups-innovation,2,HealthTech & MedTech Startups,healthtech-medtech-startups,51,Mental Health Tech Startups,mental-health-tech-startups,6,Mental Health Tech,Anxiety Management,mental-health-tech-anxiety-management
Startups & Innovation,startups-innovation,2,HealthTech & MedTech Startups,healthtech-medtech-startups,51,Mental Health Tech Startups,mental-health-tech-startups,7,Mental Health Tech,ADHD Tools,mental-health-tech-adhd-tools
Startups & Innovation,startups-innovation,2,HealthTech & MedTech Startups,healthtech-medtech-startups,51,Mental Health Tech Startups,mental-health-tech-startups,8,Mental Health Tech,Sleep Tech,mental-health-tech-sleep-tech
Startups & Innovation,startups-innovation,2,HealthTech & MedTech Startups,healthtech-medtech-startups,51,Mental Health Tech Startups,mental-health-tech-startups,9,Mental Health Tech,Stress Monitor,mental-health-tech-stress-monitor
Startups & Innovation,startups-innovation,2,HealthTech & MedTech Startups,healthtech-medtech-startups,51,Mental Health Tech Startups,mental-health-tech-startups,10,Mental Health Tech,Burnout Prevention,mental-health-tech-burnout-prevention
Startups & Innovation,startups-innovation,2,HealthTech & MedTech Startups,healthtech-medtech-startups,52,Therapy App Startups,therapy-app-startups,,,,
Startups & Innovation,startups-innovation,2,HealthTech & MedTech Startups,healthtech-medtech-startups,53,Anxiety App Startups,anxiety-app-startups,,,,
Startups & Innovation,startups-innovation,2,HealthTech & MedTech Startups,healthtech-medtech-startups,54,Depression Support Startups,depression-support-startups,,,,
Startups & Innovation,startups-innovation,2,HealthTech & MedTech Startups,healthtech-medtech-startups,55,PTSD Treatment Startups,ptsd-treatment-startups,,,,
Startups & Innovation,startups-innovation,2,HealthTech & MedTech Startups,healthtech-medtech-startups,56,ADHD Tech Startups,adhd-tech-startups,,,,
Startups & Innovation,startups-innovation,2,HealthTech & MedTech Startups,healthtech-medtech-startups,57,Autism Support Tech Startups,autism-support-tech-startups,,,,
Startups & Innovation,startups-innovation,2,HealthTech & MedTech Startups,healthtech-medtech-startups,58,Substance Use Recovery Startups,substance-use-recovery-startups,,,,
Startups & Innovation,startups-innovation,2,HealthTech & MedTech Startups,healthtech-medtech-startups,59,Eating Disorder Tech Startups,eating-disorder-tech-startups,,,,
Startups & Innovation,startups-innovation,2,HealthTech & MedTech Startups,healthtech-medtech-startups,60,Sleep Disorder Tech Startups,sleep-disorder-tech-startups,,,,
Startups & Innovation,startups-innovation,2,HealthTech & MedTech Startups,healthtech-medtech-startups,61,Migraine Tech Startups,migraine-tech-startups,,,,
Startups & Innovation,startups-innovation,2,HealthTech & MedTech Startups,healthtech-medtech-startups,62,Pain Management Tech Startups,pain-management-tech-startups,,,,
Startups & Innovation,startups-innovation,2,HealthTech & MedTech Startups,healthtech-medtech-startups,63,Chronic Pain Startups,chronic-pain-startups,,,,
Startups & Innovation,startups-innovation,2,HealthTech & MedTech Startups,healthtech-medtech-startups,64,Pelvic Health Startups,pelvic-health-startups,,,,
Startups & Innovation,startups-innovation,2,HealthTech & MedTech Startups,healthtech-medtech-startups,65,Sexual Health Tech Startups,sexual-health-tech-startups,,,,
Startups & Innovation,startups-innovation,2,HealthTech & MedTech Startups,healthtech-medtech-startups,68,LGBTQ+ Health Tech Startups,lgbtq-health-tech-startups,,,,
Startups & Innovation,startups-innovation,2,HealthTech & MedTech Startups,healthtech-medtech-startups,69,Vision Care Tech Startups,vision-care-tech-startups,,,,
Startups & Innovation,startups-innovation,2,HealthTech & MedTech Startups,healthtech-medtech-startups,70,Hearing Care Tech Startups,hearing-care-tech-startups,,,,
Startups & Innovation,startups-innovation,2,HealthTech & MedTech Startups,healthtech-medtech-startups,71,Dental Tech Startups,dental-tech-startups,,,,
Startups & Innovation,startups-innovation,2,HealthTech & MedTech Startups,healthtech-medtech-startups,72,Orthodontic Tech Startups,orthodontic-tech-startups,,,,
Startups & Innovation,startups-innovation,2,HealthTech & MedTech Startups,healthtech-medtech-startups,73,Veterinary Tech Startups,veterinary-tech-startups,,,,
Startups & Innovation,startups-innovation,2,HealthTech & MedTech Startups,healthtech-medtech-startups,74,Animal Health Tech Startups,animal-health-tech-startups,,,,
Startups & Innovation,startups-innovation,2,HealthTech & MedTech Startups,healthtech-medtech-startups,75,Hospital Operations Tech Startups,hospital-operations-tech-startups,,,,
Startups & Innovation,startups-innovation,2,HealthTech & MedTech Startups,healthtech-medtech-startups,76,Clinical Workflow Startups,clinical-workflow-startups,,,,
Startups & Innovation,startups-innovation,2,HealthTech & MedTech Startups,healthtech-medtech-startups,77,Medical Scribe Startups,medical-scribe-startups,,,,
Startups & Innovation,startups-innovation,2,HealthTech & MedTech Startups,healthtech-medtech-startups,78,Revenue Cycle Tech Startups,revenue-cycle-tech-startups,,,,
Startups & Innovation,startups-innovation,2,HealthTech & MedTech Startups,healthtech-medtech-startups,79,Prior Authorization Tech Startups,prior-authorization-tech-startups,,,,
Startups & Innovation,startups-innovation,2,HealthTech & MedTech Startups,healthtech-medtech-startups,80,Medical Imaging AI Startups,medical-imaging-ai-startups,1,Biotech Innovation,Medical Imaging Startup,biotech-innovation-medical-imaging-startup
Startups & Innovation,startups-innovation,2,HealthTech & MedTech Startups,healthtech-medtech-startups,81,Radiology AI Startups,radiology-ai-startups,,,,
Startups & Innovation,startups-innovation,2,HealthTech & MedTech Startups,healthtech-medtech-startups,82,Pathology AI Startups,pathology-ai-startups,,,,
Startups & Innovation,startups-innovation,2,HealthTech & MedTech Startups,healthtech-medtech-startups,83,Surgical Robotics Startups,surgical-robotics-startups,,,,
Startups & Innovation,startups-innovation,2,HealthTech & MedTech Startups,healthtech-medtech-startups,84,Surgical Planning Tech Startups,surgical-planning-tech-startups,,,,
Startups & Innovation,startups-innovation,2,HealthTech & MedTech Startups,healthtech-medtech-startups,85,Anesthesia Tech Startups,anesthesia-tech-startups,,,,
Startups & Innovation,startups-innovation,2,HealthTech & MedTech Startups,healthtech-medtech-startups,86,Drug Discovery Startups,drug-discovery-startups,,,,
Startups & Innovation,startups-innovation,2,HealthTech & MedTech Startups,healthtech-medtech-startups,87,Computational Biology Startups,computational-biology-startups,,,,
Startups & Innovation,startups-innovation,2,HealthTech & MedTech Startups,healthtech-medtech-startups,88,Synthetic Biology Startups,synthetic-biology-startups,1,Biotech Innovation,Synthetic Biology Startup,biotech-innovation-synthetic-biology-startup
Startups & Innovation,startups-innovation,2,HealthTech & MedTech Startups,healthtech-medtech-startups,89,Cell Therapy Startups,cell-therapy-startups,1,Biotech Innovation,Cell Therapy,biotech-innovation-cell-therapy
Startups & Innovation,startups-innovation,2,HealthTech & MedTech Startups,healthtech-medtech-startups,90,Gene Therapy Startups,gene-therapy-startups,1,Biotech Innovation,Gene Therapy,biotech-innovation-gene-therapy
Startups & Innovation,startups-innovation,2,HealthTech & MedTech Startups,healthtech-medtech-startups,91,mRNA Tech Startups,mrna-tech-startups,,,,
Startups & Innovation,startups-innovation,2,HealthTech & MedTech Startups,healthtech-medtech-startups,92,Biomanufacturing Startups,biomanufacturing-startups,,,,
Startups & Innovation,startups-innovation,2,HealthTech & MedTech Startups,healthtech-medtech-startups,93,Lab Automation Startups,lab-automation-startups,,,,
Startups & Innovation,startups-innovation,2,HealthTech & MedTech Startups,healthtech-medtech-startups,94,Clinical Trial Tech Startups,clinical-trial-tech-startups,,,,
Startups & Innovation,startups-innovation,2,HealthTech & MedTech Startups,healthtech-medtech-startups,95,Decentralized Trial Startups,decentralized-trial-startups,,,,
Startups & Innovation,startups-innovation,2,HealthTech & MedTech Startups,healthtech-medtech-startups,96,Patient Recruitment Startups,patient-recruitment-startups,,,,
Startups & Innovation,startups-innovation,2,HealthTech & MedTech Startups,healthtech-medtech-startups,97,Real-World Evidence Startups,real-world-evidence-startups,,,,
Startups & Innovation,startups-innovation,2,HealthTech & MedTech Startups,healthtech-medtech-startups,98,Health Data Startups,health-data-startups,,,,
Startups & Innovation,startups-innovation,2,HealthTech & MedTech Startups,healthtech-medtech-startups,99,Interoperability Tech Startups,interoperability-tech-startups,,,,
Startups & Innovation,startups-innovation,2,HealthTech & MedTech Startups,healthtech-medtech-startups,100,FHIR API Startups,fhir-api-startups,,,,
Startups & Innovation,startups-innovation,2,HealthTech & MedTech Startups,healthtech-medtech-startups,101,Medical Device Startups,medical-device-startups,,,,
Startups & Innovation,startups-innovation,2,HealthTech & MedTech Startups,healthtech-medtech-startups,102,Implantable Device Startups,implantable-device-startups,,,,
Startups & Innovation,startups-innovation,2,HealthTech & MedTech Startups,healthtech-medtech-startups,103,Brain-Computer Interface Startups,brain-computer-interface-startups,,,,
Startups & Innovation,startups-innovation,2,HealthTech & MedTech Startups,healthtech-medtech-startups,104,Prosthetics Tech Startups,prosthetics-tech-startups,,,,
Startups & Innovation,startups-innovation,2,HealthTech & MedTech Startups,healthtech-medtech-startups,105,Exoskeleton Startups,exoskeleton-startups,,,,
Startups & Innovation,startups-innovation,3,EdTech & Learning Startups,edtech-learning-startups,1,K-12 EdTech Startups,k-12-edtech-startups,1,Learning Platforms,K-12 EdTech,learning-platforms-k-12-edtech
Startups & Innovation,startups-innovation,3,EdTech & Learning Startups,edtech-learning-startups,2,Early Childhood EdTech,early-childhood-edtech,,,,
Startups & Innovation,startups-innovation,3,EdTech & Learning Startups,edtech-learning-startups,3,Preschool Tech Startups,preschool-tech-startups,,,,
Startups & Innovation,startups-innovation,3,EdTech & Learning Startups,edtech-learning-startups,4,Elementary School Tech,elementary-school-tech,,,,
Startups & Innovation,startups-innovation,3,EdTech & Learning Startups,edtech-learning-startups,5,Middle School Tech,middle-school-tech,,,,
Startups & Innovation,startups-innovation,3,EdTech & Learning Startups,edtech-learning-startups,6,High School Tech,high-school-tech,,,,
Startups & Innovation,startups-innovation,3,EdTech & Learning Startups,edtech-learning-startups,7,Higher Ed Tech Startups,higher-ed-tech-startups,1,Learning Platforms,Higher Ed Tech,learning-platforms-higher-ed-tech
Startups & Innovation,startups-innovation,3,EdTech & Learning Startups,edtech-learning-startups,8,University Tech Startups,university-tech-startups,,,,
Startups & Innovation,startups-innovation,3,EdTech & Learning Startups,edtech-learning-startups,9,Online Course Startups,online-course-startups,1,Learning Platforms,Online Course Platforms,learning-platforms-online-course-platforms
Startups & Innovation,startups-innovation,3,EdTech & Learning Startups,edtech-learning-startups,10,MOOC Platform Startups,mooc-platform-startups,1,Learning Platforms,Tutoring Marketplaces,learning-platforms-tutoring-marketplaces
Startups & Innovation,startups-innovation,3,EdTech & Learning Startups,edtech-learning-startups,10,MOOC Platform Startups,mooc-platform-startups,2,Learning Platforms,Coding Bootcamps,learning-platforms-coding-bootcamps
Startups & Innovation,startups-innovation,3,EdTech & Learning Startups,edtech-learning-startups,10,MOOC Platform Startups,mooc-platform-startups,3,Learning Platforms,Corporate Training,learning-platforms-corporate-training
Startups & Innovation,startups-innovation,3,EdTech & Learning Startups,edtech-learning-startups,10,MOOC Platform Startups,mooc-platform-startups,4,Learning Platforms,Professional Development,learning-platforms-professional-development
Startups & Innovation,startups-innovation,3,EdTech & Learning Startups,edtech-learning-startups,10,MOOC Platform Startups,mooc-platform-startups,5,Learning Platforms,Skill Assessment,learning-platforms-skill-assessment
Startups & Innovation,startups-innovation,3,EdTech & Learning Startups,edtech-learning-startups,10,MOOC Platform Startups,mooc-platform-startups,6,Learning Platforms,Credentialing,learning-platforms-credentialing
Startups & Innovation,startups-innovation,3,EdTech & Learning Startups,edtech-learning-startups,11,Bootcamp Startups,bootcamp-startups,,,,
Startups & Innovation,startups-innovation,3,EdTech & Learning Startups,edtech-learning-startups,12,Coding Bootcamp Startups,coding-bootcamp-startups,,,,
Startups & Innovation,startups-innovation,3,EdTech & Learning Startups,edtech-learning-startups,13,Data Science Bootcamp Startups,data-science-bootcamp-startups,,,,
Startups & Innovation,startups-innovation,3,EdTech & Learning Startups,edtech-learning-startups,14,UX Bootcamp Startups,ux-bootcamp-startups,,,,
Startups & Innovation,startups-innovation,3,EdTech & Learning Startups,edtech-learning-startups,15,Cybersecurity Bootcamp Startups,cybersecurity-bootcamp-startups,,,,
Startups & Innovation,startups-innovation,3,EdTech & Learning Startups,edtech-learning-startups,16,Cohort-Based Course Startups,cohort-based-course-startups,,,,
Startups & Innovation,startups-innovation,3,EdTech & Learning Startups,edtech-learning-startups,17,Live Cohort Learning Startups,live-cohort-learning-startups,,,,
Startups & Innovation,startups-innovation,3,EdTech & Learning Startups,edtech-learning-startups,18,Self-Paced Course Startups,self-paced-course-startups,,,,
Startups & Innovation,startups-innovation,3,EdTech & Learning Startups,edtech-learning-startups,19,Microlearning Startups,microlearning-startups,,,,
Startups & Innovation,startups-innovation,3,EdTech & Learning Startups,edtech-learning-startups,20,Skill-Sharing Startups,skill-sharing-startups,,,,
Startups & Innovation,startups-innovation,3,EdTech & Learning Startups,edtech-learning-startups,21,Peer-to-Peer Learning Startups,peer-to-peer-learning-startups,,,,
Startups & Innovation,startups-innovation,3,EdTech & Learning Startups,edtech-learning-startups,22,Tutoring Marketplace Startups,tutoring-marketplace-startups,1,Marketplace Startups,B2B Marketplace,marketplace-startups-b2b-marketplace
Startups & Innovation,startups-innovation,3,EdTech & Learning Startups,edtech-learning-startups,22,Tutoring Marketplace Startups,tutoring-marketplace-startups,2,Marketplace Startups,B2C Marketplace,marketplace-startups-b2c-marketplace
Startups & Innovation,startups-innovation,3,EdTech & Learning Startups,edtech-learning-startups,22,Tutoring Marketplace Startups,tutoring-marketplace-startups,3,Marketplace Startups,C2C Marketplace,marketplace-startups-c2c-marketplace
Startups & Innovation,startups-innovation,3,EdTech & Learning Startups,edtech-learning-startups,22,Tutoring Marketplace Startups,tutoring-marketplace-startups,4,Marketplace Startups,Service Marketplace,marketplace-startups-service-marketplace
Startups & Innovation,startups-innovation,3,EdTech & Learning Startups,edtech-learning-startups,22,Tutoring Marketplace Startups,tutoring-marketplace-startups,5,Marketplace Startups,Vertical Marketplace,marketplace-startups-vertical-marketplace
Startups & Innovation,startups-innovation,3,EdTech & Learning Startups,edtech-learning-startups,22,Tutoring Marketplace Startups,tutoring-marketplace-startups,6,Marketplace Startups,Local Marketplace,marketplace-startups-local-marketplace
Startups & Innovation,startups-innovation,3,EdTech & Learning Startups,edtech-learning-startups,22,Tutoring Marketplace Startups,tutoring-marketplace-startups,7,Marketplace Startups,Global Marketplace,marketplace-startups-global-marketplace
Startups & Innovation,startups-innovation,3,EdTech & Learning Startups,edtech-learning-startups,23,Online Tutoring Startups,online-tutoring-startups,,,,
Startups & Innovation,startups-innovation,3,EdTech & Learning Startups,edtech-learning-startups,24,Math Tutoring Startups,math-tutoring-startups,,,,
Startups & Innovation,startups-innovation,3,EdTech & Learning Startups,edtech-learning-startups,25,Language Learning Startups,language-learning-startups,1,Learning Platforms,Language Learning,learning-platforms-language-learning
Startups & Innovation,startups-innovation,3,EdTech & Learning Startups,edtech-learning-startups,26,English Learning Startups,english-learning-startups,,,,
Startups & Innovation,startups-innovation,3,EdTech & Learning Startups,edtech-learning-startups,27,Mandarin Learning Startups,mandarin-learning-startups,,,,
Startups & Innovation,startups-innovation,3,EdTech & Learning Startups,edtech-learning-startups,28,Spanish Learning Startups,spanish-learning-startups,,,,
Startups & Innovation,startups-innovation,3,EdTech & Learning Startups,edtech-learning-startups,29,Reading Tutor Startups,reading-tutor-startups,,,,
Startups & Innovation,startups-innovation,3,EdTech & Learning Startups,edtech-learning-startups,30,Writing Tutor Startups,writing-tutor-startups,,,,
Startups & Innovation,startups-innovation,3,EdTech & Learning Startups,edtech-learning-startups,31,Test Prep Startups,test-prep-startups,,,,
Startups & Innovation,startups-innovation,3,EdTech & Learning Startups,edtech-learning-startups,32,SAT Prep Startups,sat-prep-startups,,,,
Startups & Innovation,startups-innovation,3,EdTech & Learning Startups,edtech-learning-startups,33,GRE Prep Startups,gre-prep-startups,,,,
Startups & Innovation,startups-innovation,3,EdTech & Learning Startups,edtech-learning-startups,34,GMAT Prep Startups,gmat-prep-startups,,,,
Startups & Innovation,startups-innovation,3,EdTech & Learning Startups,edtech-learning-startups,35,LSAT Prep Startups,lsat-prep-startups,,,,
Startups & Innovation,startups-innovation,3,EdTech & Learning Startups,edtech-learning-startups,36,MCAT Prep Startups,mcat-prep-startups,,,,
Startups & Innovation,startups-innovation,3,EdTech & Learning Startups,edtech-learning-startups,37,Bar Exam Prep Startups,bar-exam-prep-startups,,,,
Startups & Innovation,startups-innovation,3,EdTech & Learning Startups,edtech-learning-startups,38,Medical Licensing Prep Startups,medical-licensing-prep-startups,,,,
Startups & Innovation,startups-innovation,3,EdTech & Learning Startups,edtech-learning-startups,39,Coding Practice Startups,coding-practice-startups,,,,
Startups & Innovation,startups-innovation,3,EdTech & Learning Startups,edtech-learning-startups,40,Career Switcher Startups,career-switcher-startups,,,,
Startups & Innovation,startups-innovation,3,EdTech & Learning Startups,edtech-learning-startups,41,Adult Learning Startups,adult-learning-startups,,,,
Startups & Innovation,startups-innovation,3,EdTech & Learning Startups,edtech-learning-startups,42,Lifelong Learning Startups,lifelong-learning-startups,,,,
Startups & Innovation,startups-innovation,3,EdTech & Learning Startups,edtech-learning-startups,43,Workforce Reskilling Startups,workforce-reskilling-startups,,,,
Startups & Innovation,startups-innovation,3,EdTech & Learning Startups,edtech-learning-startups,44,Employee Upskilling Startups,employee-upskilling-startups,,,,
Startups & Innovation,startups-innovation,3,EdTech & Learning Startups,edtech-learning-startups,45,Sales Training Startups,sales-training-startups,,,,
Startups & Innovation,startups-innovation,3,EdTech & Learning Startups,edtech-learning-startups,46,Leadership Training Startups,leadership-training-startups,,,,
Startups & Innovation,startups-innovation,3,EdTech & Learning Startups,edtech-learning-startups,47,Executive Coaching Startups,executive-coaching-startups,,,,
Startups & Innovation,startups-innovation,3,EdTech & Learning Startups,edtech-learning-startups,48,Career Coaching Startups,career-coaching-startups,,,,
Startups & Innovation,startups-innovation,3,EdTech & Learning Startups,edtech-learning-startups,49,Interview Prep Startups,interview-prep-startups,,,,
Startups & Innovation,startups-innovation,3,EdTech & Learning Startups,edtech-learning-startups,50,Resume Builder Startups,resume-builder-startups,,,,
Startups & Innovation,startups-innovation,3,EdTech & Learning Startups,edtech-learning-startups,51,Career Discovery Startups,career-discovery-startups,,,,
Startups & Innovation,startups-innovation,3,EdTech & Learning Startups,edtech-learning-startups,52,Vocational Training Startups,vocational-training-startups,,,,
Startups & Innovation,startups-innovation,3,EdTech & Learning Startups,edtech-learning-startups,53,Trade School Tech Startups,trade-school-tech-startups,,,,
Startups & Innovation,startups-innovation,3,EdTech & Learning Startups,edtech-learning-startups,54,Apprenticeship Tech Startups,apprenticeship-tech-startups,,,,
Startups & Innovation,startups-innovation,3,EdTech & Learning Startups,edtech-learning-startups,55,Special Education Tech Startups,special-education-tech-startups,1,Education Infrastructure,School Management,education-infrastructure-school-management
Startups & Innovation,startups-innovation,3,EdTech & Learning Startups,edtech-learning-startups,55,Special Education Tech Startups,special-education-tech-startups,2,Education Infrastructure,Learning Analytics,education-infrastructure-learning-analytics
Startups & Innovation,startups-innovation,3,EdTech & Learning Startups,edtech-learning-startups,55,Special Education Tech Startups,special-education-tech-startups,3,Education Infrastructure,Classroom Technology,education-infrastructure-classroom-technology
Startups & Innovation,startups-innovation,3,EdTech & Learning Startups,edtech-learning-startups,55,Special Education Tech Startups,special-education-tech-startups,4,Education Infrastructure,Assessment Tools,education-infrastructure-assessment-tools
Startups & Innovation,startups-innovation,3,EdTech & Learning Startups,edtech-learning-startups,55,Special Education Tech Startups,special-education-tech-startups,5,Education Infrastructure,Proctoring,education-infrastructure-proctoring
Startups & Innovation,startups-innovation,3,EdTech & Learning Startups,edtech-learning-startups,55,Special Education Tech Startups,special-education-tech-startups,6,Education Infrastructure,Student Finance,education-infrastructure-student-finance
Startups & Innovation,startups-innovation,3,EdTech & Learning Startups,edtech-learning-startups,55,Special Education Tech Startups,special-education-tech-startups,7,Education Infrastructure,Career Services,education-infrastructure-career-services
Startups & Innovation,startups-innovation,3,EdTech & Learning Startups,edtech-learning-startups,55,Special Education Tech Startups,special-education-tech-startups,8,Education Infrastructure,Alumni Management,education-infrastructure-alumni-management
Startups & Innovation,startups-innovation,3,EdTech & Learning Startups,edtech-learning-startups,55,Special Education Tech Startups,special-education-tech-startups,9,Education Infrastructure,Admissions Tech,education-infrastructure-admissions-tech
Startups & Innovation,startups-innovation,3,EdTech & Learning Startups,edtech-learning-startups,56,IEP Tech Startups,iep-tech-startups,,,,
Startups & Innovation,startups-innovation,3,EdTech & Learning Startups,edtech-learning-startups,57,Dyslexia Tech Startups,dyslexia-tech-startups,,,,
Startups & Innovation,startups-innovation,3,EdTech & Learning Startups,edtech-learning-startups,58,Autism Education Tech,autism-education-tech,,,,
Startups & Innovation,startups-innovation,3,EdTech & Learning Startups,edtech-learning-startups,59,Gifted Education Tech,gifted-education-tech,,,,
Startups & Innovation,startups-innovation,3,EdTech & Learning Startups,edtech-learning-startups,60,Homeschool Tech Startups,homeschool-tech-startups,,,,
Startups & Innovation,startups-innovation,3,EdTech & Learning Startups,edtech-learning-startups,61,Microschool Startups,microschool-startups,,,,
Startups & Innovation,startups-innovation,3,EdTech & Learning Startups,edtech-learning-startups,62,Pod Learning Startups,pod-learning-startups,,,,
Startups & Innovation,startups-innovation,3,EdTech & Learning Startups,edtech-learning-startups,63,After-School Program Tech,after-school-program-tech,,,,
Startups & Innovation,startups-innovation,3,EdTech & Learning Startups,edtech-learning-startups,64,Summer Camp Tech Startups,summer-camp-tech-startups,,,,
Startups & Innovation,startups-innovation,3,EdTech & Learning Startups,edtech-learning-startups,65,School Operations Tech Startups,school-operations-tech-startups,,,,
Startups & Innovation,startups-innovation,3,EdTech & Learning Startups,edtech-learning-startups,66,Student Information System Startups,student-information-system-startups,1,Education Infrastructure,Student Information,education-infrastructure-student-information
Startups & Innovation,startups-innovation,3,EdTech & Learning Startups,edtech-learning-startups,67,Gradebook Tech Startups,gradebook-tech-startups,,,,
Startups & Innovation,startups-innovation,3,EdTech & Learning Startups,edtech-learning-startups,68,Parent-Teacher Comms Tech,parent-teacher-comms-tech,,,,
Startups & Innovation,startups-innovation,3,EdTech & Learning Startups,edtech-learning-startups,69,School Bus Tech Startups,school-bus-tech-startups,,,,
Startups & Innovation,startups-innovation,3,EdTech & Learning Startups,edtech-learning-startups,70,Cafeteria Tech Startups,cafeteria-tech-startups,,,,
Startups & Innovation,startups-innovation,3,EdTech & Learning Startups,edtech-learning-startups,71,Library Tech Startups,library-tech-startups,,,,
Startups & Innovation,startups-innovation,3,EdTech & Learning Startups,edtech-learning-startups,72,Education Funding Tech,education-funding-tech,,,,
Startups & Innovation,startups-innovation,3,EdTech & Learning Startups,edtech-learning-startups,73,Scholarship Tech Startups,scholarship-tech-startups,,,,
Startups & Innovation,startups-innovation,3,EdTech & Learning Startups,edtech-learning-startups,74,Financial Aid Tech,financial-aid-tech,,,,
Startups & Innovation,startups-innovation,3,EdTech & Learning Startups,edtech-learning-startups,75,College Admissions Tech Startups,college-admissions-tech-startups,,,,
Startups & Innovation,startups-innovation,3,EdTech & Learning Startups,edtech-learning-startups,76,College Match Startups,college-match-startups,,,,
Startups & Innovation,startups-innovation,3,EdTech & Learning Startups,edtech-learning-startups,77,Student Housing Tech,student-housing-tech,,,,
Startups & Innovation,startups-innovation,3,EdTech & Learning Startups,edtech-learning-startups,78,Study Abroad Tech,study-abroad-tech,,,,
Startups & Innovation,startups-innovation,3,EdTech & Learning Startups,edtech-learning-startups,79,Music Education Tech,music-education-tech,,,,
Startups & Innovation,startups-innovation,3,EdTech & Learning Startups,edtech-learning-startups,80,Art Education Tech,art-education-tech,,,,
Startups & Innovation,startups-innovation,3,EdTech & Learning Startups,edtech-learning-startups,81,STEM Education Tech,stem-education-tech,,,,
Startups & Innovation,startups-innovation,3,EdTech & Learning Startups,edtech-learning-startups,82,Robotics Education Tech,robotics-education-tech,,,,
Startups & Innovation,startups-innovation,3,EdTech & Learning Startups,edtech-learning-startups,83,Creative Writing Education Tech,creative-writing-education-tech,,,,
Startups & Innovation,startups-innovation,4,"Climate, Energy & Sustainability Startups",climate-energy-sustainability-startups,1,Climate Tech Startups,climate-tech-startups,1,Climate Innovation,Carbon Removal,climate-innovation-carbon-removal
Startups & Innovation,startups-innovation,4,"Climate, Energy & Sustainability Startups",climate-energy-sustainability-startups,1,Climate Tech Startups,climate-tech-startups,2,Climate Innovation,Carbon Offset Platform,climate-innovation-carbon-offset-platform
Startups & Innovation,startups-innovation,4,"Climate, Energy & Sustainability Startups",climate-energy-sustainability-startups,1,Climate Tech Startups,climate-tech-startups,3,Climate Innovation,Climate Data,climate-innovation-climate-data
Startups & Innovation,startups-innovation,4,"Climate, Energy & Sustainability Startups",climate-energy-sustainability-startups,1,Climate Tech Startups,climate-tech-startups,4,Climate Innovation,Climate Risk,climate-innovation-climate-risk
Startups & Innovation,startups-innovation,4,"Climate, Energy & Sustainability Startups",climate-energy-sustainability-startups,1,Climate Tech Startups,climate-tech-startups,5,Climate Innovation,Renewable Energy Platform,climate-innovation-renewable-energy-platform
Startups & Innovation,startups-innovation,4,"Climate, Energy & Sustainability Startups",climate-energy-sustainability-startups,1,Climate Tech Startups,climate-tech-startups,6,Climate Innovation,Energy Storage,climate-innovation-energy-storage
Startups & Innovation,startups-innovation,4,"Climate, Energy & Sustainability Startups",climate-energy-sustainability-startups,1,Climate Tech Startups,climate-tech-startups,7,Climate Innovation,Green Hydrogen,climate-innovation-green-hydrogen
Startups & Innovation,startups-innovation,4,"Climate, Energy & Sustainability Startups",climate-energy-sustainability-startups,1,Climate Tech Startups,climate-tech-startups,8,Climate Innovation,Climate Finance,climate-innovation-climate-finance
Startups & Innovation,startups-innovation,4,"Climate, Energy & Sustainability Startups",climate-energy-sustainability-startups,1,Climate Tech Startups,climate-tech-startups,9,Climate Innovation,Sustainable Agriculture,climate-innovation-sustainable-agriculture
Startups & Innovation,startups-innovation,4,"Climate, Energy & Sustainability Startups",climate-energy-sustainability-startups,1,Climate Tech Startups,climate-tech-startups,10,Climate Innovation,Ocean Technology,climate-innovation-ocean-technology
Startups & Innovation,startups-innovation,4,"Climate, Energy & Sustainability Startups",climate-energy-sustainability-startups,2,Carbon Removal Startups,carbon-removal-startups,1,Sustainability,Carbon Capture,sustainability-carbon-capture
Startups & Innovation,startups-innovation,4,"Climate, Energy & Sustainability Startups",climate-energy-sustainability-startups,2,Carbon Removal Startups,carbon-removal-startups,2,Sustainability,Carbon Credits,sustainability-carbon-credits
Startups & Innovation,startups-innovation,4,"Climate, Energy & Sustainability Startups",climate-energy-sustainability-startups,3,Direct Air Capture Startups,direct-air-capture-startups,,,,
Startups & Innovation,startups-innovation,4,"Climate, Energy & Sustainability Startups",climate-energy-sustainability-startups,4,Carbon Offset Marketplace Startups,carbon-offset-marketplace-startups,,,,
Startups & Innovation,startups-innovation,4,"Climate, Energy & Sustainability Startups",climate-energy-sustainability-startups,5,Carbon Accounting Startups,carbon-accounting-startups,,,,
Startups & Innovation,startups-innovation,4,"Climate, Energy & Sustainability Startups",climate-energy-sustainability-startups,6,ESG Reporting Startups,esg-reporting-startups,1,Sustainability,ESG Software,sustainability-esg-software
Startups & Innovation,startups-innovation,4,"Climate, Energy & Sustainability Startups",climate-energy-sustainability-startups,7,Sustainability Reporting Startups,sustainability-reporting-startups,1,Sustainability,Renewable Energy,sustainability-renewable-energy
Startups & Innovation,startups-innovation,4,"Climate, Energy & Sustainability Startups",climate-energy-sustainability-startups,8,Climate Risk Analytics Startups,climate-risk-analytics-startups,,,,
Startups & Innovation,startups-innovation,4,"Climate, Energy & Sustainability Startups",climate-energy-sustainability-startups,9,Climate Insurance Startups,climate-insurance-startups,,,,
Startups & Innovation,startups-innovation,4,"Climate, Energy & Sustainability Startups",climate-energy-sustainability-startups,10,Disaster Resilience Startups,disaster-resilience-startups,,,,
Startups & Innovation,startups-innovation,4,"Climate, Energy & Sustainability Startups",climate-energy-sustainability-startups,11,Wildfire Tech Startups,wildfire-tech-startups,,,,
Startups & Innovation,startups-innovation,4,"Climate, Energy & Sustainability Startups",climate-energy-sustainability-startups,12,Flood Tech Startups,flood-tech-startups,,,,
Startups & Innovation,startups-innovation,4,"Climate, Energy & Sustainability Startups",climate-energy-sustainability-startups,13,Hurricane Prediction Startups,hurricane-prediction-startups,,,,
Startups & Innovation,startups-innovation,4,"Climate, Energy & Sustainability Startups",climate-energy-sustainability-startups,14,Solar Energy Startups,solar-energy-startups,,,,
Startups & Innovation,startups-innovation,4,"Climate, Energy & Sustainability Startups",climate-energy-sustainability-startups,15,Residential Solar Startups,residential-solar-startups,,,,
Startups & Innovation,startups-innovation,4,"Climate, Energy & Sustainability Startups",climate-energy-sustainability-startups,16,Community Solar Startups,community-solar-startups,,,,
Startups & Innovation,startups-innovation,4,"Climate, Energy & Sustainability Startups",climate-energy-sustainability-startups,17,Solar Marketplace Startups,solar-marketplace-startups,,,,
Startups & Innovation,startups-innovation,4,"Climate, Energy & Sustainability Startups",climate-energy-sustainability-startups,18,Wind Energy Startups,wind-energy-startups,,,,
Startups & Innovation,startups-innovation,4,"Climate, Energy & Sustainability Startups",climate-energy-sustainability-startups,19,Offshore Wind Startups,offshore-wind-startups,,,,
Startups & Innovation,startups-innovation,4,"Climate, Energy & Sustainability Startups",climate-energy-sustainability-startups,20,Geothermal Energy Startups,geothermal-energy-startups,,,,
Startups & Innovation,startups-innovation,4,"Climate, Energy & Sustainability Startups",climate-energy-sustainability-startups,21,Hydropower Startups,hydropower-startups,,,,
Startups & Innovation,startups-innovation,4,"Climate, Energy & Sustainability Startups",climate-energy-sustainability-startups,22,Wave Energy Startups,wave-energy-startups,,,,
Startups & Innovation,startups-innovation,4,"Climate, Energy & Sustainability Startups",climate-energy-sustainability-startups,23,Tidal Energy Startups,tidal-energy-startups,,,,
Startups & Innovation,startups-innovation,4,"Climate, Energy & Sustainability Startups",climate-energy-sustainability-startups,24,Hydrogen Fuel Startups,hydrogen-fuel-startups,,,,
Startups & Innovation,startups-innovation,4,"Climate, Energy & Sustainability Startups",climate-energy-sustainability-startups,25,Green Hydrogen Startups,green-hydrogen-startups,,,,
Startups & Innovation,startups-innovation,4,"Climate, Energy & Sustainability Startups",climate-energy-sustainability-startups,26,Nuclear Fusion Startups,nuclear-fusion-startups,,,,
Startups & Innovation,startups-innovation,4,"Climate, Energy & Sustainability Startups",climate-energy-sustainability-startups,27,Small Modular Reactor Startups,small-modular-reactor-startups,,,,
Startups & Innovation,startups-innovation,4,"Climate, Energy & Sustainability Startups",climate-energy-sustainability-startups,28,Battery Storage Startups,battery-storage-startups,1,Sustainability,Battery Technology,sustainability-battery-technology
Startups & Innovation,startups-innovation,4,"Climate, Energy & Sustainability Startups",climate-energy-sustainability-startups,29,Grid-Scale Battery Startups,grid-scale-battery-startups,,,,
Startups & Innovation,startups-innovation,4,"Climate, Energy & Sustainability Startups",climate-energy-sustainability-startups,30,Home Battery Startups,home-battery-startups,,,,
Startups & Innovation,startups-innovation,4,"Climate, Energy & Sustainability Startups",climate-energy-sustainability-startups,31,EV Battery Startups,ev-battery-startups,1,Sustainability,EV Infrastructure,sustainability-ev-infrastructure
Startups & Innovation,startups-innovation,4,"Climate, Energy & Sustainability Startups",climate-energy-sustainability-startups,32,Battery Recycling Startups,battery-recycling-startups,,,,
Startups & Innovation,startups-innovation,4,"Climate, Energy & Sustainability Startups",climate-energy-sustainability-startups,33,Smart Grid Startups,smart-grid-startups,1,Sustainability,Smart Grid,sustainability-smart-grid
Startups & Innovation,startups-innovation,4,"Climate, Energy & Sustainability Startups",climate-energy-sustainability-startups,34,Virtual Power Plant Startups,virtual-power-plant-startups,,,,
Startups & Innovation,startups-innovation,4,"Climate, Energy & Sustainability Startups",climate-energy-sustainability-startups,35,Demand Response Startups,demand-response-startups,,,,
Startups & Innovation,startups-innovation,4,"Climate, Energy & Sustainability Startups",climate-energy-sustainability-startups,36,Energy Trading Platforms,energy-trading-platforms,,,,
Startups & Innovation,startups-innovation,4,"Climate, Energy & Sustainability Startups",climate-energy-sustainability-startups,37,Energy Efficiency Startups,energy-efficiency-startups,,,,
Startups & Innovation,startups-innovation,4,"Climate, Energy & Sustainability Startups",climate-energy-sustainability-startups,38,Building Energy Management Startups,building-energy-management-startups,,,,
Startups & Innovation,startups-innovation,4,"Climate, Energy & Sustainability Startups",climate-energy-sustainability-startups,39,HVAC Optimization Startups,hvac-optimization-startups,,,,
Startups & Innovation,startups-innovation,4,"Climate, Energy & Sustainability Startups",climate-energy-sustainability-startups,40,Heat Pump Startups,heat-pump-startups,,,,
Startups & Innovation,startups-innovation,4,"Climate, Energy & Sustainability Startups",climate-energy-sustainability-startups,41,Smart Thermostat Startups,smart-thermostat-startups,,,,
Startups & Innovation,startups-innovation,4,"Climate, Energy & Sustainability Startups",climate-energy-sustainability-startups,42,Home Energy Audit Startups,home-energy-audit-startups,,,,
Startups & Innovation,startups-innovation,4,"Climate, Energy & Sustainability Startups",climate-energy-sustainability-startups,43,Industrial Decarbonization Startups,industrial-decarbonization-startups,,,,
Startups & Innovation,startups-innovation,4,"Climate, Energy & Sustainability Startups",climate-energy-sustainability-startups,44,Cement Decarbonization Startups,cement-decarbonization-startups,,,,
Startups & Innovation,startups-innovation,4,"Climate, Energy & Sustainability Startups",climate-energy-sustainability-startups,45,Steel Decarbonization Startups,steel-decarbonization-startups,,,,
Startups & Innovation,startups-innovation,4,"Climate, Energy & Sustainability Startups",climate-energy-sustainability-startups,46,Aviation Decarbonization Startups,aviation-decarbonization-startups,,,,
Startups & Innovation,startups-innovation,4,"Climate, Energy & Sustainability Startups",climate-energy-sustainability-startups,47,Shipping Decarbonization Startups,shipping-decarbonization-startups,,,,
Startups & Innovation,startups-innovation,4,"Climate, Energy & Sustainability Startups",climate-energy-sustainability-startups,48,Concrete Alternative Startups,concrete-alternative-startups,,,,
Startups & Innovation,startups-innovation,4,"Climate, Energy & Sustainability Startups",climate-energy-sustainability-startups,49,Sustainable Materials Startups,sustainable-materials-startups,,,,
Startups & Innovation,startups-innovation,4,"Climate, Energy & Sustainability Startups",climate-energy-sustainability-startups,50,Bioplastic Startups,bioplastic-startups,,,,
Startups & Innovation,startups-innovation,4,"Climate, Energy & Sustainability Startups",climate-energy-sustainability-startups,51,Mushroom Material Startups,mushroom-material-startups,,,,
Startups & Innovation,startups-innovation,4,"Climate, Energy & Sustainability Startups",climate-energy-sustainability-startups,52,Mycelium Tech Startups,mycelium-tech-startups,,,,
Startups & Innovation,startups-innovation,4,"Climate, Energy & Sustainability Startups",climate-energy-sustainability-startups,53,Lab-Grown Leather Startups,lab-grown-leather-startups,,,,
Startups & Innovation,startups-innovation,4,"Climate, Energy & Sustainability Startups",climate-energy-sustainability-startups,54,Recycled Material Startups,recycled-material-startups,,,,
Startups & Innovation,startups-innovation,4,"Climate, Energy & Sustainability Startups",climate-energy-sustainability-startups,55,Plastic Recycling Tech,plastic-recycling-tech,,,,
Startups & Innovation,startups-innovation,4,"Climate, Energy & Sustainability Startups",climate-energy-sustainability-startups,56,Textile Recycling Startups,textile-recycling-startups,,,,
Startups & Innovation,startups-innovation,4,"Climate, Energy & Sustainability Startups",climate-energy-sustainability-startups,57,E-Waste Recycling Startups,e-waste-recycling-startups,,,,
Startups & Innovation,startups-innovation,4,"Climate, Energy & Sustainability Startups",climate-energy-sustainability-startups,58,Battery Recycling Tech,battery-recycling-tech,,,,
Startups & Innovation,startups-innovation,4,"Climate, Energy & Sustainability Startups",climate-energy-sustainability-startups,59,Circular Economy Marketplaces,circular-economy-marketplaces,1,Sustainability,Circular Economy,sustainability-circular-economy
Startups & Innovation,startups-innovation,4,"Climate, Energy & Sustainability Startups",climate-energy-sustainability-startups,60,Resale Tech Startups,resale-tech-startups,,,,
Startups & Innovation,startups-innovation,4,"Climate, Energy & Sustainability Startups",climate-energy-sustainability-startups,61,Repair Tech Startups,repair-tech-startups,,,,
Startups & Innovation,startups-innovation,4,"Climate, Energy & Sustainability Startups",climate-energy-sustainability-startups,62,Right-to-Repair Startups,right-to-repair-startups,,,,
Startups & Innovation,startups-innovation,4,"Climate, Energy & Sustainability Startups",climate-energy-sustainability-startups,63,Composting Tech Startups,composting-tech-startups,,,,
Startups & Innovation,startups-innovation,4,"Climate, Energy & Sustainability Startups",climate-energy-sustainability-startups,64,Food Waste Reduction Startups,food-waste-reduction-startups,,,,
Startups & Innovation,startups-innovation,4,"Climate, Energy & Sustainability Startups",climate-energy-sustainability-startups,65,Water Conservation Startups,water-conservation-startups,1,Sustainability,Water Technology,sustainability-water-technology
Startups & Innovation,startups-innovation,4,"Climate, Energy & Sustainability Startups",climate-energy-sustainability-startups,66,Water Purification Startups,water-purification-startups,,,,
Startups & Innovation,startups-innovation,4,"Climate, Energy & Sustainability Startups",climate-energy-sustainability-startups,67,Atmospheric Water Generator Startups,atmospheric-water-generator-startups,,,,
Startups & Innovation,startups-innovation,4,"Climate, Energy & Sustainability Startups",climate-energy-sustainability-startups,68,Desalination Tech Startups,desalination-tech-startups,,,,
Startups & Innovation,startups-innovation,4,"Climate, Energy & Sustainability Startups",climate-energy-sustainability-startups,69,Greywater Recycling Startups,greywater-recycling-startups,,,,
Startups & Innovation,startups-innovation,4,"Climate, Energy & Sustainability Startups",climate-energy-sustainability-startups,70,Rainwater Harvesting Startups,rainwater-harvesting-startups,,,,
Startups & Innovation,startups-innovation,4,"Climate, Energy & Sustainability Startups",climate-energy-sustainability-startups,71,Air Quality Tech Startups,air-quality-tech-startups,,,,
Startups & Innovation,startups-innovation,4,"Climate, Energy & Sustainability Startups",climate-energy-sustainability-startups,72,Indoor Air Quality Startups,indoor-air-quality-startups,,,,
Startups & Innovation,startups-innovation,4,"Climate, Energy & Sustainability Startups",climate-energy-sustainability-startups,73,Wildlife Conservation Tech,wildlife-conservation-tech,,,,
Startups & Innovation,startups-innovation,4,"Climate, Energy & Sustainability Startups",climate-energy-sustainability-startups,74,Reforestation Startups,reforestation-startups,,,,
Startups & Innovation,startups-innovation,4,"Climate, Energy & Sustainability Startups",climate-energy-sustainability-startups,75,Mangrove Restoration Startups,mangrove-restoration-startups,,,,
Startups & Innovation,startups-innovation,4,"Climate, Energy & Sustainability Startups",climate-energy-sustainability-startups,76,Coral Reef Tech Startups,coral-reef-tech-startups,,,,
Startups & Innovation,startups-innovation,4,"Climate, Energy & Sustainability Startups",climate-energy-sustainability-startups,77,Ocean Cleanup Startups,ocean-cleanup-startups,,,,
Startups & Innovation,startups-innovation,4,"Climate, Energy & Sustainability Startups",climate-energy-sustainability-startups,78,Plastic Cleanup Startups,plastic-cleanup-startups,,,,
Startups & Innovation,startups-innovation,4,"Climate, Energy & Sustainability Startups",climate-energy-sustainability-startups,79,Climate Education Startups,climate-education-startups,,,,
Startups & Innovation,startups-innovation,4,"Climate, Energy & Sustainability Startups",climate-energy-sustainability-startups,80,Climate Action Apps,climate-action-apps,,,,
Startups & Innovation,startups-innovation,4,"Climate, Energy & Sustainability Startups",climate-energy-sustainability-startups,81,Personal Carbon Footprint Apps,personal-carbon-footprint-apps,,,,
Startups & Innovation,startups-innovation,4,"Climate, Energy & Sustainability Startups",climate-energy-sustainability-startups,82,Sustainable Lifestyle Apps,sustainable-lifestyle-apps,,,,
Startups & Innovation,startups-innovation,5,"AgriTech, FoodTech & Beverage Startups",agritech-foodtech-beverage-startups,1,Vertical Farming Startups,vertical-farming-startups,1,Food & Agriculture,Vertical Farming,food-agriculture-vertical-farming
Startups & Innovation,startups-innovation,5,"AgriTech, FoodTech & Beverage Startups",agritech-foodtech-beverage-startups,2,Indoor Farming Startups,indoor-farming-startups,,,,
Startups & Innovation,startups-innovation,5,"AgriTech, FoodTech & Beverage Startups",agritech-foodtech-beverage-startups,3,Hydroponics Startups,hydroponics-startups,,,,
Startups & Innovation,startups-innovation,5,"AgriTech, FoodTech & Beverage Startups",agritech-foodtech-beverage-startups,4,Aeroponics Startups,aeroponics-startups,,,,
Startups & Innovation,startups-innovation,5,"AgriTech, FoodTech & Beverage Startups",agritech-foodtech-beverage-startups,5,Aquaponics Startups,aquaponics-startups,,,,
Startups & Innovation,startups-innovation,5,"AgriTech, FoodTech & Beverage Startups",agritech-foodtech-beverage-startups,6,Greenhouse Tech Startups,greenhouse-tech-startups,,,,
Startups & Innovation,startups-innovation,5,"AgriTech, FoodTech & Beverage Startups",agritech-foodtech-beverage-startups,7,Precision Agriculture Startups,precision-agriculture-startups,1,Food & Agriculture,Ghost Kitchens,food-agriculture-ghost-kitchens
Startups & Innovation,startups-innovation,5,"AgriTech, FoodTech & Beverage Startups",agritech-foodtech-beverage-startups,7,Precision Agriculture Startups,precision-agriculture-startups,2,Food & Agriculture,Meal Kits,food-agriculture-meal-kits
Startups & Innovation,startups-innovation,5,"AgriTech, FoodTech & Beverage Startups",agritech-foodtech-beverage-startups,7,Precision Agriculture Startups,precision-agriculture-startups,3,Food & Agriculture,Agricultural Tech,food-agriculture-agricultural-tech
Startups & Innovation,startups-innovation,5,"AgriTech, FoodTech & Beverage Startups",agritech-foodtech-beverage-startups,8,Farm Management Software Startups,farm-management-software-startups,,,,
Startups & Innovation,startups-innovation,5,"AgriTech, FoodTech & Beverage Startups",agritech-foodtech-beverage-startups,9,Crop Monitoring Startups,crop-monitoring-startups,,,,
Startups & Innovation,startups-innovation,5,"AgriTech, FoodTech & Beverage Startups",agritech-foodtech-beverage-startups,10,Soil Health Tech Startups,soil-health-tech-startups,,,,
Startups & Innovation,startups-innovation,5,"AgriTech, FoodTech & Beverage Startups",agritech-foodtech-beverage-startups,11,Soil Carbon Startups,soil-carbon-startups,,,,
Startups & Innovation,startups-innovation,5,"AgriTech, FoodTech & Beverage Startups",agritech-foodtech-beverage-startups,12,Regenerative Ag Startups,regenerative-ag-startups,,,,
Startups & Innovation,startups-innovation,5,"AgriTech, FoodTech & Beverage Startups",agritech-foodtech-beverage-startups,13,Cover Crop Tech,cover-crop-tech,,,,
Startups & Innovation,startups-innovation,5,"AgriTech, FoodTech & Beverage Startups",agritech-foodtech-beverage-startups,14,Pollinator Tech Startups,pollinator-tech-startups,,,,
Startups & Innovation,startups-innovation,5,"AgriTech, FoodTech & Beverage Startups",agritech-foodtech-beverage-startups,15,Bee Tech Startups,bee-tech-startups,,,,
Startups & Innovation,startups-innovation,5,"AgriTech, FoodTech & Beverage Startups",agritech-foodtech-beverage-startups,16,Pest Detection Startups,pest-detection-startups,,,,
Startups & Innovation,startups-innovation,5,"AgriTech, FoodTech & Beverage Startups",agritech-foodtech-beverage-startups,17,Weed Detection Tech,weed-detection-tech,,,,
Startups & Innovation,startups-innovation,5,"AgriTech, FoodTech & Beverage Startups",agritech-foodtech-beverage-startups,18,Drone Spraying Startups,drone-spraying-startups,,,,
Startups & Innovation,startups-innovation,5,"AgriTech, FoodTech & Beverage Startups",agritech-foodtech-beverage-startups,19,Autonomous Tractor Startups,autonomous-tractor-startups,,,,
Startups & Innovation,startups-innovation,5,"AgriTech, FoodTech & Beverage Startups",agritech-foodtech-beverage-startups,20,Farm Robotics Startups,farm-robotics-startups,,,,
Startups & Innovation,startups-innovation,5,"AgriTech, FoodTech & Beverage Startups",agritech-foodtech-beverage-startups,21,Harvest Robotics Startups,harvest-robotics-startups,,,,
Startups & Innovation,startups-innovation,5,"AgriTech, FoodTech & Beverage Startups",agritech-foodtech-beverage-startups,22,Livestock Monitoring Startups,livestock-monitoring-startups,,,,
Startups & Innovation,startups-innovation,5,"AgriTech, FoodTech & Beverage Startups",agritech-foodtech-beverage-startups,23,Cattle Tech Startups,cattle-tech-startups,,,,
Startups & Innovation,startups-innovation,5,"AgriTech, FoodTech & Beverage Startups",agritech-foodtech-beverage-startups,24,Dairy Tech Startups,dairy-tech-startups,,,,
Startups & Innovation,startups-innovation,5,"AgriTech, FoodTech & Beverage Startups",agritech-foodtech-beverage-startups,25,Poultry Tech Startups,poultry-tech-startups,,,,
Startups & Innovation,startups-innovation,5,"AgriTech, FoodTech & Beverage Startups",agritech-foodtech-beverage-startups,26,Aquaculture Tech Startups,aquaculture-tech-startups,,,,
Startups & Innovation,startups-innovation,5,"AgriTech, FoodTech & Beverage Startups",agritech-foodtech-beverage-startups,27,Fish Farming Tech,fish-farming-tech,,,,
Startups & Innovation,startups-innovation,5,"AgriTech, FoodTech & Beverage Startups",agritech-foodtech-beverage-startups,28,Shrimp Farming Tech,shrimp-farming-tech,,,,
Startups & Innovation,startups-innovation,5,"AgriTech, FoodTech & Beverage Startups",agritech-foodtech-beverage-startups,29,Insect Farming Startups,insect-farming-startups,,,,
Startups & Innovation,startups-innovation,5,"AgriTech, FoodTech & Beverage Startups",agritech-foodtech-beverage-startups,30,Cricket Protein Startups,cricket-protein-startups,,,,
Startups & Innovation,startups-innovation,5,"AgriTech, FoodTech & Beverage Startups",agritech-foodtech-beverage-startups,31,Alternative Protein Startups,alternative-protein-startups,1,Food & Agriculture,Alternative Protein,food-agriculture-alternative-protein
Startups & Innovation,startups-innovation,5,"AgriTech, FoodTech & Beverage Startups",agritech-foodtech-beverage-startups,32,Plant-Based Meat Startups,plant-based-meat-startups,,,,
Startups & Innovation,startups-innovation,5,"AgriTech, FoodTech & Beverage Startups",agritech-foodtech-beverage-startups,33,Cell-Cultured Meat Startups,cell-cultured-meat-startups,,,,
Startups & Innovation,startups-innovation,5,"AgriTech, FoodTech & Beverage Startups",agritech-foodtech-beverage-startups,34,Lab-Grown Seafood Startups,lab-grown-seafood-startups,,,,
Startups & Innovation,startups-innovation,5,"AgriTech, FoodTech & Beverage Startups",agritech-foodtech-beverage-startups,35,Mycoprotein Startups,mycoprotein-startups,,,,
Startups & Innovation,startups-innovation,5,"AgriTech, FoodTech & Beverage Startups",agritech-foodtech-beverage-startups,36,Precision Fermentation Startups,precision-fermentation-startups,,,,
Startups & Innovation,startups-innovation,5,"AgriTech, FoodTech & Beverage Startups",agritech-foodtech-beverage-startups,37,Dairy Alternative Startups,dairy-alternative-startups,,,,
Startups & Innovation,startups-innovation,5,"AgriTech, FoodTech & Beverage Startups",agritech-foodtech-beverage-startups,38,Cheese Alternative Startups,cheese-alternative-startups,,,,
Startups & Innovation,startups-innovation,5,"AgriTech, FoodTech & Beverage Startups",agritech-foodtech-beverage-startups,39,Plant-Based Egg Startups,plant-based-egg-startups,,,,
Startups & Innovation,startups-innovation,5,"AgriTech, FoodTech & Beverage Startups",agritech-foodtech-beverage-startups,40,Sustainable Seafood Startups,sustainable-seafood-startups,,,,
Startups & Innovation,startups-innovation,5,"AgriTech, FoodTech & Beverage Startups",agritech-foodtech-beverage-startups,41,Seaweed Startups,seaweed-startups,,,,
Startups & Innovation,startups-innovation,5,"AgriTech, FoodTech & Beverage Startups",agritech-foodtech-beverage-startups,42,Functional Food Startups,functional-food-startups,1,Food & Agriculture,Food Safety,food-agriculture-food-safety
Startups & Innovation,startups-innovation,5,"AgriTech, FoodTech & Beverage Startups",agritech-foodtech-beverage-startups,42,Functional Food Startups,functional-food-startups,2,Food & Agriculture,Food Waste Tech,food-agriculture-food-waste-tech
Startups & Innovation,startups-innovation,5,"AgriTech, FoodTech & Beverage Startups",agritech-foodtech-beverage-startups,42,Functional Food Startups,functional-food-startups,3,Food & Agriculture,Supply Chain Food,food-agriculture-supply-chain-food
Startups & Innovation,startups-innovation,5,"AgriTech, FoodTech & Beverage Startups",agritech-foodtech-beverage-startups,43,Meal Kit Startups,meal-kit-startups,,,,
Startups & Innovation,startups-innovation,5,"AgriTech, FoodTech & Beverage Startups",agritech-foodtech-beverage-startups,44,Healthy Meal Delivery Startups,healthy-meal-delivery-startups,,,,
Startups & Innovation,startups-innovation,5,"AgriTech, FoodTech & Beverage Startups",agritech-foodtech-beverage-startups,45,Frozen Meal Startups,frozen-meal-startups,,,,
Startups & Innovation,startups-innovation,5,"AgriTech, FoodTech & Beverage Startups",agritech-foodtech-beverage-startups,46,Ghost Kitchen Startups,ghost-kitchen-startups,,,,
Startups & Innovation,startups-innovation,5,"AgriTech, FoodTech & Beverage Startups",agritech-foodtech-beverage-startups,47,Cloud Kitchen Tech Startups,cloud-kitchen-tech-startups,,,,
Startups & Innovation,startups-innovation,5,"AgriTech, FoodTech & Beverage Startups",agritech-foodtech-beverage-startups,48,Restaurant Tech Startups,restaurant-tech-startups,1,Food & Agriculture,Restaurant Tech,food-agriculture-restaurant-tech
Startups & Innovation,startups-innovation,5,"AgriTech, FoodTech & Beverage Startups",agritech-foodtech-beverage-startups,49,Restaurant Reservation Startups,restaurant-reservation-startups,,,,
Startups & Innovation,startups-innovation,5,"AgriTech, FoodTech & Beverage Startups",agritech-foodtech-beverage-startups,50,Restaurant POS Startups,restaurant-pos-startups,,,,
Startups & Innovation,startups-innovation,5,"AgriTech, FoodTech & Beverage Startups",agritech-foodtech-beverage-startups,51,Food Delivery Startups,food-delivery-startups,1,Food & Agriculture,Food Delivery,food-agriculture-food-delivery
Startups & Innovation,startups-innovation,5,"AgriTech, FoodTech & Beverage Startups",agritech-foodtech-beverage-startups,52,Last-Mile Food Delivery Startups,last-mile-food-delivery-startups,,,,
Startups & Innovation,startups-innovation,5,"AgriTech, FoodTech & Beverage Startups",agritech-foodtech-beverage-startups,53,Grocery Delivery Startups,grocery-delivery-startups,,,,
Startups & Innovation,startups-innovation,5,"AgriTech, FoodTech & Beverage Startups",agritech-foodtech-beverage-startups,54,Quick Commerce Startups,quick-commerce-startups,,,,
Startups & Innovation,startups-innovation,5,"AgriTech, FoodTech & Beverage Startups",agritech-foodtech-beverage-startups,55,15-Minute Delivery Startups,15-minute-delivery-startups,,,,
Startups & Innovation,startups-innovation,5,"AgriTech, FoodTech & Beverage Startups",agritech-foodtech-beverage-startups,56,Online Grocery Startups,online-grocery-startups,,,,
Startups & Innovation,startups-innovation,5,"AgriTech, FoodTech & Beverage Startups",agritech-foodtech-beverage-startups,57,Specialty Food Marketplace Startups,specialty-food-marketplace-startups,,,,
Startups & Innovation,startups-innovation,5,"AgriTech, FoodTech & Beverage Startups",agritech-foodtech-beverage-startups,58,Farm-to-Table Marketplace Startups,farm-to-table-marketplace-startups,,,,
Startups & Innovation,startups-innovation,5,"AgriTech, FoodTech & Beverage Startups",agritech-foodtech-beverage-startups,59,Organic Food Marketplace Startups,organic-food-marketplace-startups,,,,
Startups & Innovation,startups-innovation,5,"AgriTech, FoodTech & Beverage Startups",agritech-foodtech-beverage-startups,60,Direct-to-Consumer Coffee Startups,direct-to-consumer-coffee-startups,,,,
Startups & Innovation,startups-innovation,5,"AgriTech, FoodTech & Beverage Startups",agritech-foodtech-beverage-startups,61,Direct-to-Consumer Tea Startups,direct-to-consumer-tea-startups,,,,
Startups & Innovation,startups-innovation,5,"AgriTech, FoodTech & Beverage Startups",agritech-foodtech-beverage-startups,62,Specialty Beverage Startups,specialty-beverage-startups,,,,
Startups & Innovation,startups-innovation,5,"AgriTech, FoodTech & Beverage Startups",agritech-foodtech-beverage-startups,63,Functional Beverage Startups,functional-beverage-startups,,,,
Startups & Innovation,startups-innovation,5,"AgriTech, FoodTech & Beverage Startups",agritech-foodtech-beverage-startups,64,Nootropic Drink Startups,nootropic-drink-startups,,,,
Startups & Innovation,startups-innovation,5,"AgriTech, FoodTech & Beverage Startups",agritech-foodtech-beverage-startups,65,Adaptogen Drink Startups,adaptogen-drink-startups,,,,
Startups & Innovation,startups-innovation,5,"AgriTech, FoodTech & Beverage Startups",agritech-foodtech-beverage-startups,66,Non-Alcoholic Beverage Startups,non-alcoholic-beverage-startups,,,,
Startups & Innovation,startups-innovation,5,"AgriTech, FoodTech & Beverage Startups",agritech-foodtech-beverage-startups,67,Hard Seltzer Startups,hard-seltzer-startups,,,,
Startups & Innovation,startups-innovation,5,"AgriTech, FoodTech & Beverage Startups",agritech-foodtech-beverage-startups,68,Craft Beer Tech Startups,craft-beer-tech-startups,,,,
Startups & Innovation,startups-innovation,5,"AgriTech, FoodTech & Beverage Startups",agritech-foodtech-beverage-startups,69,Winery Tech Startups,winery-tech-startups,,,,
Startups & Innovation,startups-innovation,5,"AgriTech, FoodTech & Beverage Startups",agritech-foodtech-beverage-startups,70,Distillery Tech Startups,distillery-tech-startups,,,,
Startups & Innovation,startups-innovation,5,"AgriTech, FoodTech & Beverage Startups",agritech-foodtech-beverage-startups,71,Coffee Tech Startups,coffee-tech-startups,,,,
Startups & Innovation,startups-innovation,5,"AgriTech, FoodTech & Beverage Startups",agritech-foodtech-beverage-startups,72,Coffee Subscription Startups,coffee-subscription-startups,,,,
Startups & Innovation,startups-innovation,5,"AgriTech, FoodTech & Beverage Startups",agritech-foodtech-beverage-startups,73,Tea Subscription Startups,tea-subscription-startups,,,,
Startups & Innovation,startups-innovation,5,"AgriTech, FoodTech & Beverage Startups",agritech-foodtech-beverage-startups,74,Snack Subscription Startups,snack-subscription-startups,,,,
Startups & Innovation,startups-innovation,5,"AgriTech, FoodTech & Beverage Startups",agritech-foodtech-beverage-startups,75,Healthy Snack Startups,healthy-snack-startups,,,,
Startups & Innovation,startups-innovation,5,"AgriTech, FoodTech & Beverage Startups",agritech-foodtech-beverage-startups,76,Protein Bar Startups,protein-bar-startups,,,,
Startups & Innovation,startups-innovation,5,"AgriTech, FoodTech & Beverage Startups",agritech-foodtech-beverage-startups,77,Granola Bar Startups,granola-bar-startups,,,,
Startups & Innovation,startups-innovation,5,"AgriTech, FoodTech & Beverage Startups",agritech-foodtech-beverage-startups,78,Cookie Startups,cookie-startups,,,,
Startups & Innovation,startups-innovation,5,"AgriTech, FoodTech & Beverage Startups",agritech-foodtech-beverage-startups,79,Ice Cream Tech Startups,ice-cream-tech-startups,,,,
Startups & Innovation,startups-innovation,5,"AgriTech, FoodTech & Beverage Startups",agritech-foodtech-beverage-startups,80,Frozen Dessert Startups,frozen-dessert-startups,,,,
Startups & Innovation,startups-innovation,5,"AgriTech, FoodTech & Beverage Startups",agritech-foodtech-beverage-startups,81,Bakery Tech Startups,bakery-tech-startups,,,,
Startups & Innovation,startups-innovation,5,"AgriTech, FoodTech & Beverage Startups",agritech-foodtech-beverage-startups,82,Sourdough Startups,sourdough-startups,,,,
Startups & Innovation,startups-innovation,5,"AgriTech, FoodTech & Beverage Startups",agritech-foodtech-beverage-startups,83,Gluten-Free Food Startups,gluten-free-food-startups,,,,
Startups & Innovation,startups-innovation,5,"AgriTech, FoodTech & Beverage Startups",agritech-foodtech-beverage-startups,84,Keto Food Startups,keto-food-startups,,,,
Startups & Innovation,startups-innovation,5,"AgriTech, FoodTech & Beverage Startups",agritech-foodtech-beverage-startups,85,Low-Sugar Food Startups,low-sugar-food-startups,,,,
Startups & Innovation,startups-innovation,5,"AgriTech, FoodTech & Beverage Startups",agritech-foodtech-beverage-startups,86,Sugar Substitute Startups,sugar-substitute-startups,,,,
Startups & Innovation,startups-innovation,6,PropTech & Real Estate Startups,proptech-real-estate-startups,1,Residential PropTech Startups,residential-proptech-startups,,,,
Startups & Innovation,startups-innovation,6,PropTech & Real Estate Startups,proptech-real-estate-startups,2,Commercial PropTech Startups,commercial-proptech-startups,,,,
Startups & Innovation,startups-innovation,6,PropTech & Real Estate Startups,proptech-real-estate-startups,3,iBuyer Startups,ibuyer-startups,,,,
Startups & Innovation,startups-innovation,6,PropTech & Real Estate Startups,proptech-real-estate-startups,4,Power Buyer Startups,power-buyer-startups,,,,
Startups & Innovation,startups-innovation,6,PropTech & Real Estate Startups,proptech-real-estate-startups,5,Cash Offer Startups,cash-offer-startups,,,,
Startups & Innovation,startups-innovation,6,PropTech & Real Estate Startups,proptech-real-estate-startups,6,Rent-to-Own Startups,rent-to-own-startups,,,,
Startups & Innovation,startups-innovation,6,PropTech & Real Estate Startups,proptech-real-estate-startups,7,Co-Living Startups,co-living-startups,,,,
Startups & Innovation,startups-innovation,6,PropTech & Real Estate Startups,proptech-real-estate-startups,8,Co-Buying Startups,co-buying-startups,,,,
Startups & Innovation,startups-innovation,6,PropTech & Real Estate Startups,proptech-real-estate-startups,9,Fractional Home Ownership Startups,fractional-home-ownership-startups,,,,
Startups & Innovation,startups-innovation,6,PropTech & Real Estate Startups,proptech-real-estate-startups,10,Home Equity Sharing Startups,home-equity-sharing-startups,,,,
Startups & Innovation,startups-innovation,6,PropTech & Real Estate Startups,proptech-real-estate-startups,11,Reverse Mortgage Tech Startups,reverse-mortgage-tech-startups,,,,
Startups & Innovation,startups-innovation,6,PropTech & Real Estate Startups,proptech-real-estate-startups,12,Mortgage Origination Tech,mortgage-origination-tech,,,,
Startups & Innovation,startups-innovation,6,PropTech & Real Estate Startups,proptech-real-estate-startups,13,Digital Mortgage Startups,digital-mortgage-startups,,,,
Startups & Innovation,startups-innovation,6,PropTech & Real Estate Startups,proptech-real-estate-startups,14,Mortgage Broker Tech,mortgage-broker-tech,,,,
Startups & Innovation,startups-innovation,6,PropTech & Real Estate Startups,proptech-real-estate-startups,15,Home Inspection Tech Startups,home-inspection-tech-startups,,,,
Startups & Innovation,startups-innovation,6,PropTech & Real Estate Startups,proptech-real-estate-startups,16,Home Warranty Tech Startups,home-warranty-tech-startups,,,,
Startups & Innovation,startups-innovation,6,PropTech & Real Estate Startups,proptech-real-estate-startups,17,Title Insurance Tech Startups,title-insurance-tech-startups,,,,
Startups & Innovation,startups-innovation,6,PropTech & Real Estate Startups,proptech-real-estate-startups,18,Closing Tech Startups,closing-tech-startups,,,,
Startups & Innovation,startups-innovation,6,PropTech & Real Estate Startups,proptech-real-estate-startups,19,Notary Tech Startups,notary-tech-startups,,,,
Startups & Innovation,startups-innovation,6,PropTech & Real Estate Startups,proptech-real-estate-startups,20,eClosing Startups,eclosing-startups,,,,
Startups & Innovation,startups-innovation,6,PropTech & Real Estate Startups,proptech-real-estate-startups,21,Real Estate Marketplaces,real-estate-marketplaces,,,,
Startups & Innovation,startups-innovation,6,PropTech & Real Estate Startups,proptech-real-estate-startups,22,Off-Market Listings Startups,off-market-listings-startups,,,,
Startups & Innovation,startups-innovation,6,PropTech & Real Estate Startups,proptech-real-estate-startups,23,FSBO Tech Startups,fsbo-tech-startups,,,,
Startups & Innovation,startups-innovation,6,PropTech & Real Estate Startups,proptech-real-estate-startups,24,Real Estate Agent Tools Startups,real-estate-agent-tools-startups,,,,
Startups & Innovation,startups-innovation,6,PropTech & Real Estate Startups,proptech-real-estate-startups,25,Real Estate Brokerage Tech,real-estate-brokerage-tech,1,Real Estate Tech,Property Marketplaces,real-estate-tech-property-marketplaces
Startups & Innovation,startups-innovation,6,PropTech & Real Estate Startups,proptech-real-estate-startups,25,Real Estate Brokerage Tech,real-estate-brokerage-tech,2,Real Estate Tech,Property Management,real-estate-tech-property-management
Startups & Innovation,startups-innovation,6,PropTech & Real Estate Startups,proptech-real-estate-startups,25,Real Estate Brokerage Tech,real-estate-brokerage-tech,3,Real Estate Tech,Construction Tech,real-estate-tech-construction-tech
Startups & Innovation,startups-innovation,6,PropTech & Real Estate Startups,proptech-real-estate-startups,25,Real Estate Brokerage Tech,real-estate-brokerage-tech,4,Real Estate Tech,Smart Buildings,real-estate-tech-smart-buildings
Startups & Innovation,startups-innovation,6,PropTech & Real Estate Startups,proptech-real-estate-startups,25,Real Estate Brokerage Tech,real-estate-brokerage-tech,5,Real Estate Tech,Co-Living,real-estate-tech-co-living
Startups & Innovation,startups-innovation,6,PropTech & Real Estate Startups,proptech-real-estate-startups,25,Real Estate Brokerage Tech,real-estate-brokerage-tech,6,Real Estate Tech,Home Services Marketplace,real-estate-tech-home-services-marketplace
Startups & Innovation,startups-innovation,6,PropTech & Real Estate Startups,proptech-real-estate-startups,25,Real Estate Brokerage Tech,real-estate-brokerage-tech,7,Real Estate Tech,Interior Design Tech,real-estate-tech-interior-design-tech
Startups & Innovation,startups-innovation,6,PropTech & Real Estate Startups,proptech-real-estate-startups,25,Real Estate Brokerage Tech,real-estate-brokerage-tech,8,Real Estate Tech,Moving Tech,real-estate-tech-moving-tech
Startups & Innovation,startups-innovation,6,PropTech & Real Estate Startups,proptech-real-estate-startups,26,Virtual Tour Tech Startups,virtual-tour-tech-startups,1,Event Innovation,Virtual Event Tech,event-innovation-virtual-event-tech
Startups & Innovation,startups-innovation,6,PropTech & Real Estate Startups,proptech-real-estate-startups,27,3D Tour Startups,3d-tour-startups,,,,
Startups & Innovation,startups-innovation,6,PropTech & Real Estate Startups,proptech-real-estate-startups,28,Real Estate Photography Tech,real-estate-photography-tech,,,,
Startups & Innovation,startups-innovation,6,PropTech & Real Estate Startups,proptech-real-estate-startups,29,Drone Real Estate Startups,drone-real-estate-startups,,,,
Startups & Innovation,startups-innovation,6,PropTech & Real Estate Startups,proptech-real-estate-startups,30,Property Management SaaS Startups,property-management-saas-startups,,,,
Startups & Innovation,startups-innovation,6,PropTech & Real Estate Startups,proptech-real-estate-startups,31,Vacation Rental Management Startups,vacation-rental-management-startups,,,,
Startups & Innovation,startups-innovation,6,PropTech & Real Estate Startups,proptech-real-estate-startups,32,Short-Term Rental Tech Startups,short-term-rental-tech-startups,,,,
Startups & Innovation,startups-innovation,6,PropTech & Real Estate Startups,proptech-real-estate-startups,33,Airbnb Operator Tools Startups,airbnb-operator-tools-startups,,,,
Startups & Innovation,startups-innovation,6,PropTech & Real Estate Startups,proptech-real-estate-startups,34,Long-Term Rental Tech,long-term-rental-tech,,,,
Startups & Innovation,startups-innovation,6,PropTech & Real Estate Startups,proptech-real-estate-startups,35,Tenant Screening Startups,tenant-screening-startups,,,,
Startups & Innovation,startups-innovation,6,PropTech & Real Estate Startups,proptech-real-estate-startups,36,Rental Application Startups,rental-application-startups,,,,
Startups & Innovation,startups-innovation,6,PropTech & Real Estate Startups,proptech-real-estate-startups,37,Rent Collection Startups,rent-collection-startups,,,,
Startups & Innovation,startups-innovation,6,PropTech & Real Estate Startups,proptech-real-estate-startups,38,Maintenance Request Tech,maintenance-request-tech,,,,
Startups & Innovation,startups-innovation,6,PropTech & Real Estate Startups,proptech-real-estate-startups,39,Smart Building Startups,smart-building-startups,,,,
Startups & Innovation,startups-innovation,6,PropTech & Real Estate Startups,proptech-real-estate-startups,40,Building Management Startups,building-management-startups,,,,
Startups & Innovation,startups-innovation,6,PropTech & Real Estate Startups,proptech-real-estate-startups,41,Building Automation Startups,building-automation-startups,,,,
Startups & Innovation,startups-innovation,6,PropTech & Real Estate Startups,proptech-real-estate-startups,42,Access Control PropTech,access-control-proptech,,,,
Startups & Innovation,startups-innovation,6,PropTech & Real Estate Startups,proptech-real-estate-startups,43,Smart Lock PropTech,smart-lock-proptech,,,,
Startups & Innovation,startups-innovation,6,PropTech & Real Estate Startups,proptech-real-estate-startups,44,Visitor Management PropTech,visitor-management-proptech,,,,
Startups & Innovation,startups-innovation,6,PropTech & Real Estate Startups,proptech-real-estate-startups,45,Co-Working Tech Startups,co-working-tech-startups,1,Real Estate Tech,Co-Working,real-estate-tech-co-working
Startups & Innovation,startups-innovation,6,PropTech & Real Estate Startups,proptech-real-estate-startups,46,Flex Office Tech,flex-office-tech,,,,
Startups & Innovation,startups-innovation,6,PropTech & Real Estate Startups,proptech-real-estate-startups,47,Hot Desk Booking Startups,hot-desk-booking-startups,,,,
Startups & Innovation,startups-innovation,6,PropTech & Real Estate Startups,proptech-real-estate-startups,48,Office Hoteling Startups,office-hoteling-startups,,,,
Startups & Innovation,startups-innovation,6,PropTech & Real Estate Startups,proptech-real-estate-startups,49,Real Estate Investment Tech,real-estate-investment-tech,1,Real Estate Tech,Real Estate Investment,real-estate-tech-real-estate-investment
Startups & Innovation,startups-innovation,6,PropTech & Real Estate Startups,proptech-real-estate-startups,50,Real Estate Crowdfunding,real-estate-crowdfunding,,,,
Startups & Innovation,startups-innovation,6,PropTech & Real Estate Startups,proptech-real-estate-startups,51,Real Estate Tokenization Startups,real-estate-tokenization-startups,,,,
Startups & Innovation,startups-innovation,6,PropTech & Real Estate Startups,proptech-real-estate-startups,52,Single-Family Rental Investment Startups,single-family-rental-investment-startups,,,,
Startups & Innovation,startups-innovation,6,PropTech & Real Estate Startups,proptech-real-estate-startups,53,Multifamily Investment Tech,multifamily-investment-tech,,,,
Startups & Innovation,startups-innovation,6,PropTech & Real Estate Startups,proptech-real-estate-startups,54,Commercial Investment Tech,commercial-investment-tech,,,,
Startups & Innovation,startups-innovation,6,PropTech & Real Estate Startups,proptech-real-estate-startups,55,Industrial Real Estate Tech,industrial-real-estate-tech,,,,
Startups & Innovation,startups-innovation,6,PropTech & Real Estate Startups,proptech-real-estate-startups,56,Self-Storage Tech Startups,self-storage-tech-startups,,,,
Startups & Innovation,startups-innovation,6,PropTech & Real Estate Startups,proptech-real-estate-startups,57,Mobile Home Park Tech,mobile-home-park-tech,,,,
Startups & Innovation,startups-innovation,6,PropTech & Real Estate Startups,proptech-real-estate-startups,58,Land Acquisition Tech,land-acquisition-tech,,,,
Startups & Innovation,startups-innovation,6,PropTech & Real Estate Startups,proptech-real-estate-startups,59,Land Listing Marketplaces,land-listing-marketplaces,,,,
Startups & Innovation,startups-innovation,6,PropTech & Real Estate Startups,proptech-real-estate-startups,60,HOA Tech Startups,hoa-tech-startups,,,,
Startups & Innovation,startups-innovation,6,PropTech & Real Estate Startups,proptech-real-estate-startups,61,Condo Management Tech,condo-management-tech,,,,
Startups & Innovation,startups-innovation,6,PropTech & Real Estate Startups,proptech-real-estate-startups,62,Affordable Housing Tech,affordable-housing-tech,,,,
Startups & Innovation,startups-innovation,6,PropTech & Real Estate Startups,proptech-real-estate-startups,63,Senior Living Tech Startups,senior-living-tech-startups,,,,
Startups & Innovation,startups-innovation,6,PropTech & Real Estate Startups,proptech-real-estate-startups,64,Build-to-Rent Tech,build-to-rent-tech,,,,
Startups & Innovation,startups-innovation,6,PropTech & Real Estate Startups,proptech-real-estate-startups,65,Modular Construction Startups,modular-construction-startups,,,,
Startups & Innovation,startups-innovation,6,PropTech & Real Estate Startups,proptech-real-estate-startups,66,Prefab Home Startups,prefab-home-startups,,,,
Startups & Innovation,startups-innovation,6,PropTech & Real Estate Startups,proptech-real-estate-startups,67,Tiny Home Startups,tiny-home-startups,,,,
Startups & Innovation,startups-innovation,6,PropTech & Real Estate Startups,proptech-real-estate-startups,68,Container Home Startups,container-home-startups,,,,
Startups & Innovation,startups-innovation,6,PropTech & Real Estate Startups,proptech-real-estate-startups,69,ADU Tech Startups,adu-tech-startups,,,,
Startups & Innovation,startups-innovation,7,ConTech & Construction Startups,contech-construction-startups,1,Construction Management Software Startups,construction-management-software-startups,,,,
Startups & Innovation,startups-innovation,7,ConTech & Construction Startups,contech-construction-startups,2,Construction Bid Tech Startups,construction-bid-tech-startups,1,ConTech,Modular Construction,contech-modular-construction
Startups & Innovation,startups-innovation,7,ConTech & Construction Startups,contech-construction-startups,2,Construction Bid Tech Startups,construction-bid-tech-startups,2,ConTech,Construction Robotics,contech-construction-robotics
Startups & Innovation,startups-innovation,7,ConTech & Construction Startups,contech-construction-startups,2,Construction Bid Tech Startups,construction-bid-tech-startups,3,ConTech,Building Materials,contech-building-materials
Startups & Innovation,startups-innovation,7,ConTech & Construction Startups,contech-construction-startups,2,Construction Bid Tech Startups,construction-bid-tech-startups,4,ConTech,Drone Inspection,contech-drone-inspection
Startups & Innovation,startups-innovation,7,ConTech & Construction Startups,contech-construction-startups,2,Construction Bid Tech Startups,construction-bid-tech-startups,5,ConTech,Digital Twin Construction,contech-digital-twin-construction
Startups & Innovation,startups-innovation,7,ConTech & Construction Startups,contech-construction-startups,2,Construction Bid Tech Startups,construction-bid-tech-startups,6,ConTech,Green Building Tech,contech-green-building-tech
Startups & Innovation,startups-innovation,7,ConTech & Construction Startups,contech-construction-startups,2,Construction Bid Tech Startups,construction-bid-tech-startups,7,ConTech,Smart Building,contech-smart-building
Startups & Innovation,startups-innovation,7,ConTech & Construction Startups,contech-construction-startups,3,Construction Estimating Startups,construction-estimating-startups,,,,
Startups & Innovation,startups-innovation,7,ConTech & Construction Startups,contech-construction-startups,4,Takeoff Tech Startups,takeoff-tech-startups,,,,
Startups & Innovation,startups-innovation,7,ConTech & Construction Startups,contech-construction-startups,5,Construction Drawing Tech,construction-drawing-tech,,,,
Startups & Innovation,startups-innovation,7,ConTech & Construction Startups,contech-construction-startups,6,BIM Collaboration Startups,bim-collaboration-startups,,,,
Startups & Innovation,startups-innovation,7,ConTech & Construction Startups,contech-construction-startups,7,Reality Capture Construction Startups,reality-capture-construction-startups,,,,
Startups & Innovation,startups-innovation,7,ConTech & Construction Startups,contech-construction-startups,8,Construction Progress Tracking Startups,construction-progress-tracking-startups,,,,
Startups & Innovation,startups-innovation,7,ConTech & Construction Startups,contech-construction-startups,9,Drone Surveying Startups,drone-surveying-startups,,,,
Startups & Innovation,startups-innovation,7,ConTech & Construction Startups,contech-construction-startups,10,Site Safety Tech Startups,site-safety-tech-startups,1,ConTech,Safety Tech,contech-safety-tech
Startups & Innovation,startups-innovation,7,ConTech & Construction Startups,contech-construction-startups,11,Wearable Construction Safety,wearable-construction-safety,,,,
Startups & Innovation,startups-innovation,7,ConTech & Construction Startups,contech-construction-startups,12,Heavy Equipment Tech Startups,heavy-equipment-tech-startups,,,,
Startups & Innovation,startups-innovation,7,ConTech & Construction Startups,contech-construction-startups,13,Equipment Rental Marketplaces,equipment-rental-marketplaces,,,,
Startups & Innovation,startups-innovation,7,ConTech & Construction Startups,contech-construction-startups,14,Construction Robotics Startups,construction-robotics-startups,,,,
Startups & Innovation,startups-innovation,7,ConTech & Construction Startups,contech-construction-startups,15,3D Printed Construction Startups,3d-printed-construction-startups,1,ConTech,3D Printed Buildings,contech-3d-printed-buildings
Startups & Innovation,startups-innovation,7,ConTech & Construction Startups,contech-construction-startups,16,Modular Building Startups,modular-building-startups,,,,
Startups & Innovation,startups-innovation,7,ConTech & Construction Startups,contech-construction-startups,17,Prefabrication Tech,prefabrication-tech,,,,
Startups & Innovation,startups-innovation,7,ConTech & Construction Startups,contech-construction-startups,18,Mass Timber Construction Startups,mass-timber-construction-startups,,,,
Startups & Innovation,startups-innovation,7,ConTech & Construction Startups,contech-construction-startups,19,Concrete Tech Startups,concrete-tech-startups,,,,
Startups & Innovation,startups-innovation,7,ConTech & Construction Startups,contech-construction-startups,20,Smart Concrete Startups,smart-concrete-startups,,,,
Startups & Innovation,startups-innovation,7,ConTech & Construction Startups,contech-construction-startups,21,Construction Materials Marketplaces,construction-materials-marketplaces,,,,
Startups & Innovation,startups-innovation,7,ConTech & Construction Startups,contech-construction-startups,22,Construction Procurement Tech,construction-procurement-tech,,,,
Startups & Innovation,startups-innovation,7,ConTech & Construction Startups,contech-construction-startups,23,Construction Payments Tech,construction-payments-tech,,,,
Startups & Innovation,startups-innovation,7,ConTech & Construction Startups,contech-construction-startups,24,Lien Waiver Tech,lien-waiver-tech,,,,
Startups & Innovation,startups-innovation,7,ConTech & Construction Startups,contech-construction-startups,25,Subcontractor Marketplaces,subcontractor-marketplaces,,,,
Startups & Innovation,startups-innovation,7,ConTech & Construction Startups,contech-construction-startups,26,Skilled Trades Marketplaces,skilled-trades-marketplaces,,,,
Startups & Innovation,startups-innovation,7,ConTech & Construction Startups,contech-construction-startups,27,Handyman Marketplaces,handyman-marketplaces,,,,
Startups & Innovation,startups-innovation,7,ConTech & Construction Startups,contech-construction-startups,28,Home Improvement Marketplaces,home-improvement-marketplaces,,,,
Startups & Innovation,startups-innovation,7,ConTech & Construction Startups,contech-construction-startups,29,Renovation Tech Startups,renovation-tech-startups,,,,
Startups & Innovation,startups-innovation,7,ConTech & Construction Startups,contech-construction-startups,30,Architecture Tech Startups,architecture-tech-startups,,,,
Startups & Innovation,startups-innovation,7,ConTech & Construction Startups,contech-construction-startups,31,Interior Design Tech Startups,interior-design-tech-startups,,,,
Startups & Innovation,startups-innovation,7,ConTech & Construction Startups,contech-construction-startups,32,Landscape Tech Startups,landscape-tech-startups,,,,
Startups & Innovation,startups-innovation,7,ConTech & Construction Startups,contech-construction-startups,33,Facility Management Tech,facility-management-tech,1,ConTech,Project Management Tech,contech-project-management-tech
Startups & Innovation,startups-innovation,8,"Mobility, Transportation & Auto Tech Startups",mobility-transportation-auto-tech-startups,1,Electric Vehicle Startups,electric-vehicle-startups,1,Transportation,Electric Vehicles,transportation-electric-vehicles
Startups & Innovation,startups-innovation,8,"Mobility, Transportation & Auto Tech Startups",mobility-transportation-auto-tech-startups,2,EV Charging Network Startups,ev-charging-network-startups,,,,
Startups & Innovation,startups-innovation,8,"Mobility, Transportation & Auto Tech Startups",mobility-transportation-auto-tech-startups,3,EV Charger Hardware Startups,ev-charger-hardware-startups,,,,
Startups & Innovation,startups-innovation,8,"Mobility, Transportation & Auto Tech Startups",mobility-transportation-auto-tech-startups,4,EV Battery Swap Startups,ev-battery-swap-startups,,,,
Startups & Innovation,startups-innovation,8,"Mobility, Transportation & Auto Tech Startups",mobility-transportation-auto-tech-startups,5,EV Software Startups,ev-software-startups,,,,
Startups & Innovation,startups-innovation,8,"Mobility, Transportation & Auto Tech Startups",mobility-transportation-auto-tech-startups,6,Fleet Electrification Startups,fleet-electrification-startups,,,,
Startups & Innovation,startups-innovation,8,"Mobility, Transportation & Auto Tech Startups",mobility-transportation-auto-tech-startups,7,Autonomous Vehicle Startups,autonomous-vehicle-startups,1,Transportation,Autonomous Vehicles,transportation-autonomous-vehicles
Startups & Innovation,startups-innovation,8,"Mobility, Transportation & Auto Tech Startups",mobility-transportation-auto-tech-startups,8,Self-Driving Tech Startups,self-driving-tech-startups,1,Event Innovation,Ticketing Innovation,event-innovation-ticketing-innovation
Startups & Innovation,startups-innovation,8,"Mobility, Transportation & Auto Tech Startups",mobility-transportation-auto-tech-startups,8,Self-Driving Tech Startups,self-driving-tech-startups,2,Event Innovation,Hybrid Event Tech,event-innovation-hybrid-event-tech
Startups & Innovation,startups-innovation,8,"Mobility, Transportation & Auto Tech Startups",mobility-transportation-auto-tech-startups,8,Self-Driving Tech Startups,self-driving-tech-startups,3,Event Innovation,Sponsorship Tech,event-innovation-sponsorship-tech
Startups & Innovation,startups-innovation,8,"Mobility, Transportation & Auto Tech Startups",mobility-transportation-auto-tech-startups,8,Self-Driving Tech Startups,self-driving-tech-startups,4,Event Innovation,Badge & Check-In,event-innovation-badge-check-in
Startups & Innovation,startups-innovation,8,"Mobility, Transportation & Auto Tech Startups",mobility-transportation-auto-tech-startups,8,Self-Driving Tech Startups,self-driving-tech-startups,5,Legal Innovation Startups,Online Dispute Resolution,legal-innovation-startups-online-dispute-resolution
Startups & Innovation,startups-innovation,8,"Mobility, Transportation & Auto Tech Startups",mobility-transportation-auto-tech-startups,8,Self-Driving Tech Startups,self-driving-tech-startups,6,Legal Innovation Startups,Contract Tech Startup,legal-innovation-startups-contract-tech-startup
Startups & Innovation,startups-innovation,8,"Mobility, Transportation & Auto Tech Startups",mobility-transportation-auto-tech-startups,8,Self-Driving Tech Startups,self-driving-tech-startups,7,Legal Innovation Startups,RegTech Startup,legal-innovation-startups-regtech-startup
Startups & Innovation,startups-innovation,8,"Mobility, Transportation & Auto Tech Startups",mobility-transportation-auto-tech-startups,8,Self-Driving Tech Startups,self-driving-tech-startups,8,Legal Innovation Startups,IP Tech,legal-innovation-startups-ip-tech
Startups & Innovation,startups-innovation,8,"Mobility, Transportation & Auto Tech Startups",mobility-transportation-auto-tech-startups,9,Robotaxi Startups,robotaxi-startups,,,,
Startups & Innovation,startups-innovation,8,"Mobility, Transportation & Auto Tech Startups",mobility-transportation-auto-tech-startups,10,Autonomous Trucking Startups,autonomous-trucking-startups,,,,
Startups & Innovation,startups-innovation,8,"Mobility, Transportation & Auto Tech Startups",mobility-transportation-auto-tech-startups,11,Autonomous Delivery Startups,autonomous-delivery-startups,,,,
Startups & Innovation,startups-innovation,8,"Mobility, Transportation & Auto Tech Startups",mobility-transportation-auto-tech-startups,12,Sidewalk Robot Delivery Startups,sidewalk-robot-delivery-startups,1,Robot Industry,Delivery Robots,robot-industry-delivery-robots
Startups & Innovation,startups-innovation,8,"Mobility, Transportation & Auto Tech Startups",mobility-transportation-auto-tech-startups,13,Drone Delivery Startups,drone-delivery-startups,,,,
Startups & Innovation,startups-innovation,8,"Mobility, Transportation & Auto Tech Startups",mobility-transportation-auto-tech-startups,14,Air Taxi Startups,air-taxi-startups,,,,
Startups & Innovation,startups-innovation,8,"Mobility, Transportation & Auto Tech Startups",mobility-transportation-auto-tech-startups,15,eVTOL Startups,evtol-startups,,,,
Startups & Innovation,startups-innovation,8,"Mobility, Transportation & Auto Tech Startups",mobility-transportation-auto-tech-startups,16,Urban Air Mobility Startups,urban-air-mobility-startups,1,Transportation,Micro-Mobility,transportation-micro-mobility
Startups & Innovation,startups-innovation,8,"Mobility, Transportation & Auto Tech Startups",mobility-transportation-auto-tech-startups,17,Hyperloop Startups,hyperloop-startups,,,,
Startups & Innovation,startups-innovation,8,"Mobility, Transportation & Auto Tech Startups",mobility-transportation-auto-tech-startups,18,High-Speed Rail Tech Startups,high-speed-rail-tech-startups,,,,
Startups & Innovation,startups-innovation,8,"Mobility, Transportation & Auto Tech Startups",mobility-transportation-auto-tech-startups,19,Maglev Tech Startups,maglev-tech-startups,,,,
Startups & Innovation,startups-innovation,8,"Mobility, Transportation & Auto Tech Startups",mobility-transportation-auto-tech-startups,20,Rail Tech Startups,rail-tech-startups,,,,
Startups & Innovation,startups-innovation,8,"Mobility, Transportation & Auto Tech Startups",mobility-transportation-auto-tech-startups,21,Public Transit Tech Startups,public-transit-tech-startups,1,Transportation,Public Transit Tech,transportation-public-transit-tech
Startups & Innovation,startups-innovation,8,"Mobility, Transportation & Auto Tech Startups",mobility-transportation-auto-tech-startups,22,Microtransit Startups,microtransit-startups,,,,
Startups & Innovation,startups-innovation,8,"Mobility, Transportation & Auto Tech Startups",mobility-transportation-auto-tech-startups,23,Paratransit Tech,paratransit-tech,,,,
Startups & Innovation,startups-innovation,8,"Mobility, Transportation & Auto Tech Startups",mobility-transportation-auto-tech-startups,24,Bus Tech Startups,bus-tech-startups,,,,
Startups & Innovation,startups-innovation,8,"Mobility, Transportation & Auto Tech Startups",mobility-transportation-auto-tech-startups,25,Subway Tech Startups,subway-tech-startups,,,,
Startups & Innovation,startups-innovation,8,"Mobility, Transportation & Auto Tech Startups",mobility-transportation-auto-tech-startups,26,Mobility-as-a-Service Startups,mobility-as-a-service-startups,,,,
Startups & Innovation,startups-innovation,8,"Mobility, Transportation & Auto Tech Startups",mobility-transportation-auto-tech-startups,27,Multimodal Trip Planner Startups,multimodal-trip-planner-startups,,,,
Startups & Innovation,startups-innovation,8,"Mobility, Transportation & Auto Tech Startups",mobility-transportation-auto-tech-startups,28,Transit Payment Startups,transit-payment-startups,,,,
Startups & Innovation,startups-innovation,8,"Mobility, Transportation & Auto Tech Startups",mobility-transportation-auto-tech-startups,29,Carpool Startups,carpool-startups,,,,
Startups & Innovation,startups-innovation,8,"Mobility, Transportation & Auto Tech Startups",mobility-transportation-auto-tech-startups,30,Ride-Sharing Startups,ride-sharing-startups,1,Transportation,Ride Sharing,transportation-ride-sharing
Startups & Innovation,startups-innovation,8,"Mobility, Transportation & Auto Tech Startups",mobility-transportation-auto-tech-startups,30,Ride-Sharing Startups,ride-sharing-startups,2,Transportation,Car Sharing,transportation-car-sharing
Startups & Innovation,startups-innovation,8,"Mobility, Transportation & Auto Tech Startups",mobility-transportation-auto-tech-startups,31,Ride-Hailing Startups,ride-hailing-startups,,,,
Startups & Innovation,startups-innovation,8,"Mobility, Transportation & Auto Tech Startups",mobility-transportation-auto-tech-startups,32,Electric Scooter Startups,electric-scooter-startups,,,,
Startups & Innovation,startups-innovation,8,"Mobility, Transportation & Auto Tech Startups",mobility-transportation-auto-tech-startups,33,Electric Bike Startups,electric-bike-startups,,,,
Startups & Innovation,startups-innovation,8,"Mobility, Transportation & Auto Tech Startups",mobility-transportation-auto-tech-startups,34,Bike Sharing Startups,bike-sharing-startups,,,,
Startups & Innovation,startups-innovation,8,"Mobility, Transportation & Auto Tech Startups",mobility-transportation-auto-tech-startups,35,E-Skateboard Startups,e-skateboard-startups,,,,
Startups & Innovation,startups-innovation,8,"Mobility, Transportation & Auto Tech Startups",mobility-transportation-auto-tech-startups,36,Boat Sharing Startups,boat-sharing-startups,,,,
Startups & Innovation,startups-innovation,8,"Mobility, Transportation & Auto Tech Startups",mobility-transportation-auto-tech-startups,37,RV Sharing Startups,rv-sharing-startups,,,,
Startups & Innovation,startups-innovation,8,"Mobility, Transportation & Auto Tech Startups",mobility-transportation-auto-tech-startups,38,Car Subscription Startups,car-subscription-startups,,,,
Startups & Innovation,startups-innovation,8,"Mobility, Transportation & Auto Tech Startups",mobility-transportation-auto-tech-startups,39,Used Car Marketplaces,used-car-marketplaces,,,,
Startups & Innovation,startups-innovation,8,"Mobility, Transportation & Auto Tech Startups",mobility-transportation-auto-tech-startups,40,New Car Marketplaces,new-car-marketplaces,,,,
Startups & Innovation,startups-innovation,8,"Mobility, Transportation & Auto Tech Startups",mobility-transportation-auto-tech-startups,41,Car Auction Startups,car-auction-startups,,,,
Startups & Innovation,startups-innovation,8,"Mobility, Transportation & Auto Tech Startups",mobility-transportation-auto-tech-startups,42,Auto Loan Startups,auto-loan-startups,,,,
Startups & Innovation,startups-innovation,8,"Mobility, Transportation & Auto Tech Startups",mobility-transportation-auto-tech-startups,43,Vehicle Inspection Tech,vehicle-inspection-tech,,,,
Startups & Innovation,startups-innovation,8,"Mobility, Transportation & Auto Tech Startups",mobility-transportation-auto-tech-startups,44,Auto Repair Marketplaces,auto-repair-marketplaces,,,,
Startups & Innovation,startups-innovation,8,"Mobility, Transportation & Auto Tech Startups",mobility-transportation-auto-tech-startups,45,Mobile Mechanic Startups,mobile-mechanic-startups,,,,
Startups & Innovation,startups-innovation,8,"Mobility, Transportation & Auto Tech Startups",mobility-transportation-auto-tech-startups,46,Roadside Assistance Tech,roadside-assistance-tech,,,,
Startups & Innovation,startups-innovation,8,"Mobility, Transportation & Auto Tech Startups",mobility-transportation-auto-tech-startups,47,Parking Tech Startups,parking-tech-startups,1,Transportation,Parking Tech,transportation-parking-tech
Startups & Innovation,startups-innovation,8,"Mobility, Transportation & Auto Tech Startups",mobility-transportation-auto-tech-startups,48,Valet Tech Startups,valet-tech-startups,,,,
Startups & Innovation,startups-innovation,8,"Mobility, Transportation & Auto Tech Startups",mobility-transportation-auto-tech-startups,49,Toll Tech Startups,toll-tech-startups,,,,
Startups & Innovation,startups-innovation,8,"Mobility, Transportation & Auto Tech Startups",mobility-transportation-auto-tech-startups,50,Fleet Management Startups,fleet-management-startups,1,Transportation,Fleet Management,transportation-fleet-management
Startups & Innovation,startups-innovation,8,"Mobility, Transportation & Auto Tech Startups",mobility-transportation-auto-tech-startups,51,Trucking Tech Startups,trucking-tech-startups,,,,
Startups & Innovation,startups-innovation,8,"Mobility, Transportation & Auto Tech Startups",mobility-transportation-auto-tech-startups,52,Trucking Marketplaces,trucking-marketplaces,,,,
Startups & Innovation,startups-innovation,8,"Mobility, Transportation & Auto Tech Startups",mobility-transportation-auto-tech-startups,53,Freight Brokerage Startups,freight-brokerage-startups,,,,
Startups & Innovation,startups-innovation,8,"Mobility, Transportation & Auto Tech Startups",mobility-transportation-auto-tech-startups,54,Drayage Tech Startups,drayage-tech-startups,,,,
Startups & Innovation,startups-innovation,8,"Mobility, Transportation & Auto Tech Startups",mobility-transportation-auto-tech-startups,55,Last-Mile Logistics Startups,last-mile-logistics-startups,1,Transportation,Logistics Tech,transportation-logistics-tech
Startups & Innovation,startups-innovation,8,"Mobility, Transportation & Auto Tech Startups",mobility-transportation-auto-tech-startups,55,Last-Mile Logistics Startups,last-mile-logistics-startups,2,Transportation,Last-Mile Delivery,transportation-last-mile-delivery
Startups & Innovation,startups-innovation,8,"Mobility, Transportation & Auto Tech Startups",mobility-transportation-auto-tech-startups,56,Same-Day Delivery Startups,same-day-delivery-startups,,,,
Startups & Innovation,startups-innovation,8,"Mobility, Transportation & Auto Tech Startups",mobility-transportation-auto-tech-startups,57,Cold Chain Logistics Startups,cold-chain-logistics-startups,,,,
Startups & Innovation,startups-innovation,8,"Mobility, Transportation & Auto Tech Startups",mobility-transportation-auto-tech-startups,58,Maritime Tech Startups,maritime-tech-startups,,,,
Startups & Innovation,startups-innovation,8,"Mobility, Transportation & Auto Tech Startups",mobility-transportation-auto-tech-startups,59,Shipping Container Tech Startups,shipping-container-tech-startups,,,,
Startups & Innovation,startups-innovation,8,"Mobility, Transportation & Auto Tech Startups",mobility-transportation-auto-tech-startups,60,Port Tech Startups,port-tech-startups,,,,
Startups & Innovation,startups-innovation,8,"Mobility, Transportation & Auto Tech Startups",mobility-transportation-auto-tech-startups,61,Aviation Tech Startups,aviation-tech-startups,,,,
Startups & Innovation,startups-innovation,8,"Mobility, Transportation & Auto Tech Startups",mobility-transportation-auto-tech-startups,62,Airline Operations Tech,airline-operations-tech,,,,
Startups & Innovation,startups-innovation,8,"Mobility, Transportation & Auto Tech Startups",mobility-transportation-auto-tech-startups,63,Airport Tech Startups,airport-tech-startups,,,,
Startups & Innovation,startups-innovation,8,"Mobility, Transportation & Auto Tech Startups",mobility-transportation-auto-tech-startups,64,Air Cargo Tech,air-cargo-tech,,,,
Startups & Innovation,startups-innovation,8,"Mobility, Transportation & Auto Tech Startups",mobility-transportation-auto-tech-startups,65,Pilot Training Tech,pilot-training-tech,,,,
Startups & Innovation,startups-innovation,9,SpaceTech & Aerospace Startups,spacetech-aerospace-startups,1,Launch Vehicle Startups,launch-vehicle-startups,,,,
Startups & Innovation,startups-innovation,9,SpaceTech & Aerospace Startups,spacetech-aerospace-startups,2,Small Satellite Launch Startups,small-satellite-launch-startups,,,,
Startups & Innovation,startups-innovation,9,SpaceTech & Aerospace Startups,spacetech-aerospace-startups,3,Rocket Engine Startups,rocket-engine-startups,,,,
Startups & Innovation,startups-innovation,9,SpaceTech & Aerospace Startups,spacetech-aerospace-startups,4,Reusable Rocket Startups,reusable-rocket-startups,,,,
Startups & Innovation,startups-innovation,9,SpaceTech & Aerospace Startups,spacetech-aerospace-startups,5,Earth Observation Startups,earth-observation-startups,1,Space Industry,Earth Observation,space-industry-earth-observation
Startups & Innovation,startups-innovation,9,SpaceTech & Aerospace Startups,spacetech-aerospace-startups,6,Satellite Imagery Startups,satellite-imagery-startups,,,,
Startups & Innovation,startups-innovation,9,SpaceTech & Aerospace Startups,spacetech-aerospace-startups,7,Geospatial Intelligence Startups,geospatial-intelligence-startups,,,,
Startups & Innovation,startups-innovation,9,SpaceTech & Aerospace Startups,spacetech-aerospace-startups,8,Weather Forecasting Startups,weather-forecasting-startups,,,,
Startups & Innovation,startups-innovation,9,SpaceTech & Aerospace Startups,spacetech-aerospace-startups,9,Climate Satellite Startups,climate-satellite-startups,,,,
Startups & Innovation,startups-innovation,9,SpaceTech & Aerospace Startups,spacetech-aerospace-startups,10,Communication Satellite Startups,communication-satellite-startups,,,,
Startups & Innovation,startups-innovation,9,SpaceTech & Aerospace Startups,spacetech-aerospace-startups,11,Satellite Internet Startups,satellite-internet-startups,,,,
Startups & Innovation,startups-innovation,9,SpaceTech & Aerospace Startups,spacetech-aerospace-startups,12,IoT Satellite Startups,iot-satellite-startups,,,,
Startups & Innovation,startups-innovation,9,SpaceTech & Aerospace Startups,spacetech-aerospace-startups,13,GPS Alternative Startups,gps-alternative-startups,,,,
Startups & Innovation,startups-innovation,9,SpaceTech & Aerospace Startups,spacetech-aerospace-startups,14,Position Navigation Timing Startups,position-navigation-timing-startups,,,,
Startups & Innovation,startups-innovation,9,SpaceTech & Aerospace Startups,spacetech-aerospace-startups,15,Lunar Tech Startups,lunar-tech-startups,,,,
Startups & Innovation,startups-innovation,9,SpaceTech & Aerospace Startups,spacetech-aerospace-startups,16,Lunar Lander Startups,lunar-lander-startups,,,,
Startups & Innovation,startups-innovation,9,SpaceTech & Aerospace Startups,spacetech-aerospace-startups,17,Mars Mission Tech Startups,mars-mission-tech-startups,,,,
Startups & Innovation,startups-innovation,9,SpaceTech & Aerospace Startups,spacetech-aerospace-startups,18,Asteroid Mining Startups,asteroid-mining-startups,,,,
Startups & Innovation,startups-innovation,9,SpaceTech & Aerospace Startups,spacetech-aerospace-startups,19,Space Debris Cleanup Startups,space-debris-cleanup-startups,1,Space Industry,Satellite Services,space-industry-satellite-services
Startups & Innovation,startups-innovation,9,SpaceTech & Aerospace Startups,spacetech-aerospace-startups,19,Space Debris Cleanup Startups,space-debris-cleanup-startups,2,Space Industry,Launch Vehicles,space-industry-launch-vehicles
Startups & Innovation,startups-innovation,9,SpaceTech & Aerospace Startups,spacetech-aerospace-startups,19,Space Debris Cleanup Startups,space-debris-cleanup-startups,3,Space Industry,Space Mining,space-industry-space-mining
Startups & Innovation,startups-innovation,9,SpaceTech & Aerospace Startups,spacetech-aerospace-startups,19,Space Debris Cleanup Startups,space-debris-cleanup-startups,4,Space Industry,Space Communications,space-industry-space-communications
Startups & Innovation,startups-innovation,9,SpaceTech & Aerospace Startups,spacetech-aerospace-startups,19,Space Debris Cleanup Startups,space-debris-cleanup-startups,5,Space Industry,Orbital Services,space-industry-orbital-services
Startups & Innovation,startups-innovation,9,SpaceTech & Aerospace Startups,spacetech-aerospace-startups,19,Space Debris Cleanup Startups,space-debris-cleanup-startups,6,Space Industry,Space Habitation,space-industry-space-habitation
Startups & Innovation,startups-innovation,9,SpaceTech & Aerospace Startups,spacetech-aerospace-startups,20,On-Orbit Servicing Startups,on-orbit-servicing-startups,,,,
Startups & Innovation,startups-innovation,9,SpaceTech & Aerospace Startups,spacetech-aerospace-startups,21,Space Tug Startups,space-tug-startups,,,,
Startups & Innovation,startups-innovation,9,SpaceTech & Aerospace Startups,spacetech-aerospace-startups,22,Space Manufacturing Startups,space-manufacturing-startups,1,Space Industry,Space Manufacturing,space-industry-space-manufacturing
Startups & Innovation,startups-innovation,9,SpaceTech & Aerospace Startups,spacetech-aerospace-startups,23,Microgravity Research Startups,microgravity-research-startups,,,,
Startups & Innovation,startups-innovation,9,SpaceTech & Aerospace Startups,spacetech-aerospace-startups,24,Space Tourism Startups,space-tourism-startups,1,Space Industry,Space Tourism,space-industry-space-tourism
Startups & Innovation,startups-innovation,9,SpaceTech & Aerospace Startups,spacetech-aerospace-startups,25,Suborbital Tourism Startups,suborbital-tourism-startups,,,,
Startups & Innovation,startups-innovation,9,SpaceTech & Aerospace Startups,spacetech-aerospace-startups,26,Space Habitat Startups,space-habitat-startups,,,,
Startups & Innovation,startups-innovation,9,SpaceTech & Aerospace Startups,spacetech-aerospace-startups,27,Spacesuit Tech Startups,spacesuit-tech-startups,,,,
Startups & Innovation,startups-innovation,9,SpaceTech & Aerospace Startups,spacetech-aerospace-startups,28,Space Food Tech Startups,space-food-tech-startups,,,,
Startups & Innovation,startups-innovation,9,SpaceTech & Aerospace Startups,spacetech-aerospace-startups,29,Defense Space Tech Startups,defense-space-tech-startups,1,Space Industry,Planetary Defense,space-industry-planetary-defense
Startups & Innovation,startups-innovation,9,SpaceTech & Aerospace Startups,spacetech-aerospace-startups,30,Hypersonic Tech Startups,hypersonic-tech-startups,,,,
Startups & Innovation,startups-innovation,9,SpaceTech & Aerospace Startups,spacetech-aerospace-startups,31,Drone Defense Startups,drone-defense-startups,,,,
Startups & Innovation,startups-innovation,9,SpaceTech & Aerospace Startups,spacetech-aerospace-startups,32,Counter-UAS Startups,counter-uas-startups,,,,
Startups & Innovation,startups-innovation,9,SpaceTech & Aerospace Startups,spacetech-aerospace-startups,33,Military Drone Startups,military-drone-startups,,,,
Startups & Innovation,startups-innovation,9,SpaceTech & Aerospace Startups,spacetech-aerospace-startups,34,Naval Drone Startups,naval-drone-startups,,,,
Startups & Innovation,startups-innovation,9,SpaceTech & Aerospace Startups,spacetech-aerospace-startups,35,Underwater Drone Startups,underwater-drone-startups,,,,
Startups & Innovation,startups-innovation,9,SpaceTech & Aerospace Startups,spacetech-aerospace-startups,36,Aerospace Components Startups,aerospace-components-startups,,,,
Startups & Innovation,startups-innovation,9,SpaceTech & Aerospace Startups,spacetech-aerospace-startups,37,Aviation Sustainability Startups,aviation-sustainability-startups,,,,
Startups & Innovation,startups-innovation,9,SpaceTech & Aerospace Startups,spacetech-aerospace-startups,38,Sustainable Aviation Fuel Startups,sustainable-aviation-fuel-startups,,,,
Startups & Innovation,startups-innovation,10,"Robotics, Hardware & DeepTech Startups",robotics-hardware-deeptech-startups,1,Industrial Robotics Startups,industrial-robotics-startups,1,HW/SW Startups,Robotics Startups,hw-sw-startups-robotics-startups
Startups & Innovation,startups-innovation,10,"Robotics, Hardware & DeepTech Startups",robotics-hardware-deeptech-startups,1,Industrial Robotics Startups,industrial-robotics-startups,2,Robot Industry,Industrial Robots,robot-industry-industrial-robots
Startups & Innovation,startups-innovation,10,"Robotics, Hardware & DeepTech Startups",robotics-hardware-deeptech-startups,1,Industrial Robotics Startups,industrial-robotics-startups,3,Robot Industry,Healthcare Robots,robot-industry-healthcare-robots
Startups & Innovation,startups-innovation,10,"Robotics, Hardware & DeepTech Startups",robotics-hardware-deeptech-startups,1,Industrial Robotics Startups,industrial-robotics-startups,4,Robot Industry,Security Robots,robot-industry-security-robots
Startups & Innovation,startups-innovation,10,"Robotics, Hardware & DeepTech Startups",robotics-hardware-deeptech-startups,2,Warehouse Robotics Startups,warehouse-robotics-startups,1,Robot Industry,Warehouse Robots,robot-industry-warehouse-robots
Startups & Innovation,startups-innovation,10,"Robotics, Hardware & DeepTech Startups",robotics-hardware-deeptech-startups,3,Pick-and-Place Robotics Startups,pick-and-place-robotics-startups,,,,
Startups & Innovation,startups-innovation,10,"Robotics, Hardware & DeepTech Startups",robotics-hardware-deeptech-startups,4,Cobot Startups,cobot-startups,,,,
Startups & Innovation,startups-innovation,10,"Robotics, Hardware & DeepTech Startups",robotics-hardware-deeptech-startups,5,Humanoid Robot Startups,humanoid-robot-startups,,,,
Startups & Innovation,startups-innovation,10,"Robotics, Hardware & DeepTech Startups",robotics-hardware-deeptech-startups,6,Bipedal Robot Startups,bipedal-robot-startups,,,,
Startups & Innovation,startups-innovation,10,"Robotics, Hardware & DeepTech Startups",robotics-hardware-deeptech-startups,7,Quadruped Robot Startups,quadruped-robot-startups,,,,
Startups & Innovation,startups-innovation,10,"Robotics, Hardware & DeepTech Startups",robotics-hardware-deeptech-startups,8,Service Robot Startups,service-robot-startups,1,Robot Industry,Service Robots,robot-industry-service-robots
Startups & Innovation,startups-innovation,10,"Robotics, Hardware & DeepTech Startups",robotics-hardware-deeptech-startups,9,Hospitality Robot Startups,hospitality-robot-startups,,,,
Startups & Innovation,startups-innovation,10,"Robotics, Hardware & DeepTech Startups",robotics-hardware-deeptech-startups,10,Cleaning Robot Startups,cleaning-robot-startups,1,Robot Industry,Cleaning Robots,robot-industry-cleaning-robots
Startups & Innovation,startups-innovation,10,"Robotics, Hardware & DeepTech Startups",robotics-hardware-deeptech-startups,11,Lawn Mowing Robot Startups,lawn-mowing-robot-startups,,,,
Startups & Innovation,startups-innovation,10,"Robotics, Hardware & DeepTech Startups",robotics-hardware-deeptech-startups,12,Pool Cleaning Robot Startups,pool-cleaning-robot-startups,,,,
Startups & Innovation,startups-innovation,10,"Robotics, Hardware & DeepTech Startups",robotics-hardware-deeptech-startups,13,Window Cleaning Robot Startups,window-cleaning-robot-startups,,,,
Startups & Innovation,startups-innovation,10,"Robotics, Hardware & DeepTech Startups",robotics-hardware-deeptech-startups,14,Surgical Robot Startups,surgical-robot-startups,,,,
Startups & Innovation,startups-innovation,10,"Robotics, Hardware & DeepTech Startups",robotics-hardware-deeptech-startups,15,Rehabilitation Robot Startups,rehabilitation-robot-startups,,,,
Startups & Innovation,startups-innovation,10,"Robotics, Hardware & DeepTech Startups",robotics-hardware-deeptech-startups,16,Companion Robot Startups,companion-robot-startups,1,Robot Industry,Companion Robots,robot-industry-companion-robots
Startups & Innovation,startups-innovation,10,"Robotics, Hardware & DeepTech Startups",robotics-hardware-deeptech-startups,17,Educational Robot Startups,educational-robot-startups,,,,
Startups & Innovation,startups-innovation,10,"Robotics, Hardware & DeepTech Startups",robotics-hardware-deeptech-startups,18,Drone Hardware Startups,drone-hardware-startups,1,HW/SW Startups,IoT Devices,hw-sw-startups-iot-devices
Startups & Innovation,startups-innovation,10,"Robotics, Hardware & DeepTech Startups",robotics-hardware-deeptech-startups,18,Drone Hardware Startups,drone-hardware-startups,2,HW/SW Startups,Medical Devices,hw-sw-startups-medical-devices
Startups & Innovation,startups-innovation,10,"Robotics, Hardware & DeepTech Startups",robotics-hardware-deeptech-startups,18,Drone Hardware Startups,drone-hardware-startups,3,HW/SW Startups,AR/VR Hardware,hw-sw-startups-ar-vr-hardware
Startups & Innovation,startups-innovation,10,"Robotics, Hardware & DeepTech Startups",robotics-hardware-deeptech-startups,18,Drone Hardware Startups,drone-hardware-startups,4,HW/SW Startups,3D Printers,hw-sw-startups-3d-printers
Startups & Innovation,startups-innovation,10,"Robotics, Hardware & DeepTech Startups",robotics-hardware-deeptech-startups,18,Drone Hardware Startups,drone-hardware-startups,5,HW/SW Startups,Audio Hardware,hw-sw-startups-audio-hardware
Startups & Innovation,startups-innovation,10,"Robotics, Hardware & DeepTech Startups",robotics-hardware-deeptech-startups,18,Drone Hardware Startups,drone-hardware-startups,6,HW/SW Startups,Camera Tech,hw-sw-startups-camera-tech
Startups & Innovation,startups-innovation,10,"Robotics, Hardware & DeepTech Startups",robotics-hardware-deeptech-startups,18,Drone Hardware Startups,drone-hardware-startups,7,Drone Industry,Delivery Drones,drone-industry-delivery-drones
Startups & Innovation,startups-innovation,10,"Robotics, Hardware & DeepTech Startups",robotics-hardware-deeptech-startups,18,Drone Hardware Startups,drone-hardware-startups,8,Drone Industry,Photography Drones,drone-industry-photography-drones
Startups & Innovation,startups-innovation,10,"Robotics, Hardware & DeepTech Startups",robotics-hardware-deeptech-startups,18,Drone Hardware Startups,drone-hardware-startups,9,Drone Industry,Mapping Drones,drone-industry-mapping-drones
Startups & Innovation,startups-innovation,10,"Robotics, Hardware & DeepTech Startups",robotics-hardware-deeptech-startups,18,Drone Hardware Startups,drone-hardware-startups,10,Drone Industry,Emergency Drones,drone-industry-emergency-drones
Startups & Innovation,startups-innovation,10,"Robotics, Hardware & DeepTech Startups",robotics-hardware-deeptech-startups,18,Drone Hardware Startups,drone-hardware-startups,11,Drone Industry,Security Drones,drone-industry-security-drones
Startups & Innovation,startups-innovation,10,"Robotics, Hardware & DeepTech Startups",robotics-hardware-deeptech-startups,18,Drone Hardware Startups,drone-hardware-startups,12,Drone Industry,Racing Drones,drone-industry-racing-drones
Startups & Innovation,startups-innovation,10,"Robotics, Hardware & DeepTech Startups",robotics-hardware-deeptech-startups,19,Underwater Robot Startups,underwater-robot-startups,,,,
Startups & Innovation,startups-innovation,10,"Robotics, Hardware & DeepTech Startups",robotics-hardware-deeptech-startups,20,Mining Robot Startups,mining-robot-startups,1,Drone Industry,Mining Drones,drone-industry-mining-drones
Startups & Innovation,startups-innovation,10,"Robotics, Hardware & DeepTech Startups",robotics-hardware-deeptech-startups,21,Agricultural Robot Startups,agricultural-robot-startups,1,Robot Industry,Agricultural Robots,robot-industry-agricultural-robots
Startups & Innovation,startups-innovation,10,"Robotics, Hardware & DeepTech Startups",robotics-hardware-deeptech-startups,21,Agricultural Robot Startups,agricultural-robot-startups,2,Drone Industry,Agricultural Drones,drone-industry-agricultural-drones
Startups & Innovation,startups-innovation,10,"Robotics, Hardware & DeepTech Startups",robotics-hardware-deeptech-startups,22,Construction Robot Startups,construction-robot-startups,1,Robot Industry,Construction Robots,robot-industry-construction-robots
Startups & Innovation,startups-innovation,10,"Robotics, Hardware & DeepTech Startups",robotics-hardware-deeptech-startups,22,Construction Robot Startups,construction-robot-startups,2,Drone Industry,Construction Drones,drone-industry-construction-drones
Startups & Innovation,startups-innovation,10,"Robotics, Hardware & DeepTech Startups",robotics-hardware-deeptech-startups,23,Demolition Robot Startups,demolition-robot-startups,,,,
Startups & Innovation,startups-innovation,10,"Robotics, Hardware & DeepTech Startups",robotics-hardware-deeptech-startups,24,Inspection Robot Startups,inspection-robot-startups,1,Drone Industry,Inspection Drones,drone-industry-inspection-drones
Startups & Innovation,startups-innovation,10,"Robotics, Hardware & DeepTech Startups",robotics-hardware-deeptech-startups,25,Search and Rescue Robot Startups,search-and-rescue-robot-startups,,,,
Startups & Innovation,startups-innovation,10,"Robotics, Hardware & DeepTech Startups",robotics-hardware-deeptech-startups,26,Bomb Disposal Robot Startups,bomb-disposal-robot-startups,,,,
Startups & Innovation,startups-innovation,10,"Robotics, Hardware & DeepTech Startups",robotics-hardware-deeptech-startups,27,Quantum Computing Startups,quantum-computing-startups,1,Quantum Computing,Quantum Hardware,quantum-computing-quantum-hardware
Startups & Innovation,startups-innovation,10,"Robotics, Hardware & DeepTech Startups",robotics-hardware-deeptech-startups,27,Quantum Computing Startups,quantum-computing-startups,2,Quantum Computing,Quantum Software,quantum-computing-quantum-software
Startups & Innovation,startups-innovation,10,"Robotics, Hardware & DeepTech Startups",robotics-hardware-deeptech-startups,27,Quantum Computing Startups,quantum-computing-startups,3,Quantum Computing,Quantum Cloud,quantum-computing-quantum-cloud
Startups & Innovation,startups-innovation,10,"Robotics, Hardware & DeepTech Startups",robotics-hardware-deeptech-startups,27,Quantum Computing Startups,quantum-computing-startups,4,Quantum Computing,Quantum Security,quantum-computing-quantum-security
Startups & Innovation,startups-innovation,10,"Robotics, Hardware & DeepTech Startups",robotics-hardware-deeptech-startups,27,Quantum Computing Startups,quantum-computing-startups,5,Quantum Computing,Quantum Sensing,quantum-computing-quantum-sensing
Startups & Innovation,startups-innovation,10,"Robotics, Hardware & DeepTech Startups",robotics-hardware-deeptech-startups,27,Quantum Computing Startups,quantum-computing-startups,6,Quantum Computing,Quantum Communication,quantum-computing-quantum-communication
Startups & Innovation,startups-innovation,10,"Robotics, Hardware & DeepTech Startups",robotics-hardware-deeptech-startups,27,Quantum Computing Startups,quantum-computing-startups,7,Quantum Computing,Quantum Algorithm,quantum-computing-quantum-algorithm
Startups & Innovation,startups-innovation,10,"Robotics, Hardware & DeepTech Startups",robotics-hardware-deeptech-startups,27,Quantum Computing Startups,quantum-computing-startups,8,Quantum Computing,Quantum Simulation,quantum-computing-quantum-simulation
Startups & Innovation,startups-innovation,10,"Robotics, Hardware & DeepTech Startups",robotics-hardware-deeptech-startups,27,Quantum Computing Startups,quantum-computing-startups,9,Quantum Computing,Quantum Error Correction,quantum-computing-quantum-error-correction
Startups & Innovation,startups-innovation,10,"Robotics, Hardware & DeepTech Startups",robotics-hardware-deeptech-startups,27,Quantum Computing Startups,quantum-computing-startups,10,Quantum Computing,Quantum-as-a-Service,quantum-computing-quantum-as-a-service
Startups & Innovation,startups-innovation,10,"Robotics, Hardware & DeepTech Startups",robotics-hardware-deeptech-startups,28,Quantum Software Startups,quantum-software-startups,,,,
Startups & Innovation,startups-innovation,10,"Robotics, Hardware & DeepTech Startups",robotics-hardware-deeptech-startups,29,Quantum Sensor Startups,quantum-sensor-startups,1,HW/SW Startups,Sensor Tech,hw-sw-startups-sensor-tech
Startups & Innovation,startups-innovation,10,"Robotics, Hardware & DeepTech Startups",robotics-hardware-deeptech-startups,30,Quantum Communication Startups,quantum-communication-startups,,,,
Startups & Innovation,startups-innovation,10,"Robotics, Hardware & DeepTech Startups",robotics-hardware-deeptech-startups,31,Photonics Startups,photonics-startups,,,,
Startups & Innovation,startups-innovation,10,"Robotics, Hardware & DeepTech Startups",robotics-hardware-deeptech-startups,32,Silicon Photonics Startups,silicon-photonics-startups,,,,
Startups & Innovation,startups-innovation,10,"Robotics, Hardware & DeepTech Startups",robotics-hardware-deeptech-startups,33,Optical Computing Startups,optical-computing-startups,,,,
Startups & Innovation,startups-innovation,10,"Robotics, Hardware & DeepTech Startups",robotics-hardware-deeptech-startups,34,Neuromorphic Computing Startups,neuromorphic-computing-startups,,,,
Startups & Innovation,startups-innovation,10,"Robotics, Hardware & DeepTech Startups",robotics-hardware-deeptech-startups,35,Neural Implant Startups,neural-implant-startups,,,,
Startups & Innovation,startups-innovation,10,"Robotics, Hardware & DeepTech Startups",robotics-hardware-deeptech-startups,36,Wearable Neuro Startups,wearable-neuro-startups,1,HW/SW Startups,Wearable Tech,hw-sw-startups-wearable-tech
Startups & Innovation,startups-innovation,10,"Robotics, Hardware & DeepTech Startups",robotics-hardware-deeptech-startups,37,Advanced Materials Startups,advanced-materials-startups,1,Frontier Technology,Quantum Computing,frontier-technology-quantum-computing
Startups & Innovation,startups-innovation,10,"Robotics, Hardware & DeepTech Startups",robotics-hardware-deeptech-startups,37,Advanced Materials Startups,advanced-materials-startups,2,Frontier Technology,Advanced Materials,frontier-technology-advanced-materials
Startups & Innovation,startups-innovation,10,"Robotics, Hardware & DeepTech Startups",robotics-hardware-deeptech-startups,37,Advanced Materials Startups,advanced-materials-startups,3,Frontier Technology,Robotics,frontier-technology-robotics
Startups & Innovation,startups-innovation,10,"Robotics, Hardware & DeepTech Startups",robotics-hardware-deeptech-startups,37,Advanced Materials Startups,advanced-materials-startups,4,Frontier Technology,Synthetic Biology,frontier-technology-synthetic-biology
Startups & Innovation,startups-innovation,10,"Robotics, Hardware & DeepTech Startups",robotics-hardware-deeptech-startups,37,Advanced Materials Startups,advanced-materials-startups,5,Frontier Technology,Nuclear Technology,frontier-technology-nuclear-technology
Startups & Innovation,startups-innovation,10,"Robotics, Hardware & DeepTech Startups",robotics-hardware-deeptech-startups,37,Advanced Materials Startups,advanced-materials-startups,6,Frontier Technology,Brain-Computer Interface,frontier-technology-brain-computer-interface
Startups & Innovation,startups-innovation,10,"Robotics, Hardware & DeepTech Startups",robotics-hardware-deeptech-startups,37,Advanced Materials Startups,advanced-materials-startups,7,Frontier Technology,Advanced Manufacturing,frontier-technology-advanced-manufacturing
Startups & Innovation,startups-innovation,10,"Robotics, Hardware & DeepTech Startups",robotics-hardware-deeptech-startups,37,Advanced Materials Startups,advanced-materials-startups,8,Frontier Technology,Nanotechnology,frontier-technology-nanotechnology
Startups & Innovation,startups-innovation,10,"Robotics, Hardware & DeepTech Startups",robotics-hardware-deeptech-startups,37,Advanced Materials Startups,advanced-materials-startups,9,Frontier Technology,Fusion Energy,frontier-technology-fusion-energy
Startups & Innovation,startups-innovation,10,"Robotics, Hardware & DeepTech Startups",robotics-hardware-deeptech-startups,37,Advanced Materials Startups,advanced-materials-startups,10,Frontier Technology,Gene Editing,frontier-technology-gene-editing
Startups & Innovation,startups-innovation,10,"Robotics, Hardware & DeepTech Startups",robotics-hardware-deeptech-startups,38,Graphene Startups,graphene-startups,,,,
Startups & Innovation,startups-innovation,10,"Robotics, Hardware & DeepTech Startups",robotics-hardware-deeptech-startups,39,Nanomaterial Startups,nanomaterial-startups,,,,
Startups & Innovation,startups-innovation,10,"Robotics, Hardware & DeepTech Startups",robotics-hardware-deeptech-startups,40,Smart Material Startups,smart-material-startups,1,HW/SW Startups,Smart Home Devices,hw-sw-startups-smart-home-devices
Startups & Innovation,startups-innovation,10,"Robotics, Hardware & DeepTech Startups",robotics-hardware-deeptech-startups,41,Self-Healing Material Startups,self-healing-material-startups,,,,
Startups & Innovation,startups-innovation,10,"Robotics, Hardware & DeepTech Startups",robotics-hardware-deeptech-startups,42,Metamaterial Startups,metamaterial-startups,,,,
Startups & Innovation,startups-innovation,10,"Robotics, Hardware & DeepTech Startups",robotics-hardware-deeptech-startups,43,2D Materials Startups,2d-materials-startups,,,,
Startups & Innovation,startups-innovation,10,"Robotics, Hardware & DeepTech Startups",robotics-hardware-deeptech-startups,44,Memory Storage Startups,memory-storage-startups,,,,
Startups & Innovation,startups-innovation,10,"Robotics, Hardware & DeepTech Startups",robotics-hardware-deeptech-startups,45,DNA Storage Startups,dna-storage-startups,,,,
Startups & Innovation,startups-innovation,10,"Robotics, Hardware & DeepTech Startups",robotics-hardware-deeptech-startups,46,Holographic Storage Startups,holographic-storage-startups,,,,
Startups & Innovation,startups-innovation,10,"Robotics, Hardware & DeepTech Startups",robotics-hardware-deeptech-startups,47,Edge Compute Hardware Startups,edge-compute-hardware-startups,,,,
Startups & Innovation,startups-innovation,10,"Robotics, Hardware & DeepTech Startups",robotics-hardware-deeptech-startups,48,AI Chip Startups,ai-chip-startups,,,,
Startups & Innovation,startups-innovation,10,"Robotics, Hardware & DeepTech Startups",robotics-hardware-deeptech-startups,49,Custom Silicon Startups,custom-silicon-startups,,,,
Startups & Innovation,startups-innovation,10,"Robotics, Hardware & DeepTech Startups",robotics-hardware-deeptech-startups,50,RISC-V Startups,risc-v-startups,,,,
Startups & Innovation,startups-innovation,10,"Robotics, Hardware & DeepTech Startups",robotics-hardware-deeptech-startups,51,AI Accelerator Startups,ai-accelerator-startups,,,,
Startups & Innovation,startups-innovation,10,"Robotics, Hardware & DeepTech Startups",robotics-hardware-deeptech-startups,52,Inference Hardware Startups,inference-hardware-startups,,,,
Startups & Innovation,startups-innovation,10,"Robotics, Hardware & DeepTech Startups",robotics-hardware-deeptech-startups,53,Training Hardware Startups,training-hardware-startups,,,,
Startups & Innovation,startups-innovation,11,"AI, ML & Generative AI Startups",ai-ml-generative-ai-startups,1,Generative AI Startups,generative-ai-startups,,,,
Startups & Innovation,startups-innovation,11,"AI, ML & Generative AI Startups",ai-ml-generative-ai-startups,2,Foundation Model Startups,foundation-model-startups,,,,
Startups & Innovation,startups-innovation,11,"AI, ML & Generative AI Startups",ai-ml-generative-ai-startups,3,LLM Startups,llm-startups,,,,
Startups & Innovation,startups-innovation,11,"AI, ML & Generative AI Startups",ai-ml-generative-ai-startups,4,Open-Source LLM Startups,open-source-llm-startups,,,,
Startups & Innovation,startups-innovation,11,"AI, ML & Generative AI Startups",ai-ml-generative-ai-startups,5,AI Inference Startups,ai-inference-startups,,,,
Startups & Innovation,startups-innovation,11,"AI, ML & Generative AI Startups",ai-ml-generative-ai-startups,6,AI Fine-Tuning Startups,ai-fine-tuning-startups,,,,
Startups & Innovation,startups-innovation,11,"AI, ML & Generative AI Startups",ai-ml-generative-ai-startups,7,AI Agent Startups,ai-agent-startups,,,,
Startups & Innovation,startups-innovation,11,"AI, ML & Generative AI Startups",ai-ml-generative-ai-startups,8,Autonomous Agent Startups,autonomous-agent-startups,,,,
Startups & Innovation,startups-innovation,11,"AI, ML & Generative AI Startups",ai-ml-generative-ai-startups,9,Multi-Agent System Startups,multi-agent-system-startups,,,,
Startups & Innovation,startups-innovation,11,"AI, ML & Generative AI Startups",ai-ml-generative-ai-startups,10,AI Copilot Startups,ai-copilot-startups,,,,
Startups & Innovation,startups-innovation,11,"AI, ML & Generative AI Startups",ai-ml-generative-ai-startups,11,Vertical AI Startups,vertical-ai-startups,,,,
Startups & Innovation,startups-innovation,11,"AI, ML & Generative AI Startups",ai-ml-generative-ai-startups,12,Enterprise AI Startups,enterprise-ai-startups,,,,
Startups & Innovation,startups-innovation,11,"AI, ML & Generative AI Startups",ai-ml-generative-ai-startups,13,AI for Healthcare Startups,ai-for-healthcare-startups,,,,
Startups & Innovation,startups-innovation,11,"AI, ML & Generative AI Startups",ai-ml-generative-ai-startups,14,AI for Legal Startups,ai-for-legal-startups,1,Legal Innovation Startups,Legal AI Startup,legal-innovation-startups-legal-ai-startup
Startups & Innovation,startups-innovation,11,"AI, ML & Generative AI Startups",ai-ml-generative-ai-startups,14,AI for Legal Startups,ai-for-legal-startups,2,Legal Innovation Startups,Legal Analytics Startup,legal-innovation-startups-legal-analytics-startup
Startups & Innovation,startups-innovation,11,"AI, ML & Generative AI Startups",ai-ml-generative-ai-startups,15,AI for Sales Startups,ai-for-sales-startups,,,,
Startups & Innovation,startups-innovation,11,"AI, ML & Generative AI Startups",ai-ml-generative-ai-startups,16,AI for Marketing Startups,ai-for-marketing-startups,,,,
Startups & Innovation,startups-innovation,11,"AI, ML & Generative AI Startups",ai-ml-generative-ai-startups,17,AI for Finance Startups,ai-for-finance-startups,,,,
Startups & Innovation,startups-innovation,11,"AI, ML & Generative AI Startups",ai-ml-generative-ai-startups,18,AI for HR Startups,ai-for-hr-startups,,,,
Startups & Innovation,startups-innovation,11,"AI, ML & Generative AI Startups",ai-ml-generative-ai-startups,19,AI for Education Startups,ai-for-education-startups,,,,
Startups & Innovation,startups-innovation,11,"AI, ML & Generative AI Startups",ai-ml-generative-ai-startups,20,AI for Construction Startups,ai-for-construction-startups,,,,
Startups & Innovation,startups-innovation,11,"AI, ML & Generative AI Startups",ai-ml-generative-ai-startups,21,AI for Supply Chain Startups,ai-for-supply-chain-startups,,,,
Startups & Innovation,startups-innovation,11,"AI, ML & Generative AI Startups",ai-ml-generative-ai-startups,22,AI Voice Startups,ai-voice-startups,,,,
Startups & Innovation,startups-innovation,11,"AI, ML & Generative AI Startups",ai-ml-generative-ai-startups,23,Voice Cloning Startups,voice-cloning-startups,,,,
Startups & Innovation,startups-innovation,11,"AI, ML & Generative AI Startups",ai-ml-generative-ai-startups,24,Voice Agent Startups,voice-agent-startups,,,,
Startups & Innovation,startups-innovation,11,"AI, ML & Generative AI Startups",ai-ml-generative-ai-startups,25,Conversational AI Startups,conversational-ai-startups,,,,
Startups & Innovation,startups-innovation,11,"AI, ML & Generative AI Startups",ai-ml-generative-ai-startups,26,AI Customer Support Startups,ai-customer-support-startups,,,,
Startups & Innovation,startups-innovation,11,"AI, ML & Generative AI Startups",ai-ml-generative-ai-startups,27,AI Search Startups,ai-search-startups,,,,
Startups & Innovation,startups-innovation,11,"AI, ML & Generative AI Startups",ai-ml-generative-ai-startups,28,AI Research Tool Startups,ai-research-tool-startups,,,,
Startups & Innovation,startups-innovation,11,"AI, ML & Generative AI Startups",ai-ml-generative-ai-startups,29,AI Writing Startups,ai-writing-startups,,,,
Startups & Innovation,startups-innovation,11,"AI, ML & Generative AI Startups",ai-ml-generative-ai-startups,30,AI Coding Startups,ai-coding-startups,,,,
Startups & Innovation,startups-innovation,11,"AI, ML & Generative AI Startups",ai-ml-generative-ai-startups,31,AI Code Review Startups,ai-code-review-startups,,,,
Startups & Innovation,startups-innovation,11,"AI, ML & Generative AI Startups",ai-ml-generative-ai-startups,32,AI DevOps Startups,ai-devops-startups,,,,
Startups & Innovation,startups-innovation,11,"AI, ML & Generative AI Startups",ai-ml-generative-ai-startups,33,AI Image Startups,ai-image-startups,,,,
Startups & Innovation,startups-innovation,11,"AI, ML & Generative AI Startups",ai-ml-generative-ai-startups,34,AI Video Startups,ai-video-startups,,,,
Startups & Innovation,startups-innovation,11,"AI, ML & Generative AI Startups",ai-ml-generative-ai-startups,35,AI Music Startups,ai-music-startups,,,,
Startups & Innovation,startups-innovation,11,"AI, ML & Generative AI Startups",ai-ml-generative-ai-startups,36,AI 3D Startups,ai-3d-startups,,,,
Startups & Innovation,startups-innovation,11,"AI, ML & Generative AI Startups",ai-ml-generative-ai-startups,37,AI Game Startups,ai-game-startups,,,,
Startups & Innovation,startups-innovation,11,"AI, ML & Generative AI Startups",ai-ml-generative-ai-startups,38,AI Avatar Startups,ai-avatar-startups,,,,
Startups & Innovation,startups-innovation,11,"AI, ML & Generative AI Startups",ai-ml-generative-ai-startups,39,AI Companion Startups,ai-companion-startups,,,,
Startups & Innovation,startups-innovation,11,"AI, ML & Generative AI Startups",ai-ml-generative-ai-startups,40,AI Personalization Startups,ai-personalization-startups,,,,
Startups & Innovation,startups-innovation,11,"AI, ML & Generative AI Startups",ai-ml-generative-ai-startups,41,AI Recommendation Startups,ai-recommendation-startups,,,,
Startups & Innovation,startups-innovation,11,"AI, ML & Generative AI Startups",ai-ml-generative-ai-startups,42,AI Translation Startups,ai-translation-startups,,,,
Startups & Innovation,startups-innovation,11,"AI, ML & Generative AI Startups",ai-ml-generative-ai-startups,43,AI Localization Startups,ai-localization-startups,,,,
Startups & Innovation,startups-innovation,11,"AI, ML & Generative AI Startups",ai-ml-generative-ai-startups,44,AI Document Startups,ai-document-startups,,,,
Startups & Innovation,startups-innovation,11,"AI, ML & Generative AI Startups",ai-ml-generative-ai-startups,45,AI Knowledge Startups,ai-knowledge-startups,,,,
Startups & Innovation,startups-innovation,11,"AI, ML & Generative AI Startups",ai-ml-generative-ai-startups,46,AI Note-Taking Startups,ai-note-taking-startups,,,,
Startups & Innovation,startups-innovation,11,"AI, ML & Generative AI Startups",ai-ml-generative-ai-startups,47,AI Meeting Startups,ai-meeting-startups,,,,
Startups & Innovation,startups-innovation,11,"AI, ML & Generative AI Startups",ai-ml-generative-ai-startups,48,AI Email Startups,ai-email-startups,,,,
Startups & Innovation,startups-innovation,11,"AI, ML & Generative AI Startups",ai-ml-generative-ai-startups,49,AI Calendar Startups,ai-calendar-startups,,,,
Startups & Innovation,startups-innovation,11,"AI, ML & Generative AI Startups",ai-ml-generative-ai-startups,50,AI Productivity Startups,ai-productivity-startups,,,,
Startups & Innovation,startups-innovation,11,"AI, ML & Generative AI Startups",ai-ml-generative-ai-startups,51,AI Browser Startups,ai-browser-startups,,,,
Startups & Innovation,startups-innovation,11,"AI, ML & Generative AI Startups",ai-ml-generative-ai-startups,52,AI Operating System Startups,ai-operating-system-startups,,,,
Startups & Innovation,startups-innovation,11,"AI, ML & Generative AI Startups",ai-ml-generative-ai-startups,53,AI Infrastructure Startups,ai-infrastructure-startups,,,,
Startups & Innovation,startups-innovation,11,"AI, ML & Generative AI Startups",ai-ml-generative-ai-startups,54,Vector Database Startups,vector-database-startups,,,,
Startups & Innovation,startups-innovation,11,"AI, ML & Generative AI Startups",ai-ml-generative-ai-startups,55,Embedding Database Startups,embedding-database-startups,,,,
Startups & Innovation,startups-innovation,11,"AI, ML & Generative AI Startups",ai-ml-generative-ai-startups,56,RAG Infrastructure Startups,rag-infrastructure-startups,,,,
Startups & Innovation,startups-innovation,11,"AI, ML & Generative AI Startups",ai-ml-generative-ai-startups,57,AI Observability Startups,ai-observability-startups,,,,
Startups & Innovation,startups-innovation,11,"AI, ML & Generative AI Startups",ai-ml-generative-ai-startups,58,LLM Evaluation Startups,llm-evaluation-startups,,,,
Startups & Innovation,startups-innovation,11,"AI, ML & Generative AI Startups",ai-ml-generative-ai-startups,59,Synthetic Data Startups,synthetic-data-startups,,,,
Startups & Innovation,startups-innovation,11,"AI, ML & Generative AI Startups",ai-ml-generative-ai-startups,60,Data Labeling Startups,data-labeling-startups,,,,
Startups & Innovation,startups-innovation,11,"AI, ML & Generative AI Startups",ai-ml-generative-ai-startups,61,AI Safety Startups,ai-safety-startups,,,,
Startups & Innovation,startups-innovation,11,"AI, ML & Generative AI Startups",ai-ml-generative-ai-startups,62,AI Alignment Startups,ai-alignment-startups,,,,
Startups & Innovation,startups-innovation,11,"AI, ML & Generative AI Startups",ai-ml-generative-ai-startups,63,AI Red Teaming Startups,ai-red-teaming-startups,,,,
Startups & Innovation,startups-innovation,11,"AI, ML & Generative AI Startups",ai-ml-generative-ai-startups,64,AI Detection Startups,ai-detection-startups,,,,
Startups & Innovation,startups-innovation,11,"AI, ML & Generative AI Startups",ai-ml-generative-ai-startups,65,Deepfake Detection Startups,deepfake-detection-startups,,,,
Startups & Innovation,startups-innovation,11,"AI, ML & Generative AI Startups",ai-ml-generative-ai-startups,66,AI Watermarking Startups,ai-watermarking-startups,,,,
Startups & Innovation,startups-innovation,11,"AI, ML & Generative AI Startups",ai-ml-generative-ai-startups,67,Responsible AI Startups,responsible-ai-startups,,,,
Startups & Innovation,startups-innovation,11,"AI, ML & Generative AI Startups",ai-ml-generative-ai-startups,68,AI Governance Startups,ai-governance-startups,,,,
Startups & Innovation,startups-innovation,11,"AI, ML & Generative AI Startups",ai-ml-generative-ai-startups,69,Explainable AI Startups,explainable-ai-startups,,,,
Startups & Innovation,startups-innovation,12,"Web3, Crypto & Blockchain Startups",web3-crypto-blockchain-startups,1,Layer 1 Blockchain Startups,layer-1-blockchain-startups,1,Blockchain,Layer 1 Blockchains,blockchain-layer-1-blockchains
Startups & Innovation,startups-innovation,12,"Web3, Crypto & Blockchain Startups",web3-crypto-blockchain-startups,1,Layer 1 Blockchain Startups,layer-1-blockchain-startups,2,Blockchain,Layer 2 Solutions,blockchain-layer-2-solutions
Startups & Innovation,startups-innovation,12,"Web3, Crypto & Blockchain Startups",web3-crypto-blockchain-startups,1,Layer 1 Blockchain Startups,layer-1-blockchain-startups,3,Blockchain,Blockchain Infrastructure,blockchain-blockchain-infrastructure
Startups & Innovation,startups-innovation,12,"Web3, Crypto & Blockchain Startups",web3-crypto-blockchain-startups,2,Layer 2 Scaling Startups,layer-2-scaling-startups,,,,
Startups & Innovation,startups-innovation,12,"Web3, Crypto & Blockchain Startups",web3-crypto-blockchain-startups,3,Rollup Startups,rollup-startups,,,,
Startups & Innovation,startups-innovation,12,"Web3, Crypto & Blockchain Startups",web3-crypto-blockchain-startups,4,Cross-Chain Bridge Startups,cross-chain-bridge-startups,1,Blockchain,Cross-Chain Bridges,blockchain-cross-chain-bridges
Startups & Innovation,startups-innovation,12,"Web3, Crypto & Blockchain Startups",web3-crypto-blockchain-startups,5,DeFi Protocol Startups,defi-protocol-startups,1,Blockchain,DeFi Protocols,blockchain-defi-protocols
Startups & Innovation,startups-innovation,12,"Web3, Crypto & Blockchain Startups",web3-crypto-blockchain-startups,6,Decentralized Exchange Startups,decentralized-exchange-startups,,,,
Startups & Innovation,startups-innovation,12,"Web3, Crypto & Blockchain Startups",web3-crypto-blockchain-startups,7,Lending Protocol Startups,lending-protocol-startups,,,,
Startups & Innovation,startups-innovation,12,"Web3, Crypto & Blockchain Startups",web3-crypto-blockchain-startups,8,Liquid Staking Startups,liquid-staking-startups,,,,
Startups & Innovation,startups-innovation,12,"Web3, Crypto & Blockchain Startups",web3-crypto-blockchain-startups,9,Restaking Startups,restaking-startups,,,,
Startups & Innovation,startups-innovation,12,"Web3, Crypto & Blockchain Startups",web3-crypto-blockchain-startups,10,Yield Aggregator Startups,yield-aggregator-startups,,,,
Startups & Innovation,startups-innovation,12,"Web3, Crypto & Blockchain Startups",web3-crypto-blockchain-startups,11,Stablecoin Startups,stablecoin-startups,,,,
Startups & Innovation,startups-innovation,12,"Web3, Crypto & Blockchain Startups",web3-crypto-blockchain-startups,12,CBDC Tech Startups,cbdc-tech-startups,,,,
Startups & Innovation,startups-innovation,12,"Web3, Crypto & Blockchain Startups",web3-crypto-blockchain-startups,13,Real-World Asset Tokenization Startups,real-world-asset-tokenization-startups,,,,
Startups & Innovation,startups-innovation,12,"Web3, Crypto & Blockchain Startups",web3-crypto-blockchain-startups,14,NFT Marketplace Startups,nft-marketplace-startups,1,Blockchain,NFT Platforms,blockchain-nft-platforms
Startups & Innovation,startups-innovation,12,"Web3, Crypto & Blockchain Startups",web3-crypto-blockchain-startups,15,NFT Tooling Startups,nft-tooling-startups,,,,
Startups & Innovation,startups-innovation,12,"Web3, Crypto & Blockchain Startups",web3-crypto-blockchain-startups,16,Generative NFT Startups,generative-nft-startups,,,,
Startups & Innovation,startups-innovation,12,"Web3, Crypto & Blockchain Startups",web3-crypto-blockchain-startups,17,Music NFT Startups,music-nft-startups,,,,
Startups & Innovation,startups-innovation,12,"Web3, Crypto & Blockchain Startups",web3-crypto-blockchain-startups,18,Sports NFT Startups,sports-nft-startups,,,,
Startups & Innovation,startups-innovation,12,"Web3, Crypto & Blockchain Startups",web3-crypto-blockchain-startups,19,Collectible NFT Startups,collectible-nft-startups,,,,
Startups & Innovation,startups-innovation,12,"Web3, Crypto & Blockchain Startups",web3-crypto-blockchain-startups,20,Digital Identity Startups,digital-identity-startups,,,,
Startups & Innovation,startups-innovation,12,"Web3, Crypto & Blockchain Startups",web3-crypto-blockchain-startups,21,Decentralized Identity Startups,decentralized-identity-startups,,,,
Startups & Innovation,startups-innovation,12,"Web3, Crypto & Blockchain Startups",web3-crypto-blockchain-startups,22,Soulbound Token Startups,soulbound-token-startups,,,,
Startups & Innovation,startups-innovation,12,"Web3, Crypto & Blockchain Startups",web3-crypto-blockchain-startups,23,On-Chain Reputation Startups,on-chain-reputation-startups,,,,
Startups & Innovation,startups-innovation,12,"Web3, Crypto & Blockchain Startups",web3-crypto-blockchain-startups,24,Web3 Wallet Startups,web3-wallet-startups,,,,
Startups & Innovation,startups-innovation,12,"Web3, Crypto & Blockchain Startups",web3-crypto-blockchain-startups,25,Smart Wallet Startups,smart-wallet-startups,,,,
Startups & Innovation,startups-innovation,12,"Web3, Crypto & Blockchain Startups",web3-crypto-blockchain-startups,26,Account Abstraction Startups,account-abstraction-startups,,,,
Startups & Innovation,startups-innovation,12,"Web3, Crypto & Blockchain Startups",web3-crypto-blockchain-startups,27,Web3 Onboarding Startups,web3-onboarding-startups,,,,
Startups & Innovation,startups-innovation,12,"Web3, Crypto & Blockchain Startups",web3-crypto-blockchain-startups,28,Crypto On-Ramp Startups,crypto-on-ramp-startups,1,Blockchain,Crypto Wallets,blockchain-crypto-wallets
Startups & Innovation,startups-innovation,12,"Web3, Crypto & Blockchain Startups",web3-crypto-blockchain-startups,29,Crypto Off-Ramp Startups,crypto-off-ramp-startups,,,,
Startups & Innovation,startups-innovation,12,"Web3, Crypto & Blockchain Startups",web3-crypto-blockchain-startups,30,Crypto Accounting Startups,crypto-accounting-startups,,,,
Startups & Innovation,startups-innovation,12,"Web3, Crypto & Blockchain Startups",web3-crypto-blockchain-startups,31,Crypto Compliance Startups,crypto-compliance-startups,,,,
Startups & Innovation,startups-innovation,12,"Web3, Crypto & Blockchain Startups",web3-crypto-blockchain-startups,32,Travel Rule Compliance Startups,travel-rule-compliance-startups,,,,
Startups & Innovation,startups-innovation,12,"Web3, Crypto & Blockchain Startups",web3-crypto-blockchain-startups,33,Blockchain Analytics Startups,blockchain-analytics-startups,1,Blockchain,Crypto Analytics,blockchain-crypto-analytics
Startups & Innovation,startups-innovation,12,"Web3, Crypto & Blockchain Startups",web3-crypto-blockchain-startups,34,Crypto Wallet Security Startups,crypto-wallet-security-startups,,,,
Startups & Innovation,startups-innovation,12,"Web3, Crypto & Blockchain Startups",web3-crypto-blockchain-startups,35,Smart Contract Audit Firms,smart-contract-audit-firms,,,,
Startups & Innovation,startups-innovation,12,"Web3, Crypto & Blockchain Startups",web3-crypto-blockchain-startups,36,Web3 Security Startups,web3-security-startups,,,,
Startups & Innovation,startups-innovation,12,"Web3, Crypto & Blockchain Startups",web3-crypto-blockchain-startups,37,DAO Tooling Startups,dao-tooling-startups,1,Blockchain,DAO Tools,blockchain-dao-tools
Startups & Innovation,startups-innovation,12,"Web3, Crypto & Blockchain Startups",web3-crypto-blockchain-startups,38,On-Chain Governance Startups,on-chain-governance-startups,,,,
Startups & Innovation,startups-innovation,12,"Web3, Crypto & Blockchain Startups",web3-crypto-blockchain-startups,39,Web3 Social Startups,web3-social-startups,,,,
Startups & Innovation,startups-innovation,12,"Web3, Crypto & Blockchain Startups",web3-crypto-blockchain-startups,40,Decentralized Social Network Startups,decentralized-social-network-startups,,,,
Startups & Innovation,startups-innovation,12,"Web3, Crypto & Blockchain Startups",web3-crypto-blockchain-startups,41,Lens Protocol Apps,lens-protocol-apps,,,,
Startups & Innovation,startups-innovation,12,"Web3, Crypto & Blockchain Startups",web3-crypto-blockchain-startups,42,Farcaster Apps,farcaster-apps,,,,
Startups & Innovation,startups-innovation,12,"Web3, Crypto & Blockchain Startups",web3-crypto-blockchain-startups,43,Web3 Gaming Startups,web3-gaming-startups,1,Blockchain,Web3 Gaming,blockchain-web3-gaming
Startups & Innovation,startups-innovation,12,"Web3, Crypto & Blockchain Startups",web3-crypto-blockchain-startups,44,Play-to-Earn Game Startups,play-to-earn-game-startups,,,,
Startups & Innovation,startups-innovation,12,"Web3, Crypto & Blockchain Startups",web3-crypto-blockchain-startups,45,Move-to-Earn Startups,move-to-earn-startups,,,,
Startups & Innovation,startups-innovation,12,"Web3, Crypto & Blockchain Startups",web3-crypto-blockchain-startups,46,Loyalty NFT Startups,loyalty-nft-startups,,,,
Startups & Innovation,startups-innovation,12,"Web3, Crypto & Blockchain Startups",web3-crypto-blockchain-startups,47,Tokenized Rewards Startups,tokenized-rewards-startups,,,,
Startups & Innovation,startups-innovation,12,"Web3, Crypto & Blockchain Startups",web3-crypto-blockchain-startups,48,Web3 Music Startups,web3-music-startups,,,,
Startups & Innovation,startups-innovation,12,"Web3, Crypto & Blockchain Startups",web3-crypto-blockchain-startups,49,Web3 Streaming Startups,web3-streaming-startups,,,,
Startups & Innovation,startups-innovation,12,"Web3, Crypto & Blockchain Startups",web3-crypto-blockchain-startups,50,Decentralized Storage Startups,decentralized-storage-startups,,,,
Startups & Innovation,startups-innovation,12,"Web3, Crypto & Blockchain Startups",web3-crypto-blockchain-startups,51,Decentralized Compute Startups,decentralized-compute-startups,,,,
Startups & Innovation,startups-innovation,12,"Web3, Crypto & Blockchain Startups",web3-crypto-blockchain-startups,52,DePIN Startups,depin-startups,,,,
Startups & Innovation,startups-innovation,12,"Web3, Crypto & Blockchain Startups",web3-crypto-blockchain-startups,53,Decentralized GPU Network Startups,decentralized-gpu-network-startups,,,,
Startups & Innovation,startups-innovation,12,"Web3, Crypto & Blockchain Startups",web3-crypto-blockchain-startups,54,Decentralized Wireless Startups,decentralized-wireless-startups,,,,
Startups & Innovation,startups-innovation,12,"Web3, Crypto & Blockchain Startups",web3-crypto-blockchain-startups,55,Blockchain Oracle Startups,blockchain-oracle-startups,,,,
Startups & Innovation,startups-innovation,12,"Web3, Crypto & Blockchain Startups",web3-crypto-blockchain-startups,56,Privacy Tech Web3 Startups,privacy-tech-web3-startups,,,,
Startups & Innovation,startups-innovation,12,"Web3, Crypto & Blockchain Startups",web3-crypto-blockchain-startups,57,Zero-Knowledge Tech Startups,zero-knowledge-tech-startups,,,,
Startups & Innovation,startups-innovation,12,"Web3, Crypto & Blockchain Startups",web3-crypto-blockchain-startups,58,Fully Homomorphic Encryption Startups,fully-homomorphic-encryption-startups,,,,
Startups & Innovation,startups-innovation,12,"Web3, Crypto & Blockchain Startups",web3-crypto-blockchain-startups,59,ZK Rollup Startups,zk-rollup-startups,,,,
Startups & Innovation,startups-innovation,13,Developer Tools & DevOps Startups,developer-tools-devops-startups,1,Developer Tool Startups,developer-tool-startups,1,Dev Ecosystem,API Economy,dev-ecosystem-api-economy
Startups & Innovation,startups-innovation,13,Developer Tools & DevOps Startups,developer-tools-devops-startups,1,Developer Tool Startups,developer-tool-startups,2,Dev Ecosystem,Dev Experience,dev-ecosystem-dev-experience
Startups & Innovation,startups-innovation,13,Developer Tools & DevOps Startups,developer-tools-devops-startups,1,Developer Tool Startups,developer-tool-startups,3,Dev Ecosystem,Testing Tools,dev-ecosystem-testing-tools
Startups & Innovation,startups-innovation,13,Developer Tools & DevOps Startups,developer-tools-devops-startups,1,Developer Tool Startups,developer-tool-startups,4,Dev Ecosystem,Deployment Tools,dev-ecosystem-deployment-tools
Startups & Innovation,startups-innovation,13,Developer Tools & DevOps Startups,developer-tools-devops-startups,1,Developer Tool Startups,developer-tool-startups,5,Dev Ecosystem,Monitoring Tools,dev-ecosystem-monitoring-tools
Startups & Innovation,startups-innovation,13,Developer Tools & DevOps Startups,developer-tools-devops-startups,1,Developer Tool Startups,developer-tool-startups,6,Dev Ecosystem,Developer Community,dev-ecosystem-developer-community
Startups & Innovation,startups-innovation,13,Developer Tools & DevOps Startups,developer-tools-devops-startups,1,Developer Tool Startups,developer-tool-startups,7,Dev Ecosystem,Documentation Tools,dev-ecosystem-documentation-tools
Startups & Innovation,startups-innovation,13,Developer Tools & DevOps Startups,developer-tools-devops-startups,2,Code Editor Startups,code-editor-startups,,,,
Startups & Innovation,startups-innovation,13,Developer Tools & DevOps Startups,developer-tools-devops-startups,3,AI Code Editor Startups,ai-code-editor-startups,,,,
Startups & Innovation,startups-innovation,13,Developer Tools & DevOps Startups,developer-tools-devops-startups,4,Code Search Startups,code-search-startups,,,,
Startups & Innovation,startups-innovation,13,Developer Tools & DevOps Startups,developer-tools-devops-startups,5,Code Review Tool Startups,code-review-tool-startups,1,Dev Ecosystem,Code Infrastructure,dev-ecosystem-code-infrastructure
Startups & Innovation,startups-innovation,13,Developer Tools & DevOps Startups,developer-tools-devops-startups,6,Pull Request Tool Startups,pull-request-tool-startups,,,,
Startups & Innovation,startups-innovation,13,Developer Tools & DevOps Startups,developer-tools-devops-startups,7,Git Hosting Startups,git-hosting-startups,,,,
Startups & Innovation,startups-innovation,13,Developer Tools & DevOps Startups,developer-tools-devops-startups,8,Source Control Startups,source-control-startups,,,,
Startups & Innovation,startups-innovation,13,Developer Tools & DevOps Startups,developer-tools-devops-startups,9,CI/CD Startups,cicd-startups,,,,
Startups & Innovation,startups-innovation,13,Developer Tools & DevOps Startups,developer-tools-devops-startups,10,Build Tool Startups,build-tool-startups,,,,
Startups & Innovation,startups-innovation,13,Developer Tools & DevOps Startups,developer-tools-devops-startups,11,Package Registry Startups,package-registry-startups,,,,
Startups & Innovation,startups-innovation,13,Developer Tools & DevOps Startups,developer-tools-devops-startups,12,Artifact Repository Startups,artifact-repository-startups,,,,
Startups & Innovation,startups-innovation,13,Developer Tools & DevOps Startups,developer-tools-devops-startups,13,Feature Flag Startups,feature-flag-startups,,,,
Startups & Innovation,startups-innovation,13,Developer Tools & DevOps Startups,developer-tools-devops-startups,14,Experimentation Platform Startups,experimentation-platform-startups,,,,
Startups & Innovation,startups-innovation,13,Developer Tools & DevOps Startups,developer-tools-devops-startups,15,Observability Startups,observability-startups,,,,
Startups & Innovation,startups-innovation,13,Developer Tools & DevOps Startups,developer-tools-devops-startups,16,Error Tracking Startups,error-tracking-startups,,,,
Startups & Innovation,startups-innovation,13,Developer Tools & DevOps Startups,developer-tools-devops-startups,17,Log Management Startups,log-management-startups,,,,
Startups & Innovation,startups-innovation,13,Developer Tools & DevOps Startups,developer-tools-devops-startups,18,Tracing Startups,tracing-startups,,,,
Startups & Innovation,startups-innovation,13,Developer Tools & DevOps Startups,developer-tools-devops-startups,19,APM Startups,apm-startups,,,,
Startups & Innovation,startups-innovation,13,Developer Tools & DevOps Startups,developer-tools-devops-startups,20,RUM Startups,rum-startups,,,,
Startups & Innovation,startups-innovation,13,Developer Tools & DevOps Startups,developer-tools-devops-startups,21,Synthetic Monitoring Startups,synthetic-monitoring-startups,,,,
Startups & Innovation,startups-innovation,13,Developer Tools & DevOps Startups,developer-tools-devops-startups,22,Incident Response Startups,incident-response-startups,,,,
Startups & Innovation,startups-innovation,13,Developer Tools & DevOps Startups,developer-tools-devops-startups,23,Status Page Startups,status-page-startups,,,,
Startups & Innovation,startups-innovation,13,Developer Tools & DevOps Startups,developer-tools-devops-startups,24,On-Call Tool Startups,on-call-tool-startups,,,,
Startups & Innovation,startups-innovation,13,Developer Tools & DevOps Startups,developer-tools-devops-startups,25,Postmortem Tool Startups,postmortem-tool-startups,,,,
Startups & Innovation,startups-innovation,13,Developer Tools & DevOps Startups,developer-tools-devops-startups,26,Chaos Engineering Startups,chaos-engineering-startups,,,,
Startups & Innovation,startups-innovation,13,Developer Tools & DevOps Startups,developer-tools-devops-startups,27,Load Testing Startups,load-testing-startups,,,,
Startups & Innovation,startups-innovation,13,Developer Tools & DevOps Startups,developer-tools-devops-startups,28,API Testing Startups,api-testing-startups,,,,
Startups & Innovation,startups-innovation,13,Developer Tools & DevOps Startups,developer-tools-devops-startups,29,API Documentation Startups,api-documentation-startups,,,,
Startups & Innovation,startups-innovation,13,Developer Tools & DevOps Startups,developer-tools-devops-startups,30,API Management Startups,api-management-startups,,,,
Startups & Innovation,startups-innovation,13,Developer Tools & DevOps Startups,developer-tools-devops-startups,31,API Gateway Startups,api-gateway-startups,,,,
Startups & Innovation,startups-innovation,13,Developer Tools & DevOps Startups,developer-tools-devops-startups,32,API Mocking Startups,api-mocking-startups,,,,
Startups & Innovation,startups-innovation,13,Developer Tools & DevOps Startups,developer-tools-devops-startups,33,Webhook Tool Startups,webhook-tool-startups,,,,
Startups & Innovation,startups-innovation,13,Developer Tools & DevOps Startups,developer-tools-devops-startups,34,GraphQL Tool Startups,graphql-tool-startups,,,,
Startups & Innovation,startups-innovation,13,Developer Tools & DevOps Startups,developer-tools-devops-startups,35,Database Tool Startups,database-tool-startups,,,,
Startups & Innovation,startups-innovation,13,Developer Tools & DevOps Startups,developer-tools-devops-startups,36,Database-as-a-Service Startups,database-as-a-service-startups,,,,
Startups & Innovation,startups-innovation,13,Developer Tools & DevOps Startups,developer-tools-devops-startups,37,Vector Search Startups,vector-search-startups,,,,
Startups & Innovation,startups-innovation,13,Developer Tools & DevOps Startups,developer-tools-devops-startups,38,Time-Series Database Startups,time-series-database-startups,,,,
Startups & Innovation,startups-innovation,13,Developer Tools & DevOps Startups,developer-tools-devops-startups,39,Graph Database Startups,graph-database-startups,,,,
Startups & Innovation,startups-innovation,13,Developer Tools & DevOps Startups,developer-tools-devops-startups,40,Distributed SQL Startups,distributed-sql-startups,,,,
Startups & Innovation,startups-innovation,13,Developer Tools & DevOps Startups,developer-tools-devops-startups,41,Schema Management Startups,schema-management-startups,,,,
Startups & Innovation,startups-innovation,13,Developer Tools & DevOps Startups,developer-tools-devops-startups,42,Migration Tool Startups,migration-tool-startups,,,,
Startups & Innovation,startups-innovation,13,Developer Tools & DevOps Startups,developer-tools-devops-startups,43,ORM Tool Startups,orm-tool-startups,,,,
Startups & Innovation,startups-innovation,13,Developer Tools & DevOps Startups,developer-tools-devops-startups,44,Caching Layer Startups,caching-layer-startups,,,,
Startups & Innovation,startups-innovation,13,Developer Tools & DevOps Startups,developer-tools-devops-startups,45,Message Queue Startups,message-queue-startups,,,,
Startups & Innovation,startups-innovation,13,Developer Tools & DevOps Startups,developer-tools-devops-startups,46,Stream Processing Startups,stream-processing-startups,,,,
Startups & Innovation,startups-innovation,13,Developer Tools & DevOps Startups,developer-tools-devops-startups,47,Workflow Engine Startups,workflow-engine-startups,,,,
Startups & Innovation,startups-innovation,13,Developer Tools & DevOps Startups,developer-tools-devops-startups,48,Job Scheduler Startups,job-scheduler-startups,,,,
Startups & Innovation,startups-innovation,13,Developer Tools & DevOps Startups,developer-tools-devops-startups,49,Container Platform Startups,container-platform-startups,,,,
Startups & Innovation,startups-innovation,13,Developer Tools & DevOps Startups,developer-tools-devops-startups,50,Kubernetes Tool Startups,kubernetes-tool-startups,,,,
Startups & Innovation,startups-innovation,13,Developer Tools & DevOps Startups,developer-tools-devops-startups,51,Service Mesh Startups,service-mesh-startups,,,,
Startups & Innovation,startups-innovation,13,Developer Tools & DevOps Startups,developer-tools-devops-startups,52,Serverless Platform Startups,serverless-platform-startups,,,,
Startups & Innovation,startups-innovation,13,Developer Tools & DevOps Startups,developer-tools-devops-startups,53,Edge Function Startups,edge-function-startups,,,,
Startups & Innovation,startups-innovation,13,Developer Tools & DevOps Startups,developer-tools-devops-startups,54,Cold Start Optimization Startups,cold-start-optimization-startups,,,,
Startups & Innovation,startups-innovation,13,Developer Tools & DevOps Startups,developer-tools-devops-startups,55,Internal Developer Platform Startups,internal-developer-platform-startups,1,Platform Businesses,Developer Platform,platform-businesses-developer-platform
Startups & Innovation,startups-innovation,13,Developer Tools & DevOps Startups,developer-tools-devops-startups,55,Internal Developer Platform Startups,internal-developer-platform-startups,2,Dev Ecosystem,Developer Platforms,dev-ecosystem-developer-platforms
Startups & Innovation,startups-innovation,13,Developer Tools & DevOps Startups,developer-tools-devops-startups,56,Backstage-as-a-Service Startups,backstage-as-a-service-startups,,,,
Startups & Innovation,startups-innovation,13,Developer Tools & DevOps Startups,developer-tools-devops-startups,57,DX Platform Startups,dx-platform-startups,,,,
Startups & Innovation,startups-innovation,13,Developer Tools & DevOps Startups,developer-tools-devops-startups,58,Code Documentation Startups,code-documentation-startups,,,,
Startups & Innovation,startups-innovation,13,Developer Tools & DevOps Startups,developer-tools-devops-startups,59,Codebase Search Startups,codebase-search-startups,,,,
Startups & Innovation,startups-innovation,13,Developer Tools & DevOps Startups,developer-tools-devops-startups,60,AI Pair Programming Startups,ai-pair-programming-startups,,,,
Startups & Innovation,startups-innovation,13,Developer Tools & DevOps Startups,developer-tools-devops-startups,61,Code Migration Tool Startups,code-migration-tool-startups,,,,
Startups & Innovation,startups-innovation,13,Developer Tools & DevOps Startups,developer-tools-devops-startups,62,Legacy Code Modernization Startups,legacy-code-modernization-startups,,,,
Startups & Innovation,startups-innovation,13,Developer Tools & DevOps Startups,developer-tools-devops-startups,63,Test Generation Startups,test-generation-startups,,,,
Startups & Innovation,startups-innovation,13,Developer Tools & DevOps Startups,developer-tools-devops-startups,64,Mock Data Generator Startups,mock-data-generator-startups,,,,
Startups & Innovation,startups-innovation,13,Developer Tools & DevOps Startups,developer-tools-devops-startups,65,Open Source Funding Platforms,open-source-funding-platforms,,,,
Startups & Innovation,startups-innovation,13,Developer Tools & DevOps Startups,developer-tools-devops-startups,66,Open Source Maintainer Tools,open-source-maintainer-tools,1,Dev Ecosystem,Open Source,dev-ecosystem-open-source
Startups & Innovation,startups-innovation,14,Cybersecurity Startups,cybersecurity-startups,1,Endpoint Security Startups,endpoint-security-startups,1,Security Innovation,Zero Trust Startup,security-innovation-zero-trust-startup
Startups & Innovation,startups-innovation,14,Cybersecurity Startups,cybersecurity-startups,1,Endpoint Security Startups,endpoint-security-startups,2,Security Innovation,App Security,security-innovation-app-security
Startups & Innovation,startups-innovation,14,Cybersecurity Startups,cybersecurity-startups,1,Endpoint Security Startups,endpoint-security-startups,3,Security Innovation,IoT Security Startup,security-innovation-iot-security-startup
Startups & Innovation,startups-innovation,14,Cybersecurity Startups,cybersecurity-startups,1,Endpoint Security Startups,endpoint-security-startups,4,Security Innovation,Browser Security Startup,security-innovation-browser-security-startup
Startups & Innovation,startups-innovation,14,Cybersecurity Startups,cybersecurity-startups,2,XDR Startups,xdr-startups,,,,
Startups & Innovation,startups-innovation,14,Cybersecurity Startups,cybersecurity-startups,3,Identity Security Startups,identity-security-startups,1,Security Innovation,Identity Security,security-innovation-identity-security
Startups & Innovation,startups-innovation,14,Cybersecurity Startups,cybersecurity-startups,4,Identity Threat Detection Startups,identity-threat-detection-startups,,,,
Startups & Innovation,startups-innovation,14,Cybersecurity Startups,cybersecurity-startups,5,Privileged Access Startups,privileged-access-startups,,,,
Startups & Innovation,startups-innovation,14,Cybersecurity Startups,cybersecurity-startups,6,Passwordless Auth Startups,passwordless-auth-startups,,,,
Startups & Innovation,startups-innovation,14,Cybersecurity Startups,cybersecurity-startups,7,Multi-Factor Auth Startups,multi-factor-auth-startups,,,,
Startups & Innovation,startups-innovation,14,Cybersecurity Startups,cybersecurity-startups,8,CIAM Startups,ciam-startups,,,,
Startups & Innovation,startups-innovation,14,Cybersecurity Startups,cybersecurity-startups,9,Workforce IAM Startups,workforce-iam-startups,,,,
Startups & Innovation,startups-innovation,14,Cybersecurity Startups,cybersecurity-startups,10,Cloud Security Startups,cloud-security-startups,1,Security Innovation,Cloud Security Startup,security-innovation-cloud-security-startup
Startups & Innovation,startups-innovation,14,Cybersecurity Startups,cybersecurity-startups,11,CSPM Startups,cspm-startups,,,,
Startups & Innovation,startups-innovation,14,Cybersecurity Startups,cybersecurity-startups,12,CNAPP Startups,cnapp-startups,,,,
Startups & Innovation,startups-innovation,14,Cybersecurity Startups,cybersecurity-startups,13,Container Security Startups,container-security-startups,,,,
Startups & Innovation,startups-innovation,14,Cybersecurity Startups,cybersecurity-startups,14,Kubernetes Security Startups,kubernetes-security-startups,,,,
Startups & Innovation,startups-innovation,14,Cybersecurity Startups,cybersecurity-startups,15,API Security Startups,api-security-startups,1,Security Innovation,API Security,security-innovation-api-security
Startups & Innovation,startups-innovation,14,Cybersecurity Startups,cybersecurity-startups,16,Bot Protection Startups,bot-protection-startups,,,,
Startups & Innovation,startups-innovation,14,Cybersecurity Startups,cybersecurity-startups,17,DDoS Mitigation Startups,ddos-mitigation-startups,,,,
Startups & Innovation,startups-innovation,14,Cybersecurity Startups,cybersecurity-startups,18,Web Application Firewall Startups,web-application-firewall-startups,,,,
Startups & Innovation,startups-innovation,14,Cybersecurity Startups,cybersecurity-startups,19,Email Security Startups,email-security-startups,1,Security Innovation,Email Security Startup,security-innovation-email-security-startup
Startups & Innovation,startups-innovation,14,Cybersecurity Startups,cybersecurity-startups,20,Anti-Phishing Startups,anti-phishing-startups,,,,
Startups & Innovation,startups-innovation,14,Cybersecurity Startups,cybersecurity-startups,21,Brand Protection Startups,brand-protection-startups,,,,
Startups & Innovation,startups-innovation,14,Cybersecurity Startups,cybersecurity-startups,22,Domain Security Startups,domain-security-startups,,,,
Startups & Innovation,startups-innovation,14,Cybersecurity Startups,cybersecurity-startups,23,Data Security Startups,data-security-startups,,,,
Startups & Innovation,startups-innovation,14,Cybersecurity Startups,cybersecurity-startups,24,DLP Startups,dlp-startups,,,,
Startups & Innovation,startups-innovation,14,Cybersecurity Startups,cybersecurity-startups,25,Data Detection and Response Startups,data-detection-and-response-startups,,,,
Startups & Innovation,startups-innovation,14,Cybersecurity Startups,cybersecurity-startups,26,Database Security Startups,database-security-startups,,,,
Startups & Innovation,startups-innovation,14,Cybersecurity Startups,cybersecurity-startups,27,Encryption Startups,encryption-startups,,,,
Startups & Innovation,startups-innovation,14,Cybersecurity Startups,cybersecurity-startups,28,Key Management Startups,key-management-startups,,,,
Startups & Innovation,startups-innovation,14,Cybersecurity Startups,cybersecurity-startups,29,Confidential Computing Startups,confidential-computing-startups,,,,
Startups & Innovation,startups-innovation,14,Cybersecurity Startups,cybersecurity-startups,30,Secrets Management Startups,secrets-management-startups,,,,
Startups & Innovation,startups-innovation,14,Cybersecurity Startups,cybersecurity-startups,31,Secure Code Review Startups,secure-code-review-startups,,,,
Startups & Innovation,startups-innovation,14,Cybersecurity Startups,cybersecurity-startups,32,SAST Startups,sast-startups,,,,
Startups & Innovation,startups-innovation,14,Cybersecurity Startups,cybersecurity-startups,33,DAST Startups,dast-startups,,,,
Startups & Innovation,startups-innovation,14,Cybersecurity Startups,cybersecurity-startups,34,SCA Startups,sca-startups,,,,
Startups & Innovation,startups-innovation,14,Cybersecurity Startups,cybersecurity-startups,35,Software Bill of Materials Startups,software-bill-of-materials-startups,,,,
Startups & Innovation,startups-innovation,14,Cybersecurity Startups,cybersecurity-startups,36,Supply Chain Security Startups,supply-chain-security-startups,1,Security Innovation,Supply Chain Security,security-innovation-supply-chain-security
Startups & Innovation,startups-innovation,14,Cybersecurity Startups,cybersecurity-startups,37,Vulnerability Management Startups,vulnerability-management-startups,,,,
Startups & Innovation,startups-innovation,14,Cybersecurity Startups,cybersecurity-startups,38,Attack Surface Management Startups,attack-surface-management-startups,,,,
Startups & Innovation,startups-innovation,14,Cybersecurity Startups,cybersecurity-startups,39,Threat Intelligence Startups,threat-intelligence-startups,,,,
Startups & Innovation,startups-innovation,14,Cybersecurity Startups,cybersecurity-startups,40,Dark Web Monitoring Startups,dark-web-monitoring-startups,,,,
Startups & Innovation,startups-innovation,14,Cybersecurity Startups,cybersecurity-startups,41,Insider Threat Startups,insider-threat-startups,,,,
Startups & Innovation,startups-innovation,14,Cybersecurity Startups,cybersecurity-startups,42,User Behavior Analytics Startups,user-behavior-analytics-startups,,,,
Startups & Innovation,startups-innovation,14,Cybersecurity Startups,cybersecurity-startups,43,Network Detection Startups,network-detection-startups,,,,
Startups & Innovation,startups-innovation,14,Cybersecurity Startups,cybersecurity-startups,44,Deception Tech Startups,deception-tech-startups,,,,
Startups & Innovation,startups-innovation,14,Cybersecurity Startups,cybersecurity-startups,45,Honeypot Startups,honeypot-startups,,,,
Startups & Innovation,startups-innovation,14,Cybersecurity Startups,cybersecurity-startups,46,OT Security Startups,ot-security-startups,1,Security Innovation,OT Security,security-innovation-ot-security
Startups & Innovation,startups-innovation,14,Cybersecurity Startups,cybersecurity-startups,47,ICS Security Startups,ics-security-startups,,,,
Startups & Innovation,startups-innovation,14,Cybersecurity Startups,cybersecurity-startups,48,Smart Building Security Startups,smart-building-security-startups,,,,
Startups & Innovation,startups-innovation,14,Cybersecurity Startups,cybersecurity-startups,49,Connected Vehicle Security Startups,connected-vehicle-security-startups,,,,
Startups & Innovation,startups-innovation,14,Cybersecurity Startups,cybersecurity-startups,50,Medical Device Security Startups,medical-device-security-startups,,,,
Startups & Innovation,startups-innovation,14,Cybersecurity Startups,cybersecurity-startups,51,Hardware Security Startups,hardware-security-startups,,,,
Startups & Innovation,startups-innovation,14,Cybersecurity Startups,cybersecurity-startups,52,Quantum-Resistant Crypto Startups,quantum-resistant-crypto-startups,,,,
Startups & Innovation,startups-innovation,14,Cybersecurity Startups,cybersecurity-startups,53,Blockchain Security Startups,blockchain-security-startups,,,,
Startups & Innovation,startups-innovation,14,Cybersecurity Startups,cybersecurity-startups,54,Smart Contract Auditing Startups,smart-contract-auditing-startups,,,,
Startups & Innovation,startups-innovation,14,Cybersecurity Startups,cybersecurity-startups,55,Fraud Prevention Startups,fraud-prevention-startups,,,,
Startups & Innovation,startups-innovation,14,Cybersecurity Startups,cybersecurity-startups,56,Account Takeover Prevention Startups,account-takeover-prevention-startups,,,,
Startups & Innovation,startups-innovation,14,Cybersecurity Startups,cybersecurity-startups,57,Synthetic Identity Detection Startups,synthetic-identity-detection-startups,,,,
Startups & Innovation,startups-innovation,14,Cybersecurity Startups,cybersecurity-startups,58,AI Security Startups,ai-security-startups,,,,
Startups & Innovation,startups-innovation,14,Cybersecurity Startups,cybersecurity-startups,59,LLM Security Startups,llm-security-startups,,,,
Startups & Innovation,startups-innovation,14,Cybersecurity Startups,cybersecurity-startups,60,Prompt Injection Defense Startups,prompt-injection-defense-startups,,,,
Startups & Innovation,startups-innovation,15,"Productivity, Workflow & Future of Work Startups",productivity-workflow-future-of-work-startups,1,Note-Taking App Startups,note-taking-app-startups,,,,
Startups & Innovation,startups-innovation,15,"Productivity, Workflow & Future of Work Startups",productivity-workflow-future-of-work-startups,2,Personal Knowledge Management Startups,personal-knowledge-management-startups,,,,
Startups & Innovation,startups-innovation,15,"Productivity, Workflow & Future of Work Startups",productivity-workflow-future-of-work-startups,3,Second Brain App Startups,second-brain-app-startups,,,,
Startups & Innovation,startups-innovation,15,"Productivity, Workflow & Future of Work Startups",productivity-workflow-future-of-work-startups,4,Mind Mapping App Startups,mind-mapping-app-startups,,,,
Startups & Innovation,startups-innovation,15,"Productivity, Workflow & Future of Work Startups",productivity-workflow-future-of-work-startups,5,Whiteboard App Startups,whiteboard-app-startups,,,,
Startups & Innovation,startups-innovation,15,"Productivity, Workflow & Future of Work Startups",productivity-workflow-future-of-work-startups,6,Document Collaboration Startups,document-collaboration-startups,,,,
Startups & Innovation,startups-innovation,15,"Productivity, Workflow & Future of Work Startups",productivity-workflow-future-of-work-startups,7,Real-Time Doc Editor Startups,real-time-doc-editor-startups,,,,
Startups & Innovation,startups-innovation,15,"Productivity, Workflow & Future of Work Startups",productivity-workflow-future-of-work-startups,8,Wiki App Startups,wiki-app-startups,,,,
Startups & Innovation,startups-innovation,15,"Productivity, Workflow & Future of Work Startups",productivity-workflow-future-of-work-startups,9,Internal Wiki Startups,internal-wiki-startups,,,,
Startups & Innovation,startups-innovation,15,"Productivity, Workflow & Future of Work Startups",productivity-workflow-future-of-work-startups,10,Project Management Startups,project-management-startups,,,,
Startups & Innovation,startups-innovation,15,"Productivity, Workflow & Future of Work Startups",productivity-workflow-future-of-work-startups,11,Task App Startups,task-app-startups,,,,
Startups & Innovation,startups-innovation,15,"Productivity, Workflow & Future of Work Startups",productivity-workflow-future-of-work-startups,12,To-Do List Startups,to-do-list-startups,,,,
Startups & Innovation,startups-innovation,15,"Productivity, Workflow & Future of Work Startups",productivity-workflow-future-of-work-startups,13,Habit Tracker Startups,habit-tracker-startups,,,,
Startups & Innovation,startups-innovation,15,"Productivity, Workflow & Future of Work Startups",productivity-workflow-future-of-work-startups,14,Goal Tracking Startups,goal-tracking-startups,,,,
Startups & Innovation,startups-innovation,15,"Productivity, Workflow & Future of Work Startups",productivity-workflow-future-of-work-startups,15,OKR Tool Startups,okr-tool-startups,,,,
Startups & Innovation,startups-innovation,15,"Productivity, Workflow & Future of Work Startups",productivity-workflow-future-of-work-startups,16,Time Tracking Startups,time-tracking-startups,,,,
Startups & Innovation,startups-innovation,15,"Productivity, Workflow & Future of Work Startups",productivity-workflow-future-of-work-startups,17,Time Blocking Startups,time-blocking-startups,,,,
Startups & Innovation,startups-innovation,15,"Productivity, Workflow & Future of Work Startups",productivity-workflow-future-of-work-startups,18,Calendar App Startups,calendar-app-startups,,,,
Startups & Innovation,startups-innovation,15,"Productivity, Workflow & Future of Work Startups",productivity-workflow-future-of-work-startups,19,Scheduling Tool Startups,scheduling-tool-startups,,,,
Startups & Innovation,startups-innovation,15,"Productivity, Workflow & Future of Work Startups",productivity-workflow-future-of-work-startups,20,Booking Tool Startups,booking-tool-startups,,,,
Startups & Innovation,startups-innovation,15,"Productivity, Workflow & Future of Work Startups",productivity-workflow-future-of-work-startups,21,Form Builder Startups,form-builder-startups,,,,
Startups & Innovation,startups-innovation,15,"Productivity, Workflow & Future of Work Startups",productivity-workflow-future-of-work-startups,22,Survey Tool Startups,survey-tool-startups,,,,
Startups & Innovation,startups-innovation,15,"Productivity, Workflow & Future of Work Startups",productivity-workflow-future-of-work-startups,23,Workflow Automation Startups,workflow-automation-startups,,,,
Startups & Innovation,startups-innovation,15,"Productivity, Workflow & Future of Work Startups",productivity-workflow-future-of-work-startups,24,No-Code Automation Startups,no-code-automation-startups,,,,
Startups & Innovation,startups-innovation,15,"Productivity, Workflow & Future of Work Startups",productivity-workflow-future-of-work-startups,25,iPaaS Startups,ipaas-startups,,,,
Startups & Innovation,startups-innovation,15,"Productivity, Workflow & Future of Work Startups",productivity-workflow-future-of-work-startups,26,Workflow Orchestration Startups,workflow-orchestration-startups,,,,
Startups & Innovation,startups-innovation,15,"Productivity, Workflow & Future of Work Startups",productivity-workflow-future-of-work-startups,27,Internal Tool Builder Startups,internal-tool-builder-startups,,,,
Startups & Innovation,startups-innovation,15,"Productivity, Workflow & Future of Work Startups",productivity-workflow-future-of-work-startups,28,Spreadsheet Startups,spreadsheet-startups,,,,
Startups & Innovation,startups-innovation,15,"Productivity, Workflow & Future of Work Startups",productivity-workflow-future-of-work-startups,29,AI Spreadsheet Startups,ai-spreadsheet-startups,,,,
Startups & Innovation,startups-innovation,15,"Productivity, Workflow & Future of Work Startups",productivity-workflow-future-of-work-startups,30,Database Builder Startups,database-builder-startups,,,,
Startups & Innovation,startups-innovation,15,"Productivity, Workflow & Future of Work Startups",productivity-workflow-future-of-work-startups,31,Airtable Alternative Startups,airtable-alternative-startups,,,,
Startups & Innovation,startups-innovation,15,"Productivity, Workflow & Future of Work Startups",productivity-workflow-future-of-work-startups,32,Notion Alternative Startups,notion-alternative-startups,,,,
Startups & Innovation,startups-innovation,15,"Productivity, Workflow & Future of Work Startups",productivity-workflow-future-of-work-startups,33,Slack Alternative Startups,slack-alternative-startups,,,,
Startups & Innovation,startups-innovation,15,"Productivity, Workflow & Future of Work Startups",productivity-workflow-future-of-work-startups,34,Zoom Alternative Startups,zoom-alternative-startups,,,,
Startups & Innovation,startups-innovation,15,"Productivity, Workflow & Future of Work Startups",productivity-workflow-future-of-work-startups,35,Email Client Startups,email-client-startups,,,,
Startups & Innovation,startups-innovation,15,"Productivity, Workflow & Future of Work Startups",productivity-workflow-future-of-work-startups,36,Inbox Triage Startups,inbox-triage-startups,,,,
Startups & Innovation,startups-innovation,15,"Productivity, Workflow & Future of Work Startups",productivity-workflow-future-of-work-startups,37,Newsletter Tool Startups,newsletter-tool-startups,,,,
Startups & Innovation,startups-innovation,15,"Productivity, Workflow & Future of Work Startups",productivity-workflow-future-of-work-startups,38,Async Video Startups,async-video-startups,,,,
Startups & Innovation,startups-innovation,15,"Productivity, Workflow & Future of Work Startups",productivity-workflow-future-of-work-startups,39,Loom Alternative Startups,loom-alternative-startups,,,,
Startups & Innovation,startups-innovation,15,"Productivity, Workflow & Future of Work Startups",productivity-workflow-future-of-work-startups,40,Screen Recording Startups,screen-recording-startups,,,,
Startups & Innovation,startups-innovation,15,"Productivity, Workflow & Future of Work Startups",productivity-workflow-future-of-work-startups,41,Tutorial Recording Startups,tutorial-recording-startups,,,,
Startups & Innovation,startups-innovation,15,"Productivity, Workflow & Future of Work Startups",productivity-workflow-future-of-work-startups,42,Documentation Tool Startups,documentation-tool-startups,,,,
Startups & Innovation,startups-innovation,15,"Productivity, Workflow & Future of Work Startups",productivity-workflow-future-of-work-startups,43,Distributed Team Startups,distributed-team-startups,,,,
Startups & Innovation,startups-innovation,15,"Productivity, Workflow & Future of Work Startups",productivity-workflow-future-of-work-startups,44,Remote Work Tool Startups,remote-work-tool-startups,,,,
Startups & Innovation,startups-innovation,15,"Productivity, Workflow & Future of Work Startups",productivity-workflow-future-of-work-startups,45,Async Work Tool Startups,async-work-tool-startups,,,,
Startups & Innovation,startups-innovation,15,"Productivity, Workflow & Future of Work Startups",productivity-workflow-future-of-work-startups,46,Virtual Office Startups,virtual-office-startups,,,,
Startups & Innovation,startups-innovation,15,"Productivity, Workflow & Future of Work Startups",productivity-workflow-future-of-work-startups,47,Watercooler App Startups,watercooler-app-startups,,,,
Startups & Innovation,startups-innovation,15,"Productivity, Workflow & Future of Work Startups",productivity-workflow-future-of-work-startups,48,Team Recognition Startups,team-recognition-startups,,,,
Startups & Innovation,startups-innovation,15,"Productivity, Workflow & Future of Work Startups",productivity-workflow-future-of-work-startups,49,Team Building Startups,team-building-startups,,,,
Startups & Innovation,startups-innovation,15,"Productivity, Workflow & Future of Work Startups",productivity-workflow-future-of-work-startups,50,Virtual Coworking Startups,virtual-coworking-startups,,,,
Startups & Innovation,startups-innovation,15,"Productivity, Workflow & Future of Work Startups",productivity-workflow-future-of-work-startups,51,Focus App Startups,focus-app-startups,,,,
Startups & Innovation,startups-innovation,15,"Productivity, Workflow & Future of Work Startups",productivity-workflow-future-of-work-startups,52,Pomodoro App Startups,pomodoro-app-startups,,,,
Startups & Innovation,startups-innovation,15,"Productivity, Workflow & Future of Work Startups",productivity-workflow-future-of-work-startups,53,Deep Work Tool Startups,deep-work-tool-startups,,,,
Startups & Innovation,startups-innovation,15,"Productivity, Workflow & Future of Work Startups",productivity-workflow-future-of-work-startups,54,Distraction Blocker Startups,distraction-blocker-startups,,,,
Startups & Innovation,startups-innovation,15,"Productivity, Workflow & Future of Work Startups",productivity-workflow-future-of-work-startups,55,Wellness at Work Startups,wellness-at-work-startups,,,,
Startups & Innovation,startups-innovation,15,"Productivity, Workflow & Future of Work Startups",productivity-workflow-future-of-work-startups,56,Mental Health at Work Startups,mental-health-at-work-startups,,,,
Startups & Innovation,startups-innovation,15,"Productivity, Workflow & Future of Work Startups",productivity-workflow-future-of-work-startups,57,Coaching Platform Startups,coaching-platform-startups,,,,
Startups & Innovation,startups-innovation,16,"Sales, Marketing & Growth Startups",sales-marketing-growth-startups,1,Sales Engagement Startups,sales-engagement-startups,,,,
Startups & Innovation,startups-innovation,16,"Sales, Marketing & Growth Startups",sales-marketing-growth-startups,2,SDR Tool Startups,sdr-tool-startups,,,,
Startups & Innovation,startups-innovation,16,"Sales, Marketing & Growth Startups",sales-marketing-growth-startups,3,Cold Email Tool Startups,cold-email-tool-startups,,,,
Startups & Innovation,startups-innovation,16,"Sales, Marketing & Growth Startups",sales-marketing-growth-startups,4,LinkedIn Outreach Startups,linkedin-outreach-startups,,,,
Startups & Innovation,startups-innovation,16,"Sales, Marketing & Growth Startups",sales-marketing-growth-startups,5,Sales Intelligence Startups,sales-intelligence-startups,,,,
Startups & Innovation,startups-innovation,16,"Sales, Marketing & Growth Startups",sales-marketing-growth-startups,6,Buyer Intent Startups,buyer-intent-startups,,,,
Startups & Innovation,startups-innovation,16,"Sales, Marketing & Growth Startups",sales-marketing-growth-startups,7,Account Identification Startups,account-identification-startups,,,,
Startups & Innovation,startups-innovation,16,"Sales, Marketing & Growth Startups",sales-marketing-growth-startups,8,Lead Database Startups,lead-database-startups,,,,
Startups & Innovation,startups-innovation,16,"Sales, Marketing & Growth Startups",sales-marketing-growth-startups,9,Contact Enrichment Startups,contact-enrichment-startups,,,,
Startups & Innovation,startups-innovation,16,"Sales, Marketing & Growth Startups",sales-marketing-growth-startups,10,Lead Scoring Startups,lead-scoring-startups,,,,
Startups & Innovation,startups-innovation,16,"Sales, Marketing & Growth Startups",sales-marketing-growth-startups,11,Lead Routing Startups,lead-routing-startups,,,,
Startups & Innovation,startups-innovation,16,"Sales, Marketing & Growth Startups",sales-marketing-growth-startups,12,CRM Startups,crm-startups,,,,
Startups & Innovation,startups-innovation,16,"Sales, Marketing & Growth Startups",sales-marketing-growth-startups,13,Vertical CRM Startups,vertical-crm-startups,,,,
Startups & Innovation,startups-innovation,16,"Sales, Marketing & Growth Startups",sales-marketing-growth-startups,14,Pipeline Tool Startups,pipeline-tool-startups,,,,
Startups & Innovation,startups-innovation,16,"Sales, Marketing & Growth Startups",sales-marketing-growth-startups,15,Sales Forecasting Startups,sales-forecasting-startups,,,,
Startups & Innovation,startups-innovation,16,"Sales, Marketing & Growth Startups",sales-marketing-growth-startups,16,Revenue Intelligence Startups,revenue-intelligence-startups,1,Marketing Technology,Revenue Attribution,marketing-technology-revenue-attribution
Startups & Innovation,startups-innovation,16,"Sales, Marketing & Growth Startups",sales-marketing-growth-startups,17,Conversation Intelligence Startups,conversation-intelligence-startups,,,,
Startups & Innovation,startups-innovation,16,"Sales, Marketing & Growth Startups",sales-marketing-growth-startups,18,Sales Coaching Startups,sales-coaching-startups,,,,
Startups & Innovation,startups-innovation,16,"Sales, Marketing & Growth Startups",sales-marketing-growth-startups,19,Sales Enablement Startups,sales-enablement-startups,,,,
Startups & Innovation,startups-innovation,16,"Sales, Marketing & Growth Startups",sales-marketing-growth-startups,20,Digital Sales Room Startups,digital-sales-room-startups,,,,
Startups & Innovation,startups-innovation,16,"Sales, Marketing & Growth Startups",sales-marketing-growth-startups,21,Proposal Tool Startups,proposal-tool-startups,,,,
Startups & Innovation,startups-innovation,16,"Sales, Marketing & Growth Startups",sales-marketing-growth-startups,22,CPQ Startups,cpq-startups,,,,
Startups & Innovation,startups-innovation,16,"Sales, Marketing & Growth Startups",sales-marketing-growth-startups,23,Contract Tool Startups,contract-tool-startups,,,,
Startups & Innovation,startups-innovation,16,"Sales, Marketing & Growth Startups",sales-marketing-growth-startups,24,E-Signature Startups,e-signature-startups,,,,
Startups & Innovation,startups-innovation,16,"Sales, Marketing & Growth Startups",sales-marketing-growth-startups,25,Marketing Automation Startups,marketing-automation-startups,1,Marketing Technology,Growth Engineering,marketing-technology-growth-engineering
Startups & Innovation,startups-innovation,16,"Sales, Marketing & Growth Startups",sales-marketing-growth-startups,26,Email Marketing Startups,email-marketing-startups,,,,
Startups & Innovation,startups-innovation,16,"Sales, Marketing & Growth Startups",sales-marketing-growth-startups,27,SMS Marketing Startups,sms-marketing-startups,,,,
Startups & Innovation,startups-innovation,16,"Sales, Marketing & Growth Startups",sales-marketing-growth-startups,28,Push Notification Startups,push-notification-startups,,,,
Startups & Innovation,startups-innovation,16,"Sales, Marketing & Growth Startups",sales-marketing-growth-startups,29,Customer Data Platform Startups,customer-data-platform-startups,1,Platform Businesses,Data Platform,platform-businesses-data-platform
Startups & Innovation,startups-innovation,16,"Sales, Marketing & Growth Startups",sales-marketing-growth-startups,29,Customer Data Platform Startups,customer-data-platform-startups,2,Marketing Technology,Customer Data,marketing-technology-customer-data
Startups & Innovation,startups-innovation,16,"Sales, Marketing & Growth Startups",sales-marketing-growth-startups,30,Customer Journey Startups,customer-journey-startups,,,,
Startups & Innovation,startups-innovation,16,"Sales, Marketing & Growth Startups",sales-marketing-growth-startups,31,Personalization Engine Startups,personalization-engine-startups,1,Marketing Technology,Personalization,marketing-technology-personalization
Startups & Innovation,startups-innovation,16,"Sales, Marketing & Growth Startups",sales-marketing-growth-startups,32,Recommendation Engine Startups,recommendation-engine-startups,,,,
Startups & Innovation,startups-innovation,16,"Sales, Marketing & Growth Startups",sales-marketing-growth-startups,33,Loyalty Program Startups,loyalty-program-startups,,,,
Startups & Innovation,startups-innovation,16,"Sales, Marketing & Growth Startups",sales-marketing-growth-startups,34,Referral Program Startups,referral-program-startups,,,,
Startups & Innovation,startups-innovation,16,"Sales, Marketing & Growth Startups",sales-marketing-growth-startups,35,Affiliate Program Startups,affiliate-program-startups,,,,
Startups & Innovation,startups-innovation,16,"Sales, Marketing & Growth Startups",sales-marketing-growth-startups,36,Influencer Tool Startups,influencer-tool-startups,,,,
Startups & Innovation,startups-innovation,16,"Sales, Marketing & Growth Startups",sales-marketing-growth-startups,37,UGC Tool Startups,ugc-tool-startups,,,,
Startups & Innovation,startups-innovation,16,"Sales, Marketing & Growth Startups",sales-marketing-growth-startups,38,Creator Marketing Startups,creator-marketing-startups,,,,
Startups & Innovation,startups-innovation,16,"Sales, Marketing & Growth Startups",sales-marketing-growth-startups,39,Brand Collab Marketplace Startups,brand-collab-marketplace-startups,,,,
Startups & Innovation,startups-innovation,16,"Sales, Marketing & Growth Startups",sales-marketing-growth-startups,40,PR Tool Startups,pr-tool-startups,,,,
Startups & Innovation,startups-innovation,16,"Sales, Marketing & Growth Startups",sales-marketing-growth-startups,41,Media Monitoring Startups,media-monitoring-startups,,,,
Startups & Innovation,startups-innovation,16,"Sales, Marketing & Growth Startups",sales-marketing-growth-startups,42,Brand Reputation Startups,brand-reputation-startups,,,,
Startups & Innovation,startups-innovation,16,"Sales, Marketing & Growth Startups",sales-marketing-growth-startups,43,Review Management Startups,review-management-startups,,,,
Startups & Innovation,startups-innovation,16,"Sales, Marketing & Growth Startups",sales-marketing-growth-startups,44,SEO Tool Startups,seo-tool-startups,,,,
Startups & Innovation,startups-innovation,16,"Sales, Marketing & Growth Startups",sales-marketing-growth-startups,45,Keyword Tool Startups,keyword-tool-startups,,,,
Startups & Innovation,startups-innovation,16,"Sales, Marketing & Growth Startups",sales-marketing-growth-startups,46,Backlink Tool Startups,backlink-tool-startups,,,,
Startups & Innovation,startups-innovation,16,"Sales, Marketing & Growth Startups",sales-marketing-growth-startups,47,Technical SEO Startups,technical-seo-startups,,,,
Startups & Innovation,startups-innovation,16,"Sales, Marketing & Growth Startups",sales-marketing-growth-startups,48,Generative Engine Optimization Startups,generative-engine-optimization-startups,,,,
Startups & Innovation,startups-innovation,16,"Sales, Marketing & Growth Startups",sales-marketing-growth-startups,49,Content Marketing Tool Startups,content-marketing-tool-startups,1,Marketing Technology,Content Intelligence,marketing-technology-content-intelligence
Startups & Innovation,startups-innovation,16,"Sales, Marketing & Growth Startups",sales-marketing-growth-startups,50,Editorial Workflow Startups,editorial-workflow-startups,,,,
Startups & Innovation,startups-innovation,16,"Sales, Marketing & Growth Startups",sales-marketing-growth-startups,51,Content Repurposing Startups,content-repurposing-startups,,,,
Startups & Innovation,startups-innovation,16,"Sales, Marketing & Growth Startups",sales-marketing-growth-startups,52,Ad Creative Tool Startups,ad-creative-tool-startups,,,,
Startups & Innovation,startups-innovation,16,"Sales, Marketing & Growth Startups",sales-marketing-growth-startups,53,Ad Performance Startups,ad-performance-startups,,,,
Startups & Innovation,startups-innovation,16,"Sales, Marketing & Growth Startups",sales-marketing-growth-startups,54,Ad Attribution Startups,ad-attribution-startups,,,,
Startups & Innovation,startups-innovation,16,"Sales, Marketing & Growth Startups",sales-marketing-growth-startups,55,Marketing Mix Modeling Startups,marketing-mix-modeling-startups,,,,
Startups & Innovation,startups-innovation,16,"Sales, Marketing & Growth Startups",sales-marketing-growth-startups,56,Multi-Touch Attribution Startups,multi-touch-attribution-startups,,,,
Startups & Innovation,startups-innovation,16,"Sales, Marketing & Growth Startups",sales-marketing-growth-startups,57,Paid Media Tool Startups,paid-media-tool-startups,,,,
Startups & Innovation,startups-innovation,16,"Sales, Marketing & Growth Startups",sales-marketing-growth-startups,58,Landing Page Tool Startups,landing-page-tool-startups,,,,
Startups & Innovation,startups-innovation,16,"Sales, Marketing & Growth Startups",sales-marketing-growth-startups,59,CRO Tool Startups,cro-tool-startups,,,,
Startups & Innovation,startups-innovation,16,"Sales, Marketing & Growth Startups",sales-marketing-growth-startups,60,A/B Testing Startups,ab-testing-startups,,,,
Startups & Innovation,startups-innovation,16,"Sales, Marketing & Growth Startups",sales-marketing-growth-startups,61,Heatmap Tool Startups,heatmap-tool-startups,,,,
Startups & Innovation,startups-innovation,16,"Sales, Marketing & Growth Startups",sales-marketing-growth-startups,62,Session Replay Startups,session-replay-startups,,,,
Startups & Innovation,startups-innovation,16,"Sales, Marketing & Growth Startups",sales-marketing-growth-startups,63,Form Analytics Startups,form-analytics-startups,,,,
Startups & Innovation,startups-innovation,16,"Sales, Marketing & Growth Startups",sales-marketing-growth-startups,64,NPS Tool Startups,nps-tool-startups,,,,
Startups & Innovation,startups-innovation,16,"Sales, Marketing & Growth Startups",sales-marketing-growth-startups,65,Customer Feedback Startups,customer-feedback-startups,,,,
Startups & Innovation,startups-innovation,17,E-Commerce & Retail Startups,e-commerce-retail-startups,1,Direct-to-Consumer Brand Startups,direct-to-consumer-brand-startups,,,,
Startups & Innovation,startups-innovation,17,E-Commerce & Retail Startups,e-commerce-retail-startups,2,Subscription Box Startups,subscription-box-startups,,,,
Startups & Innovation,startups-innovation,17,E-Commerce & Retail Startups,e-commerce-retail-startups,3,Curated Commerce Startups,curated-commerce-startups,,,,
Startups & Innovation,startups-innovation,17,E-Commerce & Retail Startups,e-commerce-retail-startups,4,Live Shopping Startups,live-shopping-startups,,,,
Startups & Innovation,startups-innovation,17,E-Commerce & Retail Startups,e-commerce-retail-startups,5,Social Commerce Startups,social-commerce-startups,1,Social Selling Startup,Live Shopping Platform,social-selling-startup-live-shopping-platform
Startups & Innovation,startups-innovation,17,E-Commerce & Retail Startups,e-commerce-retail-startups,5,Social Commerce Startups,social-commerce-startups,2,Social Selling Startup,Creator Commerce,social-selling-startup-creator-commerce
Startups & Innovation,startups-innovation,17,E-Commerce & Retail Startups,e-commerce-retail-startups,5,Social Commerce Startups,social-commerce-startups,3,Social Selling Startup,Social Storefronts,social-selling-startup-social-storefronts
Startups & Innovation,startups-innovation,17,E-Commerce & Retail Startups,e-commerce-retail-startups,5,Social Commerce Startups,social-commerce-startups,4,Social Selling Startup,Influencer Marketplace Startup,social-selling-startup-influencer-marketplace-startup
Startups & Innovation,startups-innovation,17,E-Commerce & Retail Startups,e-commerce-retail-startups,5,Social Commerce Startups,social-commerce-startups,5,Social Selling Startup,Affiliate Commerce,social-selling-startup-affiliate-commerce
Startups & Innovation,startups-innovation,17,E-Commerce & Retail Startups,e-commerce-retail-startups,5,Social Commerce Startups,social-commerce-startups,6,Social Selling Startup,Community Commerce,social-selling-startup-community-commerce
Startups & Innovation,startups-innovation,17,E-Commerce & Retail Startups,e-commerce-retail-startups,5,Social Commerce Startups,social-commerce-startups,7,Social Selling Startup,Group Buying,social-selling-startup-group-buying
Startups & Innovation,startups-innovation,17,E-Commerce & Retail Startups,e-commerce-retail-startups,5,Social Commerce Startups,social-commerce-startups,8,Social Selling Startup,Flash Sale Platform,social-selling-startup-flash-sale-platform
Startups & Innovation,startups-innovation,17,E-Commerce & Retail Startups,e-commerce-retail-startups,5,Social Commerce Startups,social-commerce-startups,9,Social Selling Startup,Auction Platform,social-selling-startup-auction-platform
Startups & Innovation,startups-innovation,17,E-Commerce & Retail Startups,e-commerce-retail-startups,5,Social Commerce Startups,social-commerce-startups,10,Social Selling Startup,Subscription Box,social-selling-startup-subscription-box
Startups & Innovation,startups-innovation,17,E-Commerce & Retail Startups,e-commerce-retail-startups,6,Group Buying Startups,group-buying-startups,,,,
Startups & Innovation,startups-innovation,17,E-Commerce & Retail Startups,e-commerce-retail-startups,7,Recommerce Startups,recommerce-startups,,,,
Startups & Innovation,startups-innovation,17,E-Commerce & Retail Startups,e-commerce-retail-startups,8,Resale Marketplace Startups,resale-marketplace-startups,,,,
Startups & Innovation,startups-innovation,17,E-Commerce & Retail Startups,e-commerce-retail-startups,9,Used Apparel Marketplace Startups,used-apparel-marketplace-startups,,,,
Startups & Innovation,startups-innovation,17,E-Commerce & Retail Startups,e-commerce-retail-startups,10,Used Electronics Marketplace Startups,used-electronics-marketplace-startups,,,,
Startups & Innovation,startups-innovation,17,E-Commerce & Retail Startups,e-commerce-retail-startups,11,Used Furniture Marketplace Startups,used-furniture-marketplace-startups,,,,
Startups & Innovation,startups-innovation,17,E-Commerce & Retail Startups,e-commerce-retail-startups,12,Vintage Marketplace Startups,vintage-marketplace-startups,,,,
Startups & Innovation,startups-innovation,17,E-Commerce & Retail Startups,e-commerce-retail-startups,13,Rental Marketplace Startups,rental-marketplace-startups,1,Marketplace Startups,Rental Marketplace,marketplace-startups-rental-marketplace
Startups & Innovation,startups-innovation,17,E-Commerce & Retail Startups,e-commerce-retail-startups,14,Apparel Rental Startups,apparel-rental-startups,,,,
Startups & Innovation,startups-innovation,17,E-Commerce & Retail Startups,e-commerce-retail-startups,15,Furniture Rental Startups,furniture-rental-startups,,,,
Startups & Innovation,startups-innovation,17,E-Commerce & Retail Startups,e-commerce-retail-startups,16,Tool Rental Marketplaces,tool-rental-marketplaces,,,,
Startups & Innovation,startups-innovation,17,E-Commerce & Retail Startups,e-commerce-retail-startups,17,Headless Commerce Startups,headless-commerce-startups,,,,
Startups & Innovation,startups-innovation,17,E-Commerce & Retail Startups,e-commerce-retail-startups,18,Composable Commerce Startups,composable-commerce-startups,,,,
Startups & Innovation,startups-innovation,17,E-Commerce & Retail Startups,e-commerce-retail-startups,19,B2B Commerce Startups,b2b-commerce-startups,,,,
Startups & Innovation,startups-innovation,17,E-Commerce & Retail Startups,e-commerce-retail-startups,20,Wholesale Marketplace Startups,wholesale-marketplace-startups,,,,
Startups & Innovation,startups-innovation,17,E-Commerce & Retail Startups,e-commerce-retail-startups,21,Shopify App Startups,shopify-app-startups,,,,
Startups & Innovation,startups-innovation,17,E-Commerce & Retail Startups,e-commerce-retail-startups,22,BigCommerce App Startups,bigcommerce-app-startups,,,,
Startups & Innovation,startups-innovation,17,E-Commerce & Retail Startups,e-commerce-retail-startups,23,Etsy App Startups,etsy-app-startups,,,,
Startups & Innovation,startups-innovation,17,E-Commerce & Retail Startups,e-commerce-retail-startups,24,Amazon Seller Tool Startups,amazon-seller-tool-startups,,,,
Startups & Innovation,startups-innovation,17,E-Commerce & Retail Startups,e-commerce-retail-startups,25,Walmart Seller Tool Startups,walmart-seller-tool-startups,,,,
Startups & Innovation,startups-innovation,17,E-Commerce & Retail Startups,e-commerce-retail-startups,26,TikTok Shop Tool Startups,tiktok-shop-tool-startups,,,,
Startups & Innovation,startups-innovation,17,E-Commerce & Retail Startups,e-commerce-retail-startups,27,Cross-Border Commerce Startups,cross-border-commerce-startups,,,,
Startups & Innovation,startups-innovation,17,E-Commerce & Retail Startups,e-commerce-retail-startups,28,International Shipping Startups,international-shipping-startups,,,,
Startups & Innovation,startups-innovation,17,E-Commerce & Retail Startups,e-commerce-retail-startups,29,Returns Tech Startups,returns-tech-startups,,,,
Startups & Innovation,startups-innovation,17,E-Commerce & Retail Startups,e-commerce-retail-startups,30,Reverse Logistics Startups,reverse-logistics-startups,,,,
Startups & Innovation,startups-innovation,17,E-Commerce & Retail Startups,e-commerce-retail-startups,31,Cart Recovery Startups,cart-recovery-startups,,,,
Startups & Innovation,startups-innovation,17,E-Commerce & Retail Startups,e-commerce-retail-startups,32,Checkout Optimization Startups,checkout-optimization-startups,,,,
Startups & Innovation,startups-innovation,17,E-Commerce & Retail Startups,e-commerce-retail-startups,33,One-Click Checkout Startups,one-click-checkout-startups,,,,
Startups & Innovation,startups-innovation,17,E-Commerce & Retail Startups,e-commerce-retail-startups,34,Headless Checkout Startups,headless-checkout-startups,,,,
Startups & Innovation,startups-innovation,17,E-Commerce & Retail Startups,e-commerce-retail-startups,35,Payment Orchestration for Commerce Startups,payment-orchestration-for-commerce-startups,,,,
Startups & Innovation,startups-innovation,17,E-Commerce & Retail Startups,e-commerce-retail-startups,36,Loyalty Tech for Commerce Startups,loyalty-tech-for-commerce-startups,,,,
Startups & Innovation,startups-innovation,17,E-Commerce & Retail Startups,e-commerce-retail-startups,37,Wishlist Tech Startups,wishlist-tech-startups,,,,
Startups & Innovation,startups-innovation,17,E-Commerce & Retail Startups,e-commerce-retail-startups,38,Gift Card Tech Startups,gift-card-tech-startups,,,,
Startups & Innovation,startups-innovation,17,E-Commerce & Retail Startups,e-commerce-retail-startups,39,Bundle Builder Startups,bundle-builder-startups,,,,
Startups & Innovation,startups-innovation,17,E-Commerce & Retail Startups,e-commerce-retail-startups,40,Product Configurator Startups,product-configurator-startups,,,,
Startups & Innovation,startups-innovation,17,E-Commerce & Retail Startups,e-commerce-retail-startups,41,Virtual Try-On Startups,virtual-try-on-startups,,,,
Startups & Innovation,startups-innovation,17,E-Commerce & Retail Startups,e-commerce-retail-startups,42,AR Commerce Startups,ar-commerce-startups,,,,
Startups & Innovation,startups-innovation,17,E-Commerce & Retail Startups,e-commerce-retail-startups,43,3D Product Viewer Startups,3d-product-viewer-startups,,,,
Startups & Innovation,startups-innovation,17,E-Commerce & Retail Startups,e-commerce-retail-startups,44,AI Product Photography Startups,ai-product-photography-startups,,,,
Startups & Innovation,startups-innovation,17,E-Commerce & Retail Startups,e-commerce-retail-startups,45,Print-on-Demand Startups,print-on-demand-startups,,,,
Startups & Innovation,startups-innovation,17,E-Commerce & Retail Startups,e-commerce-retail-startups,46,Dropshipping Tool Startups,dropshipping-tool-startups,,,,
Startups & Innovation,startups-innovation,17,E-Commerce & Retail Startups,e-commerce-retail-startups,47,Inventory Forecasting for Commerce Startups,inventory-forecasting-for-commerce-startups,,,,
Startups & Innovation,startups-innovation,17,E-Commerce & Retail Startups,e-commerce-retail-startups,48,Order Management Startups,order-management-startups,,,,
Startups & Innovation,startups-innovation,17,E-Commerce & Retail Startups,e-commerce-retail-startups,49,Multichannel Listing Startups,multichannel-listing-startups,,,,
Startups & Innovation,startups-innovation,17,E-Commerce & Retail Startups,e-commerce-retail-startups,50,PIM Startups,pim-startups,,,,
Startups & Innovation,startups-innovation,17,E-Commerce & Retail Startups,e-commerce-retail-startups,51,Reviews Platform Startups,reviews-platform-startups,,,,
Startups & Innovation,startups-innovation,17,E-Commerce & Retail Startups,e-commerce-retail-startups,52,UGC Platform Startups,ugc-platform-startups,,,,
Startups & Innovation,startups-innovation,17,E-Commerce & Retail Startups,e-commerce-retail-startups,53,Influencer Storefront Startups,influencer-storefront-startups,,,,
Startups & Innovation,startups-innovation,18,Creator Economy & Content Startups,creator-economy-content-startups,1,Creator Monetization Startups,creator-monetization-startups,1,Creator Platforms,Content Monetization,creator-platforms-content-monetization
Startups & Innovation,startups-innovation,18,Creator Economy & Content Startups,creator-economy-content-startups,1,Creator Monetization Startups,creator-monetization-startups,2,Creator Platforms,Tipping & Donations,creator-platforms-tipping-donations
Startups & Innovation,startups-innovation,18,Creator Economy & Content Startups,creator-economy-content-startups,2,Newsletter Platform Startups,newsletter-platform-startups,1,Creator Platforms,Newsletter Platforms,creator-platforms-newsletter-platforms
Startups & Innovation,startups-innovation,18,Creator Economy & Content Startups,creator-economy-content-startups,3,Podcast Hosting Startups,podcast-hosting-startups,1,Creator Platforms,Podcast Hosting,creator-platforms-podcast-hosting
Startups & Innovation,startups-innovation,18,Creator Economy & Content Startups,creator-economy-content-startups,4,Live Streaming Platform Startups,live-streaming-platform-startups,,,,
Startups & Innovation,startups-innovation,18,Creator Economy & Content Startups,creator-economy-content-startups,5,Video Platform Startups,video-platform-startups,1,Creator Platforms,Video Platforms,creator-platforms-video-platforms
Startups & Innovation,startups-innovation,18,Creator Economy & Content Startups,creator-economy-content-startups,6,Short-Form Video Platform Startups,short-form-video-platform-startups,,,,
Startups & Innovation,startups-innovation,18,Creator Economy & Content Startups,creator-economy-content-startups,7,Niche Social Network Startups,niche-social-network-startups,,,,
Startups & Innovation,startups-innovation,18,Creator Economy & Content Startups,creator-economy-content-startups,8,Membership Platform Startups,membership-platform-startups,1,Creator Platforms,Membership Platforms,creator-platforms-membership-platforms
Startups & Innovation,startups-innovation,18,Creator Economy & Content Startups,creator-economy-content-startups,9,Patreon Alternative Startups,patreon-alternative-startups,,,,
Startups & Innovation,startups-innovation,18,Creator Economy & Content Startups,creator-economy-content-startups,10,Subscription Newsletter Startups,subscription-newsletter-startups,,,,
Startups & Innovation,startups-innovation,18,Creator Economy & Content Startups,creator-economy-content-startups,11,Tip Jar Startups,tip-jar-startups,,,,
Startups & Innovation,startups-innovation,18,Creator Economy & Content Startups,creator-economy-content-startups,12,Creator Storefront Startups,creator-storefront-startups,,,,
Startups & Innovation,startups-innovation,18,Creator Economy & Content Startups,creator-economy-content-startups,13,Digital Product Marketplace Startups,digital-product-marketplace-startups,1,Marketplace Startups,Product Marketplace,marketplace-startups-product-marketplace
Startups & Innovation,startups-innovation,18,Creator Economy & Content Startups,creator-economy-content-startups,14,Course Platform Startups,course-platform-startups,1,Creator Platforms,Course Platforms,creator-platforms-course-platforms
Startups & Innovation,startups-innovation,18,Creator Economy & Content Startups,creator-economy-content-startups,15,Cohort Course Platform Startups,cohort-course-platform-startups,,,,
Startups & Innovation,startups-innovation,18,Creator Economy & Content Startups,creator-economy-content-startups,16,Community Platform Startups,community-platform-startups,1,Platform Businesses,Community Platform,platform-businesses-community-platform
Startups & Innovation,startups-innovation,18,Creator Economy & Content Startups,creator-economy-content-startups,16,Community Platform Startups,community-platform-startups,2,Creator Platforms,Community Platforms,creator-platforms-community-platforms
Startups & Innovation,startups-innovation,18,Creator Economy & Content Startups,creator-economy-content-startups,17,Discord Server Tool Startups,discord-server-tool-startups,,,,
Startups & Innovation,startups-innovation,18,Creator Economy & Content Startups,creator-economy-content-startups,18,Telegram Channel Tool Startups,telegram-channel-tool-startups,,,,
Startups & Innovation,startups-innovation,18,Creator Economy & Content Startups,creator-economy-content-startups,19,Creator CRM Startups,creator-crm-startups,,,,
Startups & Innovation,startups-innovation,18,Creator Economy & Content Startups,creator-economy-content-startups,20,Creator Booking Startups,creator-booking-startups,,,,
Startups & Innovation,startups-innovation,18,Creator Economy & Content Startups,creator-economy-content-startups,21,Creator Brand Deal Startups,creator-brand-deal-startups,,,,
Startups & Innovation,startups-innovation,18,Creator Economy & Content Startups,creator-economy-content-startups,22,Creator Payment Startups,creator-payment-startups,,,,
Startups & Innovation,startups-innovation,18,Creator Economy & Content Startups,creator-economy-content-startups,23,Creator Banking Startups,creator-banking-startups,,,,
Startups & Innovation,startups-innovation,18,Creator Economy & Content Startups,creator-economy-content-startups,24,Creator Tax Startups,creator-tax-startups,,,,
Startups & Innovation,startups-innovation,18,Creator Economy & Content Startups,creator-economy-content-startups,25,Creator Legal Startups,creator-legal-startups,,,,
Startups & Innovation,startups-innovation,18,Creator Economy & Content Startups,creator-economy-content-startups,26,Creator Insurance Startups,creator-insurance-startups,,,,
Startups & Innovation,startups-innovation,18,Creator Economy & Content Startups,creator-economy-content-startups,27,Streamer Tool Startups,streamer-tool-startups,,,,
Startups & Innovation,startups-innovation,18,Creator Economy & Content Startups,creator-economy-content-startups,28,OBS Plugin Startups,obs-plugin-startups,,,,
Startups & Innovation,startups-innovation,18,Creator Economy & Content Startups,creator-economy-content-startups,29,Music Distribution Startups,music-distribution-startups,,,,
Startups & Innovation,startups-innovation,18,Creator Economy & Content Startups,creator-economy-content-startups,30,Music Royalty Tracking Startups,music-royalty-tracking-startups,,,,
Startups & Innovation,startups-innovation,18,Creator Economy & Content Startups,creator-economy-content-startups,31,Sync Licensing Startups,sync-licensing-startups,,,,
Startups & Innovation,startups-innovation,18,Creator Economy & Content Startups,creator-economy-content-startups,32,Sample Marketplace Startups,sample-marketplace-startups,,,,
Startups & Innovation,startups-innovation,18,Creator Economy & Content Startups,creator-economy-content-startups,33,Beat Marketplace Startups,beat-marketplace-startups,,,,
Startups & Innovation,startups-innovation,18,Creator Economy & Content Startups,creator-economy-content-startups,34,Royalty Free Music Startups,royalty-free-music-startups,,,,
Startups & Innovation,startups-innovation,18,Creator Economy & Content Startups,creator-economy-content-startups,35,Stock Footage Marketplaces,stock-footage-marketplaces,,,,
Startups & Innovation,startups-innovation,18,Creator Economy & Content Startups,creator-economy-content-startups,36,Stock Sound Marketplaces,stock-sound-marketplaces,,,,
Startups & Innovation,startups-innovation,18,Creator Economy & Content Startups,creator-economy-content-startups,37,Creator Analytics Startups,creator-analytics-startups,1,Creator Platforms,Creator Analytics,creator-platforms-creator-analytics
Startups & Innovation,startups-innovation,18,Creator Economy & Content Startups,creator-economy-content-startups,38,YouTube Analytics Startups,youtube-analytics-startups,,,,
Startups & Innovation,startups-innovation,18,Creator Economy & Content Startups,creator-economy-content-startups,39,TikTok Analytics Startups,tiktok-analytics-startups,,,,
Startups & Innovation,startups-innovation,18,Creator Economy & Content Startups,creator-economy-content-startups,40,Podcast Analytics Startups,podcast-analytics-startups,,,,
Startups & Innovation,startups-innovation,18,Creator Economy & Content Startups,creator-economy-content-startups,41,Audience Insights Startups,audience-insights-startups,,,,
Startups & Innovation,startups-innovation,18,Creator Economy & Content Startups,creator-economy-content-startups,42,Fan Engagement Startups,fan-engagement-startups,1,Creator Platforms,Fan Engagement,creator-platforms-fan-engagement
Startups & Innovation,startups-innovation,18,Creator Economy & Content Startups,creator-economy-content-startups,43,Newsletter Discovery Startups,newsletter-discovery-startups,,,,
Startups & Innovation,startups-innovation,18,Creator Economy & Content Startups,creator-economy-content-startups,44,Podcast Discovery Startups,podcast-discovery-startups,,,,
Startups & Innovation,startups-innovation,18,Creator Economy & Content Startups,creator-economy-content-startups,45,Book Discovery Startups,book-discovery-startups,,,,
Startups & Innovation,startups-innovation,19,Gaming & Esports Startups,gaming-esports-startups,1,Mobile Game Studio Startups,mobile-game-studio-startups,1,Game Industry,Game Studios,game-industry-game-studios
Startups & Innovation,startups-innovation,19,Gaming & Esports Startups,gaming-esports-startups,1,Mobile Game Studio Startups,mobile-game-studio-startups,2,Game Industry,Game Engines,game-industry-game-engines
Startups & Innovation,startups-innovation,19,Gaming & Esports Startups,gaming-esports-startups,1,Mobile Game Studio Startups,mobile-game-studio-startups,3,Game Industry,Mobile Gaming,game-industry-mobile-gaming
Startups & Innovation,startups-innovation,19,Gaming & Esports Startups,gaming-esports-startups,1,Mobile Game Studio Startups,mobile-game-studio-startups,4,Game Industry,Social Gaming,game-industry-social-gaming
Startups & Innovation,startups-innovation,19,Gaming & Esports Startups,gaming-esports-startups,2,Indie Game Studio Startups,indie-game-studio-startups,,,,
Startups & Innovation,startups-innovation,19,Gaming & Esports Startups,gaming-esports-startups,3,AA Game Studio Startups,aa-game-studio-startups,,,,
Startups & Innovation,startups-innovation,19,Gaming & Esports Startups,gaming-esports-startups,4,AAA Game Studio Startups,aaa-game-studio-startups,,,,
Startups & Innovation,startups-innovation,19,Gaming & Esports Startups,gaming-esports-startups,5,Casual Game Studio Startups,casual-game-studio-startups,,,,
Startups & Innovation,startups-innovation,19,Gaming & Esports Startups,gaming-esports-startups,6,Hyper-Casual Game Studio Startups,hyper-casual-game-studio-startups,,,,
Startups & Innovation,startups-innovation,19,Gaming & Esports Startups,gaming-esports-startups,7,Hybrid-Casual Game Studio Startups,hybrid-casual-game-studio-startups,,,,
Startups & Innovation,startups-innovation,19,Gaming & Esports Startups,gaming-esports-startups,8,Web Game Studio Startups,web-game-studio-startups,,,,
Startups & Innovation,startups-innovation,19,Gaming & Esports Startups,gaming-esports-startups,9,Browser Game Startups,browser-game-startups,,,,
Startups & Innovation,startups-innovation,19,Gaming & Esports Startups,gaming-esports-startups,10,VR Game Studio Startups,vr-game-studio-startups,1,Game Industry,VR Gaming,game-industry-vr-gaming
Startups & Innovation,startups-innovation,19,Gaming & Esports Startups,gaming-esports-startups,11,AR Game Studio Startups,ar-game-studio-startups,,,,
Startups & Innovation,startups-innovation,19,Gaming & Esports Startups,gaming-esports-startups,12,Cloud Gaming Startups,cloud-gaming-startups,1,Game Industry,Cloud Gaming,game-industry-cloud-gaming
Startups & Innovation,startups-innovation,19,Gaming & Esports Startups,gaming-esports-startups,13,Game Streaming Startups,game-streaming-startups,,,,
Startups & Innovation,startups-innovation,19,Gaming & Esports Startups,gaming-esports-startups,14,Game Engine Startups,game-engine-startups,,,,
Startups & Innovation,startups-innovation,19,Gaming & Esports Startups,gaming-esports-startups,15,Game Tooling Startups,game-tooling-startups,,,,
Startups & Innovation,startups-innovation,19,Gaming & Esports Startups,gaming-esports-startups,16,Game Asset Marketplace Startups,game-asset-marketplace-startups,,,,
Startups & Innovation,startups-innovation,19,Gaming & Esports Startups,gaming-esports-startups,17,Game Audio Startups,game-audio-startups,,,,
Startups & Innovation,startups-innovation,19,Gaming & Esports Startups,gaming-esports-startups,18,Game Localization Startups,game-localization-startups,,,,
Startups & Innovation,startups-innovation,19,Gaming & Esports Startups,gaming-esports-startups,19,Game Testing Startups,game-testing-startups,,,,
Startups & Innovation,startups-innovation,19,Gaming & Esports Startups,gaming-esports-startups,20,Game Analytics Startups,game-analytics-startups,1,Game Industry,Game Analytics,game-industry-game-analytics
Startups & Innovation,startups-innovation,19,Gaming & Esports Startups,gaming-esports-startups,21,Player Engagement Startups,player-engagement-startups,,,,
Startups & Innovation,startups-innovation,19,Gaming & Esports Startups,gaming-esports-startups,22,Game Monetization Startups,game-monetization-startups,1,Game Industry,Game Monetization,game-industry-game-monetization
Startups & Innovation,startups-innovation,19,Gaming & Esports Startups,gaming-esports-startups,23,In-Game Ad Startups,in-game-ad-startups,,,,
Startups & Innovation,startups-innovation,19,Gaming & Esports Startups,gaming-esports-startups,24,Game Discovery Startups,game-discovery-startups,,,,
Startups & Innovation,startups-innovation,19,Gaming & Esports Startups,gaming-esports-startups,25,Esports Org Startups,esports-org-startups,,,,
Startups & Innovation,startups-innovation,19,Gaming & Esports Startups,gaming-esports-startups,26,Esports Platform Startups,esports-platform-startups,,,,
Startups & Innovation,startups-innovation,19,Gaming & Esports Startups,gaming-esports-startups,27,Tournament Platform Startups,tournament-platform-startups,,,,
Startups & Innovation,startups-innovation,19,Gaming & Esports Startups,gaming-esports-startups,28,Matchmaking Service Startups,matchmaking-service-startups,,,,
Startups & Innovation,startups-innovation,19,Gaming & Esports Startups,gaming-esports-startups,29,Voice Chat Game Startups,voice-chat-game-startups,,,,
Startups & Innovation,startups-innovation,19,Gaming & Esports Startups,gaming-esports-startups,30,Game Coaching Startups,game-coaching-startups,,,,
Startups & Innovation,startups-innovation,19,Gaming & Esports Startups,gaming-esports-startups,31,Game Replay Startups,game-replay-startups,,,,
Startups & Innovation,startups-innovation,19,Gaming & Esports Startups,gaming-esports-startups,32,Game Highlight Startups,game-highlight-startups,,,,
Startups & Innovation,startups-innovation,19,Gaming & Esports Startups,gaming-esports-startups,33,Game Streamer Tool Startups,game-streamer-tool-startups,1,Game Industry,Game Development Tools,game-industry-game-development-tools
Startups & Innovation,startups-innovation,19,Gaming & Esports Startups,gaming-esports-startups,34,UGC Game Platform Startups,ugc-game-platform-startups,1,Game Industry,Esports Platforms,game-industry-esports-platforms
Startups & Innovation,startups-innovation,19,Gaming & Esports Startups,gaming-esports-startups,35,Roblox Studio Startups,roblox-studio-startups,,,,
Startups & Innovation,startups-innovation,19,Gaming & Esports Startups,gaming-esports-startups,36,Fortnite Creator Startups,fortnite-creator-startups,,,,
Startups & Innovation,startups-innovation,19,Gaming & Esports Startups,gaming-esports-startups,37,Tabletop Game Startups,tabletop-game-startups,,,,
Startups & Innovation,startups-innovation,19,Gaming & Esports Startups,gaming-esports-startups,38,TTRPG Tool Startups,ttrpg-tool-startups,,,,
Startups & Innovation,startups-innovation,19,Gaming & Esports Startups,gaming-esports-startups,39,Board Game App Startups,board-game-app-startups,,,,
Startups & Innovation,startups-innovation,19,Gaming & Esports Startups,gaming-esports-startups,40,Trading Card Game Tech Startups,trading-card-game-tech-startups,,,,
Startups & Innovation,startups-innovation,20,"Media, Entertainment & Streaming Startups",media-entertainment-streaming-startups,1,Streaming Video Service Startups,streaming-video-service-startups,1,Media Innovation,Video Streaming,media-innovation-video-streaming
Startups & Innovation,startups-innovation,20,"Media, Entertainment & Streaming Startups",media-entertainment-streaming-startups,2,Niche Streaming Service Startups,niche-streaming-service-startups,,,,
Startups & Innovation,startups-innovation,20,"Media, Entertainment & Streaming Startups",media-entertainment-streaming-startups,3,FAST Channel Startups,fast-channel-startups,,,,
Startups & Innovation,startups-innovation,20,"Media, Entertainment & Streaming Startups",media-entertainment-streaming-startups,4,AVOD Startups,avod-startups,,,,
Startups & Innovation,startups-innovation,20,"Media, Entertainment & Streaming Startups",media-entertainment-streaming-startups,5,SVOD Startups,svod-startups,,,,
Startups & Innovation,startups-innovation,20,"Media, Entertainment & Streaming Startups",media-entertainment-streaming-startups,6,Streaming Audio Startups,streaming-audio-startups,1,Media Innovation,Audio Streaming,media-innovation-audio-streaming
Startups & Innovation,startups-innovation,20,"Media, Entertainment & Streaming Startups",media-entertainment-streaming-startups,7,Niche Podcast Network Startups,niche-podcast-network-startups,,,,
Startups & Innovation,startups-innovation,20,"Media, Entertainment & Streaming Startups",media-entertainment-streaming-startups,8,Audio Drama Startups,audio-drama-startups,,,,
Startups & Innovation,startups-innovation,20,"Media, Entertainment & Streaming Startups",media-entertainment-streaming-startups,9,Audiobook Platform Startups,audiobook-platform-startups,,,,
Startups & Innovation,startups-innovation,20,"Media, Entertainment & Streaming Startups",media-entertainment-streaming-startups,10,Animation Studio Startups,animation-studio-startups,,,,
Startups & Innovation,startups-innovation,20,"Media, Entertainment & Streaming Startups",media-entertainment-streaming-startups,11,VFX Studio Startups,vfx-studio-startups,,,,
Startups & Innovation,startups-innovation,20,"Media, Entertainment & Streaming Startups",media-entertainment-streaming-startups,12,Post-Production Tool Startups,post-production-tool-startups,,,,
Startups & Innovation,startups-innovation,20,"Media, Entertainment & Streaming Startups",media-entertainment-streaming-startups,13,Virtual Production Studio Startups,virtual-production-studio-startups,,,,
Startups & Innovation,startups-innovation,20,"Media, Entertainment & Streaming Startups",media-entertainment-streaming-startups,14,Indie Film Studio Startups,indie-film-studio-startups,,,,
Startups & Innovation,startups-innovation,20,"Media, Entertainment & Streaming Startups",media-entertainment-streaming-startups,15,Documentary Studio Startups,documentary-studio-startups,,,,
Startups & Innovation,startups-innovation,20,"Media, Entertainment & Streaming Startups",media-entertainment-streaming-startups,16,News Publication Startups,news-publication-startups,,,,
Startups & Innovation,startups-innovation,20,"Media, Entertainment & Streaming Startups",media-entertainment-streaming-startups,17,Local News Startups,local-news-startups,,,,
Startups & Innovation,startups-innovation,20,"Media, Entertainment & Streaming Startups",media-entertainment-streaming-startups,18,Investigative Journalism Startups,investigative-journalism-startups,,,,
Startups & Innovation,startups-innovation,20,"Media, Entertainment & Streaming Startups",media-entertainment-streaming-startups,19,Newsletter Media Startups,newsletter-media-startups,1,Media Innovation,Podcast Innovation,media-innovation-podcast-innovation
Startups & Innovation,startups-innovation,20,"Media, Entertainment & Streaming Startups",media-entertainment-streaming-startups,19,Newsletter Media Startups,newsletter-media-startups,2,Media Innovation,Newsletter Platforms,media-innovation-newsletter-platforms
Startups & Innovation,startups-innovation,20,"Media, Entertainment & Streaming Startups",media-entertainment-streaming-startups,19,Newsletter Media Startups,newsletter-media-startups,3,Media Innovation,Content Monetization,media-innovation-content-monetization
Startups & Innovation,startups-innovation,20,"Media, Entertainment & Streaming Startups",media-entertainment-streaming-startups,19,Newsletter Media Startups,newsletter-media-startups,4,Media Innovation,Media Analytics,media-innovation-media-analytics
Startups & Innovation,startups-innovation,20,"Media, Entertainment & Streaming Startups",media-entertainment-streaming-startups,19,Newsletter Media Startups,newsletter-media-startups,5,Media Innovation,Content Rights,media-innovation-content-rights
Startups & Innovation,startups-innovation,20,"Media, Entertainment & Streaming Startups",media-entertainment-streaming-startups,20,Trade Publication Startups,trade-publication-startups,,,,
Startups & Innovation,startups-innovation,20,"Media, Entertainment & Streaming Startups",media-entertainment-streaming-startups,21,Niche Media Startups,niche-media-startups,,,,
Startups & Innovation,startups-innovation,20,"Media, Entertainment & Streaming Startups",media-entertainment-streaming-startups,22,Magazine Tech Startups,magazine-tech-startups,1,Media Innovation,Journalism Tech,media-innovation-journalism-tech
Startups & Innovation,startups-innovation,20,"Media, Entertainment & Streaming Startups",media-entertainment-streaming-startups,22,Magazine Tech Startups,magazine-tech-startups,2,Media Innovation,Ad Tech Innovation,media-innovation-ad-tech-innovation
Startups & Innovation,startups-innovation,20,"Media, Entertainment & Streaming Startups",media-entertainment-streaming-startups,23,Book Publishing Tech Startups,book-publishing-tech-startups,1,Media Innovation,Digital Publishing,media-innovation-digital-publishing
Startups & Innovation,startups-innovation,20,"Media, Entertainment & Streaming Startups",media-entertainment-streaming-startups,24,Self-Publishing Startups,self-publishing-startups,,,,
Startups & Innovation,startups-innovation,20,"Media, Entertainment & Streaming Startups",media-entertainment-streaming-startups,25,Audiobook Production Startups,audiobook-production-startups,,,,
Startups & Innovation,startups-innovation,20,"Media, Entertainment & Streaming Startups",media-entertainment-streaming-startups,26,Translation Publishing Startups,translation-publishing-startups,,,,
Startups & Innovation,startups-innovation,20,"Media, Entertainment & Streaming Startups",media-entertainment-streaming-startups,27,Comic Book Tech Startups,comic-book-tech-startups,,,,
Startups & Innovation,startups-innovation,20,"Media, Entertainment & Streaming Startups",media-entertainment-streaming-startups,28,Webtoon Startups,webtoon-startups,,,,
Startups & Innovation,startups-innovation,20,"Media, Entertainment & Streaming Startups",media-entertainment-streaming-startups,29,Manga Tech Startups,manga-tech-startups,,,,
Startups & Innovation,startups-innovation,20,"Media, Entertainment & Streaming Startups",media-entertainment-streaming-startups,31,Live Event Production Startups,live-event-production-startups,1,Event Innovation,Event Networking,event-innovation-event-networking
Startups & Innovation,startups-innovation,20,"Media, Entertainment & Streaming Startups",media-entertainment-streaming-startups,31,Live Event Production Startups,live-event-production-startups,2,Event Innovation,Event Analytics,event-innovation-event-analytics
Startups & Innovation,startups-innovation,20,"Media, Entertainment & Streaming Startups",media-entertainment-streaming-startups,32,Concert Tech Startups,concert-tech-startups,,,,
Startups & Innovation,startups-innovation,20,"Media, Entertainment & Streaming Startups",media-entertainment-streaming-startups,33,Festival Tech Startups,festival-tech-startups,,,,
Startups & Innovation,startups-innovation,20,"Media, Entertainment & Streaming Startups",media-entertainment-streaming-startups,34,Theater Tech Startups,theater-tech-startups,,,,
Startups & Innovation,startups-innovation,20,"Media, Entertainment & Streaming Startups",media-entertainment-streaming-startups,35,Theme Park Tech Startups,theme-park-tech-startups,,,,
Startups & Innovation,startups-innovation,20,"Media, Entertainment & Streaming Startups",media-entertainment-streaming-startups,36,Immersive Entertainment Startups,immersive-entertainment-startups,,,,
Startups & Innovation,startups-innovation,20,"Media, Entertainment & Streaming Startups",media-entertainment-streaming-startups,37,Location-Based Entertainment Startups,location-based-entertainment-startups,,,,
Startups & Innovation,startups-innovation,20,"Media, Entertainment & Streaming Startups",media-entertainment-streaming-startups,38,VR Arcade Startups,vr-arcade-startups,,,,
Startups & Innovation,startups-innovation,20,"Media, Entertainment & Streaming Startups",media-entertainment-streaming-startups,39,Family Entertainment Center Tech,family-entertainment-center-tech,,,,
Startups & Innovation,startups-innovation,21,"Travel, Hospitality & Lifestyle Startups",travel-hospitality-lifestyle-startups,1,Travel Booking Startups,travel-booking-startups,1,Travel Innovation,Booking Platforms,travel-innovation-booking-platforms
Startups & Innovation,startups-innovation,21,"Travel, Hospitality & Lifestyle Startups",travel-hospitality-lifestyle-startups,2,AI Trip Planner Startups,ai-trip-planner-startups,,,,
Startups & Innovation,startups-innovation,21,"Travel, Hospitality & Lifestyle Startups",travel-hospitality-lifestyle-startups,3,Personalized Itinerary Startups,personalized-itinerary-startups,,,,
Startups & Innovation,startups-innovation,21,"Travel, Hospitality & Lifestyle Startups",travel-hospitality-lifestyle-startups,4,Group Trip Startups,group-trip-startups,,,,
Startups & Innovation,startups-innovation,21,"Travel, Hospitality & Lifestyle Startups",travel-hospitality-lifestyle-startups,5,Adventure Travel Startups,adventure-travel-startups,,,,
Startups & Innovation,startups-innovation,21,"Travel, Hospitality & Lifestyle Startups",travel-hospitality-lifestyle-startups,6,Eco Travel Startups,eco-travel-startups,,,,
Startups & Innovation,startups-innovation,21,"Travel, Hospitality & Lifestyle Startups",travel-hospitality-lifestyle-startups,7,Wellness Travel Startups,wellness-travel-startups,,,,
Startups & Innovation,startups-innovation,21,"Travel, Hospitality & Lifestyle Startups",travel-hospitality-lifestyle-startups,8,Solo Travel Startups,solo-travel-startups,,,,
Startups & Innovation,startups-innovation,21,"Travel, Hospitality & Lifestyle Startups",travel-hospitality-lifestyle-startups,9,Family Travel Startups,family-travel-startups,,,,
Startups & Innovation,startups-innovation,21,"Travel, Hospitality & Lifestyle Startups",travel-hospitality-lifestyle-startups,10,Senior Travel Startups,senior-travel-startups,,,,
Startups & Innovation,startups-innovation,21,"Travel, Hospitality & Lifestyle Startups",travel-hospitality-lifestyle-startups,11,Pet Travel Startups,pet-travel-startups,,,,
Startups & Innovation,startups-innovation,21,"Travel, Hospitality & Lifestyle Startups",travel-hospitality-lifestyle-startups,12,Business Travel Startups,business-travel-startups,,,,
Startups & Innovation,startups-innovation,21,"Travel, Hospitality & Lifestyle Startups",travel-hospitality-lifestyle-startups,13,Bleisure Travel Startups,bleisure-travel-startups,,,,
Startups & Innovation,startups-innovation,21,"Travel, Hospitality & Lifestyle Startups",travel-hospitality-lifestyle-startups,14,Digital Nomad Startups,digital-nomad-startups,1,Travel Innovation,Digital Nomad Tools,travel-innovation-digital-nomad-tools
Startups & Innovation,startups-innovation,21,"Travel, Hospitality & Lifestyle Startups",travel-hospitality-lifestyle-startups,15,Workation Booking Startups,workation-booking-startups,,,,
Startups & Innovation,startups-innovation,21,"Travel, Hospitality & Lifestyle Startups",travel-hospitality-lifestyle-startups,16,Slow Travel Startups,slow-travel-startups,,,,
Startups & Innovation,startups-innovation,21,"Travel, Hospitality & Lifestyle Startups",travel-hospitality-lifestyle-startups,17,Hostel Booking Startups,hostel-booking-startups,,,,
Startups & Innovation,startups-innovation,21,"Travel, Hospitality & Lifestyle Startups",travel-hospitality-lifestyle-startups,18,Vacation Rental Marketplaces,vacation-rental-marketplaces,,,,
Startups & Innovation,startups-innovation,21,"Travel, Hospitality & Lifestyle Startups",travel-hospitality-lifestyle-startups,19,Boutique Hotel Marketplaces,boutique-hotel-marketplaces,,,,
Startups & Innovation,startups-innovation,21,"Travel, Hospitality & Lifestyle Startups",travel-hospitality-lifestyle-startups,20,Glamping Marketplaces,glamping-marketplaces,,,,
Startups & Innovation,startups-innovation,21,"Travel, Hospitality & Lifestyle Startups",travel-hospitality-lifestyle-startups,21,Camping Marketplaces,camping-marketplaces,,,,
Startups & Innovation,startups-innovation,21,"Travel, Hospitality & Lifestyle Startups",travel-hospitality-lifestyle-startups,22,Cabin Rental Marketplaces,cabin-rental-marketplaces,,,,
Startups & Innovation,startups-innovation,21,"Travel, Hospitality & Lifestyle Startups",travel-hospitality-lifestyle-startups,23,Houseboat Rental Marketplaces,houseboat-rental-marketplaces,,,,
Startups & Innovation,startups-innovation,21,"Travel, Hospitality & Lifestyle Startups",travel-hospitality-lifestyle-startups,24,Yacht Charter Startups,yacht-charter-startups,,,,
Startups & Innovation,startups-innovation,21,"Travel, Hospitality & Lifestyle Startups",travel-hospitality-lifestyle-startups,25,Private Jet Startups,private-jet-startups,,,,
Startups & Innovation,startups-innovation,21,"Travel, Hospitality & Lifestyle Startups",travel-hospitality-lifestyle-startups,26,Helicopter Charter Startups,helicopter-charter-startups,,,,
Startups & Innovation,startups-innovation,21,"Travel, Hospitality & Lifestyle Startups",travel-hospitality-lifestyle-startups,27,Tour Marketplace Startups,tour-marketplace-startups,,,,
Startups & Innovation,startups-innovation,21,"Travel, Hospitality & Lifestyle Startups",travel-hospitality-lifestyle-startups,28,Local Experience Marketplaces,local-experience-marketplaces,,,,
Startups & Innovation,startups-innovation,21,"Travel, Hospitality & Lifestyle Startups",travel-hospitality-lifestyle-startups,29,Food Tour Startups,food-tour-startups,,,,
Startups & Innovation,startups-innovation,21,"Travel, Hospitality & Lifestyle Startups",travel-hospitality-lifestyle-startups,30,Wine Tour Startups,wine-tour-startups,,,,
Startups & Innovation,startups-innovation,21,"Travel, Hospitality & Lifestyle Startups",travel-hospitality-lifestyle-startups,31,Cooking Class Marketplaces,cooking-class-marketplaces,,,,
Startups & Innovation,startups-innovation,21,"Travel, Hospitality & Lifestyle Startups",travel-hospitality-lifestyle-startups,32,Activity Booking Startups,activity-booking-startups,,,,
Startups & Innovation,startups-innovation,21,"Travel, Hospitality & Lifestyle Startups",travel-hospitality-lifestyle-startups,33,Event Discovery Startups,event-discovery-startups,,,,
Startups & Innovation,startups-innovation,21,"Travel, Hospitality & Lifestyle Startups",travel-hospitality-lifestyle-startups,34,Nightlife Discovery Startups,nightlife-discovery-startups,,,,
Startups & Innovation,startups-innovation,21,"Travel, Hospitality & Lifestyle Startups",travel-hospitality-lifestyle-startups,35,Restaurant Discovery Startups,restaurant-discovery-startups,,,,
Startups & Innovation,startups-innovation,21,"Travel, Hospitality & Lifestyle Startups",travel-hospitality-lifestyle-startups,36,Reservation Marketplace Startups,reservation-marketplace-startups,,,,
Startups & Innovation,startups-innovation,21,"Travel, Hospitality & Lifestyle Startups",travel-hospitality-lifestyle-startups,37,Hotel Tech Startups,hotel-tech-startups,1,Travel Innovation,Hotel Tech,travel-innovation-hotel-tech
Startups & Innovation,startups-innovation,21,"Travel, Hospitality & Lifestyle Startups",travel-hospitality-lifestyle-startups,38,Concierge Tech Startups,concierge-tech-startups,,,,
Startups & Innovation,startups-innovation,21,"Travel, Hospitality & Lifestyle Startups",travel-hospitality-lifestyle-startups,39,Guest Experience Startups,guest-experience-startups,,,,
Startups & Innovation,startups-innovation,21,"Travel, Hospitality & Lifestyle Startups",travel-hospitality-lifestyle-startups,40,Loyalty Travel Startups,loyalty-travel-startups,,,,
Startups & Innovation,startups-innovation,21,"Travel, Hospitality & Lifestyle Startups",travel-hospitality-lifestyle-startups,41,Points Tracking Startups,points-tracking-startups,,,,
Startups & Innovation,startups-innovation,21,"Travel, Hospitality & Lifestyle Startups",travel-hospitality-lifestyle-startups,42,Mile Maximizing Startups,mile-maximizing-startups,,,,
Startups & Innovation,startups-innovation,21,"Travel, Hospitality & Lifestyle Startups",travel-hospitality-lifestyle-startups,43,Flight Compensation Startups,flight-compensation-startups,,,,
Startups & Innovation,startups-innovation,21,"Travel, Hospitality & Lifestyle Startups",travel-hospitality-lifestyle-startups,44,Visa Application Startups,visa-application-startups,,,,
Startups & Innovation,startups-innovation,21,"Travel, Hospitality & Lifestyle Startups",travel-hospitality-lifestyle-startups,45,Passport Renewal Startups,passport-renewal-startups,,,,
Startups & Innovation,startups-innovation,21,"Travel, Hospitality & Lifestyle Startups",travel-hospitality-lifestyle-startups,46,Travel Document Startups,travel-document-startups,,,,
Startups & Innovation,startups-innovation,22,"Wellness, Fitness & Personal Startups",wellness-fitness-personal-startups,1,Fitness App Startups,fitness-app-startups,,,,
Startups & Innovation,startups-innovation,22,"Wellness, Fitness & Personal Startups",wellness-fitness-personal-startups,2,Workout App Startups,workout-app-startups,,,,
Startups & Innovation,startups-innovation,22,"Wellness, Fitness & Personal Startups",wellness-fitness-personal-startups,3,Personal Trainer App Startups,personal-trainer-app-startups,,,,
Startups & Innovation,startups-innovation,22,"Wellness, Fitness & Personal Startups",wellness-fitness-personal-startups,4,Strength Training App Startups,strength-training-app-startups,,,,
Startups & Innovation,startups-innovation,22,"Wellness, Fitness & Personal Startups",wellness-fitness-personal-startups,5,Yoga App Startups,yoga-app-startups,,,,
Startups & Innovation,startups-innovation,22,"Wellness, Fitness & Personal Startups",wellness-fitness-personal-startups,6,Pilates App Startups,pilates-app-startups,,,,
Startups & Innovation,startups-innovation,22,"Wellness, Fitness & Personal Startups",wellness-fitness-personal-startups,7,Running App Startups,running-app-startups,,,,
Startups & Innovation,startups-innovation,22,"Wellness, Fitness & Personal Startups",wellness-fitness-personal-startups,8,Cycling App Startups,cycling-app-startups,,,,
Startups & Innovation,startups-innovation,22,"Wellness, Fitness & Personal Startups",wellness-fitness-personal-startups,9,Triathlon App Startups,triathlon-app-startups,,,,
Startups & Innovation,startups-innovation,22,"Wellness, Fitness & Personal Startups",wellness-fitness-personal-startups,10,HIIT App Startups,hiit-app-startups,,,,
Startups & Innovation,startups-innovation,22,"Wellness, Fitness & Personal Startups",wellness-fitness-personal-startups,11,Bodyweight Workout Startups,bodyweight-workout-startups,,,,
Startups & Innovation,startups-innovation,22,"Wellness, Fitness & Personal Startups",wellness-fitness-personal-startups,12,Home Gym Startups,home-gym-startups,,,,
Startups & Innovation,startups-innovation,22,"Wellness, Fitness & Personal Startups",wellness-fitness-personal-startups,13,Connected Fitness Equipment Startups,connected-fitness-equipment-startups,,,,
Startups & Innovation,startups-innovation,22,"Wellness, Fitness & Personal Startups",wellness-fitness-personal-startups,14,Smart Mirror Startups,smart-mirror-startups,,,,
Startups & Innovation,startups-innovation,22,"Wellness, Fitness & Personal Startups",wellness-fitness-personal-startups,15,Smart Treadmill Startups,smart-treadmill-startups,,,,
Startups & Innovation,startups-innovation,22,"Wellness, Fitness & Personal Startups",wellness-fitness-personal-startups,16,Smart Bike Startups,smart-bike-startups,,,,
Startups & Innovation,startups-innovation,22,"Wellness, Fitness & Personal Startups",wellness-fitness-personal-startups,17,Recovery Tech Startups,recovery-tech-startups,,,,
Startups & Innovation,startups-innovation,22,"Wellness, Fitness & Personal Startups",wellness-fitness-personal-startups,18,Sleep Tech Startups,sleep-tech-startups,,,,
Startups & Innovation,startups-innovation,22,"Wellness, Fitness & Personal Startups",wellness-fitness-personal-startups,19,Meditation App Startups,meditation-app-startups,,,,
Startups & Innovation,startups-innovation,22,"Wellness, Fitness & Personal Startups",wellness-fitness-personal-startups,20,Mindfulness App Startups,mindfulness-app-startups,,,,
Startups & Innovation,startups-innovation,22,"Wellness, Fitness & Personal Startups",wellness-fitness-personal-startups,21,Breathwork App Startups,breathwork-app-startups,,,,
Startups & Innovation,startups-innovation,22,"Wellness, Fitness & Personal Startups",wellness-fitness-personal-startups,22,Sound Bath App Startups,sound-bath-app-startups,,,,
Startups & Innovation,startups-innovation,22,"Wellness, Fitness & Personal Startups",wellness-fitness-personal-startups,23,Cold Plunge Startups,cold-plunge-startups,,,,
Startups & Innovation,startups-innovation,22,"Wellness, Fitness & Personal Startups",wellness-fitness-personal-startups,24,Sauna Tech Startups,sauna-tech-startups,,,,
Startups & Innovation,startups-innovation,22,"Wellness, Fitness & Personal Startups",wellness-fitness-personal-startups,25,Red Light Therapy Startups,red-light-therapy-startups,,,,
Startups & Innovation,startups-innovation,22,"Wellness, Fitness & Personal Startups",wellness-fitness-personal-startups,26,Biohacking Startups,biohacking-startups,,,,
Startups & Innovation,startups-innovation,22,"Wellness, Fitness & Personal Startups",wellness-fitness-personal-startups,27,Longevity Tech Startups,longevity-tech-startups,1,Longevity Tech,Anti-Aging Tech,longevity-tech-anti-aging-tech
Startups & Innovation,startups-innovation,22,"Wellness, Fitness & Personal Startups",wellness-fitness-personal-startups,27,Longevity Tech Startups,longevity-tech-startups,2,Longevity Tech,Longevity Supplements,longevity-tech-longevity-supplements
Startups & Innovation,startups-innovation,22,"Wellness, Fitness & Personal Startups",wellness-fitness-personal-startups,27,Longevity Tech Startups,longevity-tech-startups,3,Longevity Tech,Healthspan AI,longevity-tech-healthspan-ai
Startups & Innovation,startups-innovation,22,"Wellness, Fitness & Personal Startups",wellness-fitness-personal-startups,27,Longevity Tech Startups,longevity-tech-startups,4,Longevity Tech,Biomarker Tracking,longevity-tech-biomarker-tracking
Startups & Innovation,startups-innovation,22,"Wellness, Fitness & Personal Startups",wellness-fitness-personal-startups,27,Longevity Tech Startups,longevity-tech-startups,5,Longevity Tech,Telomere Testing,longevity-tech-telomere-testing
Startups & Innovation,startups-innovation,22,"Wellness, Fitness & Personal Startups",wellness-fitness-personal-startups,27,Longevity Tech Startups,longevity-tech-startups,6,Longevity Tech,Senolytic Therapy,longevity-tech-senolytic-therapy
Startups & Innovation,startups-innovation,22,"Wellness, Fitness & Personal Startups",wellness-fitness-personal-startups,27,Longevity Tech Startups,longevity-tech-startups,7,Longevity Tech,Longevity Coaching,longevity-tech-longevity-coaching
Startups & Innovation,startups-innovation,22,"Wellness, Fitness & Personal Startups",wellness-fitness-personal-startups,27,Longevity Tech Startups,longevity-tech-startups,8,Longevity Tech,Aging Research,longevity-tech-aging-research
Startups & Innovation,startups-innovation,22,"Wellness, Fitness & Personal Startups",wellness-fitness-personal-startups,27,Longevity Tech Startups,longevity-tech-startups,9,Longevity Tech,Geroscience,longevity-tech-geroscience
Startups & Innovation,startups-innovation,22,"Wellness, Fitness & Personal Startups",wellness-fitness-personal-startups,27,Longevity Tech Startups,longevity-tech-startups,10,Longevity Tech,Blue Zone Tech,longevity-tech-blue-zone-tech
Startups & Innovation,startups-innovation,22,"Wellness, Fitness & Personal Startups",wellness-fitness-personal-startups,28,Supplement Subscription Startups,supplement-subscription-startups,,,,
Startups & Innovation,startups-innovation,22,"Wellness, Fitness & Personal Startups",wellness-fitness-personal-startups,29,Personalized Vitamin Startups,personalized-vitamin-startups,,,,
Startups & Innovation,startups-innovation,22,"Wellness, Fitness & Personal Startups",wellness-fitness-personal-startups,30,Nutrition Coaching Startups,nutrition-coaching-startups,,,,
Startups & Innovation,startups-innovation,22,"Wellness, Fitness & Personal Startups",wellness-fitness-personal-startups,31,Macro Tracking Startups,macro-tracking-startups,,,,
Startups & Innovation,startups-innovation,22,"Wellness, Fitness & Personal Startups",wellness-fitness-personal-startups,32,Calorie Counting Startups,calorie-counting-startups,,,,
Startups & Innovation,startups-innovation,22,"Wellness, Fitness & Personal Startups",wellness-fitness-personal-startups,33,Fasting App Startups,fasting-app-startups,,,,
Startups & Innovation,startups-innovation,22,"Wellness, Fitness & Personal Startups",wellness-fitness-personal-startups,34,Hydration Tracking Startups,hydration-tracking-startups,,,,
Startups & Innovation,startups-innovation,22,"Wellness, Fitness & Personal Startups",wellness-fitness-personal-startups,35,Hydration Reminder Startups,hydration-reminder-startups,,,,
Startups & Innovation,startups-innovation,22,"Wellness, Fitness & Personal Startups",wellness-fitness-personal-startups,36,Posture Tech Startups,posture-tech-startups,,,,
Startups & Innovation,startups-innovation,22,"Wellness, Fitness & Personal Startups",wellness-fitness-personal-startups,37,Wearable Health Coach Startups,wearable-health-coach-startups,,,,
Startups & Innovation,startups-innovation,22,"Wellness, Fitness & Personal Startups",wellness-fitness-personal-startups,38,Stress Tracking Startups,stress-tracking-startups,,,,
Startups & Innovation,startups-innovation,22,"Wellness, Fitness & Personal Startups",wellness-fitness-personal-startups,39,HRV Tracking Startups,hrv-tracking-startups,,,,
Startups & Innovation,startups-innovation,22,"Wellness, Fitness & Personal Startups",wellness-fitness-personal-startups,40,Mood Tracking Startups,mood-tracking-startups,,,,
Startups & Innovation,startups-innovation,22,"Wellness, Fitness & Personal Startups",wellness-fitness-personal-startups,41,Habit Stacking App Startups,habit-stacking-app-startups,,,,
Startups & Innovation,startups-innovation,22,"Wellness, Fitness & Personal Startups",wellness-fitness-personal-startups,42,Self-Improvement Startups,self-improvement-startups,,,,
Startups & Innovation,startups-innovation,22,"Wellness, Fitness & Personal Startups",wellness-fitness-personal-startups,43,Productivity Coach Startups,productivity-coach-startups,,,,
Startups & Innovation,startups-innovation,22,"Wellness, Fitness & Personal Startups",wellness-fitness-personal-startups,44,Life Coach App Startups,life-coach-app-startups,,,,
Startups & Innovation,startups-innovation,22,"Wellness, Fitness & Personal Startups",wellness-fitness-personal-startups,45,Relationship Coach Startups,relationship-coach-startups,,,,
Startups & Innovation,startups-innovation,22,"Wellness, Fitness & Personal Startups",wellness-fitness-personal-startups,46,Dating Coach Startups,dating-coach-startups,,,,
Startups & Innovation,startups-innovation,22,"Wellness, Fitness & Personal Startups",wellness-fitness-personal-startups,47,Confidence Coach Startups,confidence-coach-startups,,,,
Startups & Innovation,startups-innovation,23,"Family, Kids & Pet Startups",family-kids-pet-startups,1,Parenting App Startups,parenting-app-startups,,,,
Startups & Innovation,startups-innovation,23,"Family, Kids & Pet Startups",family-kids-pet-startups,2,New Parent Support Startups,new-parent-support-startups,,,,
Startups & Innovation,startups-innovation,23,"Family, Kids & Pet Startups",family-kids-pet-startups,3,Pregnancy Tracking Startups,pregnancy-tracking-startups,,,,
Startups & Innovation,startups-innovation,23,"Family, Kids & Pet Startups",family-kids-pet-startups,4,Baby Tracker Startups,baby-tracker-startups,,,,
Startups & Innovation,startups-innovation,23,"Family, Kids & Pet Startups",family-kids-pet-startups,5,Baby Sleep Coach Startups,baby-sleep-coach-startups,,,,
Startups & Innovation,startups-innovation,23,"Family, Kids & Pet Startups",family-kids-pet-startups,6,Breastfeeding Support Startups,breastfeeding-support-startups,,,,
Startups & Innovation,startups-innovation,23,"Family, Kids & Pet Startups",family-kids-pet-startups,7,Baby Gear Marketplaces,baby-gear-marketplaces,,,,
Startups & Innovation,startups-innovation,23,"Family, Kids & Pet Startups",family-kids-pet-startups,8,Maternity Wear Startups,maternity-wear-startups,,,,
Startups & Innovation,startups-innovation,23,"Family, Kids & Pet Startups",family-kids-pet-startups,9,Baby Subscription Box Startups,baby-subscription-box-startups,,,,
Startups & Innovation,startups-innovation,23,"Family, Kids & Pet Startups",family-kids-pet-startups,10,Diaper Subscription Startups,diaper-subscription-startups,,,,
Startups & Innovation,startups-innovation,23,"Family, Kids & Pet Startups",family-kids-pet-startups,11,Childcare Marketplace Startups,childcare-marketplace-startups,,,,
Startups & Innovation,startups-innovation,23,"Family, Kids & Pet Startups",family-kids-pet-startups,12,Babysitter Marketplace Startups,babysitter-marketplace-startups,,,,
Startups & Innovation,startups-innovation,23,"Family, Kids & Pet Startups",family-kids-pet-startups,13,Nanny Marketplace Startups,nanny-marketplace-startups,,,,
Startups & Innovation,startups-innovation,23,"Family, Kids & Pet Startups",family-kids-pet-startups,14,Au Pair Marketplace Startups,au-pair-marketplace-startups,,,,
Startups & Innovation,startups-innovation,23,"Family, Kids & Pet Startups",family-kids-pet-startups,15,Daycare Marketplace Startups,daycare-marketplace-startups,,,,
Startups & Innovation,startups-innovation,23,"Family, Kids & Pet Startups",family-kids-pet-startups,16,Preschool Discovery Startups,preschool-discovery-startups,,,,
Startups & Innovation,startups-innovation,23,"Family, Kids & Pet Startups",family-kids-pet-startups,17,Family Meal Planning Startups,family-meal-planning-startups,,,,
Startups & Innovation,startups-innovation,23,"Family, Kids & Pet Startups",family-kids-pet-startups,18,Kid Activity Discovery Startups,kid-activity-discovery-startups,,,,
Startups & Innovation,startups-innovation,23,"Family, Kids & Pet Startups",family-kids-pet-startups,19,Family Calendar Startups,family-calendar-startups,,,,
Startups & Innovation,startups-innovation,23,"Family, Kids & Pet Startups",family-kids-pet-startups,20,Family Chore Tracker Startups,family-chore-tracker-startups,,,,
Startups & Innovation,startups-innovation,23,"Family, Kids & Pet Startups",family-kids-pet-startups,21,Allowance App Startups,allowance-app-startups,,,,
Startups & Innovation,startups-innovation,23,"Family, Kids & Pet Startups",family-kids-pet-startups,22,Kid Money App Startups,kid-money-app-startups,,,,
Startups & Innovation,startups-innovation,23,"Family, Kids & Pet Startups",family-kids-pet-startups,23,Family Banking Startups,family-banking-startups,,,,
Startups & Innovation,startups-innovation,23,"Family, Kids & Pet Startups",family-kids-pet-startups,24,Kid Education App Startups,kid-education-app-startups,,,,
Startups & Innovation,startups-innovation,23,"Family, Kids & Pet Startups",family-kids-pet-startups,25,Reading App Startups,reading-app-startups,,,,
Startups & Innovation,startups-innovation,23,"Family, Kids & Pet Startups",family-kids-pet-startups,26,Storytime App Startups,storytime-app-startups,,,,
Startups & Innovation,startups-innovation,23,"Family, Kids & Pet Startups",family-kids-pet-startups,27,Kid Coding App Startups,kid-coding-app-startups,,,,
Startups & Innovation,startups-innovation,23,"Family, Kids & Pet Startups",family-kids-pet-startups,28,Math Game Startups,math-game-startups,,,,
Startups & Innovation,startups-innovation,23,"Family, Kids & Pet Startups",family-kids-pet-startups,29,Special Needs Family Startups,special-needs-family-startups,,,,
Startups & Innovation,startups-innovation,23,"Family, Kids & Pet Startups",family-kids-pet-startups,30,Adoption Tech Startups,adoption-tech-startups,,,,
Startups & Innovation,startups-innovation,23,"Family, Kids & Pet Startups",family-kids-pet-startups,31,Foster Care Tech Startups,foster-care-tech-startups,,,,
Startups & Innovation,startups-innovation,23,"Family, Kids & Pet Startups",family-kids-pet-startups,32,Pet Adoption Startups,pet-adoption-startups,,,,
Startups & Innovation,startups-innovation,23,"Family, Kids & Pet Startups",family-kids-pet-startups,33,Pet Marketplace Startups,pet-marketplace-startups,,,,
Startups & Innovation,startups-innovation,23,"Family, Kids & Pet Startups",family-kids-pet-startups,34,Dog Walker Marketplace Startups,dog-walker-marketplace-startups,,,,
Startups & Innovation,startups-innovation,23,"Family, Kids & Pet Startups",family-kids-pet-startups,35,Pet Sitter Marketplace Startups,pet-sitter-marketplace-startups,,,,
Startups & Innovation,startups-innovation,23,"Family, Kids & Pet Startups",family-kids-pet-startups,36,Pet Boarding Startups,pet-boarding-startups,,,,
Startups & Innovation,startups-innovation,23,"Family, Kids & Pet Startups",family-kids-pet-startups,37,Pet Grooming Startups,pet-grooming-startups,,,,
Startups & Innovation,startups-innovation,23,"Family, Kids & Pet Startups",family-kids-pet-startups,38,Pet Training App Startups,pet-training-app-startups,,,,
Startups & Innovation,startups-innovation,23,"Family, Kids & Pet Startups",family-kids-pet-startups,39,Pet Health Tracking Startups,pet-health-tracking-startups,,,,
Startups & Innovation,startups-innovation,23,"Family, Kids & Pet Startups",family-kids-pet-startups,40,Pet Telehealth Startups,pet-telehealth-startups,,,,
Startups & Innovation,startups-innovation,23,"Family, Kids & Pet Startups",family-kids-pet-startups,41,Pet Food Subscription Startups,pet-food-subscription-startups,,,,
Startups & Innovation,startups-innovation,23,"Family, Kids & Pet Startups",family-kids-pet-startups,42,Pet Treat Startups,pet-treat-startups,,,,
Startups & Innovation,startups-innovation,23,"Family, Kids & Pet Startups",family-kids-pet-startups,43,Smart Feeder Startups,smart-feeder-startups,,,,
Startups & Innovation,startups-innovation,23,"Family, Kids & Pet Startups",family-kids-pet-startups,44,Pet GPS Tracker Startups,pet-gps-tracker-startups,,,,
Startups & Innovation,startups-innovation,23,"Family, Kids & Pet Startups",family-kids-pet-startups,45,Pet Camera Startups,pet-camera-startups,,,,
Startups & Innovation,startups-innovation,24,"HR, Talent & Future of Work Startups",hr-talent-future-of-work-startups,1,HR Tech Startups,hr-tech-startups,1,Workforce Innovation,Remote Work Tools,workforce-innovation-remote-work-tools
Startups & Innovation,startups-innovation,24,"HR, Talent & Future of Work Startups",hr-talent-future-of-work-startups,1,HR Tech Startups,hr-tech-startups,2,Workforce Innovation,Freelance Marketplaces,workforce-innovation-freelance-marketplaces
Startups & Innovation,startups-innovation,24,"HR, Talent & Future of Work Startups",hr-talent-future-of-work-startups,1,HR Tech Startups,hr-tech-startups,3,Workforce Innovation,HR Analytics,workforce-innovation-hr-analytics
Startups & Innovation,startups-innovation,24,"HR, Talent & Future of Work Startups",hr-talent-future-of-work-startups,1,HR Tech Startups,hr-tech-startups,4,Workforce Innovation,Employee Wellbeing,workforce-innovation-employee-wellbeing
Startups & Innovation,startups-innovation,24,"HR, Talent & Future of Work Startups",hr-talent-future-of-work-startups,1,HR Tech Startups,hr-tech-startups,5,Workforce Innovation,People Analytics,workforce-innovation-people-analytics
Startups & Innovation,startups-innovation,24,"HR, Talent & Future of Work Startups",hr-talent-future-of-work-startups,1,HR Tech Startups,hr-tech-startups,6,Workforce Innovation,Org Design,workforce-innovation-org-design
Startups & Innovation,startups-innovation,24,"HR, Talent & Future of Work Startups",hr-talent-future-of-work-startups,2,HRIS Startups,hris-startups,,,,
Startups & Innovation,startups-innovation,24,"HR, Talent & Future of Work Startups",hr-talent-future-of-work-startups,3,People Operations Startups,people-operations-startups,,,,
Startups & Innovation,startups-innovation,24,"HR, Talent & Future of Work Startups",hr-talent-future-of-work-startups,4,Compensation Tech Startups,compensation-tech-startups,1,Workforce Innovation,Compensation Benchmarking,workforce-innovation-compensation-benchmarking
Startups & Innovation,startups-innovation,24,"HR, Talent & Future of Work Startups",hr-talent-future-of-work-startups,5,Pay Equity Startups,pay-equity-startups,,,,
Startups & Innovation,startups-innovation,24,"HR, Talent & Future of Work Startups",hr-talent-future-of-work-startups,6,Performance Management Startups,performance-management-startups,,,,
Startups & Innovation,startups-innovation,24,"HR, Talent & Future of Work Startups",hr-talent-future-of-work-startups,7,Continuous Feedback Startups,continuous-feedback-startups,,,,
Startups & Innovation,startups-innovation,24,"HR, Talent & Future of Work Startups",hr-talent-future-of-work-startups,8,360 Review Startups,360-review-startups,,,,
Startups & Innovation,startups-innovation,24,"HR, Talent & Future of Work Startups",hr-talent-future-of-work-startups,9,Employee Recognition Startups,employee-recognition-startups,,,,
Startups & Innovation,startups-innovation,24,"HR, Talent & Future of Work Startups",hr-talent-future-of-work-startups,10,Engagement Survey Startups,engagement-survey-startups,,,,
Startups & Innovation,startups-innovation,24,"HR, Talent & Future of Work Startups",hr-talent-future-of-work-startups,11,Pulse Survey Startups,pulse-survey-startups,,,,
Startups & Innovation,startups-innovation,24,"HR, Talent & Future of Work Startups",hr-talent-future-of-work-startups,12,Employee Listening Startups,employee-listening-startups,,,,
Startups & Innovation,startups-innovation,24,"HR, Talent & Future of Work Startups",hr-talent-future-of-work-startups,13,DEI Tech Startups,dei-tech-startups,1,Workforce Innovation,DEI Tech,workforce-innovation-dei-tech
Startups & Innovation,startups-innovation,24,"HR, Talent & Future of Work Startups",hr-talent-future-of-work-startups,14,Inclusion Tech Startups,inclusion-tech-startups,,,,
Startups & Innovation,startups-innovation,24,"HR, Talent & Future of Work Startups",hr-talent-future-of-work-startups,15,Mental Wellness for Work Startups,mental-wellness-for-work-startups,,,,
Startups & Innovation,startups-innovation,24,"HR, Talent & Future of Work Startups",hr-talent-future-of-work-startups,16,EAP Tech Startups,eap-tech-startups,,,,
Startups & Innovation,startups-innovation,24,"HR, Talent & Future of Work Startups",hr-talent-future-of-work-startups,17,Financial Wellness Startups,financial-wellness-startups,,,,
Startups & Innovation,startups-innovation,24,"HR, Talent & Future of Work Startups",hr-talent-future-of-work-startups,18,Caregiver Benefits Startups,caregiver-benefits-startups,,,,
Startups & Innovation,startups-innovation,24,"HR, Talent & Future of Work Startups",hr-talent-future-of-work-startups,19,Fertility Benefits Startups,fertility-benefits-startups,,,,
Startups & Innovation,startups-innovation,24,"HR, Talent & Future of Work Startups",hr-talent-future-of-work-startups,20,Family Benefits Startups,family-benefits-startups,,,,
Startups & Innovation,startups-innovation,24,"HR, Talent & Future of Work Startups",hr-talent-future-of-work-startups,21,Benefits Administration Startups,benefits-administration-startups,,,,
Startups & Innovation,startups-innovation,24,"HR, Talent & Future of Work Startups",hr-talent-future-of-work-startups,22,Global Payroll Startups,global-payroll-startups,,,,
Startups & Innovation,startups-innovation,24,"HR, Talent & Future of Work Startups",hr-talent-future-of-work-startups,23,Contractor Payroll Startups,contractor-payroll-startups,,,,
Startups & Innovation,startups-innovation,24,"HR, Talent & Future of Work Startups",hr-talent-future-of-work-startups,24,EOR Startups,eor-startups,,,,
Startups & Innovation,startups-innovation,24,"HR, Talent & Future of Work Startups",hr-talent-future-of-work-startups,25,PEO Tech Startups,peo-tech-startups,,,,
Startups & Innovation,startups-innovation,24,"HR, Talent & Future of Work Startups",hr-talent-future-of-work-startups,26,Recruiting Tech Startups,recruiting-tech-startups,,,,
Startups & Innovation,startups-innovation,24,"HR, Talent & Future of Work Startups",hr-talent-future-of-work-startups,27,ATS Startups,ats-startups,,,,
Startups & Innovation,startups-innovation,24,"HR, Talent & Future of Work Startups",hr-talent-future-of-work-startups,28,Sourcing Tool Startups,sourcing-tool-startups,,,,
Startups & Innovation,startups-innovation,24,"HR, Talent & Future of Work Startups",hr-talent-future-of-work-startups,29,Diversity Sourcing Startups,diversity-sourcing-startups,,,,
Startups & Innovation,startups-innovation,24,"HR, Talent & Future of Work Startups",hr-talent-future-of-work-startups,30,Talent CRM Startups,talent-crm-startups,,,,
Startups & Innovation,startups-innovation,24,"HR, Talent & Future of Work Startups",hr-talent-future-of-work-startups,31,Skills Assessment Startups,skills-assessment-startups,,,,
Startups & Innovation,startups-innovation,24,"HR, Talent & Future of Work Startups",hr-talent-future-of-work-startups,32,Coding Test Startups,coding-test-startups,,,,
Startups & Innovation,startups-innovation,24,"HR, Talent & Future of Work Startups",hr-talent-future-of-work-startups,33,Video Interview Startups,video-interview-startups,,,,
Startups & Innovation,startups-innovation,24,"HR, Talent & Future of Work Startups",hr-talent-future-of-work-startups,34,Async Interview Startups,async-interview-startups,,,,
Startups & Innovation,startups-innovation,24,"HR, Talent & Future of Work Startups",hr-talent-future-of-work-startups,35,Reference Check Startups,reference-check-startups,,,,
Startups & Innovation,startups-innovation,24,"HR, Talent & Future of Work Startups",hr-talent-future-of-work-startups,36,Background Check Startups,background-check-startups,,,,
Startups & Innovation,startups-innovation,24,"HR, Talent & Future of Work Startups",hr-talent-future-of-work-startups,37,Onboarding Tech Startups,onboarding-tech-startups,,,,
Startups & Innovation,startups-innovation,24,"HR, Talent & Future of Work Startups",hr-talent-future-of-work-startups,38,Pre-Boarding Startups,pre-boarding-startups,,,,
Startups & Innovation,startups-innovation,24,"HR, Talent & Future of Work Startups",hr-talent-future-of-work-startups,39,Learning & Development Startups,learning-development-startups,,,,
Startups & Innovation,startups-innovation,24,"HR, Talent & Future of Work Startups",hr-talent-future-of-work-startups,40,Skills Mapping Startups,skills-mapping-startups,,,,
Startups & Innovation,startups-innovation,24,"HR, Talent & Future of Work Startups",hr-talent-future-of-work-startups,41,Career Pathing Startups,career-pathing-startups,,,,
Startups & Innovation,startups-innovation,24,"HR, Talent & Future of Work Startups",hr-talent-future-of-work-startups,42,Internal Mobility Startups,internal-mobility-startups,,,,
Startups & Innovation,startups-innovation,24,"HR, Talent & Future of Work Startups",hr-talent-future-of-work-startups,43,Talent Marketplace Startups,talent-marketplace-startups,1,Marketplace Startups,Talent Marketplace,marketplace-startups-talent-marketplace
Startups & Innovation,startups-innovation,24,"HR, Talent & Future of Work Startups",hr-talent-future-of-work-startups,44,Freelance Marketplace Startups,freelance-marketplace-startups,,,,
Startups & Innovation,startups-innovation,24,"HR, Talent & Future of Work Startups",hr-talent-future-of-work-startups,45,Niche Freelance Marketplace Startups,niche-freelance-marketplace-startups,,,,
Startups & Innovation,startups-innovation,24,"HR, Talent & Future of Work Startups",hr-talent-future-of-work-startups,46,Gig Worker Tech Startups,gig-worker-tech-startups,1,Workforce Innovation,Gig Economy Platforms,workforce-innovation-gig-economy-platforms
Startups & Innovation,startups-innovation,24,"HR, Talent & Future of Work Startups",hr-talent-future-of-work-startups,47,On-Demand Workforce Startups,on-demand-workforce-startups,,,,
Startups & Innovation,startups-innovation,24,"HR, Talent & Future of Work Startups",hr-talent-future-of-work-startups,48,Hourly Worker Tech Startups,hourly-worker-tech-startups,,,,
Startups & Innovation,startups-innovation,24,"HR, Talent & Future of Work Startups",hr-talent-future-of-work-startups,49,Frontline Worker App Startups,frontline-worker-app-startups,,,,
Startups & Innovation,startups-innovation,24,"HR, Talent & Future of Work Startups",hr-talent-future-of-work-startups,50,Shift Worker Comm Startups,shift-worker-comm-startups,,,,
Startups & Innovation,startups-innovation,24,"HR, Talent & Future of Work Startups",hr-talent-future-of-work-startups,51,Workforce Management Startups,workforce-management-startups,1,Workforce Innovation,Change Management,workforce-innovation-change-management
Startups & Innovation,startups-innovation,24,"HR, Talent & Future of Work Startups",hr-talent-future-of-work-startups,52,Time Tracking Tech Startups,time-tracking-tech-startups,,,,
Startups & Innovation,startups-innovation,24,"HR, Talent & Future of Work Startups",hr-talent-future-of-work-startups,53,Scheduling Tech Startups,scheduling-tech-startups,,,,
Startups & Innovation,startups-innovation,24,"HR, Talent & Future of Work Startups",hr-talent-future-of-work-startups,54,Tipping Tech Startups,tipping-tech-startups,,,,
Startups & Innovation,startups-innovation,24,"HR, Talent & Future of Work Startups",hr-talent-future-of-work-startups,55,Hospitality HR Tech,hospitality-hr-tech,,,,
Startups & Innovation,startups-innovation,25,LegalTech & Compliance Startups,legaltech-compliance-startups,1,Legal Practice Management Startups,legal-practice-management-startups,1,Legal Innovation Startups,Compliance Startup,legal-innovation-startups-compliance-startup
Startups & Innovation,startups-innovation,25,LegalTech & Compliance Startups,legaltech-compliance-startups,1,Legal Practice Management Startups,legal-practice-management-startups,2,Legal Innovation,RegTech,legal-innovation-regtech
Startups & Innovation,startups-innovation,25,LegalTech & Compliance Startups,legaltech-compliance-startups,1,Legal Practice Management Startups,legal-practice-management-startups,3,Legal Innovation,IP Management,legal-innovation-ip-management
Startups & Innovation,startups-innovation,25,LegalTech & Compliance Startups,legaltech-compliance-startups,1,Legal Practice Management Startups,legal-practice-management-startups,4,Legal Innovation,Dispute Resolution,legal-innovation-dispute-resolution
Startups & Innovation,startups-innovation,25,LegalTech & Compliance Startups,legaltech-compliance-startups,1,Legal Practice Management Startups,legal-practice-management-startups,5,Legal Innovation,Pro Bono Tech,legal-innovation-pro-bono-tech
Startups & Innovation,startups-innovation,25,LegalTech & Compliance Startups,legaltech-compliance-startups,2,Legal Billing Startups,legal-billing-startups,,,,
Startups & Innovation,startups-innovation,25,LegalTech & Compliance Startups,legaltech-compliance-startups,3,Legal Calendar Startups,legal-calendar-startups,,,,
Startups & Innovation,startups-innovation,25,LegalTech & Compliance Startups,legaltech-compliance-startups,4,Legal Workflow Startups,legal-workflow-startups,,,,
Startups & Innovation,startups-innovation,25,LegalTech & Compliance Startups,legaltech-compliance-startups,5,Legal Document Automation Startups,legal-document-automation-startups,1,Legal Innovation,Contract Automation,legal-innovation-contract-automation
Startups & Innovation,startups-innovation,25,LegalTech & Compliance Startups,legaltech-compliance-startups,5,Legal Document Automation Startups,legal-document-automation-startups,2,Legal Innovation,Compliance Automation,legal-innovation-compliance-automation
Startups & Innovation,startups-innovation,25,LegalTech & Compliance Startups,legaltech-compliance-startups,6,Contract Lifecycle Startups,contract-lifecycle-startups,,,,
Startups & Innovation,startups-innovation,25,LegalTech & Compliance Startups,legaltech-compliance-startups,7,Contract Review Startups,contract-review-startups,,,,
Startups & Innovation,startups-innovation,25,LegalTech & Compliance Startups,legaltech-compliance-startups,8,Contract Drafting Startups,contract-drafting-startups,,,,
Startups & Innovation,startups-innovation,25,LegalTech & Compliance Startups,legaltech-compliance-startups,9,NDA Tech Startups,nda-tech-startups,,,,
Startups & Innovation,startups-innovation,25,LegalTech & Compliance Startups,legaltech-compliance-startups,10,Online Notarization Startups,online-notarization-startups,,,,
Startups & Innovation,startups-innovation,25,LegalTech & Compliance Startups,legaltech-compliance-startups,11,Legal Research Startups,legal-research-startups,1,Legal Innovation,Legal Research AI,legal-innovation-legal-research-ai
Startups & Innovation,startups-innovation,25,LegalTech & Compliance Startups,legaltech-compliance-startups,12,Case Law Search Startups,case-law-search-startups,,,,
Startups & Innovation,startups-innovation,25,LegalTech & Compliance Startups,legaltech-compliance-startups,13,Legal Citation Startups,legal-citation-startups,,,,
Startups & Innovation,startups-innovation,25,LegalTech & Compliance Startups,legaltech-compliance-startups,14,eDiscovery Startups,ediscovery-startups,,,,
Startups & Innovation,startups-innovation,25,LegalTech & Compliance Startups,legaltech-compliance-startups,15,Legal Hold Startups,legal-hold-startups,,,,
Startups & Innovation,startups-innovation,25,LegalTech & Compliance Startups,legaltech-compliance-startups,16,Litigation Support Startups,litigation-support-startups,,,,
Startups & Innovation,startups-innovation,25,LegalTech & Compliance Startups,legaltech-compliance-startups,17,Court Filing Tech Startups,court-filing-tech-startups,1,Legal Innovation,Court Tech,legal-innovation-court-tech
Startups & Innovation,startups-innovation,25,LegalTech & Compliance Startups,legaltech-compliance-startups,18,Court Records Startups,court-records-startups,,,,
Startups & Innovation,startups-innovation,25,LegalTech & Compliance Startups,legaltech-compliance-startups,19,Legal Marketplace Startups,legal-marketplace-startups,1,Legal Innovation Startups,Legal Marketplace,legal-innovation-startups-legal-marketplace
Startups & Innovation,startups-innovation,25,LegalTech & Compliance Startups,legaltech-compliance-startups,19,Legal Marketplace Startups,legal-marketplace-startups,2,Legal Innovation,Legal Marketplace,legal-innovation-legal-marketplace
Startups & Innovation,startups-innovation,25,LegalTech & Compliance Startups,legaltech-compliance-startups,20,Lawyer Marketplace Startups,lawyer-marketplace-startups,,,,
Startups & Innovation,startups-innovation,25,LegalTech & Compliance Startups,legaltech-compliance-startups,21,DIY Legal Startups,diy-legal-startups,,,,
Startups & Innovation,startups-innovation,25,LegalTech & Compliance Startups,legaltech-compliance-startups,22,Will Maker Startups,will-maker-startups,,,,
Startups & Innovation,startups-innovation,25,LegalTech & Compliance Startups,legaltech-compliance-startups,23,Estate Planning Tech,estate-planning-tech,,,,
Startups & Innovation,startups-innovation,25,LegalTech & Compliance Startups,legaltech-compliance-startups,24,Trust Tech Startups,trust-tech-startups,,,,
Startups & Innovation,startups-innovation,25,LegalTech & Compliance Startups,legaltech-compliance-startups,25,Probate Tech Startups,probate-tech-startups,,,,
Startups & Innovation,startups-innovation,25,LegalTech & Compliance Startups,legaltech-compliance-startups,26,Family Law Tech,family-law-tech,,,,
Startups & Innovation,startups-innovation,25,LegalTech & Compliance Startups,legaltech-compliance-startups,27,Divorce Tech Startups,divorce-tech-startups,,,,
Startups & Innovation,startups-innovation,25,LegalTech & Compliance Startups,legaltech-compliance-startups,28,Mediation Tech Startups,mediation-tech-startups,,,,
Startups & Innovation,startups-innovation,25,LegalTech & Compliance Startups,legaltech-compliance-startups,29,Personal Injury Tech,personal-injury-tech,,,,
Startups & Innovation,startups-innovation,25,LegalTech & Compliance Startups,legaltech-compliance-startups,30,Immigration Tech Startups,immigration-tech-startups,,,,
Startups & Innovation,startups-innovation,25,LegalTech & Compliance Startups,legaltech-compliance-startups,31,Visa Application Tech,visa-application-tech,,,,
Startups & Innovation,startups-innovation,25,LegalTech & Compliance Startups,legaltech-compliance-startups,32,Asylum Tech Startups,asylum-tech-startups,,,,
Startups & Innovation,startups-innovation,25,LegalTech & Compliance Startups,legaltech-compliance-startups,33,Tenant Rights Tech,tenant-rights-tech,,,,
Startups & Innovation,startups-innovation,25,LegalTech & Compliance Startups,legaltech-compliance-startups,34,Small Claims Tech,small-claims-tech,,,,
Startups & Innovation,startups-innovation,25,LegalTech & Compliance Startups,legaltech-compliance-startups,35,Traffic Ticket Tech,traffic-ticket-tech,,,,
Startups & Innovation,startups-innovation,25,LegalTech & Compliance Startups,legaltech-compliance-startups,36,Expungement Tech Startups,expungement-tech-startups,,,,
Startups & Innovation,startups-innovation,25,LegalTech & Compliance Startups,legaltech-compliance-startups,37,Access to Justice Startups,access-to-justice-startups,1,Legal Innovation Startups,Access to Justice,legal-innovation-startups-access-to-justice
Startups & Innovation,startups-innovation,25,LegalTech & Compliance Startups,legaltech-compliance-startups,37,Access to Justice Startups,access-to-justice-startups,2,Legal Innovation,Access to Justice,legal-innovation-access-to-justice
Startups & Innovation,startups-innovation,25,LegalTech & Compliance Startups,legaltech-compliance-startups,38,RegTech Startups,regtech-startups,,,,
Startups & Innovation,startups-innovation,25,LegalTech & Compliance Startups,legaltech-compliance-startups,39,Compliance Automation Startups,compliance-automation-startups,,,,
Startups & Innovation,startups-innovation,25,LegalTech & Compliance Startups,legaltech-compliance-startups,40,Anti-Money Laundering Tech,anti-money-laundering-tech,,,,
Startups & Innovation,startups-innovation,25,LegalTech & Compliance Startups,legaltech-compliance-startups,41,Sanctions Screening Startups,sanctions-screening-startups,,,,
Startups & Innovation,startups-innovation,25,LegalTech & Compliance Startups,legaltech-compliance-startups,42,Regulatory Reporting Startups,regulatory-reporting-startups,,,,
Startups & Innovation,startups-innovation,25,LegalTech & Compliance Startups,legaltech-compliance-startups,43,Financial Compliance Startups,financial-compliance-startups,,,,
Startups & Innovation,startups-innovation,25,LegalTech & Compliance Startups,legaltech-compliance-startups,44,Healthcare Compliance Startups,healthcare-compliance-startups,,,,
Startups & Innovation,startups-innovation,25,LegalTech & Compliance Startups,legaltech-compliance-startups,45,Privacy Compliance Startups,privacy-compliance-startups,,,,
Startups & Innovation,startups-innovation,25,LegalTech & Compliance Startups,legaltech-compliance-startups,46,GDPR Tech Startups,gdpr-tech-startups,,,,
Startups & Innovation,startups-innovation,25,LegalTech & Compliance Startups,legaltech-compliance-startups,47,CCPA Tech Startups,ccpa-tech-startups,,,,
Startups & Innovation,startups-innovation,25,LegalTech & Compliance Startups,legaltech-compliance-startups,48,Data Subject Request Tech,data-subject-request-tech,,,,
Startups & Innovation,startups-innovation,25,LegalTech & Compliance Startups,legaltech-compliance-startups,49,ESG Compliance Tech,esg-compliance-tech,,,,
Startups & Innovation,startups-innovation,25,LegalTech & Compliance Startups,legaltech-compliance-startups,50,ESG Data Startups,esg-data-startups,,,,
Startups & Innovation,startups-innovation,25,LegalTech & Compliance Startups,legaltech-compliance-startups,51,Climate Disclosure Tech,climate-disclosure-tech,,,,
Startups & Innovation,startups-innovation,25,LegalTech & Compliance Startups,legaltech-compliance-startups,52,Tax Compliance Startups,tax-compliance-startups,,,,
Startups & Innovation,startups-innovation,25,LegalTech & Compliance Startups,legaltech-compliance-startups,53,Sales Tax Automation Startups,sales-tax-automation-startups,,,,
Startups & Innovation,startups-innovation,25,LegalTech & Compliance Startups,legaltech-compliance-startups,54,Indirect Tax Tech,indirect-tax-tech,,,,
Startups & Innovation,startups-innovation,26,Startups by Business Model,startups-by-business-model,1,B2B SaaS Companies,b2b-saas-companies,,,,
Startups & Innovation,startups-innovation,26,Startups by Business Model,startups-by-business-model,2,B2C SaaS Companies,b2c-saas-companies,,,,
Startups & Innovation,startups-innovation,26,Startups by Business Model,startups-by-business-model,3,B2B2C Companies,b2b2c-companies,,,,
Startups & Innovation,startups-innovation,26,Startups by Business Model,startups-by-business-model,4,Two-Sided Marketplace Companies,two-sided-marketplace-companies,,,,
Startups & Innovation,startups-innovation,26,Startups by Business Model,startups-by-business-model,5,Three-Sided Marketplace Companies,three-sided-marketplace-companies,,,,
Startups & Innovation,startups-innovation,26,Startups by Business Model,startups-by-business-model,6,Multi-Sided Platform Companies,multi-sided-platform-companies,1,Platform Businesses,Creator Platform,platform-businesses-creator-platform
Startups & Innovation,startups-innovation,26,Startups by Business Model,startups-by-business-model,6,Multi-Sided Platform Companies,multi-sided-platform-companies,2,Platform Businesses,Commerce Platform,platform-businesses-commerce-platform
Startups & Innovation,startups-innovation,26,Startups by Business Model,startups-by-business-model,6,Multi-Sided Platform Companies,multi-sided-platform-companies,3,Platform Businesses,Education Platform,platform-businesses-education-platform
Startups & Innovation,startups-innovation,26,Startups by Business Model,startups-by-business-model,6,Multi-Sided Platform Companies,multi-sided-platform-companies,4,Platform Businesses,Health Platform,platform-businesses-health-platform
Startups & Innovation,startups-innovation,26,Startups by Business Model,startups-by-business-model,6,Multi-Sided Platform Companies,multi-sided-platform-companies,5,Platform Businesses,Financial Platform,platform-businesses-financial-platform
Startups & Innovation,startups-innovation,26,Startups by Business Model,startups-by-business-model,6,Multi-Sided Platform Companies,multi-sided-platform-companies,6,Platform Businesses,IoT Platform,platform-businesses-iot-platform
Startups & Innovation,startups-innovation,26,Startups by Business Model,startups-by-business-model,6,Multi-Sided Platform Companies,multi-sided-platform-companies,7,Platform Businesses,AI Platform,platform-businesses-ai-platform
Startups & Innovation,startups-innovation,26,Startups by Business Model,startups-by-business-model,7,Vertical SaaS Companies,vertical-saas-companies,,,,
Startups & Innovation,startups-innovation,26,Startups by Business Model,startups-by-business-model,8,Horizontal SaaS Companies,horizontal-saas-companies,,,,
Startups & Innovation,startups-innovation,26,Startups by Business Model,startups-by-business-model,9,Open-Source Commercial Companies,open-source-commercial-companies,,,,
Startups & Innovation,startups-innovation,26,Startups by Business Model,startups-by-business-model,10,Open-Core Companies,open-core-companies,,,,
Startups & Innovation,startups-innovation,26,Startups by Business Model,startups-by-business-model,11,API-First Companies,api-first-companies,1,API Businesses,Payment API,api-businesses-payment-api
Startups & Innovation,startups-innovation,26,Startups by Business Model,startups-by-business-model,11,API-First Companies,api-first-companies,2,API Businesses,Communication API,api-businesses-communication-api
Startups & Innovation,startups-innovation,26,Startups by Business Model,startups-by-business-model,11,API-First Companies,api-first-companies,3,API Businesses,Identity API,api-businesses-identity-api
Startups & Innovation,startups-innovation,26,Startups by Business Model,startups-by-business-model,11,API-First Companies,api-first-companies,4,API Businesses,Data API,api-businesses-data-api
Startups & Innovation,startups-innovation,26,Startups by Business Model,startups-by-business-model,11,API-First Companies,api-first-companies,5,API Businesses,AI/ML API,api-businesses-ai-ml-api
Startups & Innovation,startups-innovation,26,Startups by Business Model,startups-by-business-model,11,API-First Companies,api-first-companies,6,API Businesses,Mapping API,api-businesses-mapping-api
Startups & Innovation,startups-innovation,26,Startups by Business Model,startups-by-business-model,11,API-First Companies,api-first-companies,7,API Businesses,Commerce API,api-businesses-commerce-api
Startups & Innovation,startups-innovation,26,Startups by Business Model,startups-by-business-model,11,API-First Companies,api-first-companies,8,API Businesses,Compliance API,api-businesses-compliance-api
Startups & Innovation,startups-innovation,26,Startups by Business Model,startups-by-business-model,11,API-First Companies,api-first-companies,9,API Businesses,Healthcare API,api-businesses-healthcare-api
Startups & Innovation,startups-innovation,26,Startups by Business Model,startups-by-business-model,11,API-First Companies,api-first-companies,10,API Businesses,Financial API,api-businesses-financial-api
Startups & Innovation,startups-innovation,26,Startups by Business Model,startups-by-business-model,12,API-as-a-Product Companies,api-as-a-product-companies,,,,
Startups & Innovation,startups-innovation,26,Startups by Business Model,startups-by-business-model,13,Developer-First Companies,developer-first-companies,,,,
Startups & Innovation,startups-innovation,26,Startups by Business Model,startups-by-business-model,14,Product-Led Growth Companies,product-led-growth-companies,,,,
Startups & Innovation,startups-innovation,26,Startups by Business Model,startups-by-business-model,15,Sales-Led Growth Companies,sales-led-growth-companies,1,Early Growth,Founder-Led Sales,early-growth-founder-led-sales
Startups & Innovation,startups-innovation,26,Startups by Business Model,startups-by-business-model,16,Community-Led Growth Companies,community-led-growth-companies,,,,
Startups & Innovation,startups-innovation,26,Startups by Business Model,startups-by-business-model,17,Bottom-Up Adoption Companies,bottom-up-adoption-companies,,,,
Startups & Innovation,startups-innovation,26,Startups by Business Model,startups-by-business-model,18,Top-Down Enterprise Sales Companies,top-down-enterprise-sales-companies,,,,
Startups & Innovation,startups-innovation,26,Startups by Business Model,startups-by-business-model,19,Freemium Model Companies,freemium-model-companies,,,,
Startups & Innovation,startups-innovation,26,Startups by Business Model,startups-by-business-model,20,Free-Trial Model Companies,free-trial-model-companies,,,,
Startups & Innovation,startups-innovation,26,Startups by Business Model,startups-by-business-model,21,Try-Before-You-Buy Companies,try-before-you-buy-companies,,,,
Startups & Innovation,startups-innovation,26,Startups by Business Model,startups-by-business-model,22,Subscription Box Companies,subscription-box-companies,,,,
Startups & Innovation,startups-innovation,26,Startups by Business Model,startups-by-business-model,23,Subscription Service Companies,subscription-service-companies,,,,
Startups & Innovation,startups-innovation,26,Startups by Business Model,startups-by-business-model,24,Membership Model Companies,membership-model-companies,,,,
Startups & Innovation,startups-innovation,26,Startups by Business Model,startups-by-business-model,25,Pay-Per-Use Companies,pay-per-use-companies,,,,
Startups & Innovation,startups-innovation,26,Startups by Business Model,startups-by-business-model,26,Usage-Based Pricing Companies,usage-based-pricing-companies,,,,
Startups & Innovation,startups-innovation,26,Startups by Business Model,startups-by-business-model,27,Outcome-Based Pricing Companies,outcome-based-pricing-companies,,,,
Startups & Innovation,startups-innovation,26,Startups by Business Model,startups-by-business-model,28,Direct-to-Consumer Brand Companies,direct-to-consumer-brand-companies,1,Direct-to-Consumer,D2C Fashion,direct-to-consumer-d2c-fashion
Startups & Innovation,startups-innovation,26,Startups by Business Model,startups-by-business-model,28,Direct-to-Consumer Brand Companies,direct-to-consumer-brand-companies,2,Direct-to-Consumer,D2C Beauty,direct-to-consumer-d2c-beauty
Startups & Innovation,startups-innovation,26,Startups by Business Model,startups-by-business-model,28,Direct-to-Consumer Brand Companies,direct-to-consumer-brand-companies,3,Direct-to-Consumer,D2C Food & Beverage,direct-to-consumer-d2c-food-beverage
Startups & Innovation,startups-innovation,26,Startups by Business Model,startups-by-business-model,28,Direct-to-Consumer Brand Companies,direct-to-consumer-brand-companies,4,Direct-to-Consumer,D2C Home,direct-to-consumer-d2c-home
Startups & Innovation,startups-innovation,26,Startups by Business Model,startups-by-business-model,28,Direct-to-Consumer Brand Companies,direct-to-consumer-brand-companies,5,Direct-to-Consumer,D2C Health,direct-to-consumer-d2c-health
Startups & Innovation,startups-innovation,26,Startups by Business Model,startups-by-business-model,28,Direct-to-Consumer Brand Companies,direct-to-consumer-brand-companies,6,Direct-to-Consumer,D2C Pet,direct-to-consumer-d2c-pet
Startups & Innovation,startups-innovation,26,Startups by Business Model,startups-by-business-model,28,Direct-to-Consumer Brand Companies,direct-to-consumer-brand-companies,7,Direct-to-Consumer,D2C Baby,direct-to-consumer-d2c-baby
Startups & Innovation,startups-innovation,26,Startups by Business Model,startups-by-business-model,28,Direct-to-Consumer Brand Companies,direct-to-consumer-brand-companies,8,Direct-to-Consumer,D2C Fitness,direct-to-consumer-d2c-fitness
Startups & Innovation,startups-innovation,26,Startups by Business Model,startups-by-business-model,28,Direct-to-Consumer Brand Companies,direct-to-consumer-brand-companies,9,Direct-to-Consumer,D2C Personal Care,direct-to-consumer-d2c-personal-care
Startups & Innovation,startups-innovation,26,Startups by Business Model,startups-by-business-model,28,Direct-to-Consumer Brand Companies,direct-to-consumer-brand-companies,10,Direct-to-Consumer,D2C Supplements,direct-to-consumer-d2c-supplements
Startups & Innovation,startups-innovation,26,Startups by Business Model,startups-by-business-model,29,Wholesale-First Companies,wholesale-first-companies,,,,
Startups & Innovation,startups-innovation,26,Startups by Business Model,startups-by-business-model,30,Marketplace + SaaS Companies,marketplace-saas-companies,,,,
Startups & Innovation,startups-innovation,26,Startups by Business Model,startups-by-business-model,31,Hardware + SaaS Companies,hardware-saas-companies,,,,
Startups & Innovation,startups-innovation,26,Startups by Business Model,startups-by-business-model,32,Hardware + Recurring Revenue Companies,hardware-recurring-revenue-companies,,,,
Startups & Innovation,startups-innovation,26,Startups by Business Model,startups-by-business-model,33,Hardware-as-a-Service Companies,hardware-as-a-service-companies,,,,
Startups & Innovation,startups-innovation,26,Startups by Business Model,startups-by-business-model,34,IoT-Enabled Service Companies,iot-enabled-service-companies,,,,
Startups & Innovation,startups-innovation,26,Startups by Business Model,startups-by-business-model,35,Productized Service Companies,productized-service-companies,,,,
Startups & Innovation,startups-innovation,26,Startups by Business Model,startups-by-business-model,36,Done-For-You Service Companies,done-for-you-service-companies,,,,
Startups & Innovation,startups-innovation,26,Startups by Business Model,startups-by-business-model,37,Done-With-You Service Companies,done-with-you-service-companies,,,,
Startups & Innovation,startups-innovation,26,Startups by Business Model,startups-by-business-model,38,Coaching Subscription Companies,coaching-subscription-companies,,,,
Startups & Innovation,startups-innovation,26,Startups by Business Model,startups-by-business-model,39,Cohort Course Companies,cohort-course-companies,,,,
Startups & Innovation,startups-innovation,26,Startups by Business Model,startups-by-business-model,40,Newsletter Business Companies,newsletter-business-companies,,,,
Startups & Innovation,startups-innovation,26,Startups by Business Model,startups-by-business-model,41,Premium Newsletter Companies,premium-newsletter-companies,,,,
Startups & Innovation,startups-innovation,26,Startups by Business Model,startups-by-business-model,42,Niche Media Companies,niche-media-companies,,,,
Startups & Innovation,startups-innovation,26,Startups by Business Model,startups-by-business-model,43,Podcast Network Companies,podcast-network-companies,,,,
Startups & Innovation,startups-innovation,26,Startups by Business Model,startups-by-business-model,44,YouTube-First Companies,youtube-first-companies,,,,
Startups & Innovation,startups-innovation,26,Startups by Business Model,startups-by-business-model,45,TikTok-First Companies,tiktok-first-companies,,,,
Startups & Innovation,startups-innovation,26,Startups by Business Model,startups-by-business-model,46,Mobile-First Companies,mobile-first-companies,,,,
Startups & Innovation,startups-innovation,26,Startups by Business Model,startups-by-business-model,47,Web-First Companies,web-first-companies,,,,
Startups & Innovation,startups-innovation,26,Startups by Business Model,startups-by-business-model,48,Browser Extension Companies,browser-extension-companies,,,,
Startups & Innovation,startups-innovation,26,Startups by Business Model,startups-by-business-model,49,Chrome Extension First Companies,chrome-extension-first-companies,,,,
Startups & Innovation,startups-innovation,26,Startups by Business Model,startups-by-business-model,50,Desktop App First Companies,desktop-app-first-companies,,,,
Startups & Innovation,startups-innovation,26,Startups by Business Model,startups-by-business-model,51,Wearable-First Companies,wearable-first-companies,,,,
Startups & Innovation,startups-innovation,26,Startups by Business Model,startups-by-business-model,52,Voice-First Companies,voice-first-companies,,,,
Startups & Innovation,startups-innovation,26,Startups by Business Model,startups-by-business-model,53,AR-First Companies,ar-first-companies,,,,
Startups & Innovation,startups-innovation,26,Startups by Business Model,startups-by-business-model,54,VR-First Companies,vr-first-companies,,,,
Startups & Innovation,startups-innovation,26,Startups by Business Model,startups-by-business-model,55,Spatial Computing Companies,spatial-computing-companies,,,,
Startups & Innovation,startups-innovation,26,Startups by Business Model,startups-by-business-model,56,Decentralized Companies,decentralized-companies,,,,
Startups & Innovation,startups-innovation,26,Startups by Business Model,startups-by-business-model,57,Tokenized Companies,tokenized-companies,,,,
Startups & Innovation,startups-innovation,26,Startups by Business Model,startups-by-business-model,58,Token-Gated Companies,token-gated-companies,,,,
Startups & Innovation,startups-innovation,26,Startups by Business Model,startups-by-business-model,59,Bootstrapped Companies,bootstrapped-companies,,,,
Startups & Innovation,startups-innovation,26,Startups by Business Model,startups-by-business-model,60,Profitable from Day One Companies,profitable-from-day-one-companies,,,,
Startups & Innovation,startups-innovation,26,Startups by Business Model,startups-by-business-model,61,Indie Hacker Companies,indie-hacker-companies,,,,
Startups & Innovation,startups-innovation,26,Startups by Business Model,startups-by-business-model,62,Solopreneur Companies,solopreneur-companies,,,,
Startups & Innovation,startups-innovation,26,Startups by Business Model,startups-by-business-model,63,Lifestyle Business Companies,lifestyle-business-companies,,,,
Startups & Innovation,startups-innovation,26,Startups by Business Model,startups-by-business-model,64,Calm Company Style,calm-company-style,,,,
Startups & Innovation,startups-innovation,26,Startups by Business Model,startups-by-business-model,65,Nonprofit Tech Companies,nonprofit-tech-companies,,,,
Startups & Innovation,startups-innovation,26,Startups by Business Model,startups-by-business-model,66,Social Enterprise Companies,social-enterprise-companies,1,B Corp & Social Enterprise,Social Enterprise,b-corp-social-enterprise-social-enterprise
Startups & Innovation,startups-innovation,26,Startups by Business Model,startups-by-business-model,66,Social Enterprise Companies,social-enterprise-companies,2,B Corp & Social Enterprise,B Corp,b-corp-social-enterprise-b-corp
Startups & Innovation,startups-innovation,26,Startups by Business Model,startups-by-business-model,66,Social Enterprise Companies,social-enterprise-companies,3,B Corp & Social Enterprise,Community Development,b-corp-social-enterprise-community-development
Startups & Innovation,startups-innovation,26,Startups by Business Model,startups-by-business-model,66,Social Enterprise Companies,social-enterprise-companies,4,B Corp & Social Enterprise,Micro-Finance,b-corp-social-enterprise-micro-finance
Startups & Innovation,startups-innovation,26,Startups by Business Model,startups-by-business-model,66,Social Enterprise Companies,social-enterprise-companies,5,B Corp & Social Enterprise,Social Innovation,b-corp-social-enterprise-social-innovation
Startups & Innovation,startups-innovation,26,Startups by Business Model,startups-by-business-model,66,Social Enterprise Companies,social-enterprise-companies,6,B Corp & Social Enterprise,Circular Economy Startup,b-corp-social-enterprise-circular-economy-startup
Startups & Innovation,startups-innovation,26,Startups by Business Model,startups-by-business-model,66,Social Enterprise Companies,social-enterprise-companies,7,B Corp & Social Enterprise,Fair Trade Platform,b-corp-social-enterprise-fair-trade-platform
Startups & Innovation,startups-innovation,26,Startups by Business Model,startups-by-business-model,66,Social Enterprise Companies,social-enterprise-companies,8,B Corp & Social Enterprise,Social Marketplace,b-corp-social-enterprise-social-marketplace
Startups & Innovation,startups-innovation,26,Startups by Business Model,startups-by-business-model,66,Social Enterprise Companies,social-enterprise-companies,9,B Corp & Social Enterprise,Donation Platform,b-corp-social-enterprise-donation-platform
Startups & Innovation,startups-innovation,26,Startups by Business Model,startups-by-business-model,67,Public Benefit Corporation Companies,public-benefit-corporation-companies,,,,
Startups & Innovation,startups-innovation,26,Startups by Business Model,startups-by-business-model,68,Worker-Owned Cooperative Companies,worker-owned-cooperative-companies,,,,
Startups & Innovation,startups-innovation,26,Startups by Business Model,startups-by-business-model,69,Steward-Owned Companies,steward-owned-companies,,,,
Startups & Innovation,startups-innovation,27,Startups by Funding Stage,startups-by-funding-stage,1,Pre-Idea Stage Companies,pre-idea-stage-companies,1,Idea Validation,Problem Validation,idea-validation-problem-validation
Startups & Innovation,startups-innovation,27,Startups by Funding Stage,startups-by-funding-stage,1,Pre-Idea Stage Companies,pre-idea-stage-companies,2,Idea Validation,Customer Discovery,idea-validation-customer-discovery
Startups & Innovation,startups-innovation,27,Startups by Funding Stage,startups-by-funding-stage,1,Pre-Idea Stage Companies,pre-idea-stage-companies,3,Idea Validation,Market Sizing,idea-validation-market-sizing
Startups & Innovation,startups-innovation,27,Startups by Funding Stage,startups-by-funding-stage,1,Pre-Idea Stage Companies,pre-idea-stage-companies,4,Idea Validation,Competitor Analysis,idea-validation-competitor-analysis
Startups & Innovation,startups-innovation,27,Startups by Funding Stage,startups-by-funding-stage,1,Pre-Idea Stage Companies,pre-idea-stage-companies,5,Idea Validation,Lean Canvas,idea-validation-lean-canvas
Startups & Innovation,startups-innovation,27,Startups by Funding Stage,startups-by-funding-stage,1,Pre-Idea Stage Companies,pre-idea-stage-companies,6,Idea Validation,Business Model Canvas,idea-validation-business-model-canvas
Startups & Innovation,startups-innovation,27,Startups by Funding Stage,startups-by-funding-stage,1,Pre-Idea Stage Companies,pre-idea-stage-companies,7,Idea Validation,MVP Planning,idea-validation-mvp-planning
Startups & Innovation,startups-innovation,27,Startups by Funding Stage,startups-by-funding-stage,1,Pre-Idea Stage Companies,pre-idea-stage-companies,8,Idea Validation,Landing Page Testing,idea-validation-landing-page-testing
Startups & Innovation,startups-innovation,27,Startups by Funding Stage,startups-by-funding-stage,1,Pre-Idea Stage Companies,pre-idea-stage-companies,9,Idea Validation,Survey & Interview,idea-validation-survey-interview
Startups & Innovation,startups-innovation,27,Startups by Funding Stage,startups-by-funding-stage,1,Pre-Idea Stage Companies,pre-idea-stage-companies,10,Idea Validation,Waitlist Building,idea-validation-waitlist-building
Startups & Innovation,startups-innovation,27,Startups by Funding Stage,startups-by-funding-stage,1,Pre-Idea Stage Companies,pre-idea-stage-companies,11,MVP Development,No-Code MVP,mvp-development-no-code-mvp
Startups & Innovation,startups-innovation,27,Startups by Funding Stage,startups-by-funding-stage,1,Pre-Idea Stage Companies,pre-idea-stage-companies,12,MVP Development,Low-Code MVP,mvp-development-low-code-mvp
Startups & Innovation,startups-innovation,27,Startups by Funding Stage,startups-by-funding-stage,1,Pre-Idea Stage Companies,pre-idea-stage-companies,13,MVP Development,Prototype Building,mvp-development-prototype-building
Startups & Innovation,startups-innovation,27,Startups by Funding Stage,startups-by-funding-stage,1,Pre-Idea Stage Companies,pre-idea-stage-companies,14,MVP Development,POC Development,mvp-development-poc-development
Startups & Innovation,startups-innovation,27,Startups by Funding Stage,startups-by-funding-stage,1,Pre-Idea Stage Companies,pre-idea-stage-companies,15,MVP Development,Beta Launch,mvp-development-beta-launch
Startups & Innovation,startups-innovation,27,Startups by Funding Stage,startups-by-funding-stage,1,Pre-Idea Stage Companies,pre-idea-stage-companies,16,MVP Development,Design Sprint,mvp-development-design-sprint
Startups & Innovation,startups-innovation,27,Startups by Funding Stage,startups-by-funding-stage,1,Pre-Idea Stage Companies,pre-idea-stage-companies,17,MVP Development,Rapid Prototyping,mvp-development-rapid-prototyping
Startups & Innovation,startups-innovation,27,Startups by Funding Stage,startups-by-funding-stage,1,Pre-Idea Stage Companies,pre-idea-stage-companies,18,MVP Development,Hackathon Projects,mvp-development-hackathon-projects
Startups & Innovation,startups-innovation,27,Startups by Funding Stage,startups-by-funding-stage,1,Pre-Idea Stage Companies,pre-idea-stage-companies,19,MVP Development,Technical Feasibility,mvp-development-technical-feasibility
Startups & Innovation,startups-innovation,27,Startups by Funding Stage,startups-by-funding-stage,1,Pre-Idea Stage Companies,pre-idea-stage-companies,20,MVP Development,Proof of Value,mvp-development-proof-of-value
Startups & Innovation,startups-innovation,27,Startups by Funding Stage,startups-by-funding-stage,2,Idea Stage Companies,idea-stage-companies,,,,
Startups & Innovation,startups-innovation,27,Startups by Funding Stage,startups-by-funding-stage,3,Validation Stage Companies,validation-stage-companies,,,,
Startups & Innovation,startups-innovation,27,Startups by Funding Stage,startups-by-funding-stage,4,Stealth Mode Companies,stealth-mode-companies,,,,
Startups & Innovation,startups-innovation,27,Startups by Funding Stage,startups-by-funding-stage,5,Coming Soon Companies,coming-soon-companies,,,,
Startups & Innovation,startups-innovation,27,Startups by Funding Stage,startups-by-funding-stage,6,Just Launched Companies,just-launched-companies,,,,
Startups & Innovation,startups-innovation,27,Startups by Funding Stage,startups-by-funding-stage,7,Beta Stage Companies,beta-stage-companies,1,Early Growth,Beta Programs,early-growth-beta-programs
Startups & Innovation,startups-innovation,27,Startups by Funding Stage,startups-by-funding-stage,8,Open Beta Companies,open-beta-companies,,,,
Startups & Innovation,startups-innovation,27,Startups by Funding Stage,startups-by-funding-stage,9,Closed Beta Companies,closed-beta-companies,,,,
Startups & Innovation,startups-innovation,27,Startups by Funding Stage,startups-by-funding-stage,10,Public Launch Companies,public-launch-companies,,,,
Startups & Innovation,startups-innovation,27,Startups by Funding Stage,startups-by-funding-stage,11,Pre-Seed Companies,pre-seed-companies,,,,
Startups & Innovation,startups-innovation,27,Startups by Funding Stage,startups-by-funding-stage,12,Friends and Family Round Companies,friends-and-family-round-companies,,,,
Startups & Innovation,startups-innovation,27,Startups by Funding Stage,startups-by-funding-stage,13,Angel Round Companies,angel-round-companies,,,,
Startups & Innovation,startups-innovation,27,Startups by Funding Stage,startups-by-funding-stage,14,Pre-Seed Round Companies,pre-seed-round-companies,,,,
Startups & Innovation,startups-innovation,27,Startups by Funding Stage,startups-by-funding-stage,15,Seed Round Companies,seed-round-companies,,,,
Startups & Innovation,startups-innovation,27,Startups by Funding Stage,startups-by-funding-stage,16,Seed Extension Round Companies,seed-extension-round-companies,,,,
Startups & Innovation,startups-innovation,27,Startups by Funding Stage,startups-by-funding-stage,17,Bridge Round Companies,bridge-round-companies,,,,
Startups & Innovation,startups-innovation,27,Startups by Funding Stage,startups-by-funding-stage,18,Pre-Series A Companies,pre-series-a-companies,,,,
Startups & Innovation,startups-innovation,27,Startups by Funding Stage,startups-by-funding-stage,19,Series A Round Companies,series-a-round-companies,,,,
Startups & Innovation,startups-innovation,27,Startups by Funding Stage,startups-by-funding-stage,20,Series B Round Companies,series-b-round-companies,,,,
Startups & Innovation,startups-innovation,27,Startups by Funding Stage,startups-by-funding-stage,21,Series C Round Companies,series-c-round-companies,,,,
Startups & Innovation,startups-innovation,27,Startups by Funding Stage,startups-by-funding-stage,22,Series D Round Companies,series-d-round-companies,,,,
Startups & Innovation,startups-innovation,27,Startups by Funding Stage,startups-by-funding-stage,23,Series E Round Companies,series-e-round-companies,,,,
Startups & Innovation,startups-innovation,27,Startups by Funding Stage,startups-by-funding-stage,24,Series F Round Companies,series-f-round-companies,,,,
Startups & Innovation,startups-innovation,27,Startups by Funding Stage,startups-by-funding-stage,25,Late-Stage Companies,late-stage-companies,,,,
Startups & Innovation,startups-innovation,27,Startups by Funding Stage,startups-by-funding-stage,26,Mega-Round Companies,mega-round-companies,,,,
Startups & Innovation,startups-innovation,27,Startups by Funding Stage,startups-by-funding-stage,27,Crossover Round Companies,crossover-round-companies,,,,
Startups & Innovation,startups-innovation,27,Startups by Funding Stage,startups-by-funding-stage,28,Pre-IPO Companies,pre-ipo-companies,,,,
Startups & Innovation,startups-innovation,27,Startups by Funding Stage,startups-by-funding-stage,29,Newly Public Companies,newly-public-companies,,,,
Startups & Innovation,startups-innovation,27,Startups by Funding Stage,startups-by-funding-stage,30,Post-IPO Companies,post-ipo-companies,,,,
Startups & Innovation,startups-innovation,27,Startups by Funding Stage,startups-by-funding-stage,31,Direct Listing Companies,direct-listing-companies,,,,
Startups & Innovation,startups-innovation,27,Startups by Funding Stage,startups-by-funding-stage,32,SPAC Merger Companies,spac-merger-companies,,,,
Startups & Innovation,startups-innovation,27,Startups by Funding Stage,startups-by-funding-stage,33,Recently Acquired Companies,recently-acquired-companies,,,,
Startups & Innovation,startups-innovation,27,Startups by Funding Stage,startups-by-funding-stage,34,Recently Exited Companies,recently-exited-companies,,,,
Startups & Innovation,startups-innovation,27,Startups by Funding Stage,startups-by-funding-stage,35,Acqui-Hired Companies,acqui-hired-companies,,,,
Startups & Innovation,startups-innovation,27,Startups by Funding Stage,startups-by-funding-stage,36,Spinoff Companies,spinoff-companies,,,,
Startups & Innovation,startups-innovation,27,Startups by Funding Stage,startups-by-funding-stage,37,Carve-Out Companies,carve-out-companies,,,,
Startups & Innovation,startups-innovation,27,Startups by Funding Stage,startups-by-funding-stage,38,Equity Crowdfunded Companies,equity-crowdfunded-companies,,,,
Startups & Innovation,startups-innovation,27,Startups by Funding Stage,startups-by-funding-stage,39,Reg CF Companies,reg-cf-companies,,,,
Startups & Innovation,startups-innovation,27,Startups by Funding Stage,startups-by-funding-stage,40,Reg A+ Companies,reg-a-companies,,,,
Startups & Innovation,startups-innovation,27,Startups by Funding Stage,startups-by-funding-stage,41,Reg D Companies,reg-d-companies,,,,
Startups & Innovation,startups-innovation,27,Startups by Funding Stage,startups-by-funding-stage,42,Token-Funded Companies,token-funded-companies,,,,
Startups & Innovation,startups-innovation,27,Startups by Funding Stage,startups-by-funding-stage,43,ICO-Funded Companies,ico-funded-companies,,,,
Startups & Innovation,startups-innovation,27,Startups by Funding Stage,startups-by-funding-stage,44,Grant-Funded Companies,grant-funded-companies,,,,
Startups & Innovation,startups-innovation,27,Startups by Funding Stage,startups-by-funding-stage,45,SBIR-Funded Companies,sbir-funded-companies,,,,
Startups & Innovation,startups-innovation,27,Startups by Funding Stage,startups-by-funding-stage,46,STTR-Funded Companies,sttr-funded-companies,,,,
Startups & Innovation,startups-innovation,27,Startups by Funding Stage,startups-by-funding-stage,47,Government-Funded Companies,government-funded-companies,,,,
Startups & Innovation,startups-innovation,27,Startups by Funding Stage,startups-by-funding-stage,48,Bootstrapped Profitable Companies,bootstrapped-profitable-companies,1,Self-Funded,Bootstrap SaaS,self-funded-bootstrap-saas
Startups & Innovation,startups-innovation,27,Startups by Funding Stage,startups-by-funding-stage,48,Bootstrapped Profitable Companies,bootstrapped-profitable-companies,2,Self-Funded,Indie Hackers,self-funded-indie-hackers
Startups & Innovation,startups-innovation,27,Startups by Funding Stage,startups-by-funding-stage,48,Bootstrapped Profitable Companies,bootstrapped-profitable-companies,3,Self-Funded,Solo Founders,self-funded-solo-founders
Startups & Innovation,startups-innovation,27,Startups by Funding Stage,startups-by-funding-stage,48,Bootstrapped Profitable Companies,bootstrapped-profitable-companies,4,Self-Funded,Lifestyle Businesses,self-funded-lifestyle-businesses
Startups & Innovation,startups-innovation,27,Startups by Funding Stage,startups-by-funding-stage,48,Bootstrapped Profitable Companies,bootstrapped-profitable-companies,5,Self-Funded,Profitable Startups,self-funded-profitable-startups
Startups & Innovation,startups-innovation,27,Startups by Funding Stage,startups-by-funding-stage,48,Bootstrapped Profitable Companies,bootstrapped-profitable-companies,6,Self-Funded,Micro-SaaS,self-funded-micro-saas
Startups & Innovation,startups-innovation,27,Startups by Funding Stage,startups-by-funding-stage,48,Bootstrapped Profitable Companies,bootstrapped-profitable-companies,7,Self-Funded,Side Projects,self-funded-side-projects
Startups & Innovation,startups-innovation,27,Startups by Funding Stage,startups-by-funding-stage,48,Bootstrapped Profitable Companies,bootstrapped-profitable-companies,8,Self-Funded,Creator Businesses,self-funded-creator-businesses
Startups & Innovation,startups-innovation,27,Startups by Funding Stage,startups-by-funding-stage,48,Bootstrapped Profitable Companies,bootstrapped-profitable-companies,9,Self-Funded,Agency-to-SaaS,self-funded-agency-to-saas
Startups & Innovation,startups-innovation,27,Startups by Funding Stage,startups-by-funding-stage,48,Bootstrapped Profitable Companies,bootstrapped-profitable-companies,10,Self-Funded,Services-to-Product,self-funded-services-to-product
Startups & Innovation,startups-innovation,27,Startups by Funding Stage,startups-by-funding-stage,49,Revenue-Stage Companies,revenue-stage-companies,,,,
Startups & Innovation,startups-innovation,27,Startups by Funding Stage,startups-by-funding-stage,50,Pre-Revenue Companies,pre-revenue-companies,,,,
Startups & Innovation,startups-innovation,27,Startups by Funding Stage,startups-by-funding-stage,51,First Customer Stage Companies,first-customer-stage-companies,1,Early Growth,First 100 Customers,early-growth-first-100-customers
Startups & Innovation,startups-innovation,27,Startups by Funding Stage,startups-by-funding-stage,52,Product-Market Fit Stage Companies,product-market-fit-stage-companies,1,Early Growth,Product-Market Fit,early-growth-product-market-fit
Startups & Innovation,startups-innovation,27,Startups by Funding Stage,startups-by-funding-stage,53,Scale-Up Stage Companies,scale-up-stage-companies,1,Scale Up,Growth Marketing,scale-up-growth-marketing
Startups & Innovation,startups-innovation,27,Startups by Funding Stage,startups-by-funding-stage,53,Scale-Up Stage Companies,scale-up-stage-companies,2,Scale Up,Enterprise Sales,scale-up-enterprise-sales
Startups & Innovation,startups-innovation,27,Startups by Funding Stage,startups-by-funding-stage,53,Scale-Up Stage Companies,scale-up-stage-companies,3,Scale Up,International Expansion,scale-up-international-expansion
Startups & Innovation,startups-innovation,27,Startups by Funding Stage,startups-by-funding-stage,53,Scale-Up Stage Companies,scale-up-stage-companies,4,Scale Up,Team Scaling,scale-up-team-scaling
Startups & Innovation,startups-innovation,27,Startups by Funding Stage,startups-by-funding-stage,53,Scale-Up Stage Companies,scale-up-stage-companies,5,Scale Up,Process Automation,scale-up-process-automation
Startups & Innovation,startups-innovation,27,Startups by Funding Stage,startups-by-funding-stage,53,Scale-Up Stage Companies,scale-up-stage-companies,6,Scale Up,Series A Companies,scale-up-series-a-companies
Startups & Innovation,startups-innovation,27,Startups by Funding Stage,startups-by-funding-stage,53,Scale-Up Stage Companies,scale-up-stage-companies,7,Scale Up,Series B Companies,scale-up-series-b-companies
Startups & Innovation,startups-innovation,27,Startups by Funding Stage,startups-by-funding-stage,53,Scale-Up Stage Companies,scale-up-stage-companies,8,Scale Up,Series C+ Companies,scale-up-series-c-companies
Startups & Innovation,startups-innovation,27,Startups by Funding Stage,startups-by-funding-stage,53,Scale-Up Stage Companies,scale-up-stage-companies,9,Scale Up,Pre-IPO,scale-up-pre-ipo
Startups & Innovation,startups-innovation,27,Startups by Funding Stage,startups-by-funding-stage,53,Scale-Up Stage Companies,scale-up-stage-companies,10,Scale Up,Unicorn Startups,scale-up-unicorn-startups
Startups & Innovation,startups-innovation,27,Startups by Funding Stage,startups-by-funding-stage,54,Hyper-Growth Companies,hyper-growth-companies,1,Early Growth,Pricing Experiments,early-growth-pricing-experiments
Startups & Innovation,startups-innovation,27,Startups by Funding Stage,startups-by-funding-stage,54,Hyper-Growth Companies,hyper-growth-companies,2,Early Growth,Channel Discovery,early-growth-channel-discovery
Startups & Innovation,startups-innovation,27,Startups by Funding Stage,startups-by-funding-stage,54,Hyper-Growth Companies,hyper-growth-companies,3,Early Growth,Content-Led Growth,early-growth-content-led-growth
Startups & Innovation,startups-innovation,27,Startups by Funding Stage,startups-by-funding-stage,54,Hyper-Growth Companies,hyper-growth-companies,4,Early Growth,Community Building,early-growth-community-building
Startups & Innovation,startups-innovation,27,Startups by Funding Stage,startups-by-funding-stage,54,Hyper-Growth Companies,hyper-growth-companies,5,Early Growth,Partnership Development,early-growth-partnership-development
Startups & Innovation,startups-innovation,27,Startups by Funding Stage,startups-by-funding-stage,54,Hyper-Growth Companies,hyper-growth-companies,6,Early Growth,Freemium Strategy,early-growth-freemium-strategy
Startups & Innovation,startups-innovation,27,Startups by Funding Stage,startups-by-funding-stage,55,Unicorn Companies,unicorn-companies,,,,
Startups & Innovation,startups-innovation,27,Startups by Funding Stage,startups-by-funding-stage,56,Decacorn Companies,decacorn-companies,,,,
Startups & Innovation,startups-innovation,27,Startups by Funding Stage,startups-by-funding-stage,57,Centaur Companies,centaur-companies,,,,
Startups & Innovation,startups-innovation,27,Startups by Funding Stage,startups-by-funding-stage,58,Soonicorn Companies,soonicorn-companies,,,,
Startups & Innovation,startups-innovation,27,Startups by Funding Stage,startups-by-funding-stage,59,Zombiecorn Companies,zombiecorn-companies,,,,
Startups & Innovation,startups-innovation,27,Startups by Funding Stage,startups-by-funding-stage,60,Down Round Companies,down-round-companies,,,,
Startups & Innovation,startups-innovation,27,Startups by Funding Stage,startups-by-funding-stage,61,Recapitalized Companies,recapitalized-companies,,,,
Startups & Innovation,startups-innovation,27,Startups by Funding Stage,startups-by-funding-stage,62,Restructured Companies,restructured-companies,,,,
Startups & Innovation,startups-innovation,28,Startups by Founder Type,startups-by-founder-type,1,Solo Founder Companies,solo-founder-companies,,,,
Startups & Innovation,startups-innovation,28,Startups by Founder Type,startups-by-founder-type,2,Co-Founder Pair Companies,co-founder-pair-companies,,,,
Startups & Innovation,startups-innovation,28,Startups by Founder Type,startups-by-founder-type,3,Trio Founder Companies,trio-founder-companies,,,,
Startups & Innovation,startups-innovation,28,Startups by Founder Type,startups-by-founder-type,4,First-Time Founder Companies,first-time-founder-companies,,,,
Startups & Innovation,startups-innovation,28,Startups by Founder Type,startups-by-founder-type,5,Second-Time Founder Companies,second-time-founder-companies,,,,
Startups & Innovation,startups-innovation,28,Startups by Founder Type,startups-by-founder-type,6,Serial Entrepreneur Companies,serial-entrepreneur-companies,,,,
Startups & Innovation,startups-innovation,28,Startups by Founder Type,startups-by-founder-type,7,Repeat Founder Companies,repeat-founder-companies,,,,
Startups & Innovation,startups-innovation,28,Startups by Founder Type,startups-by-founder-type,8,Student Founder Companies,student-founder-companies,,,,
Startups & Innovation,startups-innovation,28,Startups by Founder Type,startups-by-founder-type,9,Dropout Founder Companies,dropout-founder-companies,,,,
Startups & Innovation,startups-innovation,28,Startups by Founder Type,startups-by-founder-type,10,PhD Founder Companies,phd-founder-companies,,,,
Startups & Innovation,startups-innovation,28,Startups by Founder Type,startups-by-founder-type,11,Researcher Founder Companies,researcher-founder-companies,,,,
Startups & Innovation,startups-innovation,28,Startups by Founder Type,startups-by-founder-type,12,Lab Spinout Companies,lab-spinout-companies,,,,
Startups & Innovation,startups-innovation,28,Startups by Founder Type,startups-by-founder-type,13,University Spinout Companies,university-spinout-companies,,,,
Startups & Innovation,startups-innovation,28,Startups by Founder Type,startups-by-founder-type,14,Female Founder Companies,female-founder-companies,,,,
Startups & Innovation,startups-innovation,28,Startups by Founder Type,startups-by-founder-type,15,All-Female Founding Team Companies,all-female-founding-team-companies,,,,
Startups & Innovation,startups-innovation,28,Startups by Founder Type,startups-by-founder-type,16,Female-Led Companies,female-led-companies,,,,
Startups & Innovation,startups-innovation,28,Startups by Founder Type,startups-by-founder-type,17,Female CEO Companies,female-ceo-companies,,,,
Startups & Innovation,startups-innovation,28,Startups by Founder Type,startups-by-founder-type,18,Mother Founder Companies,mother-founder-companies,,,,
Startups & Innovation,startups-innovation,28,Startups by Founder Type,startups-by-founder-type,19,Husband-Wife Founder Companies,husband-wife-founder-companies,,,,
Startups & Innovation,startups-innovation,28,Startups by Founder Type,startups-by-founder-type,20,Sibling Founder Companies,sibling-founder-companies,,,,
Startups & Innovation,startups-innovation,28,Startups by Founder Type,startups-by-founder-type,21,Friend Founder Companies,friend-founder-companies,,,,
Startups & Innovation,startups-innovation,28,Startups by Founder Type,startups-by-founder-type,22,Twin Founder Companies,twin-founder-companies,,,,
Startups & Innovation,startups-innovation,28,Startups by Founder Type,startups-by-founder-type,23,Father-Daughter Founder Companies,father-daughter-founder-companies,,,,
Startups & Innovation,startups-innovation,28,Startups by Founder Type,startups-by-founder-type,24,Father-Son Founder Companies,father-son-founder-companies,,,,
Startups & Innovation,startups-innovation,28,Startups by Founder Type,startups-by-founder-type,25,Mother-Daughter Founder Companies,mother-daughter-founder-companies,,,,
Startups & Innovation,startups-innovation,28,Startups by Founder Type,startups-by-founder-type,26,Black Founder Companies,black-founder-companies,,,,
Startups & Innovation,startups-innovation,28,Startups by Founder Type,startups-by-founder-type,27,Latinx Founder Companies,latinx-founder-companies,,,,
Startups & Innovation,startups-innovation,28,Startups by Founder Type,startups-by-founder-type,28,Asian Founder Companies,asian-founder-companies,,,,
Startups & Innovation,startups-innovation,28,Startups by Founder Type,startups-by-founder-type,29,Indigenous Founder Companies,indigenous-founder-companies,,,,
Startups & Innovation,startups-innovation,28,Startups by Founder Type,startups-by-founder-type,30,BIPOC Founder Companies,bipoc-founder-companies,,,,
Startups & Innovation,startups-innovation,28,Startups by Founder Type,startups-by-founder-type,31,LGBTQ+ Founder Companies,lgbtq-founder-companies,,,,
Startups & Innovation,startups-innovation,28,Startups by Founder Type,startups-by-founder-type,32,Veteran Founder Companies,veteran-founder-companies,,,,
Startups & Innovation,startups-innovation,28,Startups by Founder Type,startups-by-founder-type,33,Disabled Founder Companies,disabled-founder-companies,,,,
Startups & Innovation,startups-innovation,28,Startups by Founder Type,startups-by-founder-type,34,Immigrant Founder Companies,immigrant-founder-companies,,,,
Startups & Innovation,startups-innovation,28,Startups by Founder Type,startups-by-founder-type,35,First-Generation Founder Companies,first-generation-founder-companies,,,,
Startups & Innovation,startups-innovation,28,Startups by Founder Type,startups-by-founder-type,36,Refugee Founder Companies,refugee-founder-companies,,,,
Startups & Innovation,startups-innovation,28,Startups by Founder Type,startups-by-founder-type,37,Senior Founder Companies,senior-founder-companies,,,,
Startups & Innovation,startups-innovation,28,Startups by Founder Type,startups-by-founder-type,38,Founders Over 50 Companies,founders-over-50-companies,,,,
Startups & Innovation,startups-innovation,28,Startups by Founder Type,startups-by-founder-type,39,Teen Founder Companies,teen-founder-companies,,,,
Startups & Innovation,startups-innovation,28,Startups by Founder Type,startups-by-founder-type,40,Under-25 Founder Companies,under-25-founder-companies,,,,
Startups & Innovation,startups-innovation,28,Startups by Founder Type,startups-by-founder-type,41,Hacker Founder Companies,hacker-founder-companies,,,,
Startups & Innovation,startups-innovation,28,Startups by Founder Type,startups-by-founder-type,42,Designer Founder Companies,designer-founder-companies,,,,
Startups & Innovation,startups-innovation,28,Startups by Founder Type,startups-by-founder-type,43,Marketer Founder Companies,marketer-founder-companies,,,,
Startups & Innovation,startups-innovation,28,Startups by Founder Type,startups-by-founder-type,44,Sales-Founder Companies,sales-founder-companies,,,,
Startups & Innovation,startups-innovation,28,Startups by Founder Type,startups-by-founder-type,45,Engineer Founder Companies,engineer-founder-companies,,,,
Startups & Innovation,startups-innovation,28,Startups by Founder Type,startups-by-founder-type,46,Domain Expert Founder Companies,domain-expert-founder-companies,,,,
Startups & Innovation,startups-innovation,28,Startups by Founder Type,startups-by-founder-type,47,Operator Founder Companies,operator-founder-companies,,,,
Startups & Innovation,startups-innovation,28,Startups by Founder Type,startups-by-founder-type,48,Investor-Turned-Founder Companies,investor-turned-founder-companies,,,,
Startups & Innovation,startups-innovation,28,Startups by Founder Type,startups-by-founder-type,49,Creator-Founded Companies,creator-founded-companies,,,,
Startups & Innovation,startups-innovation,28,Startups by Founder Type,startups-by-founder-type,50,Athlete-Founded Companies,athlete-founded-companies,,,,
Startups & Innovation,startups-innovation,28,Startups by Founder Type,startups-by-founder-type,51,Celebrity-Founded Companies,celebrity-founded-companies,,,,
Startups & Innovation,startups-innovation,28,Startups by Founder Type,startups-by-founder-type,52,Influencer-Founded Companies,influencer-founded-companies,,,,
Startups & Innovation,startups-innovation,28,Startups by Founder Type,startups-by-founder-type,53,Stealth Founder Companies,stealth-founder-companies,,,,
Startups & Innovation,startups-innovation,28,Startups by Founder Type,startups-by-founder-type,54,Anonymous Founder Companies,anonymous-founder-companies,,,,
Startups & Innovation,startups-innovation,29,Startups by Team Style & Culture,startups-by-team-style-culture,1,Remote-First Companies,remote-first-companies,,,,
Startups & Innovation,startups-innovation,29,Startups by Team Style & Culture,startups-by-team-style-culture,2,Fully Distributed Companies,fully-distributed-companies,,,,
Startups & Innovation,startups-innovation,29,Startups by Team Style & Culture,startups-by-team-style-culture,3,Async-First Companies,async-first-companies,,,,
Startups & Innovation,startups-innovation,29,Startups by Team Style & Culture,startups-by-team-style-culture,4,Hybrid Work Companies,hybrid-work-companies,,,,
Startups & Innovation,startups-innovation,29,Startups by Team Style & Culture,startups-by-team-style-culture,5,Office-First Companies,office-first-companies,,,,
Startups & Innovation,startups-innovation,29,Startups by Team Style & Culture,startups-by-team-style-culture,6,Co-Located Companies,co-located-companies,,,,
Startups & Innovation,startups-innovation,29,Startups by Team Style & Culture,startups-by-team-style-culture,7,Four-Day Workweek Companies,four-day-workweek-companies,,,,
Startups & Innovation,startups-innovation,29,Startups by Team Style & Culture,startups-by-team-style-culture,8,Results-Only Work Environment Companies,results-only-work-environment-companies,,,,
Startups & Innovation,startups-innovation,29,Startups by Team Style & Culture,startups-by-team-style-culture,9,No-Meeting Companies,no-meeting-companies,,,,
Startups & Innovation,startups-innovation,29,Startups by Team Style & Culture,startups-by-team-style-culture,10,Open Salary Companies,open-salary-companies,,,,
Startups & Innovation,startups-innovation,29,Startups by Team Style & Culture,startups-by-team-style-culture,11,Pay Transparency Companies,pay-transparency-companies,,,,
Startups & Innovation,startups-innovation,29,Startups by Team Style & Culture,startups-by-team-style-culture,12,Equity-for-All Companies,equity-for-all-companies,,,,
Startups & Innovation,startups-innovation,29,Startups by Team Style & Culture,startups-by-team-style-culture,13,Profit-Share Companies,profit-share-companies,,,,
Startups & Innovation,startups-innovation,29,Startups by Team Style & Culture,startups-by-team-style-culture,14,Holacracy Companies,holacracy-companies,,,,
Startups & Innovation,startups-innovation,29,Startups by Team Style & Culture,startups-by-team-style-culture,15,Flat Hierarchy Companies,flat-hierarchy-companies,,,,
Startups & Innovation,startups-innovation,29,Startups by Team Style & Culture,startups-by-team-style-culture,16,Self-Managing Companies,self-managing-companies,,,,
Startups & Innovation,startups-innovation,29,Startups by Team Style & Culture,startups-by-team-style-culture,17,ROWE Companies,rowe-companies,,,,
Startups & Innovation,startups-innovation,29,Startups by Team Style & Culture,startups-by-team-style-culture,18,Calm Companies,calm-companies,,,,
Startups & Innovation,startups-innovation,29,Startups by Team Style & Culture,startups-by-team-style-culture,19,Slow Growth Companies,slow-growth-companies,,,,
Startups & Innovation,startups-innovation,29,Startups by Team Style & Culture,startups-by-team-style-culture,20,High-Growth Companies,high-growth-companies,,,,
Startups & Innovation,startups-innovation,29,Startups by Team Style & Culture,startups-by-team-style-culture,21,Build in Public Companies,build-in-public-companies,,,,
Startups & Innovation,startups-innovation,29,Startups by Team Style & Culture,startups-by-team-style-culture,22,Ship Daily Companies,ship-daily-companies,,,,
Startups & Innovation,startups-innovation,29,Startups by Team Style & Culture,startups-by-team-style-culture,23,Customer-Obsessed Companies,customer-obsessed-companies,,,,
Startups & Innovation,startups-innovation,29,Startups by Team Style & Culture,startups-by-team-style-culture,24,Founder-Led Sales Companies,founder-led-sales-companies,,,,
Startups & Innovation,startups-innovation,29,Startups by Team Style & Culture,startups-by-team-style-culture,25,Engineering-Driven Companies,engineering-driven-companies,,,,
Startups & Innovation,startups-innovation,29,Startups by Team Style & Culture,startups-by-team-style-culture,26,Design-Led Companies,design-led-companies,,,,
Startups & Innovation,startups-innovation,29,Startups by Team Style & Culture,startups-by-team-style-culture,27,Research-Driven Companies,research-driven-companies,,,,
Startups & Innovation,startups-innovation,29,Startups by Team Style & Culture,startups-by-team-style-culture,28,Sales-Driven Companies,sales-driven-companies,,,,
Startups & Innovation,startups-innovation,29,Startups by Team Style & Culture,startups-by-team-style-culture,29,Brand-Driven Companies,brand-driven-companies,,,,
Startups & Innovation,startups-innovation,29,Startups by Team Style & Culture,startups-by-team-style-culture,30,Mission-Driven Companies,mission-driven-companies,,,,
Startups & Innovation,startups-innovation,29,Startups by Team Style & Culture,startups-by-team-style-culture,31,Profit-with-Purpose Companies,profit-with-purpose-companies,,,,
Startups & Innovation,startups-innovation,29,Startups by Team Style & Culture,startups-by-team-style-culture,32,B Corp Certified Companies,b-corp-certified-companies,,,,
Startups & Innovation,startups-innovation,29,Startups by Team Style & Culture,startups-by-team-style-culture,33,1% for the Planet Companies,1-for-the-planet-companies,,,,
Startups & Innovation,startups-innovation,29,Startups by Team Style & Culture,startups-by-team-style-culture,34,Carbon-Neutral Companies,carbon-neutral-companies,,,,
Startups & Innovation,startups-innovation,29,Startups by Team Style & Culture,startups-by-team-style-culture,35,Net-Zero Companies,net-zero-companies,,,,
Startups & Innovation,startups-innovation,30,"Startup Programs, Accelerators & Incubators",startup-programs-accelerators-incubators,1,Y Combinator Companies,y-combinator-companies,,,,
Startups & Innovation,startups-innovation,30,"Startup Programs, Accelerators & Incubators",startup-programs-accelerators-incubators,2,Y Combinator Alumni Network,y-combinator-alumni-network,,,,
Startups & Innovation,startups-innovation,30,"Startup Programs, Accelerators & Incubators",startup-programs-accelerators-incubators,3,Techstars Companies,techstars-companies,,,,
Startups & Innovation,startups-innovation,30,"Startup Programs, Accelerators & Incubators",startup-programs-accelerators-incubators,4,500 Global Companies,500-global-companies,,,,
Startups & Innovation,startups-innovation,30,"Startup Programs, Accelerators & Incubators",startup-programs-accelerators-incubators,5,Antler Companies,antler-companies,,,,
Startups & Innovation,startups-innovation,30,"Startup Programs, Accelerators & Incubators",startup-programs-accelerators-incubators,6,Entrepreneur First Companies,entrepreneur-first-companies,,,,
Startups & Innovation,startups-innovation,30,"Startup Programs, Accelerators & Incubators",startup-programs-accelerators-incubators,7,On Deck Companies,on-deck-companies,,,,
Startups & Innovation,startups-innovation,30,"Startup Programs, Accelerators & Incubators",startup-programs-accelerators-incubators,8,Founder Institute Companies,founder-institute-companies,,,,
Startups & Innovation,startups-innovation,30,"Startup Programs, Accelerators & Incubators",startup-programs-accelerators-incubators,9,MassChallenge Companies,masschallenge-companies,,,,
Startups & Innovation,startups-innovation,30,"Startup Programs, Accelerators & Incubators",startup-programs-accelerators-incubators,10,Plug and Play Companies,plug-and-play-companies,,,,
Startups & Innovation,startups-innovation,30,"Startup Programs, Accelerators & Incubators",startup-programs-accelerators-incubators,11,Alchemist Accelerator Companies,alchemist-accelerator-companies,,,,
Startups & Innovation,startups-innovation,30,"Startup Programs, Accelerators & Incubators",startup-programs-accelerators-incubators,12,IndieBio Companies,indiebio-companies,,,,
Startups & Innovation,startups-innovation,30,"Startup Programs, Accelerators & Incubators",startup-programs-accelerators-incubators,13,HAX Hardware Accelerator Companies,hax-hardware-accelerator-companies,,,,
Startups & Innovation,startups-innovation,30,"Startup Programs, Accelerators & Incubators",startup-programs-accelerators-incubators,14,SOSV Companies,sosv-companies,,,,
Startups & Innovation,startups-innovation,30,"Startup Programs, Accelerators & Incubators",startup-programs-accelerators-incubators,15,Pioneer Companies,pioneer-companies,,,,
Startups & Innovation,startups-innovation,30,"Startup Programs, Accelerators & Incubators",startup-programs-accelerators-incubators,16,Buildspace Companies,buildspace-companies,,,,
Startups & Innovation,startups-innovation,30,"Startup Programs, Accelerators & Incubators",startup-programs-accelerators-incubators,17,Replit Bounties Companies,replit-bounties-companies,,,,
Startups & Innovation,startups-innovation,30,"Startup Programs, Accelerators & Incubators",startup-programs-accelerators-incubators,18,Microsoft for Startups Members,microsoft-for-startups-members,,,,
Startups & Innovation,startups-innovation,30,"Startup Programs, Accelerators & Incubators",startup-programs-accelerators-incubators,19,Google for Startups Members,google-for-startups-members,,,,
Startups & Innovation,startups-innovation,30,"Startup Programs, Accelerators & Incubators",startup-programs-accelerators-incubators,20,AWS Activate Members,aws-activate-members,,,,
Startups & Innovation,startups-innovation,30,"Startup Programs, Accelerators & Incubators",startup-programs-accelerators-incubators,21,Stripe Atlas Companies,stripe-atlas-companies,,,,
Startups & Innovation,startups-innovation,30,"Startup Programs, Accelerators & Incubators",startup-programs-accelerators-incubators,22,NVIDIA Inception Members,nvidia-inception-members,,,,
Startups & Innovation,startups-innovation,30,"Startup Programs, Accelerators & Incubators",startup-programs-accelerators-incubators,23,HubSpot for Startups Members,hubspot-for-startups-members,,,,
Startups & Innovation,startups-innovation,30,"Startup Programs, Accelerators & Incubators",startup-programs-accelerators-incubators,24,Notion for Startups Members,notion-for-startups-members,,,,
Startups & Innovation,startups-innovation,30,"Startup Programs, Accelerators & Incubators",startup-programs-accelerators-incubators,25,Figma for Startups Members,figma-for-startups-members,,,,
Startups & Innovation,startups-innovation,30,"Startup Programs, Accelerators & Incubators",startup-programs-accelerators-incubators,26,AngelPad Companies,angelpad-companies,,,,
Startups & Innovation,startups-innovation,30,"Startup Programs, Accelerators & Incubators",startup-programs-accelerators-incubators,27,Startupbootcamp Companies,startupbootcamp-companies,,,,
Startups & Innovation,startups-innovation,30,"Startup Programs, Accelerators & Incubators",startup-programs-accelerators-incubators,28,Seedcamp Companies,seedcamp-companies,,,,
Startups & Innovation,startups-innovation,30,"Startup Programs, Accelerators & Incubators",startup-programs-accelerators-incubators,29,Berkeley SkyDeck Companies,berkeley-skydeck-companies,,,,
Startups & Innovation,startups-innovation,30,"Startup Programs, Accelerators & Incubators",startup-programs-accelerators-incubators,30,Stanford StartX Companies,stanford-startx-companies,,,,
Startups & Innovation,startups-innovation,30,"Startup Programs, Accelerators & Incubators",startup-programs-accelerators-incubators,31,Harvard i-Lab Companies,harvard-i-lab-companies,,,,
Startups & Innovation,startups-innovation,30,"Startup Programs, Accelerators & Incubators",startup-programs-accelerators-incubators,32,MIT delta v Companies,mit-delta-v-companies,,,,
Startups & Innovation,startups-innovation,30,"Startup Programs, Accelerators & Incubators",startup-programs-accelerators-incubators,33,Princeton Tiger Ventures,princeton-tiger-ventures,,,,
Startups & Innovation,startups-innovation,30,"Startup Programs, Accelerators & Incubators",startup-programs-accelerators-incubators,34,Wharton VIP-X Companies,wharton-vip-x-companies,,,,
Startups & Innovation,startups-innovation,30,"Startup Programs, Accelerators & Incubators",startup-programs-accelerators-incubators,35,Imperial Enterprise Lab Companies,imperial-enterprise-lab-companies,,,,
Startups & Innovation,startups-innovation,30,"Startup Programs, Accelerators & Incubators",startup-programs-accelerators-incubators,36,Oxford Foundry Companies,oxford-foundry-companies,,,,
Startups & Innovation,startups-innovation,30,"Startup Programs, Accelerators & Incubators",startup-programs-accelerators-incubators,37,Cambridge Judge Accelerate Companies,cambridge-judge-accelerate-companies,,,,
Startups & Innovation,startups-innovation,30,"Startup Programs, Accelerators & Incubators",startup-programs-accelerators-incubators,38,INSEAD Venture Companies,insead-venture-companies,,,,
Startups & Innovation,startups-innovation,30,"Startup Programs, Accelerators & Incubators",startup-programs-accelerators-incubators,39,Pear VC Garage Companies,pear-vc-garage-companies,,,,
Startups & Innovation,startups-innovation,30,"Startup Programs, Accelerators & Incubators",startup-programs-accelerators-incubators,40,Soma Capital Fellows,soma-capital-fellows,,,,
Startups & Innovation,startups-innovation,30,"Startup Programs, Accelerators & Incubators",startup-programs-accelerators-incubators,41,Atomic Studio Companies,atomic-studio-companies,,,,
Startups & Innovation,startups-innovation,30,"Startup Programs, Accelerators & Incubators",startup-programs-accelerators-incubators,42,Atomic Labs Companies,atomic-labs-companies,,,,
Startups & Innovation,startups-innovation,30,"Startup Programs, Accelerators & Incubators",startup-programs-accelerators-incubators,43,Sutter Hill Studios,sutter-hill-studios,,,,
Startups & Innovation,startups-innovation,30,"Startup Programs, Accelerators & Incubators",startup-programs-accelerators-incubators,44,Idealab Companies,idealab-companies,,,,
Startups & Innovation,startups-innovation,30,"Startup Programs, Accelerators & Incubators",startup-programs-accelerators-incubators,45,Pioneer Square Labs Companies,pioneer-square-labs-companies,,,,
Startups & Innovation,startups-innovation,30,"Startup Programs, Accelerators & Incubators",startup-programs-accelerators-incubators,46,Betaworks Camp Companies,betaworks-camp-companies,,,,
Startups & Innovation,startups-innovation,30,"Startup Programs, Accelerators & Incubators",startup-programs-accelerators-incubators,47,R/GA Accelerator Companies,rga-accelerator-companies,,,,
Startups & Innovation,startups-innovation,30,"Startup Programs, Accelerators & Incubators",startup-programs-accelerators-incubators,48,Disney Accelerator Companies,disney-accelerator-companies,,,,
Startups & Innovation,startups-innovation,30,"Startup Programs, Accelerators & Incubators",startup-programs-accelerators-incubators,49,Comcast NBCUniversal LIFT Labs,comcast-nbcuniversal-lift-labs,,,,
Startups & Innovation,startups-innovation,30,"Startup Programs, Accelerators & Incubators",startup-programs-accelerators-incubators,50,Barclays Rise Companies,barclays-rise-companies,,,,
Startups & Innovation,startups-innovation,30,"Startup Programs, Accelerators & Incubators",startup-programs-accelerators-incubators,51,Mass Mutual Catalyst,mass-mutual-catalyst,,,,
Startups & Innovation,startups-innovation,30,"Startup Programs, Accelerators & Incubators",startup-programs-accelerators-incubators,53,Citi Innovation Labs,citi-innovation-labs,,,,
Startups & Innovation,startups-innovation,30,"Startup Programs, Accelerators & Incubators",startup-programs-accelerators-incubators,54,Visa Innovation Companies,visa-innovation-companies,,,,
Startups & Innovation,startups-innovation,30,"Startup Programs, Accelerators & Incubators",startup-programs-accelerators-incubators,55,Mastercard Start Path Companies,mastercard-start-path-companies,,,,
Startups & Innovation,startups-innovation,30,"Startup Programs, Accelerators & Incubators",startup-programs-accelerators-incubators,56,Salesforce Incubator Companies,salesforce-incubator-companies,,,,
Startups & Innovation,startups-innovation,30,"Startup Programs, Accelerators & Incubators",startup-programs-accelerators-incubators,57,Oracle for Startups Members,oracle-for-startups-members,,,,
Startups & Innovation,startups-innovation,30,"Startup Programs, Accelerators & Incubators",startup-programs-accelerators-incubators,58,SAP iO Foundries,sap-io-foundries,,,,
Startups & Innovation,startups-innovation,30,"Startup Programs, Accelerators & Incubators",startup-programs-accelerators-incubators,59,ProductHunt Maker Festival Winners,producthunt-maker-festival-winners,,,,
Startups & Innovation,startups-innovation,30,"Startup Programs, Accelerators & Incubators",startup-programs-accelerators-incubators,60,BetaList Featured Startups,betalist-featured-startups,,,,
Startups & Innovation,startups-innovation,30,"Startup Programs, Accelerators & Incubators",startup-programs-accelerators-incubators,61,Indie Hackers Featured Companies,indie-hackers-featured-companies,,,,
Startups & Innovation,startups-innovation,30,"Startup Programs, Accelerators & Incubators",startup-programs-accelerators-incubators,62,Hacker News Show HN Launches,hacker-news-show-hn-launches,,,,
Startups & Innovation,startups-innovation,31,"Venture Capital, Angels & Investors",venture-capital-angels-investors,1,Tier 1 VC Firms,tier-1-vc-firms,,,,
Startups & Innovation,startups-innovation,31,"Venture Capital, Angels & Investors",venture-capital-angels-investors,2,Generalist VC Firms,generalist-vc-firms,,,,
Startups & Innovation,startups-innovation,31,"Venture Capital, Angels & Investors",venture-capital-angels-investors,3,Pre-Seed VC Funds,pre-seed-vc-funds,,,,
Startups & Innovation,startups-innovation,31,"Venture Capital, Angels & Investors",venture-capital-angels-investors,4,Seed Stage VC Funds,seed-stage-vc-funds,,,,
Startups & Innovation,startups-innovation,31,"Venture Capital, Angels & Investors",venture-capital-angels-investors,5,Series A Lead VC Funds,series-a-lead-vc-funds,,,,
Startups & Innovation,startups-innovation,31,"Venture Capital, Angels & Investors",venture-capital-angels-investors,6,Growth Stage VC Funds,growth-stage-vc-funds,,,,
Startups & Innovation,startups-innovation,31,"Venture Capital, Angels & Investors",venture-capital-angels-investors,7,Late Stage VC Funds,late-stage-vc-funds,,,,
Startups & Innovation,startups-innovation,31,"Venture Capital, Angels & Investors",venture-capital-angels-investors,8,Crossover Hedge Funds,crossover-hedge-funds,,,,
Startups & Innovation,startups-innovation,31,"Venture Capital, Angels & Investors",venture-capital-angels-investors,9,Multi-Stage VC Funds,multi-stage-vc-funds,,,,
Startups & Innovation,startups-innovation,31,"Venture Capital, Angels & Investors",venture-capital-angels-investors,10,Micro VC Funds,micro-vc-funds,,,,
Startups & Innovation,startups-innovation,31,"Venture Capital, Angels & Investors",venture-capital-angels-investors,11,Solo GP Funds,solo-gp-funds,,,,
Startups & Innovation,startups-innovation,31,"Venture Capital, Angels & Investors",venture-capital-angels-investors,12,Rolling Funds,rolling-funds,,,,
Startups & Innovation,startups-innovation,31,"Venture Capital, Angels & Investors",venture-capital-angels-investors,13,Syndicate Lead Investors,syndicate-lead-investors,,,,
Startups & Innovation,startups-innovation,31,"Venture Capital, Angels & Investors",venture-capital-angels-investors,14,AngelList Syndicates,angellist-syndicates,,,,
Startups & Innovation,startups-innovation,31,"Venture Capital, Angels & Investors",venture-capital-angels-investors,15,SPV Aggregators,spv-aggregators,,,,
Startups & Innovation,startups-innovation,31,"Venture Capital, Angels & Investors",venture-capital-angels-investors,16,Family Office Investors,family-office-investors,,,,
Startups & Innovation,startups-innovation,31,"Venture Capital, Angels & Investors",venture-capital-angels-investors,17,Sovereign Wealth Funds,sovereign-wealth-funds,,,,
Startups & Innovation,startups-innovation,31,"Venture Capital, Angels & Investors",venture-capital-angels-investors,18,University Endowment VC Arms,university-endowment-vc-arms,,,,
Startups & Innovation,startups-innovation,31,"Venture Capital, Angels & Investors",venture-capital-angels-investors,19,Pension Fund Tech Investors,pension-fund-tech-investors,,,,
Startups & Innovation,startups-innovation,31,"Venture Capital, Angels & Investors",venture-capital-angels-investors,20,Corporate VC Arms,corporate-vc-arms,,,,
Startups & Innovation,startups-innovation,31,"Venture Capital, Angels & Investors",venture-capital-angels-investors,21,Strategic Investors,strategic-investors,,,,
Startups & Innovation,startups-innovation,31,"Venture Capital, Angels & Investors",venture-capital-angels-investors,22,Venture Studios,venture-studios,,,,
Startups & Innovation,startups-innovation,31,"Venture Capital, Angels & Investors",venture-capital-angels-investors,23,Startup Studios,startup-studios,,,,
Startups & Innovation,startups-innovation,31,"Venture Capital, Angels & Investors",venture-capital-angels-investors,24,Company Builders,company-builders,,,,
Startups & Innovation,startups-innovation,31,"Venture Capital, Angels & Investors",venture-capital-angels-investors,25,Founder Funds,founder-funds,,,,
Startups & Innovation,startups-innovation,31,"Venture Capital, Angels & Investors",venture-capital-angels-investors,26,Operator Angel Funds,operator-angel-funds,,,,
Startups & Innovation,startups-innovation,31,"Venture Capital, Angels & Investors",venture-capital-angels-investors,27,Scout Investor Networks,scout-investor-networks,,,,
Startups & Innovation,startups-innovation,31,"Venture Capital, Angels & Investors",venture-capital-angels-investors,28,Rolling Angel Funds,rolling-angel-funds,,,,
Startups & Innovation,startups-innovation,31,"Venture Capital, Angels & Investors",venture-capital-angels-investors,29,Climate VC Funds,climate-vc-funds,,,,
Startups & Innovation,startups-innovation,31,"Venture Capital, Angels & Investors",venture-capital-angels-investors,30,ClimateTech VC Funds,climatetech-vc-funds,,,,
Startups & Innovation,startups-innovation,31,"Venture Capital, Angels & Investors",venture-capital-angels-investors,31,Sustainability VC Funds,sustainability-vc-funds,,,,
Startups & Innovation,startups-innovation,31,"Venture Capital, Angels & Investors",venture-capital-angels-investors,32,Impact Investing Funds,impact-investing-funds,,,,
Startups & Innovation,startups-innovation,31,"Venture Capital, Angels & Investors",venture-capital-angels-investors,33,Social Impact Funds,social-impact-funds,1,Impact Startups,Financial Inclusion,impact-startups-financial-inclusion
Startups & Innovation,startups-innovation,31,"Venture Capital, Angels & Investors",venture-capital-angels-investors,33,Social Impact Funds,social-impact-funds,2,Impact Startups,Healthcare Access,impact-startups-healthcare-access
Startups & Innovation,startups-innovation,31,"Venture Capital, Angels & Investors",venture-capital-angels-investors,33,Social Impact Funds,social-impact-funds,3,Impact Startups,Education Access,impact-startups-education-access
Startups & Innovation,startups-innovation,31,"Venture Capital, Angels & Investors",venture-capital-angels-investors,33,Social Impact Funds,social-impact-funds,4,Impact Startups,Clean Water,impact-startups-clean-water
Startups & Innovation,startups-innovation,31,"Venture Capital, Angels & Investors",venture-capital-angels-investors,33,Social Impact Funds,social-impact-funds,5,Impact Startups,Food Security,impact-startups-food-security
Startups & Innovation,startups-innovation,31,"Venture Capital, Angels & Investors",venture-capital-angels-investors,33,Social Impact Funds,social-impact-funds,6,Impact Startups,Affordable Housing,impact-startups-affordable-housing
Startups & Innovation,startups-innovation,31,"Venture Capital, Angels & Investors",venture-capital-angels-investors,33,Social Impact Funds,social-impact-funds,7,Impact Startups,Disaster Relief,impact-startups-disaster-relief
Startups & Innovation,startups-innovation,31,"Venture Capital, Angels & Investors",venture-capital-angels-investors,33,Social Impact Funds,social-impact-funds,8,Impact Startups,Refugee Support,impact-startups-refugee-support
Startups & Innovation,startups-innovation,31,"Venture Capital, Angels & Investors",venture-capital-angels-investors,33,Social Impact Funds,social-impact-funds,9,Impact Startups,Digital Literacy,impact-startups-digital-literacy
Startups & Innovation,startups-innovation,31,"Venture Capital, Angels & Investors",venture-capital-angels-investors,33,Social Impact Funds,social-impact-funds,10,Impact Startups,Rural Connectivity,impact-startups-rural-connectivity
Startups & Innovation,startups-innovation,31,"Venture Capital, Angels & Investors",venture-capital-angels-investors,33,Social Impact Funds,social-impact-funds,11,B Corp & Social Enterprise,Impact Investing Platform,b-corp-social-enterprise-impact-investing-platform
Startups & Innovation,startups-innovation,31,"Venture Capital, Angels & Investors",venture-capital-angels-investors,34,Female-Focused VC Funds,female-focused-vc-funds,,,,
Startups & Innovation,startups-innovation,31,"Venture Capital, Angels & Investors",venture-capital-angels-investors,35,Black-Focused VC Funds,black-focused-vc-funds,,,,
Startups & Innovation,startups-innovation,31,"Venture Capital, Angels & Investors",venture-capital-angels-investors,36,Latinx-Focused VC Funds,latinx-focused-vc-funds,,,,
Startups & Innovation,startups-innovation,31,"Venture Capital, Angels & Investors",venture-capital-angels-investors,37,LGBTQ+-Focused VC Funds,lgbtq-focused-vc-funds,,,,
Startups & Innovation,startups-innovation,31,"Venture Capital, Angels & Investors",venture-capital-angels-investors,38,Veteran-Focused VC Funds,veteran-focused-vc-funds,,,,
Startups & Innovation,startups-innovation,31,"Venture Capital, Angels & Investors",venture-capital-angels-investors,39,Underrepresented Founder Funds,underrepresented-founder-funds,,,,
Startups & Innovation,startups-innovation,31,"Venture Capital, Angels & Investors",venture-capital-angels-investors,40,AI VC Funds,ai-vc-funds,,,,
Startups & Innovation,startups-innovation,31,"Venture Capital, Angels & Investors",venture-capital-angels-investors,41,Generative AI VC Funds,generative-ai-vc-funds,,,,
Startups & Innovation,startups-innovation,31,"Venture Capital, Angels & Investors",venture-capital-angels-investors,42,Frontier Tech VC Funds,frontier-tech-vc-funds,,,,
Startups & Innovation,startups-innovation,31,"Venture Capital, Angels & Investors",venture-capital-angels-investors,43,Deep Tech VC Funds,deep-tech-vc-funds,,,,
Startups & Innovation,startups-innovation,31,"Venture Capital, Angels & Investors",venture-capital-angels-investors,44,Hardware VC Funds,hardware-vc-funds,,,,
Startups & Innovation,startups-innovation,31,"Venture Capital, Angels & Investors",venture-capital-angels-investors,45,Robotics VC Funds,robotics-vc-funds,,,,
Startups & Innovation,startups-innovation,31,"Venture Capital, Angels & Investors",venture-capital-angels-investors,46,Biotech VC Funds,biotech-vc-funds,1,Biotech Innovation,Drug Delivery,biotech-innovation-drug-delivery
Startups & Innovation,startups-innovation,31,"Venture Capital, Angels & Investors",venture-capital-angels-investors,46,Biotech VC Funds,biotech-vc-funds,2,Biotech Innovation,Diagnostics,biotech-innovation-diagnostics
Startups & Innovation,startups-innovation,31,"Venture Capital, Angels & Investors",venture-capital-angels-investors,46,Biotech VC Funds,biotech-vc-funds,3,Biotech Innovation,Wearable Biotech,biotech-innovation-wearable-biotech
Startups & Innovation,startups-innovation,31,"Venture Capital, Angels & Investors",venture-capital-angels-investors,46,Biotech VC Funds,biotech-vc-funds,4,Biotech Innovation,Microbiome,biotech-innovation-microbiome
Startups & Innovation,startups-innovation,31,"Venture Capital, Angels & Investors",venture-capital-angels-investors,46,Biotech VC Funds,biotech-vc-funds,5,Biotech Innovation,Biomanufacturing,biotech-innovation-biomanufacturing
Startups & Innovation,startups-innovation,31,"Venture Capital, Angels & Investors",venture-capital-angels-investors,46,Biotech VC Funds,biotech-vc-funds,6,Biotech Innovation,Agricultural Biotech,biotech-innovation-agricultural-biotech
Startups & Innovation,startups-innovation,31,"Venture Capital, Angels & Investors",venture-capital-angels-investors,47,HealthTech VC Funds,healthtech-vc-funds,,,,
Startups & Innovation,startups-innovation,31,"Venture Capital, Angels & Investors",venture-capital-angels-investors,48,FinTech VC Funds,fintech-vc-funds,,,,
Startups & Innovation,startups-innovation,31,"Venture Capital, Angels & Investors",venture-capital-angels-investors,49,Web3 VC Funds,web3-vc-funds,,,,
Startups & Innovation,startups-innovation,31,"Venture Capital, Angels & Investors",venture-capital-angels-investors,50,Crypto VC Funds,crypto-vc-funds,,,,
Startups & Innovation,startups-innovation,31,"Venture Capital, Angels & Investors",venture-capital-angels-investors,51,Gaming VC Funds,gaming-vc-funds,,,,
Startups & Innovation,startups-innovation,31,"Venture Capital, Angels & Investors",venture-capital-angels-investors,52,Consumer VC Funds,consumer-vc-funds,,,,
Startups & Innovation,startups-innovation,31,"Venture Capital, Angels & Investors",venture-capital-angels-investors,53,Enterprise VC Funds,enterprise-vc-funds,,,,
Startups & Innovation,startups-innovation,31,"Venture Capital, Angels & Investors",venture-capital-angels-investors,54,Marketplace VC Funds,marketplace-vc-funds,,,,
Startups & Innovation,startups-innovation,31,"Venture Capital, Angels & Investors",venture-capital-angels-investors,55,PropTech VC Funds,proptech-vc-funds,,,,
Startups & Innovation,startups-innovation,31,"Venture Capital, Angels & Investors",venture-capital-angels-investors,56,Insurtech VC Funds,insurtech-vc-funds,,,,
Startups & Innovation,startups-innovation,31,"Venture Capital, Angels & Investors",venture-capital-angels-investors,57,Mobility VC Funds,mobility-vc-funds,,,,
Startups & Innovation,startups-innovation,31,"Venture Capital, Angels & Investors",venture-capital-angels-investors,58,SpaceTech VC Funds,spacetech-vc-funds,,,,
Startups & Innovation,startups-innovation,31,"Venture Capital, Angels & Investors",venture-capital-angels-investors,59,Defense Tech VC Funds,defense-tech-vc-funds,,,,
Startups & Innovation,startups-innovation,31,"Venture Capital, Angels & Investors",venture-capital-angels-investors,60,Geopolitical Tech VC Funds,geopolitical-tech-vc-funds,,,,
Startups & Innovation,startups-innovation,31,"Venture Capital, Angels & Investors",venture-capital-angels-investors,61,Family Office Direct Investors,family-office-direct-investors,,,,
Startups & Innovation,startups-innovation,31,"Venture Capital, Angels & Investors",venture-capital-angels-investors,62,Alternative Asset Managers,alternative-asset-managers,,,,
Startups & Innovation,startups-innovation,31,"Venture Capital, Angels & Investors",venture-capital-angels-investors,63,Emerging Manager Funds,emerging-manager-funds,,,,
Startups & Innovation,startups-innovation,31,"Venture Capital, Angels & Investors",venture-capital-angels-investors,64,First-Time Fund Managers,first-time-fund-managers,,,,
Startups & Innovation,startups-innovation,31,"Venture Capital, Angels & Investors",venture-capital-angels-investors,65,Secondary Market Funds,secondary-market-funds,,,,
Startups & Innovation,startups-innovation,31,"Venture Capital, Angels & Investors",venture-capital-angels-investors,66,Continuation Funds,continuation-funds,,,,
Startups & Innovation,startups-innovation,31,"Venture Capital, Angels & Investors",venture-capital-angels-investors,67,GP-Led Secondary Funds,gp-led-secondary-funds,,,,
Startups & Innovation,startups-innovation,31,"Venture Capital, Angels & Investors",venture-capital-angels-investors,68,Search Fund Investors,search-fund-investors,,,,
Startups & Innovation,startups-innovation,31,"Venture Capital, Angels & Investors",venture-capital-angels-investors,69,Independent Sponsors,independent-sponsors,,,,
Startups & Innovation,startups-innovation,31,"Venture Capital, Angels & Investors",venture-capital-angels-investors,70,Lower-Middle Market PE,lower-middle-market-pe,,,,
Startups & Innovation,startups-innovation,31,"Venture Capital, Angels & Investors",venture-capital-angels-investors,71,Growth Equity Funds,growth-equity-funds,,,,
Startups & Innovation,startups-innovation,31,"Venture Capital, Angels & Investors",venture-capital-angels-investors,72,Bootstrapped Friendly Investors,bootstrapped-friendly-investors,,,,
Startups & Innovation,startups-innovation,31,"Venture Capital, Angels & Investors",venture-capital-angels-investors,73,Venture Debt Lenders,venture-debt-lenders,,,,
Startups & Innovation,startups-innovation,31,"Venture Capital, Angels & Investors",venture-capital-angels-investors,74,Revenue-Based Financing Lenders,revenue-based-financing-lenders,,,,
Startups & Innovation,startups-innovation,32,"Startup Tools, Templates & Resources",startup-tools-templates-resources,1,Pitch Deck Template Resources,pitch-deck-template-resources,,,,
Startups & Innovation,startups-innovation,32,"Startup Tools, Templates & Resources",startup-tools-templates-resources,2,Pitch Deck Builder Tools,pitch-deck-builder-tools,,,,
Startups & Innovation,startups-innovation,32,"Startup Tools, Templates & Resources",startup-tools-templates-resources,3,Investor Update Templates,investor-update-templates,,,,
Startups & Innovation,startups-innovation,32,"Startup Tools, Templates & Resources",startup-tools-templates-resources,4,Cap Table Tools,cap-table-tools,,,,
Startups & Innovation,startups-innovation,32,"Startup Tools, Templates & Resources",startup-tools-templates-resources,5,Equity Calculator Tools,equity-calculator-tools,,,,
Startups & Innovation,startups-innovation,32,"Startup Tools, Templates & Resources",startup-tools-templates-resources,6,Stock Option Calculators,stock-option-calculators,,,,
Startups & Innovation,startups-innovation,32,"Startup Tools, Templates & Resources",startup-tools-templates-resources,7,409A Valuation Services,409a-valuation-services,,,,
Startups & Innovation,startups-innovation,32,"Startup Tools, Templates & Resources",startup-tools-templates-resources,8,SAFE Note Templates,safe-note-templates,,,,
Startups & Innovation,startups-innovation,32,"Startup Tools, Templates & Resources",startup-tools-templates-resources,9,Convertible Note Templates,convertible-note-templates,,,,
Startups & Innovation,startups-innovation,32,"Startup Tools, Templates & Resources",startup-tools-templates-resources,10,Term Sheet Templates,term-sheet-templates,,,,
Startups & Innovation,startups-innovation,32,"Startup Tools, Templates & Resources",startup-tools-templates-resources,11,Founder Agreement Templates,founder-agreement-templates,,,,
Startups & Innovation,startups-innovation,32,"Startup Tools, Templates & Resources",startup-tools-templates-resources,12,Vesting Schedule Tools,vesting-schedule-tools,,,,
Startups & Innovation,startups-innovation,32,"Startup Tools, Templates & Resources",startup-tools-templates-resources,13,Burn Rate Calculator Tools,burn-rate-calculator-tools,,,,
Startups & Innovation,startups-innovation,32,"Startup Tools, Templates & Resources",startup-tools-templates-resources,14,Runway Calculator Tools,runway-calculator-tools,,,,
Startups & Innovation,startups-innovation,32,"Startup Tools, Templates & Resources",startup-tools-templates-resources,15,Startup Financial Model Templates,startup-financial-model-templates,,,,
Startups & Innovation,startups-innovation,32,"Startup Tools, Templates & Resources",startup-tools-templates-resources,16,Three-Statement Model Templates,three-statement-model-templates,,,,
Startups & Innovation,startups-innovation,32,"Startup Tools, Templates & Resources",startup-tools-templates-resources,17,SaaS Metrics Calculator Tools,saas-metrics-calculator-tools,,,,
Startups & Innovation,startups-innovation,32,"Startup Tools, Templates & Resources",startup-tools-templates-resources,18,CAC LTV Calculator Tools,cac-ltv-calculator-tools,,,,
Startups & Innovation,startups-innovation,32,"Startup Tools, Templates & Resources",startup-tools-templates-resources,19,Unit Economics Calculator Tools,unit-economics-calculator-tools,,,,
Startups & Innovation,startups-innovation,32,"Startup Tools, Templates & Resources",startup-tools-templates-resources,20,Pricing Calculator Tools,pricing-calculator-tools,,,,
Startups & Innovation,startups-innovation,32,"Startup Tools, Templates & Resources",startup-tools-templates-resources,21,Pricing Page Inspiration Resources,pricing-page-inspiration-resources,,,,
Startups & Innovation,startups-innovation,32,"Startup Tools, Templates & Resources",startup-tools-templates-resources,22,Landing Page Inspiration Resources,landing-page-inspiration-resources,,,,
Startups & Innovation,startups-innovation,32,"Startup Tools, Templates & Resources",startup-tools-templates-resources,23,Brand Identity Templates,brand-identity-templates,,,,
Startups & Innovation,startups-innovation,32,"Startup Tools, Templates & Resources",startup-tools-templates-resources,24,Logo Design Resources,logo-design-resources,,,,
Startups & Innovation,startups-innovation,32,"Startup Tools, Templates & Resources",startup-tools-templates-resources,25,Free Stock Photo Resources,free-stock-photo-resources,,,,
Startups & Innovation,startups-innovation,32,"Startup Tools, Templates & Resources",startup-tools-templates-resources,26,Free Icon Libraries,free-icon-libraries,,,,
Startups & Innovation,startups-innovation,32,"Startup Tools, Templates & Resources",startup-tools-templates-resources,27,Free Illustration Libraries,free-illustration-libraries,,,,
Startups & Innovation,startups-innovation,32,"Startup Tools, Templates & Resources",startup-tools-templates-resources,28,Free UI Kit Resources,free-ui-kit-resources,,,,
Startups & Innovation,startups-innovation,32,"Startup Tools, Templates & Resources",startup-tools-templates-resources,29,Free Wireframing Tools,free-wireframing-tools,,,,
Startups & Innovation,startups-innovation,32,"Startup Tools, Templates & Resources",startup-tools-templates-resources,30,Free Mockup Generators,free-mockup-generators,,,,
Startups & Innovation,startups-innovation,32,"Startup Tools, Templates & Resources",startup-tools-templates-resources,31,Privacy Policy Generators,privacy-policy-generators,,,,
Startups & Innovation,startups-innovation,32,"Startup Tools, Templates & Resources",startup-tools-templates-resources,32,Terms of Service Generators,terms-of-service-generators,,,,
Startups & Innovation,startups-innovation,32,"Startup Tools, Templates & Resources",startup-tools-templates-resources,33,Cookie Banner Generators,cookie-banner-generators,,,,
Startups & Innovation,startups-innovation,32,"Startup Tools, Templates & Resources",startup-tools-templates-resources,34,GDPR Toolkit Resources,gdpr-toolkit-resources,,,,
Startups & Innovation,startups-innovation,32,"Startup Tools, Templates & Resources",startup-tools-templates-resources,35,Startup Legal Document Templates,startup-legal-document-templates,,,,
Startups & Innovation,startups-innovation,32,"Startup Tools, Templates & Resources",startup-tools-templates-resources,36,NDA Generator Tools,nda-generator-tools,,,,
Startups & Innovation,startups-innovation,32,"Startup Tools, Templates & Resources",startup-tools-templates-resources,37,Employment Offer Letter Templates,employment-offer-letter-templates,,,,
Startups & Innovation,startups-innovation,32,"Startup Tools, Templates & Resources",startup-tools-templates-resources,38,Independent Contractor Agreement Templates,independent-contractor-agreement-templates,,,,
Startups & Innovation,startups-innovation,32,"Startup Tools, Templates & Resources",startup-tools-templates-resources,39,Customer MSA Templates,customer-msa-templates,,,,
Startups & Innovation,startups-innovation,32,"Startup Tools, Templates & Resources",startup-tools-templates-resources,40,DPA Templates,dpa-templates,,,,
Startups & Innovation,startups-innovation,32,"Startup Tools, Templates & Resources",startup-tools-templates-resources,41,Vendor Agreement Templates,vendor-agreement-templates,,,,
Startups & Innovation,startups-innovation,32,"Startup Tools, Templates & Resources",startup-tools-templates-resources,42,US Incorporation Services for Founders,us-incorporation-services-for-founders,,,,
Startups & Innovation,startups-innovation,32,"Startup Tools, Templates & Resources",startup-tools-templates-resources,43,Delaware C-Corp Formation Services,delaware-c-corp-formation-services,,,,
Startups & Innovation,startups-innovation,32,"Startup Tools, Templates & Resources",startup-tools-templates-resources,44,LLC Formation Services,llc-formation-services,,,,
Startups & Innovation,startups-innovation,32,"Startup Tools, Templates & Resources",startup-tools-templates-resources,45,Stripe Atlas Alternatives,stripe-atlas-alternatives,,,,
Startups & Innovation,startups-innovation,32,"Startup Tools, Templates & Resources",startup-tools-templates-resources,46,EIN Application Services,ein-application-services,,,,
Startups & Innovation,startups-innovation,32,"Startup Tools, Templates & Resources",startup-tools-templates-resources,47,Founder Visa Services,founder-visa-services,,,,
Startups & Innovation,startups-innovation,32,"Startup Tools, Templates & Resources",startup-tools-templates-resources,48,O-1 Visa Services for Founders,o-1-visa-services-for-founders,,,,
Startups & Innovation,startups-innovation,32,"Startup Tools, Templates & Resources",startup-tools-templates-resources,49,E-2 Visa Services for Founders,e-2-visa-services-for-founders,,,,
Startups & Innovation,startups-innovation,32,"Startup Tools, Templates & Resources",startup-tools-templates-resources,50,International Founder Banking,international-founder-banking,,,,
Startups & Innovation,startups-innovation,32,"Startup Tools, Templates & Resources",startup-tools-templates-resources,51,Startup Bank Account Services,startup-bank-account-services,,,,
Startups & Innovation,startups-innovation,32,"Startup Tools, Templates & Resources",startup-tools-templates-resources,52,Startup Credit Card Services,startup-credit-card-services,,,,
Startups & Innovation,startups-innovation,32,"Startup Tools, Templates & Resources",startup-tools-templates-resources,53,Founder Insurance Services,founder-insurance-services,,,,
Startups & Innovation,startups-innovation,32,"Startup Tools, Templates & Resources",startup-tools-templates-resources,54,D&O Insurance for Startups,do-insurance-for-startups,,,,
Startups & Innovation,startups-innovation,32,"Startup Tools, Templates & Resources",startup-tools-templates-resources,55,EPLI Insurance for Startups,epli-insurance-for-startups,,,,
Startups & Innovation,startups-innovation,32,"Startup Tools, Templates & Resources",startup-tools-templates-resources,56,Cyber Insurance for Startups,cyber-insurance-for-startups,,,,
Startups & Innovation,startups-innovation,32,"Startup Tools, Templates & Resources",startup-tools-templates-resources,57,Startup Bookkeeping Services,startup-bookkeeping-services,,,,
Startups & Innovation,startups-innovation,32,"Startup Tools, Templates & Resources",startup-tools-templates-resources,58,Fractional CFO Services for Startups,fractional-cfo-services-for-startups,,,,
Startups & Innovation,startups-innovation,32,"Startup Tools, Templates & Resources",startup-tools-templates-resources,59,Startup Tax Services,startup-tax-services,,,,
Startups & Innovation,startups-innovation,32,"Startup Tools, Templates & Resources",startup-tools-templates-resources,60,R&D Tax Credit Services,rd-tax-credit-services,,,,
Startups & Innovation,startups-innovation,32,"Startup Tools, Templates & Resources",startup-tools-templates-resources,61,Startup Audit Services,startup-audit-services,,,,
Startups & Innovation,startups-innovation,32,"Startup Tools, Templates & Resources",startup-tools-templates-resources,62,Startup HR Services,startup-hr-services,,,,
Startups & Innovation,startups-innovation,32,"Startup Tools, Templates & Resources",startup-tools-templates-resources,63,Founder Coaching Services,founder-coaching-services,,,,
Startups & Innovation,startups-innovation,32,"Startup Tools, Templates & Resources",startup-tools-templates-resources,64,Startup Lawyer Directories,startup-lawyer-directories,,,,
Startups & Innovation,startups-innovation,32,"Startup Tools, Templates & Resources",startup-tools-templates-resources,65,Startup Accountant Directories,startup-accountant-directories,,,,
Startups & Innovation,startups-innovation,32,"Startup Tools, Templates & Resources",startup-tools-templates-resources,66,Startup Designer Directories,startup-designer-directories,,,,
Startups & Innovation,startups-innovation,33,Founder Communities & Networks,founder-communities-networks,1,Indie Hackers Community,indie-hackers-community,,,,
Startups & Innovation,startups-innovation,33,Founder Communities & Networks,founder-communities-networks,2,Bootstrapper Communities,bootstrapper-communities,,,,
Startups & Innovation,startups-innovation,33,Founder Communities & Networks,founder-communities-networks,3,SaaS Founder Communities,saas-founder-communities,,,,
Startups & Innovation,startups-innovation,33,Founder Communities & Networks,founder-communities-networks,4,Solo Founder Communities,solo-founder-communities,,,,
Startups & Innovation,startups-innovation,33,Founder Communities & Networks,founder-communities-networks,5,Female Founder Communities,female-founder-communities,,,,
Startups & Innovation,startups-innovation,33,Founder Communities & Networks,founder-communities-networks,6,Black Founder Communities,black-founder-communities,,,,
Startups & Innovation,startups-innovation,33,Founder Communities & Networks,founder-communities-networks,7,Latinx Founder Communities,latinx-founder-communities,,,,
Startups & Innovation,startups-innovation,33,Founder Communities & Networks,founder-communities-networks,8,LGBTQ+ Founder Communities,lgbtq-founder-communities,,,,
Startups & Innovation,startups-innovation,33,Founder Communities & Networks,founder-communities-networks,9,Veteran Founder Communities,veteran-founder-communities,,,,
Startups & Innovation,startups-innovation,33,Founder Communities & Networks,founder-communities-networks,10,Immigrant Founder Communities,immigrant-founder-communities,,,,
Startups & Innovation,startups-innovation,33,Founder Communities & Networks,founder-communities-networks,11,Mom Founder Communities,mom-founder-communities,,,,
Startups & Innovation,startups-innovation,33,Founder Communities & Networks,founder-communities-networks,12,Parent Founder Communities,parent-founder-communities,,,,
Startups & Innovation,startups-innovation,33,Founder Communities & Networks,founder-communities-networks,13,Teen Founder Communities,teen-founder-communities,,,,
Startups & Innovation,startups-innovation,33,Founder Communities & Networks,founder-communities-networks,14,Senior Founder Communities,senior-founder-communities,,,,
Startups & Innovation,startups-innovation,33,Founder Communities & Networks,founder-communities-networks,15,Tech Founder Slack Groups,tech-founder-slack-groups,,,,
Startups & Innovation,startups-innovation,33,Founder Communities & Networks,founder-communities-networks,16,Founder Discord Servers,founder-discord-servers,,,,
Startups & Innovation,startups-innovation,33,Founder Communities & Networks,founder-communities-networks,17,Founder Subreddit Communities,founder-subreddit-communities,,,,
Startups & Innovation,startups-innovation,33,Founder Communities & Networks,founder-communities-networks,18,Founder Telegram Groups,founder-telegram-groups,,,,
Startups & Innovation,startups-innovation,33,Founder Communities & Networks,founder-communities-networks,19,Founder WhatsApp Communities,founder-whatsapp-communities,,,,
Startups & Innovation,startups-innovation,33,Founder Communities & Networks,founder-communities-networks,20,Founder Twitter Lists,founder-twitter-lists,,,,
Startups & Innovation,startups-innovation,33,Founder Communities & Networks,founder-communities-networks,21,Founder LinkedIn Groups,founder-linkedin-groups,,,,
Startups & Innovation,startups-innovation,33,Founder Communities & Networks,founder-communities-networks,22,Founder Mastermind Groups,founder-mastermind-groups,,,,
Startups & Innovation,startups-innovation,33,Founder Communities & Networks,founder-communities-networks,23,Peer Founder Groups,peer-founder-groups,,,,
Startups & Innovation,startups-innovation,33,Founder Communities & Networks,founder-communities-networks,24,YPO Tech Chapters,ypo-tech-chapters,,,,
Startups & Innovation,startups-innovation,33,Founder Communities & Networks,founder-communities-networks,25,EO Tech Chapters,eo-tech-chapters,,,,
Startups & Innovation,startups-innovation,33,Founder Communities & Networks,founder-communities-networks,26,Vistage Tech Groups,vistage-tech-groups,,,,
Startups & Innovation,startups-innovation,33,Founder Communities & Networks,founder-communities-networks,27,TIE Founder Networks,tie-founder-networks,,,,
Startups & Innovation,startups-innovation,33,Founder Communities & Networks,founder-communities-networks,28,Local Founder Meetups,local-founder-meetups,,,,
Startups & Innovation,startups-innovation,33,Founder Communities & Networks,founder-communities-networks,29,City-Specific Founder Communities,city-specific-founder-communities,,,,
Startups & Innovation,startups-innovation,33,Founder Communities & Networks,founder-communities-networks,30,Neighborhood Founder Groups,neighborhood-founder-groups,,,,
Startups & Innovation,startups-innovation,33,Founder Communities & Networks,founder-communities-networks,31,Hacker House Communities,hacker-house-communities,,,,
Startups & Innovation,startups-innovation,33,Founder Communities & Networks,founder-communities-networks,32,Founder Retreat Communities,founder-retreat-communities,,,,
Startups & Innovation,startups-innovation,33,Founder Communities & Networks,founder-communities-networks,33,Founder Co-Living Communities,founder-co-living-communities,,,,
Startups & Innovation,startups-innovation,33,Founder Communities & Networks,founder-communities-networks,34,Online Founder Forums,online-founder-forums,,,,
Startups & Innovation,startups-innovation,33,Founder Communities & Networks,founder-communities-networks,35,Anonymous Founder Forums,anonymous-founder-forums,,,,
Startups & Innovation,startups-innovation,33,Founder Communities & Networks,founder-communities-networks,36,Founder Confession Communities,founder-confession-communities,,,,
Startups & Innovation,startups-innovation,33,Founder Communities & Networks,founder-communities-networks,37,Mental Health Founder Groups,mental-health-founder-groups,,,,
Startups & Innovation,startups-innovation,33,Founder Communities & Networks,founder-communities-networks,38,Burnout Recovery Founder Groups,burnout-recovery-founder-groups,,,,
Startups & Innovation,startups-innovation,33,Founder Communities & Networks,founder-communities-networks,39,Failed Founder Communities,failed-founder-communities,,,,
Startups & Innovation,startups-innovation,33,Founder Communities & Networks,founder-communities-networks,40,Second Chance Founder Communities,second-chance-founder-communities,,,,
Startups & Innovation,startups-innovation,33,Founder Communities & Networks,founder-communities-networks,41,Climate Founder Communities,climate-founder-communities,,,,
Startups & Innovation,startups-innovation,33,Founder Communities & Networks,founder-communities-networks,42,AI Founder Communities,ai-founder-communities,,,,
Startups & Innovation,startups-innovation,33,Founder Communities & Networks,founder-communities-networks,43,Web3 Founder Communities,web3-founder-communities,,,,
Startups & Innovation,startups-innovation,33,Founder Communities & Networks,founder-communities-networks,44,Hardware Founder Communities,hardware-founder-communities,,,,
Startups & Innovation,startups-innovation,34,"Startup Events, Conferences & Hackathons",startup-events-conferences-hackathons,1,Tech Conferences,tech-conferences,,,,
Startups & Innovation,startups-innovation,34,"Startup Events, Conferences & Hackathons",startup-events-conferences-hackathons,2,Startup Conferences,startup-conferences,,,,
Startups & Innovation,startups-innovation,34,"Startup Events, Conferences & Hackathons",startup-events-conferences-hackathons,3,Founder Conferences,founder-conferences,,,,
Startups & Innovation,startups-innovation,34,"Startup Events, Conferences & Hackathons",startup-events-conferences-hackathons,4,VC Conferences,vc-conferences,,,,
Startups & Innovation,startups-innovation,34,"Startup Events, Conferences & Hackathons",startup-events-conferences-hackathons,5,Investor Days,investor-days,,,,
Startups & Innovation,startups-innovation,34,"Startup Events, Conferences & Hackathons",startup-events-conferences-hackathons,6,Demo Days,demo-days,,,,
Startups & Innovation,startups-innovation,34,"Startup Events, Conferences & Hackathons",startup-events-conferences-hackathons,7,Pitch Competitions,pitch-competitions,,,,
Startups & Innovation,startups-innovation,34,"Startup Events, Conferences & Hackathons",startup-events-conferences-hackathons,8,Pitch Battle Events,pitch-battle-events,,,,
Startups & Innovation,startups-innovation,34,"Startup Events, Conferences & Hackathons",startup-events-conferences-hackathons,9,Elevator Pitch Contests,elevator-pitch-contests,,,,
Startups & Innovation,startups-innovation,34,"Startup Events, Conferences & Hackathons",startup-events-conferences-hackathons,10,University Pitch Competitions,university-pitch-competitions,,,,
Startups & Innovation,startups-innovation,34,"Startup Events, Conferences & Hackathons",startup-events-conferences-hackathons,11,Startup Weekend Events,startup-weekend-events,,,,
Startups & Innovation,startups-innovation,34,"Startup Events, Conferences & Hackathons",startup-events-conferences-hackathons,12,Startup Grind Events,startup-grind-events,,,,
Startups & Innovation,startups-innovation,34,"Startup Events, Conferences & Hackathons",startup-events-conferences-hackathons,13,Hackathons,hackathons,,,,
Startups & Innovation,startups-innovation,34,"Startup Events, Conferences & Hackathons",startup-events-conferences-hackathons,14,Buildathons,buildathons,,,,
Startups & Innovation,startups-innovation,34,"Startup Events, Conferences & Hackathons",startup-events-conferences-hackathons,15,Ship-a-thons,ship-a-thons,,,,
Startups & Innovation,startups-innovation,34,"Startup Events, Conferences & Hackathons",startup-events-conferences-hackathons,16,AI Hackathons,ai-hackathons,,,,
Startups & Innovation,startups-innovation,34,"Startup Events, Conferences & Hackathons",startup-events-conferences-hackathons,17,Climate Hackathons,climate-hackathons,,,,
Startups & Innovation,startups-innovation,34,"Startup Events, Conferences & Hackathons",startup-events-conferences-hackathons,18,Web3 Hackathons,web3-hackathons,,,,
Startups & Innovation,startups-innovation,34,"Startup Events, Conferences & Hackathons",startup-events-conferences-hackathons,19,Healthcare Hackathons,healthcare-hackathons,,,,
Startups & Innovation,startups-innovation,34,"Startup Events, Conferences & Hackathons",startup-events-conferences-hackathons,20,Civic Hackathons,civic-hackathons,,,,
Startups & Innovation,startups-innovation,34,"Startup Events, Conferences & Hackathons",startup-events-conferences-hackathons,21,Student Hackathons,student-hackathons,,,,
Startups & Innovation,startups-innovation,34,"Startup Events, Conferences & Hackathons",startup-events-conferences-hackathons,22,Indie Hacker Meetups,indie-hacker-meetups,,,,
Startups & Innovation,startups-innovation,34,"Startup Events, Conferences & Hackathons",startup-events-conferences-hackathons,23,Bootstrapper Meetups,bootstrapper-meetups,,,,
Startups & Innovation,startups-innovation,34,"Startup Events, Conferences & Hackathons",startup-events-conferences-hackathons,24,Founder Dinners,founder-dinners,,,,
Startups & Innovation,startups-innovation,34,"Startup Events, Conferences & Hackathons",startup-events-conferences-hackathons,25,Founder Breakfasts,founder-breakfasts,,,,
Startups & Innovation,startups-innovation,34,"Startup Events, Conferences & Hackathons",startup-events-conferences-hackathons,26,Founder Walks,founder-walks,,,,
Startups & Innovation,startups-innovation,34,"Startup Events, Conferences & Hackathons",startup-events-conferences-hackathons,27,Female Founder Events,female-founder-events,,,,
Startups & Innovation,startups-innovation,34,"Startup Events, Conferences & Hackathons",startup-events-conferences-hackathons,28,Black Founder Events,black-founder-events,,,,
Startups & Innovation,startups-innovation,34,"Startup Events, Conferences & Hackathons",startup-events-conferences-hackathons,29,LGBTQ+ Founder Events,lgbtq-founder-events,,,,
Startups & Innovation,startups-innovation,34,"Startup Events, Conferences & Hackathons",startup-events-conferences-hackathons,30,Veteran Founder Events,veteran-founder-events,,,,
Startups & Innovation,startups-innovation,34,"Startup Events, Conferences & Hackathons",startup-events-conferences-hackathons,31,Climate Founder Events,climate-founder-events,,,,
Startups & Innovation,startups-innovation,34,"Startup Events, Conferences & Hackathons",startup-events-conferences-hackathons,32,AI Founder Events,ai-founder-events,,,,
Startups & Innovation,startups-innovation,34,"Startup Events, Conferences & Hackathons",startup-events-conferences-hackathons,33,Hardware Founder Events,hardware-founder-events,,,,
Startups & Innovation,startups-innovation,34,"Startup Events, Conferences & Hackathons",startup-events-conferences-hackathons,34,International Tech Conferences,international-tech-conferences,,,,
Startups & Innovation,startups-innovation,34,"Startup Events, Conferences & Hackathons",startup-events-conferences-hackathons,35,Asian Tech Conferences,asian-tech-conferences,,,,
Startups & Innovation,startups-innovation,34,"Startup Events, Conferences & Hackathons",startup-events-conferences-hackathons,36,European Tech Conferences,european-tech-conferences,,,,
Startups & Innovation,startups-innovation,34,"Startup Events, Conferences & Hackathons",startup-events-conferences-hackathons,37,African Tech Conferences,african-tech-conferences,,,,
Startups & Innovation,startups-innovation,34,"Startup Events, Conferences & Hackathons",startup-events-conferences-hackathons,38,Latin American Tech Conferences,latin-american-tech-conferences,,,,
Startups & Innovation,startups-innovation,34,"Startup Events, Conferences & Hackathons",startup-events-conferences-hackathons,39,MENA Tech Conferences,mena-tech-conferences,,,,
Startups & Innovation,startups-innovation,34,"Startup Events, Conferences & Hackathons",startup-events-conferences-hackathons,40,Industry Summit Events,industry-summit-events,,,,
Startups & Innovation,startups-innovation,34,"Startup Events, Conferences & Hackathons",startup-events-conferences-hackathons,41,Vertical Tech Conferences,vertical-tech-conferences,,,,
Startups & Innovation,startups-innovation,34,"Startup Events, Conferences & Hackathons",startup-events-conferences-hackathons,42,CES Tech Events,ces-tech-events,,,,
Startups & Innovation,startups-innovation,34,"Startup Events, Conferences & Hackathons",startup-events-conferences-hackathons,43,SXSW Tech Events,sxsw-tech-events,,,,
Startups & Innovation,startups-innovation,34,"Startup Events, Conferences & Hackathons",startup-events-conferences-hackathons,44,TechCrunch Disrupt,techcrunch-disrupt,,,,
Startups & Innovation,startups-innovation,34,"Startup Events, Conferences & Hackathons",startup-events-conferences-hackathons,45,Web Summit Events,web-summit-events,,,,
Startups & Innovation,startups-innovation,34,"Startup Events, Conferences & Hackathons",startup-events-conferences-hackathons,46,Slush Events,slush-events,,,,
Startups & Innovation,startups-innovation,34,"Startup Events, Conferences & Hackathons",startup-events-conferences-hackathons,47,Collision Conference Events,collision-conference-events,,,,
Startups & Innovation,startups-innovation,34,"Startup Events, Conferences & Hackathons",startup-events-conferences-hackathons,48,VivaTech Events,vivatech-events,,,,
Startups & Innovation,startups-innovation,34,"Startup Events, Conferences & Hackathons",startup-events-conferences-hackathons,49,Money 20 20,money-20-20,,,,
Startups & Innovation,startups-innovation,34,"Startup Events, Conferences & Hackathons",startup-events-conferences-hackathons,50,SaaStr Annual,saastr-annual,,,,
Startups & Innovation,startups-innovation,34,"Startup Events, Conferences & Hackathons",startup-events-conferences-hackathons,51,DevOps World Events,devops-world-events,,,,
Startups & Innovation,startups-innovation,34,"Startup Events, Conferences & Hackathons",startup-events-conferences-hackathons,52,KubeCon Events,kubecon-events,,,,
Startups & Innovation,startups-innovation,34,"Startup Events, Conferences & Hackathons",startup-events-conferences-hackathons,53,ReInvent Events,reinvent-events,,,,
Startups & Innovation,startups-innovation,34,"Startup Events, Conferences & Hackathons",startup-events-conferences-hackathons,54,DockerCon Events,dockercon-events,,,,
Startups & Innovation,startups-innovation,34,"Startup Events, Conferences & Hackathons",startup-events-conferences-hackathons,55,Salesforce Dreamforce,salesforce-dreamforce,,,,
Startups & Innovation,startups-innovation,34,"Startup Events, Conferences & Hackathons",startup-events-conferences-hackathons,56,HubSpot INBOUND,hubspot-inbound,,,,
Startups & Innovation,startups-innovation,34,"Startup Events, Conferences & Hackathons",startup-events-conferences-hackathons,57,Atlassian Team Events,atlassian-team-events,,,,
Startups & Innovation,startups-innovation,35,Coworking Spaces & Startup Hubs,coworking-spaces-startup-hubs,1,Coworking Spaces for Startups,coworking-spaces-for-startups,,,,
Startups & Innovation,startups-innovation,35,Coworking Spaces & Startup Hubs,coworking-spaces-startup-hubs,2,Founder Coworking Spaces,founder-coworking-spaces,,,,
Startups & Innovation,startups-innovation,35,Coworking Spaces & Startup Hubs,coworking-spaces-startup-hubs,3,Female-Focused Coworking Spaces,female-focused-coworking-spaces,,,,
Startups & Innovation,startups-innovation,35,Coworking Spaces & Startup Hubs,coworking-spaces-startup-hubs,4,Family-Friendly Coworking Spaces,family-friendly-coworking-spaces,,,,
Startups & Innovation,startups-innovation,35,Coworking Spaces & Startup Hubs,coworking-spaces-startup-hubs,5,Pet-Friendly Coworking Spaces,pet-friendly-coworking-spaces,,,,
Startups & Innovation,startups-innovation,35,Coworking Spaces & Startup Hubs,coworking-spaces-startup-hubs,6,24/7 Coworking Spaces,247-coworking-spaces,,,,
Startups & Innovation,startups-innovation,35,Coworking Spaces & Startup Hubs,coworking-spaces-startup-hubs,7,Boutique Coworking Spaces,boutique-coworking-spaces,,,,
Startups & Innovation,startups-innovation,35,Coworking Spaces & Startup Hubs,coworking-spaces-startup-hubs,8,WeWork Locations,wework-locations,,,,
Startups & Innovation,startups-innovation,35,Coworking Spaces & Startup Hubs,coworking-spaces-startup-hubs,9,Industrious Locations,industrious-locations,,,,
Startups & Innovation,startups-innovation,35,Coworking Spaces & Startup Hubs,coworking-spaces-startup-hubs,10,Spaces by Regus,spaces-by-regus,,,,
Startups & Innovation,startups-innovation,35,Coworking Spaces & Startup Hubs,coworking-spaces-startup-hubs,11,Mindspace Locations,mindspace-locations,,,,
Startups & Innovation,startups-innovation,35,Coworking Spaces & Startup Hubs,coworking-spaces-startup-hubs,12,Knotel Locations,knotel-locations,,,,
Startups & Innovation,startups-innovation,35,Coworking Spaces & Startup Hubs,coworking-spaces-startup-hubs,13,The Wing Locations,the-wing-locations,,,,
Startups & Innovation,startups-innovation,35,Coworking Spaces & Startup Hubs,coworking-spaces-startup-hubs,14,Bond Collective Locations,bond-collective-locations,,,,
Startups & Innovation,startups-innovation,35,Coworking Spaces & Startup Hubs,coworking-spaces-startup-hubs,15,Convene Locations,convene-locations,,,,
Startups & Innovation,startups-innovation,35,Coworking Spaces & Startup Hubs,coworking-spaces-startup-hubs,16,Local Coworking Spaces,local-coworking-spaces,,,,
Startups & Innovation,startups-innovation,35,Coworking Spaces & Startup Hubs,coworking-spaces-startup-hubs,17,Neighborhood Coworking Spaces,neighborhood-coworking-spaces,,,,
Startups & Innovation,startups-innovation,35,Coworking Spaces & Startup Hubs,coworking-spaces-startup-hubs,18,Co-Living + Co-Working Spaces,co-living-co-working-spaces,,,,
Startups & Innovation,startups-innovation,35,Coworking Spaces & Startup Hubs,coworking-spaces-startup-hubs,19,Hacker Houses,hacker-houses,,,,
Startups & Innovation,startups-innovation,35,Coworking Spaces & Startup Hubs,coworking-spaces-startup-hubs,20,Founder Houses,founder-houses,,,,
Startups & Innovation,startups-innovation,35,Coworking Spaces & Startup Hubs,coworking-spaces-startup-hubs,21,Maker Spaces,maker-spaces,,,,
Startups & Innovation,startups-innovation,35,Coworking Spaces & Startup Hubs,coworking-spaces-startup-hubs,22,Hardware Maker Spaces,hardware-maker-spaces,,,,
Startups & Innovation,startups-innovation,35,Coworking Spaces & Startup Hubs,coworking-spaces-startup-hubs,23,Biotech Wet Lab Spaces,biotech-wet-lab-spaces,,,,
Startups & Innovation,startups-innovation,35,Coworking Spaces & Startup Hubs,coworking-spaces-startup-hubs,24,Robotics Lab Spaces,robotics-lab-spaces,,,,
Startups & Innovation,startups-innovation,35,Coworking Spaces & Startup Hubs,coworking-spaces-startup-hubs,25,Drone Test Facilities,drone-test-facilities,,,,
Startups & Innovation,startups-innovation,35,Coworking Spaces & Startup Hubs,coworking-spaces-startup-hubs,26,3D Printing Labs,3d-printing-labs,,,,
Startups & Innovation,startups-innovation,35,Coworking Spaces & Startup Hubs,coworking-spaces-startup-hubs,27,Wood Shop Maker Spaces,wood-shop-maker-spaces,,,,
Startups & Innovation,startups-innovation,35,Coworking Spaces & Startup Hubs,coworking-spaces-startup-hubs,28,Metal Shop Maker Spaces,metal-shop-maker-spaces,,,,
Startups & Innovation,startups-innovation,35,Coworking Spaces & Startup Hubs,coworking-spaces-startup-hubs,29,Electronics Maker Spaces,electronics-maker-spaces,,,,
Startups & Innovation,startups-innovation,35,Coworking Spaces & Startup Hubs,coworking-spaces-startup-hubs,30,Sewing Maker Spaces,sewing-maker-spaces,,,,
Startups & Innovation,startups-innovation,35,Coworking Spaces & Startup Hubs,coworking-spaces-startup-hubs,31,Coworking Cafes,coworking-cafes,,,,
Startups & Innovation,startups-innovation,35,Coworking Spaces & Startup Hubs,coworking-spaces-startup-hubs,32,Library Coworking,library-coworking,,,,
Startups & Innovation,startups-innovation,35,Coworking Spaces & Startup Hubs,coworking-spaces-startup-hubs,33,Hotel Lobby Coworking,hotel-lobby-coworking,,,,
Startups & Innovation,startups-innovation,35,Coworking Spaces & Startup Hubs,coworking-spaces-startup-hubs,34,Coworking Retreats,coworking-retreats,,,,
Startups & Innovation,startups-innovation,35,Coworking Spaces & Startup Hubs,coworking-spaces-startup-hubs,35,Coworking Cruises,coworking-cruises,,,,
Startups & Innovation,startups-innovation,35,Coworking Spaces & Startup Hubs,coworking-spaces-startup-hubs,36,Digital Nomad Hubs,digital-nomad-hubs,,,,
Startups & Innovation,startups-innovation,35,Coworking Spaces & Startup Hubs,coworking-spaces-startup-hubs,37,Workation Resorts,workation-resorts,,,,
Startups & Innovation,startups-innovation,35,Coworking Spaces & Startup Hubs,coworking-spaces-startup-hubs,38,Slow-Travel Coworking,slow-travel-coworking,,,,
Startups & Innovation,startups-innovation,36,Startup Hiring & Talent Platforms,startup-hiring-talent-platforms,1,Startup Job Boards,startup-job-boards,,,,
Startups & Innovation,startups-innovation,36,Startup Hiring & Talent Platforms,startup-hiring-talent-platforms,2,Wellfound (formerly AngelList Talent),wellfound-formerly-angellist-talent,,,,
Startups & Innovation,startups-innovation,36,Startup Hiring & Talent Platforms,startup-hiring-talent-platforms,3,Y Combinator Work at a Startup,y-combinator-work-at-a-startup,,,,
Startups & Innovation,startups-innovation,36,Startup Hiring & Talent Platforms,startup-hiring-talent-platforms,4,Remote Startup Job Boards,remote-startup-job-boards,,,,
Startups & Innovation,startups-innovation,36,Startup Hiring & Talent Platforms,startup-hiring-talent-platforms,5,Worldwide Remote Job Boards,worldwide-remote-job-boards,,,,
Startups & Innovation,startups-innovation,36,Startup Hiring & Talent Platforms,startup-hiring-talent-platforms,6,Engineering Startup Jobs,engineering-startup-jobs,,,,
Startups & Innovation,startups-innovation,36,Startup Hiring & Talent Platforms,startup-hiring-talent-platforms,7,Product Manager Startup Jobs,product-manager-startup-jobs,,,,
Startups & Innovation,startups-innovation,36,Startup Hiring & Talent Platforms,startup-hiring-talent-platforms,8,Designer Startup Jobs,designer-startup-jobs,,,,
Startups & Innovation,startups-innovation,36,Startup Hiring & Talent Platforms,startup-hiring-talent-platforms,9,Sales Startup Jobs,sales-startup-jobs,,,,
Startups & Innovation,startups-innovation,36,Startup Hiring & Talent Platforms,startup-hiring-talent-platforms,10,Marketing Startup Jobs,marketing-startup-jobs,1,Marketing Technology,CDP Platforms,marketing-technology-cdp-platforms
Startups & Innovation,startups-innovation,36,Startup Hiring & Talent Platforms,startup-hiring-talent-platforms,11,Customer Success Startup Jobs,customer-success-startup-jobs,,,,
Startups & Innovation,startups-innovation,36,Startup Hiring & Talent Platforms,startup-hiring-talent-platforms,12,Operations Startup Jobs,operations-startup-jobs,,,,
Startups & Innovation,startups-innovation,36,Startup Hiring & Talent Platforms,startup-hiring-talent-platforms,13,Finance Startup Jobs,finance-startup-jobs,,,,
Startups & Innovation,startups-innovation,36,Startup Hiring & Talent Platforms,startup-hiring-talent-platforms,14,Data Startup Jobs,data-startup-jobs,,,,
Startups & Innovation,startups-innovation,36,Startup Hiring & Talent Platforms,startup-hiring-talent-platforms,15,ML Engineer Startup Jobs,ml-engineer-startup-jobs,,,,
Startups & Innovation,startups-innovation,36,Startup Hiring & Talent Platforms,startup-hiring-talent-platforms,16,DevOps Startup Jobs,devops-startup-jobs,,,,
Startups & Innovation,startups-innovation,36,Startup Hiring & Talent Platforms,startup-hiring-talent-platforms,17,SRE Startup Jobs,sre-startup-jobs,,,,
Startups & Innovation,startups-innovation,36,Startup Hiring & Talent Platforms,startup-hiring-talent-platforms,18,Security Engineer Startup Jobs,security-engineer-startup-jobs,,,,
Startups & Innovation,startups-innovation,36,Startup Hiring & Talent Platforms,startup-hiring-talent-platforms,19,Founder-to-be Job Boards,founder-to-be-job-boards,,,,
Startups & Innovation,startups-innovation,36,Startup Hiring & Talent Platforms,startup-hiring-talent-platforms,20,EIR Opportunities,eir-opportunities,,,,
Startups & Innovation,startups-innovation,36,Startup Hiring & Talent Platforms,startup-hiring-talent-platforms,21,Founding Engineer Job Boards,founding-engineer-job-boards,,,,
Startups & Innovation,startups-innovation,36,Startup Hiring & Talent Platforms,startup-hiring-talent-platforms,22,Founding Designer Job Boards,founding-designer-job-boards,,,,
Startups & Innovation,startups-innovation,36,Startup Hiring & Talent Platforms,startup-hiring-talent-platforms,23,Co-Founder Match Platforms,co-founder-match-platforms,,,,
Startups & Innovation,startups-innovation,36,Startup Hiring & Talent Platforms,startup-hiring-talent-platforms,24,Technical Co-Founder Search,technical-co-founder-search,,,,
Startups & Innovation,startups-innovation,36,Startup Hiring & Talent Platforms,startup-hiring-talent-platforms,25,Non-Technical Co-Founder Search,non-technical-co-founder-search,,,,
Startups & Innovation,startups-innovation,36,Startup Hiring & Talent Platforms,startup-hiring-talent-platforms,26,Female Co-Founder Networks,female-co-founder-networks,,,,
Startups & Innovation,startups-innovation,36,Startup Hiring & Talent Platforms,startup-hiring-talent-platforms,27,Climate Co-Founder Networks,climate-co-founder-networks,,,,
Startups & Innovation,startups-innovation,36,Startup Hiring & Talent Platforms,startup-hiring-talent-platforms,28,AI Co-Founder Networks,ai-co-founder-networks,,,,
Startups & Innovation,startups-innovation,36,Startup Hiring & Talent Platforms,startup-hiring-talent-platforms,29,Crypto Co-Founder Networks,crypto-co-founder-networks,,,,
Startups & Innovation,startups-innovation,36,Startup Hiring & Talent Platforms,startup-hiring-talent-platforms,30,Job Boards by Stage,job-boards-by-stage,,,,
Startups & Innovation,startups-innovation,36,Startup Hiring & Talent Platforms,startup-hiring-talent-platforms,31,Pre-Seed Job Boards,pre-seed-job-boards,,,,
Startups & Innovation,startups-innovation,36,Startup Hiring & Talent Platforms,startup-hiring-talent-platforms,32,Seed Stage Job Boards,seed-stage-job-boards,,,,
Startups & Innovation,startups-innovation,36,Startup Hiring & Talent Platforms,startup-hiring-talent-platforms,33,Series A Job Boards,series-a-job-boards,,,,
Startups & Innovation,startups-innovation,36,Startup Hiring & Talent Platforms,startup-hiring-talent-platforms,34,Unicorn Company Job Boards,unicorn-company-job-boards,,,,
Startups & Innovation,startups-innovation,36,Startup Hiring & Talent Platforms,startup-hiring-talent-platforms,35,Bootstrapped Company Job Boards,bootstrapped-company-job-boards,,,,
Startups & Innovation,startups-innovation,36,Startup Hiring & Talent Platforms,startup-hiring-talent-platforms,36,B Corp Job Boards,b-corp-job-boards,,,,
Startups & Innovation,startups-innovation,36,Startup Hiring & Talent Platforms,startup-hiring-talent-platforms,37,Climate Tech Job Boards,climate-tech-job-boards,,,,
Startups & Innovation,startups-innovation,36,Startup Hiring & Talent Platforms,startup-hiring-talent-platforms,38,Mission-Driven Job Boards,mission-driven-job-boards,,,,
Startups & Innovation,startups-innovation,36,Startup Hiring & Talent Platforms,startup-hiring-talent-platforms,39,Nonprofit Tech Job Boards,nonprofit-tech-job-boards,,,,
Startups & Innovation,startups-innovation,36,Startup Hiring & Talent Platforms,startup-hiring-talent-platforms,40,Female-Friendly Job Boards,female-friendly-job-boards,,,,
Startups & Innovation,startups-innovation,36,Startup Hiring & Talent Platforms,startup-hiring-talent-platforms,41,Diversity Job Boards,diversity-job-boards,,,,
Startups & Innovation,startups-innovation,36,Startup Hiring & Talent Platforms,startup-hiring-talent-platforms,42,LGBTQ+ Friendly Job Boards,lgbtq-friendly-job-boards,,,,
Startups & Innovation,startups-innovation,36,Startup Hiring & Talent Platforms,startup-hiring-talent-platforms,43,Tech Bootcamp Hiring Networks,tech-bootcamp-hiring-networks,,,,
Startups & Innovation,startups-innovation,36,Startup Hiring & Talent Platforms,startup-hiring-talent-platforms,44,Tech Apprenticeship Programs,tech-apprenticeship-programs,,,,
Startups & Innovation,startups-innovation,36,Startup Hiring & Talent Platforms,startup-hiring-talent-platforms,45,Tech Internship Programs,tech-internship-programs,,,,
Startups & Innovation,startups-innovation,36,Startup Hiring & Talent Platforms,startup-hiring-talent-platforms,46,Returnship Programs,returnship-programs,,,,
Startups & Innovation,startups-innovation,36,Startup Hiring & Talent Platforms,startup-hiring-talent-platforms,47,Career Switcher Tech Programs,career-switcher-tech-programs,,,,
Startups & Innovation,startups-innovation,36,Startup Hiring & Talent Platforms,startup-hiring-talent-platforms,48,Coding Bootcamp Hiring Partners,coding-bootcamp-hiring-partners,,,,
Startups & Innovation,startups-innovation,37,"Startup Media, Newsletters & Podcasts",startup-media-newsletters-podcasts,1,Daily Startup News Sites,daily-startup-news-sites,,,,
Startups & Innovation,startups-innovation,37,"Startup Media, Newsletters & Podcasts",startup-media-newsletters-podcasts,2,Startup Newsletters,startup-newsletters,,,,
Startups & Innovation,startups-innovation,37,"Startup Media, Newsletters & Podcasts",startup-media-newsletters-podcasts,3,Investor Newsletters,investor-newsletters,,,,
Startups & Innovation,startups-innovation,37,"Startup Media, Newsletters & Podcasts",startup-media-newsletters-podcasts,4,Founder Newsletters,founder-newsletters,,,,
Startups & Innovation,startups-innovation,37,"Startup Media, Newsletters & Podcasts",startup-media-newsletters-podcasts,5,Bootstrapper Newsletters,bootstrapper-newsletters,,,,
Startups & Innovation,startups-innovation,37,"Startup Media, Newsletters & Podcasts",startup-media-newsletters-podcasts,6,Indie Hacker Newsletters,indie-hacker-newsletters,,,,
Startups & Innovation,startups-innovation,37,"Startup Media, Newsletters & Podcasts",startup-media-newsletters-podcasts,7,Climate Tech Newsletters,climate-tech-newsletters,,,,
Startups & Innovation,startups-innovation,37,"Startup Media, Newsletters & Podcasts",startup-media-newsletters-podcasts,8,AI Startup Newsletters,ai-startup-newsletters,,,,
Startups & Innovation,startups-innovation,37,"Startup Media, Newsletters & Podcasts",startup-media-newsletters-podcasts,9,Web3 Startup Newsletters,web3-startup-newsletters,,,,
Startups & Innovation,startups-innovation,37,"Startup Media, Newsletters & Podcasts",startup-media-newsletters-podcasts,10,Healthcare Startup Newsletters,healthcare-startup-newsletters,,,,
Startups & Innovation,startups-innovation,37,"Startup Media, Newsletters & Podcasts",startup-media-newsletters-podcasts,11,FinTech Newsletters,fintech-newsletters,,,,
Startups & Innovation,startups-innovation,37,"Startup Media, Newsletters & Podcasts",startup-media-newsletters-podcasts,12,Future of Work Newsletters,future-of-work-newsletters,,,,
Startups & Innovation,startups-innovation,37,"Startup Media, Newsletters & Podcasts",startup-media-newsletters-podcasts,13,Marketplace Newsletters,marketplace-newsletters,,,,
Startups & Innovation,startups-innovation,37,"Startup Media, Newsletters & Podcasts",startup-media-newsletters-podcasts,14,SaaS Newsletters,saas-newsletters,,,,
Startups & Innovation,startups-innovation,37,"Startup Media, Newsletters & Podcasts",startup-media-newsletters-podcasts,15,Open Source Newsletters,open-source-newsletters,,,,
Startups & Innovation,startups-innovation,37,"Startup Media, Newsletters & Podcasts",startup-media-newsletters-podcasts,16,Tech YouTube Channels,tech-youtube-channels,,,,
Startups & Innovation,startups-innovation,37,"Startup Media, Newsletters & Podcasts",startup-media-newsletters-podcasts,17,Founder YouTube Channels,founder-youtube-channels,,,,
Startups & Innovation,startups-innovation,37,"Startup Media, Newsletters & Podcasts",startup-media-newsletters-podcasts,18,Investor YouTube Channels,investor-youtube-channels,,,,
Startups & Innovation,startups-innovation,37,"Startup Media, Newsletters & Podcasts",startup-media-newsletters-podcasts,19,Startup Podcasts,startup-podcasts,,,,
Startups & Innovation,startups-innovation,37,"Startup Media, Newsletters & Podcasts",startup-media-newsletters-podcasts,20,Founder Podcasts,founder-podcasts,,,,
Startups & Innovation,startups-innovation,37,"Startup Media, Newsletters & Podcasts",startup-media-newsletters-podcasts,21,VC Podcasts,vc-podcasts,,,,
Startups & Innovation,startups-innovation,37,"Startup Media, Newsletters & Podcasts",startup-media-newsletters-podcasts,22,Bootstrapper Podcasts,bootstrapper-podcasts,,,,
Startups & Innovation,startups-innovation,37,"Startup Media, Newsletters & Podcasts",startup-media-newsletters-podcasts,23,Indie Hacker Podcasts,indie-hacker-podcasts,,,,
Startups & Innovation,startups-innovation,37,"Startup Media, Newsletters & Podcasts",startup-media-newsletters-podcasts,24,SaaS Founder Podcasts,saas-founder-podcasts,,,,
Startups & Innovation,startups-innovation,37,"Startup Media, Newsletters & Podcasts",startup-media-newsletters-podcasts,25,Marketplace Founder Podcasts,marketplace-founder-podcasts,,,,
Startups & Innovation,startups-innovation,37,"Startup Media, Newsletters & Podcasts",startup-media-newsletters-podcasts,26,Climate Tech Podcasts,climate-tech-podcasts,,,,
Startups & Innovation,startups-innovation,37,"Startup Media, Newsletters & Podcasts",startup-media-newsletters-podcasts,27,AI Founder Podcasts,ai-founder-podcasts,,,,
Startups & Innovation,startups-innovation,37,"Startup Media, Newsletters & Podcasts",startup-media-newsletters-podcasts,28,Web3 Founder Podcasts,web3-founder-podcasts,,,,
Startups & Innovation,startups-innovation,37,"Startup Media, Newsletters & Podcasts",startup-media-newsletters-podcasts,29,Female Founder Podcasts,female-founder-podcasts,,,,
Startups & Innovation,startups-innovation,37,"Startup Media, Newsletters & Podcasts",startup-media-newsletters-podcasts,30,Black Founder Podcasts,black-founder-podcasts,,,,
Startups & Innovation,startups-innovation,37,"Startup Media, Newsletters & Podcasts",startup-media-newsletters-podcasts,31,Tech Trade Publications,tech-trade-publications,,,,
Startups & Innovation,startups-innovation,37,"Startup Media, Newsletters & Podcasts",startup-media-newsletters-podcasts,32,Vertical Tech Publications,vertical-tech-publications,,,,
Startups & Innovation,startups-innovation,37,"Startup Media, Newsletters & Podcasts",startup-media-newsletters-podcasts,33,SaaS Trade Pubs,saas-trade-pubs,,,,
Startups & Innovation,startups-innovation,37,"Startup Media, Newsletters & Podcasts",startup-media-newsletters-podcasts,34,Climate Trade Pubs,climate-trade-pubs,,,,
Startups & Innovation,startups-innovation,37,"Startup Media, Newsletters & Podcasts",startup-media-newsletters-podcasts,35,FinTech Trade Pubs,fintech-trade-pubs,,,,
Startups & Innovation,startups-innovation,37,"Startup Media, Newsletters & Podcasts",startup-media-newsletters-podcasts,36,HealthTech Trade Pubs,healthtech-trade-pubs,,,,
Startups & Innovation,startups-innovation,37,"Startup Media, Newsletters & Podcasts",startup-media-newsletters-podcasts,37,Tech Substack Publications,tech-substack-publications,,,,
Startups & Innovation,startups-innovation,37,"Startup Media, Newsletters & Podcasts",startup-media-newsletters-podcasts,38,Tech Beehiiv Newsletters,tech-beehiiv-newsletters,,,,
Startups & Innovation,startups-innovation,37,"Startup Media, Newsletters & Podcasts",startup-media-newsletters-podcasts,39,Startup TikTok Creators,startup-tiktok-creators,,,,
Startups & Innovation,startups-innovation,37,"Startup Media, Newsletters & Podcasts",startup-media-newsletters-podcasts,40,Startup Twitter Influencers,startup-twitter-influencers,,,,
Startups & Innovation,startups-innovation,37,"Startup Media, Newsletters & Podcasts",startup-media-newsletters-podcasts,41,Startup LinkedIn Influencers,startup-linkedin-influencers,,,,
Startups & Innovation,startups-innovation,37,"Startup Media, Newsletters & Podcasts",startup-media-newsletters-podcasts,42,Founder Bloggers,founder-bloggers,,,,
Startups & Innovation,startups-innovation,37,"Startup Media, Newsletters & Podcasts",startup-media-newsletters-podcasts,43,VC Bloggers,vc-bloggers,,,,
Startups & Innovation,startups-innovation,37,"Startup Media, Newsletters & Podcasts",startup-media-newsletters-podcasts,44,Tech Essayists,tech-essayists,,,,
Startups & Innovation,startups-innovation,37,"Startup Media, Newsletters & Podcasts",startup-media-newsletters-podcasts,45,Startup Writers,startup-writers,,,,
Startups & Innovation,startups-innovation,38,Founder Education & Learning Programs,founder-education-learning-programs,1,YC Startup School Resources,yc-startup-school-resources,,,,
Startups & Innovation,startups-innovation,38,Founder Education & Learning Programs,founder-education-learning-programs,2,Reforge Programs,reforge-programs,,,,
Startups & Innovation,startups-innovation,38,Founder Education & Learning Programs,founder-education-learning-programs,3,On Deck Programs,on-deck-programs,,,,
Startups & Innovation,startups-innovation,38,Founder Education & Learning Programs,founder-education-learning-programs,4,Maven Cohort Courses,maven-cohort-courses,,,,
Startups & Innovation,startups-innovation,38,Founder Education & Learning Programs,founder-education-learning-programs,5,Section School Courses,section-school-courses,,,,
Startups & Innovation,startups-innovation,38,Founder Education & Learning Programs,founder-education-learning-programs,6,Founder Bootcamps,founder-bootcamps,,,,
Startups & Innovation,startups-innovation,38,Founder Education & Learning Programs,founder-education-learning-programs,7,Indie Hacker Courses,indie-hacker-courses,,,,
Startups & Innovation,startups-innovation,38,Founder Education & Learning Programs,founder-education-learning-programs,8,SaaS Builder Courses,saas-builder-courses,,,,
Startups & Innovation,startups-innovation,38,Founder Education & Learning Programs,founder-education-learning-programs,9,Marketplace Builder Courses,marketplace-builder-courses,,,,
Startups & Innovation,startups-innovation,38,Founder Education & Learning Programs,founder-education-learning-programs,10,No-Code Founder Courses,no-code-founder-courses,,,,
Startups & Innovation,startups-innovation,38,Founder Education & Learning Programs,founder-education-learning-programs,11,Solopreneur Courses,solopreneur-courses,,,,
Startups & Innovation,startups-innovation,38,Founder Education & Learning Programs,founder-education-learning-programs,12,Bootstrapper Courses,bootstrapper-courses,,,,
Startups & Innovation,startups-innovation,38,Founder Education & Learning Programs,founder-education-learning-programs,13,Cohort-Based Founder Courses,cohort-based-founder-courses,,,,
Startups & Innovation,startups-innovation,38,Founder Education & Learning Programs,founder-education-learning-programs,14,Self-Paced Founder Courses,self-paced-founder-courses,,,,
Startups & Innovation,startups-innovation,38,Founder Education & Learning Programs,founder-education-learning-programs,15,Female Founder Programs,female-founder-programs,,,,
Startups & Innovation,startups-innovation,38,Founder Education & Learning Programs,founder-education-learning-programs,16,Black Founder Programs,black-founder-programs,,,,
Startups & Innovation,startups-innovation,38,Founder Education & Learning Programs,founder-education-learning-programs,17,First-Time Founder Programs,first-time-founder-programs,,,,
Startups & Innovation,startups-innovation,38,Founder Education & Learning Programs,founder-education-learning-programs,18,Second-Time Founder Programs,second-time-founder-programs,,,,
Startups & Innovation,startups-innovation,38,Founder Education & Learning Programs,founder-education-learning-programs,19,Technical Founder Programs,technical-founder-programs,,,,
Startups & Innovation,startups-innovation,38,Founder Education & Learning Programs,founder-education-learning-programs,20,Non-Technical Founder Programs,non-technical-founder-programs,,,,
Startups & Innovation,startups-innovation,38,Founder Education & Learning Programs,founder-education-learning-programs,21,Sales for Founders Courses,sales-for-founders-courses,,,,
Startups & Innovation,startups-innovation,38,Founder Education & Learning Programs,founder-education-learning-programs,22,Marketing for Founders Courses,marketing-for-founders-courses,,,,
Startups & Innovation,startups-innovation,38,Founder Education & Learning Programs,founder-education-learning-programs,23,Fundraising Courses,fundraising-courses,,,,
Startups & Innovation,startups-innovation,38,Founder Education & Learning Programs,founder-education-learning-programs,24,Pitch Coaching Programs,pitch-coaching-programs,,,,
Startups & Innovation,startups-innovation,38,Founder Education & Learning Programs,founder-education-learning-programs,25,Storytelling for Founders,storytelling-for-founders,,,,
Startups & Innovation,startups-innovation,38,Founder Education & Learning Programs,founder-education-learning-programs,26,Founder Coaching Programs,founder-coaching-programs,,,,
Startups & Innovation,startups-innovation,38,Founder Education & Learning Programs,founder-education-learning-programs,27,Founder Therapy Resources,founder-therapy-resources,,,,
Startups & Innovation,startups-innovation,38,Founder Education & Learning Programs,founder-education-learning-programs,28,Founder Mental Health Programs,founder-mental-health-programs,,,,
Startups & Innovation,startups-innovation,38,Founder Education & Learning Programs,founder-education-learning-programs,29,Founder Burnout Recovery Programs,founder-burnout-recovery-programs,,,,
Startups & Innovation,startups-innovation,38,Founder Education & Learning Programs,founder-education-learning-programs,30,University Entrepreneurship Programs,university-entrepreneurship-programs,,,,
Startups & Innovation,startups-innovation,38,Founder Education & Learning Programs,founder-education-learning-programs,31,Stanford GSB Programs,stanford-gsb-programs,,,,
Startups & Innovation,startups-innovation,38,Founder Education & Learning Programs,founder-education-learning-programs,32,Harvard HBS Entrepreneurship,harvard-hbs-entrepreneurship,,,,
Startups & Innovation,startups-innovation,38,Founder Education & Learning Programs,founder-education-learning-programs,33,Wharton Entrepreneurship,wharton-entrepreneurship,,,,
Startups & Innovation,startups-innovation,38,Founder Education & Learning Programs,founder-education-learning-programs,34,MIT Entrepreneurship,mit-entrepreneurship,,,,
Startups & Innovation,startups-innovation,38,Founder Education & Learning Programs,founder-education-learning-programs,35,Berkeley Haas Entrepreneurship,berkeley-haas-entrepreneurship,,,,
Startups & Innovation,startups-innovation,38,Founder Education & Learning Programs,founder-education-learning-programs,36,Insead Entrepreneurship,insead-entrepreneurship,,,,
Startups & Innovation,startups-innovation,38,Founder Education & Learning Programs,founder-education-learning-programs,37,MBA Startup Tracks,mba-startup-tracks,,,,
Startups & Innovation,startups-innovation,38,Founder Education & Learning Programs,founder-education-learning-programs,38,Executive Education for Founders,executive-education-for-founders,,,,
Startups & Innovation,startups-innovation,38,Founder Education & Learning Programs,founder-education-learning-programs,39,Entrepreneurship Books,entrepreneurship-books,,,,
Startups & Innovation,startups-innovation,38,Founder Education & Learning Programs,founder-education-learning-programs,40,Founder Memoirs,founder-memoirs,,,,
Startups & Innovation,startups-innovation,38,Founder Education & Learning Programs,founder-education-learning-programs,41,VC Books,vc-books,,,,
Startups & Innovation,startups-innovation,38,Founder Education & Learning Programs,founder-education-learning-programs,42,Tech Industry Books,tech-industry-books,,,,
Startups & Innovation,startups-innovation,38,Founder Education & Learning Programs,founder-education-learning-programs,43,Startup Audiobooks,startup-audiobooks,,,,
Startups & Innovation,startups-innovation,38,Founder Education & Learning Programs,founder-education-learning-programs,44,Tech Audio Documentaries,tech-audio-documentaries,,,,
Startups & Innovation,startups-innovation,39,Startup Ecosystems by City & Region,startup-ecosystems-by-city-region,1,Silicon Valley Startup Ecosystem,silicon-valley-startup-ecosystem,1,Asia-Pacific Startups,Tokyo Startups,asia-pacific-startups-tokyo-startups
Startups & Innovation,startups-innovation,39,Startup Ecosystems by City & Region,startup-ecosystems-by-city-region,1,Silicon Valley Startup Ecosystem,silicon-valley-startup-ecosystem,2,Asia-Pacific Startups,Seoul Startups,asia-pacific-startups-seoul-startups
Startups & Innovation,startups-innovation,39,Startup Ecosystems by City & Region,startup-ecosystems-by-city-region,1,Silicon Valley Startup Ecosystem,silicon-valley-startup-ecosystem,3,Asia-Pacific Startups,Dubai Startups,asia-pacific-startups-dubai-startups
Startups & Innovation,startups-innovation,39,Startup Ecosystems by City & Region,startup-ecosystems-by-city-region,1,Silicon Valley Startup Ecosystem,silicon-valley-startup-ecosystem,4,Asia-Pacific Startups,Jakarta Startups,asia-pacific-startups-jakarta-startups
Startups & Innovation,startups-innovation,39,Startup Ecosystems by City & Region,startup-ecosystems-by-city-region,1,Silicon Valley Startup Ecosystem,silicon-valley-startup-ecosystem,5,Asia-Pacific Startups,Bangkok Startups,asia-pacific-startups-bangkok-startups
Startups & Innovation,startups-innovation,39,Startup Ecosystems by City & Region,startup-ecosystems-by-city-region,1,Silicon Valley Startup Ecosystem,silicon-valley-startup-ecosystem,6,Asia-Pacific Startups,Manila Startups,asia-pacific-startups-manila-startups
Startups & Innovation,startups-innovation,39,Startup Ecosystems by City & Region,startup-ecosystems-by-city-region,1,Silicon Valley Startup Ecosystem,silicon-valley-startup-ecosystem,7,European Startup Ecosystem,London Startups,european-startup-ecosystem-london-startups
Startups & Innovation,startups-innovation,39,Startup Ecosystems by City & Region,startup-ecosystems-by-city-region,1,Silicon Valley Startup Ecosystem,silicon-valley-startup-ecosystem,8,European Startup Ecosystem,Berlin Startups,european-startup-ecosystem-berlin-startups
Startups & Innovation,startups-innovation,39,Startup Ecosystems by City & Region,startup-ecosystems-by-city-region,1,Silicon Valley Startup Ecosystem,silicon-valley-startup-ecosystem,9,European Startup Ecosystem,Paris Startups,european-startup-ecosystem-paris-startups
Startups & Innovation,startups-innovation,39,Startup Ecosystems by City & Region,startup-ecosystems-by-city-region,1,Silicon Valley Startup Ecosystem,silicon-valley-startup-ecosystem,10,European Startup Ecosystem,Amsterdam Startups,european-startup-ecosystem-amsterdam-startups
Startups & Innovation,startups-innovation,39,Startup Ecosystems by City & Region,startup-ecosystems-by-city-region,1,Silicon Valley Startup Ecosystem,silicon-valley-startup-ecosystem,11,European Startup Ecosystem,Stockholm Startups,european-startup-ecosystem-stockholm-startups
Startups & Innovation,startups-innovation,39,Startup Ecosystems by City & Region,startup-ecosystems-by-city-region,1,Silicon Valley Startup Ecosystem,silicon-valley-startup-ecosystem,12,European Startup Ecosystem,Lisbon Startups,european-startup-ecosystem-lisbon-startups
Startups & Innovation,startups-innovation,39,Startup Ecosystems by City & Region,startup-ecosystems-by-city-region,1,Silicon Valley Startup Ecosystem,silicon-valley-startup-ecosystem,13,European Startup Ecosystem,Barcelona Startups,european-startup-ecosystem-barcelona-startups
Startups & Innovation,startups-innovation,39,Startup Ecosystems by City & Region,startup-ecosystems-by-city-region,1,Silicon Valley Startup Ecosystem,silicon-valley-startup-ecosystem,14,European Startup Ecosystem,Dublin Startups,european-startup-ecosystem-dublin-startups
Startups & Innovation,startups-innovation,39,Startup Ecosystems by City & Region,startup-ecosystems-by-city-region,1,Silicon Valley Startup Ecosystem,silicon-valley-startup-ecosystem,15,European Startup Ecosystem,Tallinn Startups,european-startup-ecosystem-tallinn-startups
Startups & Innovation,startups-innovation,39,Startup Ecosystems by City & Region,startup-ecosystems-by-city-region,1,Silicon Valley Startup Ecosystem,silicon-valley-startup-ecosystem,16,European Startup Ecosystem,Zurich Startups,european-startup-ecosystem-zurich-startups
Startups & Innovation,startups-innovation,39,Startup Ecosystems by City & Region,startup-ecosystems-by-city-region,1,Silicon Valley Startup Ecosystem,silicon-valley-startup-ecosystem,17,Indian Startup Ecosystem,Bangalore Startups,indian-startup-ecosystem-bangalore-startups
Startups & Innovation,startups-innovation,39,Startup Ecosystems by City & Region,startup-ecosystems-by-city-region,1,Silicon Valley Startup Ecosystem,silicon-valley-startup-ecosystem,18,Indian Startup Ecosystem,Hyderabad Startups,indian-startup-ecosystem-hyderabad-startups
Startups & Innovation,startups-innovation,39,Startup Ecosystems by City & Region,startup-ecosystems-by-city-region,1,Silicon Valley Startup Ecosystem,silicon-valley-startup-ecosystem,19,Indian Startup Ecosystem,Pune Startups,indian-startup-ecosystem-pune-startups
Startups & Innovation,startups-innovation,39,Startup Ecosystems by City & Region,startup-ecosystems-by-city-region,1,Silicon Valley Startup Ecosystem,silicon-valley-startup-ecosystem,20,Indian Startup Ecosystem,Chennai Startups,indian-startup-ecosystem-chennai-startups
Startups & Innovation,startups-innovation,39,Startup Ecosystems by City & Region,startup-ecosystems-by-city-region,1,Silicon Valley Startup Ecosystem,silicon-valley-startup-ecosystem,21,Indian Startup Ecosystem,Ahmedabad Startups,indian-startup-ecosystem-ahmedabad-startups
Startups & Innovation,startups-innovation,39,Startup Ecosystems by City & Region,startup-ecosystems-by-city-region,1,Silicon Valley Startup Ecosystem,silicon-valley-startup-ecosystem,22,Indian Startup Ecosystem,Kolkata Startups,indian-startup-ecosystem-kolkata-startups
Startups & Innovation,startups-innovation,39,Startup Ecosystems by City & Region,startup-ecosystems-by-city-region,1,Silicon Valley Startup Ecosystem,silicon-valley-startup-ecosystem,23,Indian Startup Ecosystem,Jaipur Startups,indian-startup-ecosystem-jaipur-startups
Startups & Innovation,startups-innovation,39,Startup Ecosystems by City & Region,startup-ecosystems-by-city-region,1,Silicon Valley Startup Ecosystem,silicon-valley-startup-ecosystem,24,Indian Startup Ecosystem,Kochi Startups,indian-startup-ecosystem-kochi-startups
Startups & Innovation,startups-innovation,39,Startup Ecosystems by City & Region,startup-ecosystems-by-city-region,1,Silicon Valley Startup Ecosystem,silicon-valley-startup-ecosystem,25,American Startup Ecosystem,Silicon Valley Startups,american-startup-ecosystem-silicon-valley-startups
Startups & Innovation,startups-innovation,39,Startup Ecosystems by City & Region,startup-ecosystems-by-city-region,1,Silicon Valley Startup Ecosystem,silicon-valley-startup-ecosystem,26,American Startup Ecosystem,NYC Startups,american-startup-ecosystem-nyc-startups
Startups & Innovation,startups-innovation,39,Startup Ecosystems by City & Region,startup-ecosystems-by-city-region,1,Silicon Valley Startup Ecosystem,silicon-valley-startup-ecosystem,27,American Startup Ecosystem,Boston Startups,american-startup-ecosystem-boston-startups
Startups & Innovation,startups-innovation,39,Startup Ecosystems by City & Region,startup-ecosystems-by-city-region,1,Silicon Valley Startup Ecosystem,silicon-valley-startup-ecosystem,28,American Startup Ecosystem,Seattle Startups,american-startup-ecosystem-seattle-startups
Startups & Innovation,startups-innovation,39,Startup Ecosystems by City & Region,startup-ecosystems-by-city-region,1,Silicon Valley Startup Ecosystem,silicon-valley-startup-ecosystem,29,American Startup Ecosystem,LA Startups,american-startup-ecosystem-la-startups
Startups & Innovation,startups-innovation,39,Startup Ecosystems by City & Region,startup-ecosystems-by-city-region,1,Silicon Valley Startup Ecosystem,silicon-valley-startup-ecosystem,30,American Startup Ecosystem,Miami Startups,american-startup-ecosystem-miami-startups
Startups & Innovation,startups-innovation,39,Startup Ecosystems by City & Region,startup-ecosystems-by-city-region,1,Silicon Valley Startup Ecosystem,silicon-valley-startup-ecosystem,31,American Startup Ecosystem,Chicago Startups,american-startup-ecosystem-chicago-startups
Startups & Innovation,startups-innovation,39,Startup Ecosystems by City & Region,startup-ecosystems-by-city-region,1,Silicon Valley Startup Ecosystem,silicon-valley-startup-ecosystem,32,American Startup Ecosystem,Atlanta Startups,american-startup-ecosystem-atlanta-startups
Startups & Innovation,startups-innovation,39,Startup Ecosystems by City & Region,startup-ecosystems-by-city-region,2,San Francisco Bay Area Startups,san-francisco-bay-area-startups,,,,
Startups & Innovation,startups-innovation,39,Startup Ecosystems by City & Region,startup-ecosystems-by-city-region,3,Palo Alto Startup Hub,palo-alto-startup-hub,,,,
Startups & Innovation,startups-innovation,39,Startup Ecosystems by City & Region,startup-ecosystems-by-city-region,4,Mountain View Startup Hub,mountain-view-startup-hub,,,,
Startups & Innovation,startups-innovation,39,Startup Ecosystems by City & Region,startup-ecosystems-by-city-region,5,Oakland Tech Scene,oakland-tech-scene,,,,
Startups & Innovation,startups-innovation,39,Startup Ecosystems by City & Region,startup-ecosystems-by-city-region,6,San Jose Tech Scene,san-jose-tech-scene,,,,
Startups & Innovation,startups-innovation,39,Startup Ecosystems by City & Region,startup-ecosystems-by-city-region,7,New York City Startup Ecosystem,new-york-city-startup-ecosystem,,,,
Startups & Innovation,startups-innovation,39,Startup Ecosystems by City & Region,startup-ecosystems-by-city-region,8,Brooklyn Tech Scene,brooklyn-tech-scene,,,,
Startups & Innovation,startups-innovation,39,Startup Ecosystems by City & Region,startup-ecosystems-by-city-region,9,Manhattan Startup Hub,manhattan-startup-hub,,,,
Startups & Innovation,startups-innovation,39,Startup Ecosystems by City & Region,startup-ecosystems-by-city-region,10,Boston Tech Ecosystem,boston-tech-ecosystem,,,,
Startups & Innovation,startups-innovation,39,Startup Ecosystems by City & Region,startup-ecosystems-by-city-region,11,Cambridge Tech Hub,cambridge-tech-hub,,,,
Startups & Innovation,startups-innovation,39,Startup Ecosystems by City & Region,startup-ecosystems-by-city-region,12,Greater Boston Biotech Cluster,greater-boston-biotech-cluster,,,,
Startups & Innovation,startups-innovation,39,Startup Ecosystems by City & Region,startup-ecosystems-by-city-region,13,Austin Texas Startup Ecosystem,austin-texas-startup-ecosystem,1,American Startup Ecosystem,Austin Startups,american-startup-ecosystem-austin-startups
Startups & Innovation,startups-innovation,39,Startup Ecosystems by City & Region,startup-ecosystems-by-city-region,14,Dallas Tech Scene,dallas-tech-scene,,,,
Startups & Innovation,startups-innovation,39,Startup Ecosystems by City & Region,startup-ecosystems-by-city-region,15,Houston Tech Scene,houston-tech-scene,,,,
Startups & Innovation,startups-innovation,39,Startup Ecosystems by City & Region,startup-ecosystems-by-city-region,16,Denver Boulder Startup Ecosystem,denver-boulder-startup-ecosystem,1,American Startup Ecosystem,Denver Startups,american-startup-ecosystem-denver-startups
Startups & Innovation,startups-innovation,39,Startup Ecosystems by City & Region,startup-ecosystems-by-city-region,17,Salt Lake City Tech Scene,salt-lake-city-tech-scene,,,,
Startups & Innovation,startups-innovation,39,Startup Ecosystems by City & Region,startup-ecosystems-by-city-region,18,Phoenix Tech Scene,phoenix-tech-scene,,,,
Startups & Innovation,startups-innovation,39,Startup Ecosystems by City & Region,startup-ecosystems-by-city-region,19,Seattle Tech Ecosystem,seattle-tech-ecosystem,,,,
Startups & Innovation,startups-innovation,39,Startup Ecosystems by City & Region,startup-ecosystems-by-city-region,20,Portland Tech Scene,portland-tech-scene,,,,
Startups & Innovation,startups-innovation,39,Startup Ecosystems by City & Region,startup-ecosystems-by-city-region,21,Las Vegas Tech Scene,las-vegas-tech-scene,,,,
Startups & Innovation,startups-innovation,39,Startup Ecosystems by City & Region,startup-ecosystems-by-city-region,22,Los Angeles Startup Ecosystem,los-angeles-startup-ecosystem,,,,
Startups & Innovation,startups-innovation,39,Startup Ecosystems by City & Region,startup-ecosystems-by-city-region,23,Orange County Tech Scene,orange-county-tech-scene,,,,
Startups & Innovation,startups-innovation,39,Startup Ecosystems by City & Region,startup-ecosystems-by-city-region,24,San Diego Biotech Cluster,san-diego-biotech-cluster,,,,
Startups & Innovation,startups-innovation,39,Startup Ecosystems by City & Region,startup-ecosystems-by-city-region,25,Miami Tech Hub,miami-tech-hub,,,,
Startups & Innovation,startups-innovation,39,Startup Ecosystems by City & Region,startup-ecosystems-by-city-region,26,Tampa Tech Scene,tampa-tech-scene,,,,
Startups & Innovation,startups-innovation,39,Startup Ecosystems by City & Region,startup-ecosystems-by-city-region,27,Orlando Tech Scene,orlando-tech-scene,,,,
Startups & Innovation,startups-innovation,39,Startup Ecosystems by City & Region,startup-ecosystems-by-city-region,28,Chicago Tech Ecosystem,chicago-tech-ecosystem,,,,
Startups & Innovation,startups-innovation,39,Startup Ecosystems by City & Region,startup-ecosystems-by-city-region,29,Minneapolis Tech Scene,minneapolis-tech-scene,,,,
Startups & Innovation,startups-innovation,39,Startup Ecosystems by City & Region,startup-ecosystems-by-city-region,30,St. Louis Tech Scene,st-louis-tech-scene,,,,
Startups & Innovation,startups-innovation,39,Startup Ecosystems by City & Region,startup-ecosystems-by-city-region,31,Pittsburgh Robotics Cluster,pittsburgh-robotics-cluster,,,,
Startups & Innovation,startups-innovation,39,Startup Ecosystems by City & Region,startup-ecosystems-by-city-region,32,Detroit Mobility Cluster,detroit-mobility-cluster,,,,
Startups & Innovation,startups-innovation,39,Startup Ecosystems by City & Region,startup-ecosystems-by-city-region,33,Columbus Tech Scene,columbus-tech-scene,,,,
Startups & Innovation,startups-innovation,39,Startup Ecosystems by City & Region,startup-ecosystems-by-city-region,34,Nashville Health Tech Cluster,nashville-health-tech-cluster,,,,
Startups & Innovation,startups-innovation,39,Startup Ecosystems by City & Region,startup-ecosystems-by-city-region,35,Atlanta Tech Ecosystem,atlanta-tech-ecosystem,,,,
Startups & Innovation,startups-innovation,39,Startup Ecosystems by City & Region,startup-ecosystems-by-city-region,36,Raleigh Durham Research Triangle,raleigh-durham-research-triangle,,,,
Startups & Innovation,startups-innovation,39,Startup Ecosystems by City & Region,startup-ecosystems-by-city-region,37,Charlotte FinTech Cluster,charlotte-fintech-cluster,,,,
Startups & Innovation,startups-innovation,39,Startup Ecosystems by City & Region,startup-ecosystems-by-city-region,38,Washington DC Tech Scene,washington-dc-tech-scene,,,,
Startups & Innovation,startups-innovation,39,Startup Ecosystems by City & Region,startup-ecosystems-by-city-region,39,Northern Virginia Tech Scene,northern-virginia-tech-scene,,,,
Startups & Innovation,startups-innovation,39,Startup Ecosystems by City & Region,startup-ecosystems-by-city-region,40,Philadelphia Tech Scene,philadelphia-tech-scene,,,,
Startups & Innovation,startups-innovation,39,Startup Ecosystems by City & Region,startup-ecosystems-by-city-region,41,Baltimore Tech Scene,baltimore-tech-scene,,,,
Startups & Innovation,startups-innovation,39,Startup Ecosystems by City & Region,startup-ecosystems-by-city-region,42,Toronto Startup Ecosystem,toronto-startup-ecosystem,,,,
Startups & Innovation,startups-innovation,39,Startup Ecosystems by City & Region,startup-ecosystems-by-city-region,43,Vancouver Tech Scene,vancouver-tech-scene,,,,
Startups & Innovation,startups-innovation,39,Startup Ecosystems by City & Region,startup-ecosystems-by-city-region,44,Montreal AI Cluster,montreal-ai-cluster,,,,
Startups & Innovation,startups-innovation,39,Startup Ecosystems by City & Region,startup-ecosystems-by-city-region,45,Calgary Energy Tech Hub,calgary-energy-tech-hub,,,,
Startups & Innovation,startups-innovation,39,Startup Ecosystems by City & Region,startup-ecosystems-by-city-region,46,Waterloo Tech Hub,waterloo-tech-hub,,,,
Startups & Innovation,startups-innovation,39,Startup Ecosystems by City & Region,startup-ecosystems-by-city-region,47,Mexico City Tech Hub,mexico-city-tech-hub,,,,
Startups & Innovation,startups-innovation,39,Startup Ecosystems by City & Region,startup-ecosystems-by-city-region,48,Guadalajara Tech Hub,guadalajara-tech-hub,,,,
Startups & Innovation,startups-innovation,39,Startup Ecosystems by City & Region,startup-ecosystems-by-city-region,49,Monterrey Tech Hub,monterrey-tech-hub,,,,
Startups & Innovation,startups-innovation,39,Startup Ecosystems by City & Region,startup-ecosystems-by-city-region,50,São Paulo Startup Ecosystem,so-paulo-startup-ecosystem,,,,
Startups & Innovation,startups-innovation,39,Startup Ecosystems by City & Region,startup-ecosystems-by-city-region,51,Rio de Janeiro Tech Scene,rio-de-janeiro-tech-scene,,,,
Startups & Innovation,startups-innovation,39,Startup Ecosystems by City & Region,startup-ecosystems-by-city-region,52,Belo Horizonte Tech Scene,belo-horizonte-tech-scene,,,,
Startups & Innovation,startups-innovation,39,Startup Ecosystems by City & Region,startup-ecosystems-by-city-region,53,Florianópolis Tech Hub,florianpolis-tech-hub,,,,
Startups & Innovation,startups-innovation,39,Startup Ecosystems by City & Region,startup-ecosystems-by-city-region,54,Buenos Aires Tech Scene,buenos-aires-tech-scene,,,,
Startups & Innovation,startups-innovation,39,Startup Ecosystems by City & Region,startup-ecosystems-by-city-region,55,Santiago Tech Scene,santiago-tech-scene,,,,
Startups & Innovation,startups-innovation,39,Startup Ecosystems by City & Region,startup-ecosystems-by-city-region,56,Bogotá Tech Scene,bogot-tech-scene,,,,
Startups & Innovation,startups-innovation,39,Startup Ecosystems by City & Region,startup-ecosystems-by-city-region,57,Medellín Tech Hub,medelln-tech-hub,,,,
Startups & Innovation,startups-innovation,39,Startup Ecosystems by City & Region,startup-ecosystems-by-city-region,58,Lima Tech Scene,lima-tech-scene,,,,
Startups & Innovation,startups-innovation,39,Startup Ecosystems by City & Region,startup-ecosystems-by-city-region,59,London Tech Ecosystem,london-tech-ecosystem,,,,
Startups & Innovation,startups-innovation,39,Startup Ecosystems by City & Region,startup-ecosystems-by-city-region,60,Manchester Tech Scene,manchester-tech-scene,,,,
Startups & Innovation,startups-innovation,39,Startup Ecosystems by City & Region,startup-ecosystems-by-city-region,61,Edinburgh Tech Scene,edinburgh-tech-scene,,,,
Startups & Innovation,startups-innovation,39,Startup Ecosystems by City & Region,startup-ecosystems-by-city-region,62,Dublin Tech Scene,dublin-tech-scene,,,,
Startups & Innovation,startups-innovation,39,Startup Ecosystems by City & Region,startup-ecosystems-by-city-region,63,Paris Tech Ecosystem,paris-tech-ecosystem,,,,
Startups & Innovation,startups-innovation,39,Startup Ecosystems by City & Region,startup-ecosystems-by-city-region,64,Lyon Tech Scene,lyon-tech-scene,,,,
Startups & Innovation,startups-innovation,39,Startup Ecosystems by City & Region,startup-ecosystems-by-city-region,65,Marseille Tech Scene,marseille-tech-scene,,,,
Startups & Innovation,startups-innovation,39,Startup Ecosystems by City & Region,startup-ecosystems-by-city-region,66,Berlin Tech Ecosystem,berlin-tech-ecosystem,,,,
Startups & Innovation,startups-innovation,39,Startup Ecosystems by City & Region,startup-ecosystems-by-city-region,67,Munich Tech Scene,munich-tech-scene,,,,
Startups & Innovation,startups-innovation,39,Startup Ecosystems by City & Region,startup-ecosystems-by-city-region,68,Hamburg Tech Scene,hamburg-tech-scene,,,,
Startups & Innovation,startups-innovation,39,Startup Ecosystems by City & Region,startup-ecosystems-by-city-region,69,Frankfurt FinTech Hub,frankfurt-fintech-hub,,,,
Startups & Innovation,startups-innovation,39,Startup Ecosystems by City & Region,startup-ecosystems-by-city-region,70,Amsterdam Tech Ecosystem,amsterdam-tech-ecosystem,,,,
Startups & Innovation,startups-innovation,39,Startup Ecosystems by City & Region,startup-ecosystems-by-city-region,71,Rotterdam Tech Scene,rotterdam-tech-scene,,,,
Startups & Innovation,startups-innovation,39,Startup Ecosystems by City & Region,startup-ecosystems-by-city-region,72,Brussels Tech Scene,brussels-tech-scene,,,,
Startups & Innovation,startups-innovation,39,Startup Ecosystems by City & Region,startup-ecosystems-by-city-region,73,Stockholm Tech Ecosystem,stockholm-tech-ecosystem,,,,
Startups & Innovation,startups-innovation,39,Startup Ecosystems by City & Region,startup-ecosystems-by-city-region,74,Gothenburg Tech Scene,gothenburg-tech-scene,,,,
Startups & Innovation,startups-innovation,39,Startup Ecosystems by City & Region,startup-ecosystems-by-city-region,75,Copenhagen Tech Ecosystem,copenhagen-tech-ecosystem,,,,
Startups & Innovation,startups-innovation,39,Startup Ecosystems by City & Region,startup-ecosystems-by-city-region,76,Oslo Tech Scene,oslo-tech-scene,,,,
Startups & Innovation,startups-innovation,39,Startup Ecosystems by City & Region,startup-ecosystems-by-city-region,77,Helsinki Tech Ecosystem,helsinki-tech-ecosystem,,,,
Startups & Innovation,startups-innovation,39,Startup Ecosystems by City & Region,startup-ecosystems-by-city-region,78,Reykjavik Tech Scene,reykjavik-tech-scene,,,,
Startups & Innovation,startups-innovation,39,Startup Ecosystems by City & Region,startup-ecosystems-by-city-region,79,Zurich Tech Scene,zurich-tech-scene,,,,
Startups & Innovation,startups-innovation,39,Startup Ecosystems by City & Region,startup-ecosystems-by-city-region,80,Geneva Tech Scene,geneva-tech-scene,,,,
Startups & Innovation,startups-innovation,39,Startup Ecosystems by City & Region,startup-ecosystems-by-city-region,81,Vienna Tech Scene,vienna-tech-scene,,,,
Startups & Innovation,startups-innovation,39,Startup Ecosystems by City & Region,startup-ecosystems-by-city-region,82,Prague Tech Scene,prague-tech-scene,,,,
Startups & Innovation,startups-innovation,39,Startup Ecosystems by City & Region,startup-ecosystems-by-city-region,83,Warsaw Tech Scene,warsaw-tech-scene,,,,
Startups & Innovation,startups-innovation,39,Startup Ecosystems by City & Region,startup-ecosystems-by-city-region,84,Krakow Tech Scene,krakow-tech-scene,,,,
Startups & Innovation,startups-innovation,39,Startup Ecosystems by City & Region,startup-ecosystems-by-city-region,85,Budapest Tech Scene,budapest-tech-scene,,,,
Startups & Innovation,startups-innovation,39,Startup Ecosystems by City & Region,startup-ecosystems-by-city-region,86,Bucharest Tech Scene,bucharest-tech-scene,,,,
Startups & Innovation,startups-innovation,39,Startup Ecosystems by City & Region,startup-ecosystems-by-city-region,87,Sofia Tech Scene,sofia-tech-scene,,,,
Startups & Innovation,startups-innovation,39,Startup Ecosystems by City & Region,startup-ecosystems-by-city-region,88,Lisbon Tech Ecosystem,lisbon-tech-ecosystem,,,,
Startups & Innovation,startups-innovation,39,Startup Ecosystems by City & Region,startup-ecosystems-by-city-region,89,Porto Tech Scene,porto-tech-scene,,,,
Startups & Innovation,startups-innovation,39,Startup Ecosystems by City & Region,startup-ecosystems-by-city-region,90,Madrid Tech Ecosystem,madrid-tech-ecosystem,,,,
Startups & Innovation,startups-innovation,39,Startup Ecosystems by City & Region,startup-ecosystems-by-city-region,91,Barcelona Tech Ecosystem,barcelona-tech-ecosystem,,,,
Startups & Innovation,startups-innovation,39,Startup Ecosystems by City & Region,startup-ecosystems-by-city-region,92,Valencia Tech Scene,valencia-tech-scene,,,,
Startups & Innovation,startups-innovation,39,Startup Ecosystems by City & Region,startup-ecosystems-by-city-region,93,Milan Tech Scene,milan-tech-scene,,,,
Startups & Innovation,startups-innovation,39,Startup Ecosystems by City & Region,startup-ecosystems-by-city-region,94,Rome Tech Scene,rome-tech-scene,,,,
Startups & Innovation,startups-innovation,39,Startup Ecosystems by City & Region,startup-ecosystems-by-city-region,95,Athens Tech Scene,athens-tech-scene,,,,
Startups & Innovation,startups-innovation,39,Startup Ecosystems by City & Region,startup-ecosystems-by-city-region,96,Istanbul Tech Ecosystem,istanbul-tech-ecosystem,,,,
Startups & Innovation,startups-innovation,39,Startup Ecosystems by City & Region,startup-ecosystems-by-city-region,97,Tel Aviv Startup Ecosystem,tel-aviv-startup-ecosystem,1,Asia-Pacific Startups,Tel Aviv Startups,asia-pacific-startups-tel-aviv-startups
Startups & Innovation,startups-innovation,39,Startup Ecosystems by City & Region,startup-ecosystems-by-city-region,98,Jerusalem Tech Scene,jerusalem-tech-scene,,,,
Startups & Innovation,startups-innovation,39,Startup Ecosystems by City & Region,startup-ecosystems-by-city-region,99,Dubai Tech Ecosystem,dubai-tech-ecosystem,,,,
Startups & Innovation,startups-innovation,39,Startup Ecosystems by City & Region,startup-ecosystems-by-city-region,100,Abu Dhabi Tech Scene,abu-dhabi-tech-scene,,,,
Startups & Innovation,startups-innovation,39,Startup Ecosystems by City & Region,startup-ecosystems-by-city-region,101,Riyadh Tech Scene,riyadh-tech-scene,,,,
Startups & Innovation,startups-innovation,39,Startup Ecosystems by City & Region,startup-ecosystems-by-city-region,102,Doha Tech Scene,doha-tech-scene,,,,
Startups & Innovation,startups-innovation,39,Startup Ecosystems by City & Region,startup-ecosystems-by-city-region,103,Cairo Tech Scene,cairo-tech-scene,,,,
Startups & Innovation,startups-innovation,39,Startup Ecosystems by City & Region,startup-ecosystems-by-city-region,104,Lagos Tech Ecosystem,lagos-tech-ecosystem,,,,
Startups & Innovation,startups-innovation,39,Startup Ecosystems by City & Region,startup-ecosystems-by-city-region,105,Nairobi Tech Ecosystem,nairobi-tech-ecosystem,,,,
Startups & Innovation,startups-innovation,39,Startup Ecosystems by City & Region,startup-ecosystems-by-city-region,106,Cape Town Tech Scene,cape-town-tech-scene,,,,
Startups & Innovation,startups-innovation,39,Startup Ecosystems by City & Region,startup-ecosystems-by-city-region,107,Johannesburg Tech Scene,johannesburg-tech-scene,,,,
Startups & Innovation,startups-innovation,39,Startup Ecosystems by City & Region,startup-ecosystems-by-city-region,108,Accra Tech Scene,accra-tech-scene,,,,
Startups & Innovation,startups-innovation,39,Startup Ecosystems by City & Region,startup-ecosystems-by-city-region,109,Kigali Tech Scene,kigali-tech-scene,,,,
Startups & Innovation,startups-innovation,39,Startup Ecosystems by City & Region,startup-ecosystems-by-city-region,110,Mumbai Startup Ecosystem,mumbai-startup-ecosystem,1,Indian Startup Ecosystem,Mumbai Startups,indian-startup-ecosystem-mumbai-startups
Startups & Innovation,startups-innovation,39,Startup Ecosystems by City & Region,startup-ecosystems-by-city-region,111,Delhi NCR Startup Ecosystem,delhi-ncr-startup-ecosystem,1,Indian Startup Ecosystem,Delhi NCR Startups,indian-startup-ecosystem-delhi-ncr-startups
Startups & Innovation,startups-innovation,39,Startup Ecosystems by City & Region,startup-ecosystems-by-city-region,112,Bengaluru Startup Ecosystem,bengaluru-startup-ecosystem,,,,
Startups & Innovation,startups-innovation,39,Startup Ecosystems by City & Region,startup-ecosystems-by-city-region,113,Hyderabad Tech Scene,hyderabad-tech-scene,,,,
Startups & Innovation,startups-innovation,39,Startup Ecosystems by City & Region,startup-ecosystems-by-city-region,114,Pune Tech Scene,pune-tech-scene,,,,
Startups & Innovation,startups-innovation,39,Startup Ecosystems by City & Region,startup-ecosystems-by-city-region,115,Ahmedabad Tech Scene,ahmedabad-tech-scene,,,,
Startups & Innovation,startups-innovation,39,Startup Ecosystems by City & Region,startup-ecosystems-by-city-region,116,Chennai Tech Scene,chennai-tech-scene,,,,
Startups & Innovation,startups-innovation,39,Startup Ecosystems by City & Region,startup-ecosystems-by-city-region,117,Kolkata Tech Scene,kolkata-tech-scene,,,,
Startups & Innovation,startups-innovation,39,Startup Ecosystems by City & Region,startup-ecosystems-by-city-region,118,Karachi Tech Scene,karachi-tech-scene,,,,
Startups & Innovation,startups-innovation,39,Startup Ecosystems by City & Region,startup-ecosystems-by-city-region,119,Lahore Tech Scene,lahore-tech-scene,,,,
Startups & Innovation,startups-innovation,39,Startup Ecosystems by City & Region,startup-ecosystems-by-city-region,120,Dhaka Tech Scene,dhaka-tech-scene,,,,
Startups & Innovation,startups-innovation,39,Startup Ecosystems by City & Region,startup-ecosystems-by-city-region,121,Colombo Tech Scene,colombo-tech-scene,,,,
Startups & Innovation,startups-innovation,39,Startup Ecosystems by City & Region,startup-ecosystems-by-city-region,122,Singapore Startup Ecosystem,singapore-startup-ecosystem,1,Asia-Pacific Startups,Singapore Startups,asia-pacific-startups-singapore-startups
Startups & Innovation,startups-innovation,39,Startup Ecosystems by City & Region,startup-ecosystems-by-city-region,123,Kuala Lumpur Tech Scene,kuala-lumpur-tech-scene,,,,
Startups & Innovation,startups-innovation,39,Startup Ecosystems by City & Region,startup-ecosystems-by-city-region,124,Jakarta Tech Ecosystem,jakarta-tech-ecosystem,,,,
Startups & Innovation,startups-innovation,39,Startup Ecosystems by City & Region,startup-ecosystems-by-city-region,125,Bandung Tech Scene,bandung-tech-scene,,,,
Startups & Innovation,startups-innovation,39,Startup Ecosystems by City & Region,startup-ecosystems-by-city-region,126,Manila Tech Scene,manila-tech-scene,,,,
Startups & Innovation,startups-innovation,39,Startup Ecosystems by City & Region,startup-ecosystems-by-city-region,127,Cebu Tech Scene,cebu-tech-scene,,,,
Startups & Innovation,startups-innovation,39,Startup Ecosystems by City & Region,startup-ecosystems-by-city-region,128,Hanoi Tech Scene,hanoi-tech-scene,,,,
Startups & Innovation,startups-innovation,39,Startup Ecosystems by City & Region,startup-ecosystems-by-city-region,129,Ho Chi Minh City Tech Scene,ho-chi-minh-city-tech-scene,1,Asia-Pacific Startups,Ho Chi Minh Startups,asia-pacific-startups-ho-chi-minh-startups
Startups & Innovation,startups-innovation,39,Startup Ecosystems by City & Region,startup-ecosystems-by-city-region,130,Bangkok Tech Ecosystem,bangkok-tech-ecosystem,,,,
Startups & Innovation,startups-innovation,39,Startup Ecosystems by City & Region,startup-ecosystems-by-city-region,131,Chiang Mai Tech Scene,chiang-mai-tech-scene,,,,
Startups & Innovation,startups-innovation,39,Startup Ecosystems by City & Region,startup-ecosystems-by-city-region,132,Phnom Penh Tech Scene,phnom-penh-tech-scene,,,,
Startups & Innovation,startups-innovation,39,Startup Ecosystems by City & Region,startup-ecosystems-by-city-region,133,Tokyo Tech Ecosystem,tokyo-tech-ecosystem,,,,
Startups & Innovation,startups-innovation,39,Startup Ecosystems by City & Region,startup-ecosystems-by-city-region,134,Osaka Tech Scene,osaka-tech-scene,,,,
Startups & Innovation,startups-innovation,39,Startup Ecosystems by City & Region,startup-ecosystems-by-city-region,135,Fukuoka Tech Scene,fukuoka-tech-scene,,,,
Startups & Innovation,startups-innovation,39,Startup Ecosystems by City & Region,startup-ecosystems-by-city-region,136,Seoul Tech Ecosystem,seoul-tech-ecosystem,,,,
Startups & Innovation,startups-innovation,39,Startup Ecosystems by City & Region,startup-ecosystems-by-city-region,137,Busan Tech Scene,busan-tech-scene,,,,
Startups & Innovation,startups-innovation,39,Startup Ecosystems by City & Region,startup-ecosystems-by-city-region,138,Beijing Tech Scene,beijing-tech-scene,,,,
Startups & Innovation,startups-innovation,39,Startup Ecosystems by City & Region,startup-ecosystems-by-city-region,139,Shanghai Tech Scene,shanghai-tech-scene,,,,
Startups & Innovation,startups-innovation,39,Startup Ecosystems by City & Region,startup-ecosystems-by-city-region,140,Shenzhen Tech Hub,shenzhen-tech-hub,,,,
Startups & Innovation,startups-innovation,39,Startup Ecosystems by City & Region,startup-ecosystems-by-city-region,141,Hangzhou Tech Hub,hangzhou-tech-hub,,,,
Startups & Innovation,startups-innovation,39,Startup Ecosystems by City & Region,startup-ecosystems-by-city-region,142,Hong Kong Tech Scene,hong-kong-tech-scene,,,,
Startups & Innovation,startups-innovation,39,Startup Ecosystems by City & Region,startup-ecosystems-by-city-region,143,Taipei Tech Scene,taipei-tech-scene,,,,
Startups & Innovation,startups-innovation,39,Startup Ecosystems by City & Region,startup-ecosystems-by-city-region,144,Sydney Startup Ecosystem,sydney-startup-ecosystem,1,Asia-Pacific Startups,Sydney Startups,asia-pacific-startups-sydney-startups
Startups & Innovation,startups-innovation,39,Startup Ecosystems by City & Region,startup-ecosystems-by-city-region,145,Melbourne Tech Scene,melbourne-tech-scene,,,,
Startups & Innovation,startups-innovation,39,Startup Ecosystems by City & Region,startup-ecosystems-by-city-region,146,Brisbane Tech Scene,brisbane-tech-scene,,,,
Startups & Innovation,startups-innovation,39,Startup Ecosystems by City & Region,startup-ecosystems-by-city-region,147,Perth Tech Scene,perth-tech-scene,,,,
Startups & Innovation,startups-innovation,39,Startup Ecosystems by City & Region,startup-ecosystems-by-city-region,148,Auckland Tech Scene,auckland-tech-scene,,,,
Startups & Innovation,startups-innovation,39,Startup Ecosystems by City & Region,startup-ecosystems-by-city-region,149,Wellington Tech Scene,wellington-tech-scene,,,,
Startups & Innovation,startups-innovation,40,"Government, Civic & Public Sector Startups",government-civic-public-sector-startups,1,GovTech Startups,govtech-startups,,,,
Startups & Innovation,startups-innovation,40,"Government, Civic & Public Sector Startups",government-civic-public-sector-startups,2,Civic Tech Startups,civic-tech-startups,,,,
Startups & Innovation,startups-innovation,40,"Government, Civic & Public Sector Startups",government-civic-public-sector-startups,3,Citizen Engagement Startups,citizen-engagement-startups,,,,
Startups & Innovation,startups-innovation,40,"Government, Civic & Public Sector Startups",government-civic-public-sector-startups,4,Voting Tech Startups,voting-tech-startups,,,,
Startups & Innovation,startups-innovation,40,"Government, Civic & Public Sector Startups",government-civic-public-sector-startups,5,Election Integrity Startups,election-integrity-startups,,,,
Startups & Innovation,startups-innovation,40,"Government, Civic & Public Sector Startups",government-civic-public-sector-startups,6,Public Records Startups,public-records-startups,,,,
Startups & Innovation,startups-innovation,40,"Government, Civic & Public Sector Startups",government-civic-public-sector-startups,7,Permit Tech Startups,permit-tech-startups,,,,
Startups & Innovation,startups-innovation,40,"Government, Civic & Public Sector Startups",government-civic-public-sector-startups,8,Code Enforcement Tech,code-enforcement-tech,,,,
Startups & Innovation,startups-innovation,40,"Government, Civic & Public Sector Startups",government-civic-public-sector-startups,9,Building Department Tech,building-department-tech,,,,
Startups & Innovation,startups-innovation,40,"Government, Civic & Public Sector Startups",government-civic-public-sector-startups,10,311 Service Request Startups,311-service-request-startups,,,,
Startups & Innovation,startups-innovation,40,"Government, Civic & Public Sector Startups",government-civic-public-sector-startups,11,Public Notification Startups,public-notification-startups,,,,
Startups & Innovation,startups-innovation,40,"Government, Civic & Public Sector Startups",government-civic-public-sector-startups,12,Mass Alert Startups,mass-alert-startups,,,,
Startups & Innovation,startups-innovation,40,"Government, Civic & Public Sector Startups",government-civic-public-sector-startups,13,Emergency Response Tech,emergency-response-tech,,,,
Startups & Innovation,startups-innovation,40,"Government, Civic & Public Sector Startups",government-civic-public-sector-startups,14,911 Tech Startups,911-tech-startups,,,,
Startups & Innovation,startups-innovation,40,"Government, Civic & Public Sector Startups",government-civic-public-sector-startups,15,Public Safety Tech,public-safety-tech,,,,
Startups & Innovation,startups-innovation,40,"Government, Civic & Public Sector Startups",government-civic-public-sector-startups,16,Police Tech Startups,police-tech-startups,,,,
Startups & Innovation,startups-innovation,40,"Government, Civic & Public Sector Startups",government-civic-public-sector-startups,17,Body Camera Tech,body-camera-tech,,,,
Startups & Innovation,startups-innovation,40,"Government, Civic & Public Sector Startups",government-civic-public-sector-startups,18,Evidence Management Tech,evidence-management-tech,1,Event Innovation,Event Management Platform,event-innovation-event-management-platform
Startups & Innovation,startups-innovation,40,"Government, Civic & Public Sector Startups",government-civic-public-sector-startups,18,Evidence Management Tech,evidence-management-tech,2,Event Innovation,Venue Management,event-innovation-venue-management
Startups & Innovation,startups-innovation,40,"Government, Civic & Public Sector Startups",government-civic-public-sector-startups,18,Evidence Management Tech,evidence-management-tech,3,Marketing Technology,Consent Management,marketing-technology-consent-management
Startups & Innovation,startups-innovation,40,"Government, Civic & Public Sector Startups",government-civic-public-sector-startups,19,Court Tech Startups,court-tech-startups,1,Legal Innovation Startups,Court Tech,legal-innovation-startups-court-tech
Startups & Innovation,startups-innovation,40,"Government, Civic & Public Sector Startups",government-civic-public-sector-startups,20,Public Defender Tech,public-defender-tech,,,,
Startups & Innovation,startups-innovation,40,"Government, Civic & Public Sector Startups",government-civic-public-sector-startups,21,Probation Tech,probation-tech,,,,
Startups & Innovation,startups-innovation,40,"Government, Civic & Public Sector Startups",government-civic-public-sector-startups,22,Corrections Tech Startups,corrections-tech-startups,,,,
Startups & Innovation,startups-innovation,40,"Government, Civic & Public Sector Startups",government-civic-public-sector-startups,23,Reentry Tech Startups,reentry-tech-startups,,,,
Startups & Innovation,startups-innovation,40,"Government, Civic & Public Sector Startups",government-civic-public-sector-startups,24,Pretrial Tech Startups,pretrial-tech-startups,,,,
Startups & Innovation,startups-innovation,40,"Government, Civic & Public Sector Startups",government-civic-public-sector-startups,25,Census Tech Startups,census-tech-startups,,,,
Startups & Innovation,startups-innovation,40,"Government, Civic & Public Sector Startups",government-civic-public-sector-startups,26,Tax Filing for Government,tax-filing-for-government,,,,
Startups & Innovation,startups-innovation,40,"Government, Civic & Public Sector Startups",government-civic-public-sector-startups,27,Public Benefits Tech,public-benefits-tech,,,,
Startups & Innovation,startups-innovation,40,"Government, Civic & Public Sector Startups",government-civic-public-sector-startups,28,SNAP Tech Startups,snap-tech-startups,,,,
Startups & Innovation,startups-innovation,40,"Government, Civic & Public Sector Startups",government-civic-public-sector-startups,29,Medicaid Tech Startups,medicaid-tech-startups,,,,
Startups & Innovation,startups-innovation,40,"Government, Civic & Public Sector Startups",government-civic-public-sector-startups,30,Unemployment Tech Startups,unemployment-tech-startups,,,,
Startups & Innovation,startups-innovation,40,"Government, Civic & Public Sector Startups",government-civic-public-sector-startups,31,Disaster Response Tech,disaster-response-tech,,,,
Startups & Innovation,startups-innovation,40,"Government, Civic & Public Sector Startups",government-civic-public-sector-startups,32,FEMA Tech Startups,fema-tech-startups,,,,
Startups & Innovation,startups-innovation,40,"Government, Civic & Public Sector Startups",government-civic-public-sector-startups,33,Climate Adaptation Civic Tech,climate-adaptation-civic-tech,,,,
Startups & Innovation,startups-innovation,40,"Government, Civic & Public Sector Startups",government-civic-public-sector-startups,34,Smart City Startups,smart-city-startups,,,,
Startups & Innovation,startups-innovation,40,"Government, Civic & Public Sector Startups",government-civic-public-sector-startups,35,Connected City Startups,connected-city-startups,,,,
Startups & Innovation,startups-innovation,40,"Government, Civic & Public Sector Startups",government-civic-public-sector-startups,36,Urban Planning Tech,urban-planning-tech,,,,
Startups & Innovation,startups-innovation,40,"Government, Civic & Public Sector Startups",government-civic-public-sector-startups,37,Public Transit Optimization Startups,public-transit-optimization-startups,,,,
Startups & Innovation,startups-innovation,40,"Government, Civic & Public Sector Startups",government-civic-public-sector-startups,38,Smart Streetlight Startups,smart-streetlight-startups,,,,
Startups & Innovation,startups-innovation,40,"Government, Civic & Public Sector Startups",government-civic-public-sector-startups,39,Public WiFi Startups,public-wifi-startups,,,,
Startups & Innovation,startups-innovation,40,"Government, Civic & Public Sector Startups",government-civic-public-sector-startups,40,Waste Management Tech for Cities,waste-management-tech-for-cities,1,Sustainability,Waste Management,sustainability-waste-management
Startups & Innovation,startups-innovation,40,"Government, Civic & Public Sector Startups",government-civic-public-sector-startups,41,Air Quality Monitoring for Cities,air-quality-monitoring-for-cities,,,,
Startups & Innovation,startups-innovation,41,"Defense, Security & Geopolitical Tech Startups",defense-security-geopolitical-tech-startups,1,Defense Tech Startups,defense-tech-startups,,,,
Startups & Innovation,startups-innovation,41,"Defense, Security & Geopolitical Tech Startups",defense-security-geopolitical-tech-startups,2,Dual-Use Tech Startups,dual-use-tech-startups,,,,
Startups & Innovation,startups-innovation,41,"Defense, Security & Geopolitical Tech Startups",defense-security-geopolitical-tech-startups,3,Counter-Drone Tech Startups,counter-drone-tech-startups,,,,
Startups & Innovation,startups-innovation,41,"Defense, Security & Geopolitical Tech Startups",defense-security-geopolitical-tech-startups,4,Drone Swarm Startups,drone-swarm-startups,,,,
Startups & Innovation,startups-innovation,41,"Defense, Security & Geopolitical Tech Startups",defense-security-geopolitical-tech-startups,5,Loitering Munition Startups,loitering-munition-startups,,,,
Startups & Innovation,startups-innovation,41,"Defense, Security & Geopolitical Tech Startups",defense-security-geopolitical-tech-startups,6,Autonomous Weapons Tech,autonomous-weapons-tech,,,,
Startups & Innovation,startups-innovation,41,"Defense, Security & Geopolitical Tech Startups",defense-security-geopolitical-tech-startups,7,Unmanned Ground Vehicle Startups,unmanned-ground-vehicle-startups,,,,
Startups & Innovation,startups-innovation,41,"Defense, Security & Geopolitical Tech Startups",defense-security-geopolitical-tech-startups,8,Unmanned Surface Vehicle Startups,unmanned-surface-vehicle-startups,,,,
Startups & Innovation,startups-innovation,41,"Defense, Security & Geopolitical Tech Startups",defense-security-geopolitical-tech-startups,9,Unmanned Underwater Vehicle Startups,unmanned-underwater-vehicle-startups,,,,
Startups & Innovation,startups-innovation,41,"Defense, Security & Geopolitical Tech Startups",defense-security-geopolitical-tech-startups,10,Battlefield AI Startups,battlefield-ai-startups,,,,
Startups & Innovation,startups-innovation,41,"Defense, Security & Geopolitical Tech Startups",defense-security-geopolitical-tech-startups,11,C2 System Startups,c2-system-startups,,,,
Startups & Innovation,startups-innovation,41,"Defense, Security & Geopolitical Tech Startups",defense-security-geopolitical-tech-startups,12,ISR Tech Startups,isr-tech-startups,,,,
Startups & Innovation,startups-innovation,41,"Defense, Security & Geopolitical Tech Startups",defense-security-geopolitical-tech-startups,13,Satellite Intelligence Startups,satellite-intelligence-startups,,,,
Startups & Innovation,startups-innovation,41,"Defense, Security & Geopolitical Tech Startups",defense-security-geopolitical-tech-startups,14,Open Source Intelligence Startups,open-source-intelligence-startups,,,,
Startups & Innovation,startups-innovation,41,"Defense, Security & Geopolitical Tech Startups",defense-security-geopolitical-tech-startups,15,Geopolitical Risk Startups,geopolitical-risk-startups,,,,
Startups & Innovation,startups-innovation,41,"Defense, Security & Geopolitical Tech Startups",defense-security-geopolitical-tech-startups,16,Sanctions Tech Startups,sanctions-tech-startups,,,,
Startups & Innovation,startups-innovation,41,"Defense, Security & Geopolitical Tech Startups",defense-security-geopolitical-tech-startups,17,Export Controls Tech,export-controls-tech,,,,
Startups & Innovation,startups-innovation,41,"Defense, Security & Geopolitical Tech Startups",defense-security-geopolitical-tech-startups,18,Supply Chain Risk Tech,supply-chain-risk-tech,,,,
Startups & Innovation,startups-innovation,41,"Defense, Security & Geopolitical Tech Startups",defense-security-geopolitical-tech-startups,19,Critical Minerals Tech,critical-minerals-tech,,,,
Startups & Innovation,startups-innovation,41,"Defense, Security & Geopolitical Tech Startups",defense-security-geopolitical-tech-startups,20,Rare Earth Tech Startups,rare-earth-tech-startups,,,,
Startups & Innovation,startups-innovation,41,"Defense, Security & Geopolitical Tech Startups",defense-security-geopolitical-tech-startups,21,Nuclear Materials Tech,nuclear-materials-tech,,,,
Startups & Innovation,startups-innovation,41,"Defense, Security & Geopolitical Tech Startups",defense-security-geopolitical-tech-startups,22,Cyber Warfare Tech,cyber-warfare-tech,,,,
Startups & Innovation,startups-innovation,41,"Defense, Security & Geopolitical Tech Startups",defense-security-geopolitical-tech-startups,23,National Security AI,national-security-ai,,,,
Startups & Innovation,startups-innovation,41,"Defense, Security & Geopolitical Tech Startups",defense-security-geopolitical-tech-startups,24,Border Security Tech,border-security-tech,,,,
Startups & Innovation,startups-innovation,41,"Defense, Security & Geopolitical Tech Startups",defense-security-geopolitical-tech-startups,25,Maritime Domain Awareness Startups,maritime-domain-awareness-startups,,,,
Startups & Innovation,startups-innovation,41,"Defense, Security & Geopolitical Tech Startups",defense-security-geopolitical-tech-startups,26,Hypersonic Defense Startups,hypersonic-defense-startups,,,,
Startups & Innovation,startups-innovation,41,"Defense, Security & Geopolitical Tech Startups",defense-security-geopolitical-tech-startups,27,Missile Defense Tech,missile-defense-tech,,,,
Startups & Innovation,startups-innovation,41,"Defense, Security & Geopolitical Tech Startups",defense-security-geopolitical-tech-startups,28,Battlefield Communications Startups,battlefield-communications-startups,,,,
Startups & Innovation,startups-innovation,41,"Defense, Security & Geopolitical Tech Startups",defense-security-geopolitical-tech-startups,29,Tactical Network Startups,tactical-network-startups,,,,
Startups & Innovation,startups-innovation,41,"Defense, Security & Geopolitical Tech Startups",defense-security-geopolitical-tech-startups,30,Soldier Wearable Startups,soldier-wearable-startups,,,,
Startups & Innovation,startups-innovation,41,"Defense, Security & Geopolitical Tech Startups",defense-security-geopolitical-tech-startups,31,Military Logistics Tech,military-logistics-tech,,,,
Startups & Innovation,startups-innovation,41,"Defense, Security & Geopolitical Tech Startups",defense-security-geopolitical-tech-startups,32,Veteran Reintegration Tech,veteran-reintegration-tech,,,,
Startups & Innovation,startups-innovation,42,"Sports, Esports & Athletic Performance Startups",sports-esports-athletic-performance-startups,1,Sports Tech Startups,sports-tech-startups,,,,
Startups & Innovation,startups-innovation,42,"Sports, Esports & Athletic Performance Startups",sports-esports-athletic-performance-startups,2,Athletic Performance Startups,athletic-performance-startups,,,,
Startups & Innovation,startups-innovation,42,"Sports, Esports & Athletic Performance Startups",sports-esports-athletic-performance-startups,3,Wearable Performance Tech,wearable-performance-tech,,,,
Startups & Innovation,startups-innovation,42,"Sports, Esports & Athletic Performance Startups",sports-esports-athletic-performance-startups,4,Sports Analytics Startups,sports-analytics-startups,,,,
Startups & Innovation,startups-innovation,42,"Sports, Esports & Athletic Performance Startups",sports-esports-athletic-performance-startups,5,Player Tracking Startups,player-tracking-startups,,,,
Startups & Innovation,startups-innovation,42,"Sports, Esports & Athletic Performance Startups",sports-esports-athletic-performance-startups,6,Computer Vision Sports Startups,computer-vision-sports-startups,,,,
Startups & Innovation,startups-innovation,42,"Sports, Esports & Athletic Performance Startups",sports-esports-athletic-performance-startups,7,Sports Video Analysis Startups,sports-video-analysis-startups,,,,
Startups & Innovation,startups-innovation,42,"Sports, Esports & Athletic Performance Startups",sports-esports-athletic-performance-startups,8,Sports Coaching App Startups,sports-coaching-app-startups,,,,
Startups & Innovation,startups-innovation,42,"Sports, Esports & Athletic Performance Startups",sports-esports-athletic-performance-startups,9,Youth Sports Tech,youth-sports-tech,,,,
Startups & Innovation,startups-innovation,42,"Sports, Esports & Athletic Performance Startups",sports-esports-athletic-performance-startups,10,Team Management Apps,team-management-apps,,,,
Startups & Innovation,startups-innovation,42,"Sports, Esports & Athletic Performance Startups",sports-esports-athletic-performance-startups,11,League Management Startups,league-management-startups,,,,
Startups & Innovation,startups-innovation,42,"Sports, Esports & Athletic Performance Startups",sports-esports-athletic-performance-startups,12,Tournament Bracket Startups,tournament-bracket-startups,,,,
Startups & Innovation,startups-innovation,42,"Sports, Esports & Athletic Performance Startups",sports-esports-athletic-performance-startups,13,Sports Officiating Tech,sports-officiating-tech,,,,
Startups & Innovation,startups-innovation,42,"Sports, Esports & Athletic Performance Startups",sports-esports-athletic-performance-startups,14,Sports Gambling Tech,sports-gambling-tech,,,,
Startups & Innovation,startups-innovation,42,"Sports, Esports & Athletic Performance Startups",sports-esports-athletic-performance-startups,15,Daily Fantasy Sports Tech,daily-fantasy-sports-tech,,,,
Startups & Innovation,startups-innovation,42,"Sports, Esports & Athletic Performance Startups",sports-esports-athletic-performance-startups,16,Sports Betting Startups,sports-betting-startups,,,,
Startups & Innovation,startups-innovation,42,"Sports, Esports & Athletic Performance Startups",sports-esports-athletic-performance-startups,17,Sports Streaming Startups,sports-streaming-startups,,,,
Startups & Innovation,startups-innovation,42,"Sports, Esports & Athletic Performance Startups",sports-esports-athletic-performance-startups,18,Sports Highlight Startups,sports-highlight-startups,,,,
Startups & Innovation,startups-innovation,42,"Sports, Esports & Athletic Performance Startups",sports-esports-athletic-performance-startups,19,Sports Trading Card Startups,sports-trading-card-startups,,,,
Startups & Innovation,startups-innovation,42,"Sports, Esports & Athletic Performance Startups",sports-esports-athletic-performance-startups,20,Athlete Branding Startups,athlete-branding-startups,,,,
Startups & Innovation,startups-innovation,42,"Sports, Esports & Athletic Performance Startups",sports-esports-athletic-performance-startups,21,NIL Tech Startups,nil-tech-startups,,,,
Startups & Innovation,startups-innovation,42,"Sports, Esports & Athletic Performance Startups",sports-esports-athletic-performance-startups,22,College Athlete Marketplaces,college-athlete-marketplaces,,,,
Startups & Innovation,startups-innovation,42,"Sports, Esports & Athletic Performance Startups",sports-esports-athletic-performance-startups,23,Esports Team Startups,esports-team-startups,,,,
Startups & Innovation,startups-innovation,42,"Sports, Esports & Athletic Performance Startups",sports-esports-athletic-performance-startups,24,Esports Coaching Startups,esports-coaching-startups,,,,
Startups & Innovation,startups-innovation,42,"Sports, Esports & Athletic Performance Startups",sports-esports-athletic-performance-startups,25,Esports Analytics Startups,esports-analytics-startups,,,,
Startups & Innovation,startups-innovation,42,"Sports, Esports & Athletic Performance Startups",sports-esports-athletic-performance-startups,26,Esports Tournament Startups,esports-tournament-startups,,,,
Startups & Innovation,startups-innovation,42,"Sports, Esports & Athletic Performance Startups",sports-esports-athletic-performance-startups,27,Sim Racing Startups,sim-racing-startups,,,,
Startups & Innovation,startups-innovation,42,"Sports, Esports & Athletic Performance Startups",sports-esports-athletic-performance-startups,28,Fantasy Sports Tools,fantasy-sports-tools,,,,
Startups & Innovation,startups-innovation,42,"Sports, Esports & Athletic Performance Startups",sports-esports-athletic-performance-startups,29,Pickleball Tech Startups,pickleball-tech-startups,,,,
Startups & Innovation,startups-innovation,42,"Sports, Esports & Athletic Performance Startups",sports-esports-athletic-performance-startups,30,Golf Tech Startups,golf-tech-startups,,,,
Startups & Innovation,startups-innovation,42,"Sports, Esports & Athletic Performance Startups",sports-esports-athletic-performance-startups,31,Tennis Tech Startups,tennis-tech-startups,,,,
Startups & Innovation,startups-innovation,42,"Sports, Esports & Athletic Performance Startups",sports-esports-athletic-performance-startups,32,Soccer Tech Startups,soccer-tech-startups,,,,
Startups & Innovation,startups-innovation,42,"Sports, Esports & Athletic Performance Startups",sports-esports-athletic-performance-startups,33,Basketball Tech Startups,basketball-tech-startups,,,,
Startups & Innovation,startups-innovation,42,"Sports, Esports & Athletic Performance Startups",sports-esports-athletic-performance-startups,34,Football Tech Startups,football-tech-startups,,,,
Startups & Innovation,startups-innovation,42,"Sports, Esports & Athletic Performance Startups",sports-esports-athletic-performance-startups,35,Baseball Tech Startups,baseball-tech-startups,,,,
Startups & Innovation,startups-innovation,42,"Sports, Esports & Athletic Performance Startups",sports-esports-athletic-performance-startups,36,Hockey Tech Startups,hockey-tech-startups,,,,
Startups & Innovation,startups-innovation,42,"Sports, Esports & Athletic Performance Startups",sports-esports-athletic-performance-startups,37,Cricket Tech Startups,cricket-tech-startups,,,,
Startups & Innovation,startups-innovation,42,"Sports, Esports & Athletic Performance Startups",sports-esports-athletic-performance-startups,38,Combat Sports Tech,combat-sports-tech,,,,
Startups & Innovation,startups-innovation,42,"Sports, Esports & Athletic Performance Startups",sports-esports-athletic-performance-startups,39,Outdoor Recreation Tech,outdoor-recreation-tech,,,,
Startups & Innovation,startups-innovation,42,"Sports, Esports & Athletic Performance Startups",sports-esports-athletic-performance-startups,40,Surfing Tech Startups,surfing-tech-startups,,,,
Startups & Innovation,startups-innovation,42,"Sports, Esports & Athletic Performance Startups",sports-esports-athletic-performance-startups,41,Snow Sports Tech,snow-sports-tech,,,,
Startups & Innovation,startups-innovation,43,"Music, Audio & Sonic Startups",music-audio-sonic-startups,1,Music Tech Startups,music-tech-startups,,,,
Startups & Innovation,startups-innovation,43,"Music, Audio & Sonic Startups",music-audio-sonic-startups,2,Music Production Tech,music-production-tech,,,,
Startups & Innovation,startups-innovation,43,"Music, Audio & Sonic Startups",music-audio-sonic-startups,3,Music Discovery Startups,music-discovery-startups,,,,
Startups & Innovation,startups-innovation,43,"Music, Audio & Sonic Startups",music-audio-sonic-startups,4,Music Streaming Startups,music-streaming-startups,,,,
Startups & Innovation,startups-innovation,43,"Music, Audio & Sonic Startups",music-audio-sonic-startups,5,Niche Music Streaming,niche-music-streaming,,,,
Startups & Innovation,startups-innovation,43,"Music, Audio & Sonic Startups",music-audio-sonic-startups,6,Hi-Res Audio Startups,hi-res-audio-startups,,,,
Startups & Innovation,startups-innovation,43,"Music, Audio & Sonic Startups",music-audio-sonic-startups,7,Spatial Audio Startups,spatial-audio-startups,,,,
Startups & Innovation,startups-innovation,43,"Music, Audio & Sonic Startups",music-audio-sonic-startups,8,Music Lesson Marketplaces,music-lesson-marketplaces,,,,
Startups & Innovation,startups-innovation,43,"Music, Audio & Sonic Startups",music-audio-sonic-startups,9,Music Theory App Startups,music-theory-app-startups,,,,
Startups & Innovation,startups-innovation,43,"Music, Audio & Sonic Startups",music-audio-sonic-startups,10,Sheet Music Startups,sheet-music-startups,,,,
Startups & Innovation,startups-innovation,43,"Music, Audio & Sonic Startups",music-audio-sonic-startups,11,Music Notation Tech,music-notation-tech,,,,
Startups & Innovation,startups-innovation,43,"Music, Audio & Sonic Startups",music-audio-sonic-startups,12,DAW Plugin Startups,daw-plugin-startups,,,,
Startups & Innovation,startups-innovation,43,"Music, Audio & Sonic Startups",music-audio-sonic-startups,13,Synthesizer Plugin Startups,synthesizer-plugin-startups,,,,
Startups & Innovation,startups-innovation,43,"Music, Audio & Sonic Startups",music-audio-sonic-startups,14,Sample Library Startups,sample-library-startups,,,,
Startups & Innovation,startups-innovation,43,"Music, Audio & Sonic Startups",music-audio-sonic-startups,15,Music Royalty Startups,music-royalty-startups,,,,
Startups & Innovation,startups-innovation,43,"Music, Audio & Sonic Startups",music-audio-sonic-startups,16,Music Publishing Tech,music-publishing-tech,,,,
Startups & Innovation,startups-innovation,43,"Music, Audio & Sonic Startups",music-audio-sonic-startups,17,Stem Mastering Startups,stem-mastering-startups,,,,
Startups & Innovation,startups-innovation,43,"Music, Audio & Sonic Startups",music-audio-sonic-startups,18,AI Mixing Startups,ai-mixing-startups,,,,
Startups & Innovation,startups-innovation,43,"Music, Audio & Sonic Startups",music-audio-sonic-startups,19,Karaoke Tech Startups,karaoke-tech-startups,,,,
Startups & Innovation,startups-innovation,43,"Music, Audio & Sonic Startups",music-audio-sonic-startups,20,Live Performance Tech,live-performance-tech,,,,
Startups & Innovation,startups-innovation,43,"Music, Audio & Sonic Startups",music-audio-sonic-startups,21,Concert Streaming Startups,concert-streaming-startups,,,,
Startups & Innovation,startups-innovation,43,"Music, Audio & Sonic Startups",music-audio-sonic-startups,22,Virtual Concert Startups,virtual-concert-startups,,,,
Startups & Innovation,startups-innovation,43,"Music, Audio & Sonic Startups",music-audio-sonic-startups,23,Music Merchandise Startups,music-merchandise-startups,,,,
Startups & Innovation,startups-innovation,43,"Music, Audio & Sonic Startups",music-audio-sonic-startups,24,Vinyl Tech Startups,vinyl-tech-startups,,,,
Startups & Innovation,startups-innovation,43,"Music, Audio & Sonic Startups",music-audio-sonic-startups,25,Indie Label Tech,indie-label-tech,,,,
Startups & Innovation,startups-innovation,43,"Music, Audio & Sonic Startups",music-audio-sonic-startups,26,Artist Management Tech,artist-management-tech,,,,
Startups & Innovation,startups-innovation,43,"Music, Audio & Sonic Startups",music-audio-sonic-startups,27,Music Crowdfunding Startups,music-crowdfunding-startups,,,,
Startups & Innovation,startups-innovation,43,"Music, Audio & Sonic Startups",music-audio-sonic-startups,28,Music DAO Startups,music-dao-startups,,,,
Startups & Innovation,startups-innovation,43,"Music, Audio & Sonic Startups",music-audio-sonic-startups,29,Audio Branding Startups,audio-branding-startups,,,,
Startups & Innovation,startups-innovation,43,"Music, Audio & Sonic Startups",music-audio-sonic-startups,30,Sonic Logo Startups,sonic-logo-startups,,,,
Startups & Innovation,startups-innovation,43,"Music, Audio & Sonic Startups",music-audio-sonic-startups,31,Podcast Tech Startups,podcast-tech-startups,,,,
Startups & Innovation,startups-innovation,43,"Music, Audio & Sonic Startups",music-audio-sonic-startups,32,Podcast Monetization Startups,podcast-monetization-startups,,,,
Startups & Innovation,startups-innovation,43,"Music, Audio & Sonic Startups",music-audio-sonic-startups,33,Audiobook Production Tech,audiobook-production-tech,,,,
Startups & Innovation,startups-innovation,43,"Music, Audio & Sonic Startups",music-audio-sonic-startups,34,Voice Acting Marketplaces,voice-acting-marketplaces,,,,
